split,threshold,far,frr,tar,tnr
train,inf,0.0,1.0,0.0,1.0
train,0.9983219,0.0,0.9998547988964717,0.0001452011035283868,1.0
train,0.74130034,0.0,0.6763467402352258,0.3236532597647742,1.0
train,0.7412335,0.0,0.676056338028169,0.323943661971831,1.0
train,0.6404238,0.0,0.4023522578771599,0.5976477421228401,1.0
train,0.6403957,0.0,0.4020618556701031,0.5979381443298969,1.0
train,0.63587177,0.0,0.39276898504428637,0.6072310149557136,1.0
train,0.6356872,0.0001452011035283868,0.39276898504428637,0.6072310149557136,0.9998547988964717
train,0.627665,0.0001452011035283868,0.37549005372440836,0.6245099462755916,0.9998547988964717
train,0.62765884,0.0002904022070567736,0.37549005372440836,0.6245099462755916,0.9997095977929432
train,0.6236614,0.0002904022070567736,0.36735879192681864,0.6326412080731814,0.9997095977929432
train,0.62364376,0.00043560331058516046,0.36735879192681864,0.6326412080731814,0.9995643966894149
train,0.61675316,0.00043560331058516046,0.3524030782633948,0.6475969217366052,0.9995643966894149
train,0.6167508,0.0005808044141135473,0.3524030782633948,0.6475969217366052,0.9994191955858864
train,0.61026704,0.0005808044141135473,0.3373021634964426,0.6626978365035574,0.9994191955858864
train,0.61023015,0.000726005517641934,0.3373021634964426,0.6626978365035574,0.9992739944823581
train,0.6101582,0.000726005517641934,0.3370117612893858,0.6629882387106142,0.9992739944823581
train,0.61004555,0.0008712066211703209,0.3370117612893858,0.6629882387106142,0.9991287933788296
train,0.60593015,0.0008712066211703209,0.3285900972847393,0.6714099027152607,0.9991287933788296
train,0.6057528,0.0010164077246987077,0.3285900972847393,0.6714099027152607,0.9989835922753013
train,0.5991905,0.0010164077246987077,0.3137795847248439,0.6862204152751561,0.9989835922753013
train,0.59910274,0.0011616088282270945,0.3137795847248439,0.6862204152751561,0.9988383911717729
train,0.58165115,0.0011616088282270945,0.2845941629156381,0.7154058370843619,0.9988383911717729
train,0.58148736,0.001452011035283868,0.2845941629156381,0.7154058370843619,0.9985479889647161
train,0.57837343,0.001452011035283868,0.27733410773921885,0.7226658922607812,0.9985479889647161
train,0.5782782,0.001597212138812255,0.27733410773921885,0.7226658922607812,0.9984027878611877
train,0.5762517,0.001597212138812255,0.27312327573689565,0.7268767242631043,0.9984027878611877
train,0.5762404,0.0017424132423406419,0.27312327573689565,0.7268767242631043,0.9982575867576594
train,0.5738581,0.0017424132423406419,0.26891244373457235,0.7310875562654277,0.9982575867576594
train,0.5738373,0.0018876143458690286,0.26891244373457235,0.7310875562654277,0.998112385654131
train,0.5716853,0.0018876143458690286,0.26542761724989106,0.7345723827501089,0.998112385654131
train,0.57168436,0.0020328154493974154,0.26542761724989106,0.7345723827501089,0.9979671845506026
train,0.570462,0.0020328154493974154,0.26223319297226655,0.7377668070277335,0.9979671845506026
train,0.5704218,0.0021780165529258024,0.26223319297226655,0.7377668070277335,0.9978219834470742
train,0.56840223,0.0021780165529258024,0.2574415565558298,0.7425584434441702,0.9978219834470742
train,0.5683267,0.002323217656454189,0.2574415565558298,0.7425584434441702,0.9976767823435458
train,0.55904615,0.002323217656454189,0.24248584289240593,0.7575141571075941,0.9976767823435458
train,0.5590238,0.002468418759982576,0.24248584289240593,0.7575141571075941,0.9975315812400174
train,0.55872005,0.002468418759982576,0.2413242340641789,0.7586757659358211,0.9975315812400174
train,0.55867004,0.0026136198635109626,0.2413242340641789,0.7586757659358211,0.9973863801364891
train,0.556578,0.0026136198635109626,0.23711340206185572,0.7628865979381443,0.9973863801364891
train,0.55640894,0.0027588209670393496,0.23711340206185572,0.7628865979381443,0.9972411790329606
train,0.5493429,0.0027588209670393496,0.2265137215042834,0.7734862784957166,0.9972411790329606
train,0.54925567,0.002904022070567736,0.2265137215042834,0.7734862784957166,0.9970959779294323
train,0.54861623,0.002904022070567736,0.22520691157252792,0.7747930884274721,0.9970959779294323
train,0.54854625,0.003049223174096123,0.22520691157252792,0.7747930884274721,0.9969507768259038
train,0.54269284,0.003049223174096123,0.21518803542906928,0.7848119645709307,0.9969507768259038
train,0.5425609,0.00319442427762451,0.21518803542906928,0.7848119645709307,0.9968055757223755
train,0.539979,0.00319442427762451,0.2106868012196893,0.7893131987803107,0.9968055757223755
train,0.53994584,0.0033396253811528967,0.2106868012196893,0.7893131987803107,0.9966603746188472
train,0.53976846,0.0033396253811528967,0.21025119790910407,0.7897488020908959,0.9966603746188472
train,0.5397632,0.0034848264846812837,0.21025119790910407,0.7897488020908959,0.9965151735153187
train,0.53349906,0.0034848264846812837,0.20110352838681578,0.7988964716131842,0.9965151735153187
train,0.5334228,0.0036300275882096703,0.20110352838681578,0.7988964716131842,0.9963699724117904
train,0.52957684,0.0036300275882096703,0.19544068534920866,0.8045593146507913,0.9963699724117904
train,0.5293987,0.0037752286917380573,0.19544068534920866,0.8045593146507913,0.9962247713082619
train,0.5264714,0.0037752286917380573,0.19122985334688547,0.8087701466531145,0.9962247713082619
train,0.5264501,0.003920429795266444,0.19122985334688547,0.8087701466531145,0.9960795702047336
train,0.52215827,0.003920429795266444,0.1839697981704661,0.8160302018295339,0.9960795702047336
train,0.5221357,0.004065630898794831,0.1839697981704661,0.8160302018295339,0.9959343691012051
train,0.5203125,0.004065630898794831,0.1815013794104835,0.8184986205895165,0.9959343691012051
train,0.52028596,0.004210832002323217,0.1815013794104835,0.8184986205895165,0.9957891679976768
train,0.51738584,0.004210832002323217,0.17816175402933065,0.8218382459706693,0.9957891679976768
train,0.51732904,0.004356033105851605,0.17816175402933065,0.8218382459706693,0.9956439668941484
train,0.5139234,0.004356033105851605,0.17366051981995068,0.8263394801800493,0.9956439668941484
train,0.51379055,0.0045012342093799914,0.17366051981995068,0.8263394801800493,0.99549876579062
train,0.51271284,0.0045012342093799914,0.17264411209525188,0.8273558879047481,0.99549876579062
train,0.51269895,0.004646435312908378,0.17264411209525188,0.8273558879047481,0.9953535646870916
train,0.51076794,0.004646435312908378,0.16886888340351391,0.8311311165964861,0.9953535646870916
train,0.51053315,0.004791636416436765,0.16886888340351391,0.8311311165964861,0.9952083635835632
train,0.5090173,0.004791636416436765,0.1664004646435313,0.8335995353564687,0.9952083635835632
train,0.5089268,0.004936837519965152,0.1664004646435313,0.8335995353564687,0.9950631624800349
train,0.5076654,0.004936837519965152,0.1646580514011906,0.8353419485988094,0.9950631624800349
train,0.5073071,0.005082038623493539,0.1646580514011906,0.8353419485988094,0.9949179613765065
train,0.50497705,0.005082038623493539,0.16160882822709455,0.8383911717729055,0.9949179613765065
train,0.504868,0.005227239727021925,0.16160882822709455,0.8383911717729055,0.9947727602729781
train,0.5032043,0.005227239727021925,0.1600116160882823,0.8399883839117177,0.9947727602729781
train,0.5029952,0.005372440830550313,0.1600116160882823,0.8399883839117177,0.9946275591694497
train,0.50149816,0.005372440830550313,0.1582692028459416,0.8417307971540584,0.9946275591694497
train,0.50148726,0.005517641934078699,0.1582692028459416,0.8417307971540584,0.9944823580659213
train,0.49673998,0.005517641934078699,0.1530419631189197,0.8469580368810803,0.9944823580659213
train,0.49673098,0.005662843037607086,0.1530419631189197,0.8469580368810803,0.9943371569623929
train,0.49347368,0.005662843037607086,0.1491215333236533,0.8508784666763467,0.9943371569623929
train,0.49344093,0.005808044141135472,0.1491215333236533,0.8508784666763467,0.9941919558588646
train,0.49107444,0.005808044141135472,0.14578190794250034,0.8542180920574997,0.9941919558588646
train,0.49080628,0.00595324524466386,0.14578190794250034,0.8542180920574997,0.9940467547553361
train,0.48949844,0.00595324524466386,0.14374909249310297,0.856250907506897,0.9940467547553361
train,0.48943365,0.006098446348192246,0.14374909249310297,0.856250907506897,0.9939015536518078
train,0.48377287,0.006098446348192246,0.13706984173079717,0.8629301582692028,0.9939015536518078
train,0.48328874,0.006243647451720633,0.13706984173079717,0.8629301582692028,0.9937563525482793
train,0.48050302,0.006243647451720633,0.13503702628139969,0.8649629737186003,0.9937563525482793
train,0.48048645,0.00638884855524902,0.13503702628139969,0.8649629737186003,0.993611151444751
train,0.47905636,0.00638884855524902,0.13373021634964422,0.8662697836503558,0.993611151444751
train,0.47890761,0.006534049658777407,0.13373021634964422,0.8662697836503558,0.9934659503412226
train,0.47876465,0.006534049658777407,0.13343981414258743,0.8665601858574126,0.9934659503412226
train,0.47859403,0.006679250762305793,0.13343981414258743,0.8665601858574126,0.9933207492376942
train,0.47777364,0.006679250762305793,0.13213300421083196,0.867866995789168,0.9933207492376942
train,0.47769436,0.0069696529693625674,0.13213300421083196,0.867866995789168,0.9930303470306374
train,0.47741163,0.0069696529693625674,0.1315521997967185,0.8684478002032815,0.9930303470306374
train,0.47726044,0.007114854072890954,0.1315521997967185,0.8684478002032815,0.9928851459271091
train,0.4761653,0.007114854072890954,0.1298097865543778,0.8701902134456222,0.9928851459271091
train,0.47585678,0.007260055176419341,0.1298097865543778,0.8701902134456222,0.9927399448235806
train,0.4754485,0.007260055176419341,0.12922898214026424,0.8707710178597358,0.9927399448235806
train,0.47543487,0.007405256279947728,0.12922898214026424,0.8707710178597358,0.9925947437200523
train,0.47374332,0.007405256279947728,0.12763177000145198,0.872368229998548,0.9925947437200523
train,0.47373673,0.007550457383476115,0.12763177000145198,0.872368229998548,0.9924495426165238
train,0.47362787,0.007550457383476115,0.1273413677943952,0.8726586322056048,0.9924495426165238
train,0.47332153,0.007695658487004501,0.1273413677943952,0.8726586322056048,0.9923043415129955
train,0.47217345,0.007695658487004501,0.1258893567591114,0.8741106432408886,0.9923043415129955
train,0.47214767,0.007840859590532889,0.1258893567591114,0.8741106432408886,0.9921591404094671
train,0.4693654,0.007840859590532889,0.12327573689560045,0.8767242631043995,0.9921591404094671
train,0.46915713,0.007986060694061275,0.12327573689560045,0.8767242631043995,0.9920139393059387
train,0.4690188,0.007986060694061275,0.12284013358501522,0.8771598664149848,0.9920139393059387
train,0.46868792,0.008131261797589662,0.12284013358501522,0.8771598664149848,0.9918687382024103
train,0.4680703,0.008131261797589662,0.12225932917090165,0.8777406708290983,0.9918687382024103
train,0.46772838,0.008276462901118048,0.12225932917090165,0.8777406708290983,0.991723537098882
train,0.46708322,0.008276462901118048,0.1216785247567882,0.8783214752432118,0.991723537098882
train,0.46704173,0.008421664004646435,0.1216785247567882,0.8783214752432118,0.9915783359953536
train,0.46678954,0.008421664004646435,0.12138812254973141,0.8786118774502686,0.9915783359953536
train,0.46668524,0.008566865108174821,0.12138812254973141,0.8786118774502686,0.9914331348918252
train,0.465023,0.008566865108174821,0.1199361115144475,0.8800638884855525,0.9914331348918252
train,0.46493462,0.008857267315231596,0.1199361115144475,0.8800638884855525,0.9911427326847684
train,0.46488115,0.008857267315231596,0.11979091041091916,0.8802090895890808,0.9911427326847684
train,0.4648151,0.009002468418759983,0.11979091041091916,0.8802090895890808,0.99099753158124
train,0.46361545,0.009002468418759983,0.11891970378974881,0.8810802962102512,0.99099753158124
train,0.46320227,0.00914766952228837,0.11891970378974881,0.8810802962102512,0.9908523304777116
train,0.46243864,0.00914766952228837,0.11833889937563524,0.8816611006243648,0.9908523304777116
train,0.46240053,0.009292870625816756,0.11833889937563524,0.8816611006243648,0.9907071293741833
train,0.462115,0.009292870625816756,0.1181936982721069,0.8818063017278931,0.9907071293741833
train,0.4619121,0.009438071729345143,0.1181936982721069,0.8818063017278931,0.9905619282706548
train,0.4589104,0.009438071729345143,0.1149992739944824,0.8850007260055176,0.9905619282706548
train,0.45861337,0.00958327283287353,0.1149992739944824,0.8850007260055176,0.9904167271671265
train,0.45811307,0.00958327283287353,0.11441846958036883,0.8855815304196312,0.9904167271671265
train,0.45805103,0.009728473936401917,0.11441846958036883,0.8855815304196312,0.990271526063598
train,0.45783484,0.009728473936401917,0.11412806737331205,0.885871932626688,0.990271526063598
train,0.45747116,0.009873675039930304,0.11412806737331205,0.885871932626688,0.9901263249600697
train,0.45615163,0.009873675039930304,0.11340206185567014,0.8865979381443299,0.9901263249600697
train,0.45611742,0.01001887614345869,0.11340206185567014,0.8865979381443299,0.9899811238565414
train,0.4526774,0.01001887614345869,0.10962683316393207,0.8903731668360679,0.9899811238565414
train,0.45254925,0.010164077246987077,0.10962683316393207,0.8903731668360679,0.9898359227530129
train,0.45225742,0.010164077246987077,0.10919122985334684,0.8908087701466532,0.9898359227530129
train,0.45184067,0.010309278350515464,0.10919122985334684,0.8908087701466532,0.9896907216494846
train,0.4491552,0.010309278350515464,0.1065776099898359,0.8934223900101641,0.9896907216494846
train,0.44889385,0.01045447945404385,0.1065776099898359,0.8934223900101641,0.9895455205459561
train,0.4488626,0.01045447945404385,0.10628720778277911,0.8937127922172209,0.9895455205459561
train,0.44881925,0.010599680557572237,0.10628720778277911,0.8937127922172209,0.9894003194424278
train,0.44846433,0.010599680557572237,0.10570640336866555,0.8942935966313345,0.9894003194424278
train,0.44769353,0.010890082764629012,0.10570640336866555,0.8942935966313345,0.989109917235371
train,0.44764453,0.010890082764629012,0.10556120226513721,0.8944387977348628,0.989109917235371
train,0.44744724,0.011325686075214171,0.10556120226513721,0.8944387977348628,0.9886743139247858
train,0.44649002,0.011325686075214171,0.10483519674749531,0.8951648032525047,0.9886743139247858
train,0.4461607,0.011470887178742558,0.10483519674749531,0.8951648032525047,0.9885291128212574
train,0.44527888,0.011470887178742558,0.10381878902279662,0.8961812109772034,0.9885291128212574
train,0.44456097,0.01190649048932772,0.10381878902279662,0.8961812109772034,0.9880935095106723
train,0.44414634,0.01190649048932772,0.10338318571221139,0.8966168142877886,0.9880935095106723
train,0.44370276,0.012051691592856106,0.10338318571221139,0.8966168142877886,0.9879483084071439
train,0.44183543,0.012051691592856106,0.10149557136634235,0.8985044286336576,0.9879483084071439
train,0.4416326,0.012196892696384493,0.10149557136634235,0.8985044286336576,0.9878031073036155
train,0.44122657,0.012196892696384493,0.10091476695222878,0.8990852330477712,0.9878031073036155
train,0.44113928,0.01234209379991288,0.10091476695222878,0.8990852330477712,0.9876579062000871
train,0.43923852,0.01234209379991288,0.09960795702047331,0.9003920429795267,0.9876579062000871
train,0.43919715,0.012487294903441266,0.09960795702047331,0.9003920429795267,0.9875127050965588
train,0.43734884,0.012487294903441266,0.09728473936401916,0.9027152606359808,0.9875127050965588
train,0.43715137,0.01277769711049804,0.09728473936401916,0.9027152606359808,0.987222302889502
train,0.43690854,0.01277769711049804,0.09713953826049082,0.9028604617395092,0.987222302889502
train,0.4367495,0.012922898214026427,0.09713953826049082,0.9028604617395092,0.9870771017859735
train,0.43662855,0.012922898214026427,0.09670393494990559,0.9032960650500944,0.9870771017859735
train,0.43659794,0.013068099317554814,0.09670393494990559,0.9032960650500944,0.9869319006824452
train,0.43637705,0.013068099317554814,0.09626833163932047,0.9037316683606795,0.9869319006824452
train,0.43634295,0.0132133004210832,0.09626833163932047,0.9037316683606795,0.9867866995789168
train,0.4361596,0.0132133004210832,0.09583272832873535,0.9041672716712646,0.9867866995789168
train,0.43575278,0.013358501524611587,0.09583272832873535,0.9041672716712646,0.9866414984753884
train,0.43542665,0.013358501524611587,0.09539712501815012,0.9046028749818499,0.9866414984753884
train,0.43542245,0.013503702628139973,0.09539712501815012,0.9046028749818499,0.9864962973718601
train,0.4348796,0.013503702628139973,0.09481632060403655,0.9051836793959634,0.9864962973718601
train,0.43477473,0.01364890373166836,0.09481632060403655,0.9051836793959634,0.9863510962683316
train,0.43467927,0.01364890373166836,0.09438071729345143,0.9056192827065486,0.9863510962683316
train,0.43465403,0.013794104835196748,0.09438071729345143,0.9056192827065486,0.9862058951648033
train,0.43380782,0.013794104835196748,0.09350951067228108,0.9064904893277189,0.9862058951648033
train,0.4335921,0.013939305938725135,0.09350951067228108,0.9064904893277189,0.9860606940612748
train,0.43356693,0.013939305938725135,0.09336430956875275,0.9066356904312473,0.9860606940612748
train,0.4334878,0.014084507042253521,0.09336430956875275,0.9066356904312473,0.9859154929577465
train,0.432735,0.014084507042253521,0.09292870625816751,0.9070712937418325,0.9859154929577465
train,0.43253922,0.014229708145781908,0.09292870625816751,0.9070712937418325,0.985770291854218
train,0.4324384,0.014229708145781908,0.09263830405111084,0.9073616959488892,0.985770291854218
train,0.43238845,0.014374909249310295,0.09263830405111084,0.9073616959488892,0.9856250907506897
train,0.43112838,0.014374909249310295,0.09133149411935526,0.9086685058806447,0.9856250907506897
train,0.4310855,0.014520110352838681,0.09133149411935526,0.9086685058806447,0.9854798896471613
train,0.4309751,0.014520110352838681,0.09104109191229859,0.9089589080877014,0.9854798896471613
train,0.43090507,0.014665311456367068,0.09104109191229859,0.9089589080877014,0.9853346885436329
train,0.4299507,0.014665311456367068,0.08944387977348622,0.9105561202265138,0.9853346885436329
train,0.429921,0.014810512559895456,0.08944387977348622,0.9105561202265138,0.9851894874401046
train,0.42952964,0.014810512559895456,0.08871787425584432,0.9112821257441557,0.9851894874401046
train,0.42949995,0.014955713663423843,0.08871787425584432,0.9112821257441557,0.9850442863365761
train,0.42856804,0.014955713663423843,0.08784666763467397,0.912153332365326,0.9850442863365761
train,0.4285005,0.01510091476695223,0.08784666763467397,0.912153332365326,0.9848990852330478
train,0.42842922,0.01510091476695223,0.0875562654276173,0.9124437345723827,0.9848990852330478
train,0.4283532,0.015246115870480616,0.0875562654276173,0.9124437345723827,0.9847538841295194
train,0.42789367,0.015246115870480616,0.08697546101350373,0.9130245389864963,0.9847538841295194
train,0.42775545,0.015536518077537389,0.08697546101350373,0.9130245389864963,0.9844634819224626
train,0.42681304,0.015536518077537389,0.08639465659939016,0.9136053434006098,0.9844634819224626
train,0.42675486,0.015826920284594162,0.08639465659939016,0.9136053434006098,0.9841730797154058
train,0.42563272,0.015826920284594162,0.08494264556410625,0.9150573544358938,0.9841730797154058
train,0.42501736,0.016262523595179323,0.08494264556410625,0.9150573544358938,0.9837374764048207
train,0.4246829,0.016262523595179323,0.08479744446057791,0.9152025555394221,0.9837374764048207
train,0.42456558,0.016407724698707712,0.08479744446057791,0.9152025555394221,0.9835922753012923
train,0.4243512,0.016407724698707712,0.08436184114999279,0.9156381588500072,0.9835922753012923
train,0.42361265,0.016698126905764485,0.08436184114999279,0.9156381588500072,0.9833018730942356
train,0.42269513,0.016698126905764485,0.08363583563235077,0.9163641643676492,0.9833018730942356
train,0.42252922,0.01684332800929287,0.08363583563235077,0.9163641643676492,0.9831566719907071
train,0.42194605,0.01684332800929287,0.08305503121823721,0.9169449687817628,0.9831566719907071
train,0.42170987,0.016988529112821258,0.08305503121823721,0.9169449687817628,0.9830114708871788
train,0.42157277,0.016988529112821258,0.08276462901118053,0.9172353709888195,0.9830114708871788
train,0.42152765,0.017133730216349643,0.08276462901118053,0.9172353709888195,0.9828662697836503
train,0.4212279,0.017133730216349643,0.0823290257005953,0.9176709742994047,0.9828662697836503
train,0.42119715,0.01727893131987803,0.0823290257005953,0.9176709742994047,0.982721068680122
train,0.4206109,0.01727893131987803,0.08203862349353852,0.9179613765064615,0.982721068680122
train,0.42037457,0.01742413242340642,0.08203862349353852,0.9179613765064615,0.9825758675765935
train,0.41968375,0.01742413242340642,0.08145781907942495,0.918542180920575,0.9825758675765935
train,0.4195005,0.017569333526934804,0.08145781907942495,0.918542180920575,0.9824306664730652
train,0.41738462,0.017569333526934804,0.08029621025119793,0.9197037897488021,0.9824306664730652
train,0.4172938,0.017714534630463193,0.08029621025119793,0.9197037897488021,0.9822854653695368
train,0.4171772,0.017714534630463193,0.08000580804414115,0.9199941919558589,0.9822854653695368
train,0.41707158,0.017859735733991577,0.08000580804414115,0.9199941919558589,0.9821402642660084
train,0.41557947,0.017859735733991577,0.07957020473355603,0.920429795266444,0.9821402642660084
train,0.4151488,0.018004936837519966,0.07957020473355603,0.920429795266444,0.9819950631624801
train,0.4150336,0.018004936837519966,0.07927980252649924,0.9207201974735008,0.9819950631624801
train,0.41501364,0.01829533904457674,0.07927980252649924,0.9207201974735008,0.9817046609554233
train,0.4149786,0.01829533904457674,0.0791346014229708,0.9208653985770292,0.9817046609554233
train,0.41472262,0.018440540148105127,0.0791346014229708,0.9208653985770292,0.9815594598518949
train,0.41417843,0.018440540148105127,0.07840859590532889,0.9215914040946711,0.9815594598518949
train,0.4141386,0.018585741251633512,0.07840859590532889,0.9215914040946711,0.9814142587483665
train,0.41356525,0.018585741251633512,0.07811819369827211,0.9218818063017279,0.9814142587483665
train,0.41356203,0.0187309423551619,0.07811819369827211,0.9218818063017279,0.9812690576448381
train,0.41115505,0.0187309423551619,0.07652098155945986,0.9234790184405401,0.9812690576448381
train,0.41104996,0.018876143458690285,0.07652098155945986,0.9234790184405401,0.9811238565413097
train,0.41101667,0.018876143458690285,0.07637578045593152,0.9236242195440685,0.9811238565413097
train,0.41085553,0.019021344562218673,0.07637578045593152,0.9236242195440685,0.9809786554377813
train,0.4100165,0.019021344562218673,0.0756497749382895,0.9243502250617105,0.9809786554377813
train,0.4098133,0.019311746769275447,0.0756497749382895,0.9243502250617105,0.9806882532307245
train,0.4096349,0.019311746769275447,0.07521417162770438,0.9247858283722956,0.9806882532307245
train,0.40959954,0.019456947872803835,0.07521417162770438,0.9247858283722956,0.9805430521271962
train,0.40927753,0.019456947872803835,0.07477856831711926,0.9252214316828807,0.9805430521271962
train,0.40917847,0.01960214897633222,0.07477856831711926,0.9252214316828807,0.9803978510236678
train,0.40812746,0.01960214897633222,0.07390736169594891,0.9260926383040511,0.9803978510236678
train,0.40781862,0.019892551183388993,0.07390736169594891,0.9260926383040511,0.980107448816611
train,0.4074979,0.019892551183388993,0.07361695948889213,0.9263830405111079,0.980107448816611
train,0.40722734,0.02003775228691738,0.07361695948889213,0.9263830405111079,0.9799622477130826
train,0.4065954,0.02003775228691738,0.07289095397125023,0.9271090460287498,0.9799622477130826
train,0.4064143,0.020182953390445766,0.07289095397125023,0.9271090460287498,0.9798170466095543
train,0.40537938,0.020182953390445766,0.07201974735007988,0.9279802526499201,0.9798170466095543
train,0.4046249,0.020328154493974154,0.07201974735007988,0.9279802526499201,0.9796718455060258
train,0.40322906,0.020328154493974154,0.0717293451430231,0.9282706548569769,0.9796718455060258
train,0.40311638,0.020618556701030927,0.0717293451430231,0.9282706548569769,0.979381443298969
train,0.4029705,0.020618556701030927,0.07129374183243797,0.928706258167562,0.979381443298969
train,0.40271428,0.020763757804559316,0.07129374183243797,0.928706258167562,0.9792362421954407
train,0.40173674,0.020763757804559316,0.0707129374183244,0.9292870625816756,0.9792362421954407
train,0.40164816,0.02105416001161609,0.0707129374183244,0.9292870625816756,0.9789458399883839
train,0.40164042,0.02105416001161609,0.07056773631479596,0.929432263685204,0.9789458399883839
train,0.40136895,0.021199361115144474,0.07056773631479596,0.929432263685204,0.9788006388848556
train,0.40033484,0.021199361115144474,0.06926092638304049,0.9307390736169595,0.9788006388848556
train,0.3995385,0.021344562218672862,0.06926092638304049,0.9307390736169595,0.9786554377813271
train,0.39875317,0.021344562218672862,0.06853492086539859,0.9314650791346014,0.9786554377813271
train,0.39834106,0.021780165529258023,0.06853492086539859,0.9314650791346014,0.978219834470742
train,0.39706692,0.021780165529258023,0.06809931755481347,0.9319006824451865,0.978219834470742
train,0.39642254,0.022070567736314797,0.06809931755481347,0.9319006824451865,0.9779294322636852
train,0.39534172,0.022070567736314797,0.06708290983011467,0.9329170901698853,0.9779294322636852
train,0.3951212,0.02221576883984318,0.06708290983011467,0.9329170901698853,0.9777842311601568
train,0.39426312,0.02221576883984318,0.06664730651952955,0.9333526934804705,0.9777842311601568
train,0.3941605,0.02236096994337157,0.06664730651952955,0.9333526934804705,0.9776390300566284
train,0.39299238,0.02236096994337157,0.06621170320894443,0.9337882967910556,0.9776390300566284
train,0.39293164,0.022506171046899958,0.06621170320894443,0.9337882967910556,0.9774938289531
train,0.39207035,0.022506171046899958,0.0657760998983592,0.9342239001016408,0.9774938289531
train,0.39200482,0.022651372150428343,0.0657760998983592,0.9342239001016408,0.9773486278495717
train,0.39182502,0.022651372150428343,0.06548569769130241,0.9345143023086976,0.9773486278495717
train,0.3915958,0.02279657325395673,0.06548569769130241,0.9345143023086976,0.9772034267460432
train,0.3912853,0.02279657325395673,0.06475969217366051,0.9352403078263395,0.9772034267460432
train,0.3908154,0.02323217656454189,0.06475969217366051,0.9352403078263395,0.9767678234354581
train,0.3907433,0.02323217656454189,0.06461449107013217,0.9353855089298678,0.9767678234354581
train,0.3903861,0.023377377668070277,0.06461449107013217,0.9353855089298678,0.9766226223319298
train,0.389658,0.023377377668070277,0.06374328444896182,0.9362567155510382,0.9766226223319298
train,0.3893407,0.023522578771598666,0.06374328444896182,0.9362567155510382,0.9764774212284013
train,0.38781664,0.023522578771598666,0.0633076811383767,0.9366923188616233,0.9764774212284013
train,0.38752803,0.02381298097865544,0.0633076811383767,0.9366923188616233,0.9761870190213445
train,0.3865546,0.02381298097865544,0.062291273413677906,0.9377087265863221,0.9761870190213445
train,0.38612685,0.023958182082183824,0.062291273413677906,0.9377087265863221,0.9760418179178162
train,0.38599452,0.023958182082183824,0.06214607231014957,0.9378539276898504,0.9760418179178162
train,0.38585556,0.024103383185712212,0.06214607231014957,0.9378539276898504,0.9758966168142877
train,0.3857177,0.024103383185712212,0.061855670103092786,0.9381443298969072,0.9758966168142877
train,0.38544884,0.024248584289240597,0.061855670103092786,0.9381443298969072,0.9757514157107594
train,0.38454476,0.024248584289240597,0.061565267896036,0.938434732103964,0.9757514157107594
train,0.38333613,0.02497458980688253,0.061565267896036,0.938434732103964,0.9750254101931175
train,0.38296473,0.02497458980688253,0.06127486568897922,0.9387251343110208,0.9750254101931175
train,0.38289285,0.02511979091041092,0.06127486568897922,0.9387251343110208,0.9748802090895891
train,0.38155708,0.02511979091041092,0.060548860171337315,0.9394511398286627,0.9748802090895891
train,0.38150635,0.025264992013939305,0.060548860171337315,0.9394511398286627,0.9747350079860607
train,0.38037696,0.025264992013939305,0.05982285465369541,0.9401771453463046,0.9747350079860607
train,0.3799165,0.025410193117467693,0.05982285465369541,0.9401771453463046,0.9745898068825323
train,0.37977338,0.025410193117467693,0.05953245244663863,0.9404675475533614,0.9745898068825323
train,0.3795819,0.02555539422099608,0.05953245244663863,0.9404675475533614,0.9744446057790039
train,0.37944436,0.02555539422099608,0.05938725134311018,0.9406127486568898,0.9744446057790039
train,0.37943548,0.025700595324524466,0.05938725134311018,0.9406127486568898,0.9742994046754755
train,0.37905273,0.025700595324524466,0.0590968491360534,0.9409031508639466,0.9742994046754755
train,0.37898192,0.02599099753158124,0.0590968491360534,0.9409031508639466,0.9740090024684187
train,0.37789574,0.02599099753158124,0.058370843618411494,0.9416291563815885,0.9740090024684187
train,0.3776203,0.026281399738638012,0.058370843618411494,0.9416291563815885,0.973718600261362
train,0.37756157,0.026281399738638012,0.05822564251488316,0.9417743574851168,0.973718600261362
train,0.37743336,0.0264266008421664,0.05822564251488316,0.9417743574851168,0.9735733991578336
train,0.37712118,0.0264266008421664,0.057935240307826374,0.9420647596921736,0.9735733991578336
train,0.37710074,0.02657180194569479,0.057935240307826374,0.9420647596921736,0.9734281980543052
train,0.37611288,0.02657180194569479,0.057499636997241144,0.9425003630027589,0.9734281980543052
train,0.37512487,0.026717003049223174,0.057499636997241144,0.9425003630027589,0.9732829969507768
train,0.3749451,0.026717003049223174,0.05735443589371281,0.9426455641062872,0.9732829969507768
train,0.37303454,0.02773341077392188,0.05735443589371281,0.9426455641062872,0.9722665892260781
train,0.3726421,0.02773341077392188,0.05677363147959924,0.9432263685204008,0.9722665892260781
train,0.37258905,0.02787861187745027,0.05677363147959924,0.9432263685204008,0.9721213881225498
train,0.37242317,0.02787861187745027,0.05648322927254246,0.9435167707274575,0.9721213881225498
train,0.3723538,0.028023812980978655,0.05648322927254246,0.9435167707274575,0.9719761870190213
train,0.37229082,0.028023812980978655,0.05633802816901412,0.9436619718309859,0.9719761870190213
train,0.3712739,0.028459416291563816,0.05633802816901412,0.9436619718309859,0.9715405837084362
train,0.3699707,0.028459416291563816,0.05575722375490055,0.9442427762450994,0.9715405837084362
train,0.3698685,0.028604617395092204,0.05575722375490055,0.9442427762450994,0.9713953826049078
train,0.36924285,0.028604617395092204,0.05546682154784377,0.9445331784521562,0.9713953826049078
train,0.36916426,0.028895019602148977,0.05546682154784377,0.9445331784521562,0.971104980397851
train,0.36915043,0.028895019602148977,0.05532162044431532,0.9446783795556847,0.971104980397851
train,0.36879784,0.029475824016262524,0.05532162044431532,0.9446783795556847,0.9705241759837375
train,0.3682283,0.029475824016262524,0.055176419340786986,0.944823580659213,0.9705241759837375
train,0.36687478,0.029911427326847685,0.055176419340786986,0.944823580659213,0.9700885726731523
train,0.3667625,0.029911427326847685,0.05503121823725865,0.9449687817627413,0.9700885726731523
train,0.3661647,0.030347030637432843,0.05503121823725865,0.9449687817627413,0.9696529693625672
train,0.36592638,0.030347030637432843,0.0548860171337302,0.9451139828662698,0.9696529693625672
train,0.36565393,0.03063743284448962,0.0548860171337302,0.9451139828662698,0.9693625671555104
train,0.36549124,0.03063743284448962,0.054740816030201866,0.9452591839697981,0.9693625671555104
train,0.36539748,0.030782633948018005,0.054740816030201866,0.9452591839697981,0.9692173660519819
train,0.36427116,0.030782633948018005,0.0541600116160883,0.9458399883839117,0.9692173660519819
train,0.36366534,0.031073036155074778,0.0541600116160883,0.9458399883839117,0.9689269638449253
train,0.36317787,0.031073036155074778,0.05372440830550307,0.9462755916944969,0.9689269638449253
train,0.36266845,0.03150863946565994,0.05372440830550307,0.9462755916944969,0.96849136053434
train,0.3626365,0.03150863946565994,0.05357920720197473,0.9464207927980253,0.96849136053434
train,0.3625934,0.031653840569188324,0.05357920720197473,0.9464207927980253,0.9683461594308117
train,0.3618516,0.031653840569188324,0.05314360389138961,0.9468563961086104,0.9683461594308117
train,0.36124736,0.0319442427762451,0.05314360389138961,0.9468563961086104,0.9680557572237549
train,0.36112684,0.0319442427762451,0.05285320168433283,0.9471467983156672,0.9680557572237549
train,0.3601648,0.03252504719035865,0.05285320168433283,0.9471467983156672,0.9674749528096414
train,0.36004716,0.03252504719035865,0.05270800058080438,0.9472919994191956,0.9674749528096414
train,0.3597267,0.03267024829388703,0.05270800058080438,0.9472919994191956,0.967329751706113
train,0.35929653,0.03267024829388703,0.052562799477276045,0.947437200522724,0.967329751706113
train,0.35926777,0.032815449397415423,0.052562799477276045,0.947437200522724,0.9671845506025846
train,0.35795927,0.032815449397415423,0.051255989545520575,0.9487440104544794,0.9671845506025846
train,0.3578404,0.03296065050094381,0.051255989545520575,0.9487440104544794,0.9670393494990562
train,0.35783187,0.03296065050094381,0.05111078844199213,0.9488892115580079,0.9670393494990562
train,0.35759175,0.03310585160447219,0.05111078844199213,0.9488892115580079,0.9668941483955278
train,0.357525,0.03310585160447219,0.05096558733846379,0.9490344126615362,0.9668941483955278
train,0.35713553,0.03325105270800058,0.05096558733846379,0.9490344126615362,0.9667489472919994
train,0.3567059,0.03325105270800058,0.05067518513140701,0.949324814868593,0.9667489472919994
train,0.35654473,0.03339625381152897,0.05067518513140701,0.949324814868593,0.966603746188471
train,0.3552451,0.03339625381152897,0.04936837519965154,0.9506316248003485,0.966603746188471
train,0.35480806,0.033541454915057355,0.04936837519965154,0.9506316248003485,0.9664585450849427
train,0.35445008,0.033541454915057355,0.049077972992594754,0.9509220270074052,0.9664585450849427
train,0.3543006,0.03383185712211413,0.049077972992594754,0.9509220270074052,0.9661681428778859
train,0.35427645,0.03383185712211413,0.04893277188906631,0.9510672281109337,0.9661681428778859
train,0.35413554,0.0341222593291709,0.04893277188906631,0.9510672281109337,0.9658777406708291
train,0.35409594,0.0341222593291709,0.04878757078553797,0.951212429214462,0.9658777406708291
train,0.35395873,0.034267460432699286,0.04878757078553797,0.951212429214462,0.9657325395673008
train,0.35359123,0.034267460432699286,0.04835196747495285,0.9516480325250471,0.9657325395673008
train,0.35323533,0.03455786263975606,0.04835196747495285,0.9516480325250471,0.965442137360244
train,0.35294083,0.03455786263975606,0.04806156526789607,0.9519384347321039,0.965442137360244
train,0.35234433,0.03513866705386961,0.04806156526789607,0.9519384347321039,0.9648613329461304
train,0.35233372,0.03513866705386961,0.04791636416436762,0.9520836358356324,0.9648613329461304
train,0.35151324,0.035719471467983155,0.04791636416436762,0.9520836358356324,0.9642805285320168
train,0.351108,0.035719471467983155,0.047625961957310836,0.9523740380426892,0.9642805285320168
train,0.35045603,0.036155074778568316,0.047625961957310836,0.9523740380426892,0.9638449252214317
train,0.35042834,0.036155074778568316,0.0474807608537825,0.9525192391462175,0.9638449252214317
train,0.35007164,0.0363002758820967,0.0474807608537825,0.9525192391462175,0.9636997241179033
train,0.3494483,0.0363002758820967,0.047190358646725716,0.9528096413532743,0.9636997241179033
train,0.34903228,0.03673587919268186,0.047190358646725716,0.9528096413532743,0.9632641208073182
train,0.34886405,0.03673587919268186,0.04704515754319738,0.9529548424568026,0.9632641208073182
train,0.34805506,0.03702628139973864,0.04704515754319738,0.9529548424568026,0.9629737186002614
train,0.34788743,0.03702628139973864,0.0467547553361406,0.9532452446638594,0.9629737186002614
train,0.34696752,0.03731668360679541,0.0467547553361406,0.9532452446638594,0.9626833163932046
train,0.34635344,0.03731668360679541,0.04559314650791346,0.9544068534920865,0.9626833163932046
train,0.34576347,0.037607085813852185,0.04559314650791346,0.9544068534920865,0.9623929141861478
train,0.34576094,0.037607085813852185,0.045447945404385126,0.9545520545956149,0.9623929141861478
train,0.34495905,0.03833309133149412,0.045447945404385126,0.9545520545956149,0.9616669086685059
train,0.3449325,0.03833309133149412,0.04530274430085668,0.9546972556991433,0.9616669086685059
train,0.34447342,0.03847829243502251,0.04530274430085668,0.9546972556991433,0.9615217075649775
train,0.34422317,0.03847829243502251,0.04515754319732834,0.9548424568026717,0.9615217075649775
train,0.34387878,0.03862349353855089,0.04515754319732834,0.9548424568026717,0.9613765064614491
train,0.3435587,0.03862349353855089,0.045012342093799895,0.9549876579062001,0.9613765064614491
train,0.3419581,0.039494700159721216,0.045012342093799895,0.9549876579062001,0.9605052998402788
train,0.3418652,0.039494700159721216,0.04486714099027156,0.9551328590097284,0.9605052998402788
train,0.34179804,0.0396399012632496,0.04486714099027156,0.9551328590097284,0.9603600987367504
train,0.34152284,0.0396399012632496,0.04472193988674311,0.9552780601132569,0.9603600987367504
train,0.34151492,0.039785102366777986,0.04472193988674311,0.9552780601132569,0.960214897633222
train,0.34144816,0.039785102366777986,0.044576738783214775,0.9554232612167852,0.960214897633222
train,0.34118372,0.03993030347030638,0.044576738783214775,0.9554232612167852,0.9600696965296937
train,0.34101745,0.03993030347030638,0.04443153767968633,0.9555684623203137,0.9600696965296937
train,0.34075943,0.04007550457383476,0.04443153767968633,0.9555684623203137,0.9599244954261652
train,0.3404023,0.04007550457383476,0.044141135472629545,0.9558588645273705,0.9599244954261652
train,0.34033442,0.04036590678089153,0.044141135472629545,0.9558588645273705,0.9596340932191084
train,0.34033388,0.04036590678089153,0.04399593436910121,0.9560040656308988,0.9596340932191084
train,0.34022284,0.04065630898794831,0.04399593436910121,0.9560040656308988,0.9593436910120516
train,0.3400358,0.04065630898794831,0.043705532162044425,0.9562944678379556,0.9593436910120516
train,0.33889377,0.04109191229853347,0.043705532162044425,0.9562944678379556,0.9589080877014665
train,0.33888766,0.04109191229853347,0.04356033105851609,0.9564396689414839,0.9589080877014665
train,0.33888286,0.041237113402061855,0.04356033105851609,0.9564396689414839,0.9587628865979382
train,0.33824912,0.041237113402061855,0.04312472774793086,0.9568752722520691,0.9587628865979382
train,0.3370863,0.042689124437345724,0.04312472774793086,0.9568752722520691,0.9573108755626543
train,0.3369845,0.042689124437345724,0.042834325540874074,0.9571656744591259,0.9573108755626543
train,0.33585858,0.0429795266444025,0.042834325540874074,0.9571656744591259,0.9570204733555975
train,0.3351807,0.0429795266444025,0.042398722230288954,0.957601277769711,0.9570204733555975
train,0.33319077,0.04356033105851605,0.042398722230288954,0.957601277769711,0.9564396689414839
train,0.33317253,0.04356033105851605,0.04225352112676062,0.9577464788732394,0.9564396689414839
train,0.33246943,0.04385073326557282,0.04225352112676062,0.9577464788732394,0.9561492667344271
train,0.3323423,0.04385073326557282,0.04210832002323217,0.9578916799767678,0.9561492667344271
train,0.33198813,0.04399593436910121,0.04210832002323217,0.9578916799767678,0.9560040656308988
train,0.33195004,0.04399593436910121,0.041963118919703835,0.9580368810802962,0.9560040656308988
train,0.3304623,0.04559314650791346,0.041963118919703835,0.9580368810802962,0.9544068534920865
train,0.3300645,0.04559314650791346,0.04167271671264705,0.958327283287353,0.9544068534920865
train,0.3300264,0.04573834761144185,0.04167271671264705,0.958327283287353,0.9542616523885582
train,0.32987502,0.04573834761144185,0.041527515609118604,0.9584724843908814,0.9542616523885582
train,0.32940966,0.04588354871497023,0.041527515609118604,0.9584724843908814,0.9541164512850298
train,0.32920575,0.04588354871497023,0.04123711340206182,0.9587628865979382,0.9541164512850298
train,0.3289144,0.04617395092202701,0.04123711340206182,0.9587628865979382,0.953826049077973
train,0.3288084,0.04617395092202701,0.041091912298533484,0.9589080877014665,0.953826049077973
train,0.3283983,0.04660955423261217,0.041091912298533484,0.9589080877014665,0.9533904457673879
train,0.32777038,0.04660955423261217,0.0408015100914767,0.9591984899085233,0.9533904457673879
train,0.32776114,0.046754755336140555,0.0408015100914767,0.9591984899085233,0.9532452446638594
train,0.3268381,0.046754755336140555,0.0400755045738348,0.9599244954261652,0.9532452446638594
train,0.32675084,0.04689995643966894,0.0400755045738348,0.9599244954261652,0.9531000435603311
train,0.32651803,0.04689995643966894,0.039639901263249566,0.9603600987367504,0.9531000435603311
train,0.32642326,0.04704515754319733,0.039639901263249566,0.9603600987367504,0.9529548424568026
train,0.32640576,0.04704515754319733,0.03934949905619278,0.9606505009438072,0.9529548424568026
train,0.32572427,0.047190358646725716,0.03934949905619278,0.9606505009438072,0.9528096413532743
train,0.32571337,0.047190358646725716,0.039204297952664446,0.9607957020473356,0.9528096413532743
train,0.3249321,0.04762596195731088,0.039204297952664446,0.9607957020473356,0.9523740380426892
train,0.32468885,0.04762596195731088,0.039059096849136,0.960940903150864,0.9523740380426892
train,0.32450014,0.04777116306083926,0.039059096849136,0.960940903150864,0.9522288369391607
train,0.32335696,0.04777116306083926,0.03862349353855088,0.9613765064614491,0.9522288369391607
train,0.3233438,0.04791636416436765,0.03862349353855088,0.9613765064614491,0.9520836358356324
train,0.3232247,0.04791636416436765,0.03847829243502254,0.9615217075649775,0.9520836358356324
train,0.3231276,0.04806156526789604,0.03847829243502254,0.9615217075649775,0.9519384347321039
train,0.32300574,0.04806156526789604,0.038333091331494096,0.9616669086685059,0.9519384347321039
train,0.3229963,0.048206766371424424,0.038333091331494096,0.9616669086685059,0.9517932336285756
train,0.3228644,0.048206766371424424,0.03818789022796576,0.9618121097720342,0.9517932336285756
train,0.3221889,0.048497168578481194,0.03818789022796576,0.9618121097720342,0.9515028314215188
train,0.32210284,0.048497168578481194,0.03804268912443731,0.9619573108755627,0.9515028314215188
train,0.32173827,0.048932771889066355,0.03804268912443731,0.9619573108755627,0.9510672281109337
train,0.3215087,0.048932771889066355,0.037897488020908976,0.962102511979091,0.9510672281109337
train,0.32143506,0.04907797299259475,0.037897488020908976,0.962102511979091,0.9509220270074052
train,0.32132858,0.04907797299259475,0.03775228691738053,0.9622477130826195,0.9509220270074052
train,0.32124278,0.04922317409612313,0.03775228691738053,0.9622477130826195,0.9507768259038769
train,0.32079378,0.04922317409612313,0.03760708581385219,0.9623929141861478,0.9507768259038769
train,0.31986007,0.04980397851023668,0.03760708581385219,0.9623929141861478,0.9501960214897633
train,0.31885844,0.04980397851023668,0.036590678089153506,0.9634093219108465,0.9501960214897633
train,0.31885636,0.04994917961376506,0.036590678089153506,0.9634093219108465,0.9500508203862349
train,0.3187901,0.04994917961376506,0.03630027588209672,0.9636997241179033,0.9500508203862349
train,0.31863058,0.050094380717293455,0.03630027588209672,0.9636997241179033,0.9499056192827066
train,0.31841844,0.050094380717293455,0.03586467257151149,0.9641353274284885,0.9499056192827066
train,0.31829494,0.05023958182082184,0.03586467257151149,0.9641353274284885,0.9497604181791781
train,0.318281,0.05023958182082184,0.035719471467983155,0.9642805285320168,0.9497604181791781
train,0.31825116,0.050384782924350224,0.035719471467983155,0.9642805285320168,0.9496152170756498
train,0.31824934,0.050384782924350224,0.03557427036445482,0.9644257296355452,0.9496152170756498
train,0.31804168,0.050675185131407,0.03557427036445482,0.9644257296355452,0.949324814868593
train,0.31803367,0.050675185131407,0.03542906926092637,0.9645709307390736,0.949324814868593
train,0.31801212,0.050820386234935386,0.03542906926092637,0.9645709307390736,0.9491796137650647
train,0.31791654,0.050820386234935386,0.035283868157398035,0.964716131842602,0.9491796137650647
train,0.3178588,0.05096558733846377,0.035283868157398035,0.964716131842602,0.9490344126615362
train,0.3178226,0.05096558733846377,0.03513866705386959,0.9648613329461304,0.9490344126615362
train,0.31722966,0.05140119064904893,0.03513866705386959,0.9648613329461304,0.9485988093509511
train,0.31707177,0.05140119064904893,0.034848264846812804,0.9651517351531872,0.9485988093509511
train,0.3167718,0.05169159285610571,0.034848264846812804,0.9651517351531872,0.9483084071438943
train,0.31672806,0.05169159285610571,0.03470306374328447,0.9652969362567155,0.9483084071438943
train,0.316353,0.05198199506316248,0.03470306374328447,0.9652969362567155,0.9480180049368375
train,0.31634837,0.05198199506316248,0.03455786263975602,0.965442137360244,0.9480180049368375
train,0.31594974,0.05241759837374764,0.03455786263975602,0.965442137360244,0.9475824016262524
train,0.3154768,0.05241759837374764,0.03426746043269924,0.9657325395673008,0.9475824016262524
train,0.30965227,0.05648322927254247,0.03426746043269924,0.9657325395673008,0.9435167707274575
train,0.30876127,0.05648322927254247,0.03368665601858578,0.9663133439814142,0.9435167707274575
train,0.30724764,0.058516044721939886,0.03368665601858578,0.9663133439814142,0.9414839552780601
train,0.30712605,0.058516044721939886,0.033541454915057334,0.9664585450849427,0.9414839552780601
train,0.3065008,0.059532452446638594,0.033541454915057334,0.9664585450849427,0.9404675475533614
train,0.30632132,0.059532452446638594,0.033396253811529,0.966603746188471,0.9404675475533614
train,0.30458567,0.06112966458545085,0.033396253811529,0.966603746188471,0.9388703354145491
train,0.30416983,0.06112966458545085,0.03325105270800055,0.9667489472919994,0.9388703354145491
train,0.30359176,0.061420066792507624,0.03325105270800055,0.9667489472919994,0.9385799332074923
train,0.30332506,0.061420066792507624,0.03296065050094377,0.9670393494990562,0.9385799332074923
train,0.3029734,0.06156526789603601,0.03296065050094377,0.9670393494990562,0.938434732103964
train,0.30252954,0.06156526789603601,0.03281544939741543,0.9671845506025846,0.938434732103964
train,0.30201775,0.061855670103092786,0.03281544939741543,0.9671845506025846,0.9381443298969072
train,0.3016031,0.061855670103092786,0.03267024829388698,0.967329751706113,0.9381443298969072
train,0.30137613,0.06200087120662117,0.03267024829388698,0.967329751706113,0.9379991287933789
train,0.3013197,0.06200087120662117,0.03252504719035865,0.9674749528096414,0.9379991287933789
train,0.3010848,0.062146072310149555,0.03252504719035865,0.9674749528096414,0.9378539276898504
train,0.3009215,0.062146072310149555,0.03223464498330186,0.9677653550166981,0.9378539276898504
train,0.3008538,0.06229127341367795,0.03223464498330186,0.9677653550166981,0.9377087265863221
train,0.30059075,0.06229127341367795,0.031799041672716744,0.9682009583272833,0.9377087265863221
train,0.29777604,0.06403368665601858,0.031799041672716744,0.9682009583272833,0.9359663133439814
train,0.2969512,0.06403368665601858,0.03150863946565996,0.96849136053434,0.9359663133439814
train,0.29644734,0.06446928996660374,0.03150863946565996,0.96849136053434,0.9355307100333963
train,0.29631153,0.06446928996660374,0.03136343836213151,0.9686365616378685,0.9355307100333963
train,0.2961957,0.06461449107013213,0.03136343836213151,0.9686365616378685,0.9353855089298678
train,0.29586527,0.06461449107013213,0.031218237258603176,0.9687817627413968,0.9353855089298678
train,0.29554403,0.06475969217366052,0.031218237258603176,0.9687817627413968,0.9352403078263395
train,0.29548046,0.06475969217366052,0.03107303615507473,0.9689269638449253,0.9352403078263395
train,0.2941757,0.066066502105416,0.03107303615507473,0.9689269638449253,0.933933497894584
train,0.2939143,0.066066502105416,0.030782633948018057,0.9692173660519819,0.933933497894584
train,0.2938196,0.06621170320894439,0.030782633948018057,0.9692173660519819,0.9337882967910556
train,0.2936441,0.06621170320894439,0.03063743284448961,0.9693625671555104,0.9337882967910556
train,0.2936365,0.06635690431247278,0.03063743284448961,0.9693625671555104,0.9336430956875272
train,0.29360196,0.06635690431247278,0.030492231740961273,0.9695077682590387,0.9336430956875272
train,0.29326633,0.06664730651952955,0.030492231740961273,0.9695077682590387,0.9333526934804705
train,0.29240623,0.06664730651952955,0.030056628430376042,0.969943371569624,0.9333526934804705
train,0.2919827,0.06693770872658632,0.030056628430376042,0.969943371569624,0.9330622912734137
train,0.29141226,0.06693770872658632,0.029911427326847706,0.9700885726731523,0.9330622912734137
train,0.29116747,0.06737331203717148,0.029911427326847706,0.9700885726731523,0.9326266879628285
train,0.29089874,0.06737331203717148,0.02976622622331926,0.9702337737766807,0.9326266879628285
train,0.29033536,0.06780891534775664,0.02976622622331926,0.9702337737766807,0.9321910846522433
train,0.2901507,0.06780891534775664,0.029621025119790922,0.9703789748802091,0.9321910846522433
train,0.28969052,0.0682445186583418,0.029621025119790922,0.9703789748802091,0.9317554813416582
train,0.28962666,0.0682445186583418,0.029475824016262475,0.9705241759837375,0.9317554813416582
train,0.28866398,0.06882532307245535,0.029475824016262475,0.9705241759837375,0.9311746769275446
train,0.28836593,0.06882532307245535,0.02933062291273414,0.9706693770872659,0.9311746769275446
train,0.28656888,0.07027733410773922,0.02933062291273414,0.9706693770872659,0.9297226658922608
train,0.2864021,0.07027733410773922,0.029185421809205803,0.9708145781907942,0.9297226658922608
train,0.28566977,0.07085813852185277,0.029185421809205803,0.9708145781907942,0.9291418614781473
train,0.28543445,0.07085813852185277,0.029040220705677355,0.9709597792943226,0.9291418614781473
train,0.28516853,0.07114854072890954,0.029040220705677355,0.9709597792943226,0.9288514592710905
train,0.28515244,0.07114854072890954,0.02889501960214902,0.971104980397851,0.9288514592710905
train,0.2848745,0.0715841440394947,0.02889501960214902,0.971104980397851,0.9284158559605054
train,0.28484204,0.0715841440394947,0.028749818498620572,0.9712501815013794,0.9284158559605054
train,0.28461444,0.07187454624655147,0.028749818498620572,0.9712501815013794,0.9281254537534486
train,0.28426358,0.07187454624655147,0.02845941629156379,0.9715405837084362,0.9281254537534486
train,0.2841072,0.07216494845360824,0.02845941629156379,0.9715405837084362,0.9278350515463918
train,0.28387573,0.07216494845360824,0.028314215188035452,0.9716857848119645,0.9278350515463918
train,0.28267223,0.0727457528677218,0.028314215188035452,0.9716857848119645,0.9272542471322782
train,0.28231665,0.0727457528677218,0.02802381298097867,0.9719761870190213,0.9272542471322782
train,0.28141415,0.07361695948889212,0.02802381298097867,0.9719761870190213,0.9263830405111079
train,0.28141278,0.07361695948889212,0.02787861187745022,0.9721213881225498,0.9263830405111079
train,0.28136092,0.07390736169594889,0.02787861187745022,0.9721213881225498,0.9260926383040511
train,0.2811439,0.07390736169594889,0.027733410773921885,0.9722665892260781,0.9260926383040511
train,0.2796392,0.0749237694206476,0.027733410773921885,0.9722665892260781,0.9250762305793524
train,0.27954295,0.0749237694206476,0.0274430085668651,0.9725569914331349,0.9250762305793524
train,0.27934685,0.07506897052417598,0.0274430085668651,0.9725569914331349,0.9249310294758241
train,0.27920228,0.07506897052417598,0.027297807463336765,0.9727021925366632,0.9249310294758241
train,0.27883545,0.07535937273123276,0.027297807463336765,0.9727021925366632,0.9246406272687673
train,0.27861264,0.07535937273123276,0.027152606359808318,0.9728473936401917,0.9246406272687673
train,0.27820498,0.07550457383476114,0.027152606359808318,0.9728473936401917,0.9244954261652388
train,0.2778143,0.07550457383476114,0.02700740525627998,0.97299259474372,0.9244954261652388
train,0.2778083,0.07579497604181792,0.02700740525627998,0.97299259474372,0.924205023958182
train,0.2777747,0.07579497604181792,0.026862204152751534,0.9731377958472485,0.924205023958182
train,0.2766342,0.07681138376651662,0.026862204152751534,0.9731377958472485,0.9231886162334834
train,0.27646676,0.07681138376651662,0.026717003049223198,0.9732829969507768,0.9231886162334834
train,0.27539146,0.07782779149121534,0.026717003049223198,0.9732829969507768,0.9221722085087847
train,0.27522093,0.07782779149121534,0.02657180194569475,0.9734281980543052,0.9221722085087847
train,0.27328643,0.07913460142297081,0.02657180194569475,0.9734281980543052,0.9208653985770292
train,0.27318782,0.07913460142297081,0.026426600842166414,0.9735733991578336,0.9208653985770292
train,0.2731461,0.0792798025264992,0.026426600842166414,0.9735733991578336,0.9207201974735008
train,0.27289408,0.0792798025264992,0.026281399738637967,0.973718600261362,0.9207201974735008
train,0.27289003,0.0794250036300276,0.026281399738637967,0.973718600261362,0.9205749963699724
train,0.27278963,0.0794250036300276,0.02613619863510963,0.9738638013648904,0.9205749963699724
train,0.27219924,0.08015100914766952,0.02613619863510963,0.9738638013648904,0.9198489908523305
train,0.2721288,0.08015100914766952,0.025990997531581295,0.9740090024684187,0.9198489908523305
train,0.27163085,0.08058661245825469,0.025990997531581295,0.9740090024684187,0.9194133875417453
train,0.27162606,0.08058661245825469,0.025845796428052847,0.9741542035719472,0.9194133875417453
train,0.27145275,0.08102221576883985,0.025845796428052847,0.9741542035719472,0.9189777842311602
train,0.27104598,0.08102221576883985,0.025410193117467728,0.9745898068825323,0.9189777842311602
train,0.2693282,0.08320023232176564,0.025410193117467728,0.9745898068825323,0.9167997676782343
train,0.26931667,0.08320023232176564,0.02526499201393928,0.9747350079860607,0.9167997676782343
train,0.26920825,0.08334543342529403,0.02526499201393928,0.9747350079860607,0.916654566574706
train,0.26917797,0.08334543342529403,0.025119790910410944,0.9748802090895891,0.916654566574706
train,0.26908952,0.08349063452882242,0.025119790910410944,0.9748802090895891,0.9165093654711776
train,0.26904678,0.08349063452882242,0.024974589806882497,0.9750254101931175,0.9165093654711776
train,0.26896325,0.0837810367358792,0.024974589806882497,0.9750254101931175,0.9162189632641208
train,0.26880682,0.0837810367358792,0.02482938870335416,0.9751706112966458,0.9162189632641208
train,0.26866087,0.08392623783940759,0.02482938870335416,0.9751706112966458,0.9160737621605924
train,0.2685401,0.08392623783940759,0.024684187599825713,0.9753158124001743,0.9160737621605924
train,0.26778826,0.0847974444605779,0.024684187599825713,0.9753158124001743,0.9152025555394221
train,0.2677798,0.0847974444605779,0.024538986496297377,0.9754610135037026,0.9152025555394221
train,0.26681793,0.08552344997821984,0.024538986496297377,0.9754610135037026,0.9144765500217802
train,0.2667223,0.08552344997821984,0.02439378539276893,0.9756062146072311,0.9144765500217802
train,0.26628655,0.08624945549586177,0.02439378539276893,0.9756062146072311,0.9137505445041383
train,0.26605597,0.08624945549586177,0.024248584289240593,0.9757514157107594,0.9137505445041383
train,0.2657446,0.0869754610135037,0.024248584289240593,0.9757514157107594,0.9130245389864963
train,0.265451,0.0869754610135037,0.024103383185712257,0.9758966168142877,0.9130245389864963
train,0.26518142,0.08726586322056047,0.024103383185712257,0.9758966168142877,0.9127341367794395
train,0.26517826,0.08726586322056047,0.02395818208218381,0.9760418179178162,0.9127341367794395
train,0.26338065,0.08929867866995789,0.02395818208218381,0.9760418179178162,0.9107013213300421
train,0.26304084,0.08929867866995789,0.023812980978655474,0.9761870190213445,0.9107013213300421
train,0.26275828,0.08987948308407144,0.023812980978655474,0.9761870190213445,0.9101205169159285
train,0.2626493,0.08987948308407144,0.023667779875127026,0.976332220124873,0.9101205169159285
train,0.26255047,0.09002468418759983,0.023667779875127026,0.976332220124873,0.9099753158124002
train,0.26240432,0.09002468418759983,0.023377377668070243,0.9766226223319298,0.9099753158124002
train,0.26224566,0.09046028749818498,0.023377377668070243,0.9766226223319298,0.909539712501815
train,0.262145,0.09046028749818498,0.023232176564541906,0.9767678234354581,0.909539712501815
train,0.26118064,0.0913314941193553,0.023232176564541906,0.9767678234354581,0.9086685058806447
train,0.26102155,0.0913314941193553,0.022941774357485123,0.9770582256425149,0.9086685058806447
train,0.25952965,0.09263830405111079,0.022941774357485123,0.9770582256425149,0.9073616959488893
train,0.25924137,0.09263830405111079,0.022796573253956676,0.9772034267460433,0.9073616959488893
train,0.25823525,0.09350951067228111,0.022796573253956676,0.9772034267460433,0.9064904893277189
train,0.25796926,0.09350951067228111,0.02265137215042834,0.9773486278495717,0.9064904893277189
train,0.25725752,0.09452591839697981,0.02265137215042834,0.9773486278495717,0.9054740816030202
train,0.25718755,0.09452591839697981,0.022506171046900003,0.9774938289531,0.9054740816030202
train,0.25715348,0.0946711195005082,0.022506171046900003,0.9774938289531,0.9053288804994918
train,0.25691473,0.0946711195005082,0.022360969943371556,0.9776390300566284,0.9053288804994918
train,0.255593,0.09597792943226369,0.022360969943371556,0.9776390300566284,0.9040220705677363
train,0.25554034,0.09597792943226369,0.02221576883984322,0.9777842311601568,0.9040220705677363
train,0.25501752,0.09699433715696239,0.02221576883984322,0.9777842311601568,0.9030056628430376
train,0.2547477,0.09699433715696239,0.02178016552925799,0.978219834470742,0.9030056628430376
train,0.2528094,0.09873675039930303,0.02178016552925799,0.978219834470742,0.9012632496006969
train,0.2528063,0.09873675039930303,0.021634964425729653,0.9783650355742703,0.9012632496006969
train,0.2505664,0.10120516915928561,0.021634964425729653,0.9783650355742703,0.8987948308407144
train,0.2505649,0.10120516915928561,0.021489763322201205,0.9785102366777988,0.8987948308407144
train,0.2504772,0.101350370262814,0.021489763322201205,0.9785102366777988,0.898649629737186
train,0.25044966,0.101350370262814,0.02134456221867287,0.9786554377813271,0.898649629737186
train,0.24900275,0.10294758240162626,0.02134456221867287,0.9786554377813271,0.8970524175983737
train,0.2489751,0.10294758240162626,0.02119936111514442,0.9788006388848556,0.8970524175983737
train,0.24680516,0.10439959343691012,0.02119936111514442,0.9788006388848556,0.8956004065630899
train,0.24675204,0.10439959343691012,0.021054160011616085,0.9789458399883839,0.8956004065630899
train,0.24418147,0.10730361550747786,0.021054160011616085,0.9789458399883839,0.8926963844925222
train,0.24405892,0.10730361550747786,0.02090895890808775,0.9790910410919123,0.8926963844925222
train,0.24309987,0.10919122985334688,0.02090895890808775,0.9790910410919123,0.8908087701466532
train,0.2430377,0.10919122985334688,0.020763757804559302,0.9792362421954407,0.8908087701466532
train,0.24183257,0.11151444750980108,0.020763757804559302,0.9792362421954407,0.8884855524901989
train,0.24177875,0.11151444750980108,0.020618556701030966,0.979381443298969,0.8884855524901989
train,0.24121417,0.11296645854508494,0.020618556701030966,0.979381443298969,0.8870335414549151
train,0.24113594,0.11296645854508494,0.02047335559750252,0.9795266444024975,0.8870335414549151
train,0.23956786,0.11558007840859591,0.02047335559750252,0.9795266444024975,0.8844199215914041
train,0.23939216,0.11558007840859591,0.020328154493974182,0.9796718455060258,0.8844199215914041
train,0.23916927,0.11616088282270945,0.020328154493974182,0.9796718455060258,0.8838391171772906
train,0.23905908,0.11616088282270945,0.020182953390445735,0.9798170466095543,0.8838391171772906
train,0.2384796,0.11659648613329461,0.020182953390445735,0.9798170466095543,0.8834035138667053
train,0.23838861,0.11659648613329461,0.0200377522869174,0.9799622477130826,0.8834035138667053
train,0.2375613,0.1179032960650501,0.0200377522869174,0.9799622477130826,0.8820967039349499
train,0.23733619,0.1179032960650501,0.01989255118338895,0.980107448816611,0.8820967039349499
train,0.23591611,0.11964570930739074,0.01989255118338895,0.980107448816611,0.8803542906926093
train,0.23585816,0.11964570930739074,0.019747350079860615,0.9802526499201394,0.8803542906926093
train,0.23584855,0.11979091041091912,0.019747350079860615,0.9802526499201394,0.8802090895890808
train,0.23554292,0.11979091041091912,0.019602148976332168,0.9803978510236678,0.8802090895890808
train,0.23396912,0.121242921446203,0.019602148976332168,0.9803978510236678,0.878757078553797
train,0.2337335,0.121242921446203,0.01945694787280383,0.9805430521271962,0.878757078553797
train,0.23165508,0.12371134020618557,0.01945694787280383,0.9805430521271962,0.8762886597938144
train,0.2316085,0.12371134020618557,0.019311746769275495,0.9806882532307245,0.8762886597938144
train,0.23138502,0.12429214462029911,0.019311746769275495,0.9806882532307245,0.8757078553797009
train,0.23138183,0.12429214462029911,0.019166545665747048,0.980833454334253,0.8757078553797009
train,0.23084128,0.12574415565558297,0.019166545665747048,0.980833454334253,0.874255844344417
train,0.23083217,0.12574415565558297,0.01902134456221871,0.9809786554377813,0.874255844344417
train,0.22955666,0.1277769711049804,0.01902134456221871,0.9809786554377813,0.8722230288950196
train,0.22955327,0.1277769711049804,0.018876143458690264,0.9811238565413097,0.8722230288950196
train,0.22947302,0.12806737331203716,0.018876143458690264,0.9811238565413097,0.8719326266879628
train,0.229441,0.12806737331203716,0.018730942355161928,0.9812690576448381,0.8719326266879628
train,0.22774173,0.1312617975896617,0.018730942355161928,0.9812690576448381,0.8687382024103383
train,0.2276206,0.1312617975896617,0.01858574125163348,0.9814142587483665,0.8687382024103383
train,0.22743575,0.13155219979671845,0.01858574125163348,0.9814142587483665,0.8684478002032816
train,0.22741528,0.13155219979671845,0.018440540148105145,0.9815594598518949,0.8684478002032816
train,0.22614625,0.13373021634964427,0.018440540148105145,0.9815594598518949,0.8662697836503557
train,0.22590627,0.13373021634964427,0.018295339044576697,0.9817046609554233,0.8662697836503557
train,0.22471052,0.13576303179904167,0.018295339044576697,0.9817046609554233,0.8642369682009583
train,0.22459687,0.13576303179904167,0.01815013794104836,0.9818498620589516,0.8642369682009583
train,0.22359551,0.13706984173079714,0.01815013794104836,0.9818498620589516,0.8629301582692028
train,0.22356226,0.13706984173079714,0.018004936837519914,0.9819950631624801,0.8629301582692028
train,0.22290015,0.13852185276608103,0.018004936837519914,0.9819950631624801,0.861478147233919
train,0.22289081,0.13852185276608103,0.017859735733991577,0.9821402642660084,0.861478147233919
train,0.22197026,0.1401190649048933,0.017859735733991577,0.9821402642660084,0.8598809350951067
train,0.22189283,0.1401190649048933,0.01771453463046324,0.9822854653695368,0.8598809350951067
train,0.22152707,0.14084507042253522,0.01771453463046324,0.9822854653695368,0.8591549295774648
train,0.2211856,0.14084507042253522,0.017424132423406458,0.9825758675765935,0.8591549295774648
train,0.22019713,0.14171627704370554,0.017424132423406458,0.9825758675765935,0.8582837229562945
train,0.22014134,0.14171627704370554,0.01727893131987801,0.982721068680122,0.8582837229562945
train,0.2196312,0.14273268476840423,0.01727893131987801,0.982721068680122,0.8572673152315957
train,0.21960251,0.14273268476840423,0.017133730216349674,0.9828662697836503,0.8572673152315957
train,0.21888304,0.14374909249310294,0.017133730216349674,0.9828662697836503,0.856250907506897
train,0.2188669,0.14374909249310294,0.016988529112821227,0.9830114708871788,0.856250907506897
train,0.21706903,0.14578190794250037,0.016988529112821227,0.9830114708871788,0.8542180920574997
train,0.21692275,0.14578190794250037,0.01684332800929289,0.9831566719907071,0.8542180920574997
train,0.21676299,0.14592710904602876,0.01684332800929289,0.9831566719907071,0.8540728909539712
train,0.21673454,0.14592710904602876,0.016698126905764443,0.9833018730942356,0.8540728909539712
train,0.21528141,0.14781472339189777,0.016698126905764443,0.9833018730942356,0.8521852766081022
train,0.21524672,0.14781472339189777,0.016552925802236107,0.9834470741977639,0.8521852766081022
train,0.21505612,0.1485407289095397,0.016552925802236107,0.9834470741977639,0.8514592710904603
train,0.21500981,0.1485407289095397,0.01640772469870766,0.9835922753012923,0.8514592710904603
train,0.21097521,0.1530419631189197,0.01640772469870766,0.9835922753012923,0.8469580368810803
train,0.21097483,0.1530419631189197,0.016262523595179323,0.9837374764048207,0.8469580368810803
train,0.2108329,0.15362276753303325,0.016262523595179323,0.9837374764048207,0.8463772324669667
train,0.2108018,0.15362276753303325,0.016117322491650987,0.983882677508349,0.8463772324669667
train,0.20987283,0.15478437636126036,0.016117322491650987,0.983882677508349,0.8452156236387396
train,0.20979528,0.15478437636126036,0.01597212138812254,0.9840278786118775,0.8452156236387396
train,0.20952284,0.1553651807753739,0.01597212138812254,0.9840278786118775,0.8446348192246261
train,0.2092079,0.1553651807753739,0.015826920284594204,0.9841730797154058,0.8446348192246261
train,0.20547092,0.16117322491650937,0.015826920284594204,0.9841730797154058,0.8388267750834906
train,0.20546855,0.16117322491650937,0.015681719181065756,0.9843182808189342,0.8388267750834906
train,0.20437646,0.1621896326412081,0.015681719181065756,0.9843182808189342,0.8378103673587919
train,0.20428602,0.1621896326412081,0.01553651807753742,0.9844634819224626,0.8378103673587919
train,0.20398906,0.16262523595179323,0.01553651807753742,0.9844634819224626,0.8373747640482068
train,0.2038934,0.16262523595179323,0.015391316974008973,0.984608683025991,0.8373747640482068
train,0.20359953,0.16335124146943517,0.015391316974008973,0.984608683025991,0.8366487585305649
train,0.20359093,0.16335124146943517,0.015246115870480637,0.9847538841295194,0.8366487585305649
train,0.20261744,0.1642224480906055,0.015246115870480637,0.9847538841295194,0.8357775519093945
train,0.2025489,0.1642224480906055,0.01510091476695219,0.9848990852330478,0.8357775519093945
train,0.20221579,0.16451285029766227,0.01510091476695219,0.9848990852330478,0.8354871497023377
train,0.20219593,0.16451285029766227,0.014955713663423853,0.9850442863365761,0.8354871497023377
train,0.20133421,0.16611006243647453,0.014955713663423853,0.9850442863365761,0.8338899375635255
train,0.20133,0.16611006243647453,0.014810512559895406,0.9851894874401046,0.8338899375635255
train,0.2006831,0.16683606795411646,0.014810512559895406,0.9851894874401046,0.8331639320458836
train,0.20047896,0.16683606795411646,0.014520110352838733,0.9854798896471613,0.8331639320458836
train,0.19769238,0.17133730216349644,0.014520110352838733,0.9854798896471613,0.8286626978365036
train,0.19767034,0.17133730216349644,0.014374909249310286,0.9856250907506897,0.8286626978365036
train,0.19375193,0.17670974299404676,0.014374909249310286,0.9856250907506897,0.8232902570059533
train,0.19373098,0.17670974299404676,0.01422970814578195,0.985770291854218,0.8232902570059533
train,0.19267523,0.17787135182227384,0.01422970814578195,0.985770291854218,0.8221286481777261
train,0.1926669,0.17787135182227384,0.014084507042253502,0.9859154929577465,0.8221286481777261
train,0.19243798,0.1784521562363874,0.014084507042253502,0.9859154929577465,0.8215478437636126
train,0.1923056,0.1784521562363874,0.013939305938725166,0.9860606940612748,0.8215478437636126
train,0.18946275,0.18208218382459707,0.013939305938725166,0.9860606940612748,0.8179178161754029
train,0.18946049,0.18208218382459707,0.013794104835196719,0.9862058951648033,0.8179178161754029
train,0.18919213,0.1829533904457674,0.013794104835196719,0.9862058951648033,0.8170466095542326
train,0.18910393,0.1829533904457674,0.013503702628139935,0.9864962973718601,0.8170466095542326
train,0.18779117,0.18643821693044868,0.013503702628139935,0.9864962973718601,0.8135617830695513
train,0.18774354,0.18643821693044868,0.013358501524611599,0.9866414984753884,0.8135617830695513
train,0.18684602,0.18818063017278933,0.013358501524611599,0.9866414984753884,0.8118193698272107
train,0.18667707,0.18818063017278933,0.013068099317554815,0.9869319006824452,0.8118193698272107
train,0.18571657,0.18905183679395962,0.013068099317554815,0.9869319006824452,0.8109481632060404
train,0.18571135,0.18905183679395962,0.01292289821402648,0.9870771017859735,0.8109481632060404
train,0.18243612,0.1938434732103964,0.01292289821402648,0.9870771017859735,0.8061565267896036
train,0.18240806,0.1938434732103964,0.012777697110498032,0.987222302889502,0.8061565267896036
train,0.18157195,0.1958762886597938,0.012777697110498032,0.987222302889502,0.8041237113402062
train,0.18150888,0.1958762886597938,0.012632496006969696,0.9873675039930303,0.8041237113402062
train,0.180821,0.19703789748802092,0.012632496006969696,0.9873675039930303,0.8029621025119791
train,0.1807804,0.19703789748802092,0.012487294903441248,0.9875127050965588,0.8029621025119791
train,0.17913914,0.19965151735153186,0.012487294903441248,0.9875127050965588,0.8003484826484681
train,0.17910251,0.19965151735153186,0.012342093799912912,0.9876579062000871,0.8003484826484681
train,0.17722152,0.202700740525628,0.012342093799912912,0.9876579062000871,0.797299259474372
train,0.17716335,0.202700740525628,0.012196892696384465,0.9878031073036155,0.797299259474372
train,0.17693979,0.20328154493974154,0.012196892696384465,0.9878031073036155,0.7967184550602584
train,0.17682292,0.20328154493974154,0.012051691592856129,0.9879483084071439,0.7967184550602584
train,0.176241,0.20429795266444026,0.012051691592856129,0.9879483084071439,0.7957020473355597
train,0.17619167,0.20429795266444026,0.011906490489327681,0.9880935095106723,0.7957020473355597
train,0.17565605,0.20545956149266734,0.011906490489327681,0.9880935095106723,0.7945404385073327
train,0.17557836,0.20545956149266734,0.011761289385799345,0.9882387106142007,0.7945404385073327
train,0.17416534,0.20749237694206477,0.011761289385799345,0.9882387106142007,0.7925076230579352
train,0.17408635,0.20749237694206477,0.011616088282270898,0.9883839117177291,0.7925076230579352
train,0.17118567,0.21301001887614346,0.011616088282270898,0.9883839117177291,0.7869899811238565
train,0.17113124,0.21301001887614346,0.011470887178742561,0.9885291128212574,0.7869899811238565
train,0.17088479,0.2137360243937854,0.011470887178742561,0.9885291128212574,0.7862639756062146
train,0.17074366,0.2137360243937854,0.011325686075214225,0.9886743139247858,0.7862639756062146
train,0.16897759,0.21736605198199507,0.011325686075214225,0.9886743139247858,0.7826339480180049
train,0.1689503,0.21736605198199507,0.011035283868157442,0.9889647161318426,0.7826339480180049
train,0.1671191,0.22056047625961958,0.011035283868157442,0.9889647161318426,0.7794395237403804
train,0.16710238,0.22056047625961958,0.010890082764628994,0.989109917235371,0.7794395237403804
train,0.16183905,0.22869173805720924,0.010890082764628994,0.989109917235371,0.7713082619427908
train,0.16155182,0.22869173805720924,0.010744881661100658,0.9892551183388993,0.7713082619427908
train,0.16104788,0.2299985479889647,0.010744881661100658,0.9892551183388993,0.7700014520110353
train,0.16077964,0.2299985479889647,0.01059968055757221,0.9894003194424278,0.7700014520110353
train,0.15924738,0.23304777116306083,0.01059968055757221,0.9894003194424278,0.7669522288369391
train,0.15917459,0.23304777116306083,0.010454479454043875,0.9895455205459561,0.7669522288369391
train,0.15793179,0.2355161899230434,0.010454479454043875,0.9895455205459561,0.7644838100769566
train,0.15792748,0.2355161899230434,0.010309278350515427,0.9896907216494846,0.7644838100769566
train,0.14984836,0.24960069696529694,0.010309278350515427,0.9896907216494846,0.750399303034703
train,0.14961278,0.24960069696529694,0.010164077246987091,0.9898359227530129,0.750399303034703
train,0.1496,0.24974589806882533,0.010164077246987091,0.9898359227530129,0.7502541019311747
train,0.14950383,0.24974589806882533,0.009873675039930307,0.9901263249600697,0.7502541019311747
train,0.1494345,0.24989109917235372,0.009873675039930307,0.9901263249600697,0.7501089008276463
train,0.14910986,0.24989109917235372,0.009728473936401971,0.990271526063598,0.7501089008276463
train,0.14814624,0.25163351241469434,0.009728473936401971,0.990271526063598,0.7483664875853057
train,0.14808801,0.25163351241469434,0.009583272832873524,0.9904167271671265,0.7483664875853057
train,0.1468169,0.25424713227820533,0.009583272832873524,0.9904167271671265,0.7457528677217946
train,0.1468147,0.25424713227820533,0.009438071729345188,0.9905619282706548,0.7457528677217946
train,0.14400704,0.2599099753158124,0.009438071729345188,0.9905619282706548,0.7400900246841876
train,0.14395943,0.2599099753158124,0.00929287062581674,0.9907071293741833,0.7400900246841876
train,0.1437355,0.2602003775228692,0.00929287062581674,0.9907071293741833,0.7397996224771308
train,0.14344889,0.2602003775228692,0.009147669522288404,0.9908523304777116,0.7397996224771308
train,0.13873065,0.2686220415275156,0.009147669522288404,0.9908523304777116,0.7313779584724844
train,0.13860184,0.2686220415275156,0.009002468418759957,0.99099753158124,0.7313779584724844
train,0.13632485,0.2729780746333672,0.009002468418759957,0.99099753158124,0.7270219253666328
train,0.13618098,0.2729780746333672,0.00885726731523162,0.9911427326847684,0.7270219253666328
train,0.13539407,0.27457528677217946,0.00885726731523162,0.9911427326847684,0.7254247132278205
train,0.13506624,0.27457528677217946,0.008712066211703173,0.9912879337882968,0.7254247132278205
train,0.1329911,0.2774793088427472,0.008712066211703173,0.9912879337882968,0.7225206911572528
train,0.13292183,0.2774793088427472,0.008566865108174837,0.9914331348918252,0.7225206911572528
train,0.12804757,0.2869173805720924,0.008566865108174837,0.9914331348918252,0.7130826194279076
train,0.127993,0.2869173805720924,0.00842166400464639,0.9915783359953536,0.7130826194279076
train,0.123778075,0.29533904457673876,0.00842166400464639,0.9915783359953536,0.7046609554232612
train,0.12371851,0.29533904457673876,0.008276462901118053,0.991723537098882,0.7046609554232612
train,0.1205612,0.3008566865108175,0.008276462901118053,0.991723537098882,0.6991433134891825
train,0.120329514,0.3008566865108175,0.008131261797589606,0.9918687382024104,0.6991433134891825
train,0.116912365,0.3071003339625381,0.008131261797589606,0.9918687382024104,0.6928996660374619
train,0.11691127,0.3071003339625381,0.00798606069406127,0.9920139393059387,0.6928996660374619
train,0.11365056,0.3146507913460142,0.00798606069406127,0.9920139393059387,0.6853492086539859
train,0.11362164,0.3146507913460142,0.007840859590532934,0.9921591404094671,0.6853492086539859
train,0.110478565,0.3211848410047916,0.007840859590532934,0.9921591404094671,0.6788151589952084
train,0.110410206,0.3211848410047916,0.007695658487004486,0.9923043415129955,0.6788151589952084
train,0.10990225,0.32263685204007553,0.007695658487004486,0.9923043415129955,0.6773631479599245
train,0.10987395,0.32263685204007553,0.00755045738347615,0.9924495426165238,0.6773631479599245
train,0.109832674,0.32278205314360386,0.00755045738347615,0.9924495426165238,0.6772179468563961
train,0.10975494,0.32278205314360386,0.007405256279947703,0.9925947437200523,0.6772179468563961
train,0.105513304,0.33192972266589227,0.007405256279947703,0.9925947437200523,0.6680702773341077
train,0.10547008,0.33192972266589227,0.007260055176419367,0.9927399448235806,0.6680702773341077
train,0.09721277,0.350225061710469,0.007260055176419367,0.9927399448235806,0.649774938289531
train,0.097207904,0.350225061710469,0.007114854072890919,0.9928851459271091,0.649774938289531
train,0.09589888,0.35385508929867865,0.007114854072890919,0.9928851459271091,0.6461449107013213
train,0.09588305,0.35385508929867865,0.006969652969362583,0.9930303470306374,0.6461449107013213
train,0.09387346,0.35951793233628576,0.006969652969362583,0.9930303470306374,0.6404820676637142
train,0.093856215,0.35951793233628576,0.006824451865834136,0.9931755481341659,0.6404820676637142
train,0.0925308,0.3647451720633077,0.006824451865834136,0.9931755481341659,0.6352548279366923
train,0.09242054,0.3647451720633077,0.0066792507623057995,0.9933207492376942,0.6352548279366923
train,0.09075064,0.3679395963409322,0.0066792507623057995,0.9933207492376942,0.6320604036590678
train,0.0907445,0.3679395963409322,0.006534049658777352,0.9934659503412226,0.6320604036590678
train,0.090668574,0.3683751996515173,0.006534049658777352,0.9934659503412226,0.6316248003484827
train,0.09063838,0.3683751996515173,0.006388848555249016,0.993611151444751,0.6316248003484827
train,0.08935689,0.3711340206185567,0.006388848555249016,0.993611151444751,0.6288659793814433
train,0.089320384,0.3711340206185567,0.00624364745172068,0.9937563525482793,0.6288659793814433
train,0.08926133,0.37156962392914183,0.00624364745172068,0.9937563525482793,0.6284303760708582
train,0.08924363,0.37156962392914183,0.006098446348192232,0.9939015536518078,0.6284303760708582
train,0.08807524,0.37418324379265283,0.006098446348192232,0.9939015536518078,0.6258167562073471
train,0.08788004,0.37418324379265283,0.005953245244663896,0.9940467547553361,0.6258167562073471
train,0.08436265,0.38405691883258314,0.005953245244663896,0.9940467547553361,0.6159430811674169
train,0.084354706,0.38405691883258314,0.005808044141135449,0.9941919558588646,0.6159430811674169
train,0.08351867,0.38725134311020765,0.005808044141135449,0.9941919558588646,0.6127486568897924
train,0.08347453,0.38725134311020765,0.005662843037607113,0.9943371569623929,0.6127486568897924
train,0.083439246,0.3876869464207928,0.005662843037607113,0.9943371569623929,0.6123130535792072
train,0.083414495,0.3876869464207928,0.005517641934078665,0.9944823580659213,0.6123130535792072
train,0.080149785,0.39697981704660956,0.005517641934078665,0.9944823580659213,0.6030201829533904
train,0.08007396,0.39697981704660956,0.005372440830550329,0.9946275591694497,0.6030201829533904
train,0.07584738,0.4051110788441992,0.005372440830550329,0.9946275591694497,0.5948889211558008
train,0.07584138,0.4051110788441992,0.005227239727021882,0.9947727602729781,0.5948889211558008
train,0.075207144,0.4058370843618411,0.005227239727021882,0.9947727602729781,0.5941629156381589
train,0.07519119,0.4058370843618411,0.0050820386234935455,0.9949179613765065,0.5941629156381589
train,0.06936163,0.42093799912879337,0.0050820386234935455,0.9949179613765065,0.5790620008712066
train,0.06934269,0.42122840133585016,0.0050820386234935455,0.9949179613765065,0.5787715986641498
train,0.069242075,0.42137360243937855,0.0050820386234935455,0.9949179613765065,0.5786263975606214
train,0.06923331,0.42137360243937855,0.004936837519965098,0.9950631624800349,0.5786263975606214
train,0.06891554,0.4225352112676056,0.004936837519965098,0.9950631624800349,0.5774647887323944
train,0.06890319,0.4225352112676056,0.004791636416436762,0.9952083635835632,0.5774647887323944
train,0.06850262,0.4231160156817192,0.004791636416436762,0.9952083635835632,0.5768839843182808
train,0.068444185,0.4231160156817192,0.004646435312908426,0.9953535646870916,0.5768839843182808
train,0.058701668,0.4469289966603746,0.004646435312908426,0.9953535646870916,0.5530710033396253
train,0.058582094,0.4469289966603746,0.004501234209379978,0.99549876579062,0.5530710033396253
train,0.058048368,0.4482358065921301,0.004501234209379978,0.99549876579062,0.5517641934078699
train,0.058037728,0.4482358065921301,0.004356033105851642,0.9956439668941484,0.5517641934078699
train,0.056770302,0.4512850297662262,0.004356033105851642,0.9956439668941484,0.5487149702337738
train,0.056740493,0.4512850297662262,0.004210832002323195,0.9957891679976768,0.5487149702337738
train,0.05577577,0.4540438507332656,0.004210832002323195,0.9957891679976768,0.5459561492667344
train,0.055761196,0.4540438507332656,0.004065630898794859,0.9959343691012051,0.5459561492667344
train,0.05513847,0.45535066066502106,0.004065630898794859,0.9959343691012051,0.5446493393349789
train,0.05513047,0.45535066066502106,0.003920429795266411,0.9960795702047336,0.5446493393349789
train,0.047531977,0.47553361405546685,0.003920429795266411,0.9960795702047336,0.5244663859445331
train,0.047484186,0.47553361405546685,0.003775228691738075,0.9962247713082619,0.5244663859445331
train,0.041966647,0.48845651226949327,0.003775228691738075,0.9962247713082619,0.5115434877305067
train,0.04190678,0.48845651226949327,0.003630027588209628,0.9963699724117904,0.5115434877305067
train,0.04175173,0.4890373166836068,0.003630027588209628,0.9963699724117904,0.5109626833163932
train,0.041738186,0.4890373166836068,0.0034848264846812915,0.9965151735153187,0.5109626833163932
train,0.04148375,0.48961812109772035,0.0034848264846812915,0.9965151735153187,0.5103818789022796
train,0.041169725,0.48961812109772035,0.0033396253811528442,0.9966603746188472,0.5103818789022796
train,0.037240937,0.5006534049658777,0.0033396253811528442,0.9966603746188472,0.49934659503412226
train,0.037070412,0.5006534049658777,0.003194424277624508,0.9968055757223755,0.49934659503412226
train,0.036823805,0.5018150137941049,0.003194424277624508,0.9968055757223755,0.49818498620589513
train,0.036661863,0.5018150137941049,0.0030492231740961717,0.9969507768259038,0.49818498620589513
train,0.03611349,0.5031218237258603,0.0030492231740961717,0.9969507768259038,0.49687817627413966
train,0.036112342,0.5031218237258603,0.0029040220705677244,0.9970959779294323,0.49687817627413966
train,0.021475943,0.5416001161608828,0.0029040220705677244,0.9970959779294323,0.45839988383911723
train,0.021468045,0.5416001161608828,0.002758820967039388,0.9972411790329606,0.45839988383911723
train,0.020779876,0.5429069260926384,0.002758820967039388,0.9972411790329606,0.45709307390736165
train,0.020770011,0.5429069260926384,0.002613619863510941,0.9973863801364891,0.45709307390736165
train,0.017909287,0.5506025845796428,0.002613619863510941,0.9973863801364891,0.44939741542035716
train,0.017891046,0.5506025845796428,0.0024684187599826046,0.9975315812400174,0.44939741542035716
train,0.0070907907,0.5761579788006389,0.0024684187599826046,0.9975315812400174,0.4238420211993611
train,0.0070008445,0.5761579788006389,0.0023232176564541573,0.9976767823435458,0.4238420211993611
train,-0.024072502,0.6535501669812691,0.0023232176564541573,0.9976767823435458,0.3464498330187309
train,-0.02416109,0.6535501669812691,0.002178016552925821,0.9978219834470742,0.3464498330187309
train,-0.032810625,0.6738783214752432,0.002178016552925821,0.9978219834470742,0.3261216785247568
train,-0.032820493,0.6738783214752432,0.002032815449397374,0.9979671845506026,0.3261216785247568
train,-0.034372374,0.6775083490634529,0.002032815449397374,0.9979671845506026,0.3224916509365471
train,-0.034472045,0.6775083490634529,0.0018876143458690375,0.998112385654131,0.3224916509365471
train,-0.046790466,0.7055321620444316,0.0018876143458690375,0.998112385654131,0.2944678379555684
train,-0.0468068,0.7055321620444316,0.0017424132423405903,0.9982575867576594,0.2944678379555684
train,-0.0661343,0.7488020908958908,0.0017424132423405903,0.9982575867576594,0.2511979091041092
train,-0.066137716,0.7488020908958908,0.001597212138812254,0.9984027878611877,0.2511979091041092
train,-0.06919294,0.7554813416581966,0.001597212138812254,0.9984027878611877,0.24451865834180342
train,-0.069211245,0.7554813416581966,0.0014520110352839177,0.9985479889647161,0.24451865834180342
train,-0.06957725,0.7564977493828953,0.0014520110352839177,0.9985479889647161,0.24350225061710473
train,-0.06957836,0.7564977493828953,0.0013068099317554704,0.9986931900682445,0.24350225061710473
train,-0.074582,0.7679686365616378,0.0013068099317554704,0.9986931900682445,0.23203136343836217
train,-0.07461674,0.7679686365616378,0.0011616088282271342,0.9988383911717729,0.23203136343836217
train,-0.07702933,0.7717438652533759,0.0011616088282271342,0.9988383911717729,0.2282561347466241
train,-0.077065416,0.7717438652533759,0.001016407724698687,0.9989835922753013,0.2282561347466241
train,-0.09145141,0.7981704660955423,0.001016407724698687,0.9989835922753013,0.20182953390445768
train,-0.0914643,0.7981704660955423,0.0008712066211703506,0.9991287933788296,0.20182953390445768
train,-0.10124222,0.817191810657761,0.0008712066211703506,0.9991287933788296,0.18280818934223897
train,-0.101288654,0.817191810657761,0.0007260055176419034,0.9992739944823581,0.18280818934223897
train,-0.11192942,0.8341803397705823,0.0007260055176419034,0.9992739944823581,0.16581966022941774
train,-0.11198272,0.8341803397705823,0.0005808044141135671,0.9994191955858864,0.16581966022941774
train,-0.12429357,0.8559605052998402,0.0005808044141135671,0.9994191955858864,0.14403949470015975
train,-0.12430274,0.8559605052998402,0.0004356033105851198,0.9995643966894149,0.14403949470015975
train,-0.13079768,0.8651081748221287,0.0004356033105851198,0.9995643966894149,0.13489182517787135
train,-0.1310901,0.8651081748221287,0.00029040220705678355,0.9997095977929432,0.13489182517787135
train,-0.221621,0.958327283287353,0.00029040220705678355,0.9997095977929432,0.04167271671264705
train,-0.22166486,0.958327283287353,0.00014520110352833626,0.9998547988964717,0.04167271671264705
train,-0.31661692,0.9921591404094671,0.00014520110352833626,0.9998547988964717,0.007840859590532934
train,-0.3166443,0.9921591404094671,0.0,1.0,0.007840859590532934
train,-0.50345874,1.0,0.0,1.0,0.0
validation,inf,0.0,1.0,0.0,1.0
validation,0.9817508,0.0,0.9993224932249323,0.0006775067750677507,1.0
validation,0.6022449,0.0,0.3407859078590786,0.6592140921409214,1.0
validation,0.6021288,0.0006775067750677507,0.3407859078590786,0.6592140921409214,0.9993224932249323
validation,0.5819375,0.0006775067750677507,0.2987804878048781,0.7012195121951219,0.9993224932249323
validation,0.58183575,0.0013550135501355014,0.2987804878048781,0.7012195121951219,0.9986449864498645
validation,0.5716512,0.0013550135501355014,0.2750677506775068,0.7249322493224932,0.9986449864498645
validation,0.57161933,0.0020325203252032522,0.2750677506775068,0.7249322493224932,0.9979674796747967
validation,0.55863124,0.0020325203252032522,0.24932249322493227,0.7506775067750677,0.9979674796747967
validation,0.557282,0.0027100271002710027,0.24932249322493227,0.7506775067750677,0.997289972899729
validation,0.5508327,0.0027100271002710027,0.23983739837398377,0.7601626016260162,0.997289972899729
validation,0.55014765,0.0033875338753387536,0.23983739837398377,0.7601626016260162,0.9966124661246613
validation,0.54995096,0.0033875338753387536,0.2384823848238482,0.7615176151761518,0.9966124661246613
validation,0.54989237,0.0040650406504065045,0.2384823848238482,0.7615176151761518,0.9959349593495935
validation,0.54302645,0.0040650406504065045,0.22628726287262868,0.7737127371273713,0.9959349593495935
validation,0.5429358,0.0047425474254742545,0.22628726287262868,0.7737127371273713,0.9952574525745257
validation,0.52943665,0.0047425474254742545,0.20392953929539293,0.7960704607046071,0.9952574525745257
validation,0.5281175,0.005420054200542005,0.20392953929539293,0.7960704607046071,0.994579945799458
validation,0.5057839,0.005420054200542005,0.17479674796747968,0.8252032520325203,0.994579945799458
validation,0.5052972,0.006097560975609756,0.17479674796747968,0.8252032520325203,0.9939024390243902
validation,0.50418556,0.006097560975609756,0.17411924119241196,0.825880758807588,0.9939024390243902
validation,0.5040604,0.006775067750677507,0.17411924119241196,0.825880758807588,0.9932249322493225
validation,0.5038058,0.006775067750677507,0.17208672086720866,0.8279132791327913,0.9932249322493225
validation,0.50357383,0.007452574525745257,0.17208672086720866,0.8279132791327913,0.9925474254742548
validation,0.49439898,0.007452574525745257,0.15921409214092141,0.8407859078590786,0.9925474254742548
validation,0.49416527,0.008130081300813009,0.15921409214092141,0.8407859078590786,0.991869918699187
validation,0.48543066,0.008130081300813009,0.15108401084010836,0.8489159891598916,0.991869918699187
validation,0.48507258,0.008807588075880758,0.15108401084010836,0.8489159891598916,0.9911924119241192
validation,0.47982034,0.008807588075880758,0.1470189701897019,0.8529810298102981,0.9911924119241192
validation,0.47902232,0.009485094850948509,0.1470189701897019,0.8529810298102981,0.9905149051490515
validation,0.47210807,0.009485094850948509,0.1422764227642277,0.8577235772357723,0.9905149051490515
validation,0.47196555,0.01016260162601626,0.1422764227642277,0.8577235772357723,0.9898373983739838
validation,0.4597675,0.01016260162601626,0.13143631436314362,0.8685636856368564,0.9898373983739838
validation,0.4597482,0.01084010840108401,0.13143631436314362,0.8685636856368564,0.989159891598916
validation,0.45806524,0.01084010840108401,0.1307588075880759,0.8692411924119241,0.989159891598916
validation,0.45584503,0.012872628726287264,0.1307588075880759,0.8692411924119241,0.9871273712737128
validation,0.45396417,0.012872628726287264,0.12804878048780488,0.8719512195121951,0.9871273712737128
validation,0.45373878,0.013550135501355014,0.12804878048780488,0.8719512195121951,0.986449864498645
validation,0.4444737,0.013550135501355014,0.11788617886178865,0.8821138211382114,0.986449864498645
validation,0.4438355,0.014227642276422764,0.11788617886178865,0.8821138211382114,0.9857723577235772
validation,0.4334225,0.014227642276422764,0.10840108401084014,0.8915989159891599,0.9857723577235772
validation,0.43190122,0.014905149051490514,0.10840108401084014,0.8915989159891599,0.9850948509485095
validation,0.43101516,0.014905149051490514,0.10704607046070458,0.8929539295392954,0.9850948509485095
validation,0.43006244,0.015582655826558265,0.10704607046070458,0.8929539295392954,0.9844173441734417
validation,0.42967567,0.015582655826558265,0.10636856368563685,0.8936314363143631,0.9844173441734417
validation,0.42944756,0.016260162601626018,0.10636856368563685,0.8936314363143631,0.983739837398374
validation,0.42347893,0.016260162601626018,0.10094850948509482,0.8990514905149052,0.983739837398374
validation,0.4230701,0.016937669376693765,0.10094850948509482,0.8990514905149052,0.9830623306233063
validation,0.41621938,0.016937669376693765,0.0982384823848238,0.9017615176151762,0.9830623306233063
validation,0.41491956,0.017615176151761516,0.0982384823848238,0.9017615176151762,0.9823848238482384
validation,0.41224378,0.017615176151761516,0.09688346883468835,0.9031165311653117,0.9823848238482384
validation,0.4121452,0.018292682926829267,0.09688346883468835,0.9031165311653117,0.9817073170731707
validation,0.40310162,0.018292682926829267,0.09146341463414631,0.9085365853658537,0.9817073170731707
validation,0.40223178,0.018970189701897018,0.09146341463414631,0.9085365853658537,0.981029810298103
validation,0.40130123,0.018970189701897018,0.09078590785907859,0.9092140921409214,0.981029810298103
validation,0.4009556,0.01964769647696477,0.09078590785907859,0.9092140921409214,0.9803523035230353
validation,0.39834648,0.01964769647696477,0.08943089430894313,0.9105691056910569,0.9803523035230353
validation,0.39813402,0.02032520325203252,0.08943089430894313,0.9105691056910569,0.9796747967479675
validation,0.3971516,0.02032520325203252,0.0887533875338753,0.9112466124661247,0.9796747967479675
validation,0.39475173,0.02100271002710027,0.0887533875338753,0.9112466124661247,0.9789972899728997
validation,0.3935066,0.02100271002710027,0.08739837398373984,0.9126016260162602,0.9789972899728997
validation,0.39333394,0.02168021680216802,0.08739837398373984,0.9126016260162602,0.978319783197832
validation,0.39294437,0.02168021680216802,0.08672086720867211,0.9132791327913279,0.978319783197832
validation,0.39209723,0.023035230352303523,0.08672086720867211,0.9132791327913279,0.9769647696476965
validation,0.38976145,0.023035230352303523,0.08536585365853655,0.9146341463414634,0.9769647696476965
validation,0.38951215,0.023712737127371274,0.08536585365853655,0.9146341463414634,0.9762872628726287
validation,0.38834393,0.023712737127371274,0.08468834688346882,0.9153116531165312,0.9762872628726287
validation,0.38799497,0.024390243902439025,0.08468834688346882,0.9153116531165312,0.975609756097561
validation,0.38712803,0.024390243902439025,0.0840108401084011,0.9159891598915989,0.975609756097561
validation,0.383835,0.027777777777777776,0.0840108401084011,0.9159891598915989,0.9722222222222222
validation,0.3823897,0.027777777777777776,0.08265582655826553,0.9173441734417345,0.9722222222222222
validation,0.38200814,0.028455284552845527,0.08265582655826553,0.9173441734417345,0.9715447154471545
validation,0.38103965,0.028455284552845527,0.07994579945799463,0.9200542005420054,0.9715447154471545
validation,0.38068235,0.029132791327913278,0.07994579945799463,0.9200542005420054,0.9708672086720868
validation,0.3803694,0.029132791327913278,0.07926829268292679,0.9207317073170732,0.9708672086720868
validation,0.3800987,0.02981029810298103,0.07926829268292679,0.9207317073170732,0.9701897018970189
validation,0.37633008,0.02981029810298103,0.07655826558265577,0.9234417344173442,0.9701897018970189
validation,0.3757487,0.03116531165311653,0.07655826558265577,0.9234417344173442,0.9688346883468835
validation,0.3753244,0.03116531165311653,0.07588075880758804,0.924119241192412,0.9688346883468835
validation,0.3735915,0.032520325203252036,0.07588075880758804,0.924119241192412,0.967479674796748
validation,0.37333632,0.032520325203252036,0.07520325203252032,0.9247967479674797,0.967479674796748
validation,0.37190205,0.03319783197831978,0.07520325203252032,0.9247967479674797,0.9668021680216802
validation,0.37104625,0.03319783197831978,0.07452574525745259,0.9254742547425474,0.9668021680216802
validation,0.36752975,0.034552845528455285,0.07452574525745259,0.9254742547425474,0.9654471544715447
validation,0.36373928,0.034552845528455285,0.0724932249322493,0.9275067750677507,0.9654471544715447
validation,0.36318707,0.03523035230352303,0.0724932249322493,0.9275067750677507,0.964769647696477
validation,0.35965574,0.03523035230352303,0.07181571815718157,0.9281842818428184,0.964769647696477
validation,0.35880995,0.03726287262872629,0.07181571815718157,0.9281842818428184,0.9627371273712737
validation,0.35815188,0.03726287262872629,0.07113821138211385,0.9288617886178862,0.9627371273712737
validation,0.35503662,0.03997289972899729,0.07113821138211385,0.9288617886178862,0.9600271002710027
validation,0.35463512,0.03997289972899729,0.07046070460704612,0.9295392953929539,0.9600271002710027
validation,0.35406297,0.04065040650406504,0.07046070460704612,0.9295392953929539,0.959349593495935
validation,0.35402432,0.04065040650406504,0.06978319783197828,0.9302168021680217,0.959349593495935
validation,0.35236785,0.04200542005420054,0.06978319783197828,0.9302168021680217,0.9579945799457995
validation,0.34386462,0.04200542005420054,0.06571815718157181,0.9342818428184282,0.9579945799457995
validation,0.34035197,0.04403794037940379,0.06571815718157181,0.9342818428184282,0.9559620596205962
validation,0.33475998,0.04403794037940379,0.06233062330623307,0.9376693766937669,0.9559620596205962
validation,0.3346649,0.044715447154471545,0.06233062330623307,0.9376693766937669,0.9552845528455285
validation,0.33448166,0.044715447154471545,0.06165311653116534,0.9383468834688347,0.9552845528455285
validation,0.3327434,0.04539295392953929,0.06165311653116534,0.9383468834688347,0.9546070460704608
validation,0.3314263,0.04539295392953929,0.06029810298102978,0.9397018970189702,0.9546070460704608
validation,0.33090577,0.046747967479674794,0.06029810298102978,0.9397018970189702,0.9532520325203252
validation,0.3301519,0.046747967479674794,0.05962059620596205,0.940379403794038,0.9532520325203252
validation,0.33006847,0.04742547425474255,0.05962059620596205,0.940379403794038,0.9525745257452575
validation,0.32532352,0.04742547425474255,0.05691056910569103,0.943089430894309,0.9525745257452575
validation,0.3246991,0.04878048780487805,0.05691056910569103,0.943089430894309,0.9512195121951219
validation,0.32240203,0.04878048780487805,0.054878048780487854,0.9451219512195121,0.9512195121951219
validation,0.31862363,0.05420054200542006,0.054878048780487854,0.9451219512195121,0.94579945799458
validation,0.31818002,0.05420054200542006,0.054200542005420016,0.94579945799458,0.94579945799458
validation,0.31749657,0.05623306233062331,0.054200542005420016,0.94579945799458,0.9437669376693767
validation,0.3168235,0.05623306233062331,0.05284552845528456,0.9471544715447154,0.9437669376693767
validation,0.31656623,0.056910569105691054,0.05284552845528456,0.9471544715447154,0.943089430894309
validation,0.31649932,0.056910569105691054,0.052168021680216836,0.9478319783197832,0.943089430894309
validation,0.31551683,0.058265582655826556,0.052168021680216836,0.9478319783197832,0.9417344173441734
validation,0.3145476,0.058265582655826556,0.05081300813008127,0.9491869918699187,0.9417344173441734
validation,0.31437188,0.05894308943089431,0.05081300813008127,0.9491869918699187,0.9410569105691057
validation,0.31282383,0.05894308943089431,0.04945799457994582,0.9505420054200542,0.9410569105691057
validation,0.30880937,0.06300813008130081,0.04945799457994582,0.9505420054200542,0.9369918699186992
validation,0.30642593,0.06300813008130081,0.048102981029810254,0.9518970189701897,0.9369918699186992
validation,0.30636847,0.06368563685636856,0.048102981029810254,0.9518970189701897,0.9363143631436315
validation,0.30506682,0.06368563685636856,0.04742547425474253,0.9525745257452575,0.9363143631436315
validation,0.30403942,0.06504065040650407,0.04742547425474253,0.9525745257452575,0.9349593495934959
validation,0.30395254,0.06504065040650407,0.0467479674796748,0.9532520325203252,0.9349593495934959
validation,0.30167624,0.06707317073170732,0.0467479674796748,0.9532520325203252,0.9329268292682926
validation,0.30082557,0.06707317073170732,0.046070460704607075,0.9539295392953929,0.9329268292682926
validation,0.29347372,0.07452574525745258,0.046070460704607075,0.9539295392953929,0.9254742547425474
validation,0.29150993,0.07452574525745258,0.044037940379403784,0.9559620596205962,0.9254742547425474
validation,0.2900957,0.07723577235772358,0.044037940379403784,0.9559620596205962,0.9227642276422764
validation,0.28980488,0.07723577235772358,0.04336043360433606,0.9566395663956639,0.9227642276422764
validation,0.28863972,0.07791327913279132,0.04336043360433606,0.9566395663956639,0.9220867208672087
validation,0.28854778,0.07791327913279132,0.04268292682926833,0.9573170731707317,0.9220867208672087
validation,0.28711206,0.07994579945799458,0.04268292682926833,0.9573170731707317,0.9200542005420054
validation,0.28676102,0.07994579945799458,0.04200542005420049,0.9579945799457995,0.9200542005420054
validation,0.28501263,0.08265582655826559,0.04200542005420049,0.9579945799457995,0.9173441734417345
validation,0.2833385,0.08265582655826559,0.041327913279132766,0.9586720867208672,0.9173441734417345
validation,0.282559,0.08333333333333333,0.041327913279132766,0.9586720867208672,0.9166666666666666
validation,0.28191006,0.08333333333333333,0.04065040650406504,0.959349593495935,0.9166666666666666
validation,0.27791926,0.08672086720867209,0.04065040650406504,0.959349593495935,0.9132791327913279
validation,0.27724892,0.08672086720867209,0.03929539295392959,0.9607046070460704,0.9132791327913279
validation,0.27641845,0.08739837398373984,0.03929539295392959,0.9607046070460704,0.9126016260162602
validation,0.27594277,0.08739837398373984,0.03861788617886175,0.9613821138211383,0.9126016260162602
validation,0.2738461,0.08943089430894309,0.03861788617886175,0.9613821138211383,0.9105691056910569
validation,0.27352273,0.08943089430894309,0.03794037940379402,0.962059620596206,0.9105691056910569
validation,0.27240387,0.09078590785907859,0.03794037940379402,0.962059620596206,0.9092140921409214
validation,0.271993,0.09078590785907859,0.037262872628726296,0.9627371273712737,0.9092140921409214
validation,0.27163032,0.0921409214092141,0.037262872628726296,0.9627371273712737,0.9078590785907859
validation,0.27065274,0.0921409214092141,0.03658536585365857,0.9634146341463414,0.9078590785907859
validation,0.2700326,0.09281842818428185,0.03658536585365857,0.9634146341463414,0.9071815718157181
validation,0.26988396,0.09281842818428185,0.03590785907859073,0.9640921409214093,0.9071815718157181
validation,0.26103142,0.10298102981029811,0.03590785907859073,0.9640921409214093,0.8970189701897019
validation,0.2603126,0.10298102981029811,0.035230352303523005,0.964769647696477,0.8970189701897019
validation,0.25726357,0.10569105691056911,0.035230352303523005,0.964769647696477,0.8943089430894309
validation,0.25707313,0.10569105691056911,0.03387533875338755,0.9661246612466124,0.8943089430894309
validation,0.25702125,0.10636856368563685,0.03387533875338755,0.9661246612466124,0.8936314363143631
validation,0.25679293,0.10636856368563685,0.033197831978319825,0.9668021680216802,0.8936314363143631
validation,0.2494191,0.11382113821138211,0.033197831978319825,0.9668021680216802,0.8861788617886179
validation,0.24914402,0.11382113821138211,0.03252032520325199,0.967479674796748,0.8861788617886179
validation,0.24650773,0.11924119241192412,0.03252032520325199,0.967479674796748,0.8807588075880759
validation,0.24623717,0.11924119241192412,0.03184281842818426,0.9681571815718157,0.8807588075880759
validation,0.24163473,0.12601626016260162,0.03184281842818426,0.9681571815718157,0.8739837398373984
validation,0.24134336,0.12601626016260162,0.031165311653116534,0.9688346883468835,0.8739837398373984
validation,0.23669933,0.13008130081300814,0.031165311653116534,0.9688346883468835,0.8699186991869918
validation,0.23607087,0.13008130081300814,0.02981029810298108,0.9701897018970189,0.8699186991869918
validation,0.23417205,0.13279132791327913,0.02981029810298108,0.9701897018970189,0.8672086720867209
validation,0.23357773,0.13279132791327913,0.029132791327913243,0.9708672086720868,0.8672086720867209
validation,0.232578,0.13414634146341464,0.029132791327913243,0.9708672086720868,0.8658536585365854
validation,0.23239353,0.13414634146341464,0.028455284552845517,0.9715447154471545,0.8658536585365854
validation,0.22687982,0.14092140921409213,0.028455284552845517,0.9715447154471545,0.8590785907859079
validation,0.22594278,0.14092140921409213,0.02777777777777779,0.9722222222222222,0.8590785907859079
validation,0.22346196,0.14498644986449866,0.02777777777777779,0.9722222222222222,0.8550135501355014
validation,0.22262433,0.14498644986449866,0.027100271002710064,0.9728997289972899,0.8550135501355014
validation,0.21533576,0.1524390243902439,0.027100271002710064,0.9728997289972899,0.8475609756097561
validation,0.21522476,0.1524390243902439,0.026422764227642226,0.9735772357723578,0.8475609756097561
validation,0.21460931,0.1537940379403794,0.026422764227642226,0.9735772357723578,0.8462059620596206
validation,0.21319582,0.1537940379403794,0.0257452574525745,0.9742547425474255,0.8462059620596206
validation,0.2111487,0.15718157181571815,0.0257452574525745,0.9742547425474255,0.8428184281842819
validation,0.20968235,0.15718157181571815,0.025067750677506773,0.9749322493224932,0.8428184281842819
validation,0.20700754,0.16124661246612465,0.025067750677506773,0.9749322493224932,0.8387533875338753
validation,0.20679948,0.16124661246612465,0.024390243902439046,0.975609756097561,0.8387533875338753
validation,0.20464046,0.1659891598915989,0.024390243902439046,0.975609756097561,0.8340108401084011
validation,0.20445211,0.1659891598915989,0.02371273712737132,0.9762872628726287,0.8340108401084011
validation,0.20259523,0.1673441734417344,0.02371273712737132,0.9762872628726287,0.8326558265582655
validation,0.20227839,0.1673441734417344,0.023035230352303482,0.9769647696476965,0.8326558265582655
validation,0.19201533,0.17953929539295393,0.023035230352303482,0.9769647696476965,0.820460704607046
validation,0.19195248,0.17953929539295393,0.022357723577235755,0.9776422764227642,0.820460704607046
validation,0.18804958,0.18834688346883469,0.022357723577235755,0.9776422764227642,0.8116531165311653
validation,0.18785812,0.18834688346883469,0.02168021680216803,0.978319783197832,0.8116531165311653
validation,0.17699096,0.20663956639566394,0.02168021680216803,0.978319783197832,0.7933604336043361
validation,0.17691307,0.20663956639566394,0.021002710027100302,0.9789972899728997,0.7933604336043361
validation,0.17689456,0.20799457994579945,0.021002710027100302,0.9789972899728997,0.7920054200542006
validation,0.17598268,0.20799457994579945,0.020325203252032575,0.9796747967479674,0.7920054200542006
validation,0.1686465,0.21612466124661248,0.020325203252032575,0.9796747967479674,0.7838753387533876
validation,0.16847199,0.21612466124661248,0.019647696476964738,0.9803523035230353,0.7838753387533876
validation,0.16606873,0.22018970189701897,0.019647696476964738,0.9803523035230353,0.7798102981029811
validation,0.1653341,0.22018970189701897,0.01897018970189701,0.981029810298103,0.7798102981029811
validation,0.16065921,0.22899728997289973,0.01897018970189701,0.981029810298103,0.7710027100271003
validation,0.16052638,0.22899728997289973,0.018292682926829285,0.9817073170731707,0.7710027100271003
validation,0.15896146,0.23306233062330622,0.018292682926829285,0.9817073170731707,0.7669376693766938
validation,0.158615,0.23306233062330622,0.017615176151761558,0.9823848238482384,0.7669376693766938
validation,0.1562551,0.23577235772357724,0.017615176151761558,0.9823848238482384,0.7642276422764227
validation,0.15624374,0.23577235772357724,0.01693766937669372,0.9830623306233063,0.7642276422764227
validation,0.15229936,0.24525745257452575,0.01693766937669372,0.9830623306233063,0.7547425474254743
validation,0.15152942,0.24525745257452575,0.016260162601625994,0.983739837398374,0.7547425474254743
validation,0.15066053,0.24661246612466126,0.016260162601625994,0.983739837398374,0.7533875338753387
validation,0.1505362,0.24661246612466126,0.015582655826558267,0.9844173441734417,0.7533875338753387
validation,0.14645407,0.252710027100271,0.015582655826558267,0.9844173441734417,0.747289972899729
validation,0.14536849,0.252710027100271,0.01490514905149054,0.9850948509485095,0.747289972899729
validation,0.13943699,0.268970189701897,0.01490514905149054,0.9850948509485095,0.731029810298103
validation,0.13927284,0.268970189701897,0.014227642276422814,0.9857723577235772,0.731029810298103
validation,0.12654024,0.29336043360433606,0.014227642276422814,0.9857723577235772,0.7066395663956639
validation,0.12615159,0.29336043360433606,0.01287262872628725,0.9871273712737128,0.7066395663956639
validation,0.121234916,0.30691056910569103,0.01287262872628725,0.9871273712737128,0.693089430894309
validation,0.12082009,0.30691056910569103,0.012195121951219523,0.9878048780487805,0.693089430894309
validation,0.107027225,0.3421409214092141,0.012195121951219523,0.9878048780487805,0.6578590785907859
validation,0.10697051,0.3421409214092141,0.011517615176151796,0.9884823848238482,0.6578590785907859
validation,0.106716216,0.3428184281842818,0.011517615176151796,0.9884823848238482,0.6571815718157181
validation,0.10670381,0.3428184281842818,0.010840108401083959,0.989159891598916,0.6571815718157181
validation,0.104142584,0.3523035230352303,0.010840108401083959,0.989159891598916,0.6476964769647697
validation,0.10408967,0.3523035230352303,0.010162601626016232,0.9898373983739838,0.6476964769647697
validation,0.09952233,0.3638211382113821,0.010162601626016232,0.9898373983739838,0.6361788617886179
validation,0.099276625,0.3638211382113821,0.009485094850948506,0.9905149051490515,0.6361788617886179
validation,0.09675311,0.3719512195121951,0.009485094850948506,0.9905149051490515,0.6280487804878049
validation,0.09649433,0.3719512195121951,0.008807588075880779,0.9911924119241192,0.6280487804878049
validation,0.078564145,0.41395663956639567,0.008807588075880779,0.9911924119241192,0.5860433604336044
validation,0.07835632,0.41395663956639567,0.008130081300813052,0.991869918699187,0.5860433604336044
validation,0.05027302,0.47831978319783197,0.008130081300813052,0.991869918699187,0.521680216802168
validation,0.05016019,0.47831978319783197,0.007452574525745215,0.9925474254742548,0.521680216802168
validation,0.03967879,0.5115176151761518,0.007452574525745215,0.9925474254742548,0.4884823848238482
validation,0.039653424,0.5115176151761518,0.006775067750677488,0.9932249322493225,0.4884823848238482
validation,0.03387985,0.5291327913279132,0.006775067750677488,0.9932249322493225,0.47086720867208676
validation,0.03380395,0.5291327913279132,0.0060975609756097615,0.9939024390243902,0.47086720867208676
validation,-0.0065834424,0.6253387533875339,0.0060975609756097615,0.9939024390243902,0.37466124661246614
validation,-0.0066832053,0.6253387533875339,0.005420054200542035,0.994579945799458,0.37466124661246614
validation,-0.028056072,0.6795392953929539,0.005420054200542035,0.994579945799458,0.3204607046070461
validation,-0.028843222,0.6795392953929539,0.004742547425474308,0.9952574525745257,0.3204607046070461
validation,-0.06724267,0.7621951219512195,0.004742547425474308,0.9952574525745257,0.23780487804878048
validation,-0.06746984,0.7621951219512195,0.004065040650406471,0.9959349593495935,0.23780487804878048
validation,-0.0680688,0.763550135501355,0.004065040650406471,0.9959349593495935,0.23644986449864502
validation,-0.06812627,0.763550135501355,0.003387533875338744,0.9966124661246613,0.23644986449864502
validation,-0.08253912,0.7926829268292683,0.003387533875338744,0.9966124661246613,0.20731707317073167
validation,-0.08321214,0.7926829268292683,0.0027100271002710175,0.997289972899729,0.20731707317073167
validation,-0.09345446,0.806910569105691,0.0027100271002710175,0.997289972899729,0.19308943089430897
validation,-0.09401272,0.806910569105691,0.002032520325203291,0.9979674796747967,0.19308943089430897
validation,-0.117601566,0.8509485094850948,0.002032520325203291,0.9979674796747967,0.14905149051490518
validation,-0.11787918,0.8509485094850948,0.0013550135501354532,0.9986449864498645,0.14905149051490518
validation,-0.17969175,0.9275067750677507,0.0013550135501354532,0.9986449864498645,0.0724932249322493
validation,-0.1798202,0.9275067750677507,0.0006775067750677266,0.9993224932249323,0.0724932249322493
validation,-0.18279685,0.9308943089430894,0.0006775067750677266,0.9993224932249323,0.06910569105691056
validation,-0.18377198,0.9308943089430894,0.0,1.0,0.06910569105691056
validation,-0.43134898,1.0,0.0,1.0,0.0
test,inf,0.0,1.0,0.0,1.0
test,0.9752779,0.0,0.9993224932249323,0.0006775067750677507,1.0
test,0.66770196,0.0,0.47831978319783197,0.521680216802168,1.0
test,0.6676371,0.0006775067750677507,0.47831978319783197,0.521680216802168,0.9993224932249323
test,0.6342666,0.0006775067750677507,0.3902439024390244,0.6097560975609756,0.9993224932249323
test,0.6337076,0.0013550135501355014,0.3902439024390244,0.6097560975609756,0.9986449864498645
test,0.6057905,0.0013550135501355014,0.32859078590785906,0.6714092140921409,0.9986449864498645
test,0.6052922,0.0020325203252032522,0.32859078590785906,0.6714092140921409,0.9979674796747967
test,0.55062246,0.0020325203252032522,0.22831978319783197,0.771680216802168,0.9979674796747967
test,0.55061966,0.0027100271002710027,0.22831978319783197,0.771680216802168,0.997289972899729
test,0.5225607,0.0027100271002710027,0.18766937669376693,0.8123306233062331,0.997289972899729
test,0.52205294,0.0033875338753387536,0.18766937669376693,0.8123306233062331,0.9966124661246613
test,0.5209226,0.0033875338753387536,0.18495934959349591,0.8150406504065041,0.9966124661246613
test,0.5200797,0.0040650406504065045,0.18495934959349591,0.8150406504065041,0.9959349593495935
test,0.51049817,0.0040650406504065045,0.16937669376693765,0.8306233062330624,0.9959349593495935
test,0.51040614,0.0047425474254742545,0.16937669376693765,0.8306233062330624,0.9952574525745257
test,0.5095802,0.0047425474254742545,0.16734417344173447,0.8326558265582655,0.9952574525745257
test,0.50917023,0.005420054200542005,0.16734417344173447,0.8326558265582655,0.994579945799458
test,0.49148324,0.005420054200542005,0.14092140921409213,0.8590785907859079,0.994579945799458
test,0.4901376,0.006097560975609756,0.14092140921409213,0.8590785907859079,0.9939024390243902
test,0.47959796,0.006097560975609756,0.13211382113821135,0.8678861788617886,0.9939024390243902
test,0.47936973,0.006775067750677507,0.13211382113821135,0.8678861788617886,0.9932249322493225
test,0.47335714,0.006775067750677507,0.12669376693766943,0.8733062330623306,0.9932249322493225
test,0.4725673,0.007452574525745257,0.12669376693766943,0.8733062330623306,0.9925474254742548
test,0.4720563,0.007452574525745257,0.1260162601626016,0.8739837398373984,0.9925474254742548
test,0.4709969,0.008130081300813009,0.1260162601626016,0.8739837398373984,0.991869918699187
test,0.4566297,0.008130081300813009,0.1077235772357723,0.8922764227642277,0.991869918699187
test,0.45646927,0.008807588075880758,0.1077235772357723,0.8922764227642277,0.9911924119241192
test,0.45605126,0.008807588075880758,0.10704607046070458,0.8929539295392954,0.9911924119241192
test,0.45467174,0.009485094850948509,0.10704607046070458,0.8929539295392954,0.9905149051490515
test,0.44803932,0.009485094850948509,0.09891598915989164,0.9010840108401084,0.9905149051490515
test,0.44694826,0.01016260162601626,0.09891598915989164,0.9010840108401084,0.9898373983739838
test,0.43903944,0.01016260162601626,0.09214092140921404,0.907859078590786,0.9898373983739838
test,0.4389678,0.01084010840108401,0.09214092140921404,0.907859078590786,0.989159891598916
test,0.4318367,0.01084010840108401,0.08807588075880757,0.9119241192411924,0.989159891598916
test,0.43144414,0.011517615176151762,0.08807588075880757,0.9119241192411924,0.9884823848238482
test,0.43095955,0.011517615176151762,0.08536585365853655,0.9146341463414634,0.9884823848238482
test,0.43054965,0.012872628726287264,0.08536585365853655,0.9146341463414634,0.9871273712737128
test,0.42903885,0.012872628726287264,0.08468834688346882,0.9153116531165312,0.9871273712737128
test,0.42848644,0.013550135501355014,0.08468834688346882,0.9153116531165312,0.986449864498645
test,0.4249767,0.013550135501355014,0.07994579945799463,0.9200542005420054,0.986449864498645
test,0.42238745,0.014905149051490514,0.07994579945799463,0.9200542005420054,0.9850948509485095
test,0.4166114,0.014905149051490514,0.07859078590785906,0.9214092140921409,0.9850948509485095
test,0.41634408,0.015582655826558265,0.07859078590785906,0.9214092140921409,0.9844173441734417
test,0.41631275,0.015582655826558265,0.07791327913279134,0.9220867208672087,0.9844173441734417
test,0.41547337,0.016260162601626018,0.07791327913279134,0.9220867208672087,0.983739837398374
test,0.4134232,0.016260162601626018,0.07520325203252032,0.9247967479674797,0.983739837398374
test,0.4129911,0.016937669376693765,0.07520325203252032,0.9247967479674797,0.9830623306233063
test,0.41117802,0.016937669376693765,0.07317073170731703,0.926829268292683,0.9830623306233063
test,0.41046718,0.017615176151761516,0.07317073170731703,0.926829268292683,0.9823848238482384
test,0.4100471,0.017615176151761516,0.0724932249322493,0.9275067750677507,0.9823848238482384
test,0.40900195,0.018292682926829267,0.0724932249322493,0.9275067750677507,0.9817073170731707
test,0.408431,0.018292682926829267,0.07181571815718157,0.9281842818428184,0.9817073170731707
test,0.40520042,0.02032520325203252,0.07181571815718157,0.9281842818428184,0.9796747967479675
test,0.40505677,0.02032520325203252,0.07113821138211385,0.9288617886178862,0.9796747967479675
test,0.4034838,0.02100271002710027,0.07113821138211385,0.9288617886178862,0.9789972899728997
test,0.40233132,0.02100271002710027,0.07046070460704612,0.9295392953929539,0.9789972899728997
test,0.4008928,0.02168021680216802,0.07046070460704612,0.9295392953929539,0.978319783197832
test,0.39916524,0.02168021680216802,0.0677506775067751,0.9322493224932249,0.978319783197832
test,0.39879858,0.022357723577235773,0.0677506775067751,0.9322493224932249,0.9776422764227642
test,0.39782152,0.022357723577235773,0.06707317073170727,0.9329268292682927,0.9776422764227642
test,0.3962574,0.024390243902439025,0.06707317073170727,0.9329268292682927,0.975609756097561
test,0.39283183,0.024390243902439025,0.06368563685636852,0.9363143631436315,0.975609756097561
test,0.39180505,0.025067750677506776,0.06368563685636852,0.9363143631436315,0.9749322493224932
test,0.39006576,0.025067750677506776,0.06233062330623307,0.9376693766937669,0.9749322493224932
test,0.38899887,0.025745257452574527,0.06233062330623307,0.9376693766937669,0.9742547425474255
test,0.3870337,0.025745257452574527,0.06165311653116534,0.9383468834688347,0.9742547425474255
test,0.3867904,0.026422764227642278,0.06165311653116534,0.9383468834688347,0.9735772357723578
test,0.38509014,0.026422764227642278,0.06029810298102978,0.9397018970189702,0.9735772357723578
test,0.38489303,0.027777777777777776,0.06029810298102978,0.9397018970189702,0.9722222222222222
test,0.3839343,0.027777777777777776,0.0582655826558266,0.9417344173441734,0.9722222222222222
test,0.3816537,0.028455284552845527,0.0582655826558266,0.9417344173441734,0.9715447154471545
test,0.38041955,0.028455284552845527,0.05691056910569103,0.943089430894309,0.9715447154471545
test,0.37926254,0.02981029810298103,0.05691056910569103,0.943089430894309,0.9701897018970189
test,0.3753829,0.02981029810298103,0.05352303523035229,0.9464769647696477,0.9701897018970189
test,0.37465245,0.03116531165311653,0.05352303523035229,0.9464769647696477,0.9688346883468835
test,0.37378415,0.03116531165311653,0.052168021680216836,0.9478319783197832,0.9688346883468835
test,0.37071908,0.032520325203252036,0.052168021680216836,0.9478319783197832,0.967479674796748
test,0.36755723,0.032520325203252036,0.051490514905149,0.948509485094851,0.967479674796748
test,0.36575013,0.03319783197831978,0.051490514905149,0.948509485094851,0.9668021680216802
test,0.36500093,0.03319783197831978,0.05081300813008127,0.9491869918699187,0.9668021680216802
test,0.3648568,0.03387533875338753,0.05081300813008127,0.9491869918699187,0.9661246612466124
test,0.36436644,0.03387533875338753,0.050135501355013545,0.9498644986449865,0.9661246612466124
test,0.36385292,0.034552845528455285,0.050135501355013545,0.9498644986449865,0.9654471544715447
test,0.36244896,0.034552845528455285,0.04878048780487809,0.9512195121951219,0.9654471544715447
test,0.36024293,0.03523035230352303,0.04878048780487809,0.9512195121951219,0.964769647696477
test,0.35933518,0.03523035230352303,0.0467479674796748,0.9532520325203252,0.964769647696477
test,0.3586149,0.03590785907859079,0.0467479674796748,0.9532520325203252,0.9640921409214092
test,0.35844767,0.03590785907859079,0.046070460704607075,0.9539295392953929,0.9640921409214092
test,0.3584135,0.036585365853658534,0.046070460704607075,0.9539295392953929,0.9634146341463414
test,0.35789272,0.036585365853658534,0.044037940379403784,0.9559620596205962,0.9634146341463414
test,0.35479164,0.03726287262872629,0.044037940379403784,0.9559620596205962,0.9627371273712737
test,0.35400364,0.03726287262872629,0.04268292682926833,0.9573170731707317,0.9627371273712737
test,0.35132998,0.037940379403794036,0.04268292682926833,0.9573170731707317,0.962059620596206
test,0.34932607,0.037940379403794036,0.041327913279132766,0.9586720867208672,0.962059620596206
test,0.34932518,0.03861788617886179,0.041327913279132766,0.9586720867208672,0.9613821138211383
test,0.349268,0.03861788617886179,0.04065040650406504,0.959349593495935,0.9613821138211383
test,0.3488039,0.03929539295392954,0.04065040650406504,0.959349593495935,0.9607046070460704
test,0.3468086,0.03929539295392954,0.03997289972899731,0.9600271002710027,0.9607046070460704
test,0.34516573,0.041327913279132794,0.03997289972899731,0.9600271002710027,0.9586720867208672
test,0.34230435,0.041327913279132794,0.03658536585365857,0.9634146341463414,0.9586720867208672
test,0.3417076,0.042682926829268296,0.03658536585365857,0.9634146341463414,0.9573170731707317
test,0.3416023,0.042682926829268296,0.03590785907859073,0.9640921409214093,0.9573170731707317
test,0.3369599,0.046747967479674794,0.03590785907859073,0.9640921409214093,0.9532520325203252
test,0.33685246,0.046747967479674794,0.035230352303523005,0.964769647696477,0.9532520325203252
test,0.33408323,0.04878048780487805,0.035230352303523005,0.964769647696477,0.9512195121951219
test,0.3336596,0.04878048780487805,0.03455284552845528,0.9654471544715447,0.9512195121951219
test,0.33227065,0.0494579945799458,0.03455284552845528,0.9654471544715447,0.9505420054200542
test,0.33111608,0.0494579945799458,0.03387533875338755,0.9661246612466124,0.9505420054200542
test,0.32991368,0.0508130081300813,0.03387533875338755,0.9661246612466124,0.9491869918699187
test,0.32970855,0.0508130081300813,0.033197831978319825,0.9668021680216802,0.9491869918699187
test,0.32902825,0.051490514905149054,0.033197831978319825,0.9668021680216802,0.948509485094851
test,0.3288689,0.051490514905149054,0.03252032520325199,0.967479674796748,0.948509485094851
test,0.32796562,0.052845528455284556,0.03252032520325199,0.967479674796748,0.9471544715447154
test,0.32749966,0.052845528455284556,0.031165311653116534,0.9688346883468835,0.9471544715447154
test,0.3255691,0.054878048780487805,0.031165311653116534,0.9688346883468835,0.9451219512195121
test,0.3251121,0.054878048780487805,0.030487804878048808,0.9695121951219512,0.9451219512195121
test,0.32393554,0.05555555555555555,0.030487804878048808,0.9695121951219512,0.9444444444444444
test,0.32370403,0.05555555555555555,0.02981029810298108,0.9701897018970189,0.9444444444444444
test,0.31547675,0.06504065040650407,0.02981029810298108,0.9701897018970189,0.9349593495934959
test,0.31519175,0.06504065040650407,0.029132791327913243,0.9708672086720868,0.9349593495934959
test,0.3142106,0.06707317073170732,0.029132791327913243,0.9708672086720868,0.9329268292682926
test,0.31391516,0.06707317073170732,0.028455284552845517,0.9715447154471545,0.9329268292682926
test,0.3126405,0.06910569105691057,0.028455284552845517,0.9715447154471545,0.9308943089430894
test,0.30786943,0.06910569105691057,0.027100271002710064,0.9728997289972899,0.9308943089430894
test,0.30242443,0.07181571815718157,0.027100271002710064,0.9728997289972899,0.9281842818428184
test,0.30213168,0.07181571815718157,0.026422764227642226,0.9735772357723578,0.9281842818428184
test,0.2987395,0.07384823848238482,0.026422764227642226,0.9735772357723578,0.9261517615176151
test,0.29838267,0.07384823848238482,0.0257452574525745,0.9742547425474255,0.9261517615176151
test,0.29506692,0.07452574525745258,0.0257452574525745,0.9742547425474255,0.9254742547425474
test,0.2942381,0.07452574525745258,0.025067750677506773,0.9749322493224932,0.9254742547425474
test,0.2917953,0.07588075880758807,0.025067750677506773,0.9749322493224932,0.924119241192412
test,0.29061916,0.07588075880758807,0.023035230352303482,0.9769647696476965,0.924119241192412
test,0.2887738,0.07723577235772358,0.023035230352303482,0.9769647696476965,0.9227642276422764
test,0.28804865,0.07723577235772358,0.022357723577235755,0.9776422764227642,0.9227642276422764
test,0.27746126,0.08807588075880758,0.022357723577235755,0.9776422764227642,0.9119241192411924
test,0.27697295,0.08807588075880758,0.02168021680216803,0.978319783197832,0.9119241192411924
test,0.26348487,0.10230352303523035,0.02168021680216803,0.978319783197832,0.8976964769647696
test,0.26346394,0.10230352303523035,0.021002710027100302,0.9789972899728997,0.8976964769647696
test,0.26179245,0.1043360433604336,0.021002710027100302,0.9789972899728997,0.8956639566395664
test,0.26035514,0.1043360433604336,0.020325203252032575,0.9796747967479674,0.8956639566395664
test,0.25380668,0.11246612466124661,0.020325203252032575,0.9796747967479674,0.8875338753387534
test,0.25370848,0.11246612466124661,0.019647696476964738,0.9803523035230353,0.8875338753387534
test,0.21914165,0.1497289972899729,0.019647696476964738,0.9803523035230353,0.8502710027100271
test,0.21906881,0.1497289972899729,0.01897018970189701,0.981029810298103,0.8502710027100271
test,0.20803827,0.1673441734417344,0.01897018970189701,0.981029810298103,0.8326558265582655
test,0.20779476,0.1673441734417344,0.018292682926829285,0.9817073170731707,0.8326558265582655
test,0.20560762,0.17073170731707318,0.018292682926829285,0.9817073170731707,0.8292682926829268
test,0.20552528,0.17073170731707318,0.017615176151761558,0.9823848238482384,0.8292682926829268
test,0.20212571,0.17479674796747968,0.017615176151761558,0.9823848238482384,0.8252032520325203
test,0.20196085,0.17479674796747968,0.01693766937669372,0.9830623306233063,0.8252032520325203
test,0.20058255,0.17818428184281843,0.01693766937669372,0.9830623306233063,0.8218157181571816
test,0.19943774,0.17818428184281843,0.016260162601625994,0.983739837398374,0.8218157181571816
test,0.19299752,0.19241192411924118,0.016260162601625994,0.983739837398374,0.8075880758807588
test,0.19241843,0.19241192411924118,0.015582655826558267,0.9844173441734417,0.8075880758807588
test,0.19135855,0.19444444444444445,0.015582655826558267,0.9844173441734417,0.8055555555555556
test,0.19125135,0.19444444444444445,0.01490514905149054,0.9850948509485095,0.8055555555555556
test,0.17599697,0.22018970189701897,0.01490514905149054,0.9850948509485095,0.7798102981029811
test,0.17595376,0.22018970189701897,0.014227642276422814,0.9857723577235772,0.7798102981029811
test,0.17510484,0.2222222222222222,0.014227642276422814,0.9857723577235772,0.7777777777777778
test,0.17475645,0.2222222222222222,0.013550135501354976,0.986449864498645,0.7777777777777778
test,0.1537081,0.25203252032520324,0.013550135501354976,0.986449864498645,0.7479674796747968
test,0.1534684,0.25203252032520324,0.01287262872628725,0.9871273712737128,0.7479674796747968
test,0.1488335,0.26490514905149054,0.01287262872628725,0.9871273712737128,0.7350948509485095
test,0.14863157,0.26490514905149054,0.012195121951219523,0.9878048780487805,0.7350948509485095
test,0.13673845,0.29132791327913277,0.012195121951219523,0.9878048780487805,0.7086720867208672
test,0.13625006,0.29132791327913277,0.011517615176151796,0.9884823848238482,0.7086720867208672
test,0.13176957,0.30284552845528456,0.011517615176151796,0.9884823848238482,0.6971544715447154
test,0.13176312,0.30284552845528456,0.010840108401083959,0.989159891598916,0.6971544715447154
test,0.10830347,0.3516260162601626,0.010840108401083959,0.989159891598916,0.6483739837398375
test,0.10750583,0.3516260162601626,0.010162601626016232,0.9898373983739838,0.6483739837398375
test,0.10566989,0.35501355013550134,0.010162601626016232,0.9898373983739838,0.6449864498644986
test,0.10559554,0.35501355013550134,0.009485094850948506,0.9905149051490515,0.6449864498644986
test,0.09763604,0.3719512195121951,0.009485094850948506,0.9905149051490515,0.6280487804878049
test,0.09705296,0.3719512195121951,0.008807588075880779,0.9911924119241192,0.6280487804878049
test,0.08100946,0.41124661246612465,0.008807588075880779,0.9911924119241192,0.5887533875338753
test,0.08082252,0.41124661246612465,0.008130081300813052,0.991869918699187,0.5887533875338753
test,0.07947838,0.4146341463414634,0.008130081300813052,0.991869918699187,0.5853658536585367
test,0.078911856,0.4146341463414634,0.007452574525745215,0.9925474254742548,0.5853658536585367
test,0.07113198,0.43766937669376693,0.007452574525745215,0.9925474254742548,0.5623306233062331
test,0.07082248,0.43766937669376693,0.006775067750677488,0.9932249322493225,0.5623306233062331
test,0.059922196,0.45867208672086723,0.006775067750677488,0.9932249322493225,0.5413279132791328
test,0.059809446,0.45867208672086723,0.0060975609756097615,0.9939024390243902,0.5413279132791328
test,0.049874444,0.481029810298103,0.0060975609756097615,0.9939024390243902,0.518970189701897
test,0.049863134,0.481029810298103,0.005420054200542035,0.994579945799458,0.518970189701897
test,-0.021061022,0.6327913279132791,0.005420054200542035,0.994579945799458,0.3672086720867209
test,-0.021198887,0.6327913279132791,0.004742547425474308,0.9952574525745257,0.3672086720867209
test,-0.022852067,0.6388888888888888,0.004742547425474308,0.9952574525745257,0.36111111111111116
test,-0.02290756,0.6388888888888888,0.004065040650406471,0.9959349593495935,0.36111111111111116
test,-0.028029382,0.6565040650406504,0.004065040650406471,0.9959349593495935,0.3434959349593496
test,-0.028238036,0.6565040650406504,0.003387533875338744,0.9966124661246613,0.3434959349593496
test,-0.047780804,0.7086720867208672,0.003387533875338744,0.9966124661246613,0.29132791327913277
test,-0.04785491,0.7086720867208672,0.0027100271002710175,0.997289972899729,0.29132791327913277
test,-0.09352978,0.823170731707317,0.0027100271002710175,0.997289972899729,0.17682926829268297
test,-0.09361899,0.823170731707317,0.002032520325203291,0.9979674796747967,0.17682926829268297
test,-0.18787727,0.9376693766937669,0.002032520325203291,0.9979674796747967,0.06233062330623307
test,-0.18839747,0.9376693766937669,0.0013550135501354532,0.9986449864498645,0.06233062330623307
test,-0.21841368,0.9613821138211383,0.0013550135501354532,0.9986449864498645,0.03861788617886175
test,-0.21845679,0.9613821138211383,0.0006775067750677266,0.9993224932249323,0.03861788617886175
test,-0.26178396,0.9817073170731707,0.0006775067750677266,0.9993224932249323,0.018292682926829285
test,-0.26330414,0.9817073170731707,0.0,1.0,0.018292682926829285
test,-0.35924855,1.0,0.0,1.0,0.0
