image1,image2,identity1,identity2,demographic1,demographic2,gender1,gender2,age1,age2,label,cosine_similarity,euclidean_distance,cosine_distance
data\processed\bfw\asian\n009279\0185_01.jpg,data\processed\bfw\asian\n004935\0165_02.jpg,n009279,n004935,asian,asian,females,males,,,0,0.06762943,27.431433,0.93237054
data\processed\bfw\asian\n000135\0081_01.jpg,data\processed\bfw\asian\n000135\0208_01.jpg,n000135,n000135,asian,asian,females,females,,,1,0.30431813,24.863691,0.69568187
data\processed\bfw\asian\n004870\0028_10.jpg,data\processed\bfw\asian\n004870\0156_01.jpg,n004870,n004870,asian,asian,females,females,,,1,0.45836383,21.006039,0.54163617
data\processed\bfw\asian\n007899\0095_01.jpg,data\processed\bfw\asian\n007899\0213_01.jpg,n007899,n007899,asian,asian,females,females,,,1,0.29983643,22.306145,0.7001636
data\processed\bfw\asian\n008978\0035_01.jpg,data\processed\bfw\asian\n003355\0252_02.jpg,n008978,n003355,asian,asian,females,males,,,0,-0.033654124,30.53739,1.0336541
data\processed\bfw\asian\n003557\0053_01.jpg,data\processed\bfw\asian\n003557\0088_04.jpg,n003557,n003557,asian,asian,females,females,,,1,0.22496365,20.769997,0.77503633
data\processed\bfw\asian\n003489\0138_01.jpg,data\processed\bfw\asian\n004681\0233_01.jpg,n003489,n004681,asian,asian,males,males,,,0,0.089716,25.787523,0.910284
data\processed\bfw\asian\n006358\0054_02.jpg,data\processed\bfw\asian\n006358\0125_01.jpg,n006358,n006358,asian,asian,females,females,,,1,0.51575536,21.623184,0.48424464
data\processed\bfw\asian\n004860\0107_01.jpg,data\processed\bfw\asian\n003635\0109_04.jpg,n004860,n003635,asian,asian,females,males,,,0,-0.056200948,28.380894,1.056201
data\processed\bfw\asian\n004800\0390_01.jpg,data\processed\bfw\asian\n003463\0165_01.jpg,n004800,n003463,asian,asian,males,males,,,0,-0.03471136,30.062262,1.0347114
data\processed\bfw\asian\n005177\0321_01.jpg,data\processed\bfw\asian\n001496\0642_01.jpg,n005177,n001496,asian,asian,males,males,,,0,0.07517494,27.60289,0.9248251
data\processed\bfw\asian\n003449\0418_01.jpg,data\processed\bfw\asian\n004109\0554_02.jpg,n003449,n004109,asian,asian,females,males,,,0,0.030549165,26.946405,0.96945083
data\processed\bfw\asian\n003357\0034_01.jpg,data\processed\bfw\asian\n000132\0094_02__face_0.jpg,n003357,n000132,asian,asian,females,males,,,0,0.01991426,25.76717,0.98008573
data\processed\bfw\asian\n007738\0058_02.jpg,data\processed\bfw\asian\n007738\0440_01.jpg,n007738,n007738,asian,asian,females,females,,,1,0.033099808,22.967596,0.96690017
data\processed\bfw\asian\n005216\0017_01.jpg,data\processed\bfw\asian\n005216\0119_01.jpg,n005216,n005216,asian,asian,females,females,,,1,0.32346132,23.907345,0.6765387
data\processed\bfw\asian\n000009\0188_01.jpg,data\processed\bfw\asian\n000009\0244_01.jpg,n000009,n000009,asian,asian,females,females,,,1,0.014147115,26.315714,0.9858529
data\processed\bfw\asian\n008148\0102_01.jpg,data\processed\bfw\asian\n004549\0073_01.jpg,n008148,n004549,asian,asian,females,females,,,0,0.2213058,21.769295,0.7786942
data\processed\bfw\asian\n000856\0285_01.jpg,data\processed\bfw\asian\n000856\0538_01.jpg,n000856,n000856,asian,asian,females,females,,,1,0.27740997,22.65399,0.72259
data\processed\bfw\asian\n006619\0334_03.jpg,data\processed\bfw\asian\n001572\0349_01.jpg,n006619,n001572,asian,asian,females,females,,,0,0.059900843,24.651747,0.9400992
data\processed\bfw\asian\n006418\0071_04.jpg,data\processed\bfw\asian\n003467\0188_03.jpg,n006418,n003467,asian,asian,females,females,,,0,0.13834052,22.270643,0.86165947
data\processed\bfw\asian\n004791\0208_01.jpg,data\processed\bfw\asian\n004791\0440_01.jpg,n004791,n004791,asian,asian,males,males,,,1,0.538447,18.524878,0.46155298
data\processed\bfw\asian\n003155\0043_01.jpg,data\processed\bfw\asian\n003155\1012_07.jpg,n003155,n003155,asian,asian,males,males,,,1,0.1860918,29.512474,0.8139082
data\processed\bfw\asian\n009279\0179_01.jpg,data\processed\bfw\asian\n009279\0193_01.jpg,n009279,n009279,asian,asian,females,females,,,1,0.21842656,23.724491,0.7815734
data\processed\bfw\asian\n004794\0015_05.jpg,data\processed\bfw\asian\n004794\0043_01.jpg,n004794,n004794,asian,asian,males,males,,,1,0.3889044,21.03246,0.6110956
data\processed\bfw\asian\n000873\0085_02.jpg,data\processed\bfw\asian\n000873\0257_02.jpg,n000873,n000873,asian,asian,males,males,,,1,0.24386694,23.926105,0.7561331
data\processed\bfw\asian\n007385\0500_01.jpg,data\processed\bfw\asian\n005474\0176_04.jpg,n007385,n005474,asian,asian,females,females,,,0,0.15869084,26.29478,0.8413092
data\processed\bfw\asian\n006223\0167_01.jpg,data\processed\bfw\asian\n004877\0100_01.jpg,n006223,n004877,asian,asian,females,females,,,0,0.041474167,24.116356,0.95852584
data\processed\bfw\asian\n001976\0237_01.jpg,data\processed\bfw\asian\n006634\0023_08.jpg,n001976,n006634,asian,asian,males,females,,,0,-0.066647865,27.327066,1.0666479
data\processed\bfw\asian\n003463\0179_02.jpg,data\processed\bfw\asian\n005077\0104_01.jpg,n003463,n005077,asian,asian,males,females,,,0,0.016133057,28.992702,0.98386693
data\processed\bfw\asian\n005078\0183_01.jpg,data\processed\bfw\asian\n005078\0638_01.jpg,n005078,n005078,asian,asian,males,males,,,1,0.5884645,20.476725,0.4115355
data\processed\bfw\asian\n000873\0106_01.jpg,data\processed\bfw\asian\n000840\0060_01.jpg,n000873,n000840,asian,asian,males,females,,,0,-0.06294143,26.777634,1.0629414
data\processed\bfw\asian\n000009\0122_02.jpg,data\processed\bfw\asian\n000009\0244_01.jpg,n000009,n000009,asian,asian,females,females,,,1,0.0020513453,24.144304,0.99794865
data\processed\bfw\asian\n000872\0085_01.jpg,data\processed\bfw\asian\n000872\0203_01.jpg,n000872,n000872,asian,asian,males,males,,,1,0.41420162,23.847603,0.5857984
data\processed\bfw\asian\n006634\0135_01.jpg,data\processed\bfw\asian\n006149\0005_01.jpg,n006634,n006149,asian,asian,females,females,,,0,0.10176601,24.572355,0.898234
data\processed\bfw\asian\n007664\0085_01.jpg,data\processed\bfw\asian\n002725\0007_03.jpg,n007664,n002725,asian,asian,females,females,,,0,-0.15739514,34.102764,1.1573951
data\processed\bfw\asian\n003357\0074_01.jpg,data\processed\bfw\asian\n007378\0049_01.jpg,n003357,n007378,asian,asian,females,females,,,0,0.18918335,24.335033,0.81081665
data\processed\bfw\asian\n000139\0261_01.jpg,data\processed\bfw\asian\n005116\0072_01.jpg,n000139,n005116,asian,asian,females,males,,,0,-0.0057463977,28.840643,1.0057464
data\processed\bfw\asian\n006148\0040_01.jpg,data\processed\bfw\asian\n006148\0607_02.jpg,n006148,n006148,asian,asian,females,females,,,1,0.20545566,26.378803,0.79454434
data\processed\bfw\asian\n000160\0367_03.jpg,data\processed\bfw\asian\n006619\0553_01.jpg,n000160,n006619,asian,asian,females,females,,,0,0.081848055,22.62239,0.918152
data\processed\bfw\asian\n002320\0006_01.jpg,data\processed\bfw\asian\n004469\0019_02.jpg,n002320,n004469,asian,asian,males,males,,,0,0.0023696946,28.490223,0.9976303
data\processed\bfw\asian\n000138\0164_01.jpg,data\processed\bfw\asian\n000138\0326_01.jpg,n000138,n000138,asian,asian,females,females,,,1,0.24845739,21.691826,0.7515426
data\processed\bfw\asian\n004725\0341_01.jpg,data\processed\bfw\asian\n006634\0166_01.jpg,n004725,n006634,asian,asian,males,females,,,0,-0.025543125,31.40067,1.0255431
data\processed\bfw\asian\n007380\0070_01.jpg,data\processed\bfw\asian\n007380\0525_01.jpg,n007380,n007380,asian,asian,females,females,,,1,0.009936702,25.267637,0.9900633
data\processed\bfw\asian\n009287\0160_01.jpg,data\processed\bfw\asian\n009287\0185_01.jpg,n009287,n009287,asian,asian,females,females,,,1,0.5678644,21.194078,0.43213558
data\processed\bfw\asian\n005071\0055_02.jpg,data\processed\bfw\asian\n005063\0030_01.jpg,n005071,n005063,asian,asian,males,females,,,0,0.040263552,25.411888,0.95973647
data\processed\bfw\asian\n004681\0101_01.jpg,data\processed\bfw\asian\n005216\0307_01.jpg,n004681,n005216,asian,asian,males,females,,,0,0.053088047,26.47779,0.94691193
data\processed\bfw\asian\n008934\0108_01.jpg,data\processed\bfw\asian\n000840\0036_03.jpg,n008934,n000840,asian,asian,females,females,,,0,0.078087315,27.30039,0.92191267
data\processed\bfw\asian\n000873\0111_01.jpg,data\processed\bfw\asian\n000873\0496_01.jpg,n000873,n000873,asian,asian,males,males,,,1,0.44811055,20.889147,0.5518894
data\processed\bfw\asian\n002320\0171_01.jpg,data\processed\bfw\asian\n000135\0272_01.jpg,n002320,n000135,asian,asian,males,females,,,0,-0.16566928,30.02701,1.1656693
data\processed\bfw\asian\n000138\0067_01.jpg,data\processed\bfw\asian\n000138\0087_03.jpg,n000138,n000138,asian,asian,females,females,,,1,0.47387394,19.811577,0.526126
data\processed\bfw\asian\n008401\0399_01.jpg,data\processed\bfw\asian\n009287\0033_01.jpg,n008401,n009287,asian,asian,females,females,,,0,0.05181029,26.704502,0.94818974
data\processed\bfw\asian\n000161\0241_01.jpg,data\processed\bfw\asian\n006634\0135_01.jpg,n000161,n006634,asian,asian,males,females,,,0,-0.15729587,28.812344,1.1572958
data\processed\bfw\asian\n004935\0061_01.jpg,data\processed\bfw\asian\n009277\0113_01.jpg,n004935,n009277,asian,asian,males,females,,,0,0.01952844,28.614973,0.98047155
data\processed\bfw\asian\n004221\0243_01.jpg,data\processed\bfw\asian\n004221\0421_02.jpg,n004221,n004221,asian,asian,males,males,,,1,0.018580254,32.506664,0.98141974
data\processed\bfw\asian\n006203\0109_03.jpg,data\processed\bfw\asian\n004466\0052_01.jpg,n006203,n004466,asian,asian,females,males,,,0,-0.14383385,26.476126,1.1438339
data\processed\bfw\asian\n000132\0238_02__face_0.jpg,data\processed\bfw\asian\n005474\0239_01.jpg,n000132,n005474,asian,asian,males,females,,,0,-0.090281546,27.935062,1.0902815
data\processed\bfw\asian\n004467\0677_01.jpg,data\processed\bfw\asian\n006203\0088_01.jpg,n004467,n006203,asian,asian,males,females,,,0,0.042924307,24.699614,0.9570757
data\processed\bfw\asian\n004686\0030_01.jpg,data\processed\bfw\asian\n004686\0458_01.jpg,n004686,n004686,asian,asian,males,males,,,1,0.46391776,20.204857,0.53608227
data\processed\bfw\asian\n005116\0172_01.jpg,data\processed\bfw\asian\n005116\0228_03.jpg,n005116,n005116,asian,asian,males,males,,,1,0.4934871,20.67001,0.5065129
data\processed\bfw\asian\n009042\0017_03.jpg,data\processed\bfw\asian\n009042\0059_01.jpg,n009042,n009042,asian,asian,females,females,,,1,0.7970277,15.928133,0.2029723
data\processed\bfw\asian\n003288\0022_01.jpg,data\processed\bfw\asian\n003288\0078_01.jpg,n003288,n003288,asian,asian,females,females,,,1,0.36616665,20.30277,0.63383335
data\processed\bfw\asian\n007089\0066_01.jpg,data\processed\bfw\asian\n006633\0056_01.jpg,n007089,n006633,asian,asian,females,females,,,0,-0.06296273,28.906635,1.0629628
data\processed\bfw\asian\n006159\0007_01.jpg,data\processed\bfw\asian\n005177\0321_01.jpg,n006159,n005177,asian,asian,females,males,,,0,0.020363042,32.165443,0.97963697
data\processed\bfw\asian\n000840\0041_01.jpg,data\processed\bfw\asian\n000135\0114_01.jpg,n000840,n000135,asian,asian,females,females,,,0,-0.043306768,28.496696,1.0433068
data\processed\bfw\asian\n003288\0022_01.jpg,data\processed\bfw\asian\n009177\0294_02.jpg,n003288,n009177,asian,asian,females,females,,,0,-0.0033539399,25.143305,1.003354
data\processed\bfw\asian\n004725\0230_01.jpg,data\processed\bfw\asian\n002775\0034_02.jpg,n004725,n002775,asian,asian,males,males,,,0,-0.037445433,33.077744,1.0374454
data\processed\bfw\asian\n000872\0227_01.jpg,data\processed\bfw\asian\n004221\0158_03.jpg,n000872,n004221,asian,asian,males,males,,,0,0.034425728,30.588531,0.96557426
data\processed\bfw\asian\n004948\0016_01.jpg,data\processed\bfw\asian\n004948\0091_01.jpg,n004948,n004948,asian,asian,males,males,,,1,0.4495281,21.452797,0.5504719
data\processed\bfw\asian\n003489\0323_01.jpg,data\processed\bfw\asian\n005378\0234_02.jpg,n003489,n005378,asian,asian,males,females,,,0,-0.00866152,28.297644,1.0086615
data\processed\bfw\asian\n000009\0063_01.jpg,data\processed\bfw\asian\n000009\0160_01.jpg,n000009,n000009,asian,asian,females,females,,,1,0.3814066,22.147795,0.6185934
data\processed\bfw\asian\n000009\0043_01.jpg,data\processed\bfw\asian\n000161\0255_01.jpg,n000009,n000161,asian,asian,females,males,,,0,0.08141991,26.86961,0.9185801
data\processed\bfw\asian\n005063\0302_06.jpg,data\processed\bfw\asian\n007385\0469_01.jpg,n005063,n007385,asian,asian,females,females,,,0,-0.1401132,31.600948,1.1401132
data\processed\bfw\asian\n009042\0020_01.jpg,data\processed\bfw\asian\n000137\0187_01.jpg,n009042,n000137,asian,asian,females,females,,,0,0.20409635,26.876095,0.7959037
data\processed\bfw\asian\n000135\0112_01.jpg,data\processed\bfw\asian\n006619\0216_01.jpg,n000135,n006619,asian,asian,females,females,,,0,0.19558716,22.567215,0.80441284
data\processed\bfw\asian\n004725\0001_01.jpg,data\processed\bfw\asian\n004725\0183_04.jpg,n004725,n004725,asian,asian,males,males,,,1,0.56252396,22.132227,0.43747604
data\processed\bfw\asian\n003354\0020_01.jpg,data\processed\bfw\asian\n003482\0044_02.jpg,n003354,n003482,asian,asian,females,males,,,0,0.015238985,30.23189,0.984761
data\processed\bfw\asian\n005378\0388_01.jpg,data\processed\bfw\asian\n005378\0409_02.jpg,n005378,n005378,asian,asian,females,females,,,1,0.17562376,25.177664,0.8243762
data\processed\bfw\asian\n004935\0548_01.jpg,data\processed\bfw\asian\n009278\0072_01.jpg,n004935,n009278,asian,asian,males,females,,,0,0.0012018431,22.512054,0.99879813
data\processed\bfw\asian\n006223\0096_01.jpg,data\processed\bfw\asian\n006223\0172_01.jpg,n006223,n006223,asian,asian,females,females,,,1,0.61498225,17.50379,0.38501775
data\processed\bfw\asian\n008383\0014_01.jpg,data\processed\bfw\asian\n008383\0139_02.jpg,n008383,n008383,asian,asian,females,females,,,1,0.61114013,15.810065,0.38885987
data\processed\bfw\asian\n008163\0041_01.jpg,data\processed\bfw\asian\n008163\0213_01.jpg,n008163,n008163,asian,asian,females,females,,,1,0.48426566,22.140915,0.5157343
data\processed\bfw\asian\n000139\0311_01.jpg,data\processed\bfw\asian\n003223\0084_01.jpg,n000139,n003223,asian,asian,females,males,,,0,0.054299634,27.000095,0.94570035
data\processed\bfw\asian\n003354\0346_02.jpg,data\processed\bfw\asian\n006633\0299_01.jpg,n003354,n006633,asian,asian,females,females,,,0,0.113113046,25.053196,0.88688695
data\processed\bfw\asian\n002725\0086_01.jpg,data\processed\bfw\asian\n009125\0100_01.jpg,n002725,n009125,asian,asian,females,females,,,0,0.12468461,26.141888,0.87531537
data\processed\bfw\asian\n006736\0121_03.jpg,data\processed\bfw\asian\n006736\0537_01.jpg,n006736,n006736,asian,asian,females,females,,,1,0.61027944,19.614561,0.38972056
data\processed\bfw\asian\n004877\0004_01.jpg,data\processed\bfw\asian\n003167\0042_18.jpg,n004877,n003167,asian,asian,females,males,,,0,-0.061163697,30.067513,1.0611637
data\processed\bfw\asian\n003354\0027_01.jpg,data\processed\bfw\asian\n009177\0136_01.jpg,n003354,n009177,asian,asian,females,females,,,0,0.23564892,26.792658,0.76435107
data\processed\bfw\asian\n004787\0158_01.jpg,data\processed\bfw\asian\n003358\0306_01.jpg,n004787,n003358,asian,asian,females,females,,,0,0.037719097,27.269583,0.9622809
data\processed\bfw\asian\n004108\0131_01.jpg,data\processed\bfw\asian\n004930\0135_01.jpg,n004108,n004930,asian,asian,males,females,,,0,-0.03527413,26.83405,1.0352741
data\processed\bfw\asian\n003027\0037_01.jpg,data\processed\bfw\asian\n000856\0004_01.jpg,n003027,n000856,asian,asian,males,females,,,0,0.012738539,31.256292,0.9872615
data\processed\bfw\asian\n005216\0026_01.jpg,data\processed\bfw\asian\n004809\0221_01.jpg,n005216,n004809,asian,asian,females,males,,,0,0.034744706,28.43872,0.9652553
data\processed\bfw\asian\n004786\0128_03.jpg,data\processed\bfw\asian\n002331\0255_01.jpg,n004786,n002331,asian,asian,females,males,,,0,0.07648421,27.060034,0.9235158
data\processed\bfw\asian\n006634\0039_01.jpg,data\processed\bfw\asian\n006634\0114_01.jpg,n006634,n006634,asian,asian,females,females,,,1,0.6367587,17.18138,0.3632413
data\processed\bfw\asian\n006125\0215_01.jpg,data\processed\bfw\asian\n004936\0254_01.jpg,n006125,n004936,asian,asian,females,females,,,0,-0.19113874,28.469807,1.1911387
data\processed\bfw\asian\n007372\0086_01.jpg,data\processed\bfw\asian\n007372\0252_01.jpg,n007372,n007372,asian,asian,females,females,,,1,0.16151707,21.867867,0.8384829
data\processed\bfw\asian\n003463\0132_01.jpg,data\processed\bfw\asian\n000856\0014_01.jpg,n003463,n000856,asian,asian,males,females,,,0,-0.03837493,29.730724,1.0383749
data\processed\bfw\asian\n003155\0004_01.jpg,data\processed\bfw\asian\n006223\0033_01.jpg,n003155,n006223,asian,asian,males,females,,,0,0.0020097352,32.435085,0.99799025
data\processed\bfw\asian\n003162\0050_01.jpg,data\processed\bfw\asian\n003162\0508_01.jpg,n003162,n003162,asian,asian,males,males,,,1,0.5367526,22.332909,0.46324742
data\processed\bfw\asian\n004785\0125_01.jpg,data\processed\bfw\asian\n004785\0275_01.jpg,n004785,n004785,asian,asian,females,females,,,1,0.6007153,16.92581,0.39928472
data\processed\bfw\asian\n005446\0042_05.jpg,data\processed\bfw\asian\n005446\0141_01.jpg,n005446,n005446,asian,asian,females,females,,,1,0.474653,19.829523,0.525347
data\processed\bfw\asian\n003288\0078_01.jpg,data\processed\bfw\asian\n007899\0073_01.jpg,n003288,n007899,asian,asian,females,females,,,0,-0.007602297,29.172867,1.0076023
data\processed\bfw\asian\n006203\0160_01.jpg,data\processed\bfw\asian\n006203\0430_01.jpg,n006203,n006203,asian,asian,females,females,,,1,0.31467116,20.049046,0.68532884
data\processed\bfw\asian\n007814\0485_01.jpg,data\processed\bfw\asian\n004930\0290_01.jpg,n007814,n004930,asian,asian,females,females,,,0,-0.09231602,27.134905,1.092316
data\processed\bfw\asian\n002552\0185_01.jpg,data\processed\bfw\asian\n009177\0162_02.jpg,n002552,n009177,asian,asian,males,females,,,0,-0.11941534,31.03384,1.1194153
data\processed\bfw\asian\n004786\0197_02.jpg,data\processed\bfw\asian\n004860\0236_01.jpg,n004786,n004860,asian,asian,females,females,,,0,0.00744933,26.744299,0.9925507
data\processed\bfw\asian\n001562\0360_02.jpg,data\processed\bfw\asian\n004681\0020_01.jpg,n001562,n004681,asian,asian,males,males,,,0,-0.09593851,32.278416,1.0959386
data\processed\bfw\asian\n004108\0096_01.jpg,data\processed\bfw\asian\n004108\0267_02.jpg,n004108,n004108,asian,asian,males,males,,,1,0.40992433,20.171556,0.5900757
data\processed\bfw\asian\n004787\0128_01.jpg,data\processed\bfw\asian\n000158\0367_01.jpg,n004787,n000158,asian,asian,females,males,,,0,0.019789543,29.588688,0.9802105
data\processed\bfw\asian\n008401\0294_01.jpg,data\processed\bfw\asian\n008401\0521_02.jpg,n008401,n008401,asian,asian,females,females,,,1,0.18094537,25.343027,0.8190546
data\processed\bfw\asian\n005078\0278_01.jpg,data\processed\bfw\asian\n001572\0242_01.jpg,n005078,n001572,asian,asian,males,females,,,0,0.019531295,30.582125,0.9804687
data\processed\bfw\asian\n007814\0652_01.jpg,data\processed\bfw\asian\n001864\0071_01.jpg,n007814,n001864,asian,asian,females,males,,,0,-0.022076152,26.553938,1.0220761
data\processed\bfw\asian\n000158\0199_03.jpg,data\processed\bfw\asian\n005069\0017_02.jpg,n000158,n005069,asian,asian,males,females,,,0,-0.07959403,32.607353,1.079594
data\processed\bfw\asian\n006358\0010_01.jpg,data\processed\bfw\asian\n006358\0085_04.jpg,n006358,n006358,asian,asian,females,females,,,1,0.58323854,19.848099,0.41676146
data\processed\bfw\asian\n002552\0252_02.jpg,data\processed\bfw\asian\n002552\0368_01.jpg,n002552,n002552,asian,asian,males,males,,,1,0.47871476,22.277985,0.52128524
data\processed\bfw\asian\n004109\0047_02.jpg,data\processed\bfw\asian\n004930\0290_01.jpg,n004109,n004930,asian,asian,males,females,,,0,0.05422321,24.794682,0.9457768
data\processed\bfw\asian\n004681\0232_01.jpg,data\processed\bfw\asian\n004681\0398_01.jpg,n004681,n004681,asian,asian,males,males,,,1,0.34535134,24.357761,0.65464866
data\processed\bfw\asian\n002775\0069_01.jpg,data\processed\bfw\asian\n000009\0356_06.jpg,n002775,n000009,asian,asian,males,females,,,0,0.08334419,26.990862,0.9166558
data\processed\bfw\asian\n007664\0153_01.jpg,data\processed\bfw\asian\n001864\0078_01.jpg,n007664,n001864,asian,asian,females,males,,,0,0.05293294,23.608955,0.9470671
data\processed\bfw\asian\n002644\0105_01.jpg,data\processed\bfw\asian\n002644\0966_01.jpg,n002644,n002644,asian,asian,males,males,,,1,-0.017046964,20.7265,1.0170469
data\processed\bfw\asian\n003288\0120_01.jpg,data\processed\bfw\asian\n001864\0112_03.jpg,n003288,n001864,asian,asian,females,males,,,0,-0.014855195,26.626644,1.0148551
data\processed\bfw\asian\n009277\0358_01.jpg,data\processed\bfw\asian\n005077\0020_01.jpg,n009277,n005077,asian,asian,females,females,,,0,-0.114237964,25.69345,1.114238
data\processed\bfw\asian\n004809\0356_01.jpg,data\processed\bfw\asian\n000854\0045_01.jpg,n004809,n000854,asian,asian,males,females,,,0,-0.07164364,27.146637,1.0716436
data\processed\bfw\asian\n004864\0003_01.jpg,data\processed\bfw\asian\n007814\0016_01.jpg,n004864,n007814,asian,asian,females,females,,,0,0.05735968,27.623224,0.9426403
data\processed\bfw\asian\n003355\0082_01.jpg,data\processed\bfw\asian\n009137\0321_02.jpg,n003355,n009137,asian,asian,males,females,,,0,-0.040256042,29.44,1.040256
data\processed\bfw\asian\n005072\0302_01.jpg,data\processed\bfw\asian\n000873\0176_01.jpg,n005072,n000873,asian,asian,males,males,,,0,0.11047798,24.913086,0.889522
data\processed\bfw\asian\n004549\0303_01.jpg,data\processed\bfw\asian\n003489\0191_01.jpg,n004549,n003489,asian,asian,females,males,,,0,-0.12246424,26.614372,1.1224642
data\processed\bfw\asian\n005072\0043_05.jpg,data\processed\bfw\asian\n005072\0184_03.jpg,n005072,n005072,asian,asian,males,males,,,1,0.39812654,21.89929,0.60187346
data\processed\bfw\asian\n007816\0375_01.jpg,data\processed\bfw\asian\n007816\0442_03.jpg,n007816,n007816,asian,asian,females,females,,,1,0.18508306,25.755991,0.81491697
data\processed\bfw\asian\n006418\0021_02.jpg,data\processed\bfw\asian\n006418\0251_02.jpg,n006418,n006418,asian,asian,females,females,,,1,0.1734304,27.78837,0.8265696
data\processed\bfw\asian\n002406\0173_01.jpg,data\processed\bfw\asian\n001496\0171_01.jpg,n002406,n001496,asian,asian,males,males,,,0,0.14815132,27.07105,0.85184866
data\processed\bfw\asian\n004800\0111_01.jpg,data\processed\bfw\asian\n009137\0070_01.jpg,n004800,n009137,asian,asian,males,females,,,0,0.06296998,24.567095,0.93703
data\processed\bfw\asian\n004935\0061_01.jpg,data\processed\bfw\asian\n004935\0124_01.jpg,n004935,n004935,asian,asian,males,males,,,1,0.65523785,19.158838,0.34476215
data\processed\bfw\asian\n007372\0112_05.jpg,data\processed\bfw\asian\n003824\0190_03.jpg,n007372,n003824,asian,asian,females,females,,,0,0.12901635,26.0777,0.87098366
data\processed\bfw\asian\n003467\0042_01.jpg,data\processed\bfw\asian\n003467\0094_01.jpg,n003467,n003467,asian,asian,females,females,,,1,0.29132867,22.629316,0.70867133
data\processed\bfw\asian\n007814\0057_01.jpg,data\processed\bfw\asian\n004809\0208_01.jpg,n007814,n004809,asian,asian,females,males,,,0,0.059267025,28.809366,0.94073296
data\processed\bfw\asian\n004725\0121_01.jpg,data\processed\bfw\asian\n004725\0230_01.jpg,n004725,n004725,asian,asian,males,males,,,1,0.36478093,25.311028,0.6352191
data\processed\bfw\asian\n000840\0015_01.jpg,data\processed\bfw\asian\n006159\0122_01.jpg,n000840,n006159,asian,asian,females,females,,,0,-0.103166595,30.116783,1.1031666
data\processed\bfw\asian\n003156\0077_01.jpg,data\processed\bfw\asian\n003156\0105_01.jpg,n003156,n003156,asian,asian,males,males,,,1,0.2715491,24.657389,0.7284509
data\processed\bfw\asian\n004948\0199_02.jpg,data\processed\bfw\asian\n003533\0574_01.jpg,n004948,n003533,asian,asian,males,males,,,0,-0.04672938,31.380371,1.0467293
data\processed\bfw\asian\n003463\0485_01.jpg,data\processed\bfw\asian\n000161\0241_01.jpg,n003463,n000161,asian,asian,males,males,,,0,-0.040946893,27.142948,1.0409468
data\processed\bfw\asian\n004786\0097_02.jpg,data\processed\bfw\asian\n004786\0129_01.jpg,n004786,n004786,asian,asian,females,females,,,1,0.3984153,19.954659,0.6015847
data\processed\bfw\asian\n004469\0083_02.jpg,data\processed\bfw\asian\n000132\0027_01__face_0.jpg,n004469,n000132,asian,asian,males,males,,,0,0.07950463,31.86622,0.9204954
data\processed\bfw\asian\n006203\0085_03.jpg,data\processed\bfw\asian\n004809\0013_04.jpg,n006203,n004809,asian,asian,females,males,,,0,0.18037115,22.228943,0.81962883
data\processed\bfw\asian\n004800\0702_02.jpg,data\processed\bfw\asian\n004800\0828_02.jpg,n004800,n004800,asian,asian,males,males,,,1,0.084326565,21.672417,0.91567343
data\processed\bfw\asian\n001976\0077_02.jpg,data\processed\bfw\asian\n001976\0441_01.jpg,n001976,n001976,asian,asian,males,males,,,1,0.24066705,25.045893,0.75933295
data\processed\bfw\asian\n008401\0097_02.jpg,data\processed\bfw\asian\n003355\0145_04.jpg,n008401,n003355,asian,asian,females,males,,,0,-0.10782392,31.323288,1.107824
data\processed\bfw\asian\n006619\0098_01.jpg,data\processed\bfw\asian\n004725\0152_01.jpg,n006619,n004725,asian,asian,females,males,,,0,-0.000658746,28.92612,1.0006588
data\processed\bfw\asian\n005474\0298_05.jpg,data\processed\bfw\asian\n004805\0566_01.jpg,n005474,n004805,asian,asian,females,males,,,0,0.11556624,22.231846,0.88443375
data\processed\bfw\asian\n000137\0248_01.jpg,data\processed\bfw\asian\n000138\0078_01.jpg,n000137,n000138,asian,asian,females,females,,,0,0.05377191,27.62106,0.9462281
data\processed\bfw\asian\n005177\0063_01.jpg,data\processed\bfw\asian\n004680\0427_01.jpg,n005177,n004680,asian,asian,males,females,,,0,0.046492953,28.70718,0.95350707
data\processed\bfw\asian\n005378\0421_01.jpg,data\processed\bfw\asian\n006736\0318_01.jpg,n005378,n006736,asian,asian,females,females,,,0,-0.076741934,28.341774,1.0767419
data\processed\bfw\asian\n004221\0196_05.jpg,data\processed\bfw\asian\n004221\0243_01.jpg,n004221,n004221,asian,asian,males,males,,,1,0.46234828,22.601715,0.5376517
data\processed\bfw\asian\n004472\0312_02.jpg,data\processed\bfw\asian\n005083\0367_02.jpg,n004472,n005083,asian,asian,females,females,,,0,0.32619366,21.998505,0.6738063
data\processed\bfw\asian\n003481\0794_01.jpg,data\processed\bfw\asian\n003153\0624_01.jpg,n003481,n003153,asian,asian,females,females,,,0,0.12255603,25.904858,0.87744397
data\processed\bfw\asian\n001976\0152_02.jpg,data\processed\bfw\asian\n000872\0227_01.jpg,n001976,n000872,asian,asian,males,males,,,0,0.0016415403,28.143747,0.9983585
data\processed\bfw\asian\n004680\0430_01.jpg,data\processed\bfw\asian\n006223\0349_01.jpg,n004680,n006223,asian,asian,females,females,,,0,-0.06091082,27.880424,1.0609108
data\processed\bfw\asian\n001864\0039_02.jpg,data\processed\bfw\asian\n001864\0301_01.jpg,n001864,n001864,asian,asian,males,males,,,1,0.46186998,21.403605,0.53813004
data\processed\bfw\asian\n007372\0086_01.jpg,data\processed\bfw\asian\n007372\0148_01.jpg,n007372,n007372,asian,asian,females,females,,,1,0.38856322,19.425224,0.6114368
data\processed\bfw\asian\n004466\0045_01.jpg,data\processed\bfw\asian\n004466\0154_01.jpg,n004466,n004466,asian,asian,males,males,,,1,0.2793854,25.023773,0.7206146
data\processed\bfw\asian\n000135\0138_10.jpg,data\processed\bfw\asian\n005116\0168_01.jpg,n000135,n005116,asian,asian,females,males,,,0,-0.067950174,28.42115,1.0679501
data\processed\bfw\asian\n004930\0027_01.jpg,data\processed\bfw\asian\n004930\0046_01.jpg,n004930,n004930,asian,asian,females,females,,,1,0.47426668,20.598694,0.52573335
data\processed\bfw\asian\n002406\0534_02.jpg,data\processed\bfw\asian\n009103\0047_02.jpg,n002406,n009103,asian,asian,males,females,,,0,-0.06319361,28.27686,1.0631936
data\processed\bfw\asian\n006774\0268_01.jpg,data\processed\bfw\asian\n004794\0124_03.jpg,n006774,n004794,asian,asian,females,males,,,0,-0.09403077,26.587238,1.0940307
data\processed\bfw\asian\n003223\0185_01.jpg,data\processed\bfw\asian\n006736\0068_01.jpg,n003223,n006736,asian,asian,males,females,,,0,0.052392993,27.203205,0.947607
data\processed\bfw\asian\n000873\0344_01.jpg,data\processed\bfw\asian\n006344\0431_07.jpg,n000873,n006344,asian,asian,males,females,,,0,-0.11398946,26.294691,1.1139895
data\processed\bfw\asian\n003027\0210_01.jpg,data\processed\bfw\asian\n003027\0501_01.jpg,n003027,n003027,asian,asian,males,males,,,1,0.61797947,20.739319,0.38202053
data\processed\bfw\asian\n003489\0271_01.jpg,data\processed\bfw\asian\n004221\0216_01.jpg,n003489,n004221,asian,asian,males,males,,,0,0.13336337,29.363676,0.86663663
data\processed\bfw\asian\n000158\0005_05.jpg,data\processed\bfw\asian\n000158\0012_01.jpg,n000158,n000158,asian,asian,males,males,,,1,0.6247275,19.346071,0.3752725
data\processed\bfw\asian\n005177\0013_01.jpg,data\processed\bfw\asian\n006125\0414_01.jpg,n005177,n006125,asian,asian,males,females,,,0,0.0066503724,28.185884,0.9933496
data\processed\bfw\asian\n000158\0013_01.jpg,data\processed\bfw\asian\n000158\0199_03.jpg,n000158,n000158,asian,asian,males,males,,,1,0.6484323,18.347275,0.3515677
data\processed\bfw\asian\n003506\0307_01.jpg,data\processed\bfw\asian\n003506\0347_01.jpg,n003506,n003506,asian,asian,females,females,,,1,0.27816024,24.380428,0.7218398
data\processed\bfw\asian\n002775\0137_04.jpg,data\processed\bfw\asian\n007089\0133_01.jpg,n002775,n007089,asian,asian,males,females,,,0,-0.06598509,33.879234,1.0659851
data\processed\bfw\asian\n003481\0770_01.jpg,data\processed\bfw\asian\n004785\0082_01.jpg,n003481,n004785,asian,asian,females,females,,,0,0.17571566,29.052652,0.8242843
data\processed\bfw\asian\n003167\0028_02.jpg,data\processed\bfw\asian\n005085\0032_01.jpg,n003167,n005085,asian,asian,males,females,,,0,-0.17756414,33.136944,1.1775641
data\processed\bfw\asian\n006418\0386_01.jpg,data\processed\bfw\asian\n005083\0358_01.jpg,n006418,n005083,asian,asian,females,females,,,0,0.11334445,24.961792,0.88665557
data\processed\bfw\asian\n003482\0284_06.jpg,data\processed\bfw\asian\n003482\0672_03.jpg,n003482,n003482,asian,asian,males,males,,,1,0.26418918,29.771994,0.7358108
data\processed\bfw\asian\n001572\0115_01.jpg,data\processed\bfw\asian\n001572\0164_01.jpg,n001572,n001572,asian,asian,females,females,,,1,0.33212855,20.86238,0.6678715
data\processed\bfw\asian\n007816\0322_02.jpg,data\processed\bfw\asian\n007816\0329_01.jpg,n007816,n007816,asian,asian,females,females,,,1,0.25524607,21.874706,0.74475396
data\processed\bfw\asian\n008383\0268_01.jpg,data\processed\bfw\asian\n003482\0059_01.jpg,n008383,n003482,asian,asian,females,males,,,0,-0.06384858,27.732412,1.0638486
data\processed\bfw\asian\n003491\0194_02.jpg,data\processed\bfw\asian\n000138\0395_01.jpg,n003491,n000138,asian,asian,males,females,,,0,-0.035142984,25.17538,1.035143
data\processed\bfw\asian\n004549\0168_05.jpg,data\processed\bfw\asian\n004864\0179_01.jpg,n004549,n004864,asian,asian,females,females,,,0,0.12712102,25.639935,0.87287897
data\processed\bfw\asian\n000135\0035_01.jpg,data\processed\bfw\asian\n000132\0110_01__face_0.jpg,n000135,n000132,asian,asian,females,males,,,0,0.07504163,25.78719,0.92495835
data\processed\bfw\asian\n003482\0155_05.jpg,data\processed\bfw\asian\n003482\0408_02.jpg,n003482,n003482,asian,asian,males,males,,,1,0.18925712,25.850573,0.81074286
data\processed\bfw\asian\n007814\0291_01.jpg,data\processed\bfw\asian\n007814\0652_01.jpg,n007814,n007814,asian,asian,females,females,,,1,0.50994116,18.492813,0.49005884
data\processed\bfw\asian\n006633\0036_02.jpg,data\processed\bfw\asian\n000138\0003_01.jpg,n006633,n000138,asian,asian,females,females,,,0,-0.19281538,29.611092,1.1928154
data\processed\bfw\asian\n003491\0033_01.jpg,data\processed\bfw\asian\n003491\0131_03.jpg,n003491,n003491,asian,asian,males,males,,,1,0.5439741,19.150465,0.4560259
data\processed\bfw\asian\n003482\0044_02.jpg,data\processed\bfw\asian\n003482\0716_02.jpg,n003482,n003482,asian,asian,males,males,,,1,0.6325413,19.28411,0.3674587
data\processed\bfw\asian\n009277\0043_01.jpg,data\processed\bfw\asian\n009277\0178_01.jpg,n009277,n009277,asian,asian,females,females,,,1,0.34205914,19.127377,0.65794086
data\processed\bfw\asian\n004786\0241_02.jpg,data\processed\bfw\asian\n004786\0856_02.jpg,n004786,n004786,asian,asian,females,females,,,1,0.2035959,25.921173,0.7964041
data\processed\bfw\asian\n006619\0034_01.jpg,data\processed\bfw\asian\n006619\0333_01.jpg,n006619,n006619,asian,asian,females,females,,,1,0.2930122,18.2331,0.7069878
data\processed\bfw\asian\n004877\0472_01.jpg,data\processed\bfw\asian\n009287\0256_04.jpg,n004877,n009287,asian,asian,females,females,,,0,-0.008851275,34.810917,1.0088513
data\processed\bfw\asian\n006203\0724_01.jpg,data\processed\bfw\asian\n004864\0588_04.jpg,n006203,n004864,asian,asian,females,females,,,0,0.033129048,26.594204,0.96687096
data\processed\bfw\asian\n006619\0405_01.jpg,data\processed\bfw\asian\n003162\0508_01.jpg,n006619,n003162,asian,asian,females,males,,,0,0.07380423,26.888216,0.92619574
data\processed\bfw\asian\n009175\0073_01.jpg,data\processed\bfw\asian\n009175\0077_01.jpg,n009175,n009175,asian,asian,females,females,,,1,0.60780334,19.609356,0.39219666
data\processed\bfw\asian\n003506\0342_01.jpg,data\processed\bfw\asian\n003506\0367_01.jpg,n003506,n003506,asian,asian,females,females,,,1,0.37892264,20.488226,0.62107736
data\processed\bfw\asian\n006223\0148_01.jpg,data\processed\bfw\asian\n005446\0118_01.jpg,n006223,n005446,asian,asian,females,females,,,0,0.21542667,25.91001,0.7845733
data\processed\bfw\asian\n006148\0102_02.jpg,data\processed\bfw\asian\n000838\0463_01.jpg,n006148,n000838,asian,asian,females,females,,,0,0.039124623,30.311655,0.9608754
data\processed\bfw\asian\n000839\0480_03.jpg,data\processed\bfw\asian\n001572\0120_01.jpg,n000839,n001572,asian,asian,females,females,,,0,0.021194618,25.638962,0.97880536
data\processed\bfw\asian\n000839\0168_01.jpg,data\processed\bfw\asian\n003358\0316_01.jpg,n000839,n003358,asian,asian,females,females,,,0,-0.06935626,28.449318,1.0693562
data\processed\bfw\asian\n006344\0350_01.jpg,data\processed\bfw\asian\n006344\0557_01.jpg,n006344,n006344,asian,asian,females,females,,,1,-0.0009758825,24.273956,1.0009758
data\processed\bfw\asian\n004935\0123_01.jpg,data\processed\bfw\asian\n004686\0433_01.jpg,n004935,n004686,asian,asian,males,males,,,0,0.10533893,26.063093,0.89466107
data\processed\bfw\asian\n003449\0101_01.jpg,data\processed\bfw\asian\n003449\0194_01.jpg,n003449,n003449,asian,asian,females,females,,,1,0.22647205,22.90317,0.773528
data\processed\bfw\asian\n008401\0166_01.jpg,data\processed\bfw\asian\n008401\0377_01.jpg,n008401,n008401,asian,asian,females,females,,,1,0.29784513,24.599901,0.7021549
data\processed\bfw\asian\n004860\0097_01.jpg,data\processed\bfw\asian\n004860\0178_01.jpg,n004860,n004860,asian,asian,females,females,,,1,0.015534902,24.371405,0.9844651
data\processed\bfw\asian\n002509\0040_01.jpg,data\processed\bfw\asian\n002509\0046_01.jpg,n002509,n002509,asian,asian,females,females,,,1,0.57534033,17.637686,0.42465967
data\processed\bfw\asian\n004870\0098_01.jpg,data\processed\bfw\asian\n000160\0150_01.jpg,n004870,n000160,asian,asian,females,females,,,0,0.0070856977,28.325443,0.9929143
data\processed\bfw\asian\n003506\0319_01.jpg,data\processed\bfw\asian\n009041\0018_01.jpg,n003506,n009041,asian,asian,females,females,,,0,0.3024425,24.405342,0.6975575
data\processed\bfw\asian\n006633\0298_01.jpg,data\processed\bfw\asian\n009277\0360_01.jpg,n006633,n009277,asian,asian,females,females,,,0,0.19869839,24.132511,0.8013016
data\processed\bfw\asian\n000143\0693_01.jpg,data\processed\bfw\asian\n005078\0202_01.jpg,n000143,n005078,asian,asian,females,males,,,0,-0.06392234,28.472902,1.0639223
data\processed\bfw\asian\n002775\0166_02.jpg,data\processed\bfw\asian\n002775\0305_01.jpg,n002775,n002775,asian,asian,males,males,,,1,0.29114854,24.934053,0.70885146
data\processed\bfw\asian\n000839\0081_01.jpg,data\processed\bfw\asian\n000839\0295_01.jpg,n000839,n000839,asian,asian,females,females,,,1,0.4549977,22.218124,0.54500234
data\processed\bfw\asian\n000148\0016_01.jpg,data\processed\bfw\asian\n003467\0217_01.jpg,n000148,n003467,asian,asian,females,females,,,0,-0.23025526,31.243042,1.2302552
data\processed\bfw\asian\n003824\0122_01.jpg,data\processed\bfw\asian\n003155\0261_01.jpg,n003824,n003155,asian,asian,females,males,,,0,-0.056353,28.801916,1.056353
data\processed\bfw\asian\n004791\0253_01.jpg,data\processed\bfw\asian\n002725\0086_01.jpg,n004791,n002725,asian,asian,males,females,,,0,0.08625105,26.573492,0.913749
data\processed\bfw\asian\n006159\0011_01.jpg,data\processed\bfw\asian\n002552\0223_01.jpg,n006159,n002552,asian,asian,females,males,,,0,0.040209908,35.408833,0.9597901
data\processed\bfw\asian\n000158\0667_01.jpg,data\processed\bfw\asian\n004466\0038_03.jpg,n000158,n004466,asian,asian,males,males,,,0,-0.057270616,28.814318,1.0572706
data\processed\bfw\asian\n006418\0071_04.jpg,data\processed\bfw\asian\n009041\0080_02.jpg,n006418,n009041,asian,asian,females,females,,,0,0.07025063,29.146898,0.92974937
data\processed\bfw\asian\n004687\0087_01.jpg,data\processed\bfw\asian\n004687\0216_01.jpg,n004687,n004687,asian,asian,females,females,,,1,0.49465257,17.861525,0.50534743
data\processed\bfw\asian\n006358\0085_04.jpg,data\processed\bfw\asian\n000160\0150_01.jpg,n006358,n000160,asian,asian,females,females,,,0,0.052039843,26.968327,0.94796014
data\processed\bfw\asian\n007378\0036_01.jpg,data\processed\bfw\asian\n003482\0284_06.jpg,n007378,n003482,asian,asian,females,males,,,0,-0.04844552,31.657347,1.0484455
data\processed\bfw\asian\n006149\0005_01.jpg,data\processed\bfw\asian\n006149\0060_01.jpg,n006149,n006149,asian,asian,females,females,,,1,0.65598553,15.010739,0.34401447
data\processed\bfw\asian\n005446\0185_01.jpg,data\processed\bfw\asian\n005446\0265_01.jpg,n005446,n005446,asian,asian,females,females,,,1,0.3671507,18.154121,0.63284934
data\processed\bfw\asian\n007372\0112_05.jpg,data\processed\bfw\asian\n004221\0196_05.jpg,n007372,n004221,asian,asian,females,males,,,0,0.0027412947,29.19972,0.9972587
data\processed\bfw\asian\n003027\0117_02.jpg,data\processed\bfw\asian\n003027\0166_01.jpg,n003027,n003027,asian,asian,males,males,,,1,0.7291255,17.17813,0.2708745
data\processed\bfw\asian\n007380\0334_01.jpg,data\processed\bfw\asian\n005474\0210_02.jpg,n007380,n005474,asian,asian,females,females,,,0,-0.010045472,28.021713,1.0100455
data\processed\bfw\asian\n008163\0010_01.jpg,data\processed\bfw\asian\n008163\0276_01.jpg,n008163,n008163,asian,asian,females,females,,,1,0.65106124,16.759356,0.34893876
data\processed\bfw\asian\n004860\0107_01.jpg,data\processed\bfw\asian\n001496\0622_01.jpg,n004860,n001496,asian,asian,females,males,,,0,-0.13070181,28.217852,1.1307018
data\processed\bfw\asian\n006774\0029_04.jpg,data\processed\bfw\asian\n006774\0080_01.jpg,n006774,n006774,asian,asian,females,females,,,1,0.25844127,25.362686,0.74155873
data\processed\bfw\asian\n004467\0004_01.jpg,data\processed\bfw\asian\n004467\0221_02.jpg,n004467,n004467,asian,asian,males,males,,,1,0.4524691,21.291279,0.5475309
data\processed\bfw\asian\n004877\0145_01.jpg,data\processed\bfw\asian\n004805\0289_01.jpg,n004877,n004805,asian,asian,females,males,,,0,-0.035968393,26.748737,1.0359684
data\processed\bfw\asian\n006223\0519_01.jpg,data\processed\bfw\asian\n001572\0091_01.jpg,n006223,n001572,asian,asian,females,females,,,0,0.061198503,22.397453,0.9388015
data\processed\bfw\asian\n004466\0238_01.jpg,data\processed\bfw\asian\n004466\0321_01.jpg,n004466,n004466,asian,asian,males,males,,,1,0.34809875,21.710802,0.65190125
data\processed\bfw\asian\n009278\0172_01.jpg,data\processed\bfw\asian\n004870\0610_03.jpg,n009278,n004870,asian,asian,females,females,,,0,0.15284619,26.245287,0.8471538
data\processed\bfw\asian\n000854\0166_03.jpg,data\processed\bfw\asian\n000854\0354_01.jpg,n000854,n000854,asian,asian,females,females,,,1,0.12877706,25.06098,0.871223
data\processed\bfw\asian\n004472\0699_01.jpg,data\processed\bfw\asian\n003449\0072_01.jpg,n004472,n003449,asian,asian,females,females,,,0,0.21349925,22.44957,0.78650075
data\processed\bfw\asian\n007378\0289_01.jpg,data\processed\bfw\asian\n006223\0122_01.jpg,n007378,n006223,asian,asian,females,females,,,0,0.17078915,23.25124,0.8292109
data\processed\bfw\asian\n003288\0234_01.jpg,data\processed\bfw\asian\n003288\0562_01.jpg,n003288,n003288,asian,asian,females,females,,,1,0.32594076,18.688229,0.6740593
data\processed\bfw\asian\n005071\0589_02.jpg,data\processed\bfw\asian\n005177\0155_01.jpg,n005071,n005177,asian,asian,males,males,,,0,0.09355499,28.747835,0.906445
data\processed\bfw\asian\n006736\0121_03.jpg,data\processed\bfw\asian\n000158\0224_01.jpg,n006736,n000158,asian,asian,females,males,,,0,0.018182376,31.566677,0.9818176
data\processed\bfw\asian\n004680\0158_01.jpg,data\processed\bfw\asian\n006125\0185_01.jpg,n004680,n006125,asian,asian,females,females,,,0,0.025356118,25.629435,0.9746439
data\processed\bfw\asian\n004785\0139_01.jpg,data\processed\bfw\asian\n004785\0603_01.jpg,n004785,n004785,asian,asian,females,females,,,1,0.4156526,21.195839,0.58434737
data\processed\bfw\asian\n001864\0038_01.jpg,data\processed\bfw\asian\n009288\0172_01.jpg,n001864,n009288,asian,asian,males,females,,,0,0.13696517,26.03569,0.86303484
data\processed\bfw\asian\n004681\0366_01.jpg,data\processed\bfw\asian\n002552\0532_01.jpg,n004681,n002552,asian,asian,males,males,,,0,0.08414851,23.750427,0.9158515
data\processed\bfw\asian\n009148\0054_01.jpg,data\processed\bfw\asian\n009148\0063_01.jpg,n009148,n009148,asian,asian,females,females,,,1,0.43427455,21.273573,0.56572545
data\processed\bfw\asian\n003506\0347_01.jpg,data\processed\bfw\asian\n003506\0627_01.jpg,n003506,n003506,asian,asian,females,females,,,1,0.4208014,22.45735,0.5791986
data\processed\bfw\asian\n002775\0812_02.jpg,data\processed\bfw\asian\n009137\0492_01.jpg,n002775,n009137,asian,asian,males,females,,,0,0.038508512,28.923992,0.96149147
data\processed\bfw\asian\n000009\0040_01.jpg,data\processed\bfw\asian\n000009\0356_06.jpg,n000009,n000009,asian,asian,females,females,,,1,0.38387576,19.669369,0.6161243
data\processed\bfw\asian\n000158\0260_01.jpg,data\processed\bfw\asian\n000158\0658_01.jpg,n000158,n000158,asian,asian,males,males,,,1,0.49415424,23.384523,0.5058458
data\processed\bfw\asian\n008383\0126_02.jpg,data\processed\bfw\asian\n003824\0130_02.jpg,n008383,n003824,asian,asian,females,females,,,0,0.12836777,28.023935,0.8716322
data\processed\bfw\asian\n006633\0195_02.jpg,data\processed\bfw\asian\n003354\0029_01.jpg,n006633,n003354,asian,asian,females,females,,,0,0.04461676,26.405539,0.95538324
data\processed\bfw\asian\n003533\0019_01.jpg,data\processed\bfw\asian\n003533\0045_01.jpg,n003533,n003533,asian,asian,males,males,,,1,0.6611658,18.30063,0.33883423
data\processed\bfw\asian\n000143\0081_01.jpg,data\processed\bfw\asian\n000143\0122_01.jpg,n000143,n000143,asian,asian,females,females,,,1,0.21097952,20.66968,0.7890205
data\processed\bfw\asian\n003162\0118_01.jpg,data\processed\bfw\asian\n009278\0068_01.jpg,n003162,n009278,asian,asian,males,females,,,0,0.013424985,30.407238,0.986575
data\processed\bfw\asian\n004472\0045_02.jpg,data\processed\bfw\asian\n004472\0141_01.jpg,n004472,n004472,asian,asian,females,females,,,1,0.4558755,19.327564,0.5441245
data\processed\bfw\asian\n005116\0191_01.jpg,data\processed\bfw\asian\n002509\0040_01.jpg,n005116,n002509,asian,asian,males,females,,,0,0.065596245,28.29714,0.9344038
data\processed\bfw\asian\n003482\0022_01.jpg,data\processed\bfw\asian\n003482\0155_05.jpg,n003482,n003482,asian,asian,males,males,,,1,0.23405418,28.93385,0.7659458
data\processed\bfw\asian\n003027\0384_01.jpg,data\processed\bfw\asian\n000132\0707_01__face_0.jpg,n003027,n000132,asian,asian,males,males,,,0,-0.08291602,26.667402,1.082916
data\processed\bfw\asian\n002644\0116_01.jpg,data\processed\bfw\asian\n002644\0557_01.jpg,n002644,n002644,asian,asian,males,males,,,1,0.42260686,17.535873,0.5773932
data\processed\bfw\asian\n000132\0225_03__face_0.jpg,data\processed\bfw\asian\n003288\0300_01.jpg,n000132,n003288,asian,asian,males,females,,,0,-0.12936607,29.067812,1.129366
data\processed\bfw\asian\n003506\0136_02.jpg,data\processed\bfw\asian\n000840\0012_01.jpg,n003506,n000840,asian,asian,females,females,,,0,0.06557679,26.58815,0.9344232
data\processed\bfw\asian\n007270\0066_01.jpg,data\processed\bfw\asian\n007270\0375_01.jpg,n007270,n007270,asian,asian,females,females,,,1,0.5921773,17.883791,0.40782273
data\processed\bfw\asian\n004935\0688_01.jpg,data\processed\bfw\asian\n004860\0097_01.jpg,n004935,n004860,asian,asian,males,females,,,0,0.0803975,27.121183,0.9196025
data\processed\bfw\asian\n003155\1054_06.jpg,data\processed\bfw\asian\n004809\0051_03.jpg,n003155,n004809,asian,asian,males,males,,,0,-0.12602776,35.87565,1.1260278
data\processed\bfw\asian\n000856\0008_01.jpg,data\processed\bfw\asian\n000856\0075_01.jpg,n000856,n000856,asian,asian,females,females,,,1,0.53064895,18.178911,0.46935105
data\processed\bfw\asian\n003288\0120_01.jpg,data\processed\bfw\asian\n003288\0562_01.jpg,n003288,n003288,asian,asian,females,females,,,1,0.3164875,19.709839,0.6835125
data\processed\bfw\asian\n000854\0275_01.jpg,data\processed\bfw\asian\n000854\0338_01.jpg,n000854,n000854,asian,asian,females,females,,,1,0.21180484,24.677322,0.78819513
data\processed\bfw\asian\n005071\0589_02.jpg,data\processed\bfw\asian\n004472\0093_01.jpg,n005071,n004472,asian,asian,males,females,,,0,0.056342345,25.898043,0.94365764
data\processed\bfw\asian\n003533\0052_01.jpg,data\processed\bfw\asian\n009175\0007_01.jpg,n003533,n009175,asian,asian,males,females,,,0,0.0060248994,31.893734,0.9939751
data\processed\bfw\asian\n003223\0258_03.jpg,data\processed\bfw\asian\n003223\0291_01.jpg,n003223,n003223,asian,asian,males,males,,,1,0.40952075,21.489191,0.59047925
data\processed\bfw\asian\n006222\0103_01.jpg,data\processed\bfw\asian\n004864\0229_01.jpg,n006222,n004864,asian,asian,females,females,,,0,0.15724169,22.424871,0.8427583
data\processed\bfw\asian\n006149\0096_01.jpg,data\processed\bfw\asian\n000139\0311_01.jpg,n006149,n000139,asian,asian,females,females,,,0,-0.002904264,26.404774,1.0029043
data\processed\bfw\asian\n004800\0315_01.jpg,data\processed\bfw\asian\n004800\0419_04.jpg,n004800,n004800,asian,asian,males,males,,,1,0.09379105,27.326591,0.90620893
data\processed\bfw\asian\n004794\0015_05.jpg,data\processed\bfw\asian\n004794\0079_01.jpg,n004794,n004794,asian,asian,males,males,,,1,0.4588898,20.541868,0.54111016
data\processed\bfw\asian\n003506\0041_01.jpg,data\processed\bfw\asian\n004948\0034_01.jpg,n003506,n004948,asian,asian,females,males,,,0,-0.13122307,26.951595,1.1312231
data\processed\bfw\asian\n004948\0440_01.jpg,data\processed\bfw\asian\n009177\0232_01.jpg,n004948,n009177,asian,asian,males,females,,,0,-0.13442077,30.289278,1.1344208
data\processed\bfw\asian\n001864\0171_01.jpg,data\processed\bfw\asian\n001864\0281_01.jpg,n001864,n001864,asian,asian,males,males,,,1,0.33888352,21.949501,0.6611165
data\processed\bfw\asian\n000139\0065_01.jpg,data\processed\bfw\asian\n009275\0455_01.jpg,n000139,n009275,asian,asian,females,females,,,0,0.054894496,30.192698,0.9451055
data\processed\bfw\asian\n007814\0048_01.jpg,data\processed\bfw\asian\n007814\0227_01.jpg,n007814,n007814,asian,asian,females,females,,,1,0.51209575,17.88935,0.48790425
data\processed\bfw\asian\n000873\0257_02.jpg,data\processed\bfw\asian\n004681\0016_01.jpg,n000873,n004681,asian,asian,males,males,,,0,-0.005929856,30.864746,1.0059298
data\processed\bfw\asian\n000009\0010_01.jpg,data\processed\bfw\asian\n003167\0001_02.jpg,n000009,n003167,asian,asian,females,males,,,0,-0.071428604,30.199097,1.0714287
data\processed\bfw\asian\n002406\0165_03.jpg,data\processed\bfw\asian\n002406\0176_01.jpg,n002406,n002406,asian,asian,males,males,,,1,0.20812267,24.98523,0.7918773
data\processed\bfw\asian\n000132\0693_01__face_0.jpg,data\processed\bfw\asian\n000132\0707_01__face_0.jpg,n000132,n000132,asian,asian,males,males,,,1,0.326514,24.206114,0.673486
data\processed\bfw\asian\n003467\0188_03.jpg,data\processed\bfw\asian\n005083\0198_01.jpg,n003467,n005083,asian,asian,females,females,,,0,-0.01490845,26.609802,1.0149084
data\processed\bfw\asian\n009294\0222_01.jpg,data\processed\bfw\asian\n005378\0092_01.jpg,n009294,n005378,asian,asian,females,females,,,0,0.03384533,28.854935,0.9661547
data\processed\bfw\asian\n001682\0127_01.jpg,data\processed\bfw\asian\n006149\0260_01.jpg,n001682,n006149,asian,asian,males,females,,,0,0.00035922005,25.00271,0.99964076
data\processed\bfw\asian\n003162\0191_01.jpg,data\processed\bfw\asian\n003162\0350_02.jpg,n003162,n003162,asian,asian,males,males,,,1,0.5131816,22.528984,0.48681837
data\processed\bfw\asian\n001562\0081_01.jpg,data\processed\bfw\asian\n001562\0207_01.jpg,n001562,n001562,asian,asian,males,males,,,1,0.48113936,19.418653,0.51886064
data\processed\bfw\asian\n002725\0295_01.jpg,data\processed\bfw\asian\n002725\0452_04.jpg,n002725,n002725,asian,asian,females,females,,,1,0.5907959,18.232624,0.40920413
data\processed\bfw\asian\n004681\0101_01.jpg,data\processed\bfw\asian\n003635\0648_02.jpg,n004681,n003635,asian,asian,males,males,,,0,0.15213698,28.308569,0.847863
data\processed\bfw\asian\n006633\0124_06.jpg,data\processed\bfw\asian\n000837\0144_01.jpg,n006633,n000837,asian,asian,females,females,,,0,0.09211244,27.484232,0.9078876
data\processed\bfw\asian\n003156\0487_01.jpg,data\processed\bfw\asian\n003156\0684_01.jpg,n003156,n003156,asian,asian,males,males,,,1,0.1729361,22.38303,0.8270639
data\processed\bfw\asian\n003354\0036_01.jpg,data\processed\bfw\asian\n003354\0136_01.jpg,n003354,n003354,asian,asian,females,females,,,1,0.5370309,19.261948,0.46296912
data\processed\bfw\asian\n003463\0179_02.jpg,data\processed\bfw\asian\n003491\0019_01.jpg,n003463,n003491,asian,asian,males,males,,,0,-0.12153164,32.830967,1.1215316
data\processed\bfw\asian\n000856\0098_01.jpg,data\processed\bfw\asian\n006148\0040_01.jpg,n000856,n006148,asian,asian,females,females,,,0,-0.049964804,27.167849,1.0499648
data\processed\bfw\asian\n004791\0190_01.jpg,data\processed\bfw\asian\n004791\0197_01.jpg,n004791,n004791,asian,asian,males,males,,,1,0.3874604,19.334013,0.6125396
data\processed\bfw\asian\n006159\0083_01.jpg,data\processed\bfw\asian\n006159\0379_01.jpg,n006159,n006159,asian,asian,females,females,,,1,0.42901674,24.535675,0.5709833
data\processed\bfw\asian\n009175\0020_01.jpg,data\processed\bfw\asian\n009175\0090_01.jpg,n009175,n009175,asian,asian,females,females,,,1,0.46054453,21.843838,0.5394555
data\processed\bfw\asian\n001864\0105_01.jpg,data\processed\bfw\asian\n000873\0176_01.jpg,n001864,n000873,asian,asian,males,males,,,0,0.0064574275,26.038578,0.99354255
data\processed\bfw\asian\n004680\0158_01.jpg,data\processed\bfw\asian\n003288\0051_01.jpg,n004680,n003288,asian,asian,females,females,,,0,0.055024106,22.588072,0.9449759
data\processed\bfw\asian\n004864\0004_01.jpg,data\processed\bfw\asian\n004864\0059_01.jpg,n004864,n004864,asian,asian,females,females,,,1,0.5687551,17.515535,0.4312449
data\processed\bfw\asian\n000143\0045_05.jpg,data\processed\bfw\asian\n008163\0034_04.jpg,n000143,n008163,asian,asian,females,females,,,0,0.022892026,29.472366,0.977108
data\processed\bfw\asian\n003489\0051_03.jpg,data\processed\bfw\asian\n004791\0440_01.jpg,n003489,n004791,asian,asian,males,males,,,0,0.22688374,26.040989,0.77311623
data\processed\bfw\asian\n005083\0133_01.jpg,data\processed\bfw\asian\n005083\0252_01.jpg,n005083,n005083,asian,asian,females,females,,,1,0.29987076,21.658913,0.7001293
data\processed\bfw\asian\n006148\0014_03.jpg,data\processed\bfw\asian\n006148\0344_01.jpg,n006148,n006148,asian,asian,females,females,,,1,0.30591458,24.146738,0.6940854
data\processed\bfw\asian\n003465\0333_02.jpg,data\processed\bfw\asian\n005216\0059_01.jpg,n003465,n005216,asian,asian,males,females,,,0,0.021251054,26.254534,0.9787489
data\processed\bfw\asian\n004935\0030_01.jpg,data\processed\bfw\asian\n000138\0153_02.jpg,n004935,n000138,asian,asian,males,females,,,0,0.010276745,28.779633,0.98972327
data\processed\bfw\asian\n000873\0138_01.jpg,data\processed\bfw\asian\n004800\0366_01.jpg,n000873,n004800,asian,asian,males,males,,,0,0.14723746,26.611595,0.8527625
data\processed\bfw\asian\n005116\0228_03.jpg,data\processed\bfw\asian\n004221\0190_03.jpg,n005116,n004221,asian,asian,males,males,,,0,0.14048,27.304829,0.85952
data\processed\bfw\asian\n009137\0182_02.jpg,data\processed\bfw\asian\n009137\0264_01.jpg,n009137,n009137,asian,asian,females,females,,,1,0.4986901,20.483719,0.5013099
data\processed\bfw\asian\n004800\0139_02.jpg,data\processed\bfw\asian\n004800\0184_01.jpg,n004800,n004800,asian,asian,males,males,,,1,0.3542936,20.80519,0.6457064
data\processed\bfw\asian\n000139\0311_01.jpg,data\processed\bfw\asian\n009042\0048_01.jpg,n000139,n009042,asian,asian,females,females,,,0,0.03192813,29.16983,0.9680719
data\processed\bfw\asian\n004864\0059_01.jpg,data\processed\bfw\asian\n006149\0139_02.jpg,n004864,n006149,asian,asian,females,females,,,0,0.08208264,24.128101,0.9179174
data\processed\bfw\asian\n000873\0085_02.jpg,data\processed\bfw\asian\n000873\0105_01.jpg,n000873,n000873,asian,asian,males,males,,,1,0.5316588,18.141722,0.46834117
data\processed\bfw\asian\n000160\0105_01.jpg,data\processed\bfw\asian\n000160\0430_01.jpg,n000160,n000160,asian,asian,females,females,,,1,0.38857242,21.925138,0.61142755
data\processed\bfw\asian\n009294\0111_02.jpg,data\processed\bfw\asian\n009294\0279_02.jpg,n009294,n009294,asian,asian,females,females,,,1,0.57672566,20.17861,0.42327434
data\processed\bfw\asian\n005474\0003_01.jpg,data\processed\bfw\asian\n002406\0126_01.jpg,n005474,n002406,asian,asian,females,males,,,0,0.054239538,26.850664,0.9457605
data\processed\bfw\asian\n008148\0008_02.jpg,data\processed\bfw\asian\n008148\0195_01.jpg,n008148,n008148,asian,asian,females,females,,,1,0.526454,18.024488,0.47354603
data\processed\bfw\asian\n007270\0605_01.jpg,data\processed\bfw\asian\n003463\0097_02.jpg,n007270,n003463,asian,asian,females,males,,,0,-0.11506355,29.140852,1.1150635
data\processed\bfw\asian\n001562\0081_01.jpg,data\processed\bfw\asian\n001562\0341_01.jpg,n001562,n001562,asian,asian,males,males,,,1,0.602907,17.524006,0.397093
data\processed\bfw\asian\n002775\0088_02.jpg,data\processed\bfw\asian\n002775\0812_02.jpg,n002775,n002775,asian,asian,males,males,,,1,0.69884145,18.938604,0.30115855
data\processed\bfw\asian\n007270\0155_01.jpg,data\processed\bfw\asian\n001976\0458_02.jpg,n007270,n001976,asian,asian,females,males,,,0,-0.023547746,26.252716,1.0235478
data\processed\bfw\asian\n004860\0052_01.jpg,data\processed\bfw\asian\n003489\0020_01.jpg,n004860,n003489,asian,asian,females,males,,,0,-0.003465189,27.90834,1.0034652
data\processed\bfw\asian\n000839\0197_01.jpg,data\processed\bfw\asian\n009276\0332_01.jpg,n000839,n009276,asian,asian,females,females,,,0,0.23215619,24.793015,0.76784384
data\processed\bfw\asian\n000143\0019_01.jpg,data\processed\bfw\asian\n005378\0176_01.jpg,n000143,n005378,asian,asian,females,females,,,0,0.10952881,23.249756,0.8904712
data\processed\bfw\asian\n004109\0070_01.jpg,data\processed\bfw\asian\n004687\0497_01.jpg,n004109,n004687,asian,asian,males,females,,,0,-0.033686224,31.246597,1.0336863
data\processed\bfw\asian\n004467\0228_01.jpg,data\processed\bfw\asian\n004725\0147_01.jpg,n004467,n004725,asian,asian,males,males,,,0,-0.17144191,31.267088,1.1714419
data\processed\bfw\asian\n003482\0044_02.jpg,data\processed\bfw\asian\n003482\0102_02.jpg,n003482,n003482,asian,asian,males,males,,,1,0.17255414,27.48117,0.82744586
data\processed\bfw\asian\n006203\0109_03.jpg,data\processed\bfw\asian\n003482\0408_02.jpg,n006203,n003482,asian,asian,females,males,,,0,0.050185464,26.294176,0.94981456
data\processed\bfw\asian\n000137\0059_01.jpg,data\processed\bfw\asian\n007816\0279_01.jpg,n000137,n007816,asian,asian,females,females,,,0,0.056669395,28.203136,0.9433306
data\processed\bfw\asian\n003557\0574_01.jpg,data\processed\bfw\asian\n003533\0616_01.jpg,n003557,n003533,asian,asian,females,males,,,0,0.08726517,26.377802,0.9127348
data\processed\bfw\asian\n004794\0015_01.jpg,data\processed\bfw\asian\n000148\0390_01.jpg,n004794,n000148,asian,asian,males,females,,,0,-0.02768744,21.5073,1.0276874
data\processed\bfw\asian\n009177\0248_02.jpg,data\processed\bfw\asian\n004721\0125_01.jpg,n009177,n004721,asian,asian,females,males,,,0,0.0021184408,31.825409,0.99788153
data\processed\bfw\asian\n001682\0143_02.jpg,data\processed\bfw\asian\n001682\0172_02.jpg,n001682,n001682,asian,asian,males,males,,,1,0.37856862,24.717659,0.62143135
data\processed\bfw\asian\n004870\0007_01.jpg,data\processed\bfw\asian\n004870\0094_04.jpg,n004870,n004870,asian,asian,females,females,,,1,0.20606397,24.446402,0.793936
data\processed\bfw\asian\n003027\0098_01.jpg,data\processed\bfw\asian\n007378\0019_01.jpg,n003027,n007378,asian,asian,males,females,,,0,0.14146216,27.640522,0.85853785
data\processed\bfw\asian\n004860\0018_02.jpg,data\processed\bfw\asian\n006222\0312_01.jpg,n004860,n006222,asian,asian,females,females,,,0,-0.010697372,25.888908,1.0106974
data\processed\bfw\asian\n004680\0180_01.jpg,data\processed\bfw\asian\n001572\0326_01.jpg,n004680,n001572,asian,asian,females,females,,,0,0.32104537,22.528095,0.6789546
data\processed\bfw\asian\n007270\0197_01.jpg,data\processed\bfw\asian\n007270\0434_01.jpg,n007270,n007270,asian,asian,females,females,,,1,0.3227122,22.72066,0.6772878
data\processed\bfw\asian\n006418\0377_02.jpg,data\processed\bfw\asian\n003533\0050_01.jpg,n006418,n003533,asian,asian,females,males,,,0,0.17060983,28.213985,0.82939017
data\processed\bfw\asian\n005063\0421_03.jpg,data\processed\bfw\asian\n005063\0577_01.jpg,n005063,n005063,asian,asian,females,females,,,1,0.51160616,21.814863,0.48839384
data\processed\bfw\asian\n008401\0397_01.jpg,data\processed\bfw\asian\n008401\0560_01.jpg,n008401,n008401,asian,asian,females,females,,,1,0.42182055,20.696411,0.5781795
data\processed\bfw\asian\n002644\0123_02.jpg,data\processed\bfw\asian\n002644\0208_01.jpg,n002644,n002644,asian,asian,males,males,,,1,0.42243966,20.837519,0.5775603
data\processed\bfw\asian\n007089\0162_01.jpg,data\processed\bfw\asian\n007089\0432_04.jpg,n007089,n007089,asian,asian,females,females,,,1,0.39383307,22.273022,0.60616696
data\processed\bfw\asian\n009279\0265_01.jpg,data\processed\bfw\asian\n003155\0135_01.jpg,n009279,n003155,asian,asian,females,males,,,0,0.074982725,25.30944,0.9250173
data\processed\bfw\asian\n003465\0116_01.jpg,data\processed\bfw\asian\n003465\0580_03.jpg,n003465,n003465,asian,asian,males,males,,,1,0.70496917,16.011175,0.29503083
data\processed\bfw\asian\n001562\0009_02.jpg,data\processed\bfw\asian\n001562\0137_01.jpg,n001562,n001562,asian,asian,males,males,,,1,0.6007794,18.38872,0.3992206
data\processed\bfw\asian\n003155\0362_03.jpg,data\processed\bfw\asian\n003155\0994_03.jpg,n003155,n003155,asian,asian,males,males,,,1,0.14827693,29.275953,0.8517231
data\processed\bfw\asian\n007378\0146_03.jpg,data\processed\bfw\asian\n007378\0289_01.jpg,n007378,n007378,asian,asian,females,females,,,1,0.23021173,21.476038,0.76978827
data\processed\bfw\asian\n003162\0191_01.jpg,data\processed\bfw\asian\n003162\0278_01.jpg,n003162,n003162,asian,asian,males,males,,,1,0.627898,20.663404,0.37210202
data\processed\bfw\asian\n002320\0013_03.jpg,data\processed\bfw\asian\n002320\0137_02.jpg,n002320,n002320,asian,asian,males,males,,,1,0.3179576,23.490234,0.68204236
data\processed\bfw\asian\n004681\0133_01.jpg,data\processed\bfw\asian\n004681\0366_01.jpg,n004681,n004681,asian,asian,males,males,,,1,-0.07048348,29.41801,1.0704834
data\processed\bfw\asian\n008934\0353_01.jpg,data\processed\bfw\asian\n006633\0489_03.jpg,n008934,n006633,asian,asian,females,females,,,0,0.0059429756,26.27325,0.994057
data\processed\bfw\asian\n003156\0666_01.jpg,data\processed\bfw\asian\n009137\0182_02.jpg,n003156,n009137,asian,asian,males,females,,,0,-0.17269255,32.20309,1.1726925
data\processed\bfw\asian\n003463\0097_02.jpg,data\processed\bfw\asian\n007738\0219_02.jpg,n003463,n007738,asian,asian,males,females,,,0,-0.072790556,28.312637,1.0727905
data\processed\bfw\asian\n001682\0142_01.jpg,data\processed\bfw\asian\n005216\0133_01.jpg,n001682,n005216,asian,asian,males,females,,,0,-0.059478518,27.282076,1.0594785
data\processed\bfw\asian\n008401\0097_02.jpg,data\processed\bfw\asian\n008401\0297_01.jpg,n008401,n008401,asian,asian,females,females,,,1,0.48857978,21.375845,0.51142025
data\processed\bfw\asian\n005474\0183_02.jpg,data\processed\bfw\asian\n005474\0298_05.jpg,n005474,n005474,asian,asian,females,females,,,1,0.17965558,22.82348,0.82034445
data\processed\bfw\asian\n007385\0056_07.jpg,data\processed\bfw\asian\n008934\0630_01.jpg,n007385,n008934,asian,asian,females,females,,,0,0.07648195,28.560188,0.92351806
data\processed\bfw\asian\n009042\0059_01.jpg,data\processed\bfw\asian\n009042\0122_03.jpg,n009042,n009042,asian,asian,females,females,,,1,0.083867356,33.081543,0.9161326
data\processed\bfw\asian\n004809\0356_01.jpg,data\processed\bfw\asian\n005085\0666_02.jpg,n004809,n005085,asian,asian,males,females,,,0,-0.047786277,28.036581,1.0477862
data\processed\bfw\asian\n004469\0083_02.jpg,data\processed\bfw\asian\n004469\0851_02.jpg,n004469,n004469,asian,asian,males,males,,,1,0.5242189,24.274624,0.47578108
data\processed\bfw\asian\n004809\0220_03.jpg,data\processed\bfw\asian\n009175\0090_01.jpg,n004809,n009175,asian,asian,males,females,,,0,0.010221805,29.177252,0.9897782
data\processed\bfw\asian\n005077\0063_01.jpg,data\processed\bfw\asian\n005077\0073_01.jpg,n005077,n005077,asian,asian,females,females,,,1,0.53042,17.36808,0.46958
data\processed\bfw\asian\n006619\0368_01.jpg,data\processed\bfw\asian\n006619\0417_01.jpg,n006619,n006619,asian,asian,females,females,,,1,0.4866738,17.024715,0.51332617
data\processed\bfw\asian\n003467\0055_01.jpg,data\processed\bfw\asian\n003467\0111_02.jpg,n003467,n003467,asian,asian,females,females,,,1,0.30229992,25.674208,0.6977001
data\processed\bfw\asian\n000132\0114_06__face_0.jpg,data\processed\bfw\asian\n004785\0493_01.jpg,n000132,n004785,asian,asian,males,females,,,0,-0.035523172,26.428503,1.0355232
data\processed\bfw\asian\n000838\0129_01.jpg,data\processed\bfw\asian\n000838\0166_01.jpg,n000838,n000838,asian,asian,females,females,,,1,0.57253516,18.723515,0.42746484
data\processed\bfw\asian\n000160\0127_01.jpg,data\processed\bfw\asian\n000160\0350_01.jpg,n000160,n000160,asian,asian,females,females,,,1,0.22897355,22.302006,0.77102643
data\processed\bfw\asian\n007816\0375_01.jpg,data\processed\bfw\asian\n007385\0193_01.jpg,n007816,n007385,asian,asian,females,females,,,0,0.1577669,23.838694,0.8422331
data\processed\bfw\asian\n005077\0079_01.jpg,data\processed\bfw\asian\n008934\0039_01.jpg,n005077,n008934,asian,asian,females,females,,,0,0.09478534,24.111904,0.90521467
data\processed\bfw\asian\n000436\0161_02.jpg,data\processed\bfw\asian\n003824\0160_01.jpg,n000436,n003824,asian,asian,males,females,,,0,-0.03239366,29.816673,1.0323937
data\processed\bfw\asian\n000854\0262_01.jpg,data\processed\bfw\asian\n004469\0168_01.jpg,n000854,n004469,asian,asian,females,males,,,0,0.092486836,28.043207,0.90751314
data\processed\bfw\asian\n006358\0076_01.jpg,data\processed\bfw\asian\n000436\0035_01.jpg,n006358,n000436,asian,asian,females,males,,,0,0.07776204,29.870592,0.922238
data\processed\bfw\asian\n006222\0177_02.jpg,data\processed\bfw\asian\n000009\0063_01.jpg,n006222,n000009,asian,asian,females,females,,,0,0.025606807,27.308775,0.9743932
data\processed\bfw\asian\n000854\0282_01.jpg,data\processed\bfw\asian\n000854\0461_01.jpg,n000854,n000854,asian,asian,females,females,,,1,0.031925827,25.615522,0.9680742
data\processed\bfw\asian\n003489\0051_03.jpg,data\processed\bfw\asian\n003506\0367_01.jpg,n003489,n003506,asian,asian,males,females,,,0,-0.061818413,28.694077,1.0618184
data\processed\bfw\asian\n008978\0030_01.jpg,data\processed\bfw\asian\n008978\0101_01.jpg,n008978,n008978,asian,asian,females,females,,,1,0.48993155,21.171705,0.5100684
data\processed\bfw\asian\n004472\0146_01.jpg,data\processed\bfw\asian\n004936\0304_02.jpg,n004472,n004936,asian,asian,females,females,,,0,-0.013825963,25.357016,1.013826
data\processed\bfw\asian\n000436\0662_02.jpg,data\processed\bfw\asian\n000436\0675_01.jpg,n000436,n000436,asian,asian,males,males,,,1,0.44330072,22.102787,0.5566993
data\processed\bfw\asian\n000132\0238_02__face_0.jpg,data\processed\bfw\asian\n004935\0351_01.jpg,n000132,n004935,asian,asian,males,males,,,0,0.06482603,27.641754,0.935174
data\processed\bfw\asian\n000856\0053_01.jpg,data\processed\bfw\asian\n000856\0075_01.jpg,n000856,n000856,asian,asian,females,females,,,1,0.48928165,18.161339,0.51071835
data\processed\bfw\asian\n002725\0298_01.jpg,data\processed\bfw\asian\n002725\0329_03.jpg,n002725,n002725,asian,asian,females,females,,,1,0.30957672,24.917484,0.69042325
data\processed\bfw\asian\n007378\0479_01.jpg,data\processed\bfw\asian\n005446\0361_01.jpg,n007378,n005446,asian,asian,females,females,,,0,0.05427225,24.086733,0.94572777
data\processed\bfw\asian\n006223\0172_01.jpg,data\processed\bfw\asian\n008934\0128_01.jpg,n006223,n008934,asian,asian,females,females,,,0,-0.04235765,27.648197,1.0423577
data\processed\bfw\asian\n004466\0102_01.jpg,data\processed\bfw\asian\n003358\0306_01.jpg,n004466,n003358,asian,asian,males,females,,,0,-0.047374167,27.917894,1.0473741
data\processed\bfw\asian\n009294\0111_02.jpg,data\processed\bfw\asian\n006358\0055_02.jpg,n009294,n006358,asian,asian,females,females,,,0,-0.0030528083,29.77121,1.0030528
data\processed\bfw\asian\n003167\0562_01.jpg,data\processed\bfw\asian\n004687\0058_01.jpg,n003167,n004687,asian,asian,males,females,,,0,0.060641047,25.150902,0.93935895
data\processed\bfw\asian\n003491\0011_01.jpg,data\processed\bfw\asian\n003491\0017_01.jpg,n003491,n003491,asian,asian,males,males,,,1,0.6675806,19.17814,0.3324194
data\processed\bfw\asian\n004809\0026_01.jpg,data\processed\bfw\asian\n004809\0208_01.jpg,n004809,n004809,asian,asian,males,males,,,1,0.2689498,24.705252,0.7310502
data\processed\bfw\asian\n009148\0033_01.jpg,data\processed\bfw\asian\n009148\0039_05.jpg,n009148,n009148,asian,asian,females,females,,,1,0.25810206,24.466734,0.74189794
data\processed\bfw\asian\n009137\0057_01.jpg,data\processed\bfw\asian\n009137\0160_01.jpg,n009137,n009137,asian,asian,females,females,,,1,0.5386591,17.984476,0.4613409
data\processed\bfw\asian\n002775\0133_01.jpg,data\processed\bfw\asian\n002775\0818_07.jpg,n002775,n002775,asian,asian,males,males,,,1,0.36130244,27.18237,0.63869756
data\processed\bfw\asian\n000854\0249_01.jpg,data\processed\bfw\asian\n000854\0275_01.jpg,n000854,n000854,asian,asian,females,females,,,1,0.22529273,24.626299,0.77470726
data\processed\bfw\asian\n002406\0113_01.jpg,data\processed\bfw\asian\n002406\0176_01.jpg,n002406,n002406,asian,asian,males,males,,,1,0.6036866,17.53839,0.39631343
data\processed\bfw\asian\n009276\0036_01.jpg,data\processed\bfw\asian\n009042\0020_01.jpg,n009276,n009042,asian,asian,females,females,,,0,-0.033820625,31.027266,1.0338206
data\processed\bfw\asian\n003155\0029_01.jpg,data\processed\bfw\asian\n000148\0390_01.jpg,n003155,n000148,asian,asian,males,females,,,0,0.04316124,26.621195,0.9568388
data\processed\bfw\asian\n007378\0113_01.jpg,data\processed\bfw\asian\n003358\0702_01.jpg,n007378,n003358,asian,asian,females,females,,,0,0.26726317,22.718578,0.7327368
data\processed\bfw\asian\n004948\0016_01.jpg,data\processed\bfw\asian\n004948\0057_01.jpg,n004948,n004948,asian,asian,males,males,,,1,0.2784543,26.131756,0.7215457
data\processed\bfw\asian\n004687\0199_03.jpg,data\processed\bfw\asian\n006344\0557_01.jpg,n004687,n006344,asian,asian,females,females,,,0,0.026398286,27.047096,0.9736017
data\processed\bfw\asian\n006203\0045_01.jpg,data\processed\bfw\asian\n006203\0724_01.jpg,n006203,n006203,asian,asian,females,females,,,1,0.51155615,18.775335,0.48844385
data\processed\bfw\asian\n006774\0268_01.jpg,data\processed\bfw\asian\n006774\0430_02.jpg,n006774,n006774,asian,asian,females,females,,,1,0.10199538,20.596449,0.89800465
data\processed\bfw\asian\n003449\0164_01.jpg,data\processed\bfw\asian\n003449\0418_01.jpg,n003449,n003449,asian,asian,females,females,,,1,0.26325545,21.220087,0.7367445
data\processed\bfw\asian\n002331\0317_02.jpg,data\processed\bfw\asian\n003481\0202_01.jpg,n002331,n003481,asian,asian,males,females,,,0,0.048850402,26.440088,0.9511496
data\processed\bfw\asian\n003481\0055_01.jpg,data\processed\bfw\asian\n002406\0148_01.jpg,n003481,n002406,asian,asian,females,males,,,0,0.10924984,25.605663,0.89075017
data\processed\bfw\asian\n000436\0035_01.jpg,data\processed\bfw\asian\n000436\0560_01.jpg,n000436,n000436,asian,asian,males,males,,,1,0.073336236,27.62672,0.92666376
data\processed\bfw\asian\n000872\0227_01.jpg,data\processed\bfw\asian\n007372\0238_01.jpg,n000872,n007372,asian,asian,males,females,,,0,0.023991192,24.989443,0.97600883
data\processed\bfw\asian\n009103\0220_01.jpg,data\processed\bfw\asian\n009103\0657_02.jpg,n009103,n009103,asian,asian,females,females,,,1,0.4666494,21.608238,0.5333506
data\processed\bfw\asian\n009137\0001_01.jpg,data\processed\bfw\asian\n009137\0163_02.jpg,n009137,n009137,asian,asian,females,females,,,1,0.17551467,25.845861,0.8244853
data\processed\bfw\asian\n003153\0251_01.jpg,data\processed\bfw\asian\n003153\0315_02.jpg,n003153,n003153,asian,asian,females,females,,,1,0.19959897,24.198025,0.80040103
data\processed\bfw\asian\n003167\0081_01.jpg,data\processed\bfw\asian\n003167\0183_01.jpg,n003167,n003167,asian,asian,males,males,,,1,0.46240175,22.390038,0.53759825
data\processed\bfw\asian\n003354\0058_01.jpg,data\processed\bfw\asian\n004681\0131_04.jpg,n003354,n004681,asian,asian,females,males,,,0,-0.015126293,29.054142,1.0151263
data\processed\bfw\asian\n009125\0041_01.jpg,data\processed\bfw\asian\n009125\0186_02.jpg,n009125,n009125,asian,asian,females,females,,,1,0.561082,18.610594,0.438918
data\processed\bfw\asian\n000138\0259_01.jpg,data\processed\bfw\asian\n000138\0493_01.jpg,n000138,n000138,asian,asian,females,females,,,1,0.17660525,22.0901,0.8233948
data\processed\bfw\asian\n004935\0238_01.jpg,data\processed\bfw\asian\n004930\0103_01.jpg,n004935,n004930,asian,asian,males,females,,,0,-0.038464267,29.347727,1.0384643
data\processed\bfw\asian\n001864\0039_02.jpg,data\processed\bfw\asian\n001864\0283_01.jpg,n001864,n001864,asian,asian,males,males,,,1,0.58422637,17.214783,0.41577363
data\processed\bfw\asian\n005071\0114_03.jpg,data\processed\bfw\asian\n005071\0280_01.jpg,n005071,n005071,asian,asian,males,males,,,1,0.1537488,24.41439,0.8462512
data\processed\bfw\asian\n009294\0018_02.jpg,data\processed\bfw\asian\n009294\0222_01.jpg,n009294,n009294,asian,asian,females,females,,,1,0.3709568,24.902748,0.6290432
data\processed\bfw\asian\n005077\0073_01.jpg,data\processed\bfw\asian\n003288\0495_01.jpg,n005077,n003288,asian,asian,females,females,,,0,0.046051,26.54196,0.953949
data\processed\bfw\asian\n009276\0317_01.jpg,data\processed\bfw\asian\n009276\0374_01.jpg,n009276,n009276,asian,asian,females,females,,,1,0.19727992,24.384842,0.80272007
data\processed\bfw\asian\n005085\0224_01.jpg,data\processed\bfw\asian\n005085\0679_01.jpg,n005085,n005085,asian,asian,females,females,,,1,0.34822324,20.653322,0.6517768
data\processed\bfw\asian\n008401\0053_01.jpg,data\processed\bfw\asian\n005069\0417_01.jpg,n008401,n005069,asian,asian,females,females,,,0,0.08536218,24.201635,0.9146378
data\processed\bfw\asian\n009175\0043_01.jpg,data\processed\bfw\asian\n009175\0070_01.jpg,n009175,n009175,asian,asian,females,females,,,1,0.6331626,18.376915,0.36683738
data\processed\bfw\asian\n006203\0085_03.jpg,data\processed\bfw\asian\n006203\0148_04.jpg,n006203,n006203,asian,asian,females,females,,,1,0.37771383,19.676367,0.6222862
data\processed\bfw\asian\n005085\0061_01.jpg,data\processed\bfw\asian\n003358\0080_01.jpg,n005085,n003358,asian,asian,females,females,,,0,0.060841583,27.23758,0.93915844
data\processed\bfw\asian\n000854\0060_01.jpg,data\processed\bfw\asian\n006633\0165_01.jpg,n000854,n006633,asian,asian,females,females,,,0,0.01214298,27.12205,0.98785704
data\processed\bfw\asian\n008934\0645_01.jpg,data\processed\bfw\asian\n004805\0357_01.jpg,n008934,n004805,asian,asian,females,males,,,0,0.012662217,24.046976,0.98733777
data\processed\bfw\asian\n000132\0234_01__face_0.jpg,data\processed\bfw\asian\n000132\0332_01__face_0.jpg,n000132,n000132,asian,asian,males,males,,,1,0.29833135,23.61859,0.7016686
data\processed\bfw\asian\n004221\0187_01.jpg,data\processed\bfw\asian\n006774\0156_01.jpg,n004221,n006774,asian,asian,males,females,,,0,0.011729547,30.332304,0.98827046
data\processed\bfw\asian\n002552\0375_01.jpg,data\processed\bfw\asian\n002552\0532_01.jpg,n002552,n002552,asian,asian,males,males,,,1,0.28530076,23.3079,0.71469927
data\processed\bfw\asian\n004221\0226_06.jpg,data\processed\bfw\asian\n003027\0230_01.jpg,n004221,n003027,asian,asian,males,males,,,0,-0.06903364,30.23683,1.0690336
data\processed\bfw\asian\n003824\0270_01.jpg,data\processed\bfw\asian\n002331\0243_01.jpg,n003824,n002331,asian,asian,females,males,,,0,0.0018218629,30.661348,0.9981781
data\processed\bfw\asian\n005071\0055_02.jpg,data\processed\bfw\asian\n005071\0114_03.jpg,n005071,n005071,asian,asian,males,males,,,1,0.53541297,20.261827,0.46458703
data\processed\bfw\asian\n000139\0298_01.jpg,data\processed\bfw\asian\n008383\0090_01.jpg,n000139,n008383,asian,asian,females,females,,,0,-0.14795601,29.244347,1.147956
data\processed\bfw\asian\n005072\0001_03.jpg,data\processed\bfw\asian\n005072\0350_01.jpg,n005072,n005072,asian,asian,males,males,,,1,0.5004288,22.13409,0.4995712
data\processed\bfw\asian\n007816\0329_01.jpg,data\processed\bfw\asian\n007816\0832_01.jpg,n007816,n007816,asian,asian,females,females,,,1,0.22889726,22.34114,0.7711027
data\processed\bfw\asian\n009275\0162_01.jpg,data\processed\bfw\asian\n009275\0299_01.jpg,n009275,n009275,asian,asian,females,females,,,1,0.53659,19.239838,0.46341002
data\processed\bfw\asian\n006634\0032_01.jpg,data\processed\bfw\asian\n006634\0434_01.jpg,n006634,n006634,asian,asian,females,females,,,1,0.09225486,27.37285,0.9077451
data\processed\bfw\asian\n000160\0285_03.jpg,data\processed\bfw\asian\n003465\0461_03.jpg,n000160,n003465,asian,asian,females,males,,,0,-0.07485744,23.690475,1.0748575
data\processed\bfw\asian\n000872\0026_03.jpg,data\processed\bfw\asian\n000872\0085_01.jpg,n000872,n000872,asian,asian,males,males,,,1,0.47365028,22.347713,0.5263497
data\processed\bfw\asian\n009177\0626_01.jpg,data\processed\bfw\asian\n004930\0044_01.jpg,n009177,n004930,asian,asian,females,females,,,0,0.1269531,27.580248,0.8730469
data\processed\bfw\asian\n000158\0161_01.jpg,data\processed\bfw\asian\n000158\0658_01.jpg,n000158,n000158,asian,asian,males,males,,,1,0.6811365,19.130014,0.3188635
data\processed\bfw\asian\n003463\0179_02.jpg,data\processed\bfw\asian\n003463\0485_01.jpg,n003463,n003463,asian,asian,males,males,,,1,0.41626567,21.20933,0.58373433
data\processed\bfw\asian\n009103\0217_02.jpg,data\processed\bfw\asian\n009103\0265_03.jpg,n009103,n009103,asian,asian,females,females,,,1,0.5025268,19.786926,0.49747318
data\processed\bfw\asian\n002509\0013_01.jpg,data\processed\bfw\asian\n002509\0432_01.jpg,n002509,n002509,asian,asian,females,females,,,1,-0.044195563,27.324314,1.0441955
data\processed\bfw\asian\n004787\0657_03.jpg,data\processed\bfw\asian\n004787\0679_05.jpg,n004787,n004787,asian,asian,females,females,,,1,0.52160025,18.65082,0.47839975
data\processed\bfw\asian\n002509\0023_01.jpg,data\processed\bfw\asian\n002509\0046_01.jpg,n002509,n002509,asian,asian,females,females,,,1,0.6379297,16.21601,0.36207032
data\processed\bfw\asian\n005446\0265_01.jpg,data\processed\bfw\asian\n005446\0473_01.jpg,n005446,n005446,asian,asian,females,females,,,1,0.44676992,17.135942,0.55323005
data\processed\bfw\asian\n004472\0258_01.jpg,data\processed\bfw\asian\n004472\0391_02.jpg,n004472,n004472,asian,asian,females,females,,,1,0.2501847,21.865416,0.7498153
data\processed\bfw\asian\n004785\0169_01.jpg,data\processed\bfw\asian\n006159\0183_01.jpg,n004785,n006159,asian,asian,females,females,,,0,0.04996206,27.741116,0.95003796
data\processed\bfw\asian\n003506\0136_01.jpg,data\processed\bfw\asian\n003506\0162_01.jpg,n003506,n003506,asian,asian,females,females,,,1,0.41677958,20.341394,0.5832204
data\processed\bfw\asian\n009278\0093_01.jpg,data\processed\bfw\asian\n009103\0657_02.jpg,n009278,n009103,asian,asian,females,females,,,0,-0.09850967,29.903303,1.0985097
data\processed\bfw\asian\n009276\0079_01.jpg,data\processed\bfw\asian\n009276\0172_02.jpg,n009276,n009276,asian,asian,females,females,,,1,0.03921884,24.36935,0.96078116
data\processed\bfw\asian\n005072\0258_01.jpg,data\processed\bfw\asian\n005072\0350_01.jpg,n005072,n005072,asian,asian,males,males,,,1,0.21784031,26.391125,0.7821597
data\processed\bfw\asian\n003288\0093_01.jpg,data\processed\bfw\asian\n003288\0579_02.jpg,n003288,n003288,asian,asian,females,females,,,1,0.33350593,22.85615,0.6664941
data\processed\bfw\asian\n009041\0553_01.jpg,data\processed\bfw\asian\n001562\0092_02.jpg,n009041,n001562,asian,asian,females,males,,,0,-0.030403394,28.57182,1.0304034
data\processed\bfw\asian\n000837\0085_01.jpg,data\processed\bfw\asian\n003533\0172_01.jpg,n000837,n003533,asian,asian,females,males,,,0,0.00021396113,26.532925,0.999786
data\processed\bfw\asian\n007899\0077_01.jpg,data\processed\bfw\asian\n000148\0390_01.jpg,n007899,n000148,asian,asian,females,females,,,0,0.08790623,24.230206,0.91209376
data\processed\bfw\asian\n006344\0314_01.jpg,data\processed\bfw\asian\n008401\0399_01.jpg,n006344,n008401,asian,asian,females,females,,,0,0.031871114,24.423622,0.96812886
data\processed\bfw\asian\n001682\0074_01.jpg,data\processed\bfw\asian\n000009\0081_01.jpg,n001682,n000009,asian,asian,males,females,,,0,0.054390814,28.359015,0.9456092
data\processed\bfw\asian\n003155\0309_02.jpg,data\processed\bfw\asian\n000139\0016_01.jpg,n003155,n000139,asian,asian,males,females,,,0,-0.037416812,36.728046,1.0374168
data\processed\bfw\asian\n000160\0075_01.jpg,data\processed\bfw\asian\n003162\0508_01.jpg,n000160,n003162,asian,asian,females,males,,,0,-0.0057245265,27.792778,1.0057245
data\processed\bfw\asian\n005063\0373_01.jpg,data\processed\bfw\asian\n002331\0153_01.jpg,n005063,n002331,asian,asian,females,males,,,0,-0.06436157,24.587162,1.0643616
data\processed\bfw\asian\n003155\0025_02.jpg,data\processed\bfw\asian\n003155\0241_01.jpg,n003155,n003155,asian,asian,males,males,,,1,0.07499139,31.89386,0.9250086
data\processed\bfw\asian\n004794\0135_01.jpg,data\processed\bfw\asian\n004794\0241_01.jpg,n004794,n004794,asian,asian,males,males,,,1,0.40220276,17.963396,0.5977973
data\processed\bfw\asian\n004786\0088_03.jpg,data\processed\bfw\asian\n004786\0856_02.jpg,n004786,n004786,asian,asian,females,females,,,1,0.18302983,24.043179,0.81697017
data\processed\bfw\asian\n003463\0485_01.jpg,data\processed\bfw\asian\n005378\0255_01.jpg,n003463,n005378,asian,asian,males,females,,,0,0.0919156,24.882664,0.9080844
data\processed\bfw\asian\n004809\0229_01.jpg,data\processed\bfw\asian\n005474\0062_01.jpg,n004809,n005474,asian,asian,males,females,,,0,0.01791595,29.229652,0.98208404
data\processed\bfw\asian\n003824\0019_01.jpg,data\processed\bfw\asian\n000840\0624_03.jpg,n003824,n000840,asian,asian,females,females,,,0,-0.0161591,30.46687,1.016159
data\processed\bfw\asian\n003533\0052_01.jpg,data\processed\bfw\asian\n003533\0101_02.jpg,n003533,n003533,asian,asian,males,males,,,1,-0.052831896,33.391533,1.0528319
data\processed\bfw\asian\n001864\0028_01.jpg,data\processed\bfw\asian\n001864\0171_01.jpg,n001864,n001864,asian,asian,males,males,,,1,0.44085702,20.504595,0.55914295
data\processed\bfw\asian\n003288\0495_01.jpg,data\processed\bfw\asian\n004805\0591_01.jpg,n003288,n004805,asian,asian,females,males,,,0,-0.06313316,28.441381,1.0631331
data\processed\bfw\asian\n002775\0812_02.jpg,data\processed\bfw\asian\n005116\0083_01.jpg,n002775,n005116,asian,asian,males,males,,,0,0.22170502,27.893496,0.778295
data\processed\bfw\asian\n008978\0138_01.jpg,data\processed\bfw\asian\n004935\0716_01.jpg,n008978,n004935,asian,asian,females,males,,,0,0.08432826,26.063927,0.91567177
data\processed\bfw\asian\n004549\0022_01.jpg,data\processed\bfw\asian\n008383\0099_01.jpg,n004549,n008383,asian,asian,females,females,,,0,0.073341295,24.97686,0.9266587
data\processed\bfw\asian\n009041\0118_01.jpg,data\processed\bfw\asian\n009041\0560_01.jpg,n009041,n009041,asian,asian,females,females,,,1,0.5080602,20.61802,0.49193978
data\processed\bfw\asian\n000838\0247_01.jpg,data\processed\bfw\asian\n000838\0249_01.jpg,n000838,n000838,asian,asian,females,females,,,1,0.37592706,25.585907,0.6240729
data\processed\bfw\asian\n006619\0328_01.jpg,data\processed\bfw\asian\n006619\0333_01.jpg,n006619,n006619,asian,asian,females,females,,,1,0.27773142,22.110638,0.7222686
data\processed\bfw\asian\n003167\0274_01.jpg,data\processed\bfw\asian\n003167\0562_01.jpg,n003167,n003167,asian,asian,males,males,,,1,0.3510547,21.719286,0.64894533
data\processed\bfw\asian\n006418\0235_01.jpg,data\processed\bfw\asian\n005077\0246_01.jpg,n006418,n005077,asian,asian,females,females,,,0,0.09896209,23.22124,0.90103793
data\processed\bfw\asian\n002775\0044_01.jpg,data\processed\bfw\asian\n002775\0066_04.jpg,n002775,n002775,asian,asian,males,males,,,1,0.3968421,23.997906,0.6031579
data\processed\bfw\asian\n006774\0029_04.jpg,data\processed\bfw\asian\n006774\0070_01.jpg,n006774,n006774,asian,asian,females,females,,,1,0.23834287,27.61032,0.7616571
data\processed\bfw\asian\n000161\0001_01.jpg,data\processed\bfw\asian\n009276\0106_05.jpg,n000161,n009276,asian,asian,males,females,,,0,0.012376706,28.677736,0.9876233
data\processed\bfw\asian\n003153\0315_02.jpg,data\processed\bfw\asian\n003153\0633_01.jpg,n003153,n003153,asian,asian,females,females,,,1,0.24844672,23.475294,0.7515533
data\processed\bfw\asian\n007899\0002_01.jpg,data\processed\bfw\asian\n004687\0191_01.jpg,n007899,n004687,asian,asian,females,females,,,0,0.11426299,25.75692,0.885737
data\processed\bfw\asian\n006633\0262_02.jpg,data\processed\bfw\asian\n006633\0267_02.jpg,n006633,n006633,asian,asian,females,females,,,1,-0.11226624,29.305727,1.1122663
data\processed\bfw\asian\n009278\0137_01.jpg,data\processed\bfw\asian\n006736\0058_01.jpg,n009278,n006736,asian,asian,females,females,,,0,0.113332115,25.730963,0.8866679
data\processed\bfw\asian\n007814\0337_01.jpg,data\processed\bfw\asian\n000135\0082_02.jpg,n007814,n000135,asian,asian,females,females,,,0,0.042371552,25.114542,0.9576284
data\processed\bfw\asian\n003463\0110_01.jpg,data\processed\bfw\asian\n003463\0223_02.jpg,n003463,n003463,asian,asian,males,males,,,1,0.62299067,18.238161,0.37700933
data\processed\bfw\asian\n003557\0206_01.jpg,data\processed\bfw\asian\n003557\0217_01.jpg,n003557,n003557,asian,asian,females,females,,,1,0.35992733,21.216885,0.6400727
data\processed\bfw\asian\n005216\0236_01.jpg,data\processed\bfw\asian\n004948\0341_01.jpg,n005216,n004948,asian,asian,females,males,,,0,0.1312845,21.84679,0.8687155
data\processed\bfw\asian\n002725\0007_03.jpg,data\processed\bfw\asian\n003358\0055_01.jpg,n002725,n003358,asian,asian,females,females,,,0,0.01769957,28.358864,0.9823004
data\processed\bfw\asian\n006222\0001_01.jpg,data\processed\bfw\asian\n003288\0118_01.jpg,n006222,n003288,asian,asian,females,females,,,0,0.2103234,23.24763,0.7896766
data\processed\bfw\asian\n004877\0004_01.jpg,data\processed\bfw\asian\n004877\0084_01.jpg,n004877,n004877,asian,asian,females,females,,,1,0.49240237,19.395407,0.5075976
data\processed\bfw\asian\n004877\0014_03.jpg,data\processed\bfw\asian\n004877\0441_01.jpg,n004877,n004877,asian,asian,females,females,,,1,0.20313407,24.709852,0.79686594
data\processed\bfw\asian\n005216\0212_02.jpg,data\processed\bfw\asian\n003481\0794_01.jpg,n005216,n003481,asian,asian,females,females,,,0,0.010709364,28.65495,0.98929065
data\processed\bfw\asian\n005216\0020_01.jpg,data\processed\bfw\asian\n005216\0059_01.jpg,n005216,n005216,asian,asian,females,females,,,1,0.28883862,21.88076,0.7111614
data\processed\bfw\asian\n008978\0064_01.jpg,data\processed\bfw\asian\n008978\0100_01.jpg,n008978,n008978,asian,asian,females,females,,,1,0.66925156,17.835064,0.33074844
data\processed\bfw\asian\n002406\0148_01.jpg,data\processed\bfw\asian\n000138\0066_09.jpg,n002406,n000138,asian,asian,males,females,,,0,0.20100982,23.5774,0.7989902
data\processed\bfw\asian\n005116\0086_01.jpg,data\processed\bfw\asian\n005116\0191_01.jpg,n005116,n005116,asian,asian,males,males,,,1,0.46073624,22.347176,0.5392637
data\processed\bfw\asian\n003449\0063_01.jpg,data\processed\bfw\asian\n006633\0299_01.jpg,n003449,n006633,asian,asian,females,females,,,0,-0.037750028,28.358553,1.03775
data\processed\bfw\asian\n000838\0447_02.jpg,data\processed\bfw\asian\n007372\0148_01.jpg,n000838,n007372,asian,asian,females,females,,,0,0.20102012,27.668919,0.7989799
data\processed\bfw\asian\n003465\0169_01.jpg,data\processed\bfw\asian\n003465\0333_02.jpg,n003465,n003465,asian,asian,males,males,,,1,0.43336186,22.006716,0.5666381
data\processed\bfw\asian\n003465\0161_02.jpg,data\processed\bfw\asian\n003027\0028_01.jpg,n003465,n003027,asian,asian,males,males,,,0,0.067226015,33.4541,0.932774
data\processed\bfw\asian\n001562\0175_01.jpg,data\processed\bfw\asian\n004466\0003_01.jpg,n001562,n004466,asian,asian,males,males,,,0,0.010706213,28.253122,0.9892938
data\processed\bfw\asian\n000837\0032_02.jpg,data\processed\bfw\asian\n006358\0115_01.jpg,n000837,n006358,asian,asian,females,females,,,0,0.071455605,29.406258,0.9285444
data\processed\bfw\asian\n006126\0012_01.jpg,data\processed\bfw\asian\n003467\0112_01.jpg,n006126,n003467,asian,asian,females,females,,,0,-0.08590292,26.624743,1.0859029
data\processed\bfw\asian\n004785\0082_01.jpg,data\processed\bfw\asian\n002725\0102_01.jpg,n004785,n002725,asian,asian,females,females,,,0,0.13484125,29.377659,0.86515874
data\processed\bfw\asian\n001864\0056_01.jpg,data\processed\bfw\asian\n001864\0092_01.jpg,n001864,n001864,asian,asian,males,males,,,1,0.4755751,18.87929,0.5244249
data\processed\bfw\asian\n004786\0173_01.jpg,data\processed\bfw\asian\n000160\0435_02.jpg,n004786,n000160,asian,asian,females,females,,,0,-0.15190789,29.536146,1.1519079
data\processed\bfw\asian\n006126\0207_01.jpg,data\processed\bfw\asian\n003481\0202_01.jpg,n006126,n003481,asian,asian,females,females,,,0,0.03940916,24.642616,0.96059084
data\processed\bfw\asian\n002406\0093_01.jpg,data\processed\bfw\asian\n009041\0056_01.jpg,n002406,n009041,asian,asian,males,females,,,0,0.018061193,29.403807,0.9819388
data\processed\bfw\asian\n009287\0034_01.jpg,data\processed\bfw\asian\n003223\0698_01.jpg,n009287,n003223,asian,asian,females,males,,,0,0.048612803,27.889385,0.95138717
data\processed\bfw\asian\n003449\0129_01.jpg,data\processed\bfw\asian\n001864\0039_02.jpg,n003449,n001864,asian,asian,females,males,,,0,0.04348259,21.698927,0.9565174
data\processed\bfw\asian\n005071\0630_01.jpg,data\processed\bfw\asian\n000009\0017_01.jpg,n005071,n000009,asian,asian,males,females,,,0,-0.14650504,29.740744,1.146505
data\processed\bfw\asian\n006619\0087_01.jpg,data\processed\bfw\asian\n000160\0462_01.jpg,n006619,n000160,asian,asian,females,females,,,0,0.10134148,22.96767,0.8986585
data\processed\bfw\asian\n004680\0180_01.jpg,data\processed\bfw\asian\n000148\0390_01.jpg,n004680,n000148,asian,asian,females,females,,,0,-0.08281012,25.141003,1.0828102
data\processed\bfw\asian\n000135\0031_01.jpg,data\processed\bfw\asian\n000135\0035_01.jpg,n000135,n000135,asian,asian,females,females,,,1,0.5565129,18.94863,0.4434871
data\processed\bfw\asian\n003288\0628_01.jpg,data\processed\bfw\asian\n007378\0031_01.jpg,n003288,n007378,asian,asian,females,females,,,0,0.05673125,22.635845,0.9432688
data\processed\bfw\asian\n002725\0295_01.jpg,data\processed\bfw\asian\n002725\0486_03.jpg,n002725,n002725,asian,asian,females,females,,,1,0.4089323,20.698772,0.5910677
data\processed\bfw\asian\n006125\0041_01.jpg,data\processed\bfw\asian\n005216\0041_01.jpg,n006125,n005216,asian,asian,females,females,,,0,0.043768212,26.835373,0.9562318
data\processed\bfw\asian\n003449\0164_01.jpg,data\processed\bfw\asian\n003449\0183_01.jpg,n003449,n003449,asian,asian,females,females,,,1,0.16961934,21.886522,0.8303807
data\processed\bfw\asian\n000139\0112_02.jpg,data\processed\bfw\asian\n000139\0300_03.jpg,n000139,n000139,asian,asian,females,females,,,1,0.380519,26.198713,0.61948097
data\processed\bfw\asian\n009276\0101_02.jpg,data\processed\bfw\asian\n007380\0525_01.jpg,n009276,n007380,asian,asian,females,females,,,0,0.123465404,21.861404,0.8765346
data\processed\bfw\asian\n005085\0285_01.jpg,data\processed\bfw\asian\n004877\0014_03.jpg,n005085,n004877,asian,asian,females,females,,,0,0.13880818,26.570349,0.8611918
data\processed\bfw\asian\n004467\0504_01.jpg,data\processed\bfw\asian\n000839\0233_01.jpg,n004467,n000839,asian,asian,males,females,,,0,0.007598203,24.784378,0.9924018
data\processed\bfw\asian\n002775\0843_02.jpg,data\processed\bfw\asian\n000160\0075_01.jpg,n002775,n000160,asian,asian,males,females,,,0,-0.0798741,27.964266,1.079874
data\processed\bfw\asian\n003162\0379_02.jpg,data\processed\bfw\asian\n004687\0295_01.jpg,n003162,n004687,asian,asian,males,females,,,0,0.07399076,27.943516,0.92600924
data\processed\bfw\asian\n000856\0070_01.jpg,data\processed\bfw\asian\n000856\0104_01.jpg,n000856,n000856,asian,asian,females,females,,,1,0.42585263,20.25036,0.57414734
data\processed\bfw\asian\n001976\0082_01.jpg,data\processed\bfw\asian\n003167\0028_02.jpg,n001976,n003167,asian,asian,males,males,,,0,-0.07742715,31.937965,1.0774271
data\processed\bfw\asian\n005085\0243_03.jpg,data\processed\bfw\asian\n000838\0447_02.jpg,n005085,n000838,asian,asian,females,females,,,0,-0.16278623,35.838284,1.1627862
data\processed\bfw\asian\n009278\0180_01.jpg,data\processed\bfw\asian\n004805\0083_01.jpg,n009278,n004805,asian,asian,females,males,,,0,0.013577444,27.329397,0.98642254
data\processed\bfw\asian\n004935\0501_03.jpg,data\processed\bfw\asian\n004935\0688_01.jpg,n004935,n004935,asian,asian,males,males,,,1,-0.034775194,31.328344,1.0347751
data\processed\bfw\asian\n009125\0172_01.jpg,data\processed\bfw\asian\n009125\0193_01.jpg,n009125,n009125,asian,asian,females,females,,,1,0.70827764,15.0176325,0.29172236
data\processed\bfw\asian\n007378\0071_01.jpg,data\processed\bfw\asian\n007378\0113_01.jpg,n007378,n007378,asian,asian,females,females,,,1,0.33974847,21.760368,0.6602515
data\processed\bfw\asian\n004864\0242_01.jpg,data\processed\bfw\asian\n007738\0336_02.jpg,n004864,n007738,asian,asian,females,females,,,0,0.019915886,27.754866,0.9800841
data\processed\bfw\asian\n000837\0233_03.jpg,data\processed\bfw\asian\n007378\0214_01.jpg,n000837,n007378,asian,asian,females,females,,,0,-0.097394295,28.401356,1.0973943
data\processed\bfw\asian\n005085\0069_01.jpg,data\processed\bfw\asian\n005085\0086_03.jpg,n005085,n005085,asian,asian,females,females,,,1,0.47735757,20.83078,0.52264243
data\processed\bfw\asian\n002406\0208_07.jpg,data\processed\bfw\asian\n003358\0365_01.jpg,n002406,n003358,asian,asian,males,females,,,0,0.04120179,26.524366,0.9587982
data\processed\bfw\asian\n009278\0026_01.jpg,data\processed\bfw\asian\n009278\0049_02.jpg,n009278,n009278,asian,asian,females,females,,,1,0.51144654,20.562445,0.48855346
data\processed\bfw\asian\n005446\0037_01.jpg,data\processed\bfw\asian\n005446\0412_01.jpg,n005446,n005446,asian,asian,females,females,,,1,0.062372297,23.385702,0.9376277
data\processed\bfw\asian\n005446\0141_01.jpg,data\processed\bfw\asian\n003449\0197_01.jpg,n005446,n003449,asian,asian,females,females,,,0,-0.053286392,28.629433,1.0532864
data\processed\bfw\asian\n001682\0251_02.jpg,data\processed\bfw\asian\n005069\0110_02.jpg,n001682,n005069,asian,asian,males,females,,,0,0.021551048,33.690964,0.9784489
data\processed\bfw\asian\n004870\0063_01.jpg,data\processed\bfw\asian\n004864\0229_01.jpg,n004870,n004864,asian,asian,females,females,,,0,-0.03021737,27.02351,1.0302174
data\processed\bfw\asian\n004467\0047_01.jpg,data\processed\bfw\asian\n003162\0459_01.jpg,n004467,n003162,asian,asian,males,males,,,0,0.07043,30.121828,0.92957
data\processed\bfw\asian\n006224\0096_01.jpg,data\processed\bfw\asian\n008401\0137_01.jpg,n006224,n008401,asian,asian,females,females,,,0,0.10006353,28.020075,0.89993644
data\processed\bfw\asian\n005378\0176_01.jpg,data\processed\bfw\asian\n005378\0370_01.jpg,n005378,n005378,asian,asian,females,females,,,1,0.3626083,21.69455,0.6373917
data\processed\bfw\asian\n000436\0123_01.jpg,data\processed\bfw\asian\n000436\0662_02.jpg,n000436,n000436,asian,asian,males,males,,,1,-0.07298345,29.700407,1.0729835
data\processed\bfw\asian\n001562\0165_02.jpg,data\processed\bfw\asian\n008163\0223_01.jpg,n001562,n008163,asian,asian,males,females,,,0,-0.1579113,30.20352,1.1579113
data\processed\bfw\asian\n001562\0065_01.jpg,data\processed\bfw\asian\n003489\0220_01.jpg,n001562,n003489,asian,asian,males,males,,,0,0.08001697,28.44711,0.919983
data\processed\bfw\asian\n009177\0363_01.jpg,data\processed\bfw\asian\n009177\0606_02.jpg,n009177,n009177,asian,asian,females,females,,,1,0.12922665,26.862936,0.8707733
data\processed\bfw\asian\n001562\0359_01.jpg,data\processed\bfw\asian\n000132\0693_01__face_0.jpg,n001562,n000132,asian,asian,males,males,,,0,-0.021553105,29.941273,1.0215532
data\processed\bfw\asian\n006125\0059_01.jpg,data\processed\bfw\asian\n003162\0246_01.jpg,n006125,n003162,asian,asian,females,males,,,0,-0.11592648,28.743994,1.1159265
data\processed\bfw\asian\n000009\0010_01.jpg,data\processed\bfw\asian\n000009\0354_03.jpg,n000009,n000009,asian,asian,females,females,,,1,0.20716034,25.67955,0.79283965
data\processed\bfw\asian\n003162\0024_01.jpg,data\processed\bfw\asian\n003162\0330_01.jpg,n003162,n003162,asian,asian,males,males,,,1,0.44705075,24.331192,0.55294925
data\processed\bfw\asian\n000143\0272_01.jpg,data\processed\bfw\asian\n003167\0533_01.jpg,n000143,n003167,asian,asian,females,males,,,0,-0.08233459,27.842339,1.0823346
data\processed\bfw\asian\n000873\0051_01.jpg,data\processed\bfw\asian\n000873\0052_01.jpg,n000873,n000873,asian,asian,males,males,,,1,0.5579804,18.414614,0.44201958
data\processed\bfw\asian\n000138\0067_01.jpg,data\processed\bfw\asian\n000148\0229_01.jpg,n000138,n000148,asian,asian,females,females,,,0,0.21849331,25.078575,0.78150666
data\processed\bfw\asian\n001572\0092_01.jpg,data\processed\bfw\asian\n001572\0329_01.jpg,n001572,n001572,asian,asian,females,females,,,1,0.42472488,21.301395,0.5752751
data\processed\bfw\asian\n005078\0202_01.jpg,data\processed\bfw\asian\n005078\0295_03.jpg,n005078,n005078,asian,asian,males,males,,,1,0.003978633,24.548891,0.9960214
data\processed\bfw\asian\n002644\0298_01.jpg,data\processed\bfw\asian\n002644\0997_01.jpg,n002644,n002644,asian,asian,males,males,,,1,0.4499435,19.296207,0.55005646
data\processed\bfw\asian\n001496\0047_02.jpg,data\processed\bfw\asian\n001496\0076_01.jpg,n001496,n001496,asian,asian,males,males,,,1,0.21586536,24.943333,0.7841346
data\processed\bfw\asian\n003153\0397_02.jpg,data\processed\bfw\asian\n003153\0624_01.jpg,n003153,n003153,asian,asian,females,females,,,1,0.22045153,23.888752,0.77954847
data\processed\bfw\asian\n004864\0242_01.jpg,data\processed\bfw\asian\n003506\0371_01.jpg,n004864,n003506,asian,asian,females,females,,,0,-0.08327442,28.913485,1.0832744
data\processed\bfw\asian\n009177\0011_01.jpg,data\processed\bfw\asian\n009177\0363_01.jpg,n009177,n009177,asian,asian,females,females,,,1,0.052711897,27.688255,0.9472881
data\processed\bfw\asian\n000872\0101_01.jpg,data\processed\bfw\asian\n000872\0306_01.jpg,n000872,n000872,asian,asian,males,males,,,1,0.51438826,22.96189,0.48561174
data\processed\bfw\asian\n003156\0084_01.jpg,data\processed\bfw\asian\n003156\0110_01.jpg,n003156,n003156,asian,asian,males,males,,,1,0.26288924,24.180367,0.73711073
data\processed\bfw\asian\n004870\0098_01.jpg,data\processed\bfw\asian\n009175\0070_01.jpg,n004870,n009175,asian,asian,females,females,,,0,0.17294882,25.458532,0.82705116
data\processed\bfw\asian\n007738\0059_01.jpg,data\processed\bfw\asian\n001562\0081_01.jpg,n007738,n001562,asian,asian,females,males,,,0,0.109177835,25.127338,0.8908222
data\processed\bfw\asian\n000856\0012_01.jpg,data\processed\bfw\asian\n007899\0082_01.jpg,n000856,n007899,asian,asian,females,females,,,0,-0.08172387,24.52339,1.0817239
data\processed\bfw\asian\n000132\0707_01__face_0.jpg,data\processed\bfw\asian\n002552\0481_01.jpg,n000132,n002552,asian,asian,males,males,,,0,-0.038890585,25.428802,1.0388906
data\processed\bfw\asian\n003467\0176_02.jpg,data\processed\bfw\asian\n003467\0400_03.jpg,n003467,n003467,asian,asian,females,females,,,1,0.3813613,22.041506,0.6186387
data\processed\bfw\asian\n006774\0062_01.jpg,data\processed\bfw\asian\n004791\0377_01.jpg,n006774,n004791,asian,asian,females,males,,,0,0.15553069,26.928669,0.8444693
data\processed\bfw\asian\n002552\0142_01.jpg,data\processed\bfw\asian\n009148\0168_01.jpg,n002552,n009148,asian,asian,males,females,,,0,0.078188285,26.154108,0.9218117
data\processed\bfw\asian\n003223\0034_05.jpg,data\processed\bfw\asian\n003223\0360_01.jpg,n003223,n003223,asian,asian,males,males,,,1,0.33106342,20.12504,0.6689366
data\processed\bfw\asian\n003557\0165_01.jpg,data\processed\bfw\asian\n000158\0211_05.jpg,n003557,n000158,asian,asian,females,males,,,0,0.07337281,26.949215,0.92662716
data\processed\bfw\asian\n004725\0302_01.jpg,data\processed\bfw\asian\n007089\0033_01.jpg,n004725,n007089,asian,asian,males,females,,,0,-0.040199425,32.687836,1.0401994
data\processed\bfw\asian\n007899\0071_01.jpg,data\processed\bfw\asian\n007899\0250_01.jpg,n007899,n007899,asian,asian,females,females,,,1,0.38410154,19.448402,0.6158985
data\processed\bfw\asian\n003467\0033_01.jpg,data\processed\bfw\asian\n003467\0176_02.jpg,n003467,n003467,asian,asian,females,females,,,1,0.2080766,25.907822,0.7919234
data\processed\bfw\asian\n003557\0165_01.jpg,data\processed\bfw\asian\n003557\0259_01.jpg,n003557,n003557,asian,asian,females,females,,,1,0.40317985,19.536459,0.5968201
data\processed\bfw\asian\n004469\0098_02.jpg,data\processed\bfw\asian\n004469\0168_01.jpg,n004469,n004469,asian,asian,males,males,,,1,0.6246312,20.12466,0.37536877
data\processed\bfw\asian\n007738\0239_01.jpg,data\processed\bfw\asian\n007738\0265_01.jpg,n007738,n007738,asian,asian,females,females,,,1,0.3409882,23.15211,0.65901184
data\processed\bfw\asian\n009276\0361_01.jpg,data\processed\bfw\asian\n009148\0087_01.jpg,n009276,n009148,asian,asian,females,females,,,0,0.07442222,27.534191,0.92557776
data\processed\bfw\asian\n003465\0158_01.jpg,data\processed\bfw\asian\n000143\0135_02.jpg,n003465,n000143,asian,asian,males,females,,,0,-0.10081744,29.064093,1.1008174
data\processed\bfw\asian\n002406\0093_01.jpg,data\processed\bfw\asian\n002406\0614_01.jpg,n002406,n002406,asian,asian,males,males,,,1,0.07515881,26.453672,0.92484117
data\processed\bfw\asian\n003027\0025_01.jpg,data\processed\bfw\asian\n005078\0278_01.jpg,n003027,n005078,asian,asian,males,males,,,0,0.14359333,31.241507,0.8564067
data\processed\bfw\asian\n007270\0370_01.jpg,data\processed\bfw\asian\n007270\0434_01.jpg,n007270,n007270,asian,asian,females,females,,,1,0.43952107,20.31083,0.5604789
data\processed\bfw\asian\n009103\0363_05.jpg,data\processed\bfw\asian\n009103\0421_01.jpg,n009103,n009103,asian,asian,females,females,,,1,-0.033638634,25.592157,1.0336386
data\processed\bfw\asian\n009288\0101_01.jpg,data\processed\bfw\asian\n003449\0060_01.jpg,n009288,n003449,asian,asian,females,females,,,0,0.041737273,20.950838,0.95826274
data\processed\bfw\asian\n004108\0077_01.jpg,data\processed\bfw\asian\n004108\0529_01.jpg,n004108,n004108,asian,asian,males,males,,,1,0.3299428,19.530859,0.6700572
data\processed\bfw\asian\n005216\0046_01.jpg,data\processed\bfw\asian\n007816\0322_02.jpg,n005216,n007816,asian,asian,females,females,,,0,0.23986968,22.210972,0.7601303
data\processed\bfw\asian\n000161\0001_01.jpg,data\processed\bfw\asian\n000161\0175_05.jpg,n000161,n000161,asian,asian,males,males,,,1,0.6055551,20.74338,0.39444488
data\processed\bfw\asian\n006125\0081_01.jpg,data\processed\bfw\asian\n003463\0179_02.jpg,n006125,n003463,asian,asian,females,males,,,0,0.24894659,24.024107,0.7510534
data\processed\bfw\asian\n009294\0084_01.jpg,data\processed\bfw\asian\n009294\0258_01.jpg,n009294,n009294,asian,asian,females,females,,,1,0.21585675,22.799723,0.78414327
data\processed\bfw\asian\n007378\0112_03.jpg,data\processed\bfw\asian\n007378\0217_01.jpg,n007378,n007378,asian,asian,females,females,,,1,0.4312428,19.918812,0.5687572
data\processed\bfw\asian\n004469\0111_03.jpg,data\processed\bfw\asian\n008163\0276_01.jpg,n004469,n008163,asian,asian,males,females,,,0,0.08525061,24.212221,0.9147494
data\processed\bfw\asian\n009125\0100_01.jpg,data\processed\bfw\asian\n009125\0116_02.jpg,n009125,n009125,asian,asian,females,females,,,1,0.48726836,18.93479,0.5127317
data\processed\bfw\asian\n002331\0054_02.jpg,data\processed\bfw\asian\n005069\0313_01.jpg,n002331,n005069,asian,asian,males,females,,,0,-0.01674004,29.430593,1.0167401
data\processed\bfw\asian\n009041\0056_01.jpg,data\processed\bfw\asian\n009041\0080_02.jpg,n009041,n009041,asian,asian,females,females,,,1,0.5178542,22.6651,0.4821458
data\processed\bfw\asian\n006774\0039_01.jpg,data\processed\bfw\asian\n003533\0080_02.jpg,n006774,n003533,asian,asian,females,males,,,0,-0.051547598,32.199265,1.0515476
data\processed\bfw\asian\n000160\0127_01.jpg,data\processed\bfw\asian\n003489\0091_01.jpg,n000160,n003489,asian,asian,females,males,,,0,0.027095025,31.274992,0.972905
data\processed\bfw\asian\n005474\0005_01.jpg,data\processed\bfw\asian\n005474\0152_01.jpg,n005474,n005474,asian,asian,females,females,,,1,0.57209146,18.246485,0.42790854
data\processed\bfw\asian\n006619\0290_01.jpg,data\processed\bfw\asian\n009288\0236_01.jpg,n006619,n009288,asian,asian,females,females,,,0,-0.05854681,26.51899,1.0585468
data\processed\bfw\asian\n009278\0068_01.jpg,data\processed\bfw\asian\n009276\0049_01.jpg,n009278,n009276,asian,asian,females,females,,,0,0.14068036,24.226128,0.8593196
data\processed\bfw\asian\n006159\0019_01.jpg,data\processed\bfw\asian\n006159\0076_04.jpg,n006159,n006159,asian,asian,females,females,,,1,0.64741194,21.535654,0.35258806
data\processed\bfw\asian\n007385\0072_09.jpg,data\processed\bfw\asian\n007385\0137_01.jpg,n007385,n007385,asian,asian,females,females,,,1,0.5575553,18.493183,0.44244468
data\processed\bfw\asian\n009279\0246_01.jpg,data\processed\bfw\asian\n009279\0255_01.jpg,n009279,n009279,asian,asian,females,females,,,1,0.25212023,22.331787,0.74787974
data\processed\bfw\asian\n006149\0026_01.jpg,data\processed\bfw\asian\n006149\0064_01.jpg,n006149,n006149,asian,asian,females,females,,,1,0.38982216,20.002838,0.6101779
data\processed\bfw\asian\n008978\0155_01.jpg,data\processed\bfw\asian\n003463\0323_01.jpg,n008978,n003463,asian,asian,females,males,,,0,-0.13988222,31.126808,1.1398822
data\processed\bfw\asian\n000160\0436_01.jpg,data\processed\bfw\asian\n000160\0453_01.jpg,n000160,n000160,asian,asian,females,females,,,1,0.41062635,18.293203,0.58937365
data\processed\bfw\asian\n005072\0068_02.jpg,data\processed\bfw\asian\n004877\0122_01.jpg,n005072,n004877,asian,asian,males,females,,,0,-0.048286233,31.19801,1.0482862
data\processed\bfw\asian\n002775\0034_02.jpg,data\processed\bfw\asian\n002775\0305_01.jpg,n002775,n002775,asian,asian,males,males,,,1,0.44529983,24.371292,0.55470014
data\processed\bfw\asian\n005071\0128_02.jpg,data\processed\bfw\asian\n005071\0280_01.jpg,n005071,n005071,asian,asian,males,males,,,1,0.2905473,23.134974,0.7094527
data\processed\bfw\asian\n008383\0139_02.jpg,data\processed\bfw\asian\n008383\0268_01.jpg,n008383,n008383,asian,asian,females,females,,,1,0.3741295,18.720247,0.62587047
data\processed\bfw\asian\n005077\0052_01.jpg,data\processed\bfw\asian\n005077\0073_01.jpg,n005077,n005077,asian,asian,females,females,,,1,0.606705,16.397089,0.393295
data\processed\bfw\asian\n007380\0087_01.jpg,data\processed\bfw\asian\n007380\0320_01.jpg,n007380,n007380,asian,asian,females,females,,,1,0.3756457,22.525661,0.6243543
data\processed\bfw\asian\n000148\0016_01.jpg,data\processed\bfw\asian\n000148\0390_01.jpg,n000148,n000148,asian,asian,females,females,,,1,0.26683867,20.424862,0.73316133
data\processed\bfw\asian\n004787\0075_01.jpg,data\processed\bfw\asian\n009288\0307_01.jpg,n004787,n009288,asian,asian,females,females,,,0,-0.039707907,29.893494,1.0397079
data\processed\bfw\asian\n007270\0471_01.jpg,data\processed\bfw\asian\n004877\0084_01.jpg,n007270,n004877,asian,asian,females,females,,,0,-0.018367864,27.35647,1.0183679
data\processed\bfw\asian\n005072\0231_01.jpg,data\processed\bfw\asian\n000009\0063_01.jpg,n005072,n000009,asian,asian,males,females,,,0,0.007067878,27.574278,0.99293214
data\processed\bfw\asian\n007738\0172_01.jpg,data\processed\bfw\asian\n007738\0338_01.jpg,n007738,n007738,asian,asian,females,females,,,1,0.45036143,20.99777,0.54963857
data\processed\bfw\asian\n005072\0027_01.jpg,data\processed\bfw\asian\n003027\0025_01.jpg,n005072,n003027,asian,asian,males,males,,,0,-0.0025501358,31.14734,1.0025501
data\processed\bfw\asian\n004860\0105_04.jpg,data\processed\bfw\asian\n004860\0236_01.jpg,n004860,n004860,asian,asian,females,females,,,1,0.21025185,24.466183,0.78974813
data\processed\bfw\asian\n003482\0044_02.jpg,data\processed\bfw\asian\n006358\0136_02.jpg,n003482,n006358,asian,asian,males,females,,,0,-0.041423324,31.217642,1.0414233
data\processed\bfw\asian\n003288\0300_01.jpg,data\processed\bfw\asian\n006148\0098_06.jpg,n003288,n006148,asian,asian,females,females,,,0,-0.1813258,27.359375,1.1813258
data\processed\bfw\asian\n004681\0133_01.jpg,data\processed\bfw\asian\n004681\0204_02.jpg,n004681,n004681,asian,asian,males,males,,,1,0.41386312,23.42568,0.5861369
data\processed\bfw\asian\n004948\0378_02.jpg,data\processed\bfw\asian\n004948\0381_01.jpg,n004948,n004948,asian,asian,males,males,,,1,-0.038501006,27.406227,1.038501
data\processed\bfw\asian\n004681\0206_01.jpg,data\processed\bfw\asian\n004786\0207_01.jpg,n004681,n004786,asian,asian,males,females,,,0,0.004731281,25.543669,0.9952687
data\processed\bfw\asian\n004864\0058_01.jpg,data\processed\bfw\asian\n007385\0118_01.jpg,n004864,n007385,asian,asian,females,females,,,0,0.1859794,21.651258,0.81402063
data\processed\bfw\asian\n006344\0125_01.jpg,data\processed\bfw\asian\n006344\0431_07.jpg,n006344,n006344,asian,asian,females,females,,,1,0.105905056,25.222704,0.89409494
data\processed\bfw\asian\n004786\0128_03.jpg,data\processed\bfw\asian\n006222\0104_01.jpg,n004786,n006222,asian,asian,females,females,,,0,0.007988336,28.326002,0.99201167
data\processed\bfw\asian\n000837\0371_01.jpg,data\processed\bfw\asian\n004686\0100_01.jpg,n000837,n004686,asian,asian,females,males,,,0,-0.0100051565,24.502468,1.0100051
data\processed\bfw\asian\n009278\0093_01.jpg,data\processed\bfw\asian\n000135\0034_01.jpg,n009278,n000135,asian,asian,females,females,,,0,0.09286996,26.569654,0.90713006
data\processed\bfw\asian\n006125\0059_01.jpg,data\processed\bfw\asian\n003223\0143_01.jpg,n006125,n003223,asian,asian,females,males,,,0,-0.1105315,27.565578,1.1105314
data\processed\bfw\asian\n004721\0177_01.jpg,data\processed\bfw\asian\n004787\0278_01.jpg,n004721,n004787,asian,asian,males,females,,,0,-0.068453394,27.076294,1.0684534
data\processed\bfw\asian\n004805\0065_01.jpg,data\processed\bfw\asian\n004805\0289_01.jpg,n004805,n004805,asian,asian,males,males,,,1,0.37086064,20.977163,0.62913936
data\processed\bfw\asian\n006148\0195_01.jpg,data\processed\bfw\asian\n008163\0645_01.jpg,n006148,n008163,asian,asian,females,females,,,0,-0.024726896,29.215445,1.0247269
data\processed\bfw\asian\n002725\0102_01.jpg,data\processed\bfw\asian\n002725\0267_01.jpg,n002725,n002725,asian,asian,females,females,,,1,0.46539176,20.355608,0.53460824
data\processed\bfw\asian\n002509\0082_01.jpg,data\processed\bfw\asian\n002509\0315_04.jpg,n002509,n002509,asian,asian,females,females,,,1,0.18680355,20.46517,0.8131964
data\processed\bfw\asian\n001562\0159_02.jpg,data\processed\bfw\asian\n003167\0081_01.jpg,n001562,n003167,asian,asian,males,males,,,0,0.026804792,31.327375,0.9731952
data\processed\bfw\asian\n006223\0349_01.jpg,data\processed\bfw\asian\n006223\0385_01.jpg,n006223,n006223,asian,asian,females,females,,,1,0.22147426,24.012308,0.7785257
data\processed\bfw\asian\n000148\0269_01.jpg,data\processed\bfw\asian\n000148\0271_01.jpg,n000148,n000148,asian,asian,females,females,,,1,0.4791152,19.607859,0.5208848
data\processed\bfw\asian\n003557\0259_01.jpg,data\processed\bfw\asian\n009294\0084_01.jpg,n003557,n009294,asian,asian,females,females,,,0,0.012410051,24.451689,0.98758996
data\processed\bfw\asian\n006633\0688_01.jpg,data\processed\bfw\asian\n004930\0200_01.jpg,n006633,n004930,asian,asian,females,females,,,0,-0.0058433735,25.170994,1.0058434
data\processed\bfw\asian\n009277\0013_02.jpg,data\processed\bfw\asian\n008148\0244_01.jpg,n009277,n008148,asian,asian,females,females,,,0,-0.0890935,28.039122,1.0890934
data\processed\bfw\asian\n005077\0246_01.jpg,data\processed\bfw\asian\n005078\0202_01.jpg,n005077,n005078,asian,asian,females,males,,,0,0.060552083,27.205694,0.93944794
data\processed\bfw\asian\n008383\0062_06.jpg,data\processed\bfw\asian\n004687\0058_01.jpg,n008383,n004687,asian,asian,females,females,,,0,-0.046407413,26.914576,1.0464075
data\processed\bfw\asian\n002552\0020_01.jpg,data\processed\bfw\asian\n002552\0368_01.jpg,n002552,n002552,asian,asian,males,males,,,1,0.60724354,18.597698,0.39275646
data\processed\bfw\asian\n000139\0065_01.jpg,data\processed\bfw\asian\n004877\0200_02.jpg,n000139,n004877,asian,asian,females,females,,,0,-0.056821242,31.529121,1.0568212
data\processed\bfw\asian\n005085\0305_03.jpg,data\processed\bfw\asian\n009041\0092_01.jpg,n005085,n009041,asian,asian,females,females,,,0,-0.041344833,26.752968,1.0413449
data\processed\bfw\asian\n009287\0064_01.jpg,data\processed\bfw\asian\n009287\0212_01.jpg,n009287,n009287,asian,asian,females,females,,,1,0.31265146,24.720829,0.68734854
data\processed\bfw\asian\n009279\0015_01.jpg,data\processed\bfw\asian\n005078\0183_01.jpg,n009279,n005078,asian,asian,females,males,,,0,0.14073116,28.969397,0.85926884
data\processed\bfw\asian\n009103\0421_01.jpg,data\processed\bfw\asian\n009103\0657_02.jpg,n009103,n009103,asian,asian,females,females,,,1,0.14607352,24.68388,0.8539265
data\processed\bfw\asian\n003223\0033_02.jpg,data\processed\bfw\asian\n003223\0154_01.jpg,n003223,n003223,asian,asian,males,males,,,1,0.61810356,15.629486,0.38189644
data\processed\bfw\asian\n007385\0208_01.jpg,data\processed\bfw\asian\n007385\0320_03.jpg,n007385,n007385,asian,asian,females,females,,,1,0.25058764,23.731503,0.74941236
data\processed\bfw\asian\n006358\0041_01.jpg,data\processed\bfw\asian\n009148\0005_01.jpg,n006358,n009148,asian,asian,females,females,,,0,0.012619519,29.187584,0.9873805
data\processed\bfw\asian\n003491\0194_02.jpg,data\processed\bfw\asian\n005069\0046_06.jpg,n003491,n005069,asian,asian,males,females,,,0,-0.028194863,27.151258,1.0281949
data\processed\bfw\asian\n005216\0084_01.jpg,data\processed\bfw\asian\n004681\0064_01.jpg,n005216,n004681,asian,asian,females,males,,,0,0.08157264,23.968527,0.91842735
data\processed\bfw\asian\n005446\0412_01.jpg,data\processed\bfw\asian\n000009\0083_01.jpg,n005446,n000009,asian,asian,females,females,,,0,-0.05860085,28.021175,1.0586009
data\processed\bfw\asian\n004936\0245_01.jpg,data\processed\bfw\asian\n004936\0256_01.jpg,n004936,n004936,asian,asian,females,females,,,1,0.33926335,19.88753,0.6607367
data\processed\bfw\asian\n009288\0270_01.jpg,data\processed\bfw\asian\n003635\0050_01.jpg,n009288,n003635,asian,asian,females,males,,,0,-0.14898358,34.31618,1.1489836
data\processed\bfw\asian\n004721\0046_01.jpg,data\processed\bfw\asian\n004785\0125_01.jpg,n004721,n004785,asian,asian,males,females,,,0,0.1391355,24.924171,0.8608645
data\processed\bfw\asian\n004805\0025_01.jpg,data\processed\bfw\asian\n001682\0448_01.jpg,n004805,n001682,asian,asian,males,males,,,0,0.036249414,29.512066,0.9637506
data\processed\bfw\asian\n000139\0498_01.jpg,data\processed\bfw\asian\n003489\0105_01.jpg,n000139,n003489,asian,asian,females,males,,,0,-0.010147196,31.686037,1.0101472
data\processed\bfw\asian\n008978\0318_01.jpg,data\processed\bfw\asian\n003223\0258_03.jpg,n008978,n003223,asian,asian,females,males,,,0,0.054966144,27.60526,0.94503385
data\processed\bfw\asian\n001682\0127_01.jpg,data\processed\bfw\asian\n005069\0098_01.jpg,n001682,n005069,asian,asian,males,females,,,0,-0.04149586,26.412907,1.0414958
data\processed\bfw\asian\n007664\0029_01.jpg,data\processed\bfw\asian\n007664\0106_01.jpg,n007664,n007664,asian,asian,females,females,,,1,0.32354602,21.789656,0.67645395
data\processed\bfw\asian\n000132\0053_01__face_0.jpg,data\processed\bfw\asian\n000132\0112_01__face_0.jpg,n000132,n000132,asian,asian,males,males,,,1,0.559904,19.190187,0.44009602
data\processed\bfw\asian\n006224\0023_01.jpg,data\processed\bfw\asian\n006224\0033_01.jpg,n006224,n006224,asian,asian,females,females,,,1,0.43965006,18.848309,0.56034994
data\processed\bfw\asian\n009177\0287_05.jpg,data\processed\bfw\asian\n009177\0294_02.jpg,n009177,n009177,asian,asian,females,females,,,1,0.08463421,25.237206,0.9153658
data\processed\bfw\asian\n006418\0023_01.jpg,data\processed\bfw\asian\n006418\0090_09.jpg,n006418,n006418,asian,asian,females,females,,,1,-0.009218975,27.548882,1.0092189
data\processed\bfw\asian\n005085\0005_01.jpg,data\processed\bfw\asian\n005085\0224_01.jpg,n005085,n005085,asian,asian,females,females,,,1,0.5271424,19.435925,0.4728576
data\processed\bfw\asian\n006149\0260_01.jpg,data\processed\bfw\asian\n000158\0114_01.jpg,n006149,n000158,asian,asian,females,males,,,0,-0.032334413,28.748919,1.0323344
data\processed\bfw\asian\n004472\0258_01.jpg,data\processed\bfw\asian\n009148\0078_01.jpg,n004472,n009148,asian,asian,females,females,,,0,0.11820864,24.03015,0.88179135
data\processed\bfw\asian\n007899\0002_01.jpg,data\processed\bfw\asian\n007899\0082_01.jpg,n007899,n007899,asian,asian,females,females,,,1,0.39288548,21.545736,0.60711455
data\processed\bfw\asian\n004549\0169_02.jpg,data\processed\bfw\asian\n004549\0198_06.jpg,n004549,n004549,asian,asian,females,females,,,1,0.068988465,29.566603,0.93101156
data\processed\bfw\asian\n002725\0039_02.jpg,data\processed\bfw\asian\n002644\0054_01.jpg,n002725,n002644,asian,asian,females,males,,,0,0.034155212,25.633778,0.9658448
data\processed\bfw\asian\n004725\0302_01.jpg,data\processed\bfw\asian\n008934\0209_01.jpg,n004725,n008934,asian,asian,males,females,,,0,-0.014851487,32.518875,1.0148515
data\processed\bfw\asian\n002552\0040_01.jpg,data\processed\bfw\asian\n004800\0245_01.jpg,n002552,n004800,asian,asian,males,males,,,0,0.009680694,27.12174,0.9903193
data\processed\bfw\asian\n008383\0062_06.jpg,data\processed\bfw\asian\n008383\0118_01.jpg,n008383,n008383,asian,asian,females,females,,,1,0.36578393,22.683083,0.63421607
data\processed\bfw\asian\n004787\0128_01.jpg,data\processed\bfw\asian\n004467\0158_01.jpg,n004787,n004467,asian,asian,females,males,,,0,0.007825804,27.258497,0.9921742
data\processed\bfw\asian\n003357\0085_01.jpg,data\processed\bfw\asian\n003357\0422_01.jpg,n003357,n003357,asian,asian,females,females,,,1,0.47955984,19.242031,0.52044016
data\processed\bfw\asian\n003533\0616_01.jpg,data\processed\bfw\asian\n001976\0071_01.jpg,n003533,n001976,asian,asian,males,males,,,0,-0.102406904,29.66716,1.1024069
data\processed\bfw\asian\n004877\0122_01.jpg,data\processed\bfw\asian\n004877\0135_01.jpg,n004877,n004877,asian,asian,females,females,,,1,0.49630022,20.037403,0.5036998
data\processed\bfw\asian\n003223\0398_02.jpg,data\processed\bfw\asian\n008148\0073_01.jpg,n003223,n008148,asian,asian,males,females,,,0,-0.04374794,28.681381,1.0437479
data\processed\bfw\asian\n002509\0104_02.jpg,data\processed\bfw\asian\n002509\0319_01.jpg,n002509,n002509,asian,asian,females,females,,,1,0.33425948,21.72069,0.6657405
data\processed\bfw\asian\n002775\0119_01.jpg,data\processed\bfw\asian\n004805\0289_01.jpg,n002775,n004805,asian,asian,males,males,,,0,0.0017342153,32.567493,0.9982658
data\processed\bfw\asian\n005069\0135_01.jpg,data\processed\bfw\asian\n005069\0586_01.jpg,n005069,n005069,asian,asian,females,females,,,1,0.48973373,19.952925,0.5102663
data\processed\bfw\asian\n000132\0006_01__face_0.jpg,data\processed\bfw\asian\n001496\0664_01.jpg,n000132,n001496,asian,asian,males,males,,,0,0.05918171,28.236456,0.9408183
data\processed\bfw\asian\n005063\0271_01.jpg,data\processed\bfw\asian\n004864\0102_01.jpg,n005063,n004864,asian,asian,females,females,,,0,-0.07773488,29.935364,1.0777348
data\processed\bfw\asian\n006418\0090_03.jpg,data\processed\bfw\asian\n006418\0152_04.jpg,n006418,n006418,asian,asian,females,females,,,1,0.220117,22.804895,0.779883
data\processed\bfw\asian\n001572\0329_01.jpg,data\processed\bfw\asian\n001572\0377_01.jpg,n001572,n001572,asian,asian,females,females,,,1,0.586323,18.003998,0.41367698
data\processed\bfw\asian\n006619\0135_01.jpg,data\processed\bfw\asian\n006619\0368_01.jpg,n006619,n006619,asian,asian,females,females,,,1,0.22663489,21.629698,0.77336514
data\processed\bfw\asian\n003635\0151_01.jpg,data\processed\bfw\asian\n003635\0156_01.jpg,n003635,n003635,asian,asian,males,males,,,1,0.39443055,24.278414,0.6055695
data\processed\bfw\asian\n005069\0353_01.jpg,data\processed\bfw\asian\n005069\0586_01.jpg,n005069,n005069,asian,asian,females,females,,,1,0.18449432,24.628153,0.8155057
data\processed\bfw\asian\n006634\0090_01.jpg,data\processed\bfw\asian\n006634\0118_01.jpg,n006634,n006634,asian,asian,females,females,,,1,-0.007926066,19.029194,1.0079261
data\processed\bfw\asian\n005085\0224_01.jpg,data\processed\bfw\asian\n006358\0101_06.jpg,n005085,n006358,asian,asian,females,females,,,0,0.009205029,30.561195,0.99079496
data\processed\bfw\asian\n003506\0136_01.jpg,data\processed\bfw\asian\n003506\0371_01.jpg,n003506,n003506,asian,asian,females,females,,,1,0.2782154,22.974916,0.7217846
data\processed\bfw\asian\n004469\0098_02.jpg,data\processed\bfw\asian\n004469\0117_01.jpg,n004469,n004469,asian,asian,males,males,,,1,0.5573668,21.346428,0.4426332
data\processed\bfw\asian\n006126\0039_01.jpg,data\processed\bfw\asian\n006148\0074_01.jpg,n006126,n006148,asian,asian,females,females,,,0,0.03326123,22.575987,0.96673876
data\processed\bfw\asian\n009278\0087_02.jpg,data\processed\bfw\asian\n009278\0192_01.jpg,n009278,n009278,asian,asian,females,females,,,1,0.13851655,27.22484,0.86148345
data\processed\bfw\asian\n003357\0020_01.jpg,data\processed\bfw\asian\n001976\0082_01.jpg,n003357,n001976,asian,asian,females,males,,,0,-0.097447515,31.136091,1.0974475
data\processed\bfw\asian\n004108\0341_01.jpg,data\processed\bfw\asian\n009103\0265_03.jpg,n004108,n009103,asian,asian,males,females,,,0,0.15560205,25.24855,0.84439796
data\processed\bfw\asian\n007372\0039_01.jpg,data\processed\bfw\asian\n007372\0078_01.jpg,n007372,n007372,asian,asian,females,females,,,1,0.47586745,20.070805,0.52413255
data\processed\bfw\asian\n003482\0284_06.jpg,data\processed\bfw\asian\n003482\0408_02.jpg,n003482,n003482,asian,asian,males,males,,,1,0.06251853,30.113228,0.93748146
data\processed\bfw\asian\n004930\0235_01.jpg,data\processed\bfw\asian\n004681\0101_01.jpg,n004930,n004681,asian,asian,females,males,,,0,0.03394243,26.524794,0.96605754
data\processed\bfw\asian\n006125\0113_01.jpg,data\processed\bfw\asian\n008934\0619_01.jpg,n006125,n008934,asian,asian,females,females,,,0,0.058482338,31.038614,0.94151765
data\processed\bfw\asian\n007385\0258_01.jpg,data\processed\bfw\asian\n000158\0064_03.jpg,n007385,n000158,asian,asian,females,males,,,0,-0.030292442,27.642143,1.0302924
data\processed\bfw\asian\n004687\0221_01.jpg,data\processed\bfw\asian\n004687\0243_01.jpg,n004687,n004687,asian,asian,females,females,,,1,0.35923213,20.717796,0.6407679
data\processed\bfw\asian\n004936\0111_04.jpg,data\processed\bfw\asian\n004936\0245_01.jpg,n004936,n004936,asian,asian,females,females,,,1,0.50770843,20.132263,0.49229157
data\processed\bfw\asian\n000160\0109_01.jpg,data\processed\bfw\asian\n006223\0312_01.jpg,n000160,n006223,asian,asian,females,females,,,0,0.16352394,24.597324,0.8364761
data\processed\bfw\asian\n002775\0047_05.jpg,data\processed\bfw\asian\n002775\0069_01.jpg,n002775,n002775,asian,asian,males,males,,,1,0.7231809,17.68017,0.2768191
data\processed\bfw\asian\n004721\0286_01.jpg,data\processed\bfw\asian\n003357\0147_01.jpg,n004721,n003357,asian,asian,males,females,,,0,0.09078639,26.448936,0.9092136
data\processed\bfw\asian\n006203\0088_01.jpg,data\processed\bfw\asian\n009148\0027_01.jpg,n006203,n009148,asian,asian,females,females,,,0,-0.048444476,28.036985,1.0484445
data\processed\bfw\asian\n006222\0035_01.jpg,data\processed\bfw\asian\n006222\0119_02.jpg,n006222,n006222,asian,asian,females,females,,,1,0.4407907,23.21603,0.5592093
data\processed\bfw\asian\n004687\0031_01.jpg,data\processed\bfw\asian\n007378\0140_01.jpg,n004687,n007378,asian,asian,females,females,,,0,0.015339179,25.197205,0.9846608
data\processed\bfw\asian\n004721\0321_01.jpg,data\processed\bfw\asian\n005069\0209_01.jpg,n004721,n005069,asian,asian,males,females,,,0,-0.12094156,28.725548,1.1209415
data\processed\bfw\asian\n000840\0015_01.jpg,data\processed\bfw\asian\n004108\0276_01.jpg,n000840,n004108,asian,asian,females,males,,,0,-0.038603462,27.232067,1.0386034
data\processed\bfw\asian\n004870\0007_01.jpg,data\processed\bfw\asian\n004870\0050_02.jpg,n004870,n004870,asian,asian,females,females,,,1,0.5616443,20.68214,0.43835568
data\processed\bfw\asian\n009103\0035_01.jpg,data\processed\bfw\asian\n004686\0458_01.jpg,n009103,n004686,asian,asian,females,males,,,0,0.0047931853,28.4999,0.99520683
data\processed\bfw\asian\n006224\0158_01.jpg,data\processed\bfw\asian\n003449\0066_01.jpg,n006224,n003449,asian,asian,females,females,,,0,-0.106760174,23.954588,1.1067601
data\processed\bfw\asian\n002644\0492_01.jpg,data\processed\bfw\asian\n001562\0080_02.jpg,n002644,n001562,asian,asian,males,males,,,0,-0.028221196,30.87015,1.0282212
data\processed\bfw\asian\n004466\0048_01.jpg,data\processed\bfw\asian\n006774\0492_02.jpg,n004466,n006774,asian,asian,males,females,,,0,-0.03149196,22.435053,1.031492
data\processed\bfw\asian\n009288\0180_01.jpg,data\processed\bfw\asian\n004109\0070_01.jpg,n009288,n004109,asian,asian,females,males,,,0,0.060035344,28.464766,0.93996465
data\processed\bfw\asian\n005446\0118_01.jpg,data\processed\bfw\asian\n005446\0144_01.jpg,n005446,n005446,asian,asian,females,females,,,1,0.50702804,20.060804,0.49297196
data\processed\bfw\asian\n000139\0501_01.jpg,data\processed\bfw\asian\n009276\0253_02.jpg,n000139,n009276,asian,asian,females,females,,,0,0.04746532,29.061499,0.9525347
data\processed\bfw\asian\n003557\0088_04.jpg,data\processed\bfw\asian\n003557\0240_01.jpg,n003557,n003557,asian,asian,females,females,,,1,0.3186653,19.09069,0.68133473
data\processed\bfw\asian\n003506\0637_01.jpg,data\processed\bfw\asian\n005071\0055_02.jpg,n003506,n005071,asian,asian,females,males,,,0,0.010216708,28.555664,0.9897833
data\processed\bfw\asian\n000132\0114_06__face_0.jpg,data\processed\bfw\asian\n006223\0239_01.jpg,n000132,n006223,asian,asian,males,females,,,0,0.105474815,26.85258,0.8945252
data\processed\bfw\asian\n003481\0015_01.jpg,data\processed\bfw\asian\n003481\0096_02.jpg,n003481,n003481,asian,asian,females,females,,,1,0.5764633,18.002201,0.42353672
data\processed\bfw\asian\n004687\0010_04.jpg,data\processed\bfw\asian\n004687\0019_01.jpg,n004687,n004687,asian,asian,females,females,,,1,0.42658195,20.129522,0.573418
data\processed\bfw\asian\n004860\0820_01.jpg,data\processed\bfw\asian\n002775\0069_01.jpg,n004860,n002775,asian,asian,females,males,,,0,-0.026410928,26.067736,1.0264109
data\processed\bfw\asian\n004930\0282_01.jpg,data\processed\bfw\asian\n005072\0225_01.jpg,n004930,n005072,asian,asian,females,males,,,0,0.029880224,27.648586,0.9701198
data\processed\bfw\asian\n002406\0310_02.jpg,data\processed\bfw\asian\n000160\0075_01.jpg,n002406,n000160,asian,asian,males,females,,,0,-0.05199592,29.356646,1.0519959
data\processed\bfw\asian\n007814\0339_01.jpg,data\processed\bfw\asian\n006418\0040_01.jpg,n007814,n006418,asian,asian,females,females,,,0,0.1357443,23.840511,0.86425567
data\processed\bfw\asian\n006159\0011_01.jpg,data\processed\bfw\asian\n006159\0076_04.jpg,n006159,n006159,asian,asian,females,females,,,1,0.6499452,22.55508,0.3500548
data\processed\bfw\asian\n003533\0326_02.jpg,data\processed\bfw\asian\n003533\0615_01.jpg,n003533,n003533,asian,asian,males,males,,,1,0.4575808,23.464283,0.5424192
data\processed\bfw\asian\n000839\0185_01.jpg,data\processed\bfw\asian\n009276\0046_01.jpg,n000839,n009276,asian,asian,females,females,,,0,0.054813843,28.545689,0.94518614
data\processed\bfw\asian\n009103\0365_05.jpg,data\processed\bfw\asian\n005069\0110_02.jpg,n009103,n005069,asian,asian,females,females,,,0,0.2620779,26.022255,0.7379221
data\processed\bfw\asian\n004860\0063_01.jpg,data\processed\bfw\asian\n006774\0084_01.jpg,n004860,n006774,asian,asian,females,females,,,0,-0.06511325,27.542356,1.0651133
data\processed\bfw\asian\n005083\0054_01.jpg,data\processed\bfw\asian\n005083\0190_01.jpg,n005083,n005083,asian,asian,females,females,,,1,0.48632273,19.391924,0.51367724
data\processed\bfw\asian\n006358\0076_01.jpg,data\processed\bfw\asian\n002644\0303_01.jpg,n006358,n002644,asian,asian,females,males,,,0,-0.17830293,35.639385,1.1783029
data\processed\bfw\asian\n003288\0089_01.jpg,data\processed\bfw\asian\n000139\0498_01.jpg,n003288,n000139,asian,asian,females,females,,,0,-0.10341041,31.134706,1.1034104
data\processed\bfw\asian\n003162\0191_01.jpg,data\processed\bfw\asian\n008978\0134_01.jpg,n003162,n008978,asian,asian,males,females,,,0,0.01969908,29.932177,0.9803009
data\processed\bfw\asian\n004860\0107_01.jpg,data\processed\bfw\asian\n004860\0236_01.jpg,n004860,n004860,asian,asian,females,females,,,1,0.30422807,22.084719,0.69577193
data\processed\bfw\asian\n006619\0422_01.jpg,data\processed\bfw\asian\n006224\0293_01.jpg,n006619,n006224,asian,asian,females,females,,,0,-0.075721316,30.406107,1.0757213
data\processed\bfw\asian\n008163\0022_02.jpg,data\processed\bfw\asian\n008163\0276_01.jpg,n008163,n008163,asian,asian,females,females,,,1,0.48201156,18.421574,0.51798844
data\processed\bfw\asian\n007372\0027_01.jpg,data\processed\bfw\asian\n007372\0247_01.jpg,n007372,n007372,asian,asian,females,females,,,1,0.43939847,20.58558,0.56060153
data\processed\bfw\asian\n003635\0109_04.jpg,data\processed\bfw\asian\n005063\0042_01.jpg,n003635,n005063,asian,asian,males,females,,,0,-0.010785696,29.561657,1.0107857
data\processed\bfw\asian\n004680\0143_02.jpg,data\processed\bfw\asian\n009103\0363_05.jpg,n004680,n009103,asian,asian,females,females,,,0,0.020108577,27.735395,0.9798914
data\processed\bfw\asian\n009275\0343_01.jpg,data\processed\bfw\asian\n002725\0102_01.jpg,n009275,n002725,asian,asian,females,females,,,0,-0.07513328,30.48051,1.0751333
data\processed\bfw\asian\n006148\0120_01.jpg,data\processed\bfw\asian\n006148\0165_01.jpg,n006148,n006148,asian,asian,females,females,,,1,0.4455216,19.31835,0.5544784
data\processed\bfw\asian\n004221\0243_01.jpg,data\processed\bfw\asian\n004221\0450_01.jpg,n004221,n004221,asian,asian,males,males,,,1,-0.112871185,32.901638,1.1128712
data\processed\bfw\asian\n004108\0077_01.jpg,data\processed\bfw\asian\n004108\0401_02.jpg,n004108,n004108,asian,asian,males,males,,,1,0.16236208,25.025597,0.8376379
data\processed\bfw\asian\n006125\0163_01.jpg,data\processed\bfw\asian\n006619\0098_01.jpg,n006125,n006619,asian,asian,females,females,,,0,0.052610952,26.33389,0.94738907
data\processed\bfw\asian\n004800\0013_01.jpg,data\processed\bfw\asian\n004800\0537_01.jpg,n004800,n004800,asian,asian,males,males,,,1,0.39006203,19.982834,0.60993797
data\processed\bfw\asian\n003167\0210_01.jpg,data\processed\bfw\asian\n003481\0770_01.jpg,n003167,n003481,asian,asian,males,females,,,0,0.052129194,28.906254,0.9478708
data\processed\bfw\asian\n000132\0153_01__face_0.jpg,data\processed\bfw\asian\n003288\0579_02.jpg,n000132,n003288,asian,asian,males,females,,,0,-0.049122643,26.3156,1.0491227
data\processed\bfw\asian\n006633\0195_02.jpg,data\processed\bfw\asian\n006633\0299_01.jpg,n006633,n006633,asian,asian,females,females,,,1,0.4651268,21.423538,0.5348732
data\processed\bfw\asian\n003824\0148_01.jpg,data\processed\bfw\asian\n003824\0158_01.jpg,n003824,n003824,asian,asian,females,females,,,1,0.27800348,24.049948,0.72199655
data\processed\bfw\asian\n009042\0085_01.jpg,data\processed\bfw\asian\n009042\0394_01.jpg,n009042,n009042,asian,asian,females,females,,,1,0.18859175,26.289604,0.8114083
data\processed\bfw\asian\n006126\0105_01.jpg,data\processed\bfw\asian\n004860\0567_02.jpg,n006126,n004860,asian,asian,females,females,,,0,-0.034041695,25.01855,1.0340416
data\processed\bfw\asian\n005177\0152_01.jpg,data\processed\bfw\asian\n005177\0196_01.jpg,n005177,n005177,asian,asian,males,males,,,1,-0.012013512,27.76099,1.0120136
data\processed\bfw\asian\n003357\0008_01.jpg,data\processed\bfw\asian\n003357\0285_01.jpg,n003357,n003357,asian,asian,females,females,,,1,0.44815323,19.064442,0.55184674
data\processed\bfw\asian\n009294\0081_01.jpg,data\processed\bfw\asian\n003463\0104_01.jpg,n009294,n003463,asian,asian,females,males,,,0,0.010125389,26.727573,0.9898746
data\processed\bfw\asian\n003489\0046_02.jpg,data\processed\bfw\asian\n003489\0271_01.jpg,n003489,n003489,asian,asian,males,males,,,1,0.30301714,27.243874,0.69698286
data\processed\bfw\asian\n006149\0197_02.jpg,data\processed\bfw\asian\n006149\0349_01.jpg,n006149,n006149,asian,asian,females,females,,,1,0.14552343,22.943167,0.8544766
data\processed\bfw\asian\n003824\0122_01.jpg,data\processed\bfw\asian\n009288\0121_01.jpg,n003824,n009288,asian,asian,females,females,,,0,0.079932526,24.570372,0.9200675
data\processed\bfw\asian\n003506\0019_01.jpg,data\processed\bfw\asian\n003506\0371_01.jpg,n003506,n003506,asian,asian,females,females,,,1,0.35594118,22.184723,0.6440588
data\processed\bfw\asian\n003357\0246_01.jpg,data\processed\bfw\asian\n004791\0190_01.jpg,n003357,n004791,asian,asian,females,males,,,0,0.10008113,24.917053,0.89991885
data\processed\bfw\asian\n004472\0206_01.jpg,data\processed\bfw\asian\n008148\0137_01.jpg,n004472,n008148,asian,asian,females,females,,,0,0.16448097,22.54125,0.835519
data\processed\bfw\asian\n007378\0217_01.jpg,data\processed\bfw\asian\n007378\0479_01.jpg,n007378,n007378,asian,asian,females,females,,,1,0.3684234,19.432411,0.6315766
data\processed\bfw\asian\n004109\0125_01.jpg,data\processed\bfw\asian\n004787\0009_01.jpg,n004109,n004787,asian,asian,males,females,,,0,0.04302535,29.270082,0.9569746
data\processed\bfw\asian\n000839\0162_01.jpg,data\processed\bfw\asian\n000839\0407_01.jpg,n000839,n000839,asian,asian,females,females,,,1,0.10031833,25.610498,0.8996817
data\processed\bfw\asian\n005063\0144_01.jpg,data\processed\bfw\asian\n005063\0271_01.jpg,n005063,n005063,asian,asian,females,females,,,1,0.03253833,29.897535,0.96746165
data\processed\bfw\asian\n000158\0667_01.jpg,data\processed\bfw\asian\n007899\0084_02.jpg,n000158,n007899,asian,asian,males,females,,,0,0.015593632,27.927639,0.98440635
data\processed\bfw\asian\n009177\0053_02.jpg,data\processed\bfw\asian\n009177\0136_01.jpg,n009177,n009177,asian,asian,females,females,,,1,0.48920214,21.1879,0.51079786
data\processed\bfw\asian\n008383\0062_06.jpg,data\processed\bfw\asian\n008383\0126_02.jpg,n008383,n008383,asian,asian,females,females,,,1,0.09104082,28.593641,0.90895915
data\processed\bfw\asian\n000148\0229_01.jpg,data\processed\bfw\asian\n000148\0269_01.jpg,n000148,n000148,asian,asian,females,females,,,1,0.45134348,20.99159,0.5486565
data\processed\bfw\asian\n003491\0104_03.jpg,data\processed\bfw\asian\n003491\0115_03.jpg,n003491,n003491,asian,asian,males,males,,,1,0.12208883,30.261587,0.87791115
data\processed\bfw\asian\n005177\0076_01.jpg,data\processed\bfw\asian\n005177\0161_01.jpg,n005177,n005177,asian,asian,males,males,,,1,0.53709775,20.875725,0.46290225
data\processed\bfw\asian\n000854\0239_01.jpg,data\processed\bfw\asian\n000137\0004_01.jpg,n000854,n000137,asian,asian,females,females,,,0,0.020686887,28.49846,0.97931314
data\processed\bfw\asian\n004687\0268_01.jpg,data\processed\bfw\asian\n003489\0112_01.jpg,n004687,n003489,asian,asian,females,males,,,0,0.042673096,28.565231,0.9573269
data\processed\bfw\asian\n001976\0028_01.jpg,data\processed\bfw\asian\n001976\0665_02.jpg,n001976,n001976,asian,asian,males,males,,,1,0.13660066,22.54028,0.8633993
data\processed\bfw\asian\n003156\0032_01.jpg,data\processed\bfw\asian\n003156\0134_01.jpg,n003156,n003156,asian,asian,males,males,,,1,0.3439676,22.957867,0.65603244
data\processed\bfw\asian\n006222\0032_01.jpg,data\processed\bfw\asian\n006222\0119_02.jpg,n006222,n006222,asian,asian,females,females,,,1,0.2725459,24.034027,0.72745407
data\processed\bfw\asian\n007664\0137_01.jpg,data\processed\bfw\asian\n007385\0126_01.jpg,n007664,n007385,asian,asian,females,females,,,0,-0.21845232,33.20125,1.2184523
data\processed\bfw\asian\n004809\0178_02.jpg,data\processed\bfw\asian\n004809\0561_01.jpg,n004809,n004809,asian,asian,males,males,,,1,0.45577863,21.100822,0.5442214
data\processed\bfw\asian\n005474\0118_02.jpg,data\processed\bfw\asian\n005474\0769_01.jpg,n005474,n005474,asian,asian,females,females,,,1,0.31722313,21.333763,0.68277687
data\processed\bfw\asian\n004805\0036_01.jpg,data\processed\bfw\asian\n005378\0409_02.jpg,n004805,n005378,asian,asian,males,females,,,0,-0.095876664,28.851925,1.0958767
data\processed\bfw\asian\n005072\0184_03.jpg,data\processed\bfw\asian\n005072\0235_01.jpg,n005072,n005072,asian,asian,males,males,,,1,0.4850593,20.25398,0.51494074
data\processed\bfw\asian\n006159\0174_01.jpg,data\processed\bfw\asian\n008383\0532_01.jpg,n006159,n008383,asian,asian,females,females,,,0,-0.028185634,31.486732,1.0281856
data\processed\bfw\asian\n000137\0050_01.jpg,data\processed\bfw\asian\n000137\0088_01.jpg,n000137,n000137,asian,asian,females,females,,,1,0.30387917,25.546701,0.69612086
data\processed\bfw\asian\n004680\0027_01.jpg,data\processed\bfw\asian\n004680\0053_01.jpg,n004680,n004680,asian,asian,females,females,,,1,0.43157265,20.905586,0.5684273
data\processed\bfw\asian\n001496\0171_01.jpg,data\processed\bfw\asian\n000143\0734_02.jpg,n001496,n000143,asian,asian,males,females,,,0,0.083701454,29.078003,0.91629857
data\processed\bfw\asian\n009148\0141_02.jpg,data\processed\bfw\asian\n009148\0155_01.jpg,n009148,n009148,asian,asian,females,females,,,1,0.184389,20.625954,0.815611
data\processed\bfw\asian\n003824\0160_01.jpg,data\processed\bfw\asian\n003557\0007_02.jpg,n003824,n003557,asian,asian,females,females,,,0,-0.059921704,27.14385,1.0599217
data\processed\bfw\asian\n007270\0289_01.jpg,data\processed\bfw\asian\n003153\0246_01.jpg,n007270,n003153,asian,asian,females,females,,,0,-0.08123881,26.348497,1.0812389
data\processed\bfw\asian\n007385\0137_01.jpg,data\processed\bfw\asian\n009137\0142_01.jpg,n007385,n009137,asian,asian,females,females,,,0,0.061258953,26.659075,0.938741
data\processed\bfw\asian\n008934\0108_01.jpg,data\processed\bfw\asian\n008934\0630_01.jpg,n008934,n008934,asian,asian,females,females,,,1,0.33921146,25.311398,0.66078854
data\processed\bfw\asian\n003155\0136_02.jpg,data\processed\bfw\asian\n003155\1053_04.jpg,n003155,n003155,asian,asian,males,males,,,1,0.0151084,29.024174,0.9848916
data\processed\bfw\asian\n004809\0166_04.jpg,data\processed\bfw\asian\n008934\0353_01.jpg,n004809,n008934,asian,asian,males,females,,,0,0.017821837,27.219439,0.98217815
data\processed\bfw\asian\n007814\0173_03.jpg,data\processed\bfw\asian\n003358\0318_02.jpg,n007814,n003358,asian,asian,females,females,,,0,0.21228868,23.294945,0.7877113
data\processed\bfw\asian\n004725\0302_01.jpg,data\processed\bfw\asian\n004725\0341_01.jpg,n004725,n004725,asian,asian,males,males,,,1,0.34851304,26.192068,0.651487
data\processed\bfw\asian\n006358\0055_02.jpg,data\processed\bfw\asian\n007378\0284_01.jpg,n006358,n007378,asian,asian,females,females,,,0,-0.0019628117,27.526516,1.0019628
data\processed\bfw\asian\n003463\0023_01.jpg,data\processed\bfw\asian\n003463\0075_01.jpg,n003463,n003463,asian,asian,males,males,,,1,0.5916132,19.145819,0.40838683
data\processed\bfw\asian\n004785\0364_01.jpg,data\processed\bfw\asian\n004870\0098_01.jpg,n004785,n004870,asian,asian,females,females,,,0,0.102085516,26.115541,0.89791447
data\processed\bfw\asian\n004864\0045_01.jpg,data\processed\bfw\asian\n004864\0262_01.jpg,n004864,n004864,asian,asian,females,females,,,1,0.41767165,20.72223,0.5823283
data\processed\bfw\asian\n008148\0025_01.jpg,data\processed\bfw\asian\n005078\0250_01.jpg,n008148,n005078,asian,asian,females,males,,,0,-0.04564143,30.8742,1.0456414
data\processed\bfw\asian\n007270\0124_01.jpg,data\processed\bfw\asian\n004791\0134_01.jpg,n007270,n004791,asian,asian,females,males,,,0,-0.058397025,27.08475,1.058397
data\processed\bfw\asian\n003355\0016_01.jpg,data\processed\bfw\asian\n003355\0254_01.jpg,n003355,n003355,asian,asian,males,males,,,1,0.45680216,20.333302,0.5431979
data\processed\bfw\asian\n004721\0110_01.jpg,data\processed\bfw\asian\n004721\0286_01.jpg,n004721,n004721,asian,asian,males,males,,,1,0.3699116,21.623775,0.6300884
data\processed\bfw\asian\n008401\0469_01.jpg,data\processed\bfw\asian\n007738\0097_01.jpg,n008401,n007738,asian,asian,females,females,,,0,0.17515424,24.049585,0.8248458
data\processed\bfw\asian\n004549\0039_01.jpg,data\processed\bfw\asian\n002331\0292_01.jpg,n004549,n002331,asian,asian,females,males,,,0,-0.056831073,28.77876,1.0568311
data\processed\bfw\asian\n002331\0054_02.jpg,data\processed\bfw\asian\n000161\0119_02.jpg,n002331,n000161,asian,asian,males,males,,,0,0.009625503,32.301296,0.9903745
data\processed\bfw\asian\n006224\0201_01.jpg,data\processed\bfw\asian\n005116\0086_01.jpg,n006224,n005116,asian,asian,females,males,,,0,-0.1700482,29.193974,1.1700482
data\processed\bfw\asian\n006148\0030_01.jpg,data\processed\bfw\asian\n002320\0272_03.jpg,n006148,n002320,asian,asian,females,males,,,0,0.06733064,29.283916,0.93266934
data\processed\bfw\asian\n005177\0012_01.jpg,data\processed\bfw\asian\n005177\0042_01.jpg,n005177,n005177,asian,asian,males,males,,,1,0.7044547,15.323264,0.29554528
data\processed\bfw\asian\n000009\0012_01.jpg,data\processed\bfw\asian\n000009\0043_01.jpg,n000009,n000009,asian,asian,females,females,,,1,0.2900997,24.424906,0.70990026
data\processed\bfw\asian\n003162\0188_01.jpg,data\processed\bfw\asian\n003162\0259_01.jpg,n003162,n003162,asian,asian,males,males,,,1,0.58609116,21.351282,0.41390884
data\processed\bfw\asian\n009042\0085_01.jpg,data\processed\bfw\asian\n009042\0144_01.jpg,n009042,n009042,asian,asian,females,females,,,1,0.35692233,23.037283,0.6430777
data\processed\bfw\asian\n006222\0032_01.jpg,data\processed\bfw\asian\n006222\0122_01.jpg,n006222,n006222,asian,asian,females,females,,,1,0.47435525,19.597876,0.5256448
data\processed\bfw\asian\n007372\0013_01.jpg,data\processed\bfw\asian\n007372\0091_01.jpg,n007372,n007372,asian,asian,females,females,,,1,0.4015399,22.851599,0.5984601
data\processed\bfw\asian\n003167\0533_01.jpg,data\processed\bfw\asian\n000838\0040_02.jpg,n003167,n000838,asian,asian,males,females,,,0,0.0012474026,32.451954,0.9987526
data\processed\bfw\asian\n006344\0113_01.jpg,data\processed\bfw\asian\n006344\0431_07.jpg,n006344,n006344,asian,asian,females,females,,,1,0.06123777,25.249634,0.93876225
data\processed\bfw\asian\n003223\0059_03.jpg,data\processed\bfw\asian\n003223\0089_01.jpg,n003223,n003223,asian,asian,males,males,,,1,0.41603187,18.234327,0.58396816
data\processed\bfw\asian\n009275\0034_02.jpg,data\processed\bfw\asian\n003155\1012_07.jpg,n009275,n003155,asian,asian,females,males,,,0,0.038502086,27.813921,0.9614979
data\processed\bfw\asian\n004721\0347_03.jpg,data\processed\bfw\asian\n004721\0505_01.jpg,n004721,n004721,asian,asian,males,males,,,1,0.48620555,22.500717,0.5137944
data\processed\bfw\asian\n000873\0050_02.jpg,data\processed\bfw\asian\n000873\0068_01.jpg,n000873,n000873,asian,asian,males,males,,,1,0.26458836,24.038689,0.73541164
data\processed\bfw\asian\n007385\0065_01.jpg,data\processed\bfw\asian\n007385\0193_01.jpg,n007385,n007385,asian,asian,females,females,,,1,0.4391788,19.795023,0.5608212
data\processed\bfw\asian\n004860\0040_01.jpg,data\processed\bfw\asian\n006358\0136_02.jpg,n004860,n006358,asian,asian,females,females,,,0,-0.0009049626,29.63239,1.0009049
data\processed\bfw\asian\n003824\0097_01.jpg,data\processed\bfw\asian\n009177\0053_02.jpg,n003824,n009177,asian,asian,females,females,,,0,-0.035400074,25.319645,1.0354
data\processed\bfw\asian\n003155\0178_01.jpg,data\processed\bfw\asian\n000837\0020_01.jpg,n003155,n000837,asian,asian,males,females,,,0,0.025865722,32.61223,0.97413427
data\processed\bfw\asian\n006633\0489_03.jpg,data\processed\bfw\asian\n003465\0204_01.jpg,n006633,n003465,asian,asian,females,males,,,0,-0.0706008,29.529345,1.0706007
data\processed\bfw\asian\n009148\0039_05.jpg,data\processed\bfw\asian\n009148\0097_01.jpg,n009148,n009148,asian,asian,females,females,,,1,0.28921717,21.512245,0.7107828
data\processed\bfw\asian\n006149\0139_02.jpg,data\processed\bfw\asian\n004935\0327_01.jpg,n006149,n004935,asian,asian,females,males,,,0,0.008760234,28.143917,0.9912398
data\processed\bfw\asian\n002552\0532_01.jpg,data\processed\bfw\asian\n002552\0561_08.jpg,n002552,n002552,asian,asian,males,males,,,1,0.23191729,24.79696,0.76808274
data\processed\bfw\asian\n000160\0436_01.jpg,data\processed\bfw\asian\n004930\0320_02.jpg,n000160,n004930,asian,asian,females,females,,,0,0.022194728,25.774603,0.97780526
data\processed\bfw\asian\n005077\0248_01.jpg,data\processed\bfw\asian\n007385\0137_01.jpg,n005077,n007385,asian,asian,females,females,,,0,0.21064314,23.155088,0.7893568
data\processed\bfw\asian\n002509\0191_01.jpg,data\processed\bfw\asian\n002509\0243_01.jpg,n002509,n002509,asian,asian,females,females,,,1,0.20275098,24.277962,0.797249
data\processed\bfw\asian\n009137\0057_01.jpg,data\processed\bfw\asian\n009137\0321_02.jpg,n009137,n009137,asian,asian,females,females,,,1,0.49614063,18.692015,0.5038594
data\processed\bfw\asian\n004221\0155_01.jpg,data\processed\bfw\asian\n004221\0187_01.jpg,n004221,n004221,asian,asian,males,males,,,1,0.65187556,19.462458,0.34812444
data\processed\bfw\asian\n004680\0116_01.jpg,data\processed\bfw\asian\n004680\0430_01.jpg,n004680,n004680,asian,asian,females,females,,,1,0.32425347,23.84236,0.67574656
data\processed\bfw\asian\n003162\0379_02.jpg,data\processed\bfw\asian\n003162\0479_02.jpg,n003162,n003162,asian,asian,males,males,,,1,0.5112236,23.057451,0.4887764
data\processed\bfw\asian\n006633\0299_01.jpg,data\processed\bfw\asian\n006633\0489_03.jpg,n006633,n006633,asian,asian,females,females,,,1,0.15410458,24.35653,0.8458954
data\processed\bfw\asian\n008401\0405_01.jpg,data\processed\bfw\asian\n002331\0029_01.jpg,n008401,n002331,asian,asian,females,males,,,0,0.03494035,27.291296,0.96505964
data\processed\bfw\asian\n006125\0076_02.jpg,data\processed\bfw\asian\n006125\0247_01.jpg,n006125,n006125,asian,asian,females,females,,,1,0.18172619,24.744314,0.8182738
data\processed\bfw\asian\n004791\0204_01.jpg,data\processed\bfw\asian\n004791\0209_01.jpg,n004791,n004791,asian,asian,males,males,,,1,0.50822365,18.432793,0.49177635
data\processed\bfw\asian\n006148\0098_06.jpg,data\processed\bfw\asian\n005078\0079_01.jpg,n006148,n005078,asian,asian,females,males,,,0,-0.055691395,28.154728,1.0556914
data\processed\bfw\asian\n005069\0062_01.jpg,data\processed\bfw\asian\n005069\0148_01.jpg,n005069,n005069,asian,asian,females,females,,,1,0.5620236,20.137075,0.43797642
data\processed\bfw\asian\n009287\0143_01.jpg,data\processed\bfw\asian\n009287\0173_01.jpg,n009287,n009287,asian,asian,females,females,,,1,0.527509,21.993105,0.47249103
data\processed\bfw\asian\n008148\0183_01.jpg,data\processed\bfw\asian\n007816\0543_01.jpg,n008148,n007816,asian,asian,females,females,,,0,0.12817073,21.434753,0.8718293
data\processed\bfw\asian\n000139\0210_01.jpg,data\processed\bfw\asian\n000139\0498_01.jpg,n000139,n000139,asian,asian,females,females,,,1,0.4350302,22.924244,0.5649698
data\processed\bfw\asian\n007270\0124_01.jpg,data\processed\bfw\asian\n007270\0410_01.jpg,n007270,n007270,asian,asian,females,females,,,1,0.54384154,18.631214,0.45615846
data\processed\bfw\asian\n003463\0125_01.jpg,data\processed\bfw\asian\n003463\0132_01.jpg,n003463,n003463,asian,asian,males,males,,,1,0.76097727,13.499401,0.23902273
data\processed\bfw\asian\n005446\0103_01.jpg,data\processed\bfw\asian\n005446\0141_01.jpg,n005446,n005446,asian,asian,females,females,,,1,0.56027275,17.062403,0.43972725
data\processed\bfw\asian\n009042\0098_05.jpg,data\processed\bfw\asian\n002644\0997_01.jpg,n009042,n002644,asian,asian,females,males,,,0,0.099046655,27.858942,0.90095335
data\processed\bfw\asian\n003449\0083_01.jpg,data\processed\bfw\asian\n003449\0210_04.jpg,n003449,n003449,asian,asian,females,females,,,1,0.28458893,24.250652,0.71541107
data\processed\bfw\asian\n000132\0332_01__face_0.jpg,data\processed\bfw\asian\n000838\0249_01.jpg,n000132,n000838,asian,asian,males,females,,,0,-0.0059488364,30.391264,1.0059488
data\processed\bfw\asian\n004469\0092_01.jpg,data\processed\bfw\asian\n004469\0124_01.jpg,n004469,n004469,asian,asian,males,males,,,1,-0.07381068,32.802433,1.0738107
data\processed\bfw\asian\n004794\0019_01.jpg,data\processed\bfw\asian\n004794\0062_01.jpg,n004794,n004794,asian,asian,males,males,,,1,0.46074587,22.236795,0.5392541
data\processed\bfw\asian\n000138\0014_01.jpg,data\processed\bfw\asian\n004948\0440_01.jpg,n000138,n004948,asian,asian,females,males,,,0,0.035156693,26.654837,0.96484333
data\processed\bfw\asian\n000854\0282_01.jpg,data\processed\bfw\asian\n003824\0037_01.jpg,n000854,n003824,asian,asian,females,females,,,0,-0.029106246,27.148228,1.0291063
data\processed\bfw\asian\n009288\0307_01.jpg,data\processed\bfw\asian\n001682\0074_01.jpg,n009288,n001682,asian,asian,females,males,,,0,0.058404166,29.090378,0.94159585
data\processed\bfw\asian\n000009\0122_02.jpg,data\processed\bfw\asian\n000009\0195_01.jpg,n000009,n000009,asian,asian,females,females,,,1,0.026371181,26.881746,0.9736288
data\processed\bfw\asian\n006736\0169_01.jpg,data\processed\bfw\asian\n006736\0349_01.jpg,n006736,n006736,asian,asian,females,females,,,1,0.49200493,21.405134,0.50799507
data\processed\bfw\asian\n000839\0067_01.jpg,data\processed\bfw\asian\n000839\0407_01.jpg,n000839,n000839,asian,asian,females,females,,,1,0.18350248,25.865807,0.8164975
data\processed\bfw\asian\n002775\0015_01.jpg,data\processed\bfw\asian\n003167\0595_01.jpg,n002775,n003167,asian,asian,males,males,,,0,-0.015450944,33.565544,1.015451
data\processed\bfw\asian\n003167\0042_07.jpg,data\processed\bfw\asian\n003167\0595_01.jpg,n003167,n003167,asian,asian,males,males,,,1,0.5128415,20.95147,0.48715848
data\processed\bfw\asian\n003156\0103_01.jpg,data\processed\bfw\asian\n004877\0076_01.jpg,n003156,n004877,asian,asian,males,females,,,0,0.06740604,27.868534,0.93259394
data\processed\bfw\asian\n002320\0210_02.jpg,data\processed\bfw\asian\n003357\0108_01.jpg,n002320,n003357,asian,asian,males,females,,,0,0.083230175,26.756044,0.9167698
data\processed\bfw\asian\n000148\0152_01.jpg,data\processed\bfw\asian\n003482\0408_02.jpg,n000148,n003482,asian,asian,females,males,,,0,-0.04013488,28.314566,1.0401349
data\processed\bfw\asian\n001496\0218_01.jpg,data\processed\bfw\asian\n001496\0617_02.jpg,n001496,n001496,asian,asian,males,males,,,1,0.5279747,20.232323,0.47202528
data\processed\bfw\asian\n003155\0135_01.jpg,data\processed\bfw\asian\n003027\0448_07.jpg,n003155,n003027,asian,asian,males,males,,,0,-0.042013634,33.555405,1.0420136
data\processed\bfw\asian\n004809\0013_12.jpg,data\processed\bfw\asian\n004721\0145_01.jpg,n004809,n004721,asian,asian,males,males,,,0,0.08096824,25.751755,0.91903174
data\processed\bfw\asian\n001682\0031_01.jpg,data\processed\bfw\asian\n001682\0143_02.jpg,n001682,n001682,asian,asian,males,males,,,1,0.44768414,22.922203,0.55231583
data\processed\bfw\asian\n000854\0262_01.jpg,data\processed\bfw\asian\n000854\0428_01.jpg,n000854,n000854,asian,asian,females,females,,,1,0.21994014,22.057802,0.7800599
data\processed\bfw\asian\n004221\0135_02.jpg,data\processed\bfw\asian\n004221\0243_01.jpg,n004221,n004221,asian,asian,males,males,,,1,0.37269008,23.545738,0.6273099
data\processed\bfw\asian\n006149\0009_01.jpg,data\processed\bfw\asian\n001572\0262_01.jpg,n006149,n001572,asian,asian,females,females,,,0,-0.069616444,27.183443,1.0696164
data\processed\bfw\asian\n006148\0030_01.jpg,data\processed\bfw\asian\n006148\0254_01.jpg,n006148,n006148,asian,asian,females,females,,,1,0.482315,23.052275,0.517685
data\processed\bfw\asian\n005077\0079_01.jpg,data\processed\bfw\asian\n002725\0062_01.jpg,n005077,n002725,asian,asian,females,females,,,0,0.09511345,24.752945,0.90488654
data\processed\bfw\asian\n001976\0283_01.jpg,data\processed\bfw\asian\n001864\0038_01.jpg,n001976,n001864,asian,asian,males,males,,,0,-0.003048794,29.642664,1.0030488
data\processed\bfw\asian\n005078\0107_01.jpg,data\processed\bfw\asian\n005078\0295_03.jpg,n005078,n005078,asian,asian,males,males,,,1,-0.008395036,26.577244,1.0083951
data\processed\bfw\asian\n000137\0082_02.jpg,data\processed\bfw\asian\n000137\0097_01.jpg,n000137,n000137,asian,asian,females,females,,,1,0.53377366,21.638956,0.46622634
data\processed\bfw\asian\n003167\0064_01.jpg,data\processed\bfw\asian\n003167\0595_01.jpg,n003167,n003167,asian,asian,males,males,,,1,0.67490005,17.620523,0.32509995
data\processed\bfw\asian\n002509\0139_03.jpg,data\processed\bfw\asian\n002509\0223_01.jpg,n002509,n002509,asian,asian,females,females,,,1,0.026295064,29.074211,0.97370493
data\processed\bfw\asian\n006203\0129_01.jpg,data\processed\bfw\asian\n005216\0043_01.jpg,n006203,n005216,asian,asian,females,females,,,0,0.0101488065,24.888695,0.9898512
data\processed\bfw\asian\n004109\0131_01.jpg,data\processed\bfw\asian\n006149\0162_01.jpg,n004109,n006149,asian,asian,males,females,,,0,-0.016547607,27.144953,1.0165476
data\processed\bfw\asian\n009042\0020_01.jpg,data\processed\bfw\asian\n001682\0052_01.jpg,n009042,n001682,asian,asian,females,males,,,0,0.033964787,30.137596,0.9660352
data\processed\bfw\asian\n004877\0073_01.jpg,data\processed\bfw\asian\n000436\0002_01.jpg,n004877,n000436,asian,asian,females,males,,,0,-0.05366593,30.301527,1.0536659
data\processed\bfw\asian\n003162\0023_01.jpg,data\processed\bfw\asian\n003162\0379_02.jpg,n003162,n003162,asian,asian,males,males,,,1,0.6470327,19.128328,0.35296732
data\processed\bfw\asian\n008401\0139_02.jpg,data\processed\bfw\asian\n005085\0005_01.jpg,n008401,n005085,asian,asian,females,females,,,0,-0.073545985,28.525166,1.0735459
data\processed\bfw\asian\n003156\0058_01.jpg,data\processed\bfw\asian\n005177\0013_01.jpg,n003156,n005177,asian,asian,males,males,,,0,0.036860548,28.674511,0.9631395
data\processed\bfw\asian\n003506\0278_02.jpg,data\processed\bfw\asian\n003506\0428_02.jpg,n003506,n003506,asian,asian,females,females,,,1,0.2522428,23.830637,0.7477572
data\processed\bfw\asian\n004794\0124_03.jpg,data\processed\bfw\asian\n004794\0612_01.jpg,n004794,n004794,asian,asian,males,males,,,1,0.3356464,21.943542,0.6643536
data\processed\bfw\asian\n009137\0031_03.jpg,data\processed\bfw\asian\n000161\0223_01.jpg,n009137,n000161,asian,asian,females,males,,,0,0.12174203,28.232365,0.878258
data\processed\bfw\asian\n001572\0115_01.jpg,data\processed\bfw\asian\n004860\0779_01.jpg,n001572,n004860,asian,asian,females,females,,,0,-0.028217873,25.904785,1.0282179
data\processed\bfw\asian\n009278\0137_01.jpg,data\processed\bfw\asian\n005085\0401_01.jpg,n009278,n005085,asian,asian,females,females,,,0,0.20997451,20.650206,0.7900255
data\processed\bfw\asian\n004935\0351_01.jpg,data\processed\bfw\asian\n000854\0275_01.jpg,n004935,n000854,asian,asian,males,females,,,0,0.023817336,30.072346,0.97618264
data\processed\bfw\asian\n007270\0471_01.jpg,data\processed\bfw\asian\n009278\0259_01.jpg,n007270,n009278,asian,asian,females,females,,,0,0.05429131,27.003523,0.9457087
data\processed\bfw\asian\n009278\0228_01.jpg,data\processed\bfw\asian\n004721\0046_01.jpg,n009278,n004721,asian,asian,females,males,,,0,0.099859335,26.682863,0.90014064
data\processed\bfw\asian\n005177\0152_01.jpg,data\processed\bfw\asian\n005177\0303_01.jpg,n005177,n005177,asian,asian,males,males,,,1,0.45682383,20.356058,0.5431762
data\processed\bfw\asian\n004467\0677_01.jpg,data\processed\bfw\asian\n004870\0133_02.jpg,n004467,n004870,asian,asian,males,females,,,0,-0.022514928,28.029356,1.0225149
data\processed\bfw\asian\n001496\0608_01.jpg,data\processed\bfw\asian\n009275\0397_03.jpg,n001496,n009275,asian,asian,males,females,,,0,-0.20570788,34.015465,1.2057079
data\processed\bfw\asian\n002509\0157_01.jpg,data\processed\bfw\asian\n002509\0319_01.jpg,n002509,n002509,asian,asian,females,females,,,1,0.28811502,21.897844,0.711885
data\processed\bfw\asian\n004787\0158_01.jpg,data\processed\bfw\asian\n004787\0284_02.jpg,n004787,n004787,asian,asian,females,females,,,1,0.26831773,24.32441,0.7316823
data\processed\bfw\asian\n003463\0127_01.jpg,data\processed\bfw\asian\n001572\0010_01.jpg,n003463,n001572,asian,asian,males,females,,,0,0.023387706,27.433891,0.97661227
data\processed\bfw\asian\n006203\0357_01.jpg,data\processed\bfw\asian\n009279\0015_01.jpg,n006203,n009279,asian,asian,females,females,,,0,-0.014861501,26.119213,1.0148615
data\processed\bfw\asian\n008163\0022_02.jpg,data\processed\bfw\asian\n008163\0640_01.jpg,n008163,n008163,asian,asian,females,females,,,1,0.52787954,20.147087,0.47212046
data\processed\bfw\asian\n000436\0348_01.jpg,data\processed\bfw\asian\n001572\0156_01.jpg,n000436,n001572,asian,asian,males,females,,,0,-0.04088236,25.942745,1.0408823
data\processed\bfw\asian\n005474\0298_05.jpg,data\processed\bfw\asian\n005474\0726_02.jpg,n005474,n005474,asian,asian,females,females,,,1,0.35536298,20.114626,0.644637
data\processed\bfw\asian\n001682\0142_01.jpg,data\processed\bfw\asian\n004794\0015_01.jpg,n001682,n004794,asian,asian,males,males,,,0,-0.033698734,25.128794,1.0336987
data\processed\bfw\asian\n004948\0199_02.jpg,data\processed\bfw\asian\n004948\0341_01.jpg,n004948,n004948,asian,asian,males,males,,,1,0.16031554,24.991655,0.8396845
data\processed\bfw\asian\n009148\0012_01.jpg,data\processed\bfw\asian\n009148\0050_05.jpg,n009148,n009148,asian,asian,females,females,,,1,0.34265327,25.437107,0.6573467
data\processed\bfw\asian\n004467\0004_01.jpg,data\processed\bfw\asian\n004467\0418_01.jpg,n004467,n004467,asian,asian,males,males,,,1,0.43795487,22.90977,0.5620451
data\processed\bfw\asian\n004681\0206_01.jpg,data\processed\bfw\asian\n004681\0266_02.jpg,n004681,n004681,asian,asian,males,males,,,1,0.6917159,15.543365,0.3082841
data\processed\bfw\asian\n006148\0074_01.jpg,data\processed\bfw\asian\n006148\0595_02.jpg,n006148,n006148,asian,asian,females,females,,,1,-0.021244321,23.751696,1.0212443
data\processed\bfw\asian\n003482\0021_02.jpg,data\processed\bfw\asian\n003482\0227_01.jpg,n003482,n003482,asian,asian,males,males,,,1,0.49935046,24.043612,0.5006496
data\processed\bfw\asian\n005085\0666_02.jpg,data\processed\bfw\asian\n003635\0606_02.jpg,n005085,n003635,asian,asian,females,males,,,0,0.03223554,30.14741,0.96776444
data\processed\bfw\asian\n003153\0172_02.jpg,data\processed\bfw\asian\n009294\0063_01.jpg,n003153,n009294,asian,asian,females,females,,,0,-0.017392693,27.938599,1.0173926
data\processed\bfw\asian\n004791\0361_01.jpg,data\processed\bfw\asian\n006148\0102_02.jpg,n004791,n006148,asian,asian,males,females,,,0,-0.059150394,27.441048,1.0591503
data\processed\bfw\asian\n005071\0128_02.jpg,data\processed\bfw\asian\n005071\0154_01.jpg,n005071,n005071,asian,asian,males,males,,,1,0.5642621,20.108587,0.4357379
data\processed\bfw\asian\n004549\0368_01.jpg,data\processed\bfw\asian\n007089\0058_01.jpg,n004549,n007089,asian,asian,females,females,,,0,0.14685032,26.190006,0.85314965
data\processed\bfw\asian\n005177\0063_01.jpg,data\processed\bfw\asian\n005177\0152_01.jpg,n005177,n005177,asian,asian,males,males,,,1,0.4907902,20.171991,0.5092098
data\processed\bfw\asian\n005177\0045_01.jpg,data\processed\bfw\asian\n005177\0196_01.jpg,n005177,n005177,asian,asian,males,males,,,1,0.047071885,28.346527,0.9529281
data\processed\bfw\asian\n005072\0350_01.jpg,data\processed\bfw\asian\n004681\0340_01.jpg,n005072,n004681,asian,asian,males,males,,,0,0.027171,26.302595,0.972829
data\processed\bfw\asian\n003557\0102_03.jpg,data\processed\bfw\asian\n003557\0459_01.jpg,n003557,n003557,asian,asian,females,females,,,1,0.21468657,21.059095,0.7853134
data\processed\bfw\asian\n009294\0098_01.jpg,data\processed\bfw\asian\n009294\0194_01.jpg,n009294,n009294,asian,asian,females,females,,,1,0.09926697,27.411098,0.90073305
data\processed\bfw\asian\n006224\0138_01.jpg,data\processed\bfw\asian\n006224\0164_01.jpg,n006224,n006224,asian,asian,females,females,,,1,0.20620598,21.48693,0.79379404
data\processed\bfw\asian\n006619\0197_01.jpg,data\processed\bfw\asian\n006619\0334_03.jpg,n006619,n006619,asian,asian,females,females,,,1,0.19440264,22.560127,0.80559736
data\processed\bfw\asian\n008934\0111_01.jpg,data\processed\bfw\asian\n008934\0211_01.jpg,n008934,n008934,asian,asian,females,females,,,1,0.4837247,22.396345,0.5162753
data\processed\bfw\asian\n003465\0241_01.jpg,data\processed\bfw\asian\n000132\0027_01__face_0.jpg,n003465,n000132,asian,asian,males,males,,,0,0.0022892745,27.748281,0.9977107
data\processed\bfw\asian\n009288\0281_02.jpg,data\processed\bfw\asian\n009288\0299_01.jpg,n009288,n009288,asian,asian,females,females,,,1,0.47594175,21.824955,0.5240582
data\processed\bfw\asian\n006223\0160_01.jpg,data\processed\bfw\asian\n006223\0260_01.jpg,n006223,n006223,asian,asian,females,females,,,1,0.43002936,19.72289,0.5699706
data\processed\bfw\asian\n002406\0103_01.jpg,data\processed\bfw\asian\n002406\0165_03.jpg,n002406,n002406,asian,asian,males,males,,,1,0.23281866,24.882568,0.76718134
data\processed\bfw\asian\n005216\0307_01.jpg,data\processed\bfw\asian\n006774\0075_01.jpg,n005216,n006774,asian,asian,females,females,,,0,0.11826903,24.83346,0.881731
data\processed\bfw\asian\n009276\0106_07.jpg,data\processed\bfw\asian\n009276\0140_04.jpg,n009276,n009276,asian,asian,females,females,,,1,0.08844983,27.44895,0.91155016
data\processed\bfw\asian\n004467\0656_01.jpg,data\processed\bfw\asian\n000838\0037_01.jpg,n004467,n000838,asian,asian,males,females,,,0,-0.051364373,33.75691,1.0513644
data\processed\bfw\asian\n005378\0242_02.jpg,data\processed\bfw\asian\n005378\0294_01.jpg,n005378,n005378,asian,asian,females,females,,,1,0.012376689,31.210384,0.98762333
data\processed\bfw\asian\n004870\0007_01.jpg,data\processed\bfw\asian\n004870\0020_01.jpg,n004870,n004870,asian,asian,females,females,,,1,0.67692167,16.826723,0.32307833
data\processed\bfw\asian\n006203\0130_01.jpg,data\processed\bfw\asian\n006203\0241_05.jpg,n006203,n006203,asian,asian,females,females,,,1,0.07106631,22.147034,0.9289337
data\processed\bfw\asian\n004686\0077_01.jpg,data\processed\bfw\asian\n004686\0433_01.jpg,n004686,n004686,asian,asian,males,males,,,1,0.43703339,20.915236,0.5629666
data\processed\bfw\asian\n004800\0111_01.jpg,data\processed\bfw\asian\n004930\0290_01.jpg,n004800,n004930,asian,asian,males,females,,,0,0.14039442,23.9422,0.85960555
data\processed\bfw\asian\n009125\0181_01.jpg,data\processed\bfw\asian\n004687\0216_01.jpg,n009125,n004687,asian,asian,females,females,,,0,-0.13204603,26.758959,1.132046
data\processed\bfw\asian\n005069\0246_01.jpg,data\processed\bfw\asian\n003465\0241_01.jpg,n005069,n003465,asian,asian,females,males,,,0,0.055348456,29.3306,0.94465154
data\processed\bfw\asian\n007089\0055_01.jpg,data\processed\bfw\asian\n002775\0034_02.jpg,n007089,n002775,asian,asian,females,males,,,0,0.0013615311,32.230423,0.99863845
data\processed\bfw\asian\n003449\0164_01.jpg,data\processed\bfw\asian\n003824\0335_01.jpg,n003449,n003824,asian,asian,females,females,,,0,0.06570696,25.477518,0.93429303
data\processed\bfw\asian\n007816\0279_01.jpg,data\processed\bfw\asian\n007816\0397_01.jpg,n007816,n007816,asian,asian,females,females,,,1,0.21300438,22.615168,0.78699565
data\processed\bfw\asian\n003481\0096_02.jpg,data\processed\bfw\asian\n004466\0003_01.jpg,n003481,n004466,asian,asian,females,males,,,0,0.047476668,25.697208,0.95252335
data\processed\bfw\asian\n004687\0113_01.jpg,data\processed\bfw\asian\n004687\0268_01.jpg,n004687,n004687,asian,asian,females,females,,,1,0.3668247,20.837917,0.6331753
data\processed\bfw\asian\n000143\0013_01.jpg,data\processed\bfw\asian\n000143\0069_01.jpg,n000143,n000143,asian,asian,females,females,,,1,0.3846834,18.370768,0.6153166
data\processed\bfw\asian\n005378\0093_02.jpg,data\processed\bfw\asian\n005378\0234_02.jpg,n005378,n005378,asian,asian,females,females,,,1,-0.04861918,30.85196,1.0486192
data\processed\bfw\asian\n000143\0064_01.jpg,data\processed\bfw\asian\n009041\0562_01.jpg,n000143,n009041,asian,asian,females,females,,,0,-0.032147538,27.936525,1.0321475
data\processed\bfw\asian\n004109\0047_02.jpg,data\processed\bfw\asian\n000143\0135_02.jpg,n004109,n000143,asian,asian,males,females,,,0,0.022447811,24.316261,0.9775522
data\processed\bfw\asian\n000837\0009_01.jpg,data\processed\bfw\asian\n009287\0143_01.jpg,n000837,n009287,asian,asian,females,females,,,0,-0.03976465,31.515663,1.0397646
data\processed\bfw\asian\n009175\0061_01.jpg,data\processed\bfw\asian\n006149\0096_01.jpg,n009175,n006149,asian,asian,females,females,,,0,-0.029295662,28.571402,1.0292957
data\processed\bfw\asian\n003489\0061_01.jpg,data\processed\bfw\asian\n003482\0284_06.jpg,n003489,n003482,asian,asian,males,males,,,0,0.119019635,30.715239,0.8809804
data\processed\bfw\asian\n007372\0086_01.jpg,data\processed\bfw\asian\n005446\0475_01.jpg,n007372,n005446,asian,asian,females,females,,,0,-0.039659485,25.729944,1.0396595
data\processed\bfw\asian\n004721\0177_01.jpg,data\processed\bfw\asian\n004721\0347_03.jpg,n004721,n004721,asian,asian,males,males,,,1,0.7583437,16.186684,0.2416563
data\processed\bfw\asian\n007380\0073_01.jpg,data\processed\bfw\asian\n000132\0234_01__face_0.jpg,n007380,n000132,asian,asian,females,males,,,0,-0.011522666,25.410051,1.0115227
data\processed\bfw\asian\n000137\0059_01.jpg,data\processed\bfw\asian\n000132\0094_02__face_0.jpg,n000137,n000132,asian,asian,females,males,,,0,0.026352316,28.712574,0.9736477
data\processed\bfw\asian\n003491\0024_01.jpg,data\processed\bfw\asian\n006148\0165_01.jpg,n003491,n006148,asian,asian,males,females,,,0,0.026218375,28.844732,0.97378165
data\processed\bfw\asian\n000143\0081_01.jpg,data\processed\bfw\asian\n005063\0439_01.jpg,n000143,n005063,asian,asian,females,females,,,0,0.04112853,24.370989,0.9588715
data\processed\bfw\asian\n003357\0422_01.jpg,data\processed\bfw\asian\n001682\0074_01.jpg,n003357,n001682,asian,asian,females,males,,,0,-0.08510726,32.35522,1.0851072
data\processed\bfw\asian\n003491\0033_01.jpg,data\processed\bfw\asian\n003491\0070_06.jpg,n003491,n003491,asian,asian,males,males,,,1,0.5517359,19.574963,0.44826412
data\processed\bfw\asian\n002331\0199_01.jpg,data\processed\bfw\asian\n002331\0277_01.jpg,n002331,n002331,asian,asian,males,males,,,1,0.34840682,23.497252,0.6515932
data\processed\bfw\asian\n005085\0464_01.jpg,data\processed\bfw\asian\n005085\0679_01.jpg,n005085,n005085,asian,asian,females,females,,,1,0.14793418,23.927223,0.8520658
data\processed\bfw\asian\n003506\0307_01.jpg,data\processed\bfw\asian\n001496\0171_01.jpg,n003506,n001496,asian,asian,females,males,,,0,-0.11939062,30.09105,1.1193906
data\processed\bfw\asian\n004805\0025_01.jpg,data\processed\bfw\asian\n004805\0289_01.jpg,n004805,n004805,asian,asian,males,males,,,1,0.3657529,22.16391,0.63424706
data\processed\bfw\asian\n005078\0072_01.jpg,data\processed\bfw\asian\n005078\0581_01.jpg,n005078,n005078,asian,asian,males,males,,,1,-0.050059337,32.151325,1.0500593
data\processed\bfw\asian\n005083\0198_01.jpg,data\processed\bfw\asian\n000873\0534_01.jpg,n005083,n000873,asian,asian,females,males,,,0,0.11500696,25.204931,0.884993
data\processed\bfw\asian\n008383\0161_02.jpg,data\processed\bfw\asian\n002320\0006_01.jpg,n008383,n002320,asian,asian,females,males,,,0,-0.038309906,30.747076,1.0383099
data\processed\bfw\asian\n003027\0047_01.jpg,data\processed\bfw\asian\n005177\0019_01.jpg,n003027,n005177,asian,asian,males,males,,,0,-0.07964451,31.264433,1.0796446
data\processed\bfw\asian\n002725\0039_02.jpg,data\processed\bfw\asian\n002725\0267_01.jpg,n002725,n002725,asian,asian,females,females,,,1,0.48680183,19.01454,0.51319814
data\processed\bfw\asian\n003557\0013_01.jpg,data\processed\bfw\asian\n000837\0020_01.jpg,n003557,n000837,asian,asian,females,females,,,0,-0.1138419,28.701601,1.1138419
data\processed\bfw\asian\n003223\0059_03.jpg,data\processed\bfw\asian\n003223\0070_02.jpg,n003223,n003223,asian,asian,males,males,,,1,0.06560269,24.18904,0.93439734
data\processed\bfw\asian\n006159\0127_02.jpg,data\processed\bfw\asian\n006159\0244_01.jpg,n006159,n006159,asian,asian,females,females,,,1,0.42867026,28.85076,0.5713297
data\processed\bfw\asian\n003467\0217_01.jpg,data\processed\bfw\asian\n006358\0041_01.jpg,n003467,n006358,asian,asian,females,females,,,0,0.11520745,28.016449,0.88479257
data\processed\bfw\asian\n007270\0124_01.jpg,data\processed\bfw\asian\n007270\0289_01.jpg,n007270,n007270,asian,asian,females,females,,,1,0.6146378,16.603151,0.3853622
data\processed\bfw\asian\n004860\0820_01.jpg,data\processed\bfw\asian\n007380\0475_01.jpg,n004860,n007380,asian,asian,females,females,,,0,0.06303621,22.851528,0.9369638
data\processed\bfw\asian\n003357\0001_01.jpg,data\processed\bfw\asian\n004935\0703_01.jpg,n003357,n004935,asian,asian,females,males,,,0,-0.020054959,25.63795,1.0200549
data\processed\bfw\asian\n004687\0113_01.jpg,data\processed\bfw\asian\n000137\0265_01.jpg,n004687,n000137,asian,asian,females,females,,,0,-0.1560469,27.3475,1.1560469
data\processed\bfw\asian\n000135\0467_01.jpg,data\processed\bfw\asian\n003155\0393_01.jpg,n000135,n003155,asian,asian,females,males,,,0,0.083536826,29.433289,0.9164632
data\processed\bfw\asian\n000161\0001_01.jpg,data\processed\bfw\asian\n000161\0141_02.jpg,n000161,n000161,asian,asian,males,males,,,1,0.70813006,16.38245,0.29186994
data\processed\bfw\asian\n004725\0121_01.jpg,data\processed\bfw\asian\n004725\0302_01.jpg,n004725,n004725,asian,asian,males,males,,,1,0.6392246,19.955856,0.3607754
data\processed\bfw\asian\n000161\0477_01.jpg,data\processed\bfw\asian\n001682\0031_01.jpg,n000161,n001682,asian,asian,males,males,,,0,0.059259582,25.691227,0.9407404
data\processed\bfw\asian\n007899\0166_01.jpg,data\processed\bfw\asian\n007899\0172_04.jpg,n007899,n007899,asian,asian,females,females,,,1,0.40679342,22.702417,0.5932066
data\processed\bfw\asian\n004221\0114_02.jpg,data\processed\bfw\asian\n004221\0124_01.jpg,n004221,n004221,asian,asian,males,males,,,1,0.5197705,21.35915,0.4802295
data\processed\bfw\asian\n004805\0025_01.jpg,data\processed\bfw\asian\n009278\0039_02.jpg,n004805,n009278,asian,asian,males,females,,,0,0.06886403,25.567024,0.93113595
data\processed\bfw\asian\n008148\0082_01.jpg,data\processed\bfw\asian\n002775\0088_02.jpg,n008148,n002775,asian,asian,females,males,,,0,-0.04541548,32.527176,1.0454155
data\processed\bfw\asian\n006149\0005_01.jpg,data\processed\bfw\asian\n006149\0064_01.jpg,n006149,n006149,asian,asian,females,females,,,1,0.3609258,20.494476,0.6390742
data\processed\bfw\asian\n004930\0200_01.jpg,data\processed\bfw\asian\n004930\0236_01.jpg,n004930,n004930,asian,asian,females,females,,,1,0.4569572,19.839024,0.5430428
data\processed\bfw\asian\n004877\0004_01.jpg,data\processed\bfw\asian\n004877\0007_01.jpg,n004877,n004877,asian,asian,females,females,,,1,0.54180324,19.119951,0.45819676
data\processed\bfw\asian\n006148\0254_01.jpg,data\processed\bfw\asian\n006358\0029_02.jpg,n006148,n006358,asian,asian,females,females,,,0,-0.019466195,34.616936,1.0194662
data\processed\bfw\asian\n006619\0288_01.jpg,data\processed\bfw\asian\n006619\0333_01.jpg,n006619,n006619,asian,asian,females,females,,,1,0.36656237,20.639711,0.63343763
data\processed\bfw\asian\n007899\0174_01.jpg,data\processed\bfw\asian\n007899\0250_01.jpg,n007899,n007899,asian,asian,females,females,,,1,0.48954833,19.144405,0.5104517
data\processed\bfw\asian\n004870\0069_01.jpg,data\processed\bfw\asian\n004870\0178_06.jpg,n004870,n004870,asian,asian,females,females,,,1,0.31235105,24.577448,0.68764895
data\processed\bfw\asian\n007380\0088_01.jpg,data\processed\bfw\asian\n003481\0107_01.jpg,n007380,n003481,asian,asian,females,females,,,0,0.1128324,24.73958,0.8871676
data\processed\bfw\asian\n006224\0067_01.jpg,data\processed\bfw\asian\n006224\0116_01.jpg,n006224,n006224,asian,asian,females,females,,,1,0.42189658,20.26249,0.5781034
data\processed\bfw\asian\n009041\0134_01.jpg,data\processed\bfw\asian\n009041\0560_01.jpg,n009041,n009041,asian,asian,females,females,,,1,0.20826744,31.290947,0.79173255
data\processed\bfw\asian\n005069\0225_01.jpg,data\processed\bfw\asian\n009103\0421_01.jpg,n005069,n009103,asian,asian,females,females,,,0,-0.082904994,23.675352,1.082905
data\processed\bfw\asian\n004930\0235_01.jpg,data\processed\bfw\asian\n009278\0039_02.jpg,n004930,n009278,asian,asian,females,females,,,0,0.23825586,21.48673,0.76174414
data\processed\bfw\asian\n006159\0183_01.jpg,data\processed\bfw\asian\n006159\0244_01.jpg,n006159,n006159,asian,asian,females,females,,,1,0.44865307,24.871925,0.5513469
data\processed\bfw\asian\n004785\0145_01.jpg,data\processed\bfw\asian\n004109\0032_02.jpg,n004785,n004109,asian,asian,females,males,,,0,0.051861897,29.533194,0.9481381
data\processed\bfw\asian\n005078\0107_01.jpg,data\processed\bfw\asian\n005078\0134_01.jpg,n005078,n005078,asian,asian,males,males,,,1,0.5547557,21.553482,0.4452443
data\processed\bfw\asian\n004469\0083_02.jpg,data\processed\bfw\asian\n004469\0807_01.jpg,n004469,n004469,asian,asian,males,males,,,1,0.74544734,18.201927,0.25455266
data\processed\bfw\asian\n007816\0030_01.jpg,data\processed\bfw\asian\n007816\0279_01.jpg,n007816,n007816,asian,asian,females,females,,,1,0.40481105,19.08735,0.595189
data\processed\bfw\asian\n003153\0610_04.jpg,data\processed\bfw\asian\n003167\0141_01.jpg,n003153,n003167,asian,asian,females,males,,,0,-0.0064796046,31.650389,1.0064796
data\processed\bfw\asian\n009042\0059_01.jpg,data\processed\bfw\asian\n009125\0363_01.jpg,n009042,n009125,asian,asian,females,females,,,0,0.06947423,29.860975,0.9305258
data\processed\bfw\asian\n000148\0025_01.jpg,data\processed\bfw\asian\n000148\0482_01.jpg,n000148,n000148,asian,asian,females,females,,,1,0.15857786,23.503422,0.84142214
data\processed\bfw\asian\n003357\0406_01.jpg,data\processed\bfw\asian\n003357\0469_01.jpg,n003357,n003357,asian,asian,females,females,,,1,0.36276066,20.99789,0.63723934
data\processed\bfw\asian\n009276\0298_01.jpg,data\processed\bfw\asian\n009276\0317_01.jpg,n009276,n009276,asian,asian,females,females,,,1,0.07856871,26.141623,0.9214313
data\processed\bfw\asian\n000839\0168_01.jpg,data\processed\bfw\asian\n000839\0479_01.jpg,n000839,n000839,asian,asian,females,females,,,1,0.4706278,20.40266,0.5293722
data\processed\bfw\asian\n004787\0278_01.jpg,data\processed\bfw\asian\n004787\0679_05.jpg,n004787,n004787,asian,asian,females,females,,,1,-0.008330531,22.905037,1.0083306
data\processed\bfw\asian\n009276\0361_01.jpg,data\processed\bfw\asian\n003635\0177_02.jpg,n009276,n003635,asian,asian,females,males,,,0,0.057079144,24.653744,0.94292086
data\processed\bfw\asian\n006223\0239_01.jpg,data\processed\bfw\asian\n006223\0519_01.jpg,n006223,n006223,asian,asian,females,females,,,1,0.13963343,22.103552,0.8603666
data\processed\bfw\asian\n000158\0199_03.jpg,data\processed\bfw\asian\n006344\0192_02.jpg,n000158,n006344,asian,asian,males,females,,,0,-0.011861538,30.969263,1.0118616
data\processed\bfw\asian\n008383\0068_01.jpg,data\processed\bfw\asian\n004680\0178_01.jpg,n008383,n004680,asian,asian,females,females,,,0,0.12072905,25.34859,0.879271
data\processed\bfw\asian\n008163\0229_01.jpg,data\processed\bfw\asian\n008163\0429_01.jpg,n008163,n008163,asian,asian,females,females,,,1,0.47398698,21.175072,0.526013
data\processed\bfw\asian\n006344\0322_01.jpg,data\processed\bfw\asian\n006344\0577_01.jpg,n006344,n006344,asian,asian,females,females,,,1,0.025774118,23.989626,0.9742259
data\processed\bfw\asian\n004472\0484_01.jpg,data\processed\bfw\asian\n004877\0135_01.jpg,n004472,n004877,asian,asian,females,females,,,0,0.16495125,24.038929,0.83504874
data\processed\bfw\asian\n004549\0296_01.jpg,data\processed\bfw\asian\n004549\0357_03.jpg,n004549,n004549,asian,asian,females,females,,,1,0.17683488,28.855629,0.8231651
data\processed\bfw\asian\n003463\0304_01.jpg,data\processed\bfw\asian\n003465\0169_01.jpg,n003463,n003465,asian,asian,males,males,,,0,0.08406793,25.936394,0.91593206
data\processed\bfw\asian\n004809\0238_01.jpg,data\processed\bfw\asian\n004809\0328_01.jpg,n004809,n004809,asian,asian,males,males,,,1,0.60824853,19.553024,0.39175147
data\processed\bfw\asian\n009041\0032_01.jpg,data\processed\bfw\asian\n009041\0118_01.jpg,n009041,n009041,asian,asian,females,females,,,1,0.4154271,24.919167,0.5845729
data\processed\bfw\asian\n000161\0125_01.jpg,data\processed\bfw\asian\n003167\0064_01.jpg,n000161,n003167,asian,asian,males,males,,,0,0.042854536,29.379757,0.95714545
data\processed\bfw\asian\n004800\0169_01.jpg,data\processed\bfw\asian\n000137\0032_01.jpg,n004800,n000137,asian,asian,males,females,,,0,-0.0074794544,26.600945,1.0074794
data\processed\bfw\asian\n009287\0185_01.jpg,data\processed\bfw\asian\n009287\0256_04.jpg,n009287,n009287,asian,asian,females,females,,,1,0.5202656,25.389292,0.47973442
data\processed\bfw\asian\n007664\0045_01.jpg,data\processed\bfw\asian\n007664\0065_01.jpg,n007664,n007664,asian,asian,females,females,,,1,0.4945605,18.524174,0.5054395
data\processed\bfw\asian\n000838\0060_04.jpg,data\processed\bfw\asian\n000838\0066_01.jpg,n000838,n000838,asian,asian,females,females,,,1,0.41901097,22.331594,0.580989
data\processed\bfw\asian\n005474\0129_02.jpg,data\processed\bfw\asian\n005474\0162_02.jpg,n005474,n005474,asian,asian,females,females,,,1,0.3599823,22.34758,0.6400177
data\processed\bfw\asian\n006619\0005_01.jpg,data\processed\bfw\asian\n004786\0056_01.jpg,n006619,n004786,asian,asian,females,females,,,0,0.044318452,26.71996,0.95568156
data\processed\bfw\asian\n000158\0367_01.jpg,data\processed\bfw\asian\n001682\0142_01.jpg,n000158,n001682,asian,asian,males,males,,,0,-0.0646655,30.986418,1.0646656
data\processed\bfw\asian\n004864\0004_01.jpg,data\processed\bfw\asian\n004864\0148_01.jpg,n004864,n004864,asian,asian,females,females,,,1,0.6816898,16.1365,0.3183102
data\processed\bfw\asian\n009287\0261_01.jpg,data\processed\bfw\asian\n009287\0278_01.jpg,n009287,n009287,asian,asian,females,females,,,1,0.21479365,27.19512,0.7852063
data\processed\bfw\asian\n005446\0279_01.jpg,data\processed\bfw\asian\n005474\0129_02.jpg,n005446,n005474,asian,asian,females,females,,,0,-0.12057195,29.004538,1.120572
data\processed\bfw\asian\n002775\0011_07.jpg,data\processed\bfw\asian\n002775\0074_01.jpg,n002775,n002775,asian,asian,males,males,,,1,0.48204324,24.23343,0.51795673
data\processed\bfw\asian\n003824\0148_01.jpg,data\processed\bfw\asian\n003824\0335_01.jpg,n003824,n003824,asian,asian,females,females,,,1,0.27645707,23.402456,0.7235429
data\processed\bfw\asian\n000137\0248_01.jpg,data\processed\bfw\asian\n003489\0051_03.jpg,n000137,n003489,asian,asian,females,males,,,0,-0.036885947,29.597395,1.036886
data\processed\bfw\asian\n005177\0032_01.jpg,data\processed\bfw\asian\n005177\0321_01.jpg,n005177,n005177,asian,asian,males,males,,,1,0.59694546,18.049278,0.40305454
data\processed\bfw\asian\n007378\0112_03.jpg,data\processed\bfw\asian\n007378\0474_01.jpg,n007378,n007378,asian,asian,females,females,,,1,0.380094,21.114737,0.619906
data\processed\bfw\asian\n007270\0155_01.jpg,data\processed\bfw\asian\n004786\0135_01.jpg,n007270,n004786,asian,asian,females,females,,,0,-0.07401982,27.262205,1.0740198
data\processed\bfw\asian\n003491\0019_01.jpg,data\processed\bfw\asian\n003491\0104_03.jpg,n003491,n003491,asian,asian,males,males,,,1,0.5258366,23.872114,0.4741634
data\processed\bfw\asian\n004221\0075_01.jpg,data\processed\bfw\asian\n004221\0158_03.jpg,n004221,n004221,asian,asian,males,males,,,1,0.67779523,17.61724,0.32220477
data\processed\bfw\asian\n000837\0046_02.jpg,data\processed\bfw\asian\n000837\0075_01.jpg,n000837,n000837,asian,asian,females,females,,,1,0.5150512,20.245367,0.4849488
data\processed\bfw\asian\n007664\0153_01.jpg,data\processed\bfw\asian\n007664\0367_01.jpg,n007664,n007664,asian,asian,females,females,,,1,0.07495527,25.915163,0.9250447
data\processed\bfw\asian\n004466\0321_01.jpg,data\processed\bfw\asian\n004469\0168_01.jpg,n004466,n004469,asian,asian,males,males,,,0,0.053734392,30.637945,0.9462656
data\processed\bfw\asian\n008148\0013_01.jpg,data\processed\bfw\asian\n008148\0108_01.jpg,n008148,n008148,asian,asian,females,females,,,1,0.36773878,21.029835,0.6322612
data\processed\bfw\asian\n003357\0033_01.jpg,data\processed\bfw\asian\n003357\0493_01.jpg,n003357,n003357,asian,asian,females,females,,,1,0.5189423,18.300167,0.4810577
data\processed\bfw\asian\n002406\0173_01.jpg,data\processed\bfw\asian\n009294\0104_01.jpg,n002406,n009294,asian,asian,males,females,,,0,-0.019835865,26.650364,1.0198358
data\processed\bfw\asian\n000148\0013_01.jpg,data\processed\bfw\asian\n000148\0152_01.jpg,n000148,n000148,asian,asian,females,females,,,1,0.233362,22.701374,0.766638
data\processed\bfw\asian\n004680\0178_01.jpg,data\processed\bfw\asian\n004680\0241_01.jpg,n004680,n004680,asian,asian,females,females,,,1,0.44610474,19.213987,0.55389524
data\processed\bfw\asian\n004469\0169_01.jpg,data\processed\bfw\asian\n002320\0272_03.jpg,n004469,n002320,asian,asian,males,males,,,0,-0.108961925,32.12773,1.1089619
data\processed\bfw\asian\n005216\0043_01.jpg,data\processed\bfw\asian\n005216\0220_01.jpg,n005216,n005216,asian,asian,females,females,,,1,0.116607234,23.814358,0.88339275
data\processed\bfw\asian\n004930\0082_01.jpg,data\processed\bfw\asian\n009125\0051_02.jpg,n004930,n009125,asian,asian,females,females,,,0,0.10361077,28.50071,0.89638925
data\processed\bfw\asian\n000161\0162_01.jpg,data\processed\bfw\asian\n005474\0005_01.jpg,n000161,n005474,asian,asian,males,females,,,0,-0.10839324,31.14841,1.1083932
data\processed\bfw\asian\n004948\0016_01.jpg,data\processed\bfw\asian\n004948\0341_01.jpg,n004948,n004948,asian,asian,males,males,,,1,0.2105123,23.977629,0.7894877
data\processed\bfw\asian\n004800\0289_02.jpg,data\processed\bfw\asian\n004800\0866_03.jpg,n004800,n004800,asian,asian,males,males,,,1,0.31980687,22.729065,0.6801931
data\processed\bfw\asian\n003491\0070_06.jpg,data\processed\bfw\asian\n008148\0389_02.jpg,n003491,n008148,asian,asian,males,females,,,0,-0.035030175,27.227705,1.0350301
data\processed\bfw\asian\n005072\0015_01.jpg,data\processed\bfw\asian\n005072\0350_01.jpg,n005072,n005072,asian,asian,males,males,,,1,0.41826552,24.786018,0.5817345
data\processed\bfw\asian\n009275\0397_03.jpg,data\processed\bfw\asian\n006418\0165_02.jpg,n009275,n006418,asian,asian,females,females,,,0,0.096396476,28.08082,0.90360355
data\processed\bfw\asian\n000839\0120_01.jpg,data\processed\bfw\asian\n003481\0245_01.jpg,n000839,n003481,asian,asian,females,females,,,0,-0.03708821,28.540627,1.0370882
data\processed\bfw\asian\n000137\0138_01.jpg,data\processed\bfw\asian\n000137\0187_01.jpg,n000137,n000137,asian,asian,females,females,,,1,0.18003722,25.169487,0.8199628
data\processed\bfw\asian\n006358\0083_03.jpg,data\processed\bfw\asian\n006418\0075_02.jpg,n006358,n006418,asian,asian,females,females,,,0,-0.032048035,26.19957,1.032048
data\processed\bfw\asian\n007372\0039_01.jpg,data\processed\bfw\asian\n000839\0049_01.jpg,n007372,n000839,asian,asian,females,females,,,0,0.22934586,25.161478,0.77065414
data\processed\bfw\asian\n003355\0024_07.jpg,data\processed\bfw\asian\n006223\0148_01.jpg,n003355,n006223,asian,asian,males,females,,,0,0.05806602,27.007088,0.941934
data\processed\bfw\asian\n006619\0034_01.jpg,data\processed\bfw\asian\n005071\0115_02.jpg,n006619,n005071,asian,asian,females,males,,,0,0.12483093,24.727047,0.87516904
data\processed\bfw\asian\n007378\0175_01.jpg,data\processed\bfw\asian\n003463\0097_02.jpg,n007378,n003463,asian,asian,females,males,,,0,-0.06763542,28.875122,1.0676354
data\processed\bfw\asian\n009042\0072_01.jpg,data\processed\bfw\asian\n009042\0122_03.jpg,n009042,n009042,asian,asian,females,females,,,1,0.5594674,20.732965,0.44053262
data\processed\bfw\asian\n002644\0226_01.jpg,data\processed\bfw\asian\n005072\0068_02.jpg,n002644,n005072,asian,asian,males,males,,,0,0.0063662096,30.232265,0.9936338
data\processed\bfw\asian\n007378\0049_01.jpg,data\processed\bfw\asian\n005072\0181_01.jpg,n007378,n005072,asian,asian,females,males,,,0,-0.08653668,28.545588,1.0865366
data\processed\bfw\asian\n004786\0128_03.jpg,data\processed\bfw\asian\n004786\0203_01.jpg,n004786,n004786,asian,asian,females,females,,,1,0.4234484,21.323507,0.57655156
data\processed\bfw\asian\n000135\0013_02.jpg,data\processed\bfw\asian\n005085\0658_01.jpg,n000135,n005085,asian,asian,females,females,,,0,-0.024116067,30.771046,1.024116
data\processed\bfw\asian\n004948\0091_01.jpg,data\processed\bfw\asian\n004948\0318_02.jpg,n004948,n004948,asian,asian,males,males,,,1,0.20110168,24.540539,0.79889834
data\processed\bfw\asian\n006634\0101_01.jpg,data\processed\bfw\asian\n006634\0135_01.jpg,n006634,n006634,asian,asian,females,females,,,1,0.6360151,16.855768,0.36398488
data\processed\bfw\asian\n003027\0397_01.jpg,data\processed\bfw\asian\n004809\0013_04.jpg,n003027,n004809,asian,asian,males,males,,,0,0.02747804,27.949776,0.97252196
data\processed\bfw\asian\n001682\0052_01.jpg,data\processed\bfw\asian\n001682\0085_01.jpg,n001682,n001682,asian,asian,males,males,,,1,0.7181971,16.664251,0.2818029
data\processed\bfw\asian\n003449\0118_08.jpg,data\processed\bfw\asian\n003449\0189_01.jpg,n003449,n003449,asian,asian,females,females,,,1,-0.0061221565,28.28913,1.0061221
data\processed\bfw\asian\n000009\0063_01.jpg,data\processed\bfw\asian\n000009\0122_02.jpg,n000009,n000009,asian,asian,females,females,,,1,0.11338668,24.21203,0.8866133
data\processed\bfw\asian\n005077\0020_01.jpg,data\processed\bfw\asian\n005077\0077_01.jpg,n005077,n005077,asian,asian,females,females,,,1,0.41322365,21.098286,0.5867764
data\processed\bfw\asian\n000854\0193_01.jpg,data\processed\bfw\asian\n000854\0291_01.jpg,n000854,n000854,asian,asian,females,females,,,1,0.2321137,23.005241,0.7678863
data\processed\bfw\asian\n004466\0238_01.jpg,data\processed\bfw\asian\n001496\0218_01.jpg,n004466,n001496,asian,asian,males,males,,,0,-0.02260089,27.571577,1.0226009
data\processed\bfw\asian\n004466\0061_01.jpg,data\processed\bfw\asian\n004466\0091_01.jpg,n004466,n004466,asian,asian,males,males,,,1,0.50120056,20.176758,0.49879944
data\processed\bfw\asian\n004109\0100_01.jpg,data\processed\bfw\asian\n005072\0640_01.jpg,n004109,n005072,asian,asian,males,males,,,0,0.031953722,27.621595,0.9680463
data\processed\bfw\asian\n006634\0166_01.jpg,data\processed\bfw\asian\n004680\0178_01.jpg,n006634,n004680,asian,asian,females,females,,,0,-0.0033313725,29.341173,1.0033314
data\processed\bfw\asian\n002320\0013_05.jpg,data\processed\bfw\asian\n002320\0208_01.jpg,n002320,n002320,asian,asian,males,males,,,1,0.25978407,20.365269,0.7402159
data\processed\bfw\asian\n003489\0079_01.jpg,data\processed\bfw\asian\n003533\0573_01.jpg,n003489,n003533,asian,asian,males,males,,,0,-0.06453131,34.549442,1.0645313
data\processed\bfw\asian\n003354\0177_01.jpg,data\processed\bfw\asian\n000138\0164_01.jpg,n003354,n000138,asian,asian,females,females,,,0,0.0331388,26.493917,0.9668612
data\processed\bfw\asian\n006203\0009_04.jpg,data\processed\bfw\asian\n004870\0098_01.jpg,n006203,n004870,asian,asian,females,females,,,0,0.0020805416,26.085056,0.99791944
data\processed\bfw\asian\n006774\0075_01.jpg,data\processed\bfw\asian\n006774\0282_01.jpg,n006774,n006774,asian,asian,females,females,,,1,-0.13413692,28.56404,1.1341369
data\processed\bfw\asian\n000873\0031_01.jpg,data\processed\bfw\asian\n000873\0061_01.jpg,n000873,n000873,asian,asian,males,males,,,1,0.44219166,20.163494,0.55780834
data\processed\bfw\asian\n008934\0276_01.jpg,data\processed\bfw\asian\n008934\0353_01.jpg,n008934,n008934,asian,asian,females,females,,,1,0.30674237,23.01225,0.69325763
data\processed\bfw\asian\n009278\0087_02.jpg,data\processed\bfw\asian\n004787\0679_05.jpg,n009278,n004787,asian,asian,females,females,,,0,0.061215613,26.119125,0.93878436
data\processed\bfw\asian\n008401\0097_02.jpg,data\processed\bfw\asian\n008401\0469_01.jpg,n008401,n008401,asian,asian,females,females,,,1,0.29788876,23.63003,0.70211124
data\processed\bfw\asian\n003153\0069_02.jpg,data\processed\bfw\asian\n002775\0086_03.jpg,n003153,n002775,asian,asian,females,males,,,0,0.021227654,30.84937,0.97877234
data\processed\bfw\asian\n009276\0025_04.jpg,data\processed\bfw\asian\n004864\0057_01.jpg,n009276,n004864,asian,asian,females,females,,,0,0.23357111,24.222275,0.7664289
data\processed\bfw\asian\n009277\0063_02.jpg,data\processed\bfw\asian\n001496\0137_01.jpg,n009277,n001496,asian,asian,females,males,,,0,-0.03772816,29.26567,1.0377282
data\processed\bfw\asian\n005063\0068_01.jpg,data\processed\bfw\asian\n005474\0210_02.jpg,n005063,n005474,asian,asian,females,females,,,0,-0.004987497,28.193262,1.0049875
data\processed\bfw\asian\n005063\0144_01.jpg,data\processed\bfw\asian\n004686\0157_01.jpg,n005063,n004686,asian,asian,females,males,,,0,0.067755304,29.61627,0.9322447
data\processed\bfw\asian\n004549\0202_01.jpg,data\processed\bfw\asian\n004870\0033_01.jpg,n004549,n004870,asian,asian,females,females,,,0,0.085569516,25.248726,0.9144305
data\processed\bfw\asian\n003167\0274_01.jpg,data\processed\bfw\asian\n003167\0533_01.jpg,n003167,n003167,asian,asian,males,males,,,1,0.38700438,22.220219,0.6129956
data\processed\bfw\asian\n009287\0278_01.jpg,data\processed\bfw\asian\n003153\0250_01.jpg,n009287,n003153,asian,asian,females,females,,,0,0.070903644,28.695873,0.92909634
data\processed\bfw\asian\n007378\0474_01.jpg,data\processed\bfw\asian\n004687\0226_01.jpg,n007378,n004687,asian,asian,females,females,,,0,-0.060807977,25.811594,1.060808
data\processed\bfw\asian\n000161\0136_01.jpg,data\processed\bfw\asian\n000161\0141_02.jpg,n000161,n000161,asian,asian,males,males,,,1,0.23595248,25.565483,0.7640475
data\processed\bfw\asian\n007380\0168_01.jpg,data\processed\bfw\asian\n004870\0161_02.jpg,n007380,n004870,asian,asian,females,females,,,0,0.081501454,23.615509,0.9184985
data\processed\bfw\asian\n003155\0004_01.jpg,data\processed\bfw\asian\n003155\1014_01.jpg,n003155,n003155,asian,asian,males,males,,,1,0.10456438,33.089676,0.89543563
data\processed\bfw\asian\n006418\0090_09.jpg,data\processed\bfw\asian\n006418\0165_02.jpg,n006418,n006418,asian,asian,females,females,,,1,0.24765868,24.064987,0.75234133
data\processed\bfw\asian\n004786\0101_01.jpg,data\processed\bfw\asian\n004786\0746_01.jpg,n004786,n004786,asian,asian,females,females,,,1,0.18538362,26.194012,0.8146164
data\processed\bfw\asian\n007378\0168_01.jpg,data\processed\bfw\asian\n004860\0040_01.jpg,n007378,n004860,asian,asian,females,females,,,0,-0.058627907,26.959913,1.058628
data\processed\bfw\asian\n007664\0106_01.jpg,data\processed\bfw\asian\n001562\0111_01.jpg,n007664,n001562,asian,asian,females,males,,,0,0.055672873,27.958372,0.9443271
data\processed\bfw\asian\n003635\0047_02.jpg,data\processed\bfw\asian\n000436\0156_02.jpg,n003635,n000436,asian,asian,males,males,,,0,0.034510214,30.39412,0.9654898
data\processed\bfw\asian\n005216\0017_01.jpg,data\processed\bfw\asian\n005216\0091_01.jpg,n005216,n005216,asian,asian,females,females,,,1,0.4441057,22.090641,0.55589426
data\processed\bfw\asian\n000839\0049_01.jpg,data\processed\bfw\asian\n000839\0162_01.jpg,n000839,n000839,asian,asian,females,females,,,1,0.4190656,21.600403,0.5809344
data\processed\bfw\asian\n004809\0221_01.jpg,data\processed\bfw\asian\n000854\0060_01.jpg,n004809,n000854,asian,asian,males,females,,,0,-0.018268934,27.689621,1.018269
data\processed\bfw\asian\n001682\0031_01.jpg,data\processed\bfw\asian\n001682\0448_01.jpg,n001682,n001682,asian,asian,males,males,,,1,0.16597724,28.69868,0.83402276
data\processed\bfw\asian\n007738\0114_01.jpg,data\processed\bfw\asian\n007738\0172_01.jpg,n007738,n007738,asian,asian,females,females,,,1,0.4491154,20.096043,0.5508846
data\processed\bfw\asian\n004686\0023_01.jpg,data\processed\bfw\asian\n009041\0046_02.jpg,n004686,n009041,asian,asian,males,females,,,0,0.11417658,31.539593,0.8858234
data\processed\bfw\asian\n000160\0347_01.jpg,data\processed\bfw\asian\n005063\0044_03.jpg,n000160,n005063,asian,asian,females,females,,,0,-0.095631234,29.809937,1.0956312
data\processed\bfw\asian\n004870\0050_02.jpg,data\processed\bfw\asian\n004870\0178_06.jpg,n004870,n004870,asian,asian,females,females,,,1,0.42055893,23.617579,0.5794411
data\processed\bfw\asian\n002406\0148_01.jpg,data\processed\bfw\asian\n003355\0053_01.jpg,n002406,n003355,asian,asian,males,males,,,0,-0.00017697395,25.543097,1.000177
data\processed\bfw\asian\n008383\0062_06.jpg,data\processed\bfw\asian\n008383\0104_02.jpg,n008383,n008383,asian,asian,females,females,,,1,0.5397753,19.57404,0.4602247
data\processed\bfw\asian\n001864\0003_01.jpg,data\processed\bfw\asian\n009042\0034_01.jpg,n001864,n009042,asian,asian,males,females,,,0,0.11134153,28.158463,0.88865846
data\processed\bfw\asian\n001572\0115_01.jpg,data\processed\bfw\asian\n001572\0238_01.jpg,n001572,n001572,asian,asian,females,females,,,1,0.36655286,20.529512,0.6334472
data\processed\bfw\asian\n004786\0241_02.jpg,data\processed\bfw\asian\n005177\0093_01.jpg,n004786,n005177,asian,asian,females,males,,,0,0.0033219235,28.725037,0.99667805
data\processed\bfw\asian\n000148\0152_01.jpg,data\processed\bfw\asian\n000148\0353_01.jpg,n000148,n000148,asian,asian,females,females,,,1,0.47277012,20.645348,0.5272299
data\processed\bfw\asian\n003635\0099_01.jpg,data\processed\bfw\asian\n005069\0068_01.jpg,n003635,n005069,asian,asian,males,females,,,0,0.0060386737,28.561918,0.99396133
data\processed\bfw\asian\n003153\0246_01.jpg,data\processed\bfw\asian\n003153\0645_01.jpg,n003153,n003153,asian,asian,females,females,,,1,0.47259033,17.779047,0.5274097
data\processed\bfw\asian\n009277\0150_01.jpg,data\processed\bfw\asian\n007378\0168_01.jpg,n009277,n007378,asian,asian,females,females,,,0,-0.10895625,27.022951,1.1089562
data\processed\bfw\asian\n000135\0035_01.jpg,data\processed\bfw\asian\n000135\0272_01.jpg,n000135,n000135,asian,asian,females,females,,,1,0.030350361,25.505465,0.9696496
data\processed\bfw\asian\n007270\0370_01.jpg,data\processed\bfw\asian\n005474\0118_02.jpg,n007270,n005474,asian,asian,females,females,,,0,-0.005350572,26.451954,1.0053506
data\processed\bfw\asian\n002725\0007_03.jpg,data\processed\bfw\asian\n003355\0203_01.jpg,n002725,n003355,asian,asian,females,males,,,0,-0.0026042853,30.007328,1.0026042
data\processed\bfw\asian\n004549\0213_01.jpg,data\processed\bfw\asian\n004549\0368_01.jpg,n004549,n004549,asian,asian,females,females,,,1,0.4343574,20.051805,0.5656426
data\processed\bfw\asian\n007372\0086_01.jpg,data\processed\bfw\asian\n007372\0112_05.jpg,n007372,n007372,asian,asian,females,females,,,1,0.3244714,20.373556,0.6755286
data\processed\bfw\asian\n003635\0021_01.jpg,data\processed\bfw\asian\n003635\0109_04.jpg,n003635,n003635,asian,asian,males,males,,,1,0.5108087,21.4772,0.4891913
data\processed\bfw\asian\n005474\0062_01.jpg,data\processed\bfw\asian\n005474\0726_02.jpg,n005474,n005474,asian,asian,females,females,,,1,0.5960173,17.813608,0.4039827
data\processed\bfw\asian\n004549\0018_01.jpg,data\processed\bfw\asian\n004549\0168_05.jpg,n004549,n004549,asian,asian,females,females,,,1,0.15507044,25.066837,0.8449296
data\processed\bfw\asian\n003354\0011_01.jpg,data\processed\bfw\asian\n003824\0014_01.jpg,n003354,n003824,asian,asian,females,females,,,0,-0.030383758,27.566025,1.0303837
data\processed\bfw\asian\n004472\0007_01.jpg,data\processed\bfw\asian\n004472\0391_02.jpg,n004472,n004472,asian,asian,females,females,,,1,0.3604601,19.99966,0.6395399
data\processed\bfw\asian\n002644\0123_02.jpg,data\processed\bfw\asian\n009279\0254_03.jpg,n002644,n009279,asian,asian,males,females,,,0,-0.08160592,28.881523,1.0816059
data\processed\bfw\asian\n003491\0114_03.jpg,data\processed\bfw\asian\n004108\0383_01.jpg,n003491,n004108,asian,asian,males,males,,,0,-0.019624442,30.910547,1.0196245
data\processed\bfw\asian\n002509\0046_01.jpg,data\processed\bfw\asian\n002509\0432_01.jpg,n002509,n002509,asian,asian,females,females,,,1,0.56654274,18.552242,0.43345726
data\processed\bfw\asian\n006634\0135_01.jpg,data\processed\bfw\asian\n006634\0726_04.jpg,n006634,n006634,asian,asian,females,females,,,1,-0.0016078497,24.967056,1.0016079
data\processed\bfw\asian\n000009\0010_01.jpg,data\processed\bfw\asian\n000009\0205_01.jpg,n000009,n000009,asian,asian,females,females,,,1,-0.024256596,28.158546,1.0242566
data\processed\bfw\asian\n006619\0572_01.jpg,data\processed\bfw\asian\n000840\0214_01.jpg,n006619,n000840,asian,asian,females,females,,,0,0.047537856,24.195599,0.95246214
data\processed\bfw\asian\n004721\0017_01.jpg,data\processed\bfw\asian\n004721\0283_01.jpg,n004721,n004721,asian,asian,males,males,,,1,0.13717501,26.368181,0.862825
data\processed\bfw\asian\n003467\0130_03.jpg,data\processed\bfw\asian\n003467\0405_01.jpg,n003467,n003467,asian,asian,females,females,,,1,0.2197074,22.28579,0.78029263
data\processed\bfw\asian\n000872\0085_01.jpg,data\processed\bfw\asian\n000872\0098_01.jpg,n000872,n000872,asian,asian,males,males,,,1,0.4989828,24.02649,0.5010172
data\processed\bfw\asian\n003449\0073_01.jpg,data\processed\bfw\asian\n004800\0866_03.jpg,n003449,n004800,asian,asian,females,males,,,0,-0.034214493,30.941648,1.0342145
data\processed\bfw\asian\n004860\0018_02.jpg,data\processed\bfw\asian\n004860\0097_01.jpg,n004860,n004860,asian,asian,females,females,,,1,0.3656485,21.81476,0.6343515
data\processed\bfw\asian\n005069\0110_02.jpg,data\processed\bfw\asian\n005069\0578_01.jpg,n005069,n005069,asian,asian,females,females,,,1,0.072907545,29.263771,0.92709243
data\processed\bfw\asian\n004109\0554_02.jpg,data\processed\bfw\asian\n004469\0108_02.jpg,n004109,n004469,asian,asian,males,males,,,0,-0.002363758,31.20805,1.0023638
data\processed\bfw\asian\n005078\0091_03.jpg,data\processed\bfw\asian\n000132\0238_02__face_0.jpg,n005078,n000132,asian,asian,males,males,,,0,0.06833005,28.545382,0.93166995
data\processed\bfw\asian\n008934\0111_01.jpg,data\processed\bfw\asian\n007089\0133_01.jpg,n008934,n007089,asian,asian,females,females,,,0,0.082525164,30.690685,0.91747487
data\processed\bfw\asian\n007664\0029_01.jpg,data\processed\bfw\asian\n007664\0817_01.jpg,n007664,n007664,asian,asian,females,females,,,1,0.22527009,22.354998,0.7747299
data\processed\bfw\asian\n009137\0047_02.jpg,data\processed\bfw\asian\n009137\0226_02.jpg,n009137,n009137,asian,asian,females,females,,,1,0.25833592,24.86178,0.74166405
data\processed\bfw\asian\n000872\0114_01.jpg,data\processed\bfw\asian\n000872\0200_01.jpg,n000872,n000872,asian,asian,males,males,,,1,0.46845818,22.77083,0.5315418
data\processed\bfw\asian\n004109\0525_02.jpg,data\processed\bfw\asian\n005078\0581_01.jpg,n004109,n005078,asian,asian,males,males,,,0,0.07698115,30.06221,0.9230189
data\processed\bfw\asian\n007372\0177_01.jpg,data\processed\bfw\asian\n004725\0041_01.jpg,n007372,n004725,asian,asian,females,males,,,0,0.108157426,30.171926,0.8918426
data\processed\bfw\asian\n003354\0047_01.jpg,data\processed\bfw\asian\n003354\0346_02.jpg,n003354,n003354,asian,asian,females,females,,,1,0.07056177,24.417738,0.92943823
data\processed\bfw\asian\n003167\0183_01.jpg,data\processed\bfw\asian\n003155\0989_02.jpg,n003167,n003155,asian,asian,males,males,,,0,-0.0043749455,30.31136,1.004375
data\processed\bfw\asian\n005077\0005_01.jpg,data\processed\bfw\asian\n006223\0260_01.jpg,n005077,n006223,asian,asian,females,females,,,0,0.2538357,22.41108,0.7461643
data\processed\bfw\asian\n004805\0164_01.jpg,data\processed\bfw\asian\n004877\0145_01.jpg,n004805,n004877,asian,asian,males,females,,,0,0.09619569,23.2552,0.9038043
data\processed\bfw\asian\n004805\0441_05.jpg,data\processed\bfw\asian\n004805\0655_01.jpg,n004805,n004805,asian,asian,males,males,,,1,0.2208472,25.704699,0.7791528
data\processed\bfw\asian\n008148\0246_01.jpg,data\processed\bfw\asian\n008148\0251_01.jpg,n008148,n008148,asian,asian,females,females,,,1,0.14885701,22.070414,0.851143
data\processed\bfw\asian\n000161\0020_01.jpg,data\processed\bfw\asian\n007816\0281_01.jpg,n000161,n007816,asian,asian,males,females,,,0,-0.05760208,30.138582,1.057602
data\processed\bfw\asian\n004877\0317_02.jpg,data\processed\bfw\asian\n004794\0603_01.jpg,n004877,n004794,asian,asian,females,males,,,0,0.028579803,27.232227,0.97142017
data\processed\bfw\asian\n002775\0028_01.jpg,data\processed\bfw\asian\n004930\0389_01.jpg,n002775,n004930,asian,asian,males,females,,,0,0.06940514,28.85265,0.93059486
data\processed\bfw\asian\n000138\0347_01.jpg,data\processed\bfw\asian\n003162\0282_01.jpg,n000138,n003162,asian,asian,females,males,,,0,-0.09292738,30.022335,1.0929273
data\processed\bfw\asian\n004472\0205_01.jpg,data\processed\bfw\asian\n005085\0322_01.jpg,n004472,n005085,asian,asian,females,females,,,0,0.23913409,22.79013,0.7608659
data\processed\bfw\asian\n000137\0248_01.jpg,data\processed\bfw\asian\n003489\0102_01.jpg,n000137,n003489,asian,asian,females,males,,,0,0.000564986,27.60212,0.999435
data\processed\bfw\asian\n006358\0054_02.jpg,data\processed\bfw\asian\n006358\0094_01.jpg,n006358,n006358,asian,asian,females,females,,,1,0.45580694,23.542274,0.544193
data\processed\bfw\asian\n004109\0204_01.jpg,data\processed\bfw\asian\n004109\0563_01.jpg,n004109,n004109,asian,asian,males,males,,,1,0.4863108,20.43164,0.51368916
data\processed\bfw\asian\n004549\0039_01.jpg,data\processed\bfw\asian\n003358\0316_01.jpg,n004549,n003358,asian,asian,females,females,,,0,0.19919284,22.534023,0.8008072
data\processed\bfw\asian\n000158\0404_01.jpg,data\processed\bfw\asian\n004870\0144_01.jpg,n000158,n004870,asian,asian,males,females,,,0,-0.015090277,30.18409,1.0150902
data\processed\bfw\asian\n003491\0131_03.jpg,data\processed\bfw\asian\n000138\0087_03.jpg,n003491,n000138,asian,asian,males,females,,,0,-0.04442058,27.232225,1.0444206
data\processed\bfw\asian\n006203\0160_01.jpg,data\processed\bfw\asian\n006203\0654_01.jpg,n006203,n006203,asian,asian,females,females,,,1,0.62599325,14.907666,0.37400675
data\processed\bfw\asian\n009103\0067_02.jpg,data\processed\bfw\asian\n009103\0220_01.jpg,n009103,n009103,asian,asian,females,females,,,1,0.5969782,19.022234,0.4030218
data\processed\bfw\asian\n004686\0072_01.jpg,data\processed\bfw\asian\n005078\0298_01.jpg,n004686,n005078,asian,asian,males,males,,,0,-0.11100857,30.393818,1.1110085
data\processed\bfw\asian\n000139\0016_01.jpg,data\processed\bfw\asian\n000139\0498_01.jpg,n000139,n000139,asian,asian,females,females,,,1,0.43911687,23.019623,0.56088316
data\processed\bfw\asian\n005078\0638_01.jpg,data\processed\bfw\asian\n005078\0679_01.jpg,n005078,n005078,asian,asian,males,males,,,1,0.40330818,23.120975,0.59669185
data\processed\bfw\asian\n003481\0245_01.jpg,data\processed\bfw\asian\n003481\0794_01.jpg,n003481,n003481,asian,asian,females,females,,,1,0.2411206,24.796638,0.7588794
data\processed\bfw\asian\n009042\0047_02.jpg,data\processed\bfw\asian\n009042\0250_01.jpg,n009042,n009042,asian,asian,females,females,,,1,0.61125994,20.782936,0.38874006
data\processed\bfw\asian\n000138\0347_01.jpg,data\processed\bfw\asian\n008148\0040_01.jpg,n000138,n008148,asian,asian,females,females,,,0,0.08730229,27.157368,0.91269773
data\processed\bfw\asian\n001682\0096_01.jpg,data\processed\bfw\asian\n001682\0177_01.jpg,n001682,n001682,asian,asian,males,males,,,1,0.16980167,30.22287,0.83019835
data\processed\bfw\asian\n001572\0238_01.jpg,data\processed\bfw\asian\n001572\0329_01.jpg,n001572,n001572,asian,asian,females,females,,,1,0.07680352,26.814398,0.9231965
data\processed\bfw\asian\n000009\0013_01.jpg,data\processed\bfw\asian\n000009\0354_03.jpg,n000009,n000009,asian,asian,females,females,,,1,0.14875108,26.834806,0.8512489
data\processed\bfw\asian\n009275\0158_05.jpg,data\processed\bfw\asian\n009275\0161_01.jpg,n009275,n009275,asian,asian,females,females,,,1,0.40983614,20.133497,0.5901638
data\processed\bfw\asian\n009278\0031_02.jpg,data\processed\bfw\asian\n009278\0093_01.jpg,n009278,n009278,asian,asian,females,females,,,1,0.018067889,28.339766,0.9819321
data\processed\bfw\asian\n007372\0295_01.jpg,data\processed\bfw\asian\n004864\0056_01.jpg,n007372,n004864,asian,asian,females,females,,,0,0.31875965,21.53668,0.6812403
data\processed\bfw\asian\n004864\0029_01.jpg,data\processed\bfw\asian\n004864\0148_01.jpg,n004864,n004864,asian,asian,females,females,,,1,0.59068835,18.990744,0.40931165
data\processed\bfw\asian\n004930\0282_01.jpg,data\processed\bfw\asian\n002509\0007_01.jpg,n004930,n002509,asian,asian,females,females,,,0,0.1731558,28.056007,0.8268442
data\processed\bfw\asian\n000148\0136_01.jpg,data\processed\bfw\asian\n000148\0329_01.jpg,n000148,n000148,asian,asian,females,females,,,1,0.43927875,15.899596,0.5607213
data\processed\bfw\asian\n009177\0005_01.jpg,data\processed\bfw\asian\n009177\0626_01.jpg,n009177,n009177,asian,asian,females,females,,,1,0.32739684,22.113579,0.67260313
data\processed\bfw\asian\n000837\0193_01.jpg,data\processed\bfw\asian\n000837\0199_01.jpg,n000837,n000837,asian,asian,females,females,,,1,0.4350231,22.269749,0.56497693
data\processed\bfw\asian\n005083\0190_01.jpg,data\processed\bfw\asian\n005083\0267_01.jpg,n005083,n005083,asian,asian,females,females,,,1,0.14066596,23.37568,0.85933405
data\processed\bfw\asian\n003489\0046_02.jpg,data\processed\bfw\asian\n003489\0061_01.jpg,n003489,n003489,asian,asian,males,males,,,1,0.56505215,21.433945,0.43494785
data\processed\bfw\asian\n004687\0151_01.jpg,data\processed\bfw\asian\n000132\0234_01__face_0.jpg,n004687,n000132,asian,asian,females,males,,,0,0.1183273,24.66635,0.8816727
data\processed\bfw\asian\n000160\0111_01.jpg,data\processed\bfw\asian\n000160\0285_03.jpg,n000160,n000160,asian,asian,females,females,,,1,-0.02343553,24.70222,1.0234355
data\processed\bfw\asian\n004721\0096_01.jpg,data\processed\bfw\asian\n004721\0476_01.jpg,n004721,n004721,asian,asian,males,males,,,1,0.31341836,19.21185,0.6865816
data\processed\bfw\asian\n002552\0074_01.jpg,data\processed\bfw\asian\n006159\0076_04.jpg,n002552,n006159,asian,asian,males,females,,,0,-0.02775561,30.08853,1.0277556
data\processed\bfw\asian\n000137\0012_01.jpg,data\processed\bfw\asian\n009287\0100_01.jpg,n000137,n009287,asian,asian,females,females,,,0,-0.006021844,29.918356,1.0060219
data\processed\bfw\asian\n004935\0038_01.jpg,data\processed\bfw\asian\n003463\0223_02.jpg,n004935,n003463,asian,asian,males,males,,,0,-0.034567215,29.72929,1.0345672
data\processed\bfw\asian\n005072\0184_03.jpg,data\processed\bfw\asian\n005072\0254_01.jpg,n005072,n005072,asian,asian,males,males,,,1,0.4676664,20.771278,0.5323336
data\processed\bfw\asian\n001976\0237_01.jpg,data\processed\bfw\asian\n001496\0642_01.jpg,n001976,n001496,asian,asian,males,males,,,0,-0.06458017,28.044737,1.0645802
data\processed\bfw\asian\n004786\0021_01.jpg,data\processed\bfw\asian\n000436\0466_01.jpg,n004786,n000436,asian,asian,females,males,,,0,-0.07618499,27.090588,1.076185
data\processed\bfw\asian\n004809\0149_01.jpg,data\processed\bfw\asian\n004809\0345_01.jpg,n004809,n004809,asian,asian,males,males,,,1,0.14998773,26.372013,0.8500123
data\processed\bfw\asian\n000143\0226_04.jpg,data\processed\bfw\asian\n000143\0734_02.jpg,n000143,n000143,asian,asian,females,females,,,1,0.24286662,22.793892,0.75713336
data\processed\bfw\asian\n000839\0407_01.jpg,data\processed\bfw\asian\n009137\0211_02.jpg,n000839,n009137,asian,asian,females,females,,,0,0.056680154,26.086882,0.94331986
data\processed\bfw\asian\n002509\0007_01.jpg,data\processed\bfw\asian\n004794\0612_01.jpg,n002509,n004794,asian,asian,females,males,,,0,-0.054420225,30.611855,1.0544202
data\processed\bfw\asian\n008401\0278_01.jpg,data\processed\bfw\asian\n008401\0560_01.jpg,n008401,n008401,asian,asian,females,females,,,1,0.3787475,22.454597,0.62125254
data\processed\bfw\asian\n009137\0492_01.jpg,data\processed\bfw\asian\n003223\0059_03.jpg,n009137,n003223,asian,asian,females,males,,,0,0.045970064,23.693855,0.9540299
data\processed\bfw\asian\n008978\0035_01.jpg,data\processed\bfw\asian\n008978\0097_02.jpg,n008978,n008978,asian,asian,females,females,,,1,0.3450914,23.031807,0.6549086
data\processed\bfw\asian\n005077\0082_01.jpg,data\processed\bfw\asian\n005077\0129_01.jpg,n005077,n005077,asian,asian,females,females,,,1,0.52246785,18.662495,0.47753215
data\processed\bfw\asian\n004785\0621_02.jpg,data\processed\bfw\asian\n009294\0066_01.jpg,n004785,n009294,asian,asian,females,females,,,0,0.15860409,28.18216,0.8413959
data\processed\bfw\asian\n009103\0132_02.jpg,data\processed\bfw\asian\n003358\0139_01.jpg,n009103,n003358,asian,asian,females,females,,,0,0.092518665,25.664957,0.9074813
data\processed\bfw\asian\n000135\0045_01.jpg,data\processed\bfw\asian\n000135\0467_01.jpg,n000135,n000135,asian,asian,females,females,,,1,0.44755423,20.088776,0.55244577
data\processed\bfw\asian\n003482\0040_01.jpg,data\processed\bfw\asian\n003482\0090_02.jpg,n003482,n003482,asian,asian,males,males,,,1,0.5581311,23.013205,0.4418689
data\processed\bfw\asian\n000138\0067_01.jpg,data\processed\bfw\asian\n000138\0347_01.jpg,n000138,n000138,asian,asian,females,females,,,1,0.41678366,21.770075,0.5832163
data\processed\bfw\asian\n000135\0081_01.jpg,data\processed\bfw\asian\n000135\0228_01.jpg,n000135,n000135,asian,asian,females,females,,,1,0.08237073,27.52374,0.91762924
data\processed\bfw\asian\n003449\0083_01.jpg,data\processed\bfw\asian\n004930\0144_02.jpg,n003449,n004930,asian,asian,females,females,,,0,0.040629752,28.910563,0.95937026
data\processed\bfw\asian\n003167\0571_01.jpg,data\processed\bfw\asian\n009276\0172_02.jpg,n003167,n009276,asian,asian,males,females,,,0,-0.1664128,31.534822,1.1664128
data\processed\bfw\asian\n004472\0205_01.jpg,data\processed\bfw\asian\n004472\0206_01.jpg,n004472,n004472,asian,asian,females,females,,,1,0.339323,20.662664,0.66067696
data\processed\bfw\asian\n003482\0231_01.jpg,data\processed\bfw\asian\n000161\0020_01.jpg,n003482,n000161,asian,asian,males,males,,,0,0.019587103,31.222446,0.9804129
data\processed\bfw\asian\n004681\0340_01.jpg,data\processed\bfw\asian\n004681\0592_01.jpg,n004681,n004681,asian,asian,males,males,,,1,0.026655752,23.011648,0.97334427
data\processed\bfw\asian\n003167\0141_01.jpg,data\processed\bfw\asian\n003167\0254_03.jpg,n003167,n003167,asian,asian,males,males,,,1,0.51581955,23.753084,0.48418045
data\processed\bfw\asian\n007380\0088_01.jpg,data\processed\bfw\asian\n000158\0667_01.jpg,n007380,n000158,asian,asian,females,males,,,0,0.02467526,26.268764,0.97532475
data\processed\bfw\asian\n006418\0165_02.jpg,data\processed\bfw\asian\n005083\0358_01.jpg,n006418,n005083,asian,asian,females,females,,,0,-0.063300416,29.047169,1.0633004
data\processed\bfw\asian\n004469\0019_02.jpg,data\processed\bfw\asian\n005216\0058_01.jpg,n004469,n005216,asian,asian,males,females,,,0,0.029490653,27.086735,0.97050935
data\processed\bfw\asian\n003533\0055_03.jpg,data\processed\bfw\asian\n003533\0573_01.jpg,n003533,n003533,asian,asian,males,males,,,1,0.6891823,16.85806,0.31081772
data\processed\bfw\asian\n009277\0051_01.jpg,data\processed\bfw\asian\n009175\0043_01.jpg,n009277,n009175,asian,asian,females,females,,,0,-0.14170016,30.607016,1.1417001
data\processed\bfw\asian\n003155\0185_01.jpg,data\processed\bfw\asian\n003155\0989_02.jpg,n003155,n003155,asian,asian,males,males,,,1,0.43541193,24.950993,0.56458807
data\processed\bfw\asian\n009277\0201_01.jpg,data\processed\bfw\asian\n009277\0358_01.jpg,n009277,n009277,asian,asian,females,females,,,1,-0.008192358,23.328506,1.0081923
data\processed\bfw\asian\n004467\0004_01.jpg,data\processed\bfw\asian\n004467\0656_01.jpg,n004467,n004467,asian,asian,males,males,,,1,0.49961263,21.253246,0.5003874
data\processed\bfw\asian\n006736\0169_01.jpg,data\processed\bfw\asian\n007814\0016_01.jpg,n006736,n007814,asian,asian,females,females,,,0,0.19639993,26.614004,0.8036001
data\processed\bfw\asian\n004870\0098_01.jpg,data\processed\bfw\asian\n000160\0308_01.jpg,n004870,n000160,asian,asian,females,females,,,0,-0.08789307,28.400248,1.087893
data\processed\bfw\asian\n004687\0058_01.jpg,data\processed\bfw\asian\n001976\0441_01.jpg,n004687,n001976,asian,asian,females,males,,,0,-0.0037222407,27.04089,1.0037222
data\processed\bfw\asian\n007089\0229_01.jpg,data\processed\bfw\asian\n009287\0221_03.jpg,n007089,n009287,asian,asian,females,females,,,0,0.013965661,32.374084,0.98603433
data\processed\bfw\asian\n004681\0101_01.jpg,data\processed\bfw\asian\n004681\0131_04.jpg,n004681,n004681,asian,asian,males,males,,,1,0.45605174,20.91668,0.5439483
data\processed\bfw\asian\n009276\0102_01.jpg,data\processed\bfw\asian\n000837\0233_03.jpg,n009276,n000837,asian,asian,females,females,,,0,0.03916845,24.21193,0.9608315
data\processed\bfw\asian\n005083\0046_01.jpg,data\processed\bfw\asian\n003027\0459_01.jpg,n005083,n003027,asian,asian,females,males,,,0,0.04423458,32.164158,0.9557654
data\processed\bfw\asian\n006125\0058_01.jpg,data\processed\bfw\asian\n007899\0017_01.jpg,n006125,n007899,asian,asian,females,females,,,0,0.077954695,28.313536,0.9220453
data\processed\bfw\asian\n003463\0023_01.jpg,data\processed\bfw\asian\n003463\0052_01.jpg,n003463,n003463,asian,asian,males,males,,,1,0.4678901,20.882532,0.53210986
data\processed\bfw\asian\n008163\0609_02.jpg,data\processed\bfw\asian\n006148\0609_01.jpg,n008163,n006148,asian,asian,females,females,,,0,-0.1315511,25.108404,1.1315511
data\processed\bfw\asian\n003489\0031_01.jpg,data\processed\bfw\asian\n003489\0137_01.jpg,n003489,n003489,asian,asian,males,males,,,1,0.5250199,20.84347,0.47498012
data\processed\bfw\asian\n003506\0115_01.jpg,data\processed\bfw\asian\n003506\0136_02.jpg,n003506,n003506,asian,asian,females,females,,,1,0.40091628,23.216087,0.5990837
data\processed\bfw\asian\n004109\0172_01.jpg,data\processed\bfw\asian\n004681\0558_01.jpg,n004109,n004681,asian,asian,males,males,,,0,0.11001031,26.563747,0.8899897
data\processed\bfw\asian\n000139\0280_01.jpg,data\processed\bfw\asian\n005072\0181_01.jpg,n000139,n005072,asian,asian,females,males,,,0,0.074961014,27.40794,0.925039
data\processed\bfw\asian\n000158\0224_01.jpg,data\processed\bfw\asian\n000158\0404_01.jpg,n000158,n000158,asian,asian,males,males,,,1,0.58673924,19.146175,0.41326076
data\processed\bfw\asian\n009294\0036_01.jpg,data\processed\bfw\asian\n002552\0532_01.jpg,n009294,n002552,asian,asian,females,males,,,0,-0.042452294,24.911257,1.0424523
data\processed\bfw\asian\n006634\0033_01.jpg,data\processed\bfw\asian\n006634\0101_01.jpg,n006634,n006634,asian,asian,females,females,,,1,0.610171,19.579311,0.38982898
data\processed\bfw\asian\n003162\0118_01.jpg,data\processed\bfw\asian\n006774\0492_02.jpg,n003162,n006774,asian,asian,males,females,,,0,-0.0748146,28.544415,1.0748146
data\processed\bfw\asian\n007816\0543_01.jpg,data\processed\bfw\asian\n004687\0319_02.jpg,n007816,n004687,asian,asian,females,females,,,0,0.037371628,24.503374,0.96262836
data\processed\bfw\asian\n009137\0218_08.jpg,data\processed\bfw\asian\n009137\0221_05.jpg,n009137,n009137,asian,asian,females,females,,,1,0.1922939,22.663052,0.8077061
data\processed\bfw\asian\n004785\0381_02.jpg,data\processed\bfw\asian\n008934\0426_01.jpg,n004785,n008934,asian,asian,females,females,,,0,0.059263065,28.028225,0.94073695
data\processed\bfw\asian\n004785\0076_07.jpg,data\processed\bfw\asian\n003533\0573_01.jpg,n004785,n003533,asian,asian,females,males,,,0,0.02934146,27.918867,0.97065854
data\processed\bfw\asian\n004469\0038_01.jpg,data\processed\bfw\asian\n004108\0104_01.jpg,n004469,n004108,asian,asian,males,males,,,0,0.021258274,25.873663,0.9787417
data\processed\bfw\asian\n003355\0145_04.jpg,data\processed\bfw\asian\n003355\0620_01.jpg,n003355,n003355,asian,asian,males,males,,,1,0.15151253,26.011421,0.8484875
data\processed\bfw\asian\n001976\0041_01.jpg,data\processed\bfw\asian\n005072\0159_01.jpg,n001976,n005072,asian,asian,males,males,,,0,-0.0042943787,28.351294,1.0042944
data\processed\bfw\asian\n004466\0052_01.jpg,data\processed\bfw\asian\n004935\0238_01.jpg,n004466,n004935,asian,asian,males,males,,,0,0.28312284,22.563757,0.71687716
data\processed\bfw\asian\n003824\0097_01.jpg,data\processed\bfw\asian\n003824\0122_01.jpg,n003824,n003824,asian,asian,females,females,,,1,0.46326688,17.318472,0.53673315
data\processed\bfw\asian\n004948\0667_01.jpg,data\processed\bfw\asian\n000132\0299_02__face_0.jpg,n004948,n000132,asian,asian,males,males,,,0,-0.028114242,31.671701,1.0281142
data\processed\bfw\asian\n002320\0013_05.jpg,data\processed\bfw\asian\n002320\0170_01.jpg,n002320,n002320,asian,asian,males,males,,,1,0.3816492,21.06686,0.6183508
data\processed\bfw\asian\n000139\0099_01.jpg,data\processed\bfw\asian\n000139\0233_01.jpg,n000139,n000139,asian,asian,females,females,,,1,0.5601588,19.826944,0.4398412
data\processed\bfw\asian\n002406\0534_02.jpg,data\processed\bfw\asian\n000148\0136_01.jpg,n002406,n000148,asian,asian,males,females,,,0,-0.10414487,26.206951,1.1041448
data\processed\bfw\asian\n009287\0029_01.jpg,data\processed\bfw\asian\n009287\0250_04.jpg,n009287,n009287,asian,asian,females,females,,,1,0.13532451,29.814354,0.8646755
data\processed\bfw\asian\n005474\0298_05.jpg,data\processed\bfw\asian\n004466\0075_01.jpg,n005474,n004466,asian,asian,females,males,,,0,0.050375264,24.74504,0.9496247
data\processed\bfw\asian\n003357\0533_01.jpg,data\processed\bfw\asian\n004864\0607_01.jpg,n003357,n004864,asian,asian,females,females,,,0,0.0047137947,28.502523,0.9952862
data\processed\bfw\asian\n008148\0025_01.jpg,data\processed\bfw\asian\n008148\0246_01.jpg,n008148,n008148,asian,asian,females,females,,,1,0.29797557,21.966887,0.70202446
data\processed\bfw\asian\n006634\0090_01.jpg,data\processed\bfw\asian\n006634\0166_01.jpg,n006634,n006634,asian,asian,females,females,,,1,0.46277466,20.53349,0.53722537
data\processed\bfw\asian\n001682\0074_01.jpg,data\processed\bfw\asian\n001682\0177_01.jpg,n001682,n001682,asian,asian,males,males,,,1,0.14121895,30.230597,0.85878104
data\processed\bfw\asian\n004686\0282_01.jpg,data\processed\bfw\asian\n004686\0302_01.jpg,n004686,n004686,asian,asian,males,males,,,1,0.4240155,24.380987,0.5759845
data\processed\bfw\asian\n000854\0060_01.jpg,data\processed\bfw\asian\n000854\0522_01.jpg,n000854,n000854,asian,asian,females,females,,,1,0.32989898,20.87468,0.67010105
data\processed\bfw\asian\n009041\0025_01.jpg,data\processed\bfw\asian\n002509\0413_01.jpg,n009041,n002509,asian,asian,females,females,,,0,-0.09391567,30.823532,1.0939157
data\processed\bfw\asian\n003482\0044_02.jpg,data\processed\bfw\asian\n003482\0178_02.jpg,n003482,n003482,asian,asian,males,males,,,1,0.6335253,18.99695,0.3664747
data\processed\bfw\asian\n009279\0164_04.jpg,data\processed\bfw\asian\n002509\0023_01.jpg,n009279,n002509,asian,asian,females,females,,,0,-0.08576227,32.02888,1.0857623
data\processed\bfw\asian\n000840\0012_01.jpg,data\processed\bfw\asian\n000840\0060_01.jpg,n000840,n000840,asian,asian,females,females,,,1,0.43172938,20.414024,0.5682706
data\processed\bfw\asian\n005071\0113_02.jpg,data\processed\bfw\asian\n005071\0254_01.jpg,n005071,n005071,asian,asian,males,males,,,1,0.50892997,19.842546,0.49107003
data\processed\bfw\asian\n005077\0006_01.jpg,data\processed\bfw\asian\n005077\0099_01.jpg,n005077,n005077,asian,asian,females,females,,,1,0.4340554,19.09217,0.5659446
data\processed\bfw\asian\n004864\0171_01.jpg,data\processed\bfw\asian\n000139\0304_02.jpg,n004864,n000139,asian,asian,females,females,,,0,0.031005472,26.514385,0.9689945
data\processed\bfw\asian\n003288\0022_01.jpg,data\processed\bfw\asian\n003288\0300_01.jpg,n003288,n003288,asian,asian,females,females,,,1,0.49307054,18.717575,0.50692946
data\processed\bfw\asian\n003481\0202_01.jpg,data\processed\bfw\asian\n000838\0093_01.jpg,n003481,n000838,asian,asian,females,females,,,0,-0.020295413,31.705488,1.0202954
data\processed\bfw\asian\n004935\0124_01.jpg,data\processed\bfw\asian\n004935\0287_01.jpg,n004935,n004935,asian,asian,males,males,,,1,0.6846233,18.00459,0.3153767
data\processed\bfw\asian\n007385\0065_01.jpg,data\processed\bfw\asian\n007270\0289_01.jpg,n007385,n007270,asian,asian,females,females,,,0,0.08388938,25.192266,0.91611063
data\processed\bfw\asian\n003449\0027_01.jpg,data\processed\bfw\asian\n004549\0073_01.jpg,n003449,n004549,asian,asian,females,females,,,0,0.11254357,23.48561,0.8874564
data\processed\bfw\asian\n000839\0081_01.jpg,data\processed\bfw\asian\n000839\0407_01.jpg,n000839,n000839,asian,asian,females,females,,,1,0.19934854,24.856403,0.80065143
data\processed\bfw\asian\n006344\0025_02.jpg,data\processed\bfw\asian\n006344\0322_01.jpg,n006344,n006344,asian,asian,females,females,,,1,0.31672543,22.156301,0.68327457
data\processed\bfw\asian\n001572\0295_01.jpg,data\processed\bfw\asian\n001572\0326_01.jpg,n001572,n001572,asian,asian,females,females,,,1,0.44968617,21.442217,0.55031383
data\processed\bfw\asian\n006224\0053_01.jpg,data\processed\bfw\asian\n006224\0347_01.jpg,n006224,n006224,asian,asian,females,females,,,1,0.44745395,20.286415,0.552546
data\processed\bfw\asian\n009175\0019_01.jpg,data\processed\bfw\asian\n009175\0072_01.jpg,n009175,n009175,asian,asian,females,females,,,1,0.5623447,19.466612,0.43765533
data\processed\bfw\asian\n004870\0069_01.jpg,data\processed\bfw\asian\n004870\0070_02.jpg,n004870,n004870,asian,asian,females,females,,,1,0.36169365,24.510382,0.6383064
data\processed\bfw\asian\n000839\0197_01.jpg,data\processed\bfw\asian\n004787\0278_01.jpg,n000839,n004787,asian,asian,females,females,,,0,-0.035032634,24.423717,1.0350326
data\processed\bfw\asian\n006203\0148_03.jpg,data\processed\bfw\asian\n006203\0398_01.jpg,n006203,n006203,asian,asian,females,females,,,1,0.21965146,21.791697,0.78034854
data\processed\bfw\asian\n007372\0198_01.jpg,data\processed\bfw\asian\n004791\0591_01.jpg,n007372,n004791,asian,asian,females,males,,,0,0.0645124,25.945356,0.9354876
data\processed\bfw\asian\n004681\0019_01.jpg,data\processed\bfw\asian\n004681\0204_02.jpg,n004681,n004681,asian,asian,males,males,,,1,0.49181587,20.692835,0.50818413
data\processed\bfw\asian\n004805\0127_01.jpg,data\processed\bfw\asian\n004805\0240_01.jpg,n004805,n004805,asian,asian,males,males,,,1,0.18035974,20.261873,0.8196403
data\processed\bfw\asian\n005063\0439_01.jpg,data\processed\bfw\asian\n009277\0013_02.jpg,n005063,n009277,asian,asian,females,females,,,0,0.26107898,24.047241,0.73892105
data\processed\bfw\asian\n003635\0085_01.jpg,data\processed\bfw\asian\n003635\0177_02.jpg,n003635,n003635,asian,asian,males,males,,,1,0.47410876,20.430376,0.52589124
data\processed\bfw\asian\n001562\0070_01.jpg,data\processed\bfw\asian\n005085\0240_01.jpg,n001562,n005085,asian,asian,males,females,,,0,-0.056385983,24.917711,1.056386
data\processed\bfw\asian\n006736\0108_01.jpg,data\processed\bfw\asian\n006736\0438_01.jpg,n006736,n006736,asian,asian,females,females,,,1,0.17626467,23.301104,0.82373536
data\processed\bfw\asian\n003465\0161_02.jpg,data\processed\bfw\asian\n006634\0313_02.jpg,n003465,n006634,asian,asian,males,females,,,0,0.07597978,29.822071,0.92402023
data\processed\bfw\asian\n009277\0018_01.jpg,data\processed\bfw\asian\n003506\0367_01.jpg,n009277,n003506,asian,asian,females,females,,,0,0.072538294,23.627228,0.9274617
data\processed\bfw\asian\n009277\0113_01.jpg,data\processed\bfw\asian\n009277\0285_01.jpg,n009277,n009277,asian,asian,females,females,,,1,0.30508566,23.487665,0.69491434
data\processed\bfw\asian\n003465\0413_01.jpg,data\processed\bfw\asian\n003465\0461_03.jpg,n003465,n003465,asian,asian,males,males,,,1,0.4987245,21.123173,0.50127554
data\processed\bfw\asian\n000873\0042_01.jpg,data\processed\bfw\asian\n000873\0496_01.jpg,n000873,n000873,asian,asian,males,males,,,1,0.49710196,19.516598,0.50289804
data\processed\bfw\asian\n009042\0133_01.jpg,data\processed\bfw\asian\n006223\0531_01.jpg,n009042,n006223,asian,asian,females,females,,,0,0.03776764,25.003368,0.96223235
data\processed\bfw\asian\n006126\0004_01.jpg,data\processed\bfw\asian\n006126\0039_01.jpg,n006126,n006126,asian,asian,females,females,,,1,0.31353974,20.17419,0.68646026
data\processed\bfw\asian\n003465\0195_01.jpg,data\processed\bfw\asian\n003357\0422_01.jpg,n003465,n003357,asian,asian,males,females,,,0,0.10231815,29.102896,0.89768183
data\processed\bfw\asian\n004687\0191_01.jpg,data\processed\bfw\asian\n004687\0243_01.jpg,n004687,n004687,asian,asian,females,females,,,1,0.25818458,22.429827,0.74181545
data\processed\bfw\asian\n006148\0014_03.jpg,data\processed\bfw\asian\n006148\0189_01.jpg,n006148,n006148,asian,asian,females,females,,,1,0.41084775,23.844881,0.5891522
data\processed\bfw\asian\n005063\0414_06.jpg,data\processed\bfw\asian\n004877\0122_01.jpg,n005063,n004877,asian,asian,females,females,,,0,-0.056226633,32.499302,1.0562266
data\processed\bfw\asian\n005116\0172_01.jpg,data\processed\bfw\asian\n005116\0332_01.jpg,n005116,n005116,asian,asian,males,males,,,1,0.36583763,21.414234,0.63416237
data\processed\bfw\asian\n006223\0055_01.jpg,data\processed\bfw\asian\n006223\0160_01.jpg,n006223,n006223,asian,asian,females,females,,,1,0.5993315,16.647972,0.4006685
data\processed\bfw\asian\n000148\0136_01.jpg,data\processed\bfw\asian\n000148\0269_01.jpg,n000148,n000148,asian,asian,females,females,,,1,0.4558348,19.313671,0.5441652
data\processed\bfw\asian\n004805\0127_01.jpg,data\processed\bfw\asian\n004805\0566_01.jpg,n004805,n004805,asian,asian,males,males,,,1,0.27879545,19.93645,0.7212045
data\processed\bfw\asian\n007738\0306_02.jpg,data\processed\bfw\asian\n002644\0303_01.jpg,n007738,n002644,asian,asian,females,males,,,0,0.11850518,26.812834,0.8814948
data\processed\bfw\asian\n007089\0015_01.jpg,data\processed\bfw\asian\n005077\0082_01.jpg,n007089,n005077,asian,asian,females,females,,,0,-0.087315015,29.337109,1.087315
data\processed\bfw\asian\n004467\0293_01.jpg,data\processed\bfw\asian\n003449\0418_01.jpg,n004467,n003449,asian,asian,males,females,,,0,0.19741093,24.83539,0.80258906
data\processed\bfw\asian\n000143\0014_01.jpg,data\processed\bfw\asian\n000143\0171_01.jpg,n000143,n000143,asian,asian,females,females,,,1,0.535223,16.5051,0.464777
data\processed\bfw\asian\n006223\0209_02.jpg,data\processed\bfw\asian\n006223\0260_01.jpg,n006223,n006223,asian,asian,females,females,,,1,0.3717782,21.708073,0.6282218
data\processed\bfw\asian\n007372\0247_01.jpg,data\processed\bfw\asian\n003489\0102_01.jpg,n007372,n003489,asian,asian,females,males,,,0,0.087000884,26.841537,0.9129991
data\processed\bfw\asian\n006736\0283_01.jpg,data\processed\bfw\asian\n006736\0349_01.jpg,n006736,n006736,asian,asian,females,females,,,1,0.48190087,19.683681,0.5180991
data\processed\bfw\asian\n001864\0169_01.jpg,data\processed\bfw\asian\n005216\0058_01.jpg,n001864,n005216,asian,asian,males,females,,,0,-0.09235775,23.652279,1.0923578
data\processed\bfw\asian\n004725\0118_02.jpg,data\processed\bfw\asian\n004725\0170_01.jpg,n004725,n004725,asian,asian,males,males,,,1,0.46524692,23.260874,0.5347531
data\processed\bfw\asian\n004935\0138_01.jpg,data\processed\bfw\asian\n004935\0327_01.jpg,n004935,n004935,asian,asian,males,males,,,1,0.48454452,20.930828,0.5154555
data\processed\bfw\asian\n000872\0188_01.jpg,data\processed\bfw\asian\n000872\0211_01.jpg,n000872,n000872,asian,asian,males,males,,,1,0.38207504,26.681458,0.6179249
data\processed\bfw\asian\n004109\0273_01.jpg,data\processed\bfw\asian\n005378\0255_01.jpg,n004109,n005378,asian,asian,males,females,,,0,-0.17018086,29.41983,1.1701808
data\processed\bfw\asian\n001682\0048_01.jpg,data\processed\bfw\asian\n000873\0176_01.jpg,n001682,n000873,asian,asian,males,males,,,0,-0.03633347,30.708542,1.0363334
data\processed\bfw\asian\n004109\0015_01.jpg,data\processed\bfw\asian\n004109\0185_01.jpg,n004109,n004109,asian,asian,males,males,,,1,0.71503067,15.648738,0.28496933
data\processed\bfw\asian\n003481\0015_01.jpg,data\processed\bfw\asian\n004794\0015_01.jpg,n003481,n004794,asian,asian,females,males,,,0,-0.05001513,26.93255,1.0500151
data\processed\bfw\asian\n009288\0068_01.jpg,data\processed\bfw\asian\n009288\0175_01.jpg,n009288,n009288,asian,asian,females,females,,,1,0.14383747,28.311047,0.85616255
data\processed\bfw\asian\n007270\0066_01.jpg,data\processed\bfw\asian\n007270\0471_01.jpg,n007270,n007270,asian,asian,females,females,,,1,0.5406083,19.355543,0.4593917
data\processed\bfw\asian\n006224\0158_01.jpg,data\processed\bfw\asian\n006224\0230_01.jpg,n006224,n006224,asian,asian,females,females,,,1,0.48140946,17.553473,0.51859057
data\processed\bfw\asian\n001496\0009_01.jpg,data\processed\bfw\asian\n001496\0302_01.jpg,n001496,n001496,asian,asian,males,males,,,1,0.6007032,18.681604,0.39929682
data\processed\bfw\asian\n006148\0254_01.jpg,data\processed\bfw\asian\n006148\0400_01.jpg,n006148,n006148,asian,asian,females,females,,,1,0.0036722866,31.948198,0.9963277
data\processed\bfw\asian\n000138\0087_03.jpg,data\processed\bfw\asian\n000138\0259_01.jpg,n000138,n000138,asian,asian,females,females,,,1,0.4904858,17.985586,0.5095142
data\processed\bfw\asian\n006358\0041_01.jpg,data\processed\bfw\asian\n005474\0162_02.jpg,n006358,n005474,asian,asian,females,females,,,0,0.31125292,24.531233,0.68874705
data\processed\bfw\asian\n000838\0144_06.jpg,data\processed\bfw\asian\n004809\0635_01.jpg,n000838,n004809,asian,asian,females,males,,,0,-0.00966183,27.191507,1.0096618
data\processed\bfw\asian\n006358\0125_01.jpg,data\processed\bfw\asian\n009278\0061_02.jpg,n006358,n009278,asian,asian,females,females,,,0,0.046581287,28.052868,0.95341873
data\processed\bfw\asian\n001976\0372_01.jpg,data\processed\bfw\asian\n007738\0094_01.jpg,n001976,n007738,asian,asian,males,females,,,0,0.017921302,23.990036,0.9820787
data\processed\bfw\asian\n000161\0119_02.jpg,data\processed\bfw\asian\n000161\0477_01.jpg,n000161,n000161,asian,asian,males,males,,,1,0.06243999,25.53633,0.93756
data\processed\bfw\asian\n001572\0127_01.jpg,data\processed\bfw\asian\n009125\0209_01.jpg,n001572,n009125,asian,asian,females,females,,,0,0.12801199,22.57577,0.871988
data\processed\bfw\asian\n003481\0107_01.jpg,data\processed\bfw\asian\n003506\0627_01.jpg,n003481,n003506,asian,asian,females,females,,,0,-0.004298211,27.52679,1.0042982
data\processed\bfw\asian\n005216\0084_01.jpg,data\processed\bfw\asian\n005216\0212_02.jpg,n005216,n005216,asian,asian,females,females,,,1,0.14261147,26.066092,0.8573885
data\processed\bfw\asian\n003533\0067_01.jpg,data\processed\bfw\asian\n009042\0085_01.jpg,n003533,n009042,asian,asian,males,females,,,0,-0.023841431,29.374838,1.0238414
data\processed\bfw\asian\n000840\0036_01.jpg,data\processed\bfw\asian\n000160\0127_01.jpg,n000840,n000160,asian,asian,females,females,,,0,0.19208452,23.960646,0.80791545
data\processed\bfw\asian\n000135\0208_01.jpg,data\processed\bfw\asian\n009279\0227_01.jpg,n000135,n009279,asian,asian,females,females,,,0,0.10516564,26.392609,0.89483434
data\processed\bfw\asian\n003824\0160_01.jpg,data\processed\bfw\asian\n004864\0621_01.jpg,n003824,n004864,asian,asian,females,females,,,0,-0.00024783865,26.42243,1.0002478
data\processed\bfw\asian\n003155\0025_02.jpg,data\processed\bfw\asian\n007385\0072_09.jpg,n003155,n007385,asian,asian,males,females,,,0,0.040527098,28.748499,0.9594729
data\processed\bfw\asian\n003481\0119_02.jpg,data\processed\bfw\asian\n004467\0677_01.jpg,n003481,n004467,asian,asian,females,males,,,0,-0.01621574,27.418228,1.0162157
data\processed\bfw\asian\n009175\0066_01.jpg,data\processed\bfw\asian\n009175\0465_01.jpg,n009175,n009175,asian,asian,females,females,,,1,0.5509007,20.77763,0.4490993
data\processed\bfw\asian\n000838\0037_01.jpg,data\processed\bfw\asian\n000838\0187_02.jpg,n000838,n000838,asian,asian,females,females,,,1,0.3874596,25.686947,0.61254036
data\processed\bfw\asian\n003481\0109_01.jpg,data\processed\bfw\asian\n002406\0328_01.jpg,n003481,n002406,asian,asian,females,males,,,0,-0.007476259,25.45679,1.0074762
data\processed\bfw\asian\n009125\0064_01.jpg,data\processed\bfw\asian\n009125\0186_02.jpg,n009125,n009125,asian,asian,females,females,,,1,0.38147783,21.50058,0.61852217
data\processed\bfw\asian\n009175\0465_01.jpg,data\processed\bfw\asian\n008978\0134_01.jpg,n009175,n008978,asian,asian,females,females,,,0,-0.1866196,32.944485,1.1866196
data\processed\bfw\asian\n004791\0209_01.jpg,data\processed\bfw\asian\n004791\0574_01.jpg,n004791,n004791,asian,asian,males,males,,,1,0.2953069,20.851526,0.7046931
data\processed\bfw\asian\n005474\0062_01.jpg,data\processed\bfw\asian\n006634\0039_01.jpg,n005474,n006634,asian,asian,females,females,,,0,0.1810163,25.979277,0.8189837
data\processed\bfw\asian\n004870\0069_01.jpg,data\processed\bfw\asian\n004870\0288_02.jpg,n004870,n004870,asian,asian,females,females,,,1,0.20311874,25.9744,0.79688126
data\processed\bfw\asian\n003491\0135_01.jpg,data\processed\bfw\asian\n004948\0345_02.jpg,n003491,n004948,asian,asian,males,males,,,0,-0.051346827,30.869404,1.0513468
data\processed\bfw\asian\n000161\0183_01.jpg,data\processed\bfw\asian\n000161\0237_01.jpg,n000161,n000161,asian,asian,males,males,,,1,0.50359166,21.82532,0.49640834
data\processed\bfw\asian\n006633\0063_04.jpg,data\processed\bfw\asian\n006633\0552_01.jpg,n006633,n006633,asian,asian,females,females,,,1,0.14056244,25.710852,0.8594376
data\processed\bfw\asian\n002725\0007_03.jpg,data\processed\bfw\asian\n005077\0129_01.jpg,n002725,n005077,asian,asian,females,females,,,0,0.0027899633,29.329409,0.99721
data\processed\bfw\asian\n007899\0154_01.jpg,data\processed\bfw\asian\n007899\0166_01.jpg,n007899,n007899,asian,asian,females,females,,,1,0.3529232,22.677538,0.6470768
data\processed\bfw\asian\n003027\0459_01.jpg,data\processed\bfw\asian\n004786\0197_02.jpg,n003027,n004786,asian,asian,males,females,,,0,0.068587035,30.246181,0.93141294
data\processed\bfw\asian\n003824\0015_01.jpg,data\processed\bfw\asian\n003824\0160_01.jpg,n003824,n003824,asian,asian,females,females,,,1,0.37669903,21.435318,0.62330097
data\processed\bfw\asian\n002775\0064_01.jpg,data\processed\bfw\asian\n000839\0163_01.jpg,n002775,n000839,asian,asian,males,females,,,0,-0.096773505,30.631294,1.0967735
data\processed\bfw\asian\n002331\0199_01.jpg,data\processed\bfw\asian\n003635\0449_01.jpg,n002331,n003635,asian,asian,males,males,,,0,0.026879258,23.766079,0.97312075
data\processed\bfw\asian\n009277\0020_01.jpg,data\processed\bfw\asian\n009277\0365_01.jpg,n009277,n009277,asian,asian,females,females,,,1,0.32387352,21.996382,0.6761265
data\processed\bfw\asian\n009103\0193_01.jpg,data\processed\bfw\asian\n006149\0117_01.jpg,n009103,n006149,asian,asian,females,females,,,0,-0.05827661,26.794579,1.0582767
data\processed\bfw\asian\n002320\0006_01.jpg,data\processed\bfw\asian\n002320\0272_03.jpg,n002320,n002320,asian,asian,males,males,,,1,0.4162143,22.276365,0.5837857
data\processed\bfw\asian\n003167\0001_02.jpg,data\processed\bfw\asian\n003491\0019_01.jpg,n003167,n003491,asian,asian,males,males,,,0,-0.045522097,32.431324,1.0455221
data\processed\bfw\asian\n006619\0087_01.jpg,data\processed\bfw\asian\n006619\0288_01.jpg,n006619,n006619,asian,asian,females,females,,,1,0.3842591,20.445316,0.6157409
data\processed\bfw\asian\n004108\0341_01.jpg,data\processed\bfw\asian\n003449\0180_01.jpg,n004108,n003449,asian,asian,males,females,,,0,-0.0032915112,26.557486,1.0032915
data\processed\bfw\asian\n005474\0058_03.jpg,data\processed\bfw\asian\n005474\0210_02.jpg,n005474,n005474,asian,asian,females,females,,,1,0.34945983,21.36927,0.6505402
data\processed\bfw\asian\n006203\0090_01.jpg,data\processed\bfw\asian\n004472\0391_02.jpg,n006203,n004472,asian,asian,females,females,,,0,-0.07214897,27.398806,1.0721489
data\processed\bfw\asian\n009279\0031_01.jpg,data\processed\bfw\asian\n009279\0187_01.jpg,n009279,n009279,asian,asian,females,females,,,1,0.4272449,22.155544,0.5727551
data\processed\bfw\asian\n006633\0262_02.jpg,data\processed\bfw\asian\n006633\0356_01.jpg,n006633,n006633,asian,asian,females,females,,,1,0.08993564,27.396828,0.91006434
data\processed\bfw\asian\n004108\0131_01.jpg,data\processed\bfw\asian\n000436\0056_04.jpg,n004108,n000436,asian,asian,males,males,,,0,0.104645126,25.202917,0.89535487
data\processed\bfw\asian\n007664\0065_01.jpg,data\processed\bfw\asian\n007664\0133_01.jpg,n007664,n007664,asian,asian,females,females,,,1,0.2754056,20.307194,0.7245944
data\processed\bfw\asian\n004809\0149_01.jpg,data\processed\bfw\asian\n004221\0450_01.jpg,n004809,n004221,asian,asian,males,males,,,0,0.048988454,29.33688,0.95101154
data\processed\bfw\asian\n008934\0029_02.jpg,data\processed\bfw\asian\n000160\0223_01.jpg,n008934,n000160,asian,asian,females,females,,,0,0.035035424,27.228617,0.96496457
data\processed\bfw\asian\n006358\0055_02.jpg,data\processed\bfw\asian\n006358\0094_01.jpg,n006358,n006358,asian,asian,females,females,,,1,0.44602203,22.414778,0.55397797
data\processed\bfw\asian\n008163\0640_01.jpg,data\processed\bfw\asian\n009275\0039_01.jpg,n008163,n009275,asian,asian,females,females,,,0,0.15324719,28.17154,0.8467528
data\processed\bfw\asian\n004109\0102_01.jpg,data\processed\bfw\asian\n009175\0082_01.jpg,n004109,n009175,asian,asian,males,females,,,0,0.03541201,28.042868,0.964588
data\processed\bfw\asian\n000872\0085_01.jpg,data\processed\bfw\asian\n004472\0172_03.jpg,n000872,n004472,asian,asian,males,females,,,0,-0.044265807,29.124006,1.0442657
data\processed\bfw\asian\n003533\0062_02.jpg,data\processed\bfw\asian\n003533\0128_01.jpg,n003533,n003533,asian,asian,males,males,,,1,0.50006574,21.12272,0.49993426
data\processed\bfw\asian\n002552\0020_01.jpg,data\processed\bfw\asian\n002552\0237_02.jpg,n002552,n002552,asian,asian,males,males,,,1,0.4687534,22.065752,0.5312466
data\processed\bfw\asian\n000158\0040_07.jpg,data\processed\bfw\asian\n000158\0158_01.jpg,n000158,n000158,asian,asian,males,males,,,1,0.560139,20.76373,0.439861
data\processed\bfw\asian\n004467\0047_01.jpg,data\processed\bfw\asian\n000839\0295_01.jpg,n004467,n000839,asian,asian,males,females,,,0,-0.16800687,32.415016,1.1680069
data\processed\bfw\asian\n006619\0098_01.jpg,data\processed\bfw\asian\n003354\0098_01.jpg,n006619,n003354,asian,asian,females,females,,,0,-0.066557795,28.457363,1.0665578
data\processed\bfw\asian\n006159\0113_02.jpg,data\processed\bfw\asian\n006159\0265_01.jpg,n006159,n006159,asian,asian,females,females,,,1,0.16349864,28.620728,0.83650136
data\processed\bfw\asian\n008163\0239_02.jpg,data\processed\bfw\asian\n008163\0609_02.jpg,n008163,n008163,asian,asian,females,females,,,1,0.24536893,23.898783,0.75463104
data\processed\bfw\asian\n004466\0003_01.jpg,data\processed\bfw\asian\n004466\0123_01.jpg,n004466,n004466,asian,asian,males,males,,,1,0.47883543,20.437412,0.52116454
data\processed\bfw\asian\n000148\0025_01.jpg,data\processed\bfw\asian\n009177\0602_01.jpg,n000148,n009177,asian,asian,females,females,,,0,0.12973632,27.459124,0.8702637
data\processed\bfw\asian\n001572\0242_01.jpg,data\processed\bfw\asian\n003824\0111_01.jpg,n001572,n003824,asian,asian,females,females,,,0,-0.15693659,29.140455,1.1569366
data\processed\bfw\asian\n009276\0006_08.jpg,data\processed\bfw\asian\n009276\0374_01.jpg,n009276,n009276,asian,asian,females,females,,,1,0.07488916,26.71201,0.9251108
data\processed\bfw\asian\n004681\0592_01.jpg,data\processed\bfw\asian\n005083\0100_01.jpg,n004681,n005083,asian,asian,males,females,,,0,0.03334234,25.001741,0.96665764
data\processed\bfw\asian\n003288\0572_01.jpg,data\processed\bfw\asian\n006203\0130_01.jpg,n003288,n006203,asian,asian,females,females,,,0,0.09833628,21.971752,0.9016637
data\processed\bfw\asian\n009294\0002_01.jpg,data\processed\bfw\asian\n003162\0188_01.jpg,n009294,n003162,asian,asian,females,males,,,0,0.0072597037,32.178726,0.9927403
data\processed\bfw\asian\n004794\0019_03.jpg,data\processed\bfw\asian\n004794\0367_01.jpg,n004794,n004794,asian,asian,males,males,,,1,0.31725553,24.001022,0.6827445
data\processed\bfw\asian\n004108\0267_02.jpg,data\processed\bfw\asian\n004108\0350_02.jpg,n004108,n004108,asian,asian,males,males,,,1,0.11776909,22.600351,0.8822309
data\processed\bfw\asian\n004805\0025_01.jpg,data\processed\bfw\asian\n005083\0252_01.jpg,n004805,n005083,asian,asian,males,females,,,0,-0.0070754928,26.778652,1.0070755
data\processed\bfw\asian\n000137\0248_01.jpg,data\processed\bfw\asian\n000137\0265_01.jpg,n000137,n000137,asian,asian,females,females,,,1,0.09745756,24.232216,0.9025425
data\processed\bfw\asian\n002725\0267_01.jpg,data\processed\bfw\asian\n002725\0329_03.jpg,n002725,n002725,asian,asian,females,females,,,1,0.36753866,22.061264,0.6324613
data\processed\bfw\asian\n000837\0032_02.jpg,data\processed\bfw\asian\n000837\0193_01.jpg,n000837,n000837,asian,asian,females,females,,,1,0.34231776,25.195333,0.65768224
data\processed\bfw\asian\n007089\0066_01.jpg,data\processed\bfw\asian\n007089\0067_01.jpg,n007089,n007089,asian,asian,females,females,,,1,0.5783485,19.090929,0.42165148
data\processed\bfw\asian\n005085\0018_01.jpg,data\processed\bfw\asian\n005085\0069_01.jpg,n005085,n005085,asian,asian,females,females,,,1,0.67145765,16.31893,0.32854235
data\processed\bfw\asian\n002644\0318_01.jpg,data\processed\bfw\asian\n002644\0497_02.jpg,n002644,n002644,asian,asian,males,males,,,1,0.5156453,17.993727,0.48435467
data\processed\bfw\asian\n000132\0707_01__face_0.jpg,data\processed\bfw\asian\n003155\1014_01.jpg,n000132,n003155,asian,asian,males,males,,,0,0.12461218,28.34203,0.8753878
data\processed\bfw\asian\n001976\0056_01.jpg,data\processed\bfw\asian\n001976\0336_02.jpg,n001976,n001976,asian,asian,males,males,,,1,0.4729525,22.69844,0.5270475
data\processed\bfw\asian\n000158\0367_01.jpg,data\processed\bfw\asian\n003223\0034_05.jpg,n000158,n003223,asian,asian,males,males,,,0,-0.055952895,30.130571,1.0559529
data\processed\bfw\asian\n004786\0101_01.jpg,data\processed\bfw\asian\n004786\0203_01.jpg,n004786,n004786,asian,asian,females,females,,,1,0.32734704,24.008701,0.67265296
data\processed\bfw\asian\n004809\0220_03.jpg,data\processed\bfw\asian\n006634\0078_01.jpg,n004809,n006634,asian,asian,males,females,,,0,0.16220059,26.48111,0.83779943
data\processed\bfw\asian\n005378\0234_02.jpg,data\processed\bfw\asian\n005378\0237_01.jpg,n005378,n005378,asian,asian,females,females,,,1,0.017348655,28.584564,0.98265135
data\processed\bfw\asian\n005069\0135_01.jpg,data\processed\bfw\asian\n004721\0145_01.jpg,n005069,n004721,asian,asian,females,males,,,0,0.16362222,25.571613,0.8363778
data\processed\bfw\asian\n008163\0092_01.jpg,data\processed\bfw\asian\n008163\0389_01.jpg,n008163,n008163,asian,asian,females,females,,,1,0.514856,21.639624,0.48514402
data\processed\bfw\asian\n004805\0385_01.jpg,data\processed\bfw\asian\n004805\0566_01.jpg,n004805,n004805,asian,asian,males,males,,,1,0.28573957,20.634996,0.71426046
data\processed\bfw\asian\n002775\0133_01.jpg,data\processed\bfw\asian\n000137\0187_01.jpg,n002775,n000137,asian,asian,males,females,,,0,0.07570289,30.385565,0.9242971
data\processed\bfw\asian\n004472\0485_01.jpg,data\processed\bfw\asian\n000139\0170_01.jpg,n004472,n000139,asian,asian,females,females,,,0,0.08183895,25.707283,0.91816103
data\processed\bfw\asian\n006148\0102_02.jpg,data\processed\bfw\asian\n006148\0165_01.jpg,n006148,n006148,asian,asian,females,females,,,1,0.42948955,21.061451,0.57051045
data\processed\bfw\asian\n004860\0059_01.jpg,data\processed\bfw\asian\n004721\0017_01.jpg,n004860,n004721,asian,asian,females,males,,,0,-0.028873602,26.629261,1.0288736
data\processed\bfw\asian\n000436\0002_01.jpg,data\processed\bfw\asian\n000436\0560_01.jpg,n000436,n000436,asian,asian,males,males,,,1,0.06415863,29.167437,0.9358414
data\processed\bfw\asian\n004800\0541_01.jpg,data\processed\bfw\asian\n004800\0560_01.jpg,n004800,n004800,asian,asian,males,males,,,1,-0.0070555154,25.88498,1.0070555
data\processed\bfw\asian\n007664\0049_01.jpg,data\processed\bfw\asian\n007664\0130_01.jpg,n007664,n007664,asian,asian,females,females,,,1,0.31995413,19.756681,0.68004584
data\processed\bfw\asian\n004785\0169_01.jpg,data\processed\bfw\asian\n004864\0282_02.jpg,n004785,n004864,asian,asian,females,females,,,0,0.025288705,24.76786,0.9747113
data\processed\bfw\asian\n009042\0394_01.jpg,data\processed\bfw\asian\n009175\0043_01.jpg,n009042,n009175,asian,asian,females,females,,,0,-0.0882914,32.782864,1.0882914
data\processed\bfw\asian\n003223\0033_02.jpg,data\processed\bfw\asian\n005078\0134_01.jpg,n003223,n005078,asian,asian,males,males,,,0,0.025145717,27.52127,0.9748543
data\processed\bfw\asian\n008383\0161_02.jpg,data\processed\bfw\asian\n008383\0550_01.jpg,n008383,n008383,asian,asian,females,females,,,1,0.3580177,24.694998,0.6419823
data\processed\bfw\asian\n003489\0102_01.jpg,data\processed\bfw\asian\n003489\0247_01.jpg,n003489,n003489,asian,asian,males,males,,,1,0.2872221,25.405123,0.7127779
data\processed\bfw\asian\n007089\0055_01.jpg,data\processed\bfw\asian\n007089\0435_01.jpg,n007089,n007089,asian,asian,females,females,,,1,0.4485892,20.609735,0.5514108
data\processed\bfw\asian\n002725\0150_01.jpg,data\processed\bfw\asian\n009288\0270_01.jpg,n002725,n009288,asian,asian,females,females,,,0,-0.0780474,30.424463,1.0780474
data\processed\bfw\asian\n007378\0124_01.jpg,data\processed\bfw\asian\n004809\0659_01.jpg,n007378,n004809,asian,asian,females,males,,,0,0.19755112,23.861498,0.80244887
data\processed\bfw\asian\n003358\0318_01.jpg,data\processed\bfw\asian\n004467\0049_01.jpg,n003358,n004467,asian,asian,females,males,,,0,-0.047014005,27.744019,1.047014
data\processed\bfw\asian\n007270\0064_01.jpg,data\processed\bfw\asian\n007270\0306_03.jpg,n007270,n007270,asian,asian,females,females,,,1,0.58097357,17.474516,0.41902643
data\processed\bfw\asian\n006149\0064_01.jpg,data\processed\bfw\asian\n006149\0075_01.jpg,n006149,n006149,asian,asian,females,females,,,1,0.4237143,20.685982,0.5762857
data\processed\bfw\asian\n000137\0265_01.jpg,data\processed\bfw\asian\n004108\0096_01.jpg,n000137,n004108,asian,asian,females,males,,,0,0.009141718,25.504482,0.99085826
data\processed\bfw\asian\n003506\0177_01.jpg,data\processed\bfw\asian\n003506\0428_02.jpg,n003506,n003506,asian,asian,females,females,,,1,0.28793478,22.18307,0.7120652
data\processed\bfw\asian\n004935\0287_01.jpg,data\processed\bfw\asian\n004935\0501_03.jpg,n004935,n004935,asian,asian,males,males,,,1,-0.0013581769,29.560263,1.0013582
data\processed\bfw\asian\n000872\0098_01.jpg,data\processed\bfw\asian\n006203\0130_01.jpg,n000872,n006203,asian,asian,males,females,,,0,0.07295908,27.524565,0.92704093
data\processed\bfw\asian\n000873\0255_01.jpg,data\processed\bfw\asian\n000873\0542_01.jpg,n000873,n000873,asian,asian,males,males,,,1,0.33705375,20.777317,0.6629462
data\processed\bfw\asian\n000160\0109_01.jpg,data\processed\bfw\asian\n000160\0308_01.jpg,n000160,n000160,asian,asian,females,females,,,1,0.37587368,21.26447,0.6241263
data\processed\bfw\asian\n008163\0032_02.jpg,data\processed\bfw\asian\n008163\0041_01.jpg,n008163,n008163,asian,asian,females,females,,,1,0.3778994,21.266468,0.6221006
data\processed\bfw\asian\n003162\0046_01.jpg,data\processed\bfw\asian\n003162\0278_01.jpg,n003162,n003162,asian,asian,males,males,,,1,0.69693977,18.190817,0.30306023
data\processed\bfw\asian\n000138\0003_01.jpg,data\processed\bfw\asian\n000138\0395_01.jpg,n000138,n000138,asian,asian,females,females,,,1,0.23615007,22.676455,0.7638499
data\processed\bfw\asian\n004469\0170_01.jpg,data\processed\bfw\asian\n004469\0851_02.jpg,n004469,n004469,asian,asian,males,males,,,1,0.46557966,21.879013,0.5344204
data\processed\bfw\asian\n002509\0041_01.jpg,data\processed\bfw\asian\n004860\0171_07.jpg,n002509,n004860,asian,asian,females,females,,,0,-0.08780852,29.627165,1.0878085
data\processed\bfw\asian\n004681\0206_01.jpg,data\processed\bfw\asian\n009042\0394_01.jpg,n004681,n009042,asian,asian,males,females,,,0,-0.07520317,30.505499,1.0752032
data\processed\bfw\asian\n004805\0276_01.jpg,data\processed\bfw\asian\n004805\0341_01.jpg,n004805,n004805,asian,asian,males,males,,,1,0.29030144,24.265724,0.70969856
data\processed\bfw\asian\n001864\0077_01.jpg,data\processed\bfw\asian\n001864\0078_01.jpg,n001864,n001864,asian,asian,males,males,,,1,0.17457096,22.427704,0.825429
data\processed\bfw\asian\n007378\0214_01.jpg,data\processed\bfw\asian\n007378\0248_01.jpg,n007378,n007378,asian,asian,females,females,,,1,0.36959687,21.157457,0.63040316
data\processed\bfw\asian\n006159\0073_01.jpg,data\processed\bfw\asian\n006159\0122_01.jpg,n006159,n006159,asian,asian,females,females,,,1,0.68600446,18.302387,0.31399554
data\processed\bfw\asian\n000138\0078_01.jpg,data\processed\bfw\asian\n009103\0657_02.jpg,n000138,n009103,asian,asian,females,females,,,0,0.080089115,28.611547,0.9199109
data\processed\bfw\asian\n009278\0049_02.jpg,data\processed\bfw\asian\n009278\0072_01.jpg,n009278,n009278,asian,asian,females,females,,,1,0.5101807,18.362703,0.4898193
data\processed\bfw\asian\n000143\0226_04.jpg,data\processed\bfw\asian\n000132\0225_03__face_0.jpg,n000143,n000132,asian,asian,females,males,,,0,0.13756022,23.0151,0.86243975
data\processed\bfw\asian\n007816\0770_01.jpg,data\processed\bfw\asian\n006224\0030_01.jpg,n007816,n006224,asian,asian,females,females,,,0,0.0187652,27.234438,0.9812348
data\processed\bfw\asian\n000436\0161_02.jpg,data\processed\bfw\asian\n000436\0224_01.jpg,n000436,n000436,asian,asian,males,males,,,1,0.1451067,28.48166,0.8548933
data\processed\bfw\asian\n004549\0202_01.jpg,data\processed\bfw\asian\n001496\0076_01.jpg,n004549,n001496,asian,asian,females,males,,,0,-0.02629765,25.399511,1.0262977
data\processed\bfw\asian\n008934\0233_01.jpg,data\processed\bfw\asian\n008934\0353_01.jpg,n008934,n008934,asian,asian,females,females,,,1,0.48313627,20.581713,0.5168637
data\processed\bfw\asian\n003467\0176_02.jpg,data\processed\bfw\asian\n003467\0395_01.jpg,n003467,n003467,asian,asian,females,females,,,1,0.19395012,23.318811,0.8060499
data\processed\bfw\asian\n009287\0054_01.jpg,data\processed\bfw\asian\n009287\0191_01.jpg,n009287,n009287,asian,asian,females,females,,,1,0.44782296,22.064735,0.5521771
data\processed\bfw\asian\n004809\0013_10.jpg,data\processed\bfw\asian\n004809\0619_01.jpg,n004809,n004809,asian,asian,males,males,,,1,0.45028785,18.456844,0.5497122
data\processed\bfw\asian\n003463\0127_01.jpg,data\processed\bfw\asian\n003463\0517_02.jpg,n003463,n003463,asian,asian,males,males,,,1,0.43408328,22.898613,0.5659167
data\processed\bfw\asian\n009148\0051_01.jpg,data\processed\bfw\asian\n009148\0155_01.jpg,n009148,n009148,asian,asian,females,females,,,1,0.3070848,22.799824,0.6929152
data\processed\bfw\asian\n005078\0043_02.jpg,data\processed\bfw\asian\n005474\0039_02.jpg,n005078,n005474,asian,asian,males,females,,,0,-0.06770993,31.47142,1.0677099
data\processed\bfw\asian\n007816\0281_01.jpg,data\processed\bfw\asian\n007816\0543_01.jpg,n007816,n007816,asian,asian,females,females,,,1,0.31326908,20.819117,0.6867309
data\processed\bfw\asian\n006224\0096_01.jpg,data\processed\bfw\asian\n006224\0212_01.jpg,n006224,n006224,asian,asian,females,females,,,1,0.28463617,23.879616,0.71536386
data\processed\bfw\asian\n000132\0053_01__face_0.jpg,data\processed\bfw\asian\n000132\0091_01__face_0.jpg,n000132,n000132,asian,asian,males,males,,,1,0.5439714,18.481007,0.45602858
data\processed\bfw\asian\n002320\0186_02.jpg,data\processed\bfw\asian\n002320\0220_01.jpg,n002320,n002320,asian,asian,males,males,,,1,0.60460144,20.163242,0.39539856
data\processed\bfw\asian\n004687\0191_01.jpg,data\processed\bfw\asian\n004687\0307_01.jpg,n004687,n004687,asian,asian,females,females,,,1,0.30201146,22.58105,0.6979885
data\processed\bfw\asian\n005378\0294_01.jpg,data\processed\bfw\asian\n005378\0354_01.jpg,n005378,n005378,asian,asian,females,females,,,1,0.017032752,24.82928,0.98296726
data\processed\bfw\asian\n003635\0614_01.jpg,data\processed\bfw\asian\n003635\0624_01.jpg,n003635,n003635,asian,asian,males,males,,,1,0.67147326,19.771421,0.32852674
data\processed\bfw\asian\n003506\0041_01.jpg,data\processed\bfw\asian\n003506\0637_01.jpg,n003506,n003506,asian,asian,females,females,,,1,0.36741948,21.469353,0.6325805
data\processed\bfw\asian\n003355\0082_01.jpg,data\processed\bfw\asian\n004800\0419_04.jpg,n003355,n004800,asian,asian,males,males,,,0,0.10113091,30.245583,0.8988691
data\processed\bfw\asian\n004860\0059_01.jpg,data\processed\bfw\asian\n004860\0346_03.jpg,n004860,n004860,asian,asian,females,females,,,1,0.103629604,22.763939,0.8963704
data\processed\bfw\asian\n001682\0085_01.jpg,data\processed\bfw\asian\n004877\0076_01.jpg,n001682,n004877,asian,asian,males,females,,,0,0.05634155,29.246237,0.9436585
data\processed\bfw\asian\n004785\0145_01.jpg,data\processed\bfw\asian\n004785\0357_02.jpg,n004785,n004785,asian,asian,females,females,,,1,0.41683978,20.566769,0.5831602
data\processed\bfw\asian\n003156\0077_01.jpg,data\processed\bfw\asian\n003156\0084_01.jpg,n003156,n003156,asian,asian,males,males,,,1,0.46824318,21.444668,0.5317568
data\processed\bfw\asian\n001976\0336_02.jpg,data\processed\bfw\asian\n000148\0390_01.jpg,n001976,n000148,asian,asian,males,females,,,0,-0.008569971,28.078173,1.00857
data\processed\bfw\asian\n006633\0063_04.jpg,data\processed\bfw\asian\n001682\0052_01.jpg,n006633,n001682,asian,asian,females,males,,,0,-0.030929234,28.443708,1.0309292
data\processed\bfw\asian\n007664\0081_01.jpg,data\processed\bfw\asian\n005063\0414_06.jpg,n007664,n005063,asian,asian,females,females,,,0,0.22884804,26.978397,0.77115196
data\processed\bfw\asian\n007089\0431_01.jpg,data\processed\bfw\asian\n004791\0377_01.jpg,n007089,n004791,asian,asian,females,males,,,0,0.12563685,26.487255,0.8743632
data\processed\bfw\asian\n004930\0065_01.jpg,data\processed\bfw\asian\n008934\0119_01.jpg,n004930,n008934,asian,asian,females,females,,,0,0.029611439,28.40674,0.97038853
data\processed\bfw\asian\n001572\0025_01.jpg,data\processed\bfw\asian\n004800\0289_02.jpg,n001572,n004800,asian,asian,females,males,,,0,-0.05489494,25.787838,1.0548949
data\processed\bfw\asian\n006149\0117_01.jpg,data\processed\bfw\asian\n006149\0349_01.jpg,n006149,n006149,asian,asian,females,females,,,1,0.346575,20.530254,0.653425
data\processed\bfw\asian\n006126\0097_01.jpg,data\processed\bfw\asian\n004936\0124_01.jpg,n006126,n004936,asian,asian,females,females,,,0,0.03374697,29.966099,0.96625304
data\processed\bfw\asian\n005446\0490_02.jpg,data\processed\bfw\asian\n001864\0283_01.jpg,n005446,n001864,asian,asian,females,males,,,0,-0.07954722,29.661453,1.0795472
data\processed\bfw\asian\n003355\0082_01.jpg,data\processed\bfw\asian\n003355\0620_01.jpg,n003355,n003355,asian,asian,males,males,,,1,0.6081894,18.705093,0.3918106
data\processed\bfw\asian\n000135\0112_01.jpg,data\processed\bfw\asian\n005077\0002_01.jpg,n000135,n005077,asian,asian,females,females,,,0,-0.113950945,27.162714,1.113951
data\processed\bfw\asian\n007814\0287_01.jpg,data\processed\bfw\asian\n000148\0153_01.jpg,n007814,n000148,asian,asian,females,females,,,0,0.026161712,29.090647,0.97383827
data\processed\bfw\asian\n002320\0006_01.jpg,data\processed\bfw\asian\n002320\0170_01.jpg,n002320,n002320,asian,asian,males,males,,,1,0.37209556,23.019974,0.6279044
data\processed\bfw\asian\n003355\0089_01.jpg,data\processed\bfw\asian\n004686\0077_01.jpg,n003355,n004686,asian,asian,males,males,,,0,0.041970816,27.677853,0.9580292
data\processed\bfw\asian\n001562\0110_02.jpg,data\processed\bfw\asian\n000854\0245_01.jpg,n001562,n000854,asian,asian,males,females,,,0,-0.0070236316,27.032455,1.0070236
data\processed\bfw\asian\n004877\0200_02.jpg,data\processed\bfw\asian\n002644\0257_01.jpg,n004877,n002644,asian,asian,females,males,,,0,-0.16618809,28.360325,1.1661881
data\processed\bfw\asian\n008934\0164_01.jpg,data\processed\bfw\asian\n008934\0645_01.jpg,n008934,n008934,asian,asian,females,females,,,1,0.22416124,24.442225,0.77583873
data\processed\bfw\asian\n004687\0010_04.jpg,data\processed\bfw\asian\n009279\0193_01.jpg,n004687,n009279,asian,asian,females,females,,,0,0.09824932,24.058292,0.9017507
data\processed\bfw\asian\n006736\0099_01.jpg,data\processed\bfw\asian\n006736\0101_01.jpg,n006736,n006736,asian,asian,females,females,,,1,0.27005675,24.130358,0.7299433
data\processed\bfw\asian\n004936\0138_02.jpg,data\processed\bfw\asian\n004936\0757_01.jpg,n004936,n004936,asian,asian,females,females,,,1,0.07406935,23.19055,0.9259306
data\processed\bfw\asian\n003223\0327_01.jpg,data\processed\bfw\asian\n002775\0069_01.jpg,n003223,n002775,asian,asian,males,males,,,0,-0.073539145,29.914352,1.0735391
data\processed\bfw\asian\n001496\0128_03.jpg,data\processed\bfw\asian\n001496\0219_01.jpg,n001496,n001496,asian,asian,males,males,,,1,0.3200888,24.934492,0.6799112
data\processed\bfw\asian\n003167\0183_01.jpg,data\processed\bfw\asian\n004108\0391_01.jpg,n003167,n004108,asian,asian,males,males,,,0,0.10988219,26.39519,0.8901178
data\processed\bfw\asian\n003465\0195_01.jpg,data\processed\bfw\asian\n003027\0374_01.jpg,n003465,n003027,asian,asian,males,males,,,0,0.07738764,31.914194,0.92261237
data\processed\bfw\asian\n006148\0189_01.jpg,data\processed\bfw\asian\n006148\0400_01.jpg,n006148,n006148,asian,asian,females,females,,,1,0.023923134,29.339556,0.97607684
data\processed\bfw\asian\n002320\0170_01.jpg,data\processed\bfw\asian\n008401\0160_02.jpg,n002320,n008401,asian,asian,males,females,,,0,0.037144516,30.270067,0.96285546
data\processed\bfw\asian\n004791\0190_01.jpg,data\processed\bfw\asian\n004791\0556_01.jpg,n004791,n004791,asian,asian,males,males,,,1,0.41763893,18.592613,0.5823611
data\processed\bfw\asian\n004935\0149_01.jpg,data\processed\bfw\asian\n006774\0391_01.jpg,n004935,n006774,asian,asian,males,females,,,0,0.0019563567,26.4004,0.99804366
data\processed\bfw\asian\n007378\0036_01.jpg,data\processed\bfw\asian\n007378\0146_03.jpg,n007378,n007378,asian,asian,females,females,,,1,0.4789829,18.69619,0.5210171
data\processed\bfw\asian\n003824\0042_01.jpg,data\processed\bfw\asian\n006344\0147_02.jpg,n003824,n006344,asian,asian,females,females,,,0,0.1484296,27.546955,0.85157037
data\processed\bfw\asian\n006148\0027_01.jpg,data\processed\bfw\asian\n006148\0242_02.jpg,n006148,n006148,asian,asian,females,females,,,1,0.47853562,21.92339,0.52146435
data\processed\bfw\asian\n009103\0161_01.jpg,data\processed\bfw\asian\n009103\0724_01.jpg,n009103,n009103,asian,asian,females,females,,,1,0.46848208,19.811405,0.5315179
data\processed\bfw\asian\n009042\0115_01.jpg,data\processed\bfw\asian\n009276\0106_05.jpg,n009042,n009276,asian,asian,females,females,,,0,-0.027916951,30.12091,1.0279169
data\processed\bfw\asian\n007378\0479_01.jpg,data\processed\bfw\asian\n006125\0247_01.jpg,n007378,n006125,asian,asian,females,females,,,0,-0.02918956,24.268307,1.0291896
data\processed\bfw\asian\n008978\0101_01.jpg,data\processed\bfw\asian\n000872\0101_01.jpg,n008978,n000872,asian,asian,females,males,,,0,-0.012189867,30.680515,1.0121899
data\processed\bfw\asian\n000009\0102_01.jpg,data\processed\bfw\asian\n004800\0139_02.jpg,n000009,n004800,asian,asian,females,males,,,0,0.06590079,28.005875,0.9340992
data\processed\bfw\asian\n006126\0097_01.jpg,data\processed\bfw\asian\n003506\0367_01.jpg,n006126,n003506,asian,asian,females,females,,,0,0.085035235,25.560871,0.9149648
data\processed\bfw\asian\n006203\0092_06.jpg,data\processed\bfw\asian\n006203\0148_04.jpg,n006203,n006203,asian,asian,females,females,,,1,0.4353676,18.865728,0.5646324
data\processed\bfw\asian\n004785\0183_02.jpg,data\processed\bfw\asian\n004785\0381_02.jpg,n004785,n004785,asian,asian,females,females,,,1,0.35861075,22.360332,0.64138925
data\processed\bfw\asian\n004860\0196_01.jpg,data\processed\bfw\asian\n002406\0197_01.jpg,n004860,n002406,asian,asian,females,males,,,0,-0.043799255,25.794338,1.0437993
data\processed\bfw\asian\n009042\0034_02.jpg,data\processed\bfw\asian\n009042\0383_02.jpg,n009042,n009042,asian,asian,females,females,,,1,0.15656717,27.697557,0.84343284
data\processed\bfw\asian\n000436\0002_01.jpg,data\processed\bfw\asian\n000436\0040_04.jpg,n000436,n000436,asian,asian,males,males,,,1,-0.06832538,31.808664,1.0683254
data\processed\bfw\asian\n002331\0264_01.jpg,data\processed\bfw\asian\n002331\0348_01.jpg,n002331,n002331,asian,asian,males,males,,,1,0.19967207,23.492825,0.8003279
data\processed\bfw\asian\n005063\0044_03.jpg,data\processed\bfw\asian\n005063\0072_01.jpg,n005063,n005063,asian,asian,females,females,,,1,0.43502992,21.844252,0.5649701
data\processed\bfw\asian\n009287\0160_01.jpg,data\processed\bfw\asian\n000436\0348_01.jpg,n009287,n000436,asian,asian,females,males,,,0,0.041453347,27.470785,0.95854664
data\processed\bfw\asian\n009275\0049_01.jpg,data\processed\bfw\asian\n009275\0624_01.jpg,n009275,n009275,asian,asian,females,females,,,1,0.32008502,23.065235,0.67991495
data\processed\bfw\asian\n003358\0365_01.jpg,data\processed\bfw\asian\n000840\0023_01.jpg,n003358,n000840,asian,asian,females,females,,,0,0.031966317,26.167652,0.9680337
data\processed\bfw\asian\n004469\0111_03.jpg,data\processed\bfw\asian\n003288\0300_01.jpg,n004469,n003288,asian,asian,males,females,,,0,0.0074894577,26.679771,0.99251056
data\processed\bfw\asian\n004108\0190_01.jpg,data\processed\bfw\asian\n004108\0383_01.jpg,n004108,n004108,asian,asian,males,males,,,1,0.1332485,28.907356,0.8667515
data\processed\bfw\asian\n005077\0104_01.jpg,data\processed\bfw\asian\n004466\0048_01.jpg,n005077,n004466,asian,asian,females,males,,,0,-0.037454344,27.58391,1.0374544
data\processed\bfw\asian\n004786\0097_02.jpg,data\processed\bfw\asian\n004786\0241_02.jpg,n004786,n004786,asian,asian,females,females,,,1,0.39287922,21.470839,0.60712075
data\processed\bfw\asian\n005177\0155_01.jpg,data\processed\bfw\asian\n004935\0123_01.jpg,n005177,n004935,asian,asian,males,males,,,0,0.0054172734,29.305658,0.9945827
data\processed\bfw\asian\n004221\0226_06.jpg,data\processed\bfw\asian\n009103\0700_03.jpg,n004221,n009103,asian,asian,males,females,,,0,-0.09963662,29.735731,1.0996367
data\processed\bfw\asian\n002725\0290_01.jpg,data\processed\bfw\asian\n002725\0330_02.jpg,n002725,n002725,asian,asian,females,females,,,1,0.15934351,24.634827,0.8406565
data\processed\bfw\asian\n003491\0019_01.jpg,data\processed\bfw\asian\n003491\0033_01.jpg,n003491,n003491,asian,asian,males,males,,,1,0.61439925,19.128628,0.38560075
data\processed\bfw\asian\n005177\0004_01.jpg,data\processed\bfw\asian\n005177\0096_01.jpg,n005177,n005177,asian,asian,males,males,,,1,0.72622794,15.948211,0.27377206
data\processed\bfw\asian\n004860\0018_02.jpg,data\processed\bfw\asian\n004860\0236_01.jpg,n004860,n004860,asian,asian,females,females,,,1,0.47759527,20.31238,0.52240473
data\processed\bfw\asian\n004785\0125_01.jpg,data\processed\bfw\asian\n004785\0211_01.jpg,n004785,n004785,asian,asian,females,females,,,1,0.47252798,19.496176,0.527472
data\processed\bfw\asian\n000160\0139_01.jpg,data\processed\bfw\asian\n005072\0231_01.jpg,n000160,n005072,asian,asian,females,males,,,0,-0.076391585,27.079775,1.0763916
data\processed\bfw\asian\n002644\0105_01.jpg,data\processed\bfw\asian\n002644\0318_01.jpg,n002644,n002644,asian,asian,males,males,,,1,0.2853462,19.3146,0.7146538
data\processed\bfw\asian\n007385\0432_01.jpg,data\processed\bfw\asian\n007385\0691_01.jpg,n007385,n007385,asian,asian,females,females,,,1,0.27004737,23.406206,0.72995263
data\processed\bfw\asian\n004680\0211_01.jpg,data\processed\bfw\asian\n000839\0407_01.jpg,n004680,n000839,asian,asian,females,females,,,0,0.047754303,27.198088,0.9522457
data\processed\bfw\asian\n005072\0606_01.jpg,data\processed\bfw\asian\n003635\0648_02.jpg,n005072,n003635,asian,asian,males,males,,,0,-0.019555071,29.040672,1.0195551
data\processed\bfw\asian\n000132\0148_01__face_0.jpg,data\processed\bfw\asian\n000132\0234_01__face_0.jpg,n000132,n000132,asian,asian,males,males,,,1,0.23702985,23.105947,0.76297015
data\processed\bfw\asian\n003533\0055_03.jpg,data\processed\bfw\asian\n003557\0241_03.jpg,n003533,n003557,asian,asian,males,females,,,0,-0.038138676,28.786366,1.0381386
data\processed\bfw\asian\n006159\0039_02.jpg,data\processed\bfw\asian\n004466\0045_01.jpg,n006159,n004466,asian,asian,females,males,,,0,-0.0493216,37.07704,1.0493217
data\processed\bfw\asian\n004108\0239_01.jpg,data\processed\bfw\asian\n000838\0247_01.jpg,n004108,n000838,asian,asian,males,females,,,0,0.069002494,27.433226,0.9309975
data\processed\bfw\asian\n003167\0081_01.jpg,data\processed\bfw\asian\n000137\0100_01.jpg,n003167,n000137,asian,asian,males,females,,,0,-0.10609572,32.78843,1.1060957
data\processed\bfw\asian\n006418\0040_01.jpg,data\processed\bfw\asian\n000161\0001_01.jpg,n006418,n000161,asian,asian,females,males,,,0,0.07748264,26.210999,0.92251736
data\processed\bfw\asian\n004472\0093_01.jpg,data\processed\bfw\asian\n003465\0036_01.jpg,n004472,n003465,asian,asian,females,males,,,0,-0.03539902,25.592043,1.035399
data\processed\bfw\asian\n004864\0588_04.jpg,data\processed\bfw\asian\n004864\0607_01.jpg,n004864,n004864,asian,asian,females,females,,,1,0.28148568,23.052238,0.7185143
data\processed\bfw\asian\n003155\0185_01.jpg,data\processed\bfw\asian\n003155\0309_02.jpg,n003155,n003155,asian,asian,males,males,,,1,0.07464788,37.305496,0.9253521
data\processed\bfw\asian\n004469\0170_01.jpg,data\processed\bfw\asian\n004791\0269_01.jpg,n004469,n004791,asian,asian,males,males,,,0,-0.11467233,27.741587,1.1146723
data\processed\bfw\asian\n006736\0145_01.jpg,data\processed\bfw\asian\n004785\0493_01.jpg,n006736,n004785,asian,asian,females,females,,,0,0.15726449,25.61914,0.8427355
data\processed\bfw\asian\n005116\0189_01.jpg,data\processed\bfw\asian\n005116\0332_01.jpg,n005116,n005116,asian,asian,males,males,,,1,0.46251208,19.995106,0.5374879
data\processed\bfw\asian\n007372\0033_01.jpg,data\processed\bfw\asian\n000873\0191_01.jpg,n007372,n000873,asian,asian,females,males,,,0,-0.0660263,30.392214,1.0660263
data\processed\bfw\asian\n006125\0101_01.jpg,data\processed\bfw\asian\n006125\0129_01.jpg,n006125,n006125,asian,asian,females,females,,,1,0.3728231,19.354614,0.6271769
data\processed\bfw\asian\n007089\0066_01.jpg,data\processed\bfw\asian\n000854\0354_01.jpg,n007089,n000854,asian,asian,females,females,,,0,0.04294587,28.408,0.95705414
data\processed\bfw\asian\n005177\0065_01.jpg,data\processed\bfw\asian\n007372\0216_03.jpg,n005177,n007372,asian,asian,males,females,,,0,0.04683516,26.50207,0.9531648
data\processed\bfw\asian\n004805\0012_02.jpg,data\processed\bfw\asian\n004805\0289_01.jpg,n004805,n004805,asian,asian,males,males,,,1,0.3489253,20.793756,0.6510747
data\processed\bfw\asian\n000139\0170_01.jpg,data\processed\bfw\asian\n006126\0351_01.jpg,n000139,n006126,asian,asian,females,females,,,0,0.015702913,25.994143,0.9842971
data\processed\bfw\asian\n003156\0100_01.jpg,data\processed\bfw\asian\n005077\0020_01.jpg,n003156,n005077,asian,asian,males,females,,,0,-0.009245574,24.002764,1.0092455
data\processed\bfw\asian\n003027\0210_01.jpg,data\processed\bfw\asian\n006774\0075_01.jpg,n003027,n006774,asian,asian,males,females,,,0,0.020638295,30.428186,0.9793617
data\processed\bfw\asian\n009175\0037_01.jpg,data\processed\bfw\asian\n009175\0072_01.jpg,n009175,n009175,asian,asian,females,females,,,1,0.5948086,19.011251,0.40519142
data\processed\bfw\asian\n009177\0112_01.jpg,data\processed\bfw\asian\n009177\0175_01.jpg,n009177,n009177,asian,asian,females,females,,,1,0.5339052,20.389278,0.4660948
data\processed\bfw\asian\n000837\0195_01.jpg,data\processed\bfw\asian\n000837\0288_01.jpg,n000837,n000837,asian,asian,females,females,,,1,0.22458208,20.815397,0.7754179
data\processed\bfw\asian\n007380\0081_01.jpg,data\processed\bfw\asian\n007380\0268_01.jpg,n007380,n007380,asian,asian,females,females,,,1,-0.054554656,27.275248,1.0545547
data\processed\bfw\asian\n003449\0129_01.jpg,data\processed\bfw\asian\n004786\0241_02.jpg,n003449,n004786,asian,asian,females,females,,,0,-0.07395258,26.218626,1.0739526
data\processed\bfw\asian\n006344\0143_01.jpg,data\processed\bfw\asian\n000139\0300_03.jpg,n006344,n000139,asian,asian,females,females,,,0,0.08526767,29.642992,0.91473234
data\processed\bfw\asian\n004800\0111_01.jpg,data\processed\bfw\asian\n004800\0281_01.jpg,n004800,n004800,asian,asian,males,males,,,1,0.40623146,18.472277,0.59376854
data\processed\bfw\asian\n005069\0559_02.jpg,data\processed\bfw\asian\n007380\0081_01.jpg,n005069,n007380,asian,asian,females,females,,,0,-0.13358139,30.78221,1.1335814
data\processed\bfw\asian\n000132\0091_01__face_0.jpg,data\processed\bfw\asian\n000132\0136_02__face_0.jpg,n000132,n000132,asian,asian,males,males,,,1,0.35709205,22.044886,0.642908
data\processed\bfw\asian\n001864\0078_01.jpg,data\processed\bfw\asian\n003506\0367_01.jpg,n001864,n003506,asian,asian,males,females,,,0,-0.16393219,25.335747,1.1639322
data\processed\bfw\asian\n007814\0057_01.jpg,data\processed\bfw\asian\n005063\0072_01.jpg,n007814,n005063,asian,asian,females,females,,,0,0.024932118,28.503967,0.97506785
data\processed\bfw\asian\n004930\0103_01.jpg,data\processed\bfw\asian\n007089\0229_01.jpg,n004930,n007089,asian,asian,females,females,,,0,0.15670423,25.03098,0.84329575
data\processed\bfw\asian\n009276\0036_01.jpg,data\processed\bfw\asian\n009276\0332_01.jpg,n009276,n009276,asian,asian,females,females,,,1,0.11827449,27.23892,0.8817255
data\processed\bfw\asian\n008978\0197_01.jpg,data\processed\bfw\asian\n000837\0075_01.jpg,n008978,n000837,asian,asian,females,females,,,0,0.022765681,27.27284,0.9772343
data\processed\bfw\asian\n005446\0051_01.jpg,data\processed\bfw\asian\n005446\0473_01.jpg,n005446,n005446,asian,asian,females,females,,,1,0.4704935,16.532608,0.5295065
data\processed\bfw\asian\n006619\0092_02.jpg,data\processed\bfw\asian\n006619\0572_01.jpg,n006619,n006619,asian,asian,females,females,,,1,0.45846927,19.28096,0.5415307
data\processed\bfw\asian\n000137\0059_01.jpg,data\processed\bfw\asian\n000137\0248_01.jpg,n000137,n000137,asian,asian,females,females,,,1,0.20453517,26.50796,0.7954648
data\processed\bfw\asian\n004877\0092_02.jpg,data\processed\bfw\asian\n002552\0074_01.jpg,n004877,n002552,asian,asian,females,males,,,0,-0.020546442,26.177788,1.0205464
data\processed\bfw\asian\n004549\0065_01.jpg,data\processed\bfw\asian\n004549\0213_01.jpg,n004549,n004549,asian,asian,females,females,,,1,0.45898354,20.629913,0.54101646
data\processed\bfw\asian\n000873\0556_01.jpg,data\processed\bfw\asian\n007899\0204_02.jpg,n000873,n007899,asian,asian,males,females,,,0,0.10718898,26.291245,0.892811
data\processed\bfw\asian\n009125\0041_01.jpg,data\processed\bfw\asian\n009125\0363_01.jpg,n009125,n009125,asian,asian,females,females,,,1,0.31577045,21.376791,0.68422955
data\processed\bfw\asian\n004787\0147_01.jpg,data\processed\bfw\asian\n004787\0357_01.jpg,n004787,n004787,asian,asian,females,females,,,1,0.3682667,22.3518,0.6317333
data\processed\bfw\asian\n009287\0064_01.jpg,data\processed\bfw\asian\n009287\0089_01.jpg,n009287,n009287,asian,asian,females,females,,,1,0.6581985,17.657396,0.34180152
data\processed\bfw\asian\n006125\0185_01.jpg,data\processed\bfw\asian\n000854\0292_01.jpg,n006125,n000854,asian,asian,females,females,,,0,0.19392839,25.049059,0.80607164
data\processed\bfw\asian\n000009\0243_01.jpg,data\processed\bfw\asian\n000009\0354_03.jpg,n000009,n000009,asian,asian,females,females,,,1,0.10441106,29.50354,0.89558893
data\processed\bfw\asian\n007899\0077_01.jpg,data\processed\bfw\asian\n006222\0122_01.jpg,n007899,n006222,asian,asian,females,females,,,0,0.10856093,26.927546,0.8914391
data\processed\bfw\asian\n003491\0096_01.jpg,data\processed\bfw\asian\n003491\0147_05.jpg,n003491,n003491,asian,asian,males,males,,,1,0.3596678,23.399443,0.6403322
data\processed\bfw\asian\n004860\0107_01.jpg,data\processed\bfw\asian\n003153\0250_01.jpg,n004860,n003153,asian,asian,females,females,,,0,0.10442638,24.256834,0.8955736
data\processed\bfw\asian\n002320\0025_01.jpg,data\processed\bfw\asian\n003481\0245_01.jpg,n002320,n003481,asian,asian,males,females,,,0,-0.060795963,28.508108,1.060796
data\processed\bfw\asian\n005069\0313_01.jpg,data\processed\bfw\asian\n000148\0390_01.jpg,n005069,n000148,asian,asian,females,females,,,0,-0.05610799,22.695744,1.056108
data\processed\bfw\asian\n000132\0153_01__face_0.jpg,data\processed\bfw\asian\n000132\0693_01__face_0.jpg,n000132,n000132,asian,asian,males,males,,,1,0.26972303,24.074135,0.73027694
data\processed\bfw\asian\n003167\0064_01.jpg,data\processed\bfw\asian\n004549\0202_01.jpg,n003167,n004549,asian,asian,males,females,,,0,-0.02351535,27.802557,1.0235153
data\processed\bfw\asian\n003358\0362_02.jpg,data\processed\bfw\asian\n003358\0437_01.jpg,n003358,n003358,asian,asian,females,females,,,1,0.42589116,19.95273,0.57410884
data\processed\bfw\asian\n005078\0289_01.jpg,data\processed\bfw\asian\n005446\0141_01.jpg,n005078,n005446,asian,asian,males,females,,,0,-0.0034135175,29.495764,1.0034136
data\processed\bfw\asian\n007738\0188_02.jpg,data\processed\bfw\asian\n000838\0113_01.jpg,n007738,n000838,asian,asian,females,females,,,0,0.04651913,29.112823,0.95348084
data\processed\bfw\asian\n004864\0028_01.jpg,data\processed\bfw\asian\n002552\0237_02.jpg,n004864,n002552,asian,asian,females,males,,,0,0.08213093,29.891277,0.9178691
data\processed\bfw\asian\n004870\0112_02.jpg,data\processed\bfw\asian\n003467\0042_01.jpg,n004870,n003467,asian,asian,females,females,,,0,0.2230045,26.673447,0.7769955
data\processed\bfw\asian\n001864\0301_01.jpg,data\processed\bfw\asian\n005177\0004_01.jpg,n001864,n005177,asian,asian,males,males,,,0,-0.018606728,32.479565,1.0186068
data\processed\bfw\asian\n005177\0004_01.jpg,data\processed\bfw\asian\n004936\0124_01.jpg,n005177,n004936,asian,asian,males,females,,,0,0.039425407,31.343786,0.96057457
data\processed\bfw\asian\n000135\0101_01.jpg,data\processed\bfw\asian\n000135\0465_01.jpg,n000135,n000135,asian,asian,females,females,,,1,0.43186304,20.709162,0.56813693
data\processed\bfw\asian\n008148\0137_01.jpg,data\processed\bfw\asian\n009042\0059_01.jpg,n008148,n009042,asian,asian,females,females,,,0,0.112728484,30.170769,0.8872715
data\processed\bfw\asian\n004787\0101_03.jpg,data\processed\bfw\asian\n006774\0430_02.jpg,n004787,n006774,asian,asian,females,females,,,0,-0.039894238,25.564114,1.0398942
data\processed\bfw\asian\n005474\0162_02.jpg,data\processed\bfw\asian\n005072\0107_01.jpg,n005474,n005072,asian,asian,females,males,,,0,-0.018837418,30.955599,1.0188375
data\processed\bfw\asian\n000872\0274_02.jpg,data\processed\bfw\asian\n000872\0581_01.jpg,n000872,n000872,asian,asian,males,males,,,1,0.524328,21.533934,0.475672
data\processed\bfw\asian\n004466\0108_01.jpg,data\processed\bfw\asian\n004466\0238_01.jpg,n004466,n004466,asian,asian,males,males,,,1,0.2839447,21.824059,0.7160553
data\processed\bfw\asian\n008163\0218_01.jpg,data\processed\bfw\asian\n004221\0450_01.jpg,n008163,n004221,asian,asian,females,males,,,0,0.05455241,29.515087,0.94544756
data\processed\bfw\asian\n006358\0117_01.jpg,data\processed\bfw\asian\n006358\0126_01.jpg,n006358,n006358,asian,asian,females,females,,,1,0.26078194,23.805801,0.73921806
data\processed\bfw\asian\n006358\0101_06.jpg,data\processed\bfw\asian\n006358\0333_02.jpg,n006358,n006358,asian,asian,females,females,,,1,0.51238364,22.285627,0.48761636
data\processed\bfw\asian\n004787\0039_03.jpg,data\processed\bfw\asian\n004787\0101_02.jpg,n004787,n004787,asian,asian,females,females,,,1,0.4208654,19.594976,0.5791346
data\processed\bfw\asian\n003489\0079_01.jpg,data\processed\bfw\asian\n003489\0112_01.jpg,n003489,n003489,asian,asian,males,males,,,1,0.5521733,23.579586,0.44782668
data\processed\bfw\asian\n008148\0008_02.jpg,data\processed\bfw\asian\n008148\0055_01.jpg,n008148,n008148,asian,asian,females,females,,,1,0.38601053,18.679392,0.6139895
data\processed\bfw\asian\n002406\0173_01.jpg,data\processed\bfw\asian\n004870\0020_01.jpg,n002406,n004870,asian,asian,males,females,,,0,-0.12332663,30.101261,1.1233267
data\processed\bfw\asian\n008148\0137_01.jpg,data\processed\bfw\asian\n008148\0246_01.jpg,n008148,n008148,asian,asian,females,females,,,1,0.25424445,22.063198,0.74575555
data\processed\bfw\asian\n004786\0031_01.jpg,data\processed\bfw\asian\n004786\0173_01.jpg,n004786,n004786,asian,asian,females,females,,,1,0.6432819,17.522602,0.35671812
data\processed\bfw\asian\n009294\0251_02.jpg,data\processed\bfw\asian\n009294\0279_02.jpg,n009294,n009294,asian,asian,females,females,,,1,0.55824876,20.234423,0.44175124
data\processed\bfw\asian\n001864\0105_01.jpg,data\processed\bfw\asian\n001864\0247_01.jpg,n001864,n001864,asian,asian,males,males,,,1,0.2526755,21.88243,0.74732447
data\processed\bfw\asian\n000840\0304_01.jpg,data\processed\bfw\asian\n000856\0053_01.jpg,n000840,n000856,asian,asian,females,females,,,0,0.007168937,27.12471,0.99283105
data\processed\bfw\asian\n002406\0176_01.jpg,data\processed\bfw\asian\n002406\0534_01.jpg,n002406,n002406,asian,asian,males,males,,,1,0.5015647,19.086494,0.49843532
data\processed\bfw\asian\n006418\0251_02.jpg,data\processed\bfw\asian\n006634\0101_01.jpg,n006418,n006634,asian,asian,females,females,,,0,-0.020026155,30.672821,1.0200262
data\processed\bfw\asian\n004721\0145_01.jpg,data\processed\bfw\asian\n006126\0084_01.jpg,n004721,n006126,asian,asian,males,females,,,0,0.069481306,26.221405,0.9305187
data\processed\bfw\asian\n000143\0368_01.jpg,data\processed\bfw\asian\n000143\0406_01.jpg,n000143,n000143,asian,asian,females,females,,,1,0.2147876,20.034094,0.7852124
data\processed\bfw\asian\n004681\0117_01.jpg,data\processed\bfw\asian\n009275\0049_01.jpg,n004681,n009275,asian,asian,males,females,,,0,0.18907817,25.743908,0.81092185
data\processed\bfw\asian\n000839\0120_01.jpg,data\processed\bfw\asian\n000839\0399_01.jpg,n000839,n000839,asian,asian,females,females,,,1,0.09426872,25.013306,0.90573126
data\processed\bfw\asian\n004681\0314_01.jpg,data\processed\bfw\asian\n004681\0592_01.jpg,n004681,n004681,asian,asian,males,males,,,1,0.3317811,23.968813,0.6682189
data\processed\bfw\asian\n006774\0039_01.jpg,data\processed\bfw\asian\n006774\0105_01.jpg,n006774,n006774,asian,asian,females,females,,,1,0.4416823,21.755249,0.55831766
data\processed\bfw\asian\n006126\0105_01.jpg,data\processed\bfw\asian\n006126\0197_01.jpg,n006126,n006126,asian,asian,females,females,,,1,0.42971507,18.154732,0.57028496
data\processed\bfw\asian\n000138\0541_01.jpg,data\processed\bfw\asian\n004791\0190_01.jpg,n000138,n004791,asian,asian,females,males,,,0,0.14665894,24.481478,0.85334104
data\processed\bfw\asian\n006125\0253_01.jpg,data\processed\bfw\asian\n006126\0084_01.jpg,n006125,n006126,asian,asian,females,females,,,0,-0.040289342,26.479033,1.0402894
data\processed\bfw\asian\n003354\0082_01.jpg,data\processed\bfw\asian\n003354\0177_01.jpg,n003354,n003354,asian,asian,females,females,,,1,0.35368803,20.130949,0.646312
data\processed\bfw\asian\n001976\0056_01.jpg,data\processed\bfw\asian\n002725\0336_01.jpg,n001976,n002725,asian,asian,males,females,,,0,0.2258989,25.261549,0.7741011
data\processed\bfw\asian\n001682\0096_01.jpg,data\processed\bfw\asian\n001682\0097_01.jpg,n001682,n001682,asian,asian,males,males,,,1,0.51160496,23.24084,0.48839504
data\processed\bfw\asian\n002775\0072_01.jpg,data\processed\bfw\asian\n002775\0137_04.jpg,n002775,n002775,asian,asian,males,males,,,1,0.5390124,22.245535,0.46098763
data\processed\bfw\asian\n007089\0040_03.jpg,data\processed\bfw\asian\n003354\0227_01.jpg,n007089,n003354,asian,asian,females,females,,,0,0.09722695,25.629522,0.902773
data\processed\bfw\asian\n007089\0063_01.jpg,data\processed\bfw\asian\n006358\0126_01.jpg,n007089,n006358,asian,asian,females,females,,,0,-0.04054804,27.511581,1.0405481
data\processed\bfw\asian\n004681\0131_04.jpg,data\processed\bfw\asian\n004680\0133_02.jpg,n004681,n004680,asian,asian,males,females,,,0,0.019925887,27.365534,0.9800741
data\processed\bfw\asian\n004469\0084_01.jpg,data\processed\bfw\asian\n004469\0851_02.jpg,n004469,n004469,asian,asian,males,males,,,1,0.5701589,22.052498,0.4298411
data\processed\bfw\asian\n003156\0073_02.jpg,data\processed\bfw\asian\n003156\0664_01.jpg,n003156,n003156,asian,asian,males,males,,,1,0.6807527,17.468924,0.3192473
data\processed\bfw\asian\n000856\0004_01.jpg,data\processed\bfw\asian\n006774\0048_01.jpg,n000856,n006774,asian,asian,females,females,,,0,-0.088399924,30.33747,1.0883999
data\processed\bfw\asian\n004864\0173_01.jpg,data\processed\bfw\asian\n004864\0262_01.jpg,n004864,n004864,asian,asian,females,females,,,1,0.38338372,20.363409,0.61661625
data\processed\bfw\asian\n009125\0116_02.jpg,data\processed\bfw\asian\n009125\0186_02.jpg,n009125,n009125,asian,asian,females,females,,,1,0.5123487,19.092167,0.4876513
data\processed\bfw\asian\n003506\0241_02.jpg,data\processed\bfw\asian\n005378\0176_01.jpg,n003506,n005378,asian,asian,females,females,,,0,0.07933655,25.668253,0.9206635
data\processed\bfw\asian\n002552\0040_01.jpg,data\processed\bfw\asian\n002552\0185_01.jpg,n002552,n002552,asian,asian,males,males,,,1,0.46805707,20.693089,0.53194296
data\processed\bfw\asian\n009294\0104_01.jpg,data\processed\bfw\asian\n005216\0242_01.jpg,n009294,n005216,asian,asian,females,females,,,0,0.1432339,23.36729,0.8567661
data\processed\bfw\asian\n000143\0014_01.jpg,data\processed\bfw\asian\n000873\0191_01.jpg,n000143,n000873,asian,asian,females,males,,,0,-0.10451561,27.602055,1.1045156
data\processed\bfw\asian\n004870\0098_01.jpg,data\processed\bfw\asian\n003162\0350_02.jpg,n004870,n003162,asian,asian,females,males,,,0,-0.17725363,32.661667,1.1772536
data\processed\bfw\asian\n000138\0104_01.jpg,data\processed\bfw\asian\n004687\0250_01.jpg,n000138,n004687,asian,asian,females,females,,,0,-0.015880719,28.51379,1.0158807
data\processed\bfw\asian\n009177\0294_02.jpg,data\processed\bfw\asian\n009177\0626_01.jpg,n009177,n009177,asian,asian,females,females,,,1,0.27480617,21.8819,0.72519386
data\processed\bfw\asian\n003357\0074_01.jpg,data\processed\bfw\asian\n003357\0422_01.jpg,n003357,n003357,asian,asian,females,females,,,1,0.2119816,24.66481,0.7880184
data\processed\bfw\asian\n006125\0058_01.jpg,data\processed\bfw\asian\n004469\0853_02.jpg,n006125,n004469,asian,asian,females,males,,,0,0.16281037,27.589626,0.8371896
data\processed\bfw\asian\n006159\0008_01.jpg,data\processed\bfw\asian\n006159\0221_01.jpg,n006159,n006159,asian,asian,females,females,,,1,0.4763394,22.4581,0.5236606
data\processed\bfw\asian\n007372\0091_01.jpg,data\processed\bfw\asian\n009042\0043_01.jpg,n007372,n009042,asian,asian,females,females,,,0,0.0005260723,31.213903,0.9994739
data\processed\bfw\asian\n000138\0131_01.jpg,data\processed\bfw\asian\n000138\0153_02.jpg,n000138,n000138,asian,asian,females,females,,,1,0.54385316,18.900507,0.45614684
data\processed\bfw\asian\n000138\0059_01.jpg,data\processed\bfw\asian\n000138\0541_01.jpg,n000138,n000138,asian,asian,females,females,,,1,0.13738507,25.239359,0.8626149
data\processed\bfw\asian\n007814\0048_01.jpg,data\processed\bfw\asian\n007814\0098_01.jpg,n007814,n007814,asian,asian,females,females,,,1,0.467318,19.911924,0.532682
data\processed\bfw\asian\n004791\0075_01.jpg,data\processed\bfw\asian\n005085\0658_01.jpg,n004791,n005085,asian,asian,males,females,,,0,-0.042447604,31.350538,1.0424476
data\processed\bfw\asian\n007814\0076_01.jpg,data\processed\bfw\asian\n009125\0196_01.jpg,n007814,n009125,asian,asian,females,females,,,0,0.10983648,25.657843,0.89016354
data\processed\bfw\asian\n006148\0613_02.jpg,data\processed\bfw\asian\n006126\0258_01.jpg,n006148,n006126,asian,asian,females,females,,,0,-0.073091626,26.513863,1.0730916
data\processed\bfw\asian\n009294\0251_02.jpg,data\processed\bfw\asian\n001496\0608_01.jpg,n009294,n001496,asian,asian,females,males,,,0,0.006271193,30.902359,0.9937288
data\processed\bfw\asian\n000436\0348_01.jpg,data\processed\bfw\asian\n000436\0659_01.jpg,n000436,n000436,asian,asian,males,males,,,1,-0.009808473,25.950312,1.0098084
data\processed\bfw\asian\n000148\0306_01.jpg,data\processed\bfw\asian\n000148\0408_01.jpg,n000148,n000148,asian,asian,females,females,,,1,0.5296043,18.950123,0.47039568
data\processed\bfw\asian\n000840\0162_01.jpg,data\processed\bfw\asian\n000840\0680_01.jpg,n000840,n000840,asian,asian,females,females,,,1,0.6187994,19.90389,0.3812006
data\processed\bfw\asian\n004686\0034_01.jpg,data\processed\bfw\asian\n006126\0258_01.jpg,n004686,n006126,asian,asian,males,females,,,0,0.086005956,28.002289,0.9139941
data\processed\bfw\asian\n003153\0036_01.jpg,data\processed\bfw\asian\n003153\0287_01.jpg,n003153,n003153,asian,asian,females,females,,,1,0.42386398,18.522274,0.576136
data\processed\bfw\asian\n000137\0082_02.jpg,data\processed\bfw\asian\n000137\0265_01.jpg,n000137,n000137,asian,asian,females,females,,,1,0.46732178,22.349133,0.53267825
data\processed\bfw\asian\n009287\0256_04.jpg,data\processed\bfw\asian\n006736\0318_01.jpg,n009287,n006736,asian,asian,females,females,,,0,0.06120754,32.87137,0.93879247
data\processed\bfw\asian\n001496\0302_01.jpg,data\processed\bfw\asian\n001496\0349_01.jpg,n001496,n001496,asian,asian,males,males,,,1,0.37524375,25.46209,0.6247562
data\processed\bfw\asian\n007089\0219_01.jpg,data\processed\bfw\asian\n003482\0145_02.jpg,n007089,n003482,asian,asian,females,males,,,0,-0.063794404,25.573545,1.0637944
data\processed\bfw\asian\n001562\0110_02.jpg,data\processed\bfw\asian\n009175\0037_01.jpg,n001562,n009175,asian,asian,males,females,,,0,0.036854018,29.872286,0.963146
data\processed\bfw\asian\n001562\0070_01.jpg,data\processed\bfw\asian\n003027\0176_04.jpg,n001562,n003027,asian,asian,males,males,,,0,0.13541369,28.047749,0.8645863
data\processed\bfw\asian\n008934\0053_01.jpg,data\processed\bfw\asian\n008934\0211_01.jpg,n008934,n008934,asian,asian,females,females,,,1,0.50010705,20.60996,0.49989295
data\processed\bfw\asian\n009279\0004_01.jpg,data\processed\bfw\asian\n003449\0164_01.jpg,n009279,n003449,asian,asian,females,females,,,0,0.024002632,27.025906,0.9759974
data\processed\bfw\asian\n004948\0034_01.jpg,data\processed\bfw\asian\n008383\0143_01.jpg,n004948,n008383,asian,asian,males,females,,,0,-0.11627567,27.99602,1.1162757
data\processed\bfw\asian\n006633\0288_01.jpg,data\processed\bfw\asian\n004221\0135_02.jpg,n006633,n004221,asian,asian,females,males,,,0,0.003268643,27.08546,0.99673134
data\processed\bfw\asian\n004721\0476_01.jpg,data\processed\bfw\asian\n004721\0496_01.jpg,n004721,n004721,asian,asian,males,males,,,1,0.3990729,22.669376,0.6009271
data\processed\bfw\asian\n007899\0073_01.jpg,data\processed\bfw\asian\n002509\0046_01.jpg,n007899,n002509,asian,asian,females,females,,,0,0.013486229,29.336,0.9865138
data\processed\bfw\asian\n008401\0297_01.jpg,data\processed\bfw\asian\n007372\0013_01.jpg,n008401,n007372,asian,asian,females,females,,,0,0.14854465,27.39127,0.85145533
data\processed\bfw\asian\n004785\0353_01.jpg,data\processed\bfw\asian\n004785\0493_01.jpg,n004785,n004785,asian,asian,females,females,,,1,0.52054024,17.550097,0.47945976
data\processed\bfw\asian\n008934\0434_01.jpg,data\processed\bfw\asian\n004936\0625_01.jpg,n008934,n004936,asian,asian,females,females,,,0,0.02422296,21.395798,0.97577703
data\processed\bfw\asian\n000856\0001_01.jpg,data\processed\bfw\asian\n000856\0075_01.jpg,n000856,n000856,asian,asian,females,females,,,1,0.3774193,17.313587,0.6225807
data\processed\bfw\asian\n007899\0166_01.jpg,data\processed\bfw\asian\n005069\0225_01.jpg,n007899,n005069,asian,asian,females,females,,,0,0.016190825,26.354813,0.9838092
data\processed\bfw\asian\n009148\0085_02.jpg,data\processed\bfw\asian\n009148\0155_01.jpg,n009148,n009148,asian,asian,females,females,,,1,0.26703185,19.69411,0.73296815
data\processed\bfw\asian\n007270\0375_01.jpg,data\processed\bfw\asian\n004809\0166_04.jpg,n007270,n004809,asian,asian,females,males,,,0,-0.08583459,26.978394,1.0858346
data\processed\bfw\asian\n009279\0032_01.jpg,data\processed\bfw\asian\n009279\0254_03.jpg,n009279,n009279,asian,asian,females,females,,,1,0.31103855,24.096731,0.68896145
data\processed\bfw\asian\n009276\0025_04.jpg,data\processed\bfw\asian\n009276\0361_01.jpg,n009276,n009276,asian,asian,females,females,,,1,0.14240727,24.614218,0.8575927
data\processed\bfw\asian\n009277\0067_01.jpg,data\processed\bfw\asian\n009277\0201_01.jpg,n009277,n009277,asian,asian,females,females,,,1,0.0021434827,25.837584,0.9978565
data\processed\bfw\asian\n005116\0072_01.jpg,data\processed\bfw\asian\n005116\0442_01.jpg,n005116,n005116,asian,asian,males,males,,,1,0.30915746,22.128195,0.6908425
data\processed\bfw\asian\n003288\0385_01.jpg,data\processed\bfw\asian\n003288\0579_02.jpg,n003288,n003288,asian,asian,females,females,,,1,0.1691191,22.912413,0.8308809
data\processed\bfw\asian\n000137\0051_02.jpg,data\processed\bfw\asian\n000137\0132_01.jpg,n000137,n000137,asian,asian,females,females,,,1,0.4332401,23.997034,0.56675994
data\processed\bfw\asian\n003162\0479_02.jpg,data\processed\bfw\asian\n007380\0088_01.jpg,n003162,n007380,asian,asian,males,females,,,0,0.05898968,29.482525,0.9410103
data\processed\bfw\asian\n000837\0009_01.jpg,data\processed\bfw\asian\n000837\0193_01.jpg,n000837,n000837,asian,asian,females,females,,,1,0.3510873,24.270462,0.64891267
data\processed\bfw\asian\n004725\0170_01.jpg,data\processed\bfw\asian\n000161\0141_02.jpg,n004725,n000161,asian,asian,males,males,,,0,0.014721416,31.045263,0.9852786
data\processed\bfw\asian\n004805\0015_01.jpg,data\processed\bfw\asian\n007814\0652_01.jpg,n004805,n007814,asian,asian,males,females,,,0,-0.07816303,26.91386,1.078163
data\processed\bfw\asian\n005083\0148_01.jpg,data\processed\bfw\asian\n005083\0254_01.jpg,n005083,n005083,asian,asian,females,females,,,1,0.2410745,21.95838,0.7589255
data\processed\bfw\asian\n000143\0019_01.jpg,data\processed\bfw\asian\n004860\0236_01.jpg,n000143,n004860,asian,asian,females,females,,,0,-0.027357373,27.152834,1.0273573
data\processed\bfw\asian\n009177\0010_01.jpg,data\processed\bfw\asian\n009177\0232_01.jpg,n009177,n009177,asian,asian,females,females,,,1,0.5378461,20.291245,0.4621539
data\processed\bfw\asian\n002406\0156_01.jpg,data\processed\bfw\asian\n002406\0165_03.jpg,n002406,n002406,asian,asian,males,males,,,1,0.131672,25.493855,0.868328
data\processed\bfw\asian\n002725\0336_01.jpg,data\processed\bfw\asian\n001976\0119_01.jpg,n002725,n001976,asian,asian,females,males,,,0,0.014118054,26.845945,0.9858819
data\processed\bfw\asian\n007814\0173_03.jpg,data\processed\bfw\asian\n004785\0145_01.jpg,n007814,n004785,asian,asian,females,females,,,0,-0.13576157,28.222614,1.1357616
data\processed\bfw\asian\n000160\0150_01.jpg,data\processed\bfw\asian\n006774\0430_02.jpg,n000160,n006774,asian,asian,females,females,,,0,0.025000978,24.392588,0.974999
data\processed\bfw\asian\n003162\0459_01.jpg,data\processed\bfw\asian\n004469\0168_01.jpg,n003162,n004469,asian,asian,males,males,,,0,-0.19051673,36.830956,1.1905167
data\processed\bfw\asian\n000161\0037_01.jpg,data\processed\bfw\asian\n005446\0135_01.jpg,n000161,n005446,asian,asian,males,females,,,0,0.23911613,26.100353,0.76088387
data\processed\bfw\asian\n004800\0740_01.jpg,data\processed\bfw\asian\n003354\0124_01.jpg,n004800,n003354,asian,asian,males,females,,,0,0.12374225,24.810236,0.8762578
data\processed\bfw\asian\n002331\0264_01.jpg,data\processed\bfw\asian\n001496\0349_01.jpg,n002331,n001496,asian,asian,males,males,,,0,0.08622143,28.599678,0.91377854
data\processed\bfw\asian\n009294\0018_02.jpg,data\processed\bfw\asian\n003355\0122_02.jpg,n009294,n003355,asian,asian,females,males,,,0,-0.003757929,29.255486,1.003758
data\processed\bfw\asian\n003354\0058_01.jpg,data\processed\bfw\asian\n006358\0094_01.jpg,n003354,n006358,asian,asian,females,females,,,0,0.15396905,28.4033,0.84603095
data\processed\bfw\asian\n003463\0125_01.jpg,data\processed\bfw\asian\n000135\0114_01.jpg,n003463,n000135,asian,asian,males,females,,,0,0.10565603,27.433264,0.894344
data\processed\bfw\asian\n009175\0066_01.jpg,data\processed\bfw\asian\n009175\0072_01.jpg,n009175,n009175,asian,asian,females,females,,,1,0.57694674,19.009668,0.42305326
data\processed\bfw\asian\n000873\0031_01.jpg,data\processed\bfw\asian\n000873\0050_02.jpg,n000873,n000873,asian,asian,males,males,,,1,0.4433323,21.723362,0.5566677
data\processed\bfw\asian\n002320\0072_01.jpg,data\processed\bfw\asian\n002320\0248_08.jpg,n002320,n002320,asian,asian,males,males,,,1,0.27344435,23.034155,0.72655565
data\processed\bfw\asian\n000148\0030_01.jpg,data\processed\bfw\asian\n000148\0408_01.jpg,n000148,n000148,asian,asian,females,females,,,1,0.5586304,18.399864,0.4413696
data\processed\bfw\asian\n005216\0220_01.jpg,data\processed\bfw\asian\n002406\0027_02.jpg,n005216,n002406,asian,asian,females,males,,,0,0.122574836,23.945602,0.8774252
data\processed\bfw\asian\n005474\0110_01.jpg,data\processed\bfw\asian\n009177\0060_01.jpg,n005474,n009177,asian,asian,females,females,,,0,0.2428246,23.095428,0.7571754
data\processed\bfw\asian\n006619\0266_01.jpg,data\processed\bfw\asian\n006619\0334_03.jpg,n006619,n006619,asian,asian,females,females,,,1,0.104699366,25.47027,0.8953006
data\processed\bfw\asian\n000161\0255_01.jpg,data\processed\bfw\asian\n005072\0015_01.jpg,n000161,n005072,asian,asian,males,males,,,0,0.06450711,28.79628,0.9354929
data\processed\bfw\asian\n003223\0079_01.jpg,data\processed\bfw\asian\n006126\0004_01.jpg,n003223,n006126,asian,asian,males,females,,,0,0.007394991,24.092005,0.99260503
data\processed\bfw\asian\n002406\0328_01.jpg,data\processed\bfw\asian\n007380\0070_01.jpg,n002406,n007380,asian,asian,males,females,,,0,0.031655848,26.728416,0.96834415
data\processed\bfw\asian\n003482\0102_02.jpg,data\processed\bfw\asian\n004687\0254_01.jpg,n003482,n004687,asian,asian,males,females,,,0,-0.017181313,27.09757,1.0171813
data\processed\bfw\asian\n009279\0004_01.jpg,data\processed\bfw\asian\n009279\0246_01.jpg,n009279,n009279,asian,asian,females,females,,,1,0.24367923,24.054651,0.7563208
data\processed\bfw\asian\n004472\0206_01.jpg,data\processed\bfw\asian\n004472\0485_01.jpg,n004472,n004472,asian,asian,females,females,,,1,0.23274589,21.070831,0.7672541
data\processed\bfw\asian\n000137\0032_01.jpg,data\processed\bfw\asian\n006634\0434_01.jpg,n000137,n006634,asian,asian,females,females,,,0,-0.009668427,29.902838,1.0096685
data\processed\bfw\asian\n001572\0166_01.jpg,data\processed\bfw\asian\n001572\0329_01.jpg,n001572,n001572,asian,asian,females,females,,,1,0.37260708,22.235418,0.6273929
data\processed\bfw\asian\n006619\0197_01.jpg,data\processed\bfw\asian\n004467\0418_01.jpg,n006619,n004467,asian,asian,females,males,,,0,0.097162165,26.076021,0.9028378
data\processed\bfw\asian\n003155\1012_07.jpg,data\processed\bfw\asian\n000873\0534_01.jpg,n003155,n000873,asian,asian,males,males,,,0,0.10760334,25.940008,0.8923967
data\processed\bfw\asian\n009275\0188_01.jpg,data\processed\bfw\asian\n000158\0013_01.jpg,n009275,n000158,asian,asian,females,males,,,0,-0.107123,27.419231,1.107123
data\processed\bfw\asian\n000856\0075_01.jpg,data\processed\bfw\asian\n000856\0110_02.jpg,n000856,n000856,asian,asian,females,females,,,1,0.15024893,24.586157,0.84975106
data\processed\bfw\asian\n003288\0051_01.jpg,data\processed\bfw\asian\n003288\0093_01.jpg,n003288,n003288,asian,asian,females,females,,,1,0.5342509,19.305813,0.46574908
data\processed\bfw\asian\n003481\0441_01.jpg,data\processed\bfw\asian\n004221\0112_02.jpg,n003481,n004221,asian,asian,females,males,,,0,0.090770654,28.398205,0.90922934
data\processed\bfw\asian\n005378\0388_01.jpg,data\processed\bfw\asian\n002331\0029_01.jpg,n005378,n002331,asian,asian,females,males,,,0,0.02686086,28.22673,0.97313917
data\processed\bfw\asian\n003155\0362_03.jpg,data\processed\bfw\asian\n004870\0144_01.jpg,n003155,n004870,asian,asian,males,females,,,0,-0.04242358,29.947235,1.0424236
data\processed\bfw\asian\n006125\0185_01.jpg,data\processed\bfw\asian\n007089\0033_01.jpg,n006125,n007089,asian,asian,females,females,,,0,0.059603486,29.630869,0.9403965
data\processed\bfw\asian\n009279\0004_01.jpg,data\processed\bfw\asian\n009288\0101_01.jpg,n009279,n009288,asian,asian,females,females,,,0,0.06169041,24.88849,0.9383096
data\processed\bfw\asian\n003465\0413_01.jpg,data\processed\bfw\asian\n004791\0411_01.jpg,n003465,n004791,asian,asian,males,males,,,0,0.2044074,24.972658,0.7955926
data\processed\bfw\asian\n001864\0316_01.jpg,data\processed\bfw\asian\n009125\0100_01.jpg,n001864,n009125,asian,asian,males,females,,,0,0.2275176,23.600962,0.7724824
data\processed\bfw\asian\n000873\0051_01.jpg,data\processed\bfw\asian\n003449\0210_03.jpg,n000873,n003449,asian,asian,males,females,,,0,0.13461782,28.806427,0.8653822
data\processed\bfw\asian\n004791\0378_01.jpg,data\processed\bfw\asian\n004791\0556_01.jpg,n004791,n004791,asian,asian,males,males,,,1,0.4293568,18.94106,0.5706432
data\processed\bfw\asian\n005063\0016_02.jpg,data\processed\bfw\asian\n005063\0072_01.jpg,n005063,n005063,asian,asian,females,females,,,1,0.1650278,23.173208,0.8349722
data\processed\bfw\asian\n000158\0260_01.jpg,data\processed\bfw\asian\n003354\0068_01.jpg,n000158,n003354,asian,asian,males,females,,,0,-0.063799195,28.915207,1.0637991
data\processed\bfw\asian\n006358\0041_01.jpg,data\processed\bfw\asian\n006358\0083_03.jpg,n006358,n006358,asian,asian,females,females,,,1,0.35690355,22.725975,0.64309645
data\processed\bfw\asian\n009125\0041_01.jpg,data\processed\bfw\asian\n009125\0100_01.jpg,n009125,n009125,asian,asian,females,females,,,1,0.51738393,18.946083,0.48261607
data\processed\bfw\asian\n009277\0128_01.jpg,data\processed\bfw\asian\n009277\0496_01.jpg,n009277,n009277,asian,asian,females,females,,,1,0.18189734,24.311958,0.81810266
data\processed\bfw\asian\n004877\0232_01.jpg,data\processed\bfw\asian\n000148\0247_01.jpg,n004877,n000148,asian,asian,females,females,,,0,0.06770664,21.913729,0.93229336
data\processed\bfw\asian\n004948\0016_01.jpg,data\processed\bfw\asian\n004785\0280_01.jpg,n004948,n004785,asian,asian,males,females,,,0,0.053651713,30.312449,0.9463483
data\processed\bfw\asian\n006223\0052_01.jpg,data\processed\bfw\asian\n003223\0033_02.jpg,n006223,n003223,asian,asian,females,males,,,0,-0.14232545,27.097874,1.1423254
data\processed\bfw\asian\n003467\0033_01.jpg,data\processed\bfw\asian\n008978\0178_01.jpg,n003467,n008978,asian,asian,females,females,,,0,0.02950044,28.393534,0.9704996
data\processed\bfw\asian\n006203\0130_01.jpg,data\processed\bfw\asian\n006203\0378_01.jpg,n006203,n006203,asian,asian,females,females,,,1,-0.05678825,25.531181,1.0567882
data\processed\bfw\asian\n002725\0037_01.jpg,data\processed\bfw\asian\n002725\0267_01.jpg,n002725,n002725,asian,asian,females,females,,,1,0.47503787,20.95108,0.5249621
data\processed\bfw\asian\n003027\0223_01.jpg,data\processed\bfw\asian\n004935\0030_01.jpg,n003027,n004935,asian,asian,males,males,,,0,0.06607719,28.956497,0.9339228
data\processed\bfw\asian\n006149\0005_01.jpg,data\processed\bfw\asian\n006149\0026_01.jpg,n006149,n006149,asian,asian,females,females,,,1,0.47366765,18.89156,0.5263324
data\processed\bfw\asian\n003162\0459_01.jpg,data\processed\bfw\asian\n006344\0253_01.jpg,n003162,n006344,asian,asian,males,females,,,0,0.028352225,30.727495,0.9716478
data\processed\bfw\asian\n006149\0022_01.jpg,data\processed\bfw\asian\n006149\0197_02.jpg,n006149,n006149,asian,asian,females,females,,,1,0.4937434,17.468166,0.5062566
data\processed\bfw\asian\n006203\0357_01.jpg,data\processed\bfw\asian\n005446\0118_01.jpg,n006203,n005446,asian,asian,females,females,,,0,0.21797352,23.559757,0.78202647
data\processed\bfw\asian\n007664\0087_03.jpg,data\processed\bfw\asian\n006149\0260_01.jpg,n007664,n006149,asian,asian,females,females,,,0,0.06976093,25.018524,0.9302391
data\processed\bfw\asian\n003467\0030_01.jpg,data\processed\bfw\asian\n008163\0223_01.jpg,n003467,n008163,asian,asian,females,females,,,0,-0.12593037,29.090282,1.1259303
data\processed\bfw\asian\n004725\0036_01.jpg,data\processed\bfw\asian\n004725\0230_01.jpg,n004725,n004725,asian,asian,males,males,,,1,0.3397999,26.336119,0.6602001
data\processed\bfw\asian\n002320\0137_02.jpg,data\processed\bfw\asian\n003223\0084_01.jpg,n002320,n003223,asian,asian,males,males,,,0,0.086104825,25.158548,0.9138952
data\processed\bfw\asian\n008401\0139_02.jpg,data\processed\bfw\asian\n009137\0160_01.jpg,n008401,n009137,asian,asian,females,females,,,0,0.027868442,26.159777,0.97213155
data\processed\bfw\asian\n001496\0127_01.jpg,data\processed\bfw\asian\n001496\0176_01.jpg,n001496,n001496,asian,asian,males,males,,,1,0.42512262,24.002853,0.5748774
data\processed\bfw\asian\n006633\0356_01.jpg,data\processed\bfw\asian\n006633\0456_02.jpg,n006633,n006633,asian,asian,females,females,,,1,-0.0030365356,29.338259,1.0030365
data\processed\bfw\asian\n007270\0289_01.jpg,data\processed\bfw\asian\n007270\0605_01.jpg,n007270,n007270,asian,asian,females,females,,,1,0.17993309,23.49542,0.8200669
data\processed\bfw\asian\n007380\0073_01.jpg,data\processed\bfw\asian\n007380\0204_01.jpg,n007380,n007380,asian,asian,females,females,,,1,0.08005716,22.339088,0.91994286
data\processed\bfw\asian\n004787\0666_02.jpg,data\processed\bfw\asian\n008163\0229_01.jpg,n004787,n008163,asian,asian,females,females,,,0,0.0920725,25.607641,0.9079275
data\processed\bfw\asian\n000158\0133_01.jpg,data\processed\bfw\asian\n000158\0208_01.jpg,n000158,n000158,asian,asian,males,males,,,1,0.53737354,20.925783,0.46262646
data\processed\bfw\asian\n005063\0016_02.jpg,data\processed\bfw\asian\n005063\0302_06.jpg,n005063,n005063,asian,asian,females,females,,,1,0.14782259,25.316286,0.8521774
data\processed\bfw\asian\n006223\0260_01.jpg,data\processed\bfw\asian\n004877\0273_01.jpg,n006223,n004877,asian,asian,females,females,,,0,0.13006593,24.704552,0.8699341
data\processed\bfw\asian\n003481\0107_01.jpg,data\processed\bfw\asian\n003481\0345_01.jpg,n003481,n003481,asian,asian,females,females,,,1,0.21567173,24.27875,0.7843283
data\processed\bfw\asian\n003223\0059_03.jpg,data\processed\bfw\asian\n005116\0134_02.jpg,n003223,n005116,asian,asian,males,males,,,0,-0.0342846,26.826475,1.0342846
data\processed\bfw\asian\n000138\0003_01.jpg,data\processed\bfw\asian\n006344\0350_01.jpg,n000138,n006344,asian,asian,females,females,,,0,0.044532955,25.538776,0.95546705
data\processed\bfw\asian\n004864\0173_01.jpg,data\processed\bfw\asian\n004864\0362_01.jpg,n004864,n004864,asian,asian,females,females,,,1,0.42242682,21.3887,0.5775732
data\processed\bfw\asian\n005116\0050_01.jpg,data\processed\bfw\asian\n006222\0104_01.jpg,n005116,n006222,asian,asian,males,females,,,0,0.053578373,27.619349,0.9464216
data\processed\bfw\asian\n009041\0069_01.jpg,data\processed\bfw\asian\n009041\0080_02.jpg,n009041,n009041,asian,asian,females,females,,,1,0.557531,21.475033,0.442469
data\processed\bfw\asian\n000132\0234_01__face_0.jpg,data\processed\bfw\asian\n009279\0076_01.jpg,n000132,n009279,asian,asian,males,females,,,0,0.0068153427,29.66363,0.9931847
data\processed\bfw\asian\n002775\0069_01.jpg,data\processed\bfw\asian\n003467\0103_01.jpg,n002775,n003467,asian,asian,males,females,,,0,0.05343733,26.578,0.94656265
data\processed\bfw\asian\n009279\0254_03.jpg,data\processed\bfw\asian\n009279\0393_04.jpg,n009279,n009279,asian,asian,females,females,,,1,0.10294445,25.616787,0.89705557
data\processed\bfw\asian\n006125\0041_01.jpg,data\processed\bfw\asian\n006125\0120_01.jpg,n006125,n006125,asian,asian,females,females,,,1,0.40225187,20.579685,0.59774816
data\processed\bfw\asian\n003557\0095_02.jpg,data\processed\bfw\asian\n003557\0234_01.jpg,n003557,n003557,asian,asian,females,females,,,1,0.46752274,18.459986,0.53247726
data\processed\bfw\asian\n005216\0154_03.jpg,data\processed\bfw\asian\n000135\0101_01.jpg,n005216,n000135,asian,asian,females,females,,,0,0.082568794,24.488503,0.91743124
data\processed\bfw\asian\n006633\0522_02.jpg,data\processed\bfw\asian\n006633\0718_02.jpg,n006633,n006633,asian,asian,females,females,,,1,0.29449365,23.36149,0.7055063
data\processed\bfw\asian\n001682\0267_02.jpg,data\processed\bfw\asian\n001682\0424_01.jpg,n001682,n001682,asian,asian,males,males,,,1,0.54116845,24.211512,0.45883155
data\processed\bfw\asian\n005116\0338_04.jpg,data\processed\bfw\asian\n005116\0442_01.jpg,n005116,n005116,asian,asian,males,males,,,1,0.2911528,21.514341,0.70884717
data\processed\bfw\asian\n009276\0046_03.jpg,data\processed\bfw\asian\n006634\0135_01.jpg,n009276,n006634,asian,asian,females,females,,,0,-0.024110343,26.69775,1.0241103
data\processed\bfw\asian\n006126\0128_01.jpg,data\processed\bfw\asian\n003162\0258_02.jpg,n006126,n003162,asian,asian,females,males,,,0,-0.055949666,25.125929,1.0559497
data\processed\bfw\asian\n004794\0367_01.jpg,data\processed\bfw\asian\n004935\0061_01.jpg,n004794,n004935,asian,asian,males,males,,,0,0.043433756,28.045834,0.9565662
data\processed\bfw\asian\n002644\0123_02.jpg,data\processed\bfw\asian\n002644\0746_01.jpg,n002644,n002644,asian,asian,males,males,,,1,0.08308094,24.885033,0.91691905
data\processed\bfw\asian\n007378\0031_01.jpg,data\processed\bfw\asian\n007378\0248_01.jpg,n007378,n007378,asian,asian,females,females,,,1,0.5116004,17.333584,0.48839962
data\processed\bfw\asian\n003167\0042_19.jpg,data\processed\bfw\asian\n003167\0081_01.jpg,n003167,n003167,asian,asian,males,males,,,1,0.64436275,17.699139,0.35563725
data\processed\bfw\asian\n003156\0069_01.jpg,data\processed\bfw\asian\n003156\0119_01.jpg,n003156,n003156,asian,asian,males,males,,,1,0.2131845,25.902552,0.7868155
data\processed\bfw\asian\n000158\0005_05.jpg,data\processed\bfw\asian\n004549\0073_01.jpg,n000158,n004549,asian,asian,males,females,,,0,0.037862603,29.780176,0.9621374
data\processed\bfw\asian\n009275\0188_01.jpg,data\processed\bfw\asian\n009275\0343_01.jpg,n009275,n009275,asian,asian,females,females,,,1,0.02566184,26.901535,0.9743382
data\processed\bfw\asian\n005063\0414_06.jpg,data\processed\bfw\asian\n005063\0421_03.jpg,n005063,n005063,asian,asian,females,females,,,1,0.38013452,26.40398,0.6198655
data\processed\bfw\asian\n006148\0254_01.jpg,data\processed\bfw\asian\n009278\0176_01.jpg,n006148,n009278,asian,asian,females,females,,,0,-0.011959816,30.352592,1.0119598
data\processed\bfw\asian\n003482\0059_01.jpg,data\processed\bfw\asian\n001976\0152_02.jpg,n003482,n001976,asian,asian,males,males,,,0,0.07963057,27.42341,0.92036945
data\processed\bfw\asian\n007899\0082_01.jpg,data\processed\bfw\asian\n007899\0320_01.jpg,n007899,n007899,asian,asian,females,females,,,1,0.349753,21.357676,0.650247
data\processed\bfw\asian\n006774\0430_02.jpg,data\processed\bfw\asian\n001682\0177_01.jpg,n006774,n001682,asian,asian,females,males,,,0,0.07200787,25.77492,0.9279921
data\processed\bfw\asian\n003156\0069_01.jpg,data\processed\bfw\asian\n003027\0025_01.jpg,n003156,n003027,asian,asian,males,males,,,0,0.01904111,32.98674,0.9809589
data\processed\bfw\asian\n007814\0079_01.jpg,data\processed\bfw\asian\n007814\0270_01.jpg,n007814,n007814,asian,asian,females,females,,,1,0.53303224,18.466564,0.46696776
data\processed\bfw\asian\n007664\0087_03.jpg,data\processed\bfw\asian\n007664\0137_01.jpg,n007664,n007664,asian,asian,females,females,,,1,0.4334001,21.809315,0.5665999
data\processed\bfw\asian\n003156\0032_01.jpg,data\processed\bfw\asian\n004809\0013_12.jpg,n003156,n004809,asian,asian,males,males,,,0,0.12549616,26.22042,0.87450385
data\processed\bfw\asian\n004686\0072_01.jpg,data\processed\bfw\asian\n008383\0175_01.jpg,n004686,n008383,asian,asian,males,females,,,0,-0.049379915,28.354485,1.04938
data\processed\bfw\asian\n006159\0180_01.jpg,data\processed\bfw\asian\n004472\0157_02.jpg,n006159,n004472,asian,asian,females,females,,,0,0.06278118,30.743399,0.93721884
data\processed\bfw\asian\n007385\0044_01.jpg,data\processed\bfw\asian\n007385\0691_01.jpg,n007385,n007385,asian,asian,females,females,,,1,0.30832374,24.91841,0.69167626
data\processed\bfw\asian\n000838\0025_01.jpg,data\processed\bfw\asian\n000838\0035_01.jpg,n000838,n000838,asian,asian,females,females,,,1,0.20948179,23.745157,0.7905182
data\processed\bfw\asian\n004549\0202_01.jpg,data\processed\bfw\asian\n005085\0243_03.jpg,n004549,n005085,asian,asian,females,females,,,0,0.15839866,25.896742,0.8416014
data\processed\bfw\asian\n005063\0064_01.jpg,data\processed\bfw\asian\n002509\0075_01.jpg,n005063,n002509,asian,asian,females,females,,,0,0.10467621,27.351955,0.8953238
data\processed\bfw\asian\n006774\0049_01.jpg,data\processed\bfw\asian\n006774\0710_01.jpg,n006774,n006774,asian,asian,females,females,,,1,0.0479915,26.766117,0.9520085
data\processed\bfw\asian\n004809\0166_04.jpg,data\processed\bfw\asian\n004221\0114_02.jpg,n004809,n004221,asian,asian,males,males,,,0,0.11919933,26.196619,0.88080066
data\processed\bfw\asian\n005071\0114_03.jpg,data\processed\bfw\asian\n001976\0665_02.jpg,n005071,n001976,asian,asian,males,males,,,0,0.03208382,26.373352,0.9679162
data\processed\bfw\asian\n004809\0356_01.jpg,data\processed\bfw\asian\n004809\0482_01.jpg,n004809,n004809,asian,asian,males,males,,,1,0.6935523,17.023829,0.30644768
data\processed\bfw\asian\n009175\0084_01.jpg,data\processed\bfw\asian\n004786\0203_01.jpg,n009175,n004786,asian,asian,females,females,,,0,0.027061177,29.802471,0.97293884
data\processed\bfw\asian\n006418\0071_04.jpg,data\processed\bfw\asian\n006418\1052_03.jpg,n006418,n006418,asian,asian,females,females,,,1,0.19919282,23.133774,0.8008072
data\processed\bfw\asian\n004870\0050_02.jpg,data\processed\bfw\asian\n004870\0264_01.jpg,n004870,n004870,asian,asian,females,females,,,1,0.4448337,23.693758,0.5551663
data\processed\bfw\asian\n009137\0104_01.jpg,data\processed\bfw\asian\n009137\0416_01.jpg,n009137,n009137,asian,asian,females,females,,,1,0.3540332,21.901512,0.64596677
data\processed\bfw\asian\n003489\0220_01.jpg,data\processed\bfw\asian\n003449\0083_01.jpg,n003489,n003449,asian,asian,males,females,,,0,0.07542498,25.974827,0.92457503
data\processed\bfw\asian\n000009\0133_02.jpg,data\processed\bfw\asian\n008163\0276_01.jpg,n000009,n008163,asian,asian,females,females,,,0,0.0028048246,25.986359,0.9971952
data\processed\bfw\asian\n009103\0030_01.jpg,data\processed\bfw\asian\n009103\0047_02.jpg,n009103,n009103,asian,asian,females,females,,,1,0.52924794,18.704157,0.47075206
data\processed\bfw\asian\n005446\0243_02.jpg,data\processed\bfw\asian\n009125\0363_01.jpg,n005446,n009125,asian,asian,females,females,,,0,-0.010520262,25.2031,1.0105202
data\processed\bfw\asian\n009275\0286_03.jpg,data\processed\bfw\asian\n005071\0279_02.jpg,n009275,n005071,asian,asian,females,males,,,0,-0.07255219,31.481627,1.0725522
data\processed\bfw\asian\n000132\0234_01__face_0.jpg,data\processed\bfw\asian\n000856\0075_01.jpg,n000132,n000856,asian,asian,males,females,,,0,0.044449817,24.945307,0.9555502
data\processed\bfw\asian\n009279\0025_01.jpg,data\processed\bfw\asian\n009279\0243_03.jpg,n009279,n009279,asian,asian,females,females,,,1,0.15463454,28.28719,0.84536546
data\processed\bfw\asian\n003482\0059_01.jpg,data\processed\bfw\asian\n003167\0320_01.jpg,n003482,n003167,asian,asian,males,males,,,0,0.02718503,31.473244,0.972815
data\processed\bfw\asian\n000838\0166_01.jpg,data\processed\bfw\asian\n004805\0025_01.jpg,n000838,n004805,asian,asian,females,males,,,0,0.04877235,26.249731,0.95122766
data\processed\bfw\asian\n004721\0283_01.jpg,data\processed\bfw\asian\n004721\0505_01.jpg,n004721,n004721,asian,asian,males,males,,,1,0.04843019,28.312357,0.9515698
data\processed\bfw\asian\n004787\0158_01.jpg,data\processed\bfw\asian\n004787\0197_01.jpg,n004787,n004787,asian,asian,females,females,,,1,0.45507097,20.077848,0.544929
data\processed\bfw\asian\n003288\0234_01.jpg,data\processed\bfw\asian\n003288\0628_01.jpg,n003288,n003288,asian,asian,females,females,,,1,0.15260619,20.149282,0.8473938
data\processed\bfw\asian\n001562\0018_01.jpg,data\processed\bfw\asian\n001562\0092_02.jpg,n001562,n001562,asian,asian,males,males,,,1,0.4099122,21.55546,0.5900878
data\processed\bfw\asian\n004805\0341_01.jpg,data\processed\bfw\asian\n002320\0248_08.jpg,n004805,n002320,asian,asian,males,males,,,0,0.018826628,29.227715,0.9811734
data\processed\bfw\asian\n007385\0691_01.jpg,data\processed\bfw\asian\n005077\0129_01.jpg,n007385,n005077,asian,asian,females,females,,,0,-0.014201677,30.75352,1.0142016
data\processed\bfw\asian\n004549\0146_01.jpg,data\processed\bfw\asian\n004549\0667_01.jpg,n004549,n004549,asian,asian,females,females,,,1,0.0964873,26.238947,0.9035127
data\processed\bfw\asian\n000856\0012_01.jpg,data\processed\bfw\asian\n000856\0098_01.jpg,n000856,n000856,asian,asian,females,females,,,1,0.15686378,22.903065,0.8431362
data\processed\bfw\asian\n003824\0270_01.jpg,data\processed\bfw\asian\n006344\0143_01.jpg,n003824,n006344,asian,asian,females,females,,,0,-0.040652856,28.342209,1.0406529
data\processed\bfw\asian\n004935\0287_01.jpg,data\processed\bfw\asian\n003506\0041_01.jpg,n004935,n003506,asian,asian,males,females,,,0,0.037827924,26.227995,0.9621721
data\processed\bfw\asian\n002406\0310_02.jpg,data\processed\bfw\asian\n000856\0001_01.jpg,n002406,n000856,asian,asian,males,females,,,0,-0.01165334,26.973515,1.0116533
data\processed\bfw\asian\n005063\0068_01.jpg,data\processed\bfw\asian\n009125\0116_02.jpg,n005063,n009125,asian,asian,females,females,,,0,-0.012677694,28.681793,1.0126777
data\processed\bfw\asian\n009103\0657_02.jpg,data\processed\bfw\asian\n008978\0097_02.jpg,n009103,n008978,asian,asian,females,females,,,0,-0.028492454,29.792206,1.0284925
data\processed\bfw\asian\n004791\0075_01.jpg,data\processed\bfw\asian\n004791\0416_01.jpg,n004791,n004791,asian,asian,males,males,,,1,0.52092624,19.676765,0.47907376
data\processed\bfw\asian\n006222\0047_01.jpg,data\processed\bfw\asian\n006619\0310_01.jpg,n006222,n006619,asian,asian,females,females,,,0,0.15283532,22.991161,0.8471647
data\processed\bfw\asian\n003824\0019_01.jpg,data\processed\bfw\asian\n003557\0116_01.jpg,n003824,n003557,asian,asian,females,females,,,0,0.07194091,26.57836,0.9280591
data\processed\bfw\asian\n003355\0252_02.jpg,data\processed\bfw\asian\n009279\0246_01.jpg,n003355,n009279,asian,asian,males,females,,,0,0.010701826,28.689346,0.98929816
data\processed\bfw\asian\n004860\0068_01.jpg,data\processed\bfw\asian\n004930\0235_01.jpg,n004860,n004930,asian,asian,females,females,,,0,0.124880776,24.191008,0.8751192
data\processed\bfw\asian\n001976\0077_02.jpg,data\processed\bfw\asian\n001976\0372_01.jpg,n001976,n001976,asian,asian,males,males,,,1,0.33224076,20.071003,0.66775924
data\processed\bfw\asian\n004877\0007_01.jpg,data\processed\bfw\asian\n004877\0049_01.jpg,n004877,n004877,asian,asian,females,females,,,1,0.3132097,22.29954,0.6867903
data\processed\bfw\asian\n006418\0152_04.jpg,data\processed\bfw\asian\n006418\0165_02.jpg,n006418,n006418,asian,asian,females,females,,,1,0.23665875,22.643679,0.76334125
data\processed\bfw\asian\n004466\0091_01.jpg,data\processed\bfw\asian\n000840\0025_01.jpg,n004466,n000840,asian,asian,males,females,,,0,0.02918098,27.314978,0.970819
data\processed\bfw\asian\n001976\0198_01.jpg,data\processed\bfw\asian\n000143\0272_01.jpg,n001976,n000143,asian,asian,males,females,,,0,-0.12960239,27.79394,1.1296024
data\processed\bfw\asian\n003167\0042_18.jpg,data\processed\bfw\asian\n003167\0562_01.jpg,n003167,n003167,asian,asian,males,males,,,1,0.6675966,17.303108,0.33240342
data\processed\bfw\asian\n007816\0627_01.jpg,data\processed\bfw\asian\n008383\0539_01.jpg,n007816,n008383,asian,asian,females,females,,,0,-0.016495215,27.220766,1.0164952
data\processed\bfw\asian\n005071\0115_02.jpg,data\processed\bfw\asian\n005071\0193_01.jpg,n005071,n005071,asian,asian,males,males,,,1,0.65631294,17.815886,0.34368706
data\processed\bfw\asian\n000143\0044_01.jpg,data\processed\bfw\asian\n000143\0406_01.jpg,n000143,n000143,asian,asian,females,females,,,1,0.26137784,19.119791,0.7386222
data\processed\bfw\asian\n007372\0198_01.jpg,data\processed\bfw\asian\n006358\0117_01.jpg,n007372,n006358,asian,asian,females,females,,,0,-0.21216491,32.971935,1.2121649
data\processed\bfw\asian\n003481\0441_01.jpg,data\processed\bfw\asian\n003354\0346_02.jpg,n003481,n003354,asian,asian,females,females,,,0,0.16749032,22.89477,0.8325097
data\processed\bfw\asian\n006149\0139_02.jpg,data\processed\bfw\asian\n006149\0197_02.jpg,n006149,n006149,asian,asian,females,females,,,1,0.22473374,21.025211,0.7752663
data\processed\bfw\asian\n008163\0223_01.jpg,data\processed\bfw\asian\n008163\0229_01.jpg,n008163,n008163,asian,asian,females,females,,,1,0.5792589,18.544155,0.42074108
data\processed\bfw\asian\n003533\0101_02.jpg,data\processed\bfw\asian\n000837\0193_01.jpg,n003533,n000837,asian,asian,males,females,,,0,0.016845122,30.901325,0.9831549
data\processed\bfw\asian\n003482\0716_02.jpg,data\processed\bfw\asian\n003635\0177_02.jpg,n003482,n003635,asian,asian,males,males,,,0,0.0252617,29.891409,0.9747383
data\processed\bfw\asian\n003027\0098_01.jpg,data\processed\bfw\asian\n003027\0176_04.jpg,n003027,n003027,asian,asian,males,males,,,1,0.6563532,20.056393,0.34364682
data\processed\bfw\asian\n004680\0175_01.jpg,data\processed\bfw\asian\n004680\0211_01.jpg,n004680,n004680,asian,asian,females,females,,,1,0.63568383,18.491545,0.36431617
data\processed\bfw\asian\n003162\0330_01.jpg,data\processed\bfw\asian\n003162\0479_02.jpg,n003162,n003162,asian,asian,males,males,,,1,0.61106306,21.027012,0.38893694
data\processed\bfw\asian\n006222\0075_01.jpg,data\processed\bfw\asian\n006222\0170_02.jpg,n006222,n006222,asian,asian,females,females,,,1,0.45033407,23.223873,0.5496659
data\processed\bfw\asian\n009041\0069_01.jpg,data\processed\bfw\asian\n009041\0118_01.jpg,n009041,n009041,asian,asian,females,females,,,1,0.33795086,23.852654,0.6620492
data\processed\bfw\asian\n007816\0091_01.jpg,data\processed\bfw\asian\n000873\0068_01.jpg,n007816,n000873,asian,asian,females,males,,,0,-0.04911735,26.705633,1.0491173
data\processed\bfw\asian\n000839\0454_01.jpg,data\processed\bfw\asian\n009288\0121_01.jpg,n000839,n009288,asian,asian,females,females,,,0,0.0005472631,26.162167,0.9994527
data\processed\bfw\asian\n004794\0124_03.jpg,data\processed\bfw\asian\n004794\0540_01.jpg,n004794,n004794,asian,asian,males,males,,,1,0.11135304,26.523178,0.88864696
data\processed\bfw\asian\n001572\0092_01.jpg,data\processed\bfw\asian\n001572\0295_01.jpg,n001572,n001572,asian,asian,females,females,,,1,0.39687672,22.499279,0.6031233
data\processed\bfw\asian\n003482\0178_02.jpg,data\processed\bfw\asian\n001682\0267_02.jpg,n003482,n001682,asian,asian,males,males,,,0,0.10789586,33.15022,0.89210415
data\processed\bfw\asian\n000160\0350_01.jpg,data\processed\bfw\asian\n000160\0435_02.jpg,n000160,n000160,asian,asian,females,females,,,1,0.30202252,20.267128,0.6979775
data\processed\bfw\asian\n005078\0279_02.jpg,data\processed\bfw\asian\n003357\0042_01.jpg,n005078,n003357,asian,asian,males,females,,,0,0.131735,28.161186,0.86826503
data\processed\bfw\asian\n003449\0027_01.jpg,data\processed\bfw\asian\n004472\0166_01.jpg,n003449,n004472,asian,asian,females,females,,,0,0.06078106,22.593231,0.93921894
data\processed\bfw\asian\n002725\0253_02.jpg,data\processed\bfw\asian\n002725\0298_01.jpg,n002725,n002725,asian,asian,females,females,,,1,0.3832021,22.950314,0.6167979
data\processed\bfw\asian\n008383\0014_01.jpg,data\processed\bfw\asian\n009137\0104_01.jpg,n008383,n009137,asian,asian,females,females,,,0,0.16354795,24.195288,0.83645207
data\processed\bfw\asian\n006224\0145_04.jpg,data\processed\bfw\asian\n006224\0164_01.jpg,n006224,n006224,asian,asian,females,females,,,1,0.33574685,22.064505,0.6642531
data\processed\bfw\asian\n002775\0044_01.jpg,data\processed\bfw\asian\n003223\0143_01.jpg,n002775,n003223,asian,asian,males,males,,,0,0.019034225,28.300797,0.9809658
data\processed\bfw\asian\n009278\0068_01.jpg,data\processed\bfw\asian\n009278\0180_01.jpg,n009278,n009278,asian,asian,females,females,,,1,-0.07697302,28.263083,1.076973
data\processed\bfw\asian\n007385\0469_01.jpg,data\processed\bfw\asian\n007385\0674_01.jpg,n007385,n007385,asian,asian,females,females,,,1,0.04929157,27.562923,0.95070845
data\processed\bfw\asian\n009287\0026_01.jpg,data\processed\bfw\asian\n009287\0257_01.jpg,n009287,n009287,asian,asian,females,females,,,1,0.36205086,25.80984,0.6379491
data\processed\bfw\asian\n006633\0221_02.jpg,data\processed\bfw\asian\n006633\0489_03.jpg,n006633,n006633,asian,asian,females,females,,,1,0.003556912,25.64104,0.9964431
data\processed\bfw\asian\n000854\0019_02.jpg,data\processed\bfw\asian\n000854\0228_01.jpg,n000854,n000854,asian,asian,females,females,,,1,0.4102604,19.509335,0.58973956
data\processed\bfw\asian\n004786\0101_01.jpg,data\processed\bfw\asian\n004786\0173_01.jpg,n004786,n004786,asian,asian,females,females,,,1,0.49844217,21.511711,0.5015578
data\processed\bfw\asian\n005085\0376_01.jpg,data\processed\bfw\asian\n005085\0679_01.jpg,n005085,n005085,asian,asian,females,females,,,1,0.15243423,22.920774,0.84756577
data\processed\bfw\asian\n003506\0041_01.jpg,data\processed\bfw\asian\n003449\0027_01.jpg,n003506,n003449,asian,asian,females,females,,,0,-0.08043434,26.135323,1.0804343
data\processed\bfw\asian\n003156\0004_01.jpg,data\processed\bfw\asian\n003156\0101_01.jpg,n003156,n003156,asian,asian,males,males,,,1,0.45045608,20.449785,0.5495439
data\processed\bfw\asian\n006149\0007_01.jpg,data\processed\bfw\asian\n004786\0135_01.jpg,n006149,n004786,asian,asian,females,females,,,0,0.137433,22.424715,0.862567
data\processed\bfw\asian\n009177\0085_02.jpg,data\processed\bfw\asian\n005378\0370_01.jpg,n009177,n005378,asian,asian,females,females,,,0,-0.16924323,30.934135,1.1692432
data\processed\bfw\asian\n007738\0188_02.jpg,data\processed\bfw\asian\n007738\0239_01.jpg,n007738,n007738,asian,asian,females,females,,,1,0.34140548,23.785149,0.6585945
data\processed\bfw\asian\n002644\0557_01.jpg,data\processed\bfw\asian\n005216\0041_01.jpg,n002644,n005216,asian,asian,males,females,,,0,0.10912784,24.204353,0.8908722
data\processed\bfw\asian\n005378\0093_02.jpg,data\processed\bfw\asian\n005378\0232_01.jpg,n005378,n005378,asian,asian,females,females,,,1,0.4576205,20.767769,0.5423795
data\processed\bfw\asian\n009175\0072_01.jpg,data\processed\bfw\asian\n009175\0090_01.jpg,n009175,n009175,asian,asian,females,females,,,1,0.39900836,22.851261,0.6009916
data\processed\bfw\asian\n004870\0007_01.jpg,data\processed\bfw\asian\n004870\0129_01.jpg,n004870,n004870,asian,asian,females,females,,,1,0.44264045,22.52268,0.5573596
data\processed\bfw\asian\n007270\0053_01.jpg,data\processed\bfw\asian\n004467\0682_01.jpg,n007270,n004467,asian,asian,females,males,,,0,-0.113956876,28.299122,1.1139569
data\processed\bfw\asian\n009103\0035_01.jpg,data\processed\bfw\asian\n004877\0084_01.jpg,n009103,n004877,asian,asian,females,females,,,0,0.058629915,28.123993,0.94137007
data\processed\bfw\asian\n009042\0133_01.jpg,data\processed\bfw\asian\n000873\0106_01.jpg,n009042,n000873,asian,asian,females,males,,,0,0.04178259,26.23719,0.9582174
data\processed\bfw\asian\n004787\0009_01.jpg,data\processed\bfw\asian\n007816\0147_01.jpg,n004787,n007816,asian,asian,females,females,,,0,0.048988987,26.43921,0.951011
data\processed\bfw\asian\n004686\0100_01.jpg,data\processed\bfw\asian\n004686\0271_01.jpg,n004686,n004686,asian,asian,males,males,,,1,0.5845266,17.81492,0.4154734
data\processed\bfw\asian\n007378\0173_02.jpg,data\processed\bfw\asian\n002331\0091_01.jpg,n007378,n002331,asian,asian,females,males,,,0,-0.08119031,28.916628,1.0811903
data\processed\bfw\asian\n003465\0036_01.jpg,data\processed\bfw\asian\n003465\0169_01.jpg,n003465,n003465,asian,asian,males,males,,,1,0.5316401,19.401093,0.4683599
data\processed\bfw\asian\n007380\0083_02.jpg,data\processed\bfw\asian\n007380\0195_01.jpg,n007380,n007380,asian,asian,females,females,,,1,0.1758647,25.97465,0.8241353
data\processed\bfw\asian\n005474\0072_02.jpg,data\processed\bfw\asian\n005474\0128_01.jpg,n005474,n005474,asian,asian,females,females,,,1,0.46550277,19.193882,0.53449726
data\processed\bfw\asian\n003489\0051_03.jpg,data\processed\bfw\asian\n003489\0247_01.jpg,n003489,n003489,asian,asian,males,males,,,1,0.30149743,26.237413,0.69850254
data\processed\bfw\asian\n009288\0236_01.jpg,data\processed\bfw\asian\n009288\0281_02.jpg,n009288,n009288,asian,asian,females,females,,,1,0.10400529,26.970512,0.8959947
data\processed\bfw\asian\n009041\0040_01.jpg,data\processed\bfw\asian\n009041\0092_01.jpg,n009041,n009041,asian,asian,females,females,,,1,0.49409506,19.694908,0.5059049
data\processed\bfw\asian\n009042\0020_01.jpg,data\processed\bfw\asian\n002725\0102_01.jpg,n009042,n002725,asian,asian,females,females,,,0,0.045317832,29.597572,0.9546822
data\processed\bfw\asian\n003155\0029_01.jpg,data\processed\bfw\asian\n003155\1030_04.jpg,n003155,n003155,asian,asian,males,males,,,1,0.09710488,30.928669,0.9028951
data\processed\bfw\asian\n004680\0190_01.jpg,data\processed\bfw\asian\n006418\0140_02.jpg,n004680,n006418,asian,asian,females,females,,,0,0.011690233,26.635313,0.98830974
data\processed\bfw\asian\n000839\0298_01.jpg,data\processed\bfw\asian\n003824\0262_01.jpg,n000839,n003824,asian,asian,females,females,,,0,-0.01623689,27.867489,1.0162369
data\processed\bfw\asian\n006344\0431_07.jpg,data\processed\bfw\asian\n007738\0219_02.jpg,n006344,n007738,asian,asian,females,females,,,0,0.12314812,24.183672,0.87685186
data\processed\bfw\asian\n003463\0110_01.jpg,data\processed\bfw\asian\n003463\0127_01.jpg,n003463,n003463,asian,asian,males,males,,,1,0.5470688,19.848959,0.45293123
data\processed\bfw\asian\n003491\0033_01.jpg,data\processed\bfw\asian\n003482\0231_01.jpg,n003491,n003482,asian,asian,males,males,,,0,0.019381111,29.641876,0.9806189
data\processed\bfw\asian\n007270\0066_01.jpg,data\processed\bfw\asian\n007270\0155_01.jpg,n007270,n007270,asian,asian,females,females,,,1,0.48687088,20.794443,0.5131291
data\processed\bfw\asian\n000158\0066_01.jpg,data\processed\bfw\asian\n000158\0658_01.jpg,n000158,n000158,asian,asian,males,males,,,1,0.69210887,18.785053,0.30789113
data\processed\bfw\asian\n006222\0095_02.jpg,data\processed\bfw\asian\n003354\0047_01.jpg,n006222,n003354,asian,asian,females,females,,,0,-0.056928426,29.022102,1.0569284
data\processed\bfw\asian\n004935\0021_01.jpg,data\processed\bfw\asian\n004935\0327_01.jpg,n004935,n004935,asian,asian,males,males,,,1,0.5938863,19.841658,0.40611368
data\processed\bfw\asian\n006224\0212_01.jpg,data\processed\bfw\asian\n009148\0103_01.jpg,n006224,n009148,asian,asian,females,females,,,0,-0.011032423,26.91919,1.0110325
data\processed\bfw\asian\n009041\0025_01.jpg,data\processed\bfw\asian\n009041\0114_01.jpg,n009041,n009041,asian,asian,females,females,,,1,0.5935848,18.61522,0.40641522
data\processed\bfw\asian\n008163\0451_03.jpg,data\processed\bfw\asian\n005083\0133_01.jpg,n008163,n005083,asian,asian,females,females,,,0,0.056087136,25.232672,0.94391286
data\processed\bfw\asian\n003463\0125_01.jpg,data\processed\bfw\asian\n003463\0165_01.jpg,n003463,n003463,asian,asian,males,males,,,1,0.5486776,19.484573,0.45132238
data\processed\bfw\asian\n005085\0061_01.jpg,data\processed\bfw\asian\n005085\0221_04.jpg,n005085,n005085,asian,asian,females,females,,,1,0.6508275,17.841457,0.34917247
data\processed\bfw\asian\n003288\0165_11.jpg,data\processed\bfw\asian\n001496\0622_01.jpg,n003288,n001496,asian,asian,females,males,,,0,-0.102662,26.32165,1.102662
data\processed\bfw\asian\n003467\0037_01.jpg,data\processed\bfw\asian\n003467\0082_01.jpg,n003467,n003467,asian,asian,females,females,,,1,0.43721986,19.628098,0.56278014
data\processed\bfw\asian\n004221\0135_02.jpg,data\processed\bfw\asian\n004221\0166_01.jpg,n004221,n004221,asian,asian,males,males,,,1,0.4739668,21.703114,0.52603316
data\processed\bfw\asian\n006774\0105_01.jpg,data\processed\bfw\asian\n006774\0111_01.jpg,n006774,n006774,asian,asian,females,females,,,1,0.47987977,21.624203,0.52012026
data\processed\bfw\asian\n004870\0112_02.jpg,data\processed\bfw\asian\n003489\0046_02.jpg,n004870,n003489,asian,asian,females,males,,,0,0.018461313,32.166195,0.9815387
data\processed\bfw\asian\n005072\0151_01.jpg,data\processed\bfw\asian\n003162\0379_02.jpg,n005072,n003162,asian,asian,males,males,,,0,-0.015300056,29.61243,1.0153
data\processed\bfw\asian\n006344\0025_02.jpg,data\processed\bfw\asian\n006344\0413_01.jpg,n006344,n006344,asian,asian,females,females,,,1,0.17058626,23.979357,0.8294138
data\processed\bfw\asian\n009042\0072_01.jpg,data\processed\bfw\asian\n009042\0372_01.jpg,n009042,n009042,asian,asian,females,females,,,1,0.5573824,20.956816,0.4426176
data\processed\bfw\asian\n000137\0110_01.jpg,data\processed\bfw\asian\n003162\0282_01.jpg,n000137,n003162,asian,asian,females,males,,,0,0.04281583,29.139404,0.9571842
data\processed\bfw\asian\n008401\0294_01.jpg,data\processed\bfw\asian\n008401\0389_01.jpg,n008401,n008401,asian,asian,females,females,,,1,0.5472139,18.951378,0.4527861
data\processed\bfw\asian\n004948\0125_01.jpg,data\processed\bfw\asian\n000139\0112_02.jpg,n004948,n000139,asian,asian,males,females,,,0,0.07051139,27.717865,0.9294886
data\processed\bfw\asian\n000143\0171_01.jpg,data\processed\bfw\asian\n000143\0226_04.jpg,n000143,n000143,asian,asian,females,females,,,1,0.2744364,19.774666,0.7255636
data\processed\bfw\asian\n004721\0274_01.jpg,data\processed\bfw\asian\n002644\0182_09.jpg,n004721,n002644,asian,asian,males,males,,,0,0.036120918,26.417255,0.9638791
data\processed\bfw\asian\n003557\0086_01.jpg,data\processed\bfw\asian\n003557\0255_01.jpg,n003557,n003557,asian,asian,females,females,,,1,0.47454387,17.80434,0.52545613
data\processed\bfw\asian\n005083\0046_01.jpg,data\processed\bfw\asian\n005083\0100_01.jpg,n005083,n005083,asian,asian,females,females,,,1,0.21712007,23.61544,0.78287995
data\processed\bfw\asian\n005077\0054_01.jpg,data\processed\bfw\asian\n004466\0052_01.jpg,n005077,n004466,asian,asian,females,males,,,0,-0.014690395,24.965338,1.0146904
data\processed\bfw\asian\n000143\0045_05.jpg,data\processed\bfw\asian\n000143\0080_02.jpg,n000143,n000143,asian,asian,females,females,,,1,0.3404396,22.001917,0.65956044
data\processed\bfw\asian\n004681\0016_01.jpg,data\processed\bfw\asian\n004681\0026_01.jpg,n004681,n004681,asian,asian,males,males,,,1,0.63336825,18.559286,0.36663175
data\processed\bfw\asian\n004794\0124_03.jpg,data\processed\bfw\asian\n004794\0640_01.jpg,n004794,n004794,asian,asian,males,males,,,1,0.37431645,21.001377,0.62568355
data\processed\bfw\asian\n004948\0651_01.jpg,data\processed\bfw\asian\n001864\0071_01.jpg,n004948,n001864,asian,asian,males,males,,,0,0.00044782067,25.606285,0.9995522
data\processed\bfw\asian\n004870\0344_01.jpg,data\processed\bfw\asian\n000137\0117_01.jpg,n004870,n000137,asian,asian,females,females,,,0,0.16570136,27.024082,0.8342986
data\processed\bfw\asian\n005077\0006_01.jpg,data\processed\bfw\asian\n005077\0082_01.jpg,n005077,n005077,asian,asian,females,females,,,1,0.44575977,18.498919,0.5542402
data\processed\bfw\asian\n002406\0093_01.jpg,data\processed\bfw\asian\n004221\0166_01.jpg,n002406,n004221,asian,asian,males,males,,,0,-0.031328376,29.923567,1.0313283
data\processed\bfw\asian\n006774\0062_01.jpg,data\processed\bfw\asian\n006774\0282_01.jpg,n006774,n006774,asian,asian,females,females,,,1,-0.24026814,30.538584,1.2402681
data\processed\bfw\asian\n005085\0061_01.jpg,data\processed\bfw\asian\n005085\0464_01.jpg,n005085,n005085,asian,asian,females,females,,,1,0.25425875,25.740177,0.74574125
data\processed\bfw\asian\n004794\0019_03.jpg,data\processed\bfw\asian\n003167\0037_01.jpg,n004794,n003167,asian,asian,males,males,,,0,0.008702937,27.66096,0.99129707
data\processed\bfw\asian\n004549\0181_01.jpg,data\processed\bfw\asian\n004549\0213_01.jpg,n004549,n004549,asian,asian,females,females,,,1,0.5895664,16.915936,0.4104336
data\processed\bfw\asian\n000160\0150_01.jpg,data\processed\bfw\asian\n004870\0264_01.jpg,n000160,n004870,asian,asian,females,females,,,0,0.11174988,28.128483,0.8882501
data\processed\bfw\asian\n009276\0106_05.jpg,data\processed\bfw\asian\n007089\0097_04.jpg,n009276,n007089,asian,asian,females,females,,,0,0.060376763,26.401306,0.93962324
data\processed\bfw\asian\n004680\0175_01.jpg,data\processed\bfw\asian\n004805\0012_02.jpg,n004680,n004805,asian,asian,females,males,,,0,0.014170965,28.167555,0.98582906
data\processed\bfw\asian\n005378\0409_02.jpg,data\processed\bfw\asian\n006222\0095_02.jpg,n005378,n006222,asian,asian,females,females,,,0,0.040020015,29.117983,0.95998
data\processed\bfw\asian\n000838\0040_02.jpg,data\processed\bfw\asian\n004721\0227_01.jpg,n000838,n004721,asian,asian,females,males,,,0,-0.13306615,34.35232,1.1330662
data\processed\bfw\asian\n003155\0062_02.jpg,data\processed\bfw\asian\n003155\0185_01.jpg,n003155,n003155,asian,asian,males,males,,,1,0.11049713,29.217264,0.8895029
data\processed\bfw\asian\n006634\0033_01.jpg,data\processed\bfw\asian\n006634\0114_01.jpg,n006634,n006634,asian,asian,females,females,,,1,0.49064773,22.172516,0.50935227
data\processed\bfw\asian\n006358\0076_01.jpg,data\processed\bfw\asian\n006358\0117_01.jpg,n006358,n006358,asian,asian,females,females,,,1,0.46999213,23.172792,0.53000784
data\processed\bfw\asian\n000138\0188_01.jpg,data\processed\bfw\asian\n006203\0148_03.jpg,n000138,n006203,asian,asian,females,females,,,0,0.0836096,25.20535,0.9163904
data\processed\bfw\asian\n004466\0131_01.jpg,data\processed\bfw\asian\n004787\0692_01.jpg,n004466,n004787,asian,asian,males,females,,,0,0.0024571973,26.206274,0.9975428
data\processed\bfw\asian\n000854\0045_01.jpg,data\processed\bfw\asian\n007899\0082_01.jpg,n000854,n007899,asian,asian,females,females,,,0,0.09666344,22.854286,0.9033366
data\processed\bfw\asian\n006619\0216_01.jpg,data\processed\bfw\asian\n006619\0422_01.jpg,n006619,n006619,asian,asian,females,females,,,1,0.46511313,20.541601,0.53488684
data\processed\bfw\asian\n000137\0012_01.jpg,data\processed\bfw\asian\n000137\0055_01.jpg,n000137,n000137,asian,asian,females,females,,,1,0.49202636,21.099077,0.5079737
data\processed\bfw\asian\n004469\0084_01.jpg,data\processed\bfw\asian\n004469\0098_02.jpg,n004469,n004469,asian,asian,males,males,,,1,0.59033304,21.725388,0.40966696
data\processed\bfw\asian\n007664\0053_01.jpg,data\processed\bfw\asian\n004864\0058_01.jpg,n007664,n004864,asian,asian,females,females,,,0,0.03860916,26.450636,0.96139085
data\processed\bfw\asian\n007372\0082_01.jpg,data\processed\bfw\asian\n003465\0158_01.jpg,n007372,n003465,asian,asian,females,males,,,0,-0.017578144,28.475594,1.0175781
data\processed\bfw\asian\n000158\0199_03.jpg,data\processed\bfw\asian\n004930\0078_01.jpg,n000158,n004930,asian,asian,males,females,,,0,0.00074343156,31.741467,0.99925655
data\processed\bfw\asian\n003162\0188_01.jpg,data\processed\bfw\asian\n003162\0240_01.jpg,n003162,n003162,asian,asian,males,males,,,1,0.5925695,21.075777,0.40743053
data\processed\bfw\asian\n003288\0222_01.jpg,data\processed\bfw\asian\n003288\0230_01.jpg,n003288,n003288,asian,asian,females,females,,,1,0.3239174,22.158712,0.6760826
data\processed\bfw\asian\n004794\0062_01.jpg,data\processed\bfw\asian\n003465\0169_01.jpg,n004794,n003465,asian,asian,males,males,,,0,0.04474808,28.820097,0.95525193
data\processed\bfw\asian\n009041\0077_01.jpg,data\processed\bfw\asian\n009041\0080_02.jpg,n009041,n009041,asian,asian,females,females,,,1,0.4704279,23.627714,0.5295721
data\processed\bfw\asian\n005069\0019_01.jpg,data\processed\bfw\asian\n000009\0133_02.jpg,n005069,n000009,asian,asian,females,females,,,0,0.22170782,25.114351,0.7782922
data\processed\bfw\asian\n003358\0055_01.jpg,data\processed\bfw\asian\n003358\0318_01.jpg,n003358,n003358,asian,asian,females,females,,,1,0.28457808,21.987524,0.7154219
data\processed\bfw\asian\n006222\0017_01.jpg,data\processed\bfw\asian\n006344\0112_01.jpg,n006222,n006344,asian,asian,females,females,,,0,0.12788755,25.658037,0.87211245
data\processed\bfw\asian\n003467\0036_01.jpg,data\processed\bfw\asian\n003357\0533_01.jpg,n003467,n003357,asian,asian,females,females,,,0,-0.004625882,28.376453,1.0046259
data\processed\bfw\asian\n007814\0377_03.jpg,data\processed\bfw\asian\n007814\0485_01.jpg,n007814,n007814,asian,asian,females,females,,,1,0.09874243,23.765274,0.9012576
data\processed\bfw\asian\n004467\0677_01.jpg,data\processed\bfw\asian\n004680\0113_02.jpg,n004467,n004680,asian,asian,males,females,,,0,0.041771315,28.20786,0.9582287
data\processed\bfw\asian\n009278\0060_01.jpg,data\processed\bfw\asian\n009278\0066_01.jpg,n009278,n009278,asian,asian,females,females,,,1,0.4283374,19.713993,0.5716626
data\processed\bfw\asian\n009294\0031_03.jpg,data\processed\bfw\asian\n009294\0242_01.jpg,n009294,n009294,asian,asian,females,females,,,1,0.5405819,20.592575,0.45941812
data\processed\bfw\asian\n002406\0103_01.jpg,data\processed\bfw\asian\n006418\0152_04.jpg,n002406,n006418,asian,asian,males,females,,,0,0.037603788,25.524008,0.9623962
data\processed\bfw\asian\n003027\0117_02.jpg,data\processed\bfw\asian\n005378\0020_01.jpg,n003027,n005378,asian,asian,males,females,,,0,0.021339923,30.023281,0.9786601
data\processed\bfw\asian\n003167\0141_01.jpg,data\processed\bfw\asian\n004680\0189_01.jpg,n003167,n004680,asian,asian,males,females,,,0,0.15474413,30.901733,0.84525585
data\processed\bfw\asian\n004467\0049_01.jpg,data\processed\bfw\asian\n001976\0100_02.jpg,n004467,n001976,asian,asian,males,males,,,0,0.07272108,26.214514,0.92727894
data\processed\bfw\asian\n000143\0098_01.jpg,data\processed\bfw\asian\n004681\0016_01.jpg,n000143,n004681,asian,asian,females,males,,,0,-0.024823638,29.250635,1.0248237
data\processed\bfw\asian\n004800\0366_01.jpg,data\processed\bfw\asian\n004800\0537_01.jpg,n004800,n004800,asian,asian,males,males,,,1,0.08021548,25.750105,0.91978455
data\processed\bfw\asian\n003223\0185_01.jpg,data\processed\bfw\asian\n002509\0131_01.jpg,n003223,n002509,asian,asian,males,females,,,0,0.0756649,24.08688,0.9243351
data\processed\bfw\asian\n003533\0573_01.jpg,data\processed\bfw\asian\n003533\0574_01.jpg,n003533,n003533,asian,asian,males,males,,,1,0.47190097,22.152773,0.52809906
data\processed\bfw\asian\n007378\0113_01.jpg,data\processed\bfw\asian\n007378\0509_01.jpg,n007378,n007378,asian,asian,females,females,,,1,0.51675546,18.3104,0.48324454
data\processed\bfw\asian\n004686\0433_01.jpg,data\processed\bfw\asian\n004549\0213_01.jpg,n004686,n004549,asian,asian,males,females,,,0,0.0118358685,26.36294,0.9881641
data\processed\bfw\asian\n001682\0051_01.jpg,data\processed\bfw\asian\n001682\0177_01.jpg,n001682,n001682,asian,asian,males,males,,,1,0.12712666,30.8427,0.8728733
data\processed\bfw\asian\n004549\0168_05.jpg,data\processed\bfw\asian\n004549\0222_02.jpg,n004549,n004549,asian,asian,females,females,,,1,0.047294628,26.030903,0.9527054
data\processed\bfw\asian\n004725\0036_01.jpg,data\processed\bfw\asian\n004725\0088_01.jpg,n004725,n004725,asian,asian,males,males,,,1,0.73174024,17.644268,0.26825976
data\processed\bfw\asian\n003288\0051_01.jpg,data\processed\bfw\asian\n003288\0228_01.jpg,n003288,n003288,asian,asian,females,females,,,1,0.27161127,21.848846,0.7283887
data\processed\bfw\asian\n002320\0240_01.jpg,data\processed\bfw\asian\n009137\0416_01.jpg,n002320,n009137,asian,asian,males,females,,,0,0.028482707,29.840502,0.97151726
data\processed\bfw\asian\n000158\0012_01.jpg,data\processed\bfw\asian\n000158\0158_01.jpg,n000158,n000158,asian,asian,males,males,,,1,0.5964449,19.400972,0.4035551
data\processed\bfw\asian\n001496\0133_01.jpg,data\processed\bfw\asian\n001496\0219_01.jpg,n001496,n001496,asian,asian,males,males,,,1,0.39192966,22.7291,0.6080704
data\processed\bfw\asian\n009279\0025_01.jpg,data\processed\bfw\asian\n009279\0393_04.jpg,n009279,n009279,asian,asian,females,females,,,1,0.09687915,27.90753,0.9031209
data\processed\bfw\asian\n000872\0296_06.jpg,data\processed\bfw\asian\n009278\0061_02.jpg,n000872,n009278,asian,asian,males,females,,,0,0.008264094,28.331503,0.99173594
data\processed\bfw\asian\n005446\0279_01.jpg,data\processed\bfw\asian\n005446\0480_01.jpg,n005446,n005446,asian,asian,females,females,,,1,0.40503836,20.330006,0.59496164
data\processed\bfw\asian\n004877\0076_01.jpg,data\processed\bfw\asian\n004877\0145_01.jpg,n004877,n004877,asian,asian,females,females,,,1,0.5221027,18.265724,0.4778973
data\processed\bfw\asian\n004467\0418_01.jpg,data\processed\bfw\asian\n004467\0638_01.jpg,n004467,n004467,asian,asian,males,males,,,1,0.5228212,19.675886,0.4771788
data\processed\bfw\asian\n007378\0071_01.jpg,data\processed\bfw\asian\n007378\0214_01.jpg,n007378,n007378,asian,asian,females,females,,,1,0.27232006,23.101143,0.72767997
data\processed\bfw\asian\n004469\0217_03.jpg,data\processed\bfw\asian\n004469\0832_01.jpg,n004469,n004469,asian,asian,males,males,,,1,0.0787838,31.257324,0.9212162
data\processed\bfw\asian\n003167\0274_01.jpg,data\processed\bfw\asian\n003167\0602_01.jpg,n003167,n003167,asian,asian,males,males,,,1,0.24875034,23.477285,0.7512497
data\processed\bfw\asian\n005069\0225_01.jpg,data\processed\bfw\asian\n005069\0246_01.jpg,n005069,n005069,asian,asian,females,females,,,1,0.3656205,22.420881,0.6343795
data\processed\bfw\asian\n003357\0006_01.jpg,data\processed\bfw\asian\n003357\0123_01.jpg,n003357,n003357,asian,asian,females,females,,,1,0.4823917,19.499748,0.5176083
data\processed\bfw\asian\n006203\0045_01.jpg,data\processed\bfw\asian\n006203\0430_01.jpg,n006203,n006203,asian,asian,females,females,,,1,0.23513581,22.450766,0.7648642
data\processed\bfw\asian\n007372\0210_01.jpg,data\processed\bfw\asian\n007372\0295_01.jpg,n007372,n007372,asian,asian,females,females,,,1,0.19875945,25.263874,0.80124056
data\processed\bfw\asian\n008383\0539_01.jpg,data\processed\bfw\asian\n000132\0112_01__face_0.jpg,n008383,n000132,asian,asian,females,males,,,0,0.02568224,26.760412,0.9743178
data\processed\bfw\asian\n008978\0026_01.jpg,data\processed\bfw\asian\n008978\0318_01.jpg,n008978,n008978,asian,asian,females,females,,,1,0.059766978,26.54975,0.940233
data\processed\bfw\asian\n006774\0130_01.jpg,data\processed\bfw\asian\n006774\0393_01.jpg,n006774,n006774,asian,asian,females,females,,,1,0.30097863,24.074125,0.69902134
data\processed\bfw\asian\n004472\0332_01.jpg,data\processed\bfw\asian\n004472\0720_01.jpg,n004472,n004472,asian,asian,females,females,,,1,-0.016338428,22.855715,1.0163385
data\processed\bfw\asian\n009175\0077_01.jpg,data\processed\bfw\asian\n004109\0003_01.jpg,n009175,n004109,asian,asian,females,males,,,0,0.11376897,27.767664,0.886231
data\processed\bfw\asian\n001572\0158_01.jpg,data\processed\bfw\asian\n006222\0032_01.jpg,n001572,n006222,asian,asian,females,females,,,0,0.042453293,24.7373,0.9575467
data\processed\bfw\asian\n005446\0141_01.jpg,data\processed\bfw\asian\n004786\0021_01.jpg,n005446,n004786,asian,asian,females,females,,,0,0.12233614,24.554092,0.87766385
data\processed\bfw\asian\n005069\0225_01.jpg,data\processed\bfw\asian\n000840\0160_02.jpg,n005069,n000840,asian,asian,females,females,,,0,0.038325615,23.958239,0.9616744
data\processed\bfw\asian\n004687\0113_01.jpg,data\processed\bfw\asian\n004687\0295_01.jpg,n004687,n004687,asian,asian,females,females,,,1,0.44571826,20.346073,0.5542817
data\processed\bfw\asian\n006149\0087_01.jpg,data\processed\bfw\asian\n005063\0577_01.jpg,n006149,n005063,asian,asian,females,females,,,0,0.054969784,29.044102,0.9450302
data\processed\bfw\asian\n005069\0019_01.jpg,data\processed\bfw\asian\n005069\0022_01.jpg,n005069,n005069,asian,asian,females,females,,,1,0.6020216,18.830126,0.39797843
data\processed\bfw\asian\n004791\0030_01.jpg,data\processed\bfw\asian\n004791\0263_01.jpg,n004791,n004791,asian,asian,males,males,,,1,0.3930465,20.750935,0.6069535
data\processed\bfw\asian\n005085\0221_04.jpg,data\processed\bfw\asian\n003167\0141_01.jpg,n005085,n003167,asian,asian,females,males,,,0,-0.075028196,33.62241,1.0750282
data\processed\bfw\asian\n009275\0039_01.jpg,data\processed\bfw\asian\n002775\0044_01.jpg,n009275,n002775,asian,asian,females,males,,,0,-0.037877403,30.562029,1.0378774
data\processed\bfw\asian\n009125\0116_02.jpg,data\processed\bfw\asian\n009125\0270_01.jpg,n009125,n009125,asian,asian,females,females,,,1,0.46372107,20.586262,0.53627896
data\processed\bfw\asian\n008383\0279_06.jpg,data\processed\bfw\asian\n003482\0006_04.jpg,n008383,n003482,asian,asian,females,males,,,0,-0.07519786,32.401955,1.0751978
data\processed\bfw\asian\n005177\0042_01.jpg,data\processed\bfw\asian\n005177\0152_01.jpg,n005177,n005177,asian,asian,males,males,,,1,0.56876826,17.571472,0.43123174
data\processed\bfw\asian\n006634\0120_01.jpg,data\processed\bfw\asian\n006634\0322_01.jpg,n006634,n006634,asian,asian,females,females,,,1,0.06402008,27.572895,0.9359799
data\processed\bfw\asian\n006619\0572_01.jpg,data\processed\bfw\asian\n009103\0274_01.jpg,n006619,n009103,asian,asian,females,females,,,0,-0.069593795,28.78266,1.0695938
data\processed\bfw\asian\n009294\0031_03.jpg,data\processed\bfw\asian\n009294\0081_01.jpg,n009294,n009294,asian,asian,females,females,,,1,0.3474501,24.673498,0.65254986
data\processed\bfw\asian\n004467\0001_01.jpg,data\processed\bfw\asian\n000138\0129_03.jpg,n004467,n000138,asian,asian,males,females,,,0,0.03331813,26.761946,0.9666819
data\processed\bfw\asian\n005083\0367_02.jpg,data\processed\bfw\asian\n003354\0243_01.jpg,n005083,n003354,asian,asian,females,females,,,0,-0.0071252496,24.383343,1.0071253
data\processed\bfw\asian\n004935\0021_01.jpg,data\processed\bfw\asian\n009294\0194_01.jpg,n004935,n009294,asian,asian,males,females,,,0,-0.07462744,31.136488,1.0746274
data\processed\bfw\asian\n005071\0113_02.jpg,data\processed\bfw\asian\n004687\0019_01.jpg,n005071,n004687,asian,asian,males,females,,,0,0.018396944,28.652658,0.981603
data\processed\bfw\asian\n001562\0130_01.jpg,data\processed\bfw\asian\n001562\0372_02.jpg,n001562,n001562,asian,asian,males,males,,,1,0.16593543,24.405703,0.8340646
data\processed\bfw\asian\n000840\0023_01.jpg,data\processed\bfw\asian\n000840\0099_01.jpg,n000840,n000840,asian,asian,females,females,,,1,0.3772629,21.080597,0.6227371
data\processed\bfw\asian\n009137\0070_01.jpg,data\processed\bfw\asian\n009137\0211_02.jpg,n009137,n009137,asian,asian,females,females,,,1,0.07431593,25.02008,0.9256841
data\processed\bfw\asian\n000143\0019_01.jpg,data\processed\bfw\asian\n000873\0111_01.jpg,n000143,n000873,asian,asian,females,males,,,0,-0.16335028,28.519236,1.1633503
data\processed\bfw\asian\n007814\0175_01.jpg,data\processed\bfw\asian\n004809\0013_10.jpg,n007814,n004809,asian,asian,females,males,,,0,0.039816644,24.396229,0.9601834
data\processed\bfw\asian\n009294\0002_01.jpg,data\processed\bfw\asian\n009294\0258_01.jpg,n009294,n009294,asian,asian,females,females,,,1,0.3567081,23.145582,0.6432919
data\processed\bfw\asian\n005474\0210_02.jpg,data\processed\bfw\asian\n005474\0769_01.jpg,n005474,n005474,asian,asian,females,females,,,1,0.3745985,19.928795,0.6254015
data\processed\bfw\asian\n004948\0111_01.jpg,data\processed\bfw\asian\n004948\0212_01.jpg,n004948,n004948,asian,asian,males,males,,,1,0.40851972,21.367378,0.59148026
data\processed\bfw\asian\n009177\0370_01.jpg,data\processed\bfw\asian\n009177\0626_01.jpg,n009177,n009177,asian,asian,females,females,,,1,0.42280984,20.89917,0.57719016
data\processed\bfw\asian\n000840\0025_01.jpg,data\processed\bfw\asian\n000161\0338_01.jpg,n000840,n000161,asian,asian,females,males,,,0,0.0139741395,27.386507,0.98602587
data\processed\bfw\asian\n006126\0423_01.jpg,data\processed\bfw\asian\n004469\0048_02.jpg,n006126,n004469,asian,asian,females,males,,,0,-0.011027509,25.197676,1.0110275
data\processed\bfw\asian\n002644\0054_01.jpg,data\processed\bfw\asian\n002644\0319_01.jpg,n002644,n002644,asian,asian,males,males,,,1,0.5011706,18.958826,0.49882942
data\processed\bfw\asian\n003467\0094_01.jpg,data\processed\bfw\asian\n003467\0130_03.jpg,n003467,n003467,asian,asian,females,females,,,1,0.20687932,22.36409,0.7931207
data\processed\bfw\asian\n003824\0097_01.jpg,data\processed\bfw\asian\n008978\0138_01.jpg,n003824,n008978,asian,asian,females,females,,,0,0.06935406,24.841246,0.93064594
data\processed\bfw\asian\n004467\0226_01.jpg,data\processed\bfw\asian\n004467\0227_04.jpg,n004467,n004467,asian,asian,males,males,,,1,0.39123824,21.502167,0.6087618
data\processed\bfw\asian\n009276\0046_16.jpg,data\processed\bfw\asian\n004864\0229_01.jpg,n009276,n004864,asian,asian,females,females,,,0,0.116175696,23.49379,0.8838243
data\processed\bfw\asian\n004549\0027_02.jpg,data\processed\bfw\asian\n006774\0111_01.jpg,n004549,n006774,asian,asian,females,females,,,0,0.068674415,27.579128,0.93132555
data\processed\bfw\asian\n009103\0161_01.jpg,data\processed\bfw\asian\n009103\0291_01.jpg,n009103,n009103,asian,asian,females,females,,,1,0.42057207,20.57641,0.57942796
data\processed\bfw\asian\n006148\0040_01.jpg,data\processed\bfw\asian\n006223\0148_01.jpg,n006148,n006223,asian,asian,females,females,,,0,-0.023133997,26.925531,1.023134
data\processed\bfw\asian\n007664\0158_01.jpg,data\processed\bfw\asian\n003155\0052_02.jpg,n007664,n003155,asian,asian,females,males,,,0,0.024981664,29.096334,0.9750183
data\processed\bfw\asian\n006222\0001_01.jpg,data\processed\bfw\asian\n006222\0312_01.jpg,n006222,n006222,asian,asian,females,females,,,1,0.3630848,20.146313,0.6369152
data\processed\bfw\asian\n003482\0155_05.jpg,data\processed\bfw\asian\n006203\0224_01.jpg,n003482,n006203,asian,asian,males,females,,,0,-0.056009784,29.985641,1.0560098
data\processed\bfw\asian\n009288\0063_01.jpg,data\processed\bfw\asian\n009288\0175_01.jpg,n009288,n009288,asian,asian,females,females,,,1,0.25591075,23.104784,0.74408925
data\processed\bfw\asian\n009275\0273_01.jpg,data\processed\bfw\asian\n006344\0166_01.jpg,n009275,n006344,asian,asian,females,females,,,0,-0.04118552,27.570274,1.0411855
data\processed\bfw\asian\n004860\0567_02.jpg,data\processed\bfw\asian\n004467\0186_01.jpg,n004860,n004467,asian,asian,females,males,,,0,-0.022848014,26.037827,1.022848
data\processed\bfw\asian\n009137\0278_01.jpg,data\processed\bfw\asian\n009137\0521_02.jpg,n009137,n009137,asian,asian,females,females,,,1,0.34699863,21.070307,0.65300137
data\processed\bfw\asian\n009278\0026_01.jpg,data\processed\bfw\asian\n009278\0180_01.jpg,n009278,n009278,asian,asian,females,females,,,1,-0.0019457929,29.700064,1.0019457
data\processed\bfw\asian\n003463\0152_01.jpg,data\processed\bfw\asian\n001976\0221_02.jpg,n003463,n001976,asian,asian,males,males,,,0,0.03298943,24.033527,0.96701056
data\processed\bfw\asian\n009277\0018_01.jpg,data\processed\bfw\asian\n009277\0578_02.jpg,n009277,n009277,asian,asian,females,females,,,1,0.41443095,21.686102,0.585569
data\processed\bfw\asian\n004785\0139_01.jpg,data\processed\bfw\asian\n004785\0211_01.jpg,n004785,n004785,asian,asian,females,females,,,1,0.4715799,20.817915,0.5284201
data\processed\bfw\asian\n008383\0068_01.jpg,data\processed\bfw\asian\n009278\0192_01.jpg,n008383,n009278,asian,asian,females,females,,,0,0.113388605,27.192377,0.8866114
data\processed\bfw\asian\n006222\0071_01.jpg,data\processed\bfw\asian\n006222\0177_02.jpg,n006222,n006222,asian,asian,females,females,,,1,0.43668005,22.731913,0.5633199
data\processed\bfw\asian\n004800\0419_04.jpg,data\processed\bfw\asian\n004800\0526_01.jpg,n004800,n004800,asian,asian,males,males,,,1,0.062529646,28.50556,0.9374704
data\processed\bfw\asian\n005378\0222_01.jpg,data\processed\bfw\asian\n005378\0370_01.jpg,n005378,n005378,asian,asian,females,females,,,1,0.19726932,26.524172,0.8027307
data\processed\bfw\asian\n003357\0214_01.jpg,data\processed\bfw\asian\n009103\0724_01.jpg,n003357,n009103,asian,asian,females,females,,,0,-0.08652083,26.963242,1.0865208
data\processed\bfw\asian\n004870\0063_01.jpg,data\processed\bfw\asian\n004805\0164_01.jpg,n004870,n004805,asian,asian,females,males,,,0,0.030315837,25.780586,0.9696842
data\processed\bfw\asian\n003357\0168_01.jpg,data\processed\bfw\asian\n003357\0291_01.jpg,n003357,n003357,asian,asian,females,females,,,1,0.39478582,21.724401,0.6052142
data\processed\bfw\asian\n005085\0305_03.jpg,data\processed\bfw\asian\n001864\0078_01.jpg,n005085,n001864,asian,asian,females,males,,,0,-0.058339693,26.028633,1.0583397
data\processed\bfw\asian\n004472\0206_01.jpg,data\processed\bfw\asian\n003156\0086_01.jpg,n004472,n003156,asian,asian,females,males,,,0,-0.020511491,25.887068,1.0205115
data\processed\bfw\asian\n005216\0041_01.jpg,data\processed\bfw\asian\n001682\0251_02.jpg,n005216,n001682,asian,asian,females,males,,,0,0.103840664,30.359098,0.89615935
data\processed\bfw\asian\n009287\0250_04.jpg,data\processed\bfw\asian\n009287\0262_01.jpg,n009287,n009287,asian,asian,females,females,,,1,0.4350886,23.234026,0.56491137
data\processed\bfw\asian\n003355\0137_01.jpg,data\processed\bfw\asian\n002320\0224_01.jpg,n003355,n002320,asian,asian,males,males,,,0,-0.0878977,30.276436,1.0878977
data\processed\bfw\asian\n003533\0101_02.jpg,data\processed\bfw\asian\n007816\0760_01.jpg,n003533,n007816,asian,asian,males,females,,,0,0.02172086,27.4651,0.9782791
data\processed\bfw\asian\n005116\0002_01.jpg,data\processed\bfw\asian\n004930\0236_01.jpg,n005116,n004930,asian,asian,males,females,,,0,0.06992599,24.544746,0.930074
data\processed\bfw\asian\n004936\0245_01.jpg,data\processed\bfw\asian\n000139\0311_01.jpg,n004936,n000139,asian,asian,females,females,,,0,-0.08327418,28.143253,1.0832741
data\processed\bfw\asian\n007738\0027_01.jpg,data\processed\bfw\asian\n003533\0062_02.jpg,n007738,n003533,asian,asian,females,males,,,0,0.08193574,29.136482,0.91806424
data\processed\bfw\asian\n007372\0078_01.jpg,data\processed\bfw\asian\n001496\0349_01.jpg,n007372,n001496,asian,asian,females,males,,,0,0.042212956,30.709286,0.95778704
data\processed\bfw\asian\n004108\0096_01.jpg,data\processed\bfw\asian\n004786\0088_03.jpg,n004108,n004786,asian,asian,males,females,,,0,0.10973529,24.649986,0.8902647
data\processed\bfw\asian\n003533\0100_02.jpg,data\processed\bfw\asian\n005216\0133_01.jpg,n003533,n005216,asian,asian,males,females,,,0,0.07179197,27.6331,0.92820805
data\processed\bfw\asian\n007270\0097_01.jpg,data\processed\bfw\asian\n007270\0682_01.jpg,n007270,n007270,asian,asian,females,females,,,1,0.5973879,17.890339,0.4026121
data\processed\bfw\asian\n004467\0307_03.jpg,data\processed\bfw\asian\n003354\0058_01.jpg,n004467,n003354,asian,asian,males,females,,,0,0.042824842,27.643234,0.95717514
data\processed\bfw\asian\n004787\0101_03.jpg,data\processed\bfw\asian\n009042\0250_01.jpg,n004787,n009042,asian,asian,females,females,,,0,0.15185663,27.067133,0.84814334
data\processed\bfw\asian\n006633\0288_01.jpg,data\processed\bfw\asian\n006633\0489_03.jpg,n006633,n006633,asian,asian,females,females,,,1,0.022396214,24.06911,0.9776038
data\processed\bfw\asian\n009137\0492_01.jpg,data\processed\bfw\asian\n000158\0040_07.jpg,n009137,n000158,asian,asian,females,males,,,0,0.021651085,27.57639,0.9783489
data\processed\bfw\asian\n004725\0088_01.jpg,data\processed\bfw\asian\n004725\0341_01.jpg,n004725,n004725,asian,asian,males,males,,,1,0.3963588,25.434856,0.6036412
data\processed\bfw\asian\n006224\0067_01.jpg,data\processed\bfw\asian\n006224\0096_01.jpg,n006224,n006224,asian,asian,females,females,,,1,0.6530988,16.64983,0.34690118
data\processed\bfw\asian\n003481\0053_02.jpg,data\processed\bfw\asian\n003481\0093_02.jpg,n003481,n003481,asian,asian,females,females,,,1,0.40880078,21.901186,0.5911992
data\processed\bfw\asian\n005116\0693_01.jpg,data\processed\bfw\asian\n006203\0009_04.jpg,n005116,n006203,asian,asian,males,females,,,0,-0.011579423,26.70057,1.0115794
data\processed\bfw\asian\n004870\0033_01.jpg,data\processed\bfw\asian\n002775\0034_02.jpg,n004870,n002775,asian,asian,females,males,,,0,-0.022394603,31.675922,1.0223947
data\processed\bfw\asian\n001682\0031_01.jpg,data\processed\bfw\asian\n001682\0041_01.jpg,n001682,n001682,asian,asian,males,males,,,1,0.7662432,15.10261,0.23375678
data\processed\bfw\asian\n001496\0149_01.jpg,data\processed\bfw\asian\n007899\0095_01.jpg,n001496,n007899,asian,asian,males,females,,,0,0.001287533,29.559528,0.9987125
data\processed\bfw\asian\n003465\0127_01.jpg,data\processed\bfw\asian\n003223\0006_01.jpg,n003465,n003223,asian,asian,males,males,,,0,0.0357858,27.696392,0.9642142
data\processed\bfw\asian\n003162\0034_01.jpg,data\processed\bfw\asian\n003162\0240_01.jpg,n003162,n003162,asian,asian,males,males,,,1,0.6232314,19.406101,0.3767686
data\processed\bfw\asian\n006418\0251_02.jpg,data\processed\bfw\asian\n006418\0377_02.jpg,n006418,n006418,asian,asian,females,females,,,1,-0.05624439,28.626524,1.0562444
data\processed\bfw\asian\n004467\0227_04.jpg,data\processed\bfw\asian\n003167\0042_19.jpg,n004467,n003167,asian,asian,males,males,,,0,0.13881907,26.15482,0.8611809
data\processed\bfw\asian\n006774\0075_01.jpg,data\processed\bfw\asian\n004809\0506_01.jpg,n006774,n004809,asian,asian,females,males,,,0,0.03420497,29.449474,0.96579504
data\processed\bfw\asian\n003481\0054_01.jpg,data\processed\bfw\asian\n009294\0098_01.jpg,n003481,n009294,asian,asian,females,females,,,0,-0.009164547,28.436901,1.0091646
data\processed\bfw\asian\n008148\0137_01.jpg,data\processed\bfw\asian\n009041\0032_01.jpg,n008148,n009041,asian,asian,females,females,,,0,-0.08038732,32.00635,1.0803874
data\processed\bfw\asian\n008163\0276_01.jpg,data\processed\bfw\asian\n003155\0989_02.jpg,n008163,n003155,asian,asian,females,males,,,0,0.012706273,27.37989,0.9872937
data\processed\bfw\asian\n005077\0052_01.jpg,data\processed\bfw\asian\n005077\0248_01.jpg,n005077,n005077,asian,asian,females,females,,,1,0.44661978,19.497822,0.55338025
data\processed\bfw\asian\n009103\0274_01.jpg,data\processed\bfw\asian\n001864\0112_03.jpg,n009103,n001864,asian,asian,females,males,,,0,0.11253039,27.579756,0.8874696
data\processed\bfw\asian\n003449\0073_01.jpg,data\processed\bfw\asian\n003449\0083_01.jpg,n003449,n003449,asian,asian,females,females,,,1,0.29735085,23.235048,0.7026491
data\processed\bfw\asian\n004785\0145_01.jpg,data\processed\bfw\asian\n004785\0167_02.jpg,n004785,n004785,asian,asian,females,females,,,1,0.5152227,19.327991,0.48477727
data\processed\bfw\asian\n003489\0005_01.jpg,data\processed\bfw\asian\n004721\0321_01.jpg,n003489,n004721,asian,asian,males,males,,,0,-0.00043726814,27.449787,1.0004373
data\processed\bfw\asian\n007899\0172_04.jpg,data\processed\bfw\asian\n007899\0212_01.jpg,n007899,n007899,asian,asian,females,females,,,1,0.39556468,22.132471,0.6044353
data\processed\bfw\asian\n004725\0041_01.jpg,data\processed\bfw\asian\n004725\0070_01.jpg,n004725,n004725,asian,asian,males,males,,,1,0.73263544,16.56875,0.26736456
data\processed\bfw\asian\n007372\0252_01.jpg,data\processed\bfw\asian\n000143\0272_01.jpg,n007372,n000143,asian,asian,females,females,,,0,0.13380696,21.915417,0.86619306
data\processed\bfw\asian\n000160\0111_01.jpg,data\processed\bfw\asian\n004549\0169_02.jpg,n000160,n004549,asian,asian,females,females,,,0,-0.04785972,30.78238,1.0478597
data\processed\bfw\asian\n003635\0109_04.jpg,data\processed\bfw\asian\n002331\0029_01.jpg,n003635,n002331,asian,asian,males,males,,,0,-0.05040471,31.511639,1.0504047
data\processed\bfw\asian\n003506\0319_01.jpg,data\processed\bfw\asian\n009287\0262_01.jpg,n003506,n009287,asian,asian,females,females,,,0,0.060734462,28.234074,0.93926555
data\processed\bfw\asian\n003824\0262_01.jpg,data\processed\bfw\asian\n004686\0271_01.jpg,n003824,n004686,asian,asian,females,males,,,0,-0.004426431,26.248777,1.0044265
data\processed\bfw\asian\n004687\0031_01.jpg,data\processed\bfw\asian\n004687\0319_02.jpg,n004687,n004687,asian,asian,females,females,,,1,0.38994777,20.021496,0.6100522
data\processed\bfw\asian\n001562\0165_02.jpg,data\processed\bfw\asian\n001562\0198_02.jpg,n001562,n001562,asian,asian,males,males,,,1,0.49478835,19.866198,0.50521165
data\processed\bfw\asian\n005083\0109_01.jpg,data\processed\bfw\asian\n005083\0358_01.jpg,n005083,n005083,asian,asian,females,females,,,1,0.6343195,16.343708,0.36568052
data\processed\bfw\asian\n003533\0172_01.jpg,data\processed\bfw\asian\n003533\0571_01.jpg,n003533,n003533,asian,asian,males,males,,,1,0.3074957,23.666258,0.6925043
data\processed\bfw\asian\n005078\0227_03.jpg,data\processed\bfw\asian\n005078\0663_03.jpg,n005078,n005078,asian,asian,males,males,,,1,0.059758328,32.279076,0.9402417
data\processed\bfw\asian\n007385\0432_01.jpg,data\processed\bfw\asian\n007385\0674_01.jpg,n007385,n007385,asian,asian,females,females,,,1,0.0092471745,24.769716,0.9907528
data\processed\bfw\asian\n004686\0384_01.jpg,data\processed\bfw\asian\n005085\0401_01.jpg,n004686,n005085,asian,asian,males,females,,,0,0.123584196,25.450363,0.8764158
data\processed\bfw\asian\n003482\0021_02.jpg,data\processed\bfw\asian\n003482\0090_02.jpg,n003482,n003482,asian,asian,males,males,,,1,0.66378754,20.33329,0.33621246
data\processed\bfw\asian\n002552\0350_01.jpg,data\processed\bfw\asian\n000143\0406_01.jpg,n002552,n000143,asian,asian,males,females,,,0,0.03181835,25.063574,0.96818167
data\processed\bfw\asian\n004877\0317_02.jpg,data\processed\bfw\asian\n004785\0145_01.jpg,n004877,n004785,asian,asian,females,females,,,0,0.16383253,25.073256,0.83616745
data\processed\bfw\asian\n002725\0007_03.jpg,data\processed\bfw\asian\n003481\0215_01.jpg,n002725,n003481,asian,asian,females,females,,,0,0.044455692,27.494999,0.9555443
data\processed\bfw\asian\n004935\0038_01.jpg,data\processed\bfw\asian\n004935\0287_01.jpg,n004935,n004935,asian,asian,males,males,,,1,0.7068397,14.784098,0.29316032
data\processed\bfw\asian\n004930\0282_01.jpg,data\processed\bfw\asian\n007899\0084_02.jpg,n004930,n007899,asian,asian,females,females,,,0,-0.016401144,28.53845,1.0164012
data\processed\bfw\asian\n007380\0087_01.jpg,data\processed\bfw\asian\n004794\0015_01.jpg,n007380,n004794,asian,asian,females,males,,,0,-0.0020721552,26.10984,1.0020721
data\processed\bfw\asian\n003533\0574_01.jpg,data\processed\bfw\asian\n003533\0615_01.jpg,n003533,n003533,asian,asian,males,males,,,1,0.32604536,26.247776,0.6739546
data\processed\bfw\asian\n009279\0185_01.jpg,data\processed\bfw\asian\n009279\0393_04.jpg,n009279,n009279,asian,asian,females,females,,,1,0.04367184,24.79481,0.95632815
data\processed\bfw\asian\n005069\0022_01.jpg,data\processed\bfw\asian\n005069\0098_01.jpg,n005069,n005069,asian,asian,females,females,,,1,0.22631079,24.83709,0.7736892
data\processed\bfw\asian\n006203\0130_01.jpg,data\processed\bfw\asian\n006203\0148_03.jpg,n006203,n006203,asian,asian,females,females,,,1,0.056564778,21.331837,0.9434352
data\processed\bfw\asian\n004930\0044_01.jpg,data\processed\bfw\asian\n004930\0144_02.jpg,n004930,n004930,asian,asian,females,females,,,1,0.26661563,28.533203,0.7333844
data\processed\bfw\asian\n004108\0529_01.jpg,data\processed\bfw\asian\n008383\0138_01.jpg,n004108,n008383,asian,asian,males,females,,,0,0.05465463,22.883268,0.94534534
data\processed\bfw\asian\n000138\0067_01.jpg,data\processed\bfw\asian\n000840\0036_03.jpg,n000138,n000840,asian,asian,females,females,,,0,0.28778127,23.710562,0.71221876
data\processed\bfw\asian\n007380\0320_01.jpg,data\processed\bfw\asian\n007380\0525_01.jpg,n007380,n007380,asian,asian,females,females,,,1,0.11207072,21.7161,0.88792926
data\processed\bfw\asian\n004467\0504_01.jpg,data\processed\bfw\asian\n003357\0042_01.jpg,n004467,n003357,asian,asian,males,females,,,0,0.021739911,24.213259,0.9782601
data\processed\bfw\asian\n004794\0367_01.jpg,data\processed\bfw\asian\n004794\0644_01.jpg,n004794,n004794,asian,asian,males,males,,,1,0.19238041,24.423794,0.8076196
data\processed\bfw\asian\n000132\0234_01__face_0.jpg,data\processed\bfw\asian\n000132\0299_02__face_0.jpg,n000132,n000132,asian,asian,males,males,,,1,0.3551938,23.431461,0.6448062
data\processed\bfw\asian\n000839\0251_01.jpg,data\processed\bfw\asian\n003156\0119_01.jpg,n000839,n003156,asian,asian,females,males,,,0,0.066184424,25.038431,0.9338156
data\processed\bfw\asian\n003358\0224_10.jpg,data\processed\bfw\asian\n001496\0133_01.jpg,n003358,n001496,asian,asian,females,males,,,0,-0.07917908,28.826366,1.079179
data\processed\bfw\asian\n000838\0040_02.jpg,data\processed\bfw\asian\n000838\0066_01.jpg,n000838,n000838,asian,asian,females,females,,,1,0.37072372,25.317192,0.6292763
data\processed\bfw\asian\n000872\0109_01.jpg,data\processed\bfw\asian\n000872\0581_01.jpg,n000872,n000872,asian,asian,males,males,,,1,0.40641358,26.054184,0.59358644
data\processed\bfw\asian\n004108\0188_01.jpg,data\processed\bfw\asian\n004108\0239_01.jpg,n004108,n004108,asian,asian,males,males,,,1,0.17624344,22.188066,0.8237566
data\processed\bfw\asian\n008163\0035_02.jpg,data\processed\bfw\asian\n005078\0279_02.jpg,n008163,n005078,asian,asian,females,males,,,0,0.016250342,29.646425,0.9837496
data\processed\bfw\asian\n004791\0152_02.jpg,data\processed\bfw\asian\n006149\0086_01.jpg,n004791,n006149,asian,asian,males,females,,,0,0.02844479,23.48077,0.97155523
data\processed\bfw\asian\n007664\0065_01.jpg,data\processed\bfw\asian\n006223\0519_01.jpg,n007664,n006223,asian,asian,females,females,,,0,0.06499586,22.672539,0.9350041
data\processed\bfw\asian\n009148\0083_01.jpg,data\processed\bfw\asian\n007385\0469_01.jpg,n009148,n007385,asian,asian,females,females,,,0,-0.032810897,29.590727,1.0328109
data\processed\bfw\asian\n002552\0040_01.jpg,data\processed\bfw\asian\n002552\0059_01.jpg,n002552,n002552,asian,asian,males,males,,,1,0.60383767,19.333633,0.39616233
data\processed\bfw\asian\n000840\0041_01.jpg,data\processed\bfw\asian\n004794\0019_03.jpg,n000840,n004794,asian,asian,females,males,,,0,-0.092268735,29.236385,1.0922687
data\processed\bfw\asian\n001562\0207_01.jpg,data\processed\bfw\asian\n000132\0054_01__face_0.jpg,n001562,n000132,asian,asian,males,males,,,0,-0.054132584,29.300917,1.0541326
data\processed\bfw\asian\n004786\0795_01.jpg,data\processed\bfw\asian\n006148\0027_01.jpg,n004786,n006148,asian,asian,females,females,,,0,0.15761225,24.873665,0.84238774
data\processed\bfw\asian\n007372\0148_01.jpg,data\processed\bfw\asian\n007372\0247_01.jpg,n007372,n007372,asian,asian,females,females,,,1,0.5205415,18.883305,0.4794585
data\processed\bfw\asian\n006126\0179_01.jpg,data\processed\bfw\asian\n003467\0146_02.jpg,n006126,n003467,asian,asian,females,females,,,0,0.24489982,22.336725,0.7551002
data\processed\bfw\asian\n004785\0082_01.jpg,data\processed\bfw\asian\n004785\0357_02.jpg,n004785,n004785,asian,asian,females,females,,,1,0.53662735,20.918596,0.46337265
data\processed\bfw\asian\n009103\0291_01.jpg,data\processed\bfw\asian\n009103\0700_03.jpg,n009103,n009103,asian,asian,females,females,,,1,0.40680188,21.679914,0.5931981
data\processed\bfw\asian\n009125\0321_01.jpg,data\processed\bfw\asian\n009125\0363_01.jpg,n009125,n009125,asian,asian,females,females,,,1,0.31474268,20.542131,0.6852573
data\processed\bfw\asian\n004680\0175_01.jpg,data\processed\bfw\asian\n004680\0180_01.jpg,n004680,n004680,asian,asian,females,females,,,1,0.48513323,21.55506,0.51486677
data\processed\bfw\asian\n003162\0258_02.jpg,data\processed\bfw\asian\n003162\0459_01.jpg,n003162,n003162,asian,asian,males,males,,,1,0.12192148,28.950047,0.8780785
data\processed\bfw\asian\n005474\0110_01.jpg,data\processed\bfw\asian\n007664\0133_01.jpg,n005474,n007664,asian,asian,females,females,,,0,0.07786346,23.694357,0.92213655
data\processed\bfw\asian\n003162\0258_02.jpg,data\processed\bfw\asian\n003162\0508_01.jpg,n003162,n003162,asian,asian,males,males,,,1,0.13584949,26.89604,0.8641505
data\processed\bfw\asian\n004786\0135_01.jpg,data\processed\bfw\asian\n004681\0233_01.jpg,n004786,n004681,asian,asian,females,males,,,0,-0.014775351,23.86064,1.0147754
data\processed\bfw\asian\n003358\0149_01.jpg,data\processed\bfw\asian\n003167\0037_01.jpg,n003358,n003167,asian,asian,females,males,,,0,-0.11585128,27.257643,1.1158513
data\processed\bfw\asian\n006148\0030_01.jpg,data\processed\bfw\asian\n006148\0595_02.jpg,n006148,n006148,asian,asian,females,females,,,1,0.5470497,19.128878,0.4529503
data\processed\bfw\asian\n000856\0012_01.jpg,data\processed\bfw\asian\n000856\0110_02.jpg,n000856,n000856,asian,asian,females,females,,,1,0.18267813,23.362333,0.8173219
data\processed\bfw\asian\n009275\0238_02.jpg,data\processed\bfw\asian\n009275\0397_05.jpg,n009275,n009275,asian,asian,females,females,,,1,0.03622459,25.581045,0.9637754
data\processed\bfw\asian\n007738\0114_01.jpg,data\processed\bfw\asian\n007738\0158_02.jpg,n007738,n007738,asian,asian,females,females,,,1,0.28672612,22.723602,0.7132739
data\processed\bfw\asian\n007738\0158_02.jpg,data\processed\bfw\asian\n006634\0434_01.jpg,n007738,n006634,asian,asian,females,females,,,0,-0.061610445,29.080456,1.0616105
data\processed\bfw\asian\n009103\0363_05.jpg,data\processed\bfw\asian\n009103\0657_02.jpg,n009103,n009103,asian,asian,females,females,,,1,0.18160054,26.074244,0.8183994
data\processed\bfw\asian\n004221\0081_01.jpg,data\processed\bfw\asian\n004221\0164_03.jpg,n004221,n004221,asian,asian,males,males,,,1,0.643644,17.219719,0.35635602
data\processed\bfw\asian\n004948\0241_01.jpg,data\processed\bfw\asian\n000135\0045_01.jpg,n004948,n000135,asian,asian,males,females,,,0,0.14190243,24.752064,0.85809755
data\processed\bfw\asian\n001572\0329_01.jpg,data\processed\bfw\asian\n004472\0053_01.jpg,n001572,n004472,asian,asian,females,females,,,0,0.09838787,25.360935,0.90161216
data\processed\bfw\asian\n007738\0058_02.jpg,data\processed\bfw\asian\n009279\0243_03.jpg,n007738,n009279,asian,asian,females,females,,,0,0.122431315,26.671272,0.87756866
data\processed\bfw\asian\n008934\0050_01.jpg,data\processed\bfw\asian\n008934\0128_01.jpg,n008934,n008934,asian,asian,females,females,,,1,0.41667303,22.284702,0.58332694
data\processed\bfw\asian\n006358\0054_02.jpg,data\processed\bfw\asian\n003557\0459_01.jpg,n006358,n003557,asian,asian,females,females,,,0,0.020702057,26.450354,0.97929794
data\processed\bfw\asian\n006774\0048_01.jpg,data\processed\bfw\asian\n006774\0156_01.jpg,n006774,n006774,asian,asian,females,females,,,1,0.029135307,28.134184,0.9708647
data\processed\bfw\asian\n002509\0095_01.jpg,data\processed\bfw\asian\n004860\0155_01.jpg,n002509,n004860,asian,asian,females,females,,,0,0.008320559,27.016897,0.99167943
data\processed\bfw\asian\n004681\0020_01.jpg,data\processed\bfw\asian\n005072\0606_01.jpg,n004681,n005072,asian,asian,males,males,,,0,0.04308886,26.030727,0.95691115
data\processed\bfw\asian\n004794\0019_03.jpg,data\processed\bfw\asian\n004794\0143_01.jpg,n004794,n004794,asian,asian,males,males,,,1,0.12913483,24.227695,0.87086517
data\processed\bfw\asian\n009177\0232_01.jpg,data\processed\bfw\asian\n009177\0294_02.jpg,n009177,n009177,asian,asian,females,females,,,1,0.2767585,24.029825,0.7232415
data\processed\bfw\asian\n007814\0098_01.jpg,data\processed\bfw\asian\n007814\0135_01.jpg,n007814,n007814,asian,asian,females,females,,,1,0.37382913,20.617119,0.6261709
data\processed\bfw\asian\n000143\0368_01.jpg,data\processed\bfw\asian\n004794\0540_01.jpg,n000143,n004794,asian,asian,females,males,,,0,-0.06269521,26.708643,1.0626953
data\processed\bfw\asian\n003223\0070_02.jpg,data\processed\bfw\asian\n003223\0185_01.jpg,n003223,n003223,asian,asian,males,males,,,1,0.15345182,24.179335,0.8465482
data\processed\bfw\asian\n001976\0077_02.jpg,data\processed\bfw\asian\n001976\0198_01.jpg,n001976,n001976,asian,asian,males,males,,,1,0.58266,18.420004,0.41733998
data\processed\bfw\asian\n000837\0046_02.jpg,data\processed\bfw\asian\n004469\0124_01.jpg,n000837,n004469,asian,asian,females,males,,,0,-0.011342722,28.758186,1.0113428
data\processed\bfw\asian\n009148\0022_01.jpg,data\processed\bfw\asian\n009148\0063_01.jpg,n009148,n009148,asian,asian,females,females,,,1,0.46675134,21.689432,0.53324866
data\processed\bfw\asian\n001496\0127_01.jpg,data\processed\bfw\asian\n003167\0240_01.jpg,n001496,n003167,asian,asian,males,males,,,0,0.029967042,32.154423,0.97003293
data\processed\bfw\asian\n006634\0034_01.jpg,data\processed\bfw\asian\n006634\0090_01.jpg,n006634,n006634,asian,asian,females,females,,,1,0.5951181,17.17546,0.4048819
data\processed\bfw\asian\n006222\0122_01.jpg,data\processed\bfw\asian\n007270\0097_01.jpg,n006222,n007270,asian,asian,females,females,,,0,-0.020056477,28.715881,1.0200565
data\processed\bfw\asian\n008934\0050_01.jpg,data\processed\bfw\asian\n008934\0108_01.jpg,n008934,n008934,asian,asian,females,females,,,1,0.64507425,18.398533,0.35492575
data\processed\bfw\asian\n003354\0036_01.jpg,data\processed\bfw\asian\n009276\0159_02.jpg,n003354,n009276,asian,asian,females,females,,,0,-0.12553032,31.460512,1.1255304
data\processed\bfw\asian\n003635\0012_02.jpg,data\processed\bfw\asian\n003635\0624_01.jpg,n003635,n003635,asian,asian,males,males,,,1,0.66212285,20.019999,0.33787715
data\processed\bfw\asian\n005085\0270_01.jpg,data\processed\bfw\asian\n005085\0285_01.jpg,n005085,n005085,asian,asian,females,females,,,1,0.39358294,23.075163,0.60641706
data\processed\bfw\asian\n003463\0125_01.jpg,data\processed\bfw\asian\n000873\0061_01.jpg,n003463,n000873,asian,asian,males,males,,,0,-0.012634477,27.028648,1.0126345
data\processed\bfw\asian\n000856\0053_01.jpg,data\processed\bfw\asian\n007372\0152_01.jpg,n000856,n007372,asian,asian,females,females,,,0,0.009742906,27.372648,0.9902571
data\processed\bfw\asian\n004467\0638_01.jpg,data\processed\bfw\asian\n000135\0255_01.jpg,n004467,n000135,asian,asian,males,females,,,0,-0.031130407,24.894442,1.0311304
data\processed\bfw\asian\n007089\0105_01.jpg,data\processed\bfw\asian\n003358\0318_01.jpg,n007089,n003358,asian,asian,females,females,,,0,0.2396658,24.182325,0.7603342
data\processed\bfw\asian\n000160\0075_01.jpg,data\processed\bfw\asian\n005116\0064_04.jpg,n000160,n005116,asian,asian,females,males,,,0,0.08922015,28.4346,0.91077983
data\processed\bfw\asian\n004721\0200_01.jpg,data\processed\bfw\asian\n004721\0505_01.jpg,n004721,n004721,asian,asian,males,males,,,1,0.29426384,25.809534,0.70573616
data\processed\bfw\asian\n006418\0023_01.jpg,data\processed\bfw\asian\n006418\0129_01.jpg,n006418,n006418,asian,asian,females,females,,,1,0.1853993,23.474428,0.8146007
data\processed\bfw\asian\n003465\0047_01.jpg,data\processed\bfw\asian\n001496\0128_03.jpg,n003465,n001496,asian,asian,males,males,,,0,0.1561393,27.696424,0.8438607
data\processed\bfw\asian\n002331\0003_02.jpg,data\processed\bfw\asian\n002331\0035_03.jpg,n002331,n002331,asian,asian,males,males,,,1,0.5954616,21.571663,0.4045384
data\processed\bfw\asian\n009279\0185_01.jpg,data\processed\bfw\asian\n004725\0006_01.jpg,n009279,n004725,asian,asian,females,males,,,0,0.013174697,29.973974,0.9868253
data\processed\bfw\asian\n004680\0008_01.jpg,data\processed\bfw\asian\n004680\0185_01.jpg,n004680,n004680,asian,asian,females,females,,,1,0.4374374,20.349293,0.5625626
data\processed\bfw\asian\n009125\0051_02.jpg,data\processed\bfw\asian\n009125\0209_01.jpg,n009125,n009125,asian,asian,females,females,,,1,0.3873485,21.350939,0.61265147
data\processed\bfw\asian\n004472\0083_01.jpg,data\processed\bfw\asian\n009041\0118_01.jpg,n004472,n009041,asian,asian,females,females,,,0,-0.059803955,28.953823,1.059804
data\processed\bfw\asian\n000160\0111_01.jpg,data\processed\bfw\asian\n000160\0278_01.jpg,n000160,n000160,asian,asian,females,females,,,1,0.21334319,25.307648,0.7866568
data\processed\bfw\asian\n003027\0047_01.jpg,data\processed\bfw\asian\n004472\0295_03.jpg,n003027,n004472,asian,asian,males,females,,,0,0.1772604,27.59891,0.8227396
data\processed\bfw\asian\n004794\0124_03.jpg,data\processed\bfw\asian\n005063\0231_02.jpg,n004794,n005063,asian,asian,males,females,,,0,-0.011523172,29.560867,1.0115231
data\processed\bfw\asian\n003467\0130_03.jpg,data\processed\bfw\asian\n003354\0098_01.jpg,n003467,n003354,asian,asian,females,females,,,0,-0.012745646,27.849926,1.0127456
data\processed\bfw\asian\n000161\0338_01.jpg,data\processed\bfw\asian\n001976\0028_01.jpg,n000161,n001976,asian,asian,males,males,,,0,0.16041312,24.9408,0.83958685
data\processed\bfw\asian\n002552\0156_02.jpg,data\processed\bfw\asian\n006126\0197_01.jpg,n002552,n006126,asian,asian,males,females,,,0,0.18919772,24.434052,0.8108023
data\processed\bfw\asian\n002552\0400_01.jpg,data\processed\bfw\asian\n002552\0532_01.jpg,n002552,n002552,asian,asian,males,males,,,1,0.20675011,24.637955,0.7932499
data\processed\bfw\asian\n004870\0098_01.jpg,data\processed\bfw\asian\n006148\0074_01.jpg,n004870,n006148,asian,asian,females,females,,,0,0.11612052,23.411327,0.8838795
data\processed\bfw\asian\n000158\0005_05.jpg,data\processed\bfw\asian\n000158\0211_05.jpg,n000158,n000158,asian,asian,males,males,,,1,0.52528614,22.168262,0.47471386
data\processed\bfw\asian\n009275\0323_03.jpg,data\processed\bfw\asian\n007664\0810_01.jpg,n009275,n007664,asian,asian,females,females,,,0,0.12870124,27.007816,0.8712988
data\processed\bfw\asian\n004469\0043_05.jpg,data\processed\bfw\asian\n004469\0140_03.jpg,n004469,n004469,asian,asian,males,males,,,1,0.63159734,19.720535,0.36840266
data\processed\bfw\asian\n003449\0118_08.jpg,data\processed\bfw\asian\n003449\0197_01.jpg,n003449,n003449,asian,asian,females,females,,,1,0.18791713,25.670927,0.8120829
data\processed\bfw\asian\n006418\0075_02.jpg,data\processed\bfw\asian\n006418\0377_02.jpg,n006418,n006418,asian,asian,females,females,,,1,0.059311386,23.78371,0.9406886
data\processed\bfw\asian\n003162\0188_01.jpg,data\processed\bfw\asian\n003162\0379_02.jpg,n003162,n003162,asian,asian,males,males,,,1,0.6064411,20.395706,0.39355892
data\processed\bfw\asian\n004469\0048_02.jpg,data\processed\bfw\asian\n002406\0253_01.jpg,n004469,n002406,asian,asian,males,males,,,0,-0.08462961,29.123299,1.0846297
data\processed\bfw\asian\n001496\0133_01.jpg,data\processed\bfw\asian\n006633\0489_04.jpg,n001496,n006633,asian,asian,males,females,,,0,-0.06334252,26.206713,1.0633426
data\processed\bfw\asian\n000856\0044_01.jpg,data\processed\bfw\asian\n001562\0110_02.jpg,n000856,n001562,asian,asian,females,males,,,0,0.011477783,30.290068,0.98852223
data\processed\bfw\asian\n006149\0275_01.jpg,data\processed\bfw\asian\n006203\0088_01.jpg,n006149,n006203,asian,asian,females,females,,,0,0.18536724,21.72998,0.8146328
data\processed\bfw\asian\n000135\0039_04.jpg,data\processed\bfw\asian\n000135\0101_01.jpg,n000135,n000135,asian,asian,females,females,,,1,0.29412138,22.73918,0.7058786
data\processed\bfw\asian\n004800\0281_01.jpg,data\processed\bfw\asian\n004794\0143_01.jpg,n004800,n004794,asian,asian,males,males,,,0,0.07560219,20.5344,0.9243978
data\processed\bfw\asian\n003354\0078_01.jpg,data\processed\bfw\asian\n003354\0346_02.jpg,n003354,n003354,asian,asian,females,females,,,1,0.112235844,25.28822,0.88776416
data\processed\bfw\asian\n000837\0233_03.jpg,data\processed\bfw\asian\n009288\0063_01.jpg,n000837,n009288,asian,asian,females,females,,,0,0.113336384,23.252718,0.8866636
data\processed\bfw\asian\n006418\1052_03.jpg,data\processed\bfw\asian\n005078\0091_03.jpg,n006418,n005078,asian,asian,females,males,,,0,-0.07378993,30.700794,1.07379
data\processed\bfw\asian\n004787\0692_01.jpg,data\processed\bfw\asian\n000161\0141_02.jpg,n004787,n000161,asian,asian,females,males,,,0,-0.07654517,29.904251,1.0765451
data\processed\bfw\asian\n007738\0172_01.jpg,data\processed\bfw\asian\n007738\0239_01.jpg,n007738,n007738,asian,asian,females,females,,,1,0.45634866,21.12151,0.54365134
data\processed\bfw\asian\n004787\0264_01.jpg,data\processed\bfw\asian\n004787\0357_01.jpg,n004787,n004787,asian,asian,females,females,,,1,0.5058906,21.059437,0.4941094
data\processed\bfw\asian\n004467\0227_04.jpg,data\processed\bfw\asian\n000139\0304_02.jpg,n004467,n000139,asian,asian,males,females,,,0,0.14754818,24.427742,0.8524518
data\processed\bfw\asian\n004936\0275_01.jpg,data\processed\bfw\asian\n004936\0469_01.jpg,n004936,n004936,asian,asian,females,females,,,1,0.04840264,27.207937,0.95159733
data\processed\bfw\asian\n002509\0243_01.jpg,data\processed\bfw\asian\n009177\0024_01.jpg,n002509,n009177,asian,asian,females,females,,,0,0.16783622,23.32064,0.8321638
data\processed\bfw\asian\n000839\0197_01.jpg,data\processed\bfw\asian\n004794\0255_01.jpg,n000839,n004794,asian,asian,females,males,,,0,0.057169434,29.632528,0.94283056
data\processed\bfw\asian\n004549\0213_01.jpg,data\processed\bfw\asian\n004936\0102_01.jpg,n004549,n004936,asian,asian,females,females,,,0,-0.064630695,30.67853,1.0646307
data\processed\bfw\asian\n004860\0091_02.jpg,data\processed\bfw\asian\n004860\0107_01.jpg,n004860,n004860,asian,asian,females,females,,,1,0.24314325,21.514675,0.75685674
data\processed\bfw\asian\n000138\0078_01.jpg,data\processed\bfw\asian\n003482\0098_01.jpg,n000138,n003482,asian,asian,females,males,,,0,0.038717624,32.575302,0.9612824
data\processed\bfw\asian\n005069\0135_01.jpg,data\processed\bfw\asian\n005069\0234_01.jpg,n005069,n005069,asian,asian,females,females,,,1,0.045659754,25.48478,0.9543402
data\processed\bfw\asian\n003027\0028_01.jpg,data\processed\bfw\asian\n003027\0098_01.jpg,n003027,n003027,asian,asian,males,males,,,1,0.74898875,16.648905,0.25101125
data\processed\bfw\asian\n004469\0092_01.jpg,data\processed\bfw\asian\n004681\0206_01.jpg,n004469,n004681,asian,asian,males,males,,,0,0.19621226,28.280083,0.8037877
data\processed\bfw\asian\n004472\0093_01.jpg,data\processed\bfw\asian\n004472\0485_01.jpg,n004472,n004472,asian,asian,females,females,,,1,0.25867075,20.260675,0.74132925
data\processed\bfw\asian\n007372\0091_01.jpg,data\processed\bfw\asian\n007372\0112_05.jpg,n007372,n007372,asian,asian,females,females,,,1,0.5256063,19.08435,0.47439373
data\processed\bfw\asian\n004948\0212_01.jpg,data\processed\bfw\asian\n004948\0401_02.jpg,n004948,n004948,asian,asian,males,males,,,1,0.040606126,26.330835,0.95939386
data\processed\bfw\asian\n004800\0390_01.jpg,data\processed\bfw\asian\n003449\0072_01.jpg,n004800,n003449,asian,asian,males,females,,,0,0.13949494,24.22447,0.86050504
data\processed\bfw\asian\n009294\0031_03.jpg,data\processed\bfw\asian\n004108\0104_01.jpg,n009294,n004108,asian,asian,females,males,,,0,0.057713836,26.868912,0.94228613
data\processed\bfw\asian\n004467\0504_01.jpg,data\processed\bfw\asian\n000856\0079_01.jpg,n004467,n000856,asian,asian,males,females,,,0,-0.019097121,25.788973,1.0190971
data\processed\bfw\asian\n008401\0166_01.jpg,data\processed\bfw\asian\n008401\0334_01.jpg,n008401,n008401,asian,asian,females,females,,,1,0.35038882,24.434177,0.6496112
data\processed\bfw\asian\n006774\0048_01.jpg,data\processed\bfw\asian\n000132\0299_02__face_0.jpg,n006774,n000132,asian,asian,females,males,,,0,0.03858355,29.88421,0.9614164
data\processed\bfw\asian\n009279\0021_01.jpg,data\processed\bfw\asian\n009279\0025_01.jpg,n009279,n009279,asian,asian,females,females,,,1,0.60207564,19.48087,0.39792436
data\processed\bfw\asian\n005071\0136_02.jpg,data\processed\bfw\asian\n005071\0258_01.jpg,n005071,n005071,asian,asian,males,males,,,1,0.3526798,23.86954,0.6473202
data\processed\bfw\asian\n005078\0202_01.jpg,data\processed\bfw\asian\n005078\0298_01.jpg,n005078,n005078,asian,asian,males,males,,,1,0.5489861,21.256773,0.45101392
data\processed\bfw\asian\n005063\0083_01.jpg,data\processed\bfw\asian\n005063\0085_01.jpg,n005063,n005063,asian,asian,females,females,,,1,0.5503757,17.702507,0.4496243
data\processed\bfw\asian\n000148\0306_01.jpg,data\processed\bfw\asian\n006149\0197_02.jpg,n000148,n006149,asian,asian,females,females,,,0,0.052745976,24.39346,0.947254
data\processed\bfw\asian\n003153\0069_02.jpg,data\processed\bfw\asian\n003153\0250_01.jpg,n003153,n003153,asian,asian,females,females,,,1,0.506493,19.933744,0.49350703
data\processed\bfw\asian\n000872\0188_01.jpg,data\processed\bfw\asian\n007814\0048_01.jpg,n000872,n007814,asian,asian,males,females,,,0,-0.029118234,29.67972,1.0291182
data\processed\bfw\asian\n000148\0016_01.jpg,data\processed\bfw\asian\n000148\0207_01.jpg,n000148,n000148,asian,asian,females,females,,,1,0.31139177,20.763086,0.6886082
data\processed\bfw\asian\n009288\0180_01.jpg,data\processed\bfw\asian\n009275\0049_01.jpg,n009288,n009275,asian,asian,females,females,,,0,-0.107884735,28.45758,1.1078848
data\processed\bfw\asian\n006774\0084_01.jpg,data\processed\bfw\asian\n006126\0474_01.jpg,n006774,n006126,asian,asian,females,females,,,0,0.037976753,27.659443,0.96202326
data\processed\bfw\asian\n003506\0014_01.jpg,data\processed\bfw\asian\n003506\0177_01.jpg,n003506,n003506,asian,asian,females,females,,,1,0.5760415,17.021187,0.42395848
data\processed\bfw\asian\n009277\0031_01.jpg,data\processed\bfw\asian\n009277\0496_01.jpg,n009277,n009277,asian,asian,females,females,,,1,0.17680246,22.383627,0.82319754
data\processed\bfw\asian\n009287\0029_01.jpg,data\processed\bfw\asian\n009287\0256_04.jpg,n009287,n009287,asian,asian,females,females,,,1,0.006977187,35.581314,0.9930228
data\processed\bfw\asian\n009288\0107_01.jpg,data\processed\bfw\asian\n003357\0001_01.jpg,n009288,n003357,asian,asian,females,females,,,0,-0.09200827,28.392504,1.0920082
data\processed\bfw\asian\n000148\0306_01.jpg,data\processed\bfw\asian\n000148\0353_01.jpg,n000148,n000148,asian,asian,females,females,,,1,0.48391637,20.086832,0.5160836
data\processed\bfw\asian\n004860\0059_01.jpg,data\processed\bfw\asian\n004794\0163_01.jpg,n004860,n004794,asian,asian,females,males,,,0,0.15694977,23.383646,0.84305024
data\processed\bfw\asian\n004680\0007_01.jpg,data\processed\bfw\asian\n004680\0180_01.jpg,n004680,n004680,asian,asian,females,females,,,1,0.35975674,23.12211,0.6402433
data\processed\bfw\asian\n004860\0091_02.jpg,data\processed\bfw\asian\n004860\0171_07.jpg,n004860,n004860,asian,asian,females,females,,,1,0.26775467,21.927366,0.7322453
data\processed\bfw\asian\n000137\0051_02.jpg,data\processed\bfw\asian\n009041\0091_06.jpg,n000137,n009041,asian,asian,females,females,,,0,-0.091709144,34.69869,1.0917091
data\processed\bfw\asian\n001864\0071_01.jpg,data\processed\bfw\asian\n004877\0073_01.jpg,n001864,n004877,asian,asian,males,females,,,0,-0.062053137,26.819792,1.0620531
data\processed\bfw\asian\n003467\0118_01.jpg,data\processed\bfw\asian\n000139\0016_01.jpg,n003467,n000139,asian,asian,females,females,,,0,0.15771158,25.856169,0.84228843
data\processed\bfw\asian\n000854\0228_01.jpg,data\processed\bfw\asian\n000854\0543_01.jpg,n000854,n000854,asian,asian,females,females,,,1,0.36969966,18.628107,0.63030034
data\processed\bfw\asian\n006149\0153_01.jpg,data\processed\bfw\asian\n001976\0100_02.jpg,n006149,n001976,asian,asian,females,males,,,0,-0.07652173,25.797985,1.0765218
data\processed\bfw\asian\n004948\0034_01.jpg,data\processed\bfw\asian\n003449\0210_04.jpg,n004948,n003449,asian,asian,males,females,,,0,0.084137134,27.150604,0.91586286
data\processed\bfw\asian\n009287\0143_01.jpg,data\processed\bfw\asian\n005077\0020_01.jpg,n009287,n005077,asian,asian,females,females,,,0,0.015733851,29.476097,0.98426616
data\processed\bfw\asian\n006774\0130_01.jpg,data\processed\bfw\asian\n006203\0092_06.jpg,n006774,n006203,asian,asian,females,females,,,0,0.003946954,27.279747,0.99605304
data\processed\bfw\asian\n000143\0002_01.jpg,data\processed\bfw\asian\n005077\0052_01.jpg,n000143,n005077,asian,asian,females,females,,,0,0.20362417,23.807854,0.7963758
data\processed\bfw\asian\n004936\0469_01.jpg,data\processed\bfw\asian\n003506\0115_01.jpg,n004936,n003506,asian,asian,females,females,,,0,0.12714374,28.858923,0.87285626
data\processed\bfw\asian\n005378\0090_01.jpg,data\processed\bfw\asian\n005378\0222_01.jpg,n005378,n005378,asian,asian,females,females,,,1,0.49225277,20.080227,0.50774723
data\processed\bfw\asian\n003533\0080_02.jpg,data\processed\bfw\asian\n003533\0574_01.jpg,n003533,n003533,asian,asian,males,males,,,1,0.5305316,22.516512,0.4694684
data\processed\bfw\asian\n003481\0194_01.jpg,data\processed\bfw\asian\n003481\0345_01.jpg,n003481,n003481,asian,asian,females,females,,,1,0.12435554,26.32546,0.87564445
data\processed\bfw\asian\n005378\0255_01.jpg,data\processed\bfw\asian\n004467\0087_01.jpg,n005378,n004467,asian,asian,females,males,,,0,-0.01921478,27.64384,1.0192147
data\processed\bfw\asian\n004948\0241_01.jpg,data\processed\bfw\asian\n009103\0291_01.jpg,n004948,n009103,asian,asian,males,females,,,0,0.022849996,26.05099,0.97715
data\processed\bfw\asian\n006418\0377_02.jpg,data\processed\bfw\asian\n005177\0045_01.jpg,n006418,n005177,asian,asian,females,males,,,0,0.013503338,25.930418,0.9864967
data\processed\bfw\asian\n004472\0332_01.jpg,data\processed\bfw\asian\n002775\0121_01.jpg,n004472,n002775,asian,asian,females,males,,,0,-0.09900869,31.66558,1.0990087
data\processed\bfw\asian\n003533\0050_01.jpg,data\processed\bfw\asian\n000135\0034_01.jpg,n003533,n000135,asian,asian,males,females,,,0,-0.027387587,33.145363,1.0273876
data\processed\bfw\asian\n005078\0024_01.jpg,data\processed\bfw\asian\n009279\0025_01.jpg,n005078,n009279,asian,asian,males,females,,,0,0.070252724,31.427732,0.9297473
data\processed\bfw\asian\n004469\0092_01.jpg,data\processed\bfw\asian\n003533\0100_02.jpg,n004469,n003533,asian,asian,males,males,,,0,-0.11204973,34.69583,1.1120497
data\processed\bfw\asian\n003355\0056_01.jpg,data\processed\bfw\asian\n003355\0620_01.jpg,n003355,n003355,asian,asian,males,males,,,1,0.50311244,18.821447,0.49688756
data\processed\bfw\asian\n007814\0079_01.jpg,data\processed\bfw\asian\n006126\0128_01.jpg,n007814,n006126,asian,asian,females,females,,,0,0.011191976,24.715006,0.98880804
data\processed\bfw\asian\n005063\0027_01.jpg,data\processed\bfw\asian\n006358\0347_02.jpg,n005063,n006358,asian,asian,females,females,,,0,0.12103205,28.285995,0.87896794
data\processed\bfw\asian\n003463\0223_02.jpg,data\processed\bfw\asian\n004472\0484_01.jpg,n003463,n004472,asian,asian,males,females,,,0,-0.06877843,28.007908,1.0687784
data\processed\bfw\asian\n004805\0065_01.jpg,data\processed\bfw\asian\n004805\0612_01.jpg,n004805,n004805,asian,asian,males,males,,,1,0.5013229,17.353724,0.49867707
data\processed\bfw\asian\n005077\0094_01.jpg,data\processed\bfw\asian\n005077\0246_01.jpg,n005077,n005077,asian,asian,females,females,,,1,0.16588302,23.694756,0.834117
data\processed\bfw\asian\n000009\0010_01.jpg,data\processed\bfw\asian\n006223\0126_01.jpg,n000009,n006223,asian,asian,females,females,,,0,0.39021438,22.240118,0.6097856
data\processed\bfw\asian\n006148\0031_01.jpg,data\processed\bfw\asian\n006148\0400_01.jpg,n006148,n006148,asian,asian,females,females,,,1,0.060807783,28.240192,0.93919224
data\processed\bfw\asian\n003557\0088_04.jpg,data\processed\bfw\asian\n003557\0118_01.jpg,n003557,n003557,asian,asian,females,females,,,1,0.40846148,17.48703,0.59153855
data\processed\bfw\asian\n002644\0298_01.jpg,data\processed\bfw\asian\n002644\0497_02.jpg,n002644,n002644,asian,asian,males,males,,,1,0.44012555,18.863214,0.5598744
data\processed\bfw\asian\n005077\0079_01.jpg,data\processed\bfw\asian\n005077\0199_01.jpg,n005077,n005077,asian,asian,females,females,,,1,0.44248384,18.019552,0.55751616
data\processed\bfw\asian\n007664\0053_01.jpg,data\processed\bfw\asian\n005216\0236_01.jpg,n007664,n005216,asian,asian,females,females,,,0,0.17644577,23.805828,0.8235542
data\processed\bfw\asian\n006358\0076_01.jpg,data\processed\bfw\asian\n006358\0125_01.jpg,n006358,n006358,asian,asian,females,females,,,1,0.50211096,22.708345,0.49788904
data\processed\bfw\asian\n005078\0295_03.jpg,data\processed\bfw\asian\n007816\0279_01.jpg,n005078,n007816,asian,asian,males,females,,,0,0.006914279,20.836657,0.99308574
data\processed\bfw\asian\n000148\0390_01.jpg,data\processed\bfw\asian\n000148\0408_01.jpg,n000148,n000148,asian,asian,females,females,,,1,0.060091324,24.034864,0.9399087
data\processed\bfw\asian\n003489\0046_02.jpg,data\processed\bfw\asian\n003489\0323_01.jpg,n003489,n003489,asian,asian,males,males,,,1,0.17171285,27.44808,0.8282871
data\processed\bfw\asian\n005085\0679_01.jpg,data\processed\bfw\asian\n004936\0757_01.jpg,n005085,n004936,asian,asian,females,females,,,0,0.119038194,21.605154,0.8809618
data\processed\bfw\asian\n008163\0022_02.jpg,data\processed\bfw\asian\n008163\0229_01.jpg,n008163,n008163,asian,asian,females,females,,,1,0.6198467,17.303213,0.3801533
data\processed\bfw\asian\n005063\0100_01.jpg,data\processed\bfw\asian\n006619\0098_01.jpg,n005063,n006619,asian,asian,females,females,,,0,0.016552424,25.930862,0.98344755
data\processed\bfw\asian\n000139\0112_02.jpg,data\processed\bfw\asian\n000139\0298_01.jpg,n000139,n000139,asian,asian,females,females,,,1,0.29180303,23.81306,0.708197
data\processed\bfw\asian\n009277\0020_01.jpg,data\processed\bfw\asian\n000840\0036_01.jpg,n009277,n000840,asian,asian,females,females,,,0,0.19720128,21.546284,0.80279875
data\processed\bfw\asian\n002406\0048_02.jpg,data\processed\bfw\asian\n002406\0253_01.jpg,n002406,n002406,asian,asian,males,males,,,1,0.08078315,25.31328,0.9192169
data\processed\bfw\asian\n000873\0068_01.jpg,data\processed\bfw\asian\n000873\0119_01.jpg,n000873,n000873,asian,asian,males,males,,,1,0.5071647,18.896507,0.49283528
data\processed\bfw\asian\n004687\0226_01.jpg,data\processed\bfw\asian\n004221\0114_02.jpg,n004687,n004221,asian,asian,females,males,,,0,-0.13391058,28.82497,1.1339105
data\processed\bfw\asian\n008148\0206_01.jpg,data\processed\bfw\asian\n008148\0246_01.jpg,n008148,n008148,asian,asian,females,females,,,1,0.39083633,19.96651,0.60916364
data\processed\bfw\asian\n005116\0041_01.jpg,data\processed\bfw\asian\n005116\0134_02.jpg,n005116,n005116,asian,asian,males,males,,,1,0.6500741,17.100647,0.34992588
data\processed\bfw\asian\n009148\0017_01.jpg,data\processed\bfw\asian\n009148\0141_02.jpg,n009148,n009148,asian,asian,females,females,,,1,0.18904208,23.45601,0.8109579
data\processed\bfw\asian\n005085\0061_01.jpg,data\processed\bfw\asian\n005085\0401_01.jpg,n005085,n005085,asian,asian,females,females,,,1,0.34346932,21.428045,0.6565307
data\processed\bfw\asian\n005072\0258_01.jpg,data\processed\bfw\asian\n006159\0007_01.jpg,n005072,n006159,asian,asian,males,females,,,0,-0.10790727,33.2902,1.1079073
data\processed\bfw\asian\n003465\0158_01.jpg,data\processed\bfw\asian\n003557\0217_01.jpg,n003465,n003557,asian,asian,males,females,,,0,-0.051382195,29.634697,1.0513822
data\processed\bfw\asian\n007089\0040_03.jpg,data\processed\bfw\asian\n007089\0432_04.jpg,n007089,n007089,asian,asian,females,females,,,1,0.5705184,19.277008,0.42948163
data\processed\bfw\asian\n006633\0522_02.jpg,data\processed\bfw\asian\n006358\0085_04.jpg,n006633,n006358,asian,asian,females,females,,,0,0.14816676,25.523273,0.8518332
data\processed\bfw\asian\n005378\0294_01.jpg,data\processed\bfw\asian\n007378\0474_01.jpg,n005378,n007378,asian,asian,females,females,,,0,-0.095185295,26.473785,1.0951853
data\processed\bfw\asian\n000161\0136_01.jpg,data\processed\bfw\asian\n003167\0240_01.jpg,n000161,n003167,asian,asian,males,males,,,0,0.017217325,29.331604,0.98278266
data\processed\bfw\asian\n009103\0161_01.jpg,data\processed\bfw\asian\n009103\0274_01.jpg,n009103,n009103,asian,asian,females,females,,,1,0.4096937,22.32175,0.5903063
data\processed\bfw\asian\n000854\0019_02.jpg,data\processed\bfw\asian\n000854\0249_01.jpg,n000854,n000854,asian,asian,females,females,,,1,0.3150849,22.123856,0.68491507
data\processed\bfw\asian\n005077\0054_01.jpg,data\processed\bfw\asian\n005077\0212_01.jpg,n005077,n005077,asian,asian,females,females,,,1,0.22599441,24.452734,0.7740056
data\processed\bfw\asian\n004109\0032_02.jpg,data\processed\bfw\asian\n001976\0458_02.jpg,n004109,n001976,asian,asian,males,males,,,0,-0.044926018,29.32604,1.044926
data\processed\bfw\asian\n005077\0063_01.jpg,data\processed\bfw\asian\n007664\0153_01.jpg,n005077,n007664,asian,asian,females,females,,,0,0.027019301,25.49884,0.9729807
data\processed\bfw\asian\n003467\0118_01.jpg,data\processed\bfw\asian\n000009\0243_01.jpg,n003467,n000009,asian,asian,females,females,,,0,-0.13604052,31.340986,1.1360406
data\processed\bfw\asian\n004469\0807_01.jpg,data\processed\bfw\asian\n000856\0044_01.jpg,n004469,n000856,asian,asian,males,females,,,0,0.06511798,30.233128,0.93488204
data\processed\bfw\asian\n000873\0556_01.jpg,data\processed\bfw\asian\n009125\0034_01.jpg,n000873,n009125,asian,asian,males,females,,,0,0.13788427,23.574247,0.86211574
data\processed\bfw\asian\n007664\0053_01.jpg,data\processed\bfw\asian\n001976\0077_02.jpg,n007664,n001976,asian,asian,females,males,,,0,0.121763915,26.634699,0.87823606
data\processed\bfw\asian\n000139\0216_01.jpg,data\processed\bfw\asian\n000139\0309_01.jpg,n000139,n000139,asian,asian,females,females,,,1,0.3892249,21.893738,0.6107751
data\processed\bfw\asian\n004108\0401_02.jpg,data\processed\bfw\asian\n004469\0043_05.jpg,n004108,n004469,asian,asian,males,males,,,0,0.15891072,28.4791,0.84108925
data\processed\bfw\asian\n004805\0065_01.jpg,data\processed\bfw\asian\n004805\0263_06.jpg,n004805,n004805,asian,asian,males,males,,,1,0.026302522,23.858124,0.9736975
data\processed\bfw\asian\n004809\0013_12.jpg,data\processed\bfw\asian\n004809\0345_01.jpg,n004809,n004809,asian,asian,males,males,,,1,0.15051827,25.908804,0.8494817
data\processed\bfw\asian\n005474\0145_02.jpg,data\processed\bfw\asian\n005474\0162_02.jpg,n005474,n005474,asian,asian,females,females,,,1,0.4017816,21.632502,0.59821844
data\processed\bfw\asian\n006203\0092_06.jpg,data\processed\bfw\asian\n002320\0272_03.jpg,n006203,n002320,asian,asian,females,males,,,0,0.06742096,26.80783,0.93257904
data\processed\bfw\asian\n004686\0085_01.jpg,data\processed\bfw\asian\n004686\0157_01.jpg,n004686,n004686,asian,asian,males,males,,,1,0.5704257,19.538933,0.4295743
data\processed\bfw\asian\n003481\0053_02.jpg,data\processed\bfw\asian\n006222\0339_01.jpg,n003481,n006222,asian,asian,females,females,,,0,-0.056386437,31.449244,1.0563865
data\processed\bfw\asian\n000872\0137_01.jpg,data\processed\bfw\asian\n000837\0020_01.jpg,n000872,n000837,asian,asian,males,females,,,0,-0.06525245,31.603441,1.0652524
data\processed\bfw\asian\n002406\0253_01.jpg,data\processed\bfw\asian\n005474\0239_01.jpg,n002406,n005474,asian,asian,males,females,,,0,-0.059158895,27.365768,1.0591589
data\processed\bfw\asian\n008148\0029_01.jpg,data\processed\bfw\asian\n008148\0244_01.jpg,n008148,n008148,asian,asian,females,females,,,1,0.33860588,20.342634,0.6613941
data\processed\bfw\asian\n006222\0122_01.jpg,data\processed\bfw\asian\n003288\0446_01.jpg,n006222,n003288,asian,asian,females,females,,,0,-0.0151919825,26.215113,1.015192
data\processed\bfw\asian\n004870\0007_01.jpg,data\processed\bfw\asian\n005072\0151_01.jpg,n004870,n005072,asian,asian,females,males,,,0,0.17163311,26.421976,0.8283669
data\processed\bfw\asian\n009288\0293_01.jpg,data\processed\bfw\asian\n004809\0117_01.jpg,n009288,n004809,asian,asian,females,males,,,0,-0.07217352,29.523458,1.0721735
data\processed\bfw\asian\n007738\0058_02.jpg,data\processed\bfw\asian\n007738\0499_01.jpg,n007738,n007738,asian,asian,females,females,,,1,0.51541585,19.51757,0.48458415
data\processed\bfw\asian\n004108\0188_01.jpg,data\processed\bfw\asian\n009103\0106_01.jpg,n004108,n009103,asian,asian,males,females,,,0,-0.02073974,28.312735,1.0207398
data\processed\bfw\asian\n000838\0035_01.jpg,data\processed\bfw\asian\n009137\0182_02.jpg,n000838,n009137,asian,asian,females,females,,,0,0.009121862,28.842045,0.99087816
data\processed\bfw\asian\n006633\0025_05.jpg,data\processed\bfw\asian\n006633\0299_01.jpg,n006633,n006633,asian,asian,females,females,,,1,0.37760246,21.671856,0.62239754
data\processed\bfw\asian\n009041\0562_01.jpg,data\processed\bfw\asian\n009275\0238_02.jpg,n009041,n009275,asian,asian,females,females,,,0,0.12633878,26.157658,0.8736612
data\processed\bfw\asian\n002552\0532_01.jpg,data\processed\bfw\asian\n004785\0603_01.jpg,n002552,n004785,asian,asian,males,females,,,0,-0.005470911,25.300205,1.0054709
data\processed\bfw\asian\n004472\0057_02.jpg,data\processed\bfw\asian\n004472\0258_01.jpg,n004472,n004472,asian,asian,females,females,,,1,0.3429398,19.582445,0.6570602
data\processed\bfw\asian\n004466\0137_01.jpg,data\processed\bfw\asian\n004221\0155_01.jpg,n004466,n004221,asian,asian,males,males,,,0,-0.105357006,32.138504,1.105357
data\processed\bfw\asian\n003449\0210_04.jpg,data\processed\bfw\asian\n007899\0172_04.jpg,n003449,n007899,asian,asian,females,females,,,0,0.22010586,27.17026,0.7798941
data\processed\bfw\asian\n008163\0041_01.jpg,data\processed\bfw\asian\n008163\0645_01.jpg,n008163,n008163,asian,asian,females,females,,,1,0.44614038,19.895931,0.5538596
data\processed\bfw\asian\n006125\0129_01.jpg,data\processed\bfw\asian\n006125\0215_01.jpg,n006125,n006125,asian,asian,females,females,,,1,0.120721,24.41314,0.879279
data\processed\bfw\asian\n005063\0249_05.jpg,data\processed\bfw\asian\n002320\0044_02.jpg,n005063,n002320,asian,asian,females,males,,,0,0.043066196,31.628628,0.9569338
data\processed\bfw\asian\n003358\0166_01.jpg,data\processed\bfw\asian\n003358\0224_10.jpg,n003358,n003358,asian,asian,females,females,,,1,0.4460579,20.293753,0.5539421
data\processed\bfw\asian\n004785\0153_01.jpg,data\processed\bfw\asian\n003506\0019_01.jpg,n004785,n003506,asian,asian,females,females,,,0,0.17868832,23.76815,0.8213117
data\processed\bfw\asian\n000143\0069_01.jpg,data\processed\bfw\asian\n000839\0251_01.jpg,n000143,n000839,asian,asian,females,females,,,0,-0.03916853,26.179956,1.0391685
data\processed\bfw\asian\n000856\0044_01.jpg,data\processed\bfw\asian\n000856\0098_01.jpg,n000856,n000856,asian,asian,females,females,,,1,0.5214801,20.234749,0.47851992
data\processed\bfw\asian\n004680\0158_01.jpg,data\processed\bfw\asian\n006148\0074_01.jpg,n004680,n006148,asian,asian,females,females,,,0,0.06114941,19.609205,0.9388506
data\processed\bfw\asian\n006159\0085_01.jpg,data\processed\bfw\asian\n006159\0113_02.jpg,n006159,n006159,asian,asian,females,females,,,1,0.63207275,22.938787,0.36792725
data\processed\bfw\asian\n004681\0206_01.jpg,data\processed\bfw\asian\n005378\0409_02.jpg,n004681,n005378,asian,asian,males,females,,,0,0.0011422507,28.513857,0.99885774
data\processed\bfw\asian\n004109\0032_02.jpg,data\processed\bfw\asian\n004109\0100_01.jpg,n004109,n004109,asian,asian,males,males,,,1,0.45262727,23.409079,0.5473727
data\processed\bfw\asian\n002406\0103_01.jpg,data\processed\bfw\asian\n002406\0156_01.jpg,n002406,n002406,asian,asian,males,males,,,1,0.669087,16.466324,0.330913
data\processed\bfw\asian\n006224\0053_01.jpg,data\processed\bfw\asian\n006224\0116_01.jpg,n006224,n006224,asian,asian,females,females,,,1,0.4359358,19.473616,0.5640642
data\processed\bfw\asian\n008148\0040_01.jpg,data\processed\bfw\asian\n003357\0074_01.jpg,n008148,n003357,asian,asian,females,females,,,0,-0.066488065,28.63838,1.066488
data\processed\bfw\asian\n004948\0651_01.jpg,data\processed\bfw\asian\n009294\0083_01.jpg,n004948,n009294,asian,asian,males,females,,,0,-0.06271272,29.463701,1.0627127
data\processed\bfw\asian\n003162\0188_01.jpg,data\processed\bfw\asian\n004877\0084_01.jpg,n003162,n004877,asian,asian,males,females,,,0,0.071337536,29.982372,0.9286625
data\processed\bfw\asian\n005078\0134_01.jpg,data\processed\bfw\asian\n009288\0068_01.jpg,n005078,n009288,asian,asian,males,females,,,0,-0.003685938,30.679089,1.003686
data\processed\bfw\asian\n000160\0007_01.jpg,data\processed\bfw\asian\n004800\0866_03.jpg,n000160,n004800,asian,asian,females,males,,,0,-0.13914458,29.274914,1.1391445
data\processed\bfw\asian\n005063\0302_06.jpg,data\processed\bfw\asian\n005063\0414_06.jpg,n005063,n005063,asian,asian,females,females,,,1,0.1517354,31.211313,0.8482646
data\processed\bfw\asian\n000856\0134_02.jpg,data\processed\bfw\asian\n008401\0097_02.jpg,n000856,n008401,asian,asian,females,females,,,0,0.14567864,25.059273,0.85432136
data\processed\bfw\asian\n003449\0001_01.jpg,data\processed\bfw\asian\n003449\0180_01.jpg,n003449,n003449,asian,asian,females,females,,,1,0.39913565,21.939798,0.60086435
data\processed\bfw\asian\n006418\0140_02.jpg,data\processed\bfw\asian\n006418\1052_03.jpg,n006418,n006418,asian,asian,females,females,,,1,0.08031463,24.693571,0.91968536
data\processed\bfw\asian\n003557\0086_01.jpg,data\processed\bfw\asian\n000160\0075_01.jpg,n003557,n000160,asian,asian,females,females,,,0,-0.104692645,26.16694,1.1046927
data\processed\bfw\asian\n006224\0053_01.jpg,data\processed\bfw\asian\n006224\0164_01.jpg,n006224,n006224,asian,asian,females,females,,,1,0.41492876,20.773085,0.5850712
data\processed\bfw\asian\n004680\0175_01.jpg,data\processed\bfw\asian\n006418\0165_02.jpg,n004680,n006418,asian,asian,females,females,,,0,-0.07996003,31.856705,1.07996
data\processed\bfw\asian\n003489\0094_01.jpg,data\processed\bfw\asian\n003489\0109_01.jpg,n003489,n003489,asian,asian,males,males,,,1,0.55335623,19.658373,0.44664377
data\processed\bfw\asian\n005069\0019_01.jpg,data\processed\bfw\asian\n005069\0502_02.jpg,n005069,n005069,asian,asian,females,females,,,1,0.07698256,25.83255,0.92301744
data\processed\bfw\asian\n000009\0012_01.jpg,data\processed\bfw\asian\n000009\0188_01.jpg,n000009,n000009,asian,asian,females,females,,,1,0.08509537,28.1153,0.91490465
data\processed\bfw\asian\n003635\0089_02.jpg,data\processed\bfw\asian\n003635\0156_01.jpg,n003635,n003635,asian,asian,males,males,,,1,0.57341605,20.827053,0.42658395
data\processed\bfw\asian\n006344\0314_01.jpg,data\processed\bfw\asian\n006344\0413_01.jpg,n006344,n006344,asian,asian,females,females,,,1,0.24223061,20.249699,0.7577694
data\processed\bfw\asian\n000873\0075_01.jpg,data\processed\bfw\asian\n009288\0293_01.jpg,n000873,n009288,asian,asian,males,females,,,0,-0.030746665,28.967285,1.0307467
data\processed\bfw\asian\n006633\0056_01.jpg,data\processed\bfw\asian\n009148\0033_01.jpg,n006633,n009148,asian,asian,females,females,,,0,0.1087819,26.163723,0.8912181
data\processed\bfw\asian\n008148\0025_01.jpg,data\processed\bfw\asian\n008148\0073_01.jpg,n008148,n008148,asian,asian,females,females,,,1,0.5570411,17.876768,0.4429589
data\processed\bfw\asian\n003465\0023_06.jpg,data\processed\bfw\asian\n003465\0303_01.jpg,n003465,n003465,asian,asian,males,males,,,1,0.18265592,23.048155,0.81734407
data\processed\bfw\asian\n004467\0016_01.jpg,data\processed\bfw\asian\n003465\0234_01.jpg,n004467,n003465,asian,asian,males,males,,,0,0.07928333,28.774584,0.92071664
data\processed\bfw\asian\n000138\0129_03.jpg,data\processed\bfw\asian\n005063\0042_01.jpg,n000138,n005063,asian,asian,females,females,,,0,-0.23933056,30.57796,1.2393305
data\processed\bfw\asian\n003288\0078_01.jpg,data\processed\bfw\asian\n003288\0165_11.jpg,n003288,n003288,asian,asian,females,females,,,1,0.102830686,22.284615,0.8971693
data\processed\bfw\asian\n006203\0430_01.jpg,data\processed\bfw\asian\n006203\0663_02.jpg,n006203,n006203,asian,asian,females,females,,,1,0.38375685,20.042282,0.6162431
data\processed\bfw\asian\n007380\0168_01.jpg,data\processed\bfw\asian\n005071\0182_01.jpg,n007380,n005071,asian,asian,females,males,,,0,-0.0034885893,27.184269,1.0034885
data\processed\bfw\asian\n004877\0441_01.jpg,data\processed\bfw\asian\n003155\0362_03.jpg,n004877,n003155,asian,asian,females,males,,,0,-0.021222975,29.56418,1.021223
data\processed\bfw\asian\n003027\0028_01.jpg,data\processed\bfw\asian\n003027\0223_01.jpg,n003027,n003027,asian,asian,males,males,,,1,0.61579245,20.375395,0.38420755
data\processed\bfw\asian\n009148\0003_01.jpg,data\processed\bfw\asian\n005085\0224_01.jpg,n009148,n005085,asian,asian,females,females,,,0,-0.10133811,29.757038,1.1013381
data\processed\bfw\asian\n007738\0329_02.jpg,data\processed\bfw\asian\n007738\0336_02.jpg,n007738,n007738,asian,asian,females,females,,,1,0.14036387,24.171968,0.8596361
data\processed\bfw\asian\n003357\0117_01.jpg,data\processed\bfw\asian\n003357\0422_01.jpg,n003357,n003357,asian,asian,females,females,,,1,0.45449436,20.333624,0.54550564
data\processed\bfw\asian\n008401\0294_01.jpg,data\processed\bfw\asian\n002644\0997_01.jpg,n008401,n002644,asian,asian,females,males,,,0,0.05711392,27.679516,0.94288605
data\processed\bfw\asian\n006634\0279_02.jpg,data\processed\bfw\asian\n004786\0097_02.jpg,n006634,n004786,asian,asian,females,females,,,0,-0.15890265,27.996555,1.1589026
data\processed\bfw\asian\n003288\0446_01.jpg,data\processed\bfw\asian\n003288\0572_01.jpg,n003288,n003288,asian,asian,females,females,,,1,0.27683565,21.428654,0.7231643
data\processed\bfw\asian\n000143\0044_01.jpg,data\processed\bfw\asian\n005378\0421_01.jpg,n000143,n005378,asian,asian,females,females,,,0,-0.044717498,25.284702,1.0447176
data\processed\bfw\asian\n007899\0126_03.jpg,data\processed\bfw\asian\n001682\0029_01.jpg,n007899,n001682,asian,asian,females,males,,,0,-0.07030188,31.355803,1.0703019
data\processed\bfw\asian\n008148\0029_01.jpg,data\processed\bfw\asian\n008148\0251_01.jpg,n008148,n008148,asian,asian,females,females,,,1,0.121664494,22.44107,0.8783355
data\processed\bfw\asian\n007089\0016_01.jpg,data\processed\bfw\asian\n007089\0229_01.jpg,n007089,n007089,asian,asian,females,females,,,1,0.3044989,23.470268,0.6955011
data\processed\bfw\asian\n000837\0182_01.jpg,data\processed\bfw\asian\n000837\0193_01.jpg,n000837,n000837,asian,asian,females,females,,,1,0.30182073,23.798965,0.69817924
data\processed\bfw\asian\n006203\0022_01.jpg,data\processed\bfw\asian\n006203\0066_01.jpg,n006203,n006203,asian,asian,females,females,,,1,0.62210405,16.53263,0.37789595
data\processed\bfw\asian\n004109\0199_01.jpg,data\processed\bfw\asian\n004109\0273_01.jpg,n004109,n004109,asian,asian,males,males,,,1,0.5184133,21.515589,0.4815867
data\processed\bfw\asian\n000009\0013_01.jpg,data\processed\bfw\asian\n000009\0216_01.jpg,n000009,n000009,asian,asian,females,females,,,1,-0.005456122,27.99489,1.0054561
data\processed\bfw\asian\n007378\0019_01.jpg,data\processed\bfw\asian\n006736\0438_01.jpg,n007378,n006736,asian,asian,females,females,,,0,0.022373987,25.662924,0.977626
data\processed\bfw\asian\n003481\0194_01.jpg,data\processed\bfw\asian\n003481\0407_04.jpg,n003481,n003481,asian,asian,females,females,,,1,0.42797306,21.206957,0.57202697
data\processed\bfw\asian\n002725\0086_01.jpg,data\processed\bfw\asian\n002725\0486_03.jpg,n002725,n002725,asian,asian,females,females,,,1,0.54790336,18.795956,0.45209664
data\processed\bfw\asian\n003557\0206_01.jpg,data\processed\bfw\asian\n004785\0357_02.jpg,n003557,n004785,asian,asian,females,females,,,0,0.22900312,22.913221,0.77099687
data\processed\bfw\asian\n003481\0022_02.jpg,data\processed\bfw\asian\n003481\0107_01.jpg,n003481,n003481,asian,asian,females,females,,,1,0.54155403,19.229748,0.45844597
data\processed\bfw\asian\n006736\0099_01.jpg,data\processed\bfw\asian\n006736\0367_01.jpg,n006736,n006736,asian,asian,females,females,,,1,0.26870036,26.253386,0.73129964
data\processed\bfw\asian\n004108\0024_02.jpg,data\processed\bfw\asian\n009276\0034_09.jpg,n004108,n009276,asian,asian,males,females,,,0,1.2671993e-05,27.87418,0.9999873
data\processed\bfw\asian\n006125\0058_01.jpg,data\processed\bfw\asian\n006125\0113_01.jpg,n006125,n006125,asian,asian,females,females,,,1,0.17611115,25.115246,0.82388884
data\processed\bfw\asian\n005446\0205_02.jpg,data\processed\bfw\asian\n005446\0473_01.jpg,n005446,n005446,asian,asian,females,females,,,1,0.42854485,18.604733,0.5714551
data\processed\bfw\asian\n005177\0004_01.jpg,data\processed\bfw\asian\n005177\0032_01.jpg,n005177,n005177,asian,asian,males,males,,,1,0.68445057,16.943758,0.31554943
data\processed\bfw\asian\n003506\0324_01.jpg,data\processed\bfw\asian\n000148\0365_01.jpg,n003506,n000148,asian,asian,females,females,,,0,0.047076862,27.497326,0.9529231
data\processed\bfw\asian\n000158\0066_01.jpg,data\processed\bfw\asian\n000158\0211_05.jpg,n000158,n000158,asian,asian,males,males,,,1,0.5985499,19.75687,0.4014501
data\processed\bfw\asian\n005083\0120_01.jpg,data\processed\bfw\asian\n006736\0203_01.jpg,n005083,n006736,asian,asian,females,females,,,0,-0.06372845,28.116468,1.0637285
data\processed\bfw\asian\n005446\0279_01.jpg,data\processed\bfw\asian\n009277\0013_02.jpg,n005446,n009277,asian,asian,females,females,,,0,0.02456358,28.304817,0.97543645
data\processed\bfw\asian\n003465\0553_01.jpg,data\processed\bfw\asian\n003162\0259_01.jpg,n003465,n003162,asian,asian,males,males,,,0,0.0014544353,30.579342,0.9985456
data\processed\bfw\asian\n001562\0081_01.jpg,data\processed\bfw\asian\n001562\0092_02.jpg,n001562,n001562,asian,asian,males,males,,,1,0.41169888,20.587267,0.5883011
data\processed\bfw\asian\n004469\0038_01.jpg,data\processed\bfw\asian\n004805\0157_04.jpg,n004469,n004805,asian,asian,males,males,,,0,-0.058677632,31.030533,1.0586777
data\processed\bfw\asian\n000873\0052_01.jpg,data\processed\bfw\asian\n004860\0155_01.jpg,n000873,n004860,asian,asian,males,females,,,0,-0.1518653,27.563643,1.1518652
data\processed\bfw\asian\n000143\0014_01.jpg,data\processed\bfw\asian\n000143\0709_01.jpg,n000143,n000143,asian,asian,females,females,,,1,0.17204688,21.64496,0.8279531
data\processed\bfw\asian\n006736\0108_01.jpg,data\processed\bfw\asian\n006736\0367_01.jpg,n006736,n006736,asian,asian,females,females,,,1,0.49252903,21.854582,0.50747097
data\processed\bfw\asian\n004800\0111_01.jpg,data\processed\bfw\asian\n003355\0145_04.jpg,n004800,n003355,asian,asian,males,males,,,0,0.023497451,26.999357,0.97650254
data\processed\bfw\asian\n005063\0302_06.jpg,data\processed\bfw\asian\n005063\0577_01.jpg,n005063,n005063,asian,asian,females,females,,,1,-0.0006018961,31.65403,1.0006019
data\processed\bfw\asian\n003027\0223_01.jpg,data\processed\bfw\asian\n003027\0374_01.jpg,n003027,n003027,asian,asian,males,males,,,1,0.48934716,23.127777,0.51065284
data\processed\bfw\asian\n006344\0012_01.jpg,data\processed\bfw\asian\n006344\0051_03.jpg,n006344,n006344,asian,asian,females,females,,,1,0.44728395,20.210314,0.552716
data\processed\bfw\asian\n004935\0287_01.jpg,data\processed\bfw\asian\n003162\0289_01.jpg,n004935,n003162,asian,asian,males,males,,,0,-0.0015445248,26.879337,1.0015445
data\processed\bfw\asian\n004725\0088_01.jpg,data\processed\bfw\asian\n004725\0230_01.jpg,n004725,n004725,asian,asian,males,males,,,1,0.30251926,27.376059,0.69748074
data\processed\bfw\asian\n002320\0248_06.jpg,data\processed\bfw\asian\n002320\0316_02.jpg,n002320,n002320,asian,asian,males,males,,,1,-0.048472714,25.457323,1.0484728
data\processed\bfw\asian\n004787\0101_02.jpg,data\processed\bfw\asian\n004787\0657_03.jpg,n004787,n004787,asian,asian,females,females,,,1,0.51619637,18.520903,0.48380363
data\processed\bfw\asian\n004860\0097_01.jpg,data\processed\bfw\asian\n004860\0346_03.jpg,n004860,n004860,asian,asian,females,females,,,1,0.010992008,24.922935,0.989008
data\processed\bfw\asian\n006125\0179_13.jpg,data\processed\bfw\asian\n003491\0114_03.jpg,n006125,n003491,asian,asian,females,males,,,0,0.03184476,25.54756,0.96815526
data\processed\bfw\asian\n005069\0559_02.jpg,data\processed\bfw\asian\n000838\0247_01.jpg,n005069,n000838,asian,asian,females,females,,,0,-0.05185091,31.119808,1.0518509
data\processed\bfw\asian\n003223\0398_02.jpg,data\processed\bfw\asian\n003027\0170_01.jpg,n003223,n003027,asian,asian,males,males,,,0,0.014358828,29.88569,0.9856412
data\processed\bfw\asian\n004787\0128_01.jpg,data\processed\bfw\asian\n004791\0416_01.jpg,n004787,n004791,asian,asian,females,males,,,0,-0.011829826,26.86664,1.0118299
data\processed\bfw\asian\n007899\0126_03.jpg,data\processed\bfw\asian\n002406\0536_04.jpg,n007899,n002406,asian,asian,females,males,,,0,-0.04972034,28.50146,1.0497203
data\processed\bfw\asian\n000856\0102_01.jpg,data\processed\bfw\asian\n009125\0371_01.jpg,n000856,n009125,asian,asian,females,females,,,0,-0.06074946,26.339033,1.0607494
data\processed\bfw\asian\n007385\0124_02.jpg,data\processed\bfw\asian\n003557\0086_01.jpg,n007385,n003557,asian,asian,females,females,,,0,0.056326896,24.177689,0.94367313
data\processed\bfw\asian\n005085\0001_01.jpg,data\processed\bfw\asian\n005216\0220_01.jpg,n005085,n005216,asian,asian,females,females,,,0,0.11285909,25.72509,0.8871409
data\processed\bfw\asian\n006358\0094_01.jpg,data\processed\bfw\asian\n006358\0327_02.jpg,n006358,n006358,asian,asian,females,females,,,1,0.51595557,22.4675,0.48404443
data\processed\bfw\asian\n004680\0008_01.jpg,data\processed\bfw\asian\n004680\0178_01.jpg,n004680,n004680,asian,asian,females,females,,,1,0.26390252,23.207846,0.73609746
data\processed\bfw\asian\n003027\0161_01.jpg,data\processed\bfw\asian\n003027\0470_01.jpg,n003027,n003027,asian,asian,males,males,,,1,0.6521806,18.255356,0.3478194
data\processed\bfw\asian\n002775\0015_01.jpg,data\processed\bfw\asian\n002775\0066_04.jpg,n002775,n002775,asian,asian,males,males,,,1,0.6343824,20.335476,0.36561757
data\processed\bfw\asian\n006203\0398_01.jpg,data\processed\bfw\asian\n006203\0724_01.jpg,n006203,n006203,asian,asian,females,females,,,1,0.4035694,20.058397,0.5964306
data\processed\bfw\asian\n004930\0078_01.jpg,data\processed\bfw\asian\n004930\0155_01.jpg,n004930,n004930,asian,asian,females,females,,,1,0.51097256,20.806921,0.48902744
data\processed\bfw\asian\n004930\0027_01.jpg,data\processed\bfw\asian\n004725\0061_02.jpg,n004930,n004725,asian,asian,females,males,,,0,-0.13248917,34.380222,1.1324892
data\processed\bfw\asian\n007899\0071_01.jpg,data\processed\bfw\asian\n007899\0172_04.jpg,n007899,n007899,asian,asian,females,females,,,1,0.3075203,21.661982,0.6924797
data\processed\bfw\asian\n003635\0606_02.jpg,data\processed\bfw\asian\n006634\0114_01.jpg,n003635,n006634,asian,asian,males,females,,,0,0.03662845,31.920364,0.9633716
data\processed\bfw\asian\n003155\0362_03.jpg,data\processed\bfw\asian\n003155\1011_01.jpg,n003155,n003155,asian,asian,males,males,,,1,-0.05376788,29.27265,1.0537679
data\processed\bfw\asian\n003357\0008_01.jpg,data\processed\bfw\asian\n007814\0175_01.jpg,n003357,n007814,asian,asian,females,females,,,0,0.101729594,24.043972,0.8982704
data\processed\bfw\asian\n000872\0181_01.jpg,data\processed\bfw\asian\n004466\0321_01.jpg,n000872,n004466,asian,asian,males,males,,,0,-0.017317366,30.71792,1.0173174
data\processed\bfw\asian\n009277\0561_01.jpg,data\processed\bfw\asian\n002331\0035_03.jpg,n009277,n002331,asian,asian,females,males,,,0,-0.038849182,29.120533,1.0388492
data\processed\bfw\asian\n009277\0091_01.jpg,data\processed\bfw\asian\n009277\0113_01.jpg,n009277,n009277,asian,asian,females,females,,,1,0.28487903,24.507717,0.715121
data\processed\bfw\asian\n007270\0682_01.jpg,data\processed\bfw\asian\n003557\0259_01.jpg,n007270,n003557,asian,asian,females,females,,,0,-0.09657237,27.312967,1.0965724
data\processed\bfw\asian\n006418\0165_02.jpg,data\processed\bfw\asian\n006418\0235_01.jpg,n006418,n006418,asian,asian,females,females,,,1,0.1583985,24.893208,0.8416015
data\processed\bfw\asian\n009042\0015_01.jpg,data\processed\bfw\asian\n002775\0034_02.jpg,n009042,n002775,asian,asian,females,males,,,0,0.10505892,31.784452,0.8949411
data\processed\bfw\asian\n006358\0094_01.jpg,data\processed\bfw\asian\n006358\0148_01.jpg,n006358,n006358,asian,asian,females,females,,,1,0.52095586,21.751274,0.47904414
data\processed\bfw\asian\n003465\0127_01.jpg,data\processed\bfw\asian\n003465\0174_01.jpg,n003465,n003465,asian,asian,males,males,,,1,0.45169473,22.488848,0.5483053
data\processed\bfw\asian\n005077\0005_01.jpg,data\processed\bfw\asian\n005077\0054_01.jpg,n005077,n005077,asian,asian,females,females,,,1,0.49007782,18.665806,0.50992215
data\processed\bfw\asian\n004686\0085_01.jpg,data\processed\bfw\asian\n007814\0291_01.jpg,n004686,n007814,asian,asian,males,females,,,0,-0.021278236,26.981691,1.0212783
data\processed\bfw\asian\n008934\0119_01.jpg,data\processed\bfw\asian\n009125\0186_02.jpg,n008934,n009125,asian,asian,females,females,,,0,0.011987852,29.089237,0.98801214
data\processed\bfw\asian\n007378\0036_01.jpg,data\processed\bfw\asian\n000436\0156_02.jpg,n007378,n000436,asian,asian,females,males,,,0,-0.070224404,28.893091,1.0702244
data\processed\bfw\asian\n003463\0127_01.jpg,data\processed\bfw\asian\n006634\0118_01.jpg,n003463,n006634,asian,asian,males,females,,,0,-0.016065624,23.354822,1.0160656
data\processed\bfw\asian\n000135\0039_04.jpg,data\processed\bfw\asian\n000135\0060_01.jpg,n000135,n000135,asian,asian,females,females,,,1,0.3472284,23.368912,0.6527716
data\processed\bfw\asian\n004467\0504_01.jpg,data\processed\bfw\asian\n004467\0656_01.jpg,n004467,n004467,asian,asian,males,males,,,1,0.18630493,23.184368,0.8136951
data\processed\bfw\asian\n008148\0110_01.jpg,data\processed\bfw\asian\n000135\0081_01.jpg,n008148,n000135,asian,asian,females,females,,,0,0.17684582,27.07543,0.8231542
data\processed\bfw\asian\n004109\0185_03.jpg,data\processed\bfw\asian\n004109\0525_02.jpg,n004109,n004109,asian,asian,males,males,,,1,0.63192564,18.225761,0.36807436
data\processed\bfw\asian\n006224\0069_07.jpg,data\processed\bfw\asian\n006224\0086_01.jpg,n006224,n006224,asian,asian,females,females,,,1,0.12410737,25.53127,0.87589264
data\processed\bfw\asian\n003357\0246_01.jpg,data\processed\bfw\asian\n004467\0228_01.jpg,n003357,n004467,asian,asian,females,males,,,0,0.13472758,26.96946,0.8652724
data\processed\bfw\asian\n008978\0059_01.jpg,data\processed\bfw\asian\n002406\0310_02.jpg,n008978,n002406,asian,asian,females,males,,,0,-0.015517623,30.29084,1.0155176
data\processed\bfw\asian\n000856\0018_01.jpg,data\processed\bfw\asian\n004681\0064_01.jpg,n000856,n004681,asian,asian,females,males,,,0,-0.059991255,25.033232,1.0599912
data\processed\bfw\asian\n009177\0004_01.jpg,data\processed\bfw\asian\n003358\0096_02.jpg,n009177,n003358,asian,asian,females,females,,,0,0.086218305,28.022827,0.9137817
data\processed\bfw\asian\n003167\0074_01.jpg,data\processed\bfw\asian\n003167\0320_01.jpg,n003167,n003167,asian,asian,males,males,,,1,0.61624634,20.167593,0.38375366
data\processed\bfw\asian\n000838\0060_04.jpg,data\processed\bfw\asian\n000137\0033_01.jpg,n000838,n000137,asian,asian,females,females,,,0,-0.027470447,31.099041,1.0274705
data\processed\bfw\asian\n000839\0168_01.jpg,data\processed\bfw\asian\n000839\0497_02.jpg,n000839,n000839,asian,asian,females,females,,,1,0.3299767,22.497002,0.6700233
data\processed\bfw\asian\n000837\0054_01.jpg,data\processed\bfw\asian\n000837\0199_01.jpg,n000837,n000837,asian,asian,females,females,,,1,0.46301425,20.908615,0.53698575
data\processed\bfw\asian\n000160\0367_03.jpg,data\processed\bfw\asian\n006159\0073_01.jpg,n000160,n006159,asian,asian,females,females,,,0,0.093958795,27.183838,0.9060412
data\processed\bfw\asian\n002320\0208_01.jpg,data\processed\bfw\asian\n004800\0419_04.jpg,n002320,n004800,asian,asian,males,males,,,0,0.14690243,26.657919,0.85309756
data\processed\bfw\asian\n004870\0070_02.jpg,data\processed\bfw\asian\n004870\0178_06.jpg,n004870,n004870,asian,asian,females,females,,,1,0.3672441,24.160765,0.6327559
data\processed\bfw\asian\n004109\0130_01.jpg,data\processed\bfw\asian\n004109\0550_02.jpg,n004109,n004109,asian,asian,males,males,,,1,0.55553204,19.651363,0.44446796
data\processed\bfw\asian\n009279\0015_01.jpg,data\processed\bfw\asian\n000160\0338_01.jpg,n009279,n000160,asian,asian,females,females,,,0,0.064907566,25.538176,0.93509245
data\processed\bfw\asian\n005072\0173_01.jpg,data\processed\bfw\asian\n005072\0184_03.jpg,n005072,n005072,asian,asian,males,males,,,1,0.3084983,24.37833,0.69150174
data\processed\bfw\asian\n003357\0020_01.jpg,data\processed\bfw\asian\n003357\0368_01.jpg,n003357,n003357,asian,asian,females,females,,,1,0.4313186,23.117489,0.56868136
data\processed\bfw\asian\n005063\0030_01.jpg,data\processed\bfw\asian\n001496\0349_01.jpg,n005063,n001496,asian,asian,females,males,,,0,0.04323126,27.979576,0.95676875
data\processed\bfw\asian\n003557\0088_04.jpg,data\processed\bfw\asian\n003557\0234_01.jpg,n003557,n003557,asian,asian,females,females,,,1,0.3811161,19.463402,0.6188839
data\processed\bfw\asian\n009177\0010_01.jpg,data\processed\bfw\asian\n003463\0304_01.jpg,n009177,n003463,asian,asian,females,males,,,0,-0.013514468,27.172768,1.0135145
data\processed\bfw\asian\n005474\0005_01.jpg,data\processed\bfw\asian\n006223\0189_01.jpg,n005474,n006223,asian,asian,females,females,,,0,0.049495615,28.364634,0.95050436
data\processed\bfw\asian\n003355\0137_01.jpg,data\processed\bfw\asian\n009294\0133_04.jpg,n003355,n009294,asian,asian,males,females,,,0,0.07189048,25.78271,0.9281095
data\processed\bfw\asian\n006125\0043_01.jpg,data\processed\bfw\asian\n006125\0163_01.jpg,n006125,n006125,asian,asian,females,females,,,1,0.4264794,20.19414,0.5735206
data\processed\bfw\asian\n009103\0657_02.jpg,data\processed\bfw\asian\n008163\0527_03.jpg,n009103,n008163,asian,asian,females,females,,,0,0.057549078,29.579918,0.94245094
data\processed\bfw\asian\n007372\0190_01.jpg,data\processed\bfw\asian\n007372\0252_01.jpg,n007372,n007372,asian,asian,females,females,,,1,0.13685732,26.299818,0.86314267
data\processed\bfw\asian\n003354\0011_01.jpg,data\processed\bfw\asian\n004681\0366_01.jpg,n003354,n004681,asian,asian,females,males,,,0,0.076757304,24.975382,0.9232427
data\processed\bfw\asian\n004805\0015_01.jpg,data\processed\bfw\asian\n004805\0108_01.jpg,n004805,n004805,asian,asian,males,males,,,1,0.50186425,17.249796,0.49813575
data\processed\bfw\asian\n007816\0407_01.jpg,data\processed\bfw\asian\n007816\0436_01.jpg,n007816,n007816,asian,asian,females,females,,,1,0.34572762,21.722044,0.6542724
data\processed\bfw\asian\n002725\0015_01.jpg,data\processed\bfw\asian\n002725\0267_01.jpg,n002725,n002725,asian,asian,females,females,,,1,0.4771082,20.649078,0.52289176
data\processed\bfw\asian\n004936\0218_01.jpg,data\processed\bfw\asian\n004936\0324_01.jpg,n004936,n004936,asian,asian,females,females,,,1,0.36647338,21.92589,0.6335266
data\processed\bfw\asian\n003355\0008_01.jpg,data\processed\bfw\asian\n004721\0066_01.jpg,n003355,n004721,asian,asian,males,males,,,0,0.12551573,26.391037,0.8744843
data\processed\bfw\asian\n007385\0119_01.jpg,data\processed\bfw\asian\n004786\0212_02.jpg,n007385,n004786,asian,asian,females,females,,,0,0.015068323,28.611858,0.98493165
data\processed\bfw\asian\n007385\0320_03.jpg,data\processed\bfw\asian\n007385\0469_01.jpg,n007385,n007385,asian,asian,females,females,,,1,0.33247814,20.746508,0.66752183
data\processed\bfw\asian\n002406\0148_01.jpg,data\processed\bfw\asian\n002406\0534_01.jpg,n002406,n002406,asian,asian,males,males,,,1,0.5416074,18.155983,0.45839262
data\processed\bfw\asian\n004800\0526_01.jpg,data\processed\bfw\asian\n003153\0624_01.jpg,n004800,n003153,asian,asian,males,females,,,0,0.24071015,23.578663,0.75928986
data\processed\bfw\asian\n009175\0077_01.jpg,data\processed\bfw\asian\n008383\0139_02.jpg,n009175,n008383,asian,asian,females,females,,,0,0.017180564,26.345963,0.98281944
data\processed\bfw\asian\n003557\0006_06.jpg,data\processed\bfw\asian\n003557\0013_01.jpg,n003557,n003557,asian,asian,females,females,,,1,0.29500684,20.283262,0.7049931
data\processed\bfw\asian\n003357\0108_01.jpg,data\processed\bfw\asian\n003357\0538_01.jpg,n003357,n003357,asian,asian,females,females,,,1,0.3915378,20.601906,0.6084622
data\processed\bfw\asian\n004930\0082_01.jpg,data\processed\bfw\asian\n004930\0236_01.jpg,n004930,n004930,asian,asian,females,females,,,1,0.5271262,19.586243,0.4728738
data\processed\bfw\asian\n009287\0033_01.jpg,data\processed\bfw\asian\n006125\0414_01.jpg,n009287,n006125,asian,asian,females,females,,,0,0.018163253,28.166962,0.98183674
data\processed\bfw\asian\n003824\0019_01.jpg,data\processed\bfw\asian\n003824\0148_01.jpg,n003824,n003824,asian,asian,females,females,,,1,0.28528762,24.768484,0.7147124
data\processed\bfw\asian\n006418\0129_01.jpg,data\processed\bfw\asian\n006418\1023_02.jpg,n006418,n006418,asian,asian,females,females,,,1,0.19712959,21.312016,0.8028704
data\processed\bfw\asian\n003156\0100_01.jpg,data\processed\bfw\asian\n003481\0107_01.jpg,n003156,n003481,asian,asian,males,females,,,0,0.08964865,23.679213,0.91035134
data\processed\bfw\asian\n007089\0015_01.jpg,data\processed\bfw\asian\n007089\0066_01.jpg,n007089,n007089,asian,asian,females,females,,,1,0.5804747,19.354332,0.41952533
data\processed\bfw\asian\n003355\0016_01.jpg,data\processed\bfw\asian\n001976\0082_01.jpg,n003355,n001976,asian,asian,males,males,,,0,-0.12940677,29.575377,1.1294068
data\processed\bfw\asian\n000135\0009_01.jpg,data\processed\bfw\asian\n000135\0013_02.jpg,n000135,n000135,asian,asian,females,females,,,1,0.52973676,20.187052,0.47026324
data\processed\bfw\asian\n000139\0216_01.jpg,data\processed\bfw\asian\n000139\0253_01.jpg,n000139,n000139,asian,asian,females,females,,,1,0.27663994,25.946459,0.72336006
data\processed\bfw\asian\n007816\0281_01.jpg,data\processed\bfw\asian\n007816\0627_01.jpg,n007816,n007816,asian,asian,females,females,,,1,0.418788,20.93296,0.58121204
data\processed\bfw\asian\n002331\0207_01.jpg,data\processed\bfw\asian\n002331\0317_02.jpg,n002331,n002331,asian,asian,males,males,,,1,0.18959536,24.549332,0.81040466
data\processed\bfw\asian\n006224\0067_01.jpg,data\processed\bfw\asian\n007738\0140_01.jpg,n006224,n007738,asian,asian,females,females,,,0,0.19896646,24.468012,0.80103356
data\processed\bfw\asian\n003223\0327_01.jpg,data\processed\bfw\asian\n008383\0352_01.jpg,n003223,n008383,asian,asian,males,females,,,0,0.03590424,27.176659,0.9640958
data\processed\bfw\asian\n000161\0223_01.jpg,data\processed\bfw\asian\n000161\0461_01.jpg,n000161,n000161,asian,asian,males,males,,,1,0.44972736,23.494032,0.55027264
data\processed\bfw\asian\n003824\0085_02.jpg,data\processed\bfw\asian\n003354\0047_01.jpg,n003824,n003354,asian,asian,females,females,,,0,0.09992451,26.418089,0.9000755
data\processed\bfw\asian\n006736\0145_01.jpg,data\processed\bfw\asian\n006736\0273_03.jpg,n006736,n006736,asian,asian,females,females,,,1,0.54918665,20.8098,0.45081335
data\processed\bfw\asian\n006633\0120_03.jpg,data\processed\bfw\asian\n006633\0356_01.jpg,n006633,n006633,asian,asian,females,females,,,1,0.028039148,28.279797,0.97196084
data\processed\bfw\asian\n000135\0017_01.jpg,data\processed\bfw\asian\n000135\0082_02.jpg,n000135,n000135,asian,asian,females,females,,,1,0.48796153,21.604345,0.51203847
data\processed\bfw\asian\n001682\0080_01.jpg,data\processed\bfw\asian\n005177\0013_01.jpg,n001682,n005177,asian,asian,males,males,,,0,0.082128555,29.492119,0.9178715
data\processed\bfw\asian\n009125\0012_01.jpg,data\processed\bfw\asian\n007372\0148_01.jpg,n009125,n007372,asian,asian,females,females,,,0,-0.046584193,29.887415,1.0465842
data\processed\bfw\asian\n004466\0223_01.jpg,data\processed\bfw\asian\n004466\0261_01.jpg,n004466,n004466,asian,asian,males,males,,,1,0.08761669,27.72591,0.9123833
data\processed\bfw\asian\n007372\0039_01.jpg,data\processed\bfw\asian\n007372\0177_01.jpg,n007372,n007372,asian,asian,females,females,,,1,0.39168814,22.409616,0.6083119
data\processed\bfw\asian\n003481\0119_02.jpg,data\processed\bfw\asian\n008163\0034_04.jpg,n003481,n008163,asian,asian,females,females,,,0,0.06898808,29.321732,0.9310119
data\processed\bfw\asian\n006149\0349_01.jpg,data\processed\bfw\asian\n005116\0228_03.jpg,n006149,n005116,asian,asian,females,males,,,0,-0.030491654,28.777761,1.0304917
data\processed\bfw\asian\n000856\0075_01.jpg,data\processed\bfw\asian\n008934\0211_01.jpg,n000856,n008934,asian,asian,females,females,,,0,0.053985182,24.98673,0.9460148
data\processed\bfw\asian\n003449\0129_01.jpg,data\processed\bfw\asian\n005474\0239_01.jpg,n003449,n005474,asian,asian,females,females,,,0,-0.08547291,24.790539,1.085473
data\processed\bfw\asian\n004787\0197_01.jpg,data\processed\bfw\asian\n004787\0679_05.jpg,n004787,n004787,asian,asian,females,females,,,1,0.43478718,19.59959,0.56521285
data\processed\bfw\asian\n003358\0202_01.jpg,data\processed\bfw\asian\n009294\0081_01.jpg,n003358,n009294,asian,asian,females,females,,,0,0.03375225,28.172857,0.96624774
data\processed\bfw\asian\n009287\0262_01.jpg,data\processed\bfw\asian\n004948\0004_02.jpg,n009287,n004948,asian,asian,females,males,,,0,-0.04546578,31.646736,1.0454658
data\processed\bfw\asian\n004785\0280_01.jpg,data\processed\bfw\asian\n004786\0056_01.jpg,n004785,n004786,asian,asian,females,females,,,0,0.23758546,25.416107,0.7624146
data\processed\bfw\asian\n000138\0066_09.jpg,data\processed\bfw\asian\n000138\0493_01.jpg,n000138,n000138,asian,asian,females,females,,,1,0.23627236,20.894203,0.76372766
data\processed\bfw\asian\n004787\0657_03.jpg,data\processed\bfw\asian\n004787\0692_01.jpg,n004787,n004787,asian,asian,females,females,,,1,0.49280074,19.001495,0.5071993
data\processed\bfw\asian\n003027\0459_01.jpg,data\processed\bfw\asian\n009294\0139_02.jpg,n003027,n009294,asian,asian,males,females,,,0,0.05341879,33.29434,0.9465812
data\processed\bfw\asian\n004108\0391_01.jpg,data\processed\bfw\asian\n004108\0401_02.jpg,n004108,n004108,asian,asian,males,males,,,1,0.44877216,20.37805,0.5512278
data\processed\bfw\asian\n001864\0003_01.jpg,data\processed\bfw\asian\n001864\0038_01.jpg,n001864,n001864,asian,asian,males,males,,,1,0.6158036,16.901995,0.3841964
data\processed\bfw\asian\n005085\0192_01.jpg,data\processed\bfw\asian\n007814\0382_01.jpg,n005085,n007814,asian,asian,females,females,,,0,0.021947838,28.663769,0.97805214
data\processed\bfw\asian\n005446\0205_02.jpg,data\processed\bfw\asian\n009294\0098_01.jpg,n005446,n009294,asian,asian,females,females,,,0,0.011361796,27.134851,0.9886382
data\processed\bfw\asian\n007664\0023_02.jpg,data\processed\bfw\asian\n002644\0418_01.jpg,n007664,n002644,asian,asian,females,males,,,0,-0.018361107,27.83209,1.0183611
data\processed\bfw\asian\n000148\0016_01.jpg,data\processed\bfw\asian\n000148\0579_01.jpg,n000148,n000148,asian,asian,females,females,,,1,0.45274773,19.081894,0.5472523
data\processed\bfw\asian\n004877\0004_01.jpg,data\processed\bfw\asian\n005474\0074_01.jpg,n004877,n005474,asian,asian,females,females,,,0,0.098912925,26.567755,0.90108705
data\processed\bfw\asian\n004681\0266_02.jpg,data\processed\bfw\asian\n004681\0287_01.jpg,n004681,n004681,asian,asian,males,males,,,1,0.37968934,21.094795,0.62031066
data\processed\bfw\asian\n004686\0079_01.jpg,data\processed\bfw\asian\n004686\0540_01.jpg,n004686,n004686,asian,asian,males,males,,,1,0.5937254,18.19977,0.40627462
data\processed\bfw\asian\n004785\0353_01.jpg,data\processed\bfw\asian\n004221\0135_02.jpg,n004785,n004221,asian,asian,females,males,,,0,-0.095301725,30.286392,1.0953017
data\processed\bfw\asian\n007664\0023_02.jpg,data\processed\bfw\asian\n007664\0066_01.jpg,n007664,n007664,asian,asian,females,females,,,1,0.38600457,21.12693,0.61399543
data\processed\bfw\asian\n000839\0162_01.jpg,data\processed\bfw\asian\n000839\0210_01.jpg,n000839,n000839,asian,asian,females,females,,,1,0.35156125,20.113813,0.64843875
data\processed\bfw\asian\n005116\0333_03.jpg,data\processed\bfw\asian\n000132\0110_01__face_0.jpg,n005116,n000132,asian,asian,males,males,,,0,0.07372808,28.21049,0.9262719
data\processed\bfw\asian\n009277\0051_01.jpg,data\processed\bfw\asian\n009277\0150_01.jpg,n009277,n009277,asian,asian,females,females,,,1,0.44727132,19.448483,0.55272865
data\processed\bfw\asian\n003156\0086_01.jpg,data\processed\bfw\asian\n001562\0159_02.jpg,n003156,n001562,asian,asian,males,males,,,0,0.11436131,28.457785,0.8856387
data\processed\bfw\asian\n000143\0044_01.jpg,data\processed\bfw\asian\n004785\0167_02.jpg,n000143,n004785,asian,asian,females,females,,,0,0.015793843,24.834085,0.98420614
data\processed\bfw\asian\n009042\0036_01.jpg,data\processed\bfw\asian\n004221\0060_01.jpg,n009042,n004221,asian,asian,females,males,,,0,-0.02685012,31.784552,1.0268501
data\processed\bfw\asian\n002509\0180_01.jpg,data\processed\bfw\asian\n009277\0018_01.jpg,n002509,n009277,asian,asian,females,females,,,0,-0.06730301,25.766901,1.0673031
data\processed\bfw\asian\n003027\0374_01.jpg,data\processed\bfw\asian\n001682\0151_01.jpg,n003027,n001682,asian,asian,males,males,,,0,-0.00075661164,30.9929,1.0007566
data\processed\bfw\asian\n009288\0293_01.jpg,data\processed\bfw\asian\n007385\0358_01.jpg,n009288,n007385,asian,asian,females,females,,,0,-0.014944001,29.164724,1.014944
data\processed\bfw\asian\n004860\0040_01.jpg,data\processed\bfw\asian\n004860\0048_01.jpg,n004860,n004860,asian,asian,females,females,,,1,0.34880403,21.65001,0.651196
data\processed\bfw\asian\n005216\0236_01.jpg,data\processed\bfw\asian\n000148\0016_01.jpg,n005216,n000148,asian,asian,females,females,,,0,0.0073160245,24.458076,0.99268395
data\processed\bfw\asian\n003354\0058_01.jpg,data\processed\bfw\asian\n003354\0068_01.jpg,n003354,n003354,asian,asian,females,females,,,1,0.54184014,19.152355,0.45815986
data\processed\bfw\asian\n007816\0407_01.jpg,data\processed\bfw\asian\n007816\0543_01.jpg,n007816,n007816,asian,asian,females,females,,,1,0.1983635,22.72268,0.8016365
data\processed\bfw\asian\n003358\0233_01.jpg,data\processed\bfw\asian\n004864\0353_02.jpg,n003358,n004864,asian,asian,females,females,,,0,0.13290557,23.789484,0.8670944
data\processed\bfw\asian\n004466\0332_01.jpg,data\processed\bfw\asian\n006224\0069_07.jpg,n004466,n006224,asian,asian,males,females,,,0,0.04037759,30.267807,0.9596224
data\processed\bfw\asian\n001572\0115_01.jpg,data\processed\bfw\asian\n001572\0129_01.jpg,n001572,n001572,asian,asian,females,females,,,1,0.3546696,19.17669,0.6453304
data\processed\bfw\asian\n006203\0047_01.jpg,data\processed\bfw\asian\n009137\0416_01.jpg,n006203,n009137,asian,asian,females,females,,,0,0.0703373,26.7262,0.9296627
data\processed\bfw\asian\n008978\0062_01.jpg,data\processed\bfw\asian\n008978\0100_01.jpg,n008978,n008978,asian,asian,females,females,,,1,0.56101304,20.710434,0.43898696
data\processed\bfw\asian\n004794\0135_01.jpg,data\processed\bfw\asian\n004794\0203_02.jpg,n004794,n004794,asian,asian,males,males,,,1,0.34318757,20.556648,0.6568124
data\processed\bfw\asian\n000838\0025_01.jpg,data\processed\bfw\asian\n000838\0160_01.jpg,n000838,n000838,asian,asian,females,females,,,1,0.21392035,26.879364,0.78607965
data\processed\bfw\asian\n004948\0378_02.jpg,data\processed\bfw\asian\n004948\0667_01.jpg,n004948,n004948,asian,asian,males,males,,,1,-0.051106546,28.868027,1.0511066
data\processed\bfw\asian\n009137\0182_02.jpg,data\processed\bfw\asian\n009137\0226_02.jpg,n009137,n009137,asian,asian,females,females,,,1,0.23799926,25.272793,0.76200074
data\processed\bfw\asian\n000837\0020_01.jpg,data\processed\bfw\asian\n000837\0032_02.jpg,n000837,n000837,asian,asian,females,females,,,1,0.5973619,19.064394,0.40263808
data\processed\bfw\asian\n003162\0508_01.jpg,data\processed\bfw\asian\n004935\0165_02.jpg,n003162,n004935,asian,asian,males,males,,,0,-0.06779541,31.71081,1.0677954
data\processed\bfw\asian\n009041\0046_02.jpg,data\processed\bfw\asian\n009125\0064_01.jpg,n009041,n009125,asian,asian,females,females,,,0,0.1917096,29.084572,0.8082904
data\processed\bfw\asian\n005085\0061_01.jpg,data\processed\bfw\asian\n005085\0192_01.jpg,n005085,n005085,asian,asian,females,females,,,1,0.43142223,21.846994,0.56857777
data\processed\bfw\asian\n000160\0150_01.jpg,data\processed\bfw\asian\n000160\0308_01.jpg,n000160,n000160,asian,asian,females,females,,,1,0.35520175,22.049791,0.6447983
data\processed\bfw\asian\n005077\0002_01.jpg,data\processed\bfw\asian\n005077\0104_01.jpg,n005077,n005077,asian,asian,females,females,,,1,0.5291959,18.721146,0.4708041
data\processed\bfw\asian\n003557\0053_01.jpg,data\processed\bfw\asian\n006203\0241_05.jpg,n003557,n006203,asian,asian,females,females,,,0,0.3241238,20.432642,0.6758762
data\processed\bfw\asian\n002406\0070_01.jpg,data\processed\bfw\asian\n002406\0137_01.jpg,n002406,n002406,asian,asian,males,males,,,1,0.15744236,24.238438,0.84255767
data\processed\bfw\asian\n008401\0097_02.jpg,data\processed\bfw\asian\n008401\0380_01.jpg,n008401,n008401,asian,asian,females,females,,,1,0.45844758,21.09069,0.5415524
data\processed\bfw\asian\n001682\0251_02.jpg,data\processed\bfw\asian\n003167\0045_01.jpg,n001682,n003167,asian,asian,males,males,,,0,-0.015801657,33.641987,1.0158017
data\processed\bfw\asian\n002644\0208_01.jpg,data\processed\bfw\asian\n002644\0319_01.jpg,n002644,n002644,asian,asian,males,males,,,1,0.44066933,20.918827,0.5593307
data\processed\bfw\asian\n000139\0099_01.jpg,data\processed\bfw\asian\n000139\0309_01.jpg,n000139,n000139,asian,asian,females,females,,,1,0.3518309,24.757296,0.6481691
data\processed\bfw\asian\n009148\0017_01.jpg,data\processed\bfw\asian\n009148\0083_01.jpg,n009148,n009148,asian,asian,females,females,,,1,0.4860619,21.286463,0.51393807
data\processed\bfw\asian\n004681\0019_01.jpg,data\processed\bfw\asian\n005446\0141_01.jpg,n004681,n005446,asian,asian,males,females,,,0,0.021164661,26.576263,0.97883534
data\processed\bfw\asian\n004877\0004_01.jpg,data\processed\bfw\asian\n004681\0340_01.jpg,n004877,n004681,asian,asian,females,males,,,0,0.014554872,23.288393,0.98544514
data\processed\bfw\asian\n005083\0252_01.jpg,data\processed\bfw\asian\n003533\0615_01.jpg,n005083,n003533,asian,asian,females,males,,,0,0.008927784,28.747215,0.99107224
data\processed\bfw\asian\n009278\0006_01.jpg,data\processed\bfw\asian\n009278\0228_01.jpg,n009278,n009278,asian,asian,females,females,,,1,0.11268754,25.856544,0.8873125
data\processed\bfw\asian\n004680\0053_01.jpg,data\processed\bfw\asian\n004680\0241_01.jpg,n004680,n004680,asian,asian,females,females,,,1,0.3599371,19.877594,0.6400629
data\processed\bfw\asian\n003162\0191_01.jpg,data\processed\bfw\asian\n003162\0459_01.jpg,n003162,n003162,asian,asian,males,males,,,1,0.5894867,21.290369,0.41051328
data\processed\bfw\asian\n009288\0172_01.jpg,data\processed\bfw\asian\n009288\0236_01.jpg,n009288,n009288,asian,asian,females,females,,,1,0.2181896,23.751507,0.7818104
data\processed\bfw\asian\n004687\0104_02.jpg,data\processed\bfw\asian\n004687\0307_01.jpg,n004687,n004687,asian,asian,females,females,,,1,0.35287258,21.354633,0.6471274
data\processed\bfw\asian\n006224\0053_01.jpg,data\processed\bfw\asian\n006224\0086_01.jpg,n006224,n006224,asian,asian,females,females,,,1,0.41119966,18.660437,0.5888003
data\processed\bfw\asian\n000139\0184_01.jpg,data\processed\bfw\asian\n008978\0026_01.jpg,n000139,n008978,asian,asian,females,females,,,0,0.043327026,26.58122,0.95667297
data\processed\bfw\asian\n005063\0027_01.jpg,data\processed\bfw\asian\n005063\0439_01.jpg,n005063,n005063,asian,asian,females,females,,,1,0.050655045,26.658363,0.94934493
data\processed\bfw\asian\n003557\0006_06.jpg,data\processed\bfw\asian\n009177\0053_02.jpg,n003557,n009177,asian,asian,females,females,,,0,0.17087485,22.840319,0.82912517
data\processed\bfw\asian\n005116\0676_01.jpg,data\processed\bfw\asian\n007378\0289_01.jpg,n005116,n007378,asian,asian,males,females,,,0,-0.05194607,27.128975,1.051946
data\processed\bfw\asian\n006344\0431_07.jpg,data\processed\bfw\asian\n006126\0124_01.jpg,n006344,n006126,asian,asian,females,females,,,0,0.2927354,20.880108,0.7072646
data\processed\bfw\asian\n006222\0015_01.jpg,data\processed\bfw\asian\n006222\0151_01.jpg,n006222,n006222,asian,asian,females,females,,,1,0.35042807,23.32437,0.6495719
data\processed\bfw\asian\n004948\0194_01.jpg,data\processed\bfw\asian\n000138\0131_01.jpg,n004948,n000138,asian,asian,males,females,,,0,0.01714235,26.744442,0.98285764
data\processed\bfw\asian\n004870\0144_01.jpg,data\processed\bfw\asian\n006418\0504_01.jpg,n004870,n006418,asian,asian,females,females,,,0,0.10141564,27.233871,0.89858437
data\processed\bfw\asian\n005078\0250_01.jpg,data\processed\bfw\asian\n005078\0295_03.jpg,n005078,n005078,asian,asian,males,males,,,1,0.03249697,25.269182,0.967503
data\processed\bfw\asian\n000161\0183_01.jpg,data\processed\bfw\asian\n009177\0456_01.jpg,n000161,n009177,asian,asian,males,females,,,0,0.021036886,28.50932,0.97896314
data\processed\bfw\asian\n007385\0118_01.jpg,data\processed\bfw\asian\n000840\0624_03.jpg,n007385,n000840,asian,asian,females,females,,,0,0.100711115,25.405935,0.8992889
data\processed\bfw\asian\n003635\0072_03.jpg,data\processed\bfw\asian\n003635\0089_02.jpg,n003635,n003635,asian,asian,males,males,,,1,0.5085473,23.240494,0.4914527
data\processed\bfw\asian\n003467\0094_01.jpg,data\processed\bfw\asian\n000161\0101_01.jpg,n003467,n000161,asian,asian,females,males,,,0,-0.0026209517,26.121239,1.0026209
data\processed\bfw\asian\n005116\0332_01.jpg,data\processed\bfw\asian\n007814\0185_02.jpg,n005116,n007814,asian,asian,males,females,,,0,0.057608392,24.954094,0.94239163
data\processed\bfw\asian\n005071\0175_01.jpg,data\processed\bfw\asian\n004870\0288_02.jpg,n005071,n004870,asian,asian,males,females,,,0,0.032332852,29.577995,0.96766716
data\processed\bfw\asian\n005063\0016_02.jpg,data\processed\bfw\asian\n005063\0089_02.jpg,n005063,n005063,asian,asian,females,females,,,1,0.100125246,20.838371,0.89987475
data\processed\bfw\asian\n003491\0113_03.jpg,data\processed\bfw\asian\n004680\0260_01.jpg,n003491,n004680,asian,asian,males,females,,,0,0.14986056,24.699463,0.85013944
data\processed\bfw\asian\n005446\0279_01.jpg,data\processed\bfw\asian\n006149\0087_01.jpg,n005446,n006149,asian,asian,females,females,,,0,-0.030834384,29.019001,1.0308344
data\processed\bfw\asian\n006125\0185_01.jpg,data\processed\bfw\asian\n000143\0122_01.jpg,n006125,n000143,asian,asian,females,females,,,0,0.061863806,26.805365,0.9381362
data\processed\bfw\asian\n006358\0325_01.jpg,data\processed\bfw\asian\n000856\0046_01.jpg,n006358,n000856,asian,asian,females,females,,,0,0.10393319,28.125038,0.8960668
data\processed\bfw\asian\n000139\0210_01.jpg,data\processed\bfw\asian\n000139\0501_01.jpg,n000139,n000139,asian,asian,females,females,,,1,0.37334406,24.896746,0.62665594
data\processed\bfw\asian\n004948\0018_01.jpg,data\processed\bfw\asian\n003533\0062_02.jpg,n004948,n003533,asian,asian,males,males,,,0,0.01815322,29.706425,0.9818468
data\processed\bfw\asian\n009287\0278_01.jpg,data\processed\bfw\asian\n003357\0006_01.jpg,n009287,n003357,asian,asian,females,females,,,0,-0.05245461,30.409891,1.0524546
data\processed\bfw\asian\n000161\0037_01.jpg,data\processed\bfw\asian\n000161\0223_01.jpg,n000161,n000161,asian,asian,males,males,,,1,0.43605068,24.413872,0.56394935
data\processed\bfw\asian\n003354\0047_01.jpg,data\processed\bfw\asian\n003354\0098_01.jpg,n003354,n003354,asian,asian,females,females,,,1,0.48729548,19.809605,0.5127045
data\processed\bfw\asian\n007664\0066_01.jpg,data\processed\bfw\asian\n007664\0810_01.jpg,n007664,n007664,asian,asian,females,females,,,1,0.44416878,20.302372,0.5558312
data\processed\bfw\asian\n000160\0105_01.jpg,data\processed\bfw\asian\n000160\0139_01.jpg,n000160,n000160,asian,asian,females,females,,,1,0.4621347,17.593534,0.5378653
data\processed\bfw\asian\n007378\0214_01.jpg,data\processed\bfw\asian\n004935\0519_01.jpg,n007378,n004935,asian,asian,females,males,,,0,-0.07463057,31.076971,1.0746306
data\processed\bfw\asian\n007380\0019_01.jpg,data\processed\bfw\asian\n006125\0058_01.jpg,n007380,n006125,asian,asian,females,females,,,0,0.031686764,27.230642,0.9683132
data\processed\bfw\asian\n005077\0199_01.jpg,data\processed\bfw\asian\n008383\0068_01.jpg,n005077,n008383,asian,asian,females,females,,,0,0.079704605,24.582672,0.9202954
data\processed\bfw\asian\n006149\0009_01.jpg,data\processed\bfw\asian\n000132\0148_01__face_0.jpg,n006149,n000132,asian,asian,females,males,,,0,-0.054115497,25.816435,1.0541155
data\processed\bfw\asian\n007664\0066_01.jpg,data\processed\bfw\asian\n000148\0229_01.jpg,n007664,n000148,asian,asian,females,females,,,0,-0.13442717,29.537035,1.1344272
data\processed\bfw\asian\n009294\0031_03.jpg,data\processed\bfw\asian\n009294\0139_02.jpg,n009294,n009294,asian,asian,females,females,,,1,0.7394008,15.8648205,0.2605992
data\processed\bfw\asian\n004791\0030_01.jpg,data\processed\bfw\asian\n003482\0155_05.jpg,n004791,n003482,asian,asian,males,males,,,0,0.040375955,27.635492,0.95962405
data\processed\bfw\asian\n006222\0135_01.jpg,data\processed\bfw\asian\n009287\0115_01.jpg,n006222,n009287,asian,asian,females,females,,,0,0.029092528,25.240202,0.97090745
data\processed\bfw\asian\n003354\0175_01.jpg,data\processed\bfw\asian\n006634\0039_01.jpg,n003354,n006634,asian,asian,females,females,,,0,-0.105825126,30.297098,1.1058252
data\processed\bfw\asian\n004809\0200_02.jpg,data\processed\bfw\asian\n009137\0047_02.jpg,n004809,n009137,asian,asian,males,females,,,0,-0.041702665,33.285034,1.0417026
data\processed\bfw\asian\n003288\0628_01.jpg,data\processed\bfw\asian\n002406\0156_01.jpg,n003288,n002406,asian,asian,females,males,,,0,0.11043129,23.198153,0.8895687
data\processed\bfw\asian\n001572\0091_01.jpg,data\processed\bfw\asian\n001572\0242_01.jpg,n001572,n001572,asian,asian,females,females,,,1,0.3974508,20.31195,0.6025492
data\processed\bfw\asian\n003153\0075_01.jpg,data\processed\bfw\asian\n003153\0157_01.jpg,n003153,n003153,asian,asian,females,females,,,1,0.35925582,19.872047,0.6407442
data\processed\bfw\asian\n003463\0005_01.jpg,data\processed\bfw\asian\n003506\0014_01.jpg,n003463,n003506,asian,asian,males,females,,,0,-0.16276415,27.011864,1.1627642
data\processed\bfw\asian\n006736\0121_03.jpg,data\processed\bfw\asian\n006736\0367_01.jpg,n006736,n006736,asian,asian,females,females,,,1,0.37088978,26.32729,0.6291102
data\processed\bfw\asian\n000872\0085_01.jpg,data\processed\bfw\asian\n000872\0101_01.jpg,n000872,n000872,asian,asian,males,males,,,1,0.5094582,22.46016,0.49054182
data\processed\bfw\asian\n001562\0065_01.jpg,data\processed\bfw\asian\n003533\0326_02.jpg,n001562,n003533,asian,asian,males,males,,,0,-0.062361497,31.434822,1.0623615
data\processed\bfw\asian\n009103\0179_03.jpg,data\processed\bfw\asian\n005116\0083_01.jpg,n009103,n005116,asian,asian,females,males,,,0,0.03748435,29.173195,0.96251565
data\processed\bfw\asian\n005063\0016_02.jpg,data\processed\bfw\asian\n005077\0153_01.jpg,n005063,n005077,asian,asian,females,females,,,0,0.012000091,20.714758,0.9879999
data\processed\bfw\asian\n003155\0062_02.jpg,data\processed\bfw\asian\n004721\0177_01.jpg,n003155,n004721,asian,asian,males,males,,,0,0.046069734,28.19398,0.95393026
data\processed\bfw\asian\n005071\0154_01.jpg,data\processed\bfw\asian\n004466\0153_01.jpg,n005071,n004466,asian,asian,males,males,,,0,0.03624295,28.31187,0.96375704
data\processed\bfw\asian\n004800\0111_01.jpg,data\processed\bfw\asian\n004800\0828_02.jpg,n004800,n004800,asian,asian,males,males,,,1,0.26480186,20.82812,0.73519814
data\processed\bfw\asian\n009288\0028_01.jpg,data\processed\bfw\asian\n008148\0202_01.jpg,n009288,n008148,asian,asian,females,females,,,0,-0.05454757,29.672297,1.0545475
data\processed\bfw\asian\n008163\0032_02.jpg,data\processed\bfw\asian\n009042\0250_01.jpg,n008163,n009042,asian,asian,females,females,,,0,-0.08170327,29.100773,1.0817033
data\processed\bfw\asian\n004721\0227_01.jpg,data\processed\bfw\asian\n006126\0197_01.jpg,n004721,n006126,asian,asian,males,females,,,0,0.039760455,26.561804,0.9602395
data\processed\bfw\asian\n002509\0104_02.jpg,data\processed\bfw\asian\n002509\0139_03.jpg,n002509,n002509,asian,asian,females,females,,,1,0.10633459,26.007662,0.89366543
data\processed\bfw\asian\n007380\0204_01.jpg,data\processed\bfw\asian\n007380\0268_01.jpg,n007380,n007380,asian,asian,females,females,,,1,0.03409988,22.826519,0.9659001
data\processed\bfw\asian\n009288\0107_01.jpg,data\processed\bfw\asian\n009288\0175_01.jpg,n009288,n009288,asian,asian,females,females,,,1,0.21502872,25.69533,0.7849713
data\processed\bfw\asian\n004549\0168_05.jpg,data\processed\bfw\asian\n004549\0656_02.jpg,n004549,n004549,asian,asian,females,females,,,1,0.2039387,25.04129,0.7960613
data\processed\bfw\asian\n000873\0176_01.jpg,data\processed\bfw\asian\n008401\0166_01.jpg,n000873,n008401,asian,asian,males,females,,,0,0.009710061,29.937689,0.9902899
data\processed\bfw\asian\n000840\0003_02.jpg,data\processed\bfw\asian\n000840\0025_01.jpg,n000840,n000840,asian,asian,females,females,,,1,0.44907764,21.605936,0.5509224
data\processed\bfw\asian\n007816\0760_01.jpg,data\processed\bfw\asian\n007385\0500_01.jpg,n007816,n007385,asian,asian,females,females,,,0,0.076724514,26.26631,0.9232755
data\processed\bfw\asian\n000135\0009_01.jpg,data\processed\bfw\asian\n000135\0039_04.jpg,n000135,n000135,asian,asian,females,females,,,1,0.39282867,22.828451,0.6071713
data\processed\bfw\asian\n001976\0090_01.jpg,data\processed\bfw\asian\n001976\0441_01.jpg,n001976,n001976,asian,asian,males,males,,,1,0.050751366,27.249264,0.9492486
data\processed\bfw\asian\n009177\0175_01.jpg,data\processed\bfw\asian\n003156\0086_01.jpg,n009177,n003156,asian,asian,females,males,,,0,0.23816918,25.295918,0.7618308
data\processed\bfw\asian\n009275\0323_03.jpg,data\processed\bfw\asian\n003481\0345_01.jpg,n009275,n003481,asian,asian,females,females,,,0,0.046331022,28.336979,0.95366895
data\processed\bfw\asian\n007816\0627_01.jpg,data\processed\bfw\asian\n006159\0073_01.jpg,n007816,n006159,asian,asian,females,females,,,0,0.10748949,29.405123,0.89251053
data\processed\bfw\asian\n003481\0141_01.jpg,data\processed\bfw\asian\n003481\0202_01.jpg,n003481,n003481,asian,asian,females,females,,,1,0.42888343,20.843908,0.57111657
data\processed\bfw\asian\n002775\0069_01.jpg,data\processed\bfw\asian\n002775\0088_02.jpg,n002775,n002775,asian,asian,males,males,,,1,0.60812545,20.810408,0.39187455
data\processed\bfw\asian\n007380\0268_01.jpg,data\processed\bfw\asian\n004785\0357_02.jpg,n007380,n004785,asian,asian,females,females,,,0,-0.06503634,25.096746,1.0650363
data\processed\bfw\asian\n004809\0561_01.jpg,data\processed\bfw\asian\n002644\0257_01.jpg,n004809,n002644,asian,asian,males,males,,,0,0.034961417,26.758781,0.9650386
data\processed\bfw\asian\n002775\0086_03.jpg,data\processed\bfw\asian\n002775\0119_01.jpg,n002775,n002775,asian,asian,males,males,,,1,0.33326042,28.684208,0.6667396
data\processed\bfw\asian\n004687\0104_02.jpg,data\processed\bfw\asian\n002552\0400_01.jpg,n004687,n002552,asian,asian,females,males,,,0,0.058116622,26.842758,0.9418834
data\processed\bfw\asian\n009277\0365_01.jpg,data\processed\bfw\asian\n006203\0088_01.jpg,n009277,n006203,asian,asian,females,females,,,0,-0.12569515,28.819202,1.1256951
data\processed\bfw\asian\n003463\0008_01.jpg,data\processed\bfw\asian\n000143\0014_01.jpg,n003463,n000143,asian,asian,males,females,,,0,-0.11809807,29.049665,1.118098
data\processed\bfw\asian\n006358\0046_01.jpg,data\processed\bfw\asian\n006358\0094_01.jpg,n006358,n006358,asian,asian,females,females,,,1,0.45941785,22.55467,0.5405822
data\processed\bfw\asian\n006344\0025_02.jpg,data\processed\bfw\asian\n006344\0498_03.jpg,n006344,n006344,asian,asian,females,females,,,1,0.11637372,27.378258,0.8836263
data\processed\bfw\asian\n008163\0239_02.jpg,data\processed\bfw\asian\n005072\0235_01.jpg,n008163,n005072,asian,asian,females,males,,,0,-0.07204481,30.800896,1.0720448
data\processed\bfw\asian\n003467\0096_01.jpg,data\processed\bfw\asian\n003467\0188_03.jpg,n003467,n003467,asian,asian,females,females,,,1,0.42374066,20.16334,0.5762594
data\processed\bfw\asian\n006149\0005_01.jpg,data\processed\bfw\asian\n006149\0086_01.jpg,n006149,n006149,asian,asian,females,females,,,1,-0.052338067,23.726463,1.0523381
data\processed\bfw\asian\n000838\0129_01.jpg,data\processed\bfw\asian\n000838\0247_01.jpg,n000838,n000838,asian,asian,females,females,,,1,0.52974707,21.906305,0.47025293
data\processed\bfw\asian\n006125\0247_01.jpg,data\processed\bfw\asian\n004469\0114_01.jpg,n006125,n004469,asian,asian,females,males,,,0,0.019611,28.348831,0.980389
data\processed\bfw\asian\n007738\0017_01.jpg,data\processed\bfw\asian\n003482\0338_02.jpg,n007738,n003482,asian,asian,females,males,,,0,-0.082005374,32.293003,1.0820054
data\processed\bfw\asian\n004785\0145_01.jpg,data\processed\bfw\asian\n004785\0211_01.jpg,n004785,n004785,asian,asian,females,females,,,1,0.43440086,21.01952,0.56559914
data\processed\bfw\asian\n008383\0161_02.jpg,data\processed\bfw\asian\n008383\0532_01.jpg,n008383,n008383,asian,asian,females,females,,,1,0.31171912,23.985382,0.6882809
data\processed\bfw\asian\n009103\0657_02.jpg,data\processed\bfw\asian\n002775\0137_04.jpg,n009103,n002775,asian,asian,females,males,,,0,-0.0381017,33.28714,1.0381017
data\processed\bfw\asian\n008148\0110_01.jpg,data\processed\bfw\asian\n009276\0049_01.jpg,n008148,n009276,asian,asian,females,females,,,0,-0.0078064115,27.214754,1.0078064
data\processed\bfw\asian\n002552\0530_01.jpg,data\processed\bfw\asian\n000009\0011_01.jpg,n002552,n000009,asian,asian,males,females,,,0,-0.079101846,24.946249,1.0791018
data\processed\bfw\asian\n004948\0318_02.jpg,data\processed\bfw\asian\n004948\0381_01.jpg,n004948,n004948,asian,asian,males,males,,,1,0.18189374,25.333012,0.8181063
data\processed\bfw\asian\n000854\0060_01.jpg,data\processed\bfw\asian\n008148\0123_01.jpg,n000854,n008148,asian,asian,females,females,,,0,-0.0548124,25.688963,1.0548124
data\processed\bfw\asian\n006203\0022_01.jpg,data\processed\bfw\asian\n006203\0357_01.jpg,n006203,n006203,asian,asian,females,females,,,1,0.42785668,17.880404,0.5721433
data\processed\bfw\asian\n000139\0079_01.jpg,data\processed\bfw\asian\n003463\0005_01.jpg,n000139,n003463,asian,asian,females,males,,,0,-0.00014270254,27.506536,1.0001427
data\processed\bfw\asian\n007814\0135_01.jpg,data\processed\bfw\asian\n007814\0175_01.jpg,n007814,n007814,asian,asian,females,females,,,1,0.52347416,16.570967,0.47652584
data\processed\bfw\asian\n003167\0042_19.jpg,data\processed\bfw\asian\n004785\0082_01.jpg,n003167,n004785,asian,asian,males,females,,,0,0.04555617,30.426458,0.9544438
data\processed\bfw\asian\n007372\0190_01.jpg,data\processed\bfw\asian\n003467\0112_01.jpg,n007372,n003467,asian,asian,females,females,,,0,0.0018849176,29.554615,0.99811506
data\processed\bfw\asian\n009277\0018_01.jpg,data\processed\bfw\asian\n009277\0026_01.jpg,n009277,n009277,asian,asian,females,females,,,1,0.6491518,14.476789,0.3508482
data\processed\bfw\asian\n009175\0004_01.jpg,data\processed\bfw\asian\n009175\0486_01.jpg,n009175,n009175,asian,asian,females,females,,,1,0.6171804,18.076105,0.3828196
data\processed\bfw\asian\n007816\0627_01.jpg,data\processed\bfw\asian\n003467\0112_01.jpg,n007816,n003467,asian,asian,females,females,,,0,0.119417146,26.38814,0.88058287
data\processed\bfw\asian\n004877\0121_01.jpg,data\processed\bfw\asian\n004877\0441_01.jpg,n004877,n004877,asian,asian,females,females,,,1,0.55780375,19.097002,0.44219625
data\processed\bfw\asian\n000872\0274_02.jpg,data\processed\bfw\asian\n006222\0032_01.jpg,n000872,n006222,asian,asian,males,females,,,0,0.11740699,25.532309,0.88259304
data\processed\bfw\asian\n003463\0110_01.jpg,data\processed\bfw\asian\n003463\0152_01.jpg,n003463,n003463,asian,asian,males,males,,,1,0.41776773,19.651651,0.58223224
data\processed\bfw\asian\n008148\0110_01.jpg,data\processed\bfw\asian\n008148\0195_01.jpg,n008148,n008148,asian,asian,females,females,,,1,0.4258517,20.991358,0.5741483
data\processed\bfw\asian\n004791\0361_01.jpg,data\processed\bfw\asian\n007814\0485_01.jpg,n004791,n007814,asian,asian,males,females,,,0,-0.0137787815,25.430517,1.0137788
data\processed\bfw\asian\n003533\0615_01.jpg,data\processed\bfw\asian\n009287\0034_01.jpg,n003533,n009287,asian,asian,males,females,,,0,0.014519948,31.801807,0.98548007
data\processed\bfw\asian\n009042\0057_01.jpg,data\processed\bfw\asian\n006774\0105_01.jpg,n009042,n006774,asian,asian,females,females,,,0,0.1908645,25.233456,0.8091355
data\processed\bfw\asian\n000839\0163_01.jpg,data\processed\bfw\asian\n003467\0358_01.jpg,n000839,n003467,asian,asian,females,females,,,0,-0.01205005,27.17781,1.01205
data\processed\bfw\asian\n004864\0059_01.jpg,data\processed\bfw\asian\n006224\0053_01.jpg,n004864,n006224,asian,asian,females,females,,,0,-0.0083138645,26.57589,1.0083139
data\processed\bfw\asian\n002406\0148_01.jpg,data\processed\bfw\asian\n000143\0064_01.jpg,n002406,n000143,asian,asian,males,females,,,0,0.076827876,25.281397,0.9231721
data\processed\bfw\asian\n003467\0030_01.jpg,data\processed\bfw\asian\n005078\0092_02.jpg,n003467,n005078,asian,asian,females,males,,,0,-0.014892201,29.669252,1.0148922
data\processed\bfw\asian\n006223\0055_01.jpg,data\processed\bfw\asian\n001682\0074_01.jpg,n006223,n001682,asian,asian,females,males,,,0,0.016749881,29.716965,0.98325014
data\processed\bfw\asian\n004108\0383_01.jpg,data\processed\bfw\asian\n004108\0391_01.jpg,n004108,n004108,asian,asian,males,males,,,1,0.35590434,24.01242,0.64409566
data\processed\bfw\asian\n004680\0053_01.jpg,data\processed\bfw\asian\n004680\0427_01.jpg,n004680,n004680,asian,asian,females,females,,,1,0.4875816,19.217812,0.5124184
data\processed\bfw\asian\n007385\0124_02.jpg,data\processed\bfw\asian\n005083\0077_01.jpg,n007385,n005083,asian,asian,females,females,,,0,-0.031156883,26.00453,1.0311569
data\processed\bfw\asian\n008383\0175_01.jpg,data\processed\bfw\asian\n000838\0037_01.jpg,n008383,n000838,asian,asian,females,females,,,0,0.09661132,31.39924,0.9033887
data\processed\bfw\asian\n001682\0029_01.jpg,data\processed\bfw\asian\n001682\0074_01.jpg,n001682,n001682,asian,asian,males,males,,,1,0.72371393,17.645344,0.27628607
data\processed\bfw\asian\n006736\0283_01.jpg,data\processed\bfw\asian\n004681\0126_01.jpg,n006736,n004681,asian,asian,females,males,,,0,0.046060044,27.363176,0.95394
data\processed\bfw\asian\n000132\0148_01__face_0.jpg,data\processed\bfw\asian\n006159\0235_01.jpg,n000132,n006159,asian,asian,males,females,,,0,-0.057922054,20.87199,1.057922
data\processed\bfw\asian\n001976\0071_01.jpg,data\processed\bfw\asian\n001976\0237_01.jpg,n001976,n001976,asian,asian,males,males,,,1,0.42195266,19.51705,0.57804734
data\processed\bfw\asian\n000139\0281_01.jpg,data\processed\bfw\asian\n004791\0075_01.jpg,n000139,n004791,asian,asian,females,males,,,0,-0.15171324,32.825523,1.1517133
data\processed\bfw\asian\n000436\0348_01.jpg,data\processed\bfw\asian\n000436\0400_01.jpg,n000436,n000436,asian,asian,males,males,,,1,0.027857877,28.464712,0.9721421
data\processed\bfw\asian\n005071\0154_01.jpg,data\processed\bfw\asian\n003357\0406_01.jpg,n005071,n003357,asian,asian,males,females,,,0,0.05690225,27.78239,0.9430978
data\processed\bfw\asian\n006634\0118_01.jpg,data\processed\bfw\asian\n003162\0176_01.jpg,n006634,n003162,asian,asian,females,males,,,0,-0.032270648,26.713509,1.0322707
data\processed\bfw\asian\n003467\0176_02.jpg,data\processed\bfw\asian\n009276\0079_01.jpg,n003467,n009276,asian,asian,females,females,,,0,-0.0381583,26.04432,1.0381583
data\processed\bfw\asian\n002331\0153_01.jpg,data\processed\bfw\asian\n005071\0096_01.jpg,n002331,n005071,asian,asian,males,males,,,0,0.13151965,26.353306,0.8684803
data\processed\bfw\asian\n003155\0052_02.jpg,data\processed\bfw\asian\n002644\0123_02.jpg,n003155,n002644,asian,asian,males,males,,,0,-0.06466078,30.819735,1.0646608
data\processed\bfw\asian\n005085\0201_01.jpg,data\processed\bfw\asian\n005085\0464_01.jpg,n005085,n005085,asian,asian,females,females,,,1,0.3746725,23.678942,0.62532747
data\processed\bfw\asian\n004108\0153_01.jpg,data\processed\bfw\asian\n004686\0503_01.jpg,n004108,n004686,asian,asian,males,males,,,0,0.26928917,23.796852,0.73071086
data\processed\bfw\asian\n003824\0122_01.jpg,data\processed\bfw\asian\n003824\0166_01.jpg,n003824,n003824,asian,asian,females,females,,,1,0.34447917,20.074942,0.6555208
data\processed\bfw\asian\n003824\0111_01.jpg,data\processed\bfw\asian\n003824\0697_01.jpg,n003824,n003824,asian,asian,females,females,,,1,0.38807848,21.612871,0.61192155
data\processed\bfw\asian\n004791\0263_01.jpg,data\processed\bfw\asian\n004791\0591_01.jpg,n004791,n004791,asian,asian,males,males,,,1,0.22099237,21.613033,0.7790076
data\processed\bfw\asian\n007270\0337_01.jpg,data\processed\bfw\asian\n007270\0410_01.jpg,n007270,n007270,asian,asian,females,females,,,1,0.53276676,18.844685,0.46723324
data\processed\bfw\asian\n001864\0038_01.jpg,data\processed\bfw\asian\n006774\0039_01.jpg,n001864,n006774,asian,asian,males,females,,,0,-0.18498771,31.11177,1.1849877
data\processed\bfw\asian\n006159\0011_01.jpg,data\processed\bfw\asian\n008148\0108_01.jpg,n006159,n008148,asian,asian,females,females,,,0,-0.09961383,37.20146,1.0996138
data\processed\bfw\asian\n005474\0183_02.jpg,data\processed\bfw\asian\n009278\0192_01.jpg,n005474,n009278,asian,asian,females,females,,,0,0.19768459,25.857388,0.8023154
data\processed\bfw\asian\n007270\0060_01.jpg,data\processed\bfw\asian\n007270\0155_01.jpg,n007270,n007270,asian,asian,females,females,,,1,0.5353143,18.455805,0.46468568
data\processed\bfw\asian\n001496\0642_01.jpg,data\processed\bfw\asian\n003027\0176_04.jpg,n001496,n003027,asian,asian,males,males,,,0,0.0010345936,32.532677,0.9989654
data\processed\bfw\asian\n005072\0173_01.jpg,data\processed\bfw\asian\n005072\0258_01.jpg,n005072,n005072,asian,asian,males,males,,,1,0.13194418,27.052696,0.8680558
data\processed\bfw\asian\n006125\0058_01.jpg,data\processed\bfw\asian\n006125\0151_01.jpg,n006125,n006125,asian,asian,females,females,,,1,0.29940012,22.765242,0.7005999
data\processed\bfw\asian\n007899\0213_01.jpg,data\processed\bfw\asian\n007372\0252_01.jpg,n007899,n007372,asian,asian,females,females,,,0,0.0037061996,25.425426,0.9962938
data\processed\bfw\asian\n004809\0220_03.jpg,data\processed\bfw\asian\n004809\0221_01.jpg,n004809,n004809,asian,asian,males,males,,,1,0.5182483,20.267673,0.48175168
data\processed\bfw\asian\n000009\0080_02.jpg,data\processed\bfw\asian\n008163\0429_01.jpg,n000009,n008163,asian,asian,females,females,,,0,-0.07141549,28.732695,1.0714155
data\processed\bfw\asian\n004109\0070_01.jpg,data\processed\bfw\asian\n003155\0178_01.jpg,n004109,n003155,asian,asian,males,males,,,0,0.11374676,32.77768,0.88625324
data\processed\bfw\asian\n003489\0271_01.jpg,data\processed\bfw\asian\n009294\0098_01.jpg,n003489,n009294,asian,asian,males,females,,,0,-0.1500007,32.200527,1.1500007
data\processed\bfw\asian\n006203\0663_02.jpg,data\processed\bfw\asian\n005216\0127_01.jpg,n006203,n005216,asian,asian,females,females,,,0,0.117165916,26.202023,0.8828341
data\processed\bfw\asian\n008934\0029_02.jpg,data\processed\bfw\asian\n008934\0209_01.jpg,n008934,n008934,asian,asian,females,females,,,1,0.4093929,23.215889,0.5906071
data\processed\bfw\asian\n003153\0194_03.jpg,data\processed\bfw\asian\n003153\0250_01.jpg,n003153,n003153,asian,asian,females,females,,,1,0.33552644,22.906631,0.66447353
data\processed\bfw\asian\n008978\0035_01.jpg,data\processed\bfw\asian\n008978\0236_01.jpg,n008978,n008978,asian,asian,females,females,,,1,0.26516697,23.902622,0.734833
data\processed\bfw\asian\n003354\0027_01.jpg,data\processed\bfw\asian\n003354\0346_02.jpg,n003354,n003354,asian,asian,females,females,,,1,-0.1144319,28.671051,1.1144319
data\processed\bfw\asian\n007738\0219_02.jpg,data\processed\bfw\asian\n006619\0172_01.jpg,n007738,n006619,asian,asian,females,females,,,0,0.06168449,26.018118,0.9383155
data\processed\bfw\asian\n000837\0075_01.jpg,data\processed\bfw\asian\n004680\0053_01.jpg,n000837,n004680,asian,asian,females,females,,,0,0.13289233,25.750738,0.8671077
data\processed\bfw\asian\n007372\0078_01.jpg,data\processed\bfw\asian\n004877\0075_01.jpg,n007372,n004877,asian,asian,females,females,,,0,-0.008007455,28.274582,1.0080074
data\processed\bfw\asian\n003489\0084_02.jpg,data\processed\bfw\asian\n003489\0271_01.jpg,n003489,n003489,asian,asian,males,males,,,1,0.13985498,30.13513,0.86014503
data\processed\bfw\asian\n000872\0241_04.jpg,data\processed\bfw\asian\n004109\0003_01.jpg,n000872,n004109,asian,asian,males,males,,,0,0.055720866,26.84237,0.94427913
data\processed\bfw\asian\n009125\0172_01.jpg,data\processed\bfw\asian\n008401\0353_02.jpg,n009125,n008401,asian,asian,females,females,,,0,0.07005463,26.127792,0.92994535
data\processed\bfw\asian\n004469\0807_01.jpg,data\processed\bfw\asian\n004472\0295_03.jpg,n004469,n004472,asian,asian,males,females,,,0,-0.05729877,31.875494,1.0572988
data\processed\bfw\asian\n007270\0060_01.jpg,data\processed\bfw\asian\n004721\0017_01.jpg,n007270,n004721,asian,asian,females,males,,,0,0.044227235,26.164898,0.95577276
data\processed\bfw\asian\n002552\0059_01.jpg,data\processed\bfw\asian\n002552\0569_01.jpg,n002552,n002552,asian,asian,males,males,,,1,0.49378297,20.733734,0.506217
data\processed\bfw\asian\n000856\0538_01.jpg,data\processed\bfw\asian\n007738\0306_02.jpg,n000856,n007738,asian,asian,females,females,,,0,-0.04875396,26.266626,1.048754
data\processed\bfw\asian\n003358\0145_01.jpg,data\processed\bfw\asian\n003358\0216_01.jpg,n003358,n003358,asian,asian,females,females,,,1,0.4405725,20.165064,0.5594275
data\processed\bfw\asian\n005474\0128_01.jpg,data\processed\bfw\asian\n003162\0267_01.jpg,n005474,n003162,asian,asian,females,males,,,0,0.083874814,25.743507,0.9161252
data\processed\bfw\asian\n006619\0572_01.jpg,data\processed\bfw\asian\n009279\0077_01.jpg,n006619,n009279,asian,asian,females,females,,,0,0.017600099,25.65251,0.9823999
data\processed\bfw\asian\n003449\0183_01.jpg,data\processed\bfw\asian\n003449\0210_03.jpg,n003449,n003449,asian,asian,females,females,,,1,0.15497573,26.390299,0.8450243
data\processed\bfw\asian\n004686\0034_01.jpg,data\processed\bfw\asian\n004686\0302_01.jpg,n004686,n004686,asian,asian,males,males,,,1,0.534859,21.137444,0.465141
data\processed\bfw\asian\n001496\0076_01.jpg,data\processed\bfw\asian\n004725\0006_01.jpg,n001496,n004725,asian,asian,males,males,,,0,0.014210038,30.307325,0.98578995
data\processed\bfw\asian\n006344\0147_02.jpg,data\processed\bfw\asian\n006344\0204_01.jpg,n006344,n006344,asian,asian,females,females,,,1,0.13425156,26.19432,0.8657484
data\processed\bfw\asian\n004935\0210_01.jpg,data\processed\bfw\asian\n004935\0213_01.jpg,n004935,n004935,asian,asian,males,males,,,1,0.46718365,21.5852,0.53281635
data\processed\bfw\asian\n004930\0200_01.jpg,data\processed\bfw\asian\n004680\0050_02.jpg,n004930,n004680,asian,asian,females,females,,,0,0.009690187,28.891516,0.99030983
data\processed\bfw\asian\n000009\0125_01.jpg,data\processed\bfw\asian\n000009\0195_01.jpg,n000009,n000009,asian,asian,females,females,,,1,-0.0039265645,26.695755,1.0039265
data\processed\bfw\asian\n002725\0446_01.jpg,data\processed\bfw\asian\n007380\0131_01.jpg,n002725,n007380,asian,asian,females,females,,,0,-0.12867622,28.191679,1.1286762
data\processed\bfw\asian\n009175\0007_01.jpg,data\processed\bfw\asian\n009175\0084_01.jpg,n009175,n009175,asian,asian,females,females,,,1,0.43504247,23.086481,0.5649575
data\processed\bfw\asian\n008978\0001_01.jpg,data\processed\bfw\asian\n008978\0097_02.jpg,n008978,n008978,asian,asian,females,females,,,1,0.29803747,23.61749,0.70196253
data\processed\bfw\asian\n002331\0371_01.jpg,data\processed\bfw\asian\n004472\0093_01.jpg,n002331,n004472,asian,asian,males,females,,,0,-0.024298346,30.793413,1.0242983
data\processed\bfw\asian\n004809\0482_01.jpg,data\processed\bfw\asian\n003449\0180_01.jpg,n004809,n003449,asian,asian,males,females,,,0,-0.066222355,30.59537,1.0662223
data\processed\bfw\asian\n004785\0169_01.jpg,data\processed\bfw\asian\n004785\0364_01.jpg,n004785,n004785,asian,asian,females,females,,,1,0.23099583,21.451353,0.76900417
data\processed\bfw\asian\n000143\0187_01.jpg,data\processed\bfw\asian\n000143\0321_01.jpg,n000143,n000143,asian,asian,females,females,,,1,0.23386875,22.508522,0.7661313
data\processed\bfw\asian\n004809\0149_01.jpg,data\processed\bfw\asian\n004786\0021_01.jpg,n004809,n004786,asian,asian,males,females,,,0,0.0028208646,26.90424,0.99717915
data\processed\bfw\asian\n005177\0065_01.jpg,data\processed\bfw\asian\n009287\0185_01.jpg,n005177,n009287,asian,asian,males,females,,,0,0.00089839444,30.30339,0.9991016
data\processed\bfw\asian\n004864\0378_01.jpg,data\processed\bfw\asian\n003557\0086_01.jpg,n004864,n003557,asian,asian,females,females,,,0,-0.039916825,25.40871,1.0399169
data\processed\bfw\asian\n004809\0117_01.jpg,data\processed\bfw\asian\n004809\0482_01.jpg,n004809,n004809,asian,asian,males,males,,,1,0.44645622,21.976538,0.5535438
data\processed\bfw\asian\n006126\0124_01.jpg,data\processed\bfw\asian\n004948\0536_02.jpg,n006126,n004948,asian,asian,females,males,,,0,-0.17614415,29.92945,1.1761441
data\processed\bfw\asian\n004870\0264_01.jpg,data\processed\bfw\asian\n004870\0266_01.jpg,n004870,n004870,asian,asian,females,females,,,1,0.32155135,23.796854,0.6784487
data\processed\bfw\asian\n005177\0042_01.jpg,data\processed\bfw\asian\n005177\0294_01.jpg,n005177,n005177,asian,asian,males,males,,,1,0.6452219,16.724184,0.3547781
data\processed\bfw\asian\n003449\0027_01.jpg,data\processed\bfw\asian\n003449\0083_01.jpg,n003449,n003449,asian,asian,females,females,,,1,0.29996982,19.76536,0.7000302
data\processed\bfw\asian\n001864\0171_01.jpg,data\processed\bfw\asian\n001864\0283_01.jpg,n001864,n001864,asian,asian,males,males,,,1,0.45893377,21.302094,0.5410662
data\processed\bfw\asian\n002320\0200_01.jpg,data\processed\bfw\asian\n002320\0210_02.jpg,n002320,n002320,asian,asian,males,males,,,1,0.67813134,18.096762,0.32186866
data\processed\bfw\asian\n007814\0144_01.jpg,data\processed\bfw\asian\n003167\0602_01.jpg,n007814,n003167,asian,asian,females,males,,,0,0.067823544,27.137144,0.9321765
data\processed\bfw\asian\n007089\0105_01.jpg,data\processed\bfw\asian\n007089\0144_02.jpg,n007089,n007089,asian,asian,females,females,,,1,0.6021237,18.497194,0.39787632
data\processed\bfw\asian\n004860\0068_01.jpg,data\processed\bfw\asian\n004805\0241_01.jpg,n004860,n004805,asian,asian,females,males,,,0,-0.16956927,26.679195,1.1695693
data\processed\bfw\asian\n007664\0066_01.jpg,data\processed\bfw\asian\n000148\0579_01.jpg,n007664,n000148,asian,asian,females,females,,,0,-0.0130845355,26.435825,1.0130845
data\processed\bfw\asian\n009148\0054_01.jpg,data\processed\bfw\asian\n009148\0087_01.jpg,n009148,n009148,asian,asian,females,females,,,1,0.43802842,22.72883,0.56197155
data\processed\bfw\asian\n007664\0104_01.jpg,data\processed\bfw\asian\n007664\0367_01.jpg,n007664,n007664,asian,asian,females,females,,,1,0.14772722,23.603113,0.85227275
data\processed\bfw\asian\n003358\0166_01.jpg,data\processed\bfw\asian\n003358\0318_02.jpg,n003358,n003358,asian,asian,females,females,,,1,0.30327302,23.009247,0.696727
data\processed\bfw\asian\n007664\0029_01.jpg,data\processed\bfw\asian\n007664\0796_01.jpg,n007664,n007664,asian,asian,females,females,,,1,0.55641824,17.020365,0.44358176
data\processed\bfw\asian\n005072\0068_02.jpg,data\processed\bfw\asian\n005072\0151_01.jpg,n005072,n005072,asian,asian,males,males,,,1,0.5378011,21.121498,0.4621989
data\processed\bfw\asian\n002331\0001_01.jpg,data\processed\bfw\asian\n002331\0183_01.jpg,n002331,n002331,asian,asian,males,males,,,1,0.4572475,21.69743,0.5427525
data\processed\bfw\asian\n003467\0188_03.jpg,data\processed\bfw\asian\n003467\0400_03.jpg,n003467,n003467,asian,asian,females,females,,,1,0.29903027,22.043255,0.7009697
data\processed\bfw\asian\n008163\0001_02.jpg,data\processed\bfw\asian\n008163\0609_02.jpg,n008163,n008163,asian,asian,females,females,,,1,0.32093453,21.915808,0.67906547
data\processed\bfw\asian\n004936\0469_01.jpg,data\processed\bfw\asian\n004936\0757_01.jpg,n004936,n004936,asian,asian,females,females,,,1,0.0064143343,26.997349,0.99358565
data\processed\bfw\asian\n004467\0004_01.jpg,data\processed\bfw\asian\n004467\0677_01.jpg,n004467,n004467,asian,asian,males,males,,,1,0.413503,22.366693,0.586497
data\processed\bfw\asian\n002775\0160_02.jpg,data\processed\bfw\asian\n000436\0001_03.jpg,n002775,n000436,asian,asian,males,males,,,0,0.06720799,27.678259,0.932792
data\processed\bfw\asian\n004686\0077_01.jpg,data\processed\bfw\asian\n004686\0423_01.jpg,n004686,n004686,asian,asian,males,males,,,1,0.5106107,20.41667,0.4893893
data\processed\bfw\asian\n003467\0146_02.jpg,data\processed\bfw\asian\n003467\0405_01.jpg,n003467,n003467,asian,asian,females,females,,,1,0.44827437,18.915104,0.5517256
data\processed\bfw\asian\n005446\0051_01.jpg,data\processed\bfw\asian\n002725\0295_01.jpg,n005446,n002725,asian,asian,females,females,,,0,-0.00848254,25.459293,1.0084826
data\processed\bfw\asian\n009041\0040_01.jpg,data\processed\bfw\asian\n009279\0185_01.jpg,n009041,n009279,asian,asian,females,females,,,0,0.019363787,27.503187,0.98063624
data\processed\bfw\asian\n006736\0068_01.jpg,data\processed\bfw\asian\n006736\0121_03.jpg,n006736,n006736,asian,asian,females,females,,,1,0.6192907,19.645382,0.3807093
data\processed\bfw\asian\n008383\0107_01.jpg,data\processed\bfw\asian\n008383\0268_01.jpg,n008383,n008383,asian,asian,females,females,,,1,0.4165543,19.37904,0.58344567
data\processed\bfw\asian\n000839\0480_03.jpg,data\processed\bfw\asian\n009287\0115_01.jpg,n000839,n009287,asian,asian,females,females,,,0,0.045397975,26.39268,0.954602
data\processed\bfw\asian\n006224\0185_01.jpg,data\processed\bfw\asian\n006224\0212_01.jpg,n006224,n006224,asian,asian,females,females,,,1,-0.04315684,24.194893,1.0431569
data\processed\bfw\asian\n003223\0143_01.jpg,data\processed\bfw\asian\n003223\0258_03.jpg,n003223,n003223,asian,asian,males,males,,,1,0.35501468,22.25351,0.6449853
data\processed\bfw\asian\n000143\0226_04.jpg,data\processed\bfw\asian\n007378\0217_01.jpg,n000143,n007378,asian,asian,females,females,,,0,0.04118253,22.467926,0.9588175
data\processed\bfw\asian\n006203\0022_01.jpg,data\processed\bfw\asian\n006203\0663_02.jpg,n006203,n006203,asian,asian,females,females,,,1,0.42262244,19.619942,0.57737756
data\processed\bfw\asian\n007372\0054_01.jpg,data\processed\bfw\asian\n007372\0189_01.jpg,n007372,n007372,asian,asian,females,females,,,1,0.52374566,21.01539,0.47625434
data\processed\bfw\asian\n004809\0013_12.jpg,data\processed\bfw\asian\n004809\0178_02.jpg,n004809,n004809,asian,asian,males,males,,,1,0.3312455,21.336588,0.66875446
data\processed\bfw\asian\n007380\0070_01.jpg,data\processed\bfw\asian\n007380\0207_01.jpg,n007380,n007380,asian,asian,females,females,,,1,0.32668304,24.362368,0.67331696
data\processed\bfw\asian\n002331\0139_01.jpg,data\processed\bfw\asian\n004800\0526_01.jpg,n002331,n004800,asian,asian,males,males,,,0,-0.04154044,30.11108,1.0415404
data\processed\bfw\asian\n009177\0010_01.jpg,data\processed\bfw\asian\n005474\0210_02.jpg,n009177,n005474,asian,asian,females,females,,,0,0.14298044,25.362593,0.85701954
data\processed\bfw\asian\n001572\0076_01.jpg,data\processed\bfw\asian\n001572\0138_01.jpg,n001572,n001572,asian,asian,females,females,,,1,0.434813,20.939972,0.565187
data\processed\bfw\asian\n009137\0070_01.jpg,data\processed\bfw\asian\n009137\0104_01.jpg,n009137,n009137,asian,asian,females,females,,,1,0.51733583,17.817783,0.48266417
data\processed\bfw\asian\n009103\0274_01.jpg,data\processed\bfw\asian\n009103\0724_01.jpg,n009103,n009103,asian,asian,females,females,,,1,0.4456104,21.424782,0.5543896
data\processed\bfw\asian\n008934\0141_01.jpg,data\processed\bfw\asian\n006159\0127_02.jpg,n008934,n006159,asian,asian,females,females,,,0,0.065194674,34.333885,0.93480533
data\processed\bfw\asian\n003489\0261_01.jpg,data\processed\bfw\asian\n003557\0217_01.jpg,n003489,n003557,asian,asian,males,females,,,0,-0.048442036,25.845013,1.048442
data\processed\bfw\asian\n006224\0083_01.jpg,data\processed\bfw\asian\n006224\0293_01.jpg,n006224,n006224,asian,asian,females,females,,,1,0.28002468,22.809559,0.71997535
data\processed\bfw\asian\n001496\0149_01.jpg,data\processed\bfw\asian\n001496\0218_01.jpg,n001496,n001496,asian,asian,males,males,,,1,0.5283207,21.288874,0.47167927
data\processed\bfw\asian\n000135\0208_01.jpg,data\processed\bfw\asian\n003463\0367_01.jpg,n000135,n003463,asian,asian,females,males,,,0,-0.02892603,30.325089,1.028926
data\processed\bfw\asian\n004809\0166_04.jpg,data\processed\bfw\asian\n004809\0328_01.jpg,n004809,n004809,asian,asian,males,males,,,1,0.3851142,21.913187,0.6148858
data\processed\bfw\asian\n000143\0014_01.jpg,data\processed\bfw\asian\n000143\0069_01.jpg,n000143,n000143,asian,asian,females,females,,,1,0.4147471,18.01145,0.5852529
data\processed\bfw\asian\n000837\0085_01.jpg,data\processed\bfw\asian\n004680\0158_01.jpg,n000837,n004680,asian,asian,females,females,,,0,-0.057785742,24.221838,1.0577857
data\processed\bfw\asian\n003463\0005_01.jpg,data\processed\bfw\asian\n003463\0129_01.jpg,n003463,n003463,asian,asian,males,males,,,1,0.23040032,23.44681,0.7695997
data\processed\bfw\asian\n002775\0034_02.jpg,data\processed\bfw\asian\n003482\0050_01.jpg,n002775,n003482,asian,asian,males,males,,,0,-0.11371599,35.597954,1.113716
data\processed\bfw\asian\n006159\0174_01.jpg,data\processed\bfw\asian\n003467\0176_02.jpg,n006159,n003467,asian,asian,females,females,,,0,-0.12917997,33.91514,1.12918
data\processed\bfw\asian\n004108\0077_01.jpg,data\processed\bfw\asian\n004108\0239_01.jpg,n004108,n004108,asian,asian,males,males,,,1,0.25723356,20.890036,0.74276644
data\processed\bfw\asian\n005085\0376_01.jpg,data\processed\bfw\asian\n005085\0464_01.jpg,n005085,n005085,asian,asian,females,females,,,1,0.23557682,24.892807,0.7644232
data\processed\bfw\asian\n003465\0303_01.jpg,data\processed\bfw\asian\n004794\0043_01.jpg,n003465,n004794,asian,asian,males,males,,,0,-0.05122031,25.365004,1.0512203
data\processed\bfw\asian\n009148\0155_01.jpg,data\processed\bfw\asian\n008163\0223_01.jpg,n009148,n008163,asian,asian,females,females,,,0,-0.1353554,26.230461,1.1353554
data\processed\bfw\asian\n001496\0664_01.jpg,data\processed\bfw\asian\n000143\0081_01.jpg,n001496,n000143,asian,asian,males,females,,,0,0.17465994,23.162891,0.82534003
data\processed\bfw\asian\n004108\0350_02.jpg,data\processed\bfw\asian\n004108\0529_01.jpg,n004108,n004108,asian,asian,males,males,,,1,0.2997023,18.902367,0.7002977
data\processed\bfw\asian\n008163\0451_03.jpg,data\processed\bfw\asian\n000143\0734_02.jpg,n008163,n000143,asian,asian,females,females,,,0,0.21209753,24.372036,0.7879025
data\processed\bfw\asian\n006159\0011_01.jpg,data\processed\bfw\asian\n006159\0113_02.jpg,n006159,n006159,asian,asian,females,females,,,1,0.5813433,25.842043,0.4186567
data\processed\bfw\asian\n001682\0080_01.jpg,data\processed\bfw\asian\n007372\0238_01.jpg,n001682,n007372,asian,asian,males,females,,,0,-0.008330607,28.0536,1.0083306
data\processed\bfw\asian\n003482\0098_01.jpg,data\processed\bfw\asian\n004680\0027_01.jpg,n003482,n004680,asian,asian,males,females,,,0,-0.108170554,34.898254,1.1081705
data\processed\bfw\asian\n002331\0054_02.jpg,data\processed\bfw\asian\n000856\0014_01.jpg,n002331,n000856,asian,asian,males,females,,,0,-0.022370273,32.81275,1.0223702
data\processed\bfw\asian\n005078\0107_01.jpg,data\processed\bfw\asian\n001496\0171_01.jpg,n005078,n001496,asian,asian,males,males,,,0,0.08181188,31.536625,0.9181881
data\processed\bfw\asian\n009276\0036_01.jpg,data\processed\bfw\asian\n009276\0172_02.jpg,n009276,n009276,asian,asian,females,females,,,1,0.06417447,26.735655,0.9358255
data\processed\bfw\asian\n004725\0006_01.jpg,data\processed\bfw\asian\n004725\0197_01.jpg,n004725,n004725,asian,asian,males,males,,,1,0.48875967,23.45654,0.51124036
data\processed\bfw\asian\n003162\0350_02.jpg,data\processed\bfw\asian\n007814\0016_01.jpg,n003162,n007814,asian,asian,males,females,,,0,0.028226748,29.409124,0.97177327
data\processed\bfw\asian\n008978\0003_01.jpg,data\processed\bfw\asian\n009278\0031_02.jpg,n008978,n009278,asian,asian,females,females,,,0,0.027439676,28.544739,0.97256035
data\processed\bfw\asian\n004472\0258_01.jpg,data\processed\bfw\asian\n004870\0050_02.jpg,n004472,n004870,asian,asian,females,females,,,0,0.12334904,26.655525,0.8766509
data\processed\bfw\asian\n007372\0113_01.jpg,data\processed\bfw\asian\n007372\0238_01.jpg,n007372,n007372,asian,asian,females,females,,,1,0.30443388,21.816973,0.6955661
data\processed\bfw\asian\n009148\0054_01.jpg,data\processed\bfw\asian\n009148\0097_01.jpg,n009148,n009148,asian,asian,females,females,,,1,0.41267532,19.110966,0.5873247
data\processed\bfw\asian\n006125\0101_01.jpg,data\processed\bfw\asian\n006125\0179_13.jpg,n006125,n006125,asian,asian,females,females,,,1,0.30701193,20.135754,0.69298804
data\processed\bfw\asian\n003481\0055_01.jpg,data\processed\bfw\asian\n005116\0172_01.jpg,n003481,n005116,asian,asian,females,males,,,0,-0.014872049,26.86499,1.0148721
data\processed\bfw\asian\n003506\0177_01.jpg,data\processed\bfw\asian\n009288\0270_01.jpg,n003506,n009288,asian,asian,females,females,,,0,-0.05311395,26.582994,1.0531139
data\processed\bfw\asian\n009103\0331_01.jpg,data\processed\bfw\asian\n006633\0718_02.jpg,n009103,n006633,asian,asian,females,females,,,0,0.047737952,24.055359,0.95226204
data\processed\bfw\asian\n002644\0054_01.jpg,data\processed\bfw\asian\n000139\0233_01.jpg,n002644,n000139,asian,asian,males,females,,,0,0.08701781,25.536938,0.91298217
data\processed\bfw\asian\n005069\0098_01.jpg,data\processed\bfw\asian\n005069\0225_01.jpg,n005069,n005069,asian,asian,females,females,,,1,0.16435014,22.397293,0.83564985
data\processed\bfw\asian\n000840\0036_03.jpg,data\processed\bfw\asian\n000840\0541_02.jpg,n000840,n000840,asian,asian,females,females,,,1,-0.1563667,28.270882,1.1563667
data\processed\bfw\asian\n001976\0221_02.jpg,data\processed\bfw\asian\n003156\0058_01.jpg,n001976,n003156,asian,asian,males,males,,,0,-0.031006193,29.276632,1.0310062
data\processed\bfw\asian\n000436\0056_06.jpg,data\processed\bfw\asian\n004680\0241_01.jpg,n000436,n004680,asian,asian,males,females,,,0,0.094740294,24.32154,0.9052597
data\processed\bfw\asian\n004809\0482_01.jpg,data\processed\bfw\asian\n004809\0561_01.jpg,n004809,n004809,asian,asian,males,males,,,1,0.60973495,19.369131,0.39026505
data\processed\bfw\asian\n003355\0056_01.jpg,data\processed\bfw\asian\n003355\0252_02.jpg,n003355,n003355,asian,asian,males,males,,,1,0.45423713,21.572575,0.5457629
data\processed\bfw\asian\n006358\0136_02.jpg,data\processed\bfw\asian\n006358\0333_02.jpg,n006358,n006358,asian,asian,females,females,,,1,0.5842015,19.909052,0.4157985
data\processed\bfw\asian\n006633\0489_04.jpg,data\processed\bfw\asian\n006633\0688_01.jpg,n006633,n006633,asian,asian,females,females,,,1,0.030360432,21.29671,0.96963954
data\processed\bfw\asian\n004935\0061_01.jpg,data\processed\bfw\asian\n004935\0259_01.jpg,n004935,n004935,asian,asian,males,males,,,1,0.49540055,21.161554,0.50459945
data\processed\bfw\asian\n009276\0102_01.jpg,data\processed\bfw\asian\n003467\0400_03.jpg,n009276,n003467,asian,asian,females,females,,,0,-0.07385902,27.563896,1.073859
data\processed\bfw\asian\n007270\0055_01.jpg,data\processed\bfw\asian\n007270\0155_01.jpg,n007270,n007270,asian,asian,females,females,,,1,0.5149244,18.001257,0.4850756
data\processed\bfw\asian\n000839\0185_01.jpg,data\processed\bfw\asian\n002406\0534_02.jpg,n000839,n002406,asian,asian,females,males,,,0,-0.011699089,28.509487,1.0116991
data\processed\bfw\asian\n000158\0012_01.jpg,data\processed\bfw\asian\n000158\0066_01.jpg,n000158,n000158,asian,asian,males,males,,,1,0.72367233,16.04741,0.27632767
data\processed\bfw\asian\n009277\0051_01.jpg,data\processed\bfw\asian\n004108\0267_02.jpg,n009277,n004108,asian,asian,females,males,,,0,-0.08892114,25.942457,1.0889212
data\processed\bfw\asian\n003489\0020_01.jpg,data\processed\bfw\asian\n003489\0112_01.jpg,n003489,n003489,asian,asian,males,males,,,1,0.5936021,19.933771,0.40639788
data\processed\bfw\asian\n003357\0008_01.jpg,data\processed\bfw\asian\n005378\0409_02.jpg,n003357,n005378,asian,asian,females,females,,,0,0.14023194,25.206034,0.85976803
data\processed\bfw\asian\n003533\0101_02.jpg,data\processed\bfw\asian\n006203\0022_01.jpg,n003533,n006203,asian,asian,males,females,,,0,0.13188213,26.142378,0.86811787
data\processed\bfw\asian\n004467\0191_01.jpg,data\processed\bfw\asian\n004467\0656_01.jpg,n004467,n004467,asian,asian,males,males,,,1,0.42178884,20.53263,0.5782112
data\processed\bfw\asian\n006634\0010_01.jpg,data\processed\bfw\asian\n004549\0656_02.jpg,n006634,n004549,asian,asian,females,females,,,0,0.30877516,23.38381,0.6912248
data\processed\bfw\asian\n006223\0183_01.jpg,data\processed\bfw\asian\n006223\0385_01.jpg,n006223,n006223,asian,asian,females,females,,,1,0.35582975,20.432945,0.6441703
data\processed\bfw\asian\n006774\0070_01.jpg,data\processed\bfw\asian\n006774\0393_01.jpg,n006774,n006774,asian,asian,females,females,,,1,0.37222648,24.88791,0.6277735
data\processed\bfw\asian\n002320\0316_02.jpg,data\processed\bfw\asian\n004786\0041_02.jpg,n002320,n004786,asian,asian,males,females,,,0,-0.049275827,24.901535,1.0492759
data\processed\bfw\asian\n009288\0121_01.jpg,data\processed\bfw\asian\n009288\0156_02.jpg,n009288,n009288,asian,asian,females,females,,,1,0.65866065,17.441975,0.34133935
data\processed\bfw\asian\n007089\0033_01.jpg,data\processed\bfw\asian\n003449\0073_01.jpg,n007089,n003449,asian,asian,females,females,,,0,0.11030543,28.676538,0.8896946
data\processed\bfw\asian\n003027\0173_01.jpg,data\processed\bfw\asian\n003027\0470_01.jpg,n003027,n003027,asian,asian,males,males,,,1,0.66760236,17.963861,0.33239764
data\processed\bfw\asian\n003288\0230_01.jpg,data\processed\bfw\asian\n003288\0572_01.jpg,n003288,n003288,asian,asian,females,females,,,1,0.32057443,21.78889,0.6794256
data\processed\bfw\asian\n002725\0013_01.jpg,data\processed\bfw\asian\n004785\0211_01.jpg,n002725,n004785,asian,asian,females,females,,,0,-0.060224436,30.404533,1.0602244
data\processed\bfw\asian\n007899\0169_01.jpg,data\processed\bfw\asian\n001682\0048_01.jpg,n007899,n001682,asian,asian,females,males,,,0,-0.09007728,30.910114,1.0900773
data\processed\bfw\asian\n003465\0248_01.jpg,data\processed\bfw\asian\n007385\0129_01.jpg,n003465,n007385,asian,asian,males,females,,,0,0.035756834,29.322987,0.9642432
data\processed\bfw\asian\n009287\0027_01.jpg,data\processed\bfw\asian\n009287\0064_01.jpg,n009287,n009287,asian,asian,females,females,,,1,0.461811,23.714638,0.538189
data\processed\bfw\asian\n004805\0083_01.jpg,data\processed\bfw\asian\n004805\0263_06.jpg,n004805,n004805,asian,asian,males,males,,,1,0.04875528,24.123543,0.9512447
data\processed\bfw\asian\n001572\0158_01.jpg,data\processed\bfw\asian\n001572\0329_01.jpg,n001572,n001572,asian,asian,females,females,,,1,0.4256899,20.212101,0.57431006
data\processed\bfw\asian\n009148\0078_01.jpg,data\processed\bfw\asian\n009103\0220_01.jpg,n009148,n009103,asian,asian,females,females,,,0,0.06700866,27.339102,0.9329913
data\processed\bfw\asian\n003223\0062_01.jpg,data\processed\bfw\asian\n003223\0327_01.jpg,n003223,n003223,asian,asian,males,males,,,1,0.4643506,19.83451,0.5356494
data\processed\bfw\asian\n000854\0428_01.jpg,data\processed\bfw\asian\n004221\0226_06.jpg,n000854,n004221,asian,asian,females,males,,,0,-0.0050090537,26.496546,1.005009
data\processed\bfw\asian\n003467\0030_01.jpg,data\processed\bfw\asian\n003467\0096_01.jpg,n003467,n003467,asian,asian,females,females,,,1,0.5013943,19.946457,0.49860573
data\processed\bfw\asian\n003355\0266_01.jpg,data\processed\bfw\asian\n003355\0620_01.jpg,n003355,n003355,asian,asian,males,males,,,1,0.47620222,21.42096,0.52379775
data\processed\bfw\asian\n000160\0308_01.jpg,data\processed\bfw\asian\n000160\0350_01.jpg,n000160,n000160,asian,asian,females,females,,,1,0.3460065,20.611338,0.6539935
data\processed\bfw\asian\n000139\0216_01.jpg,data\processed\bfw\asian\n000139\0261_01.jpg,n000139,n000139,asian,asian,females,females,,,1,0.34550324,22.298473,0.6544968
data\processed\bfw\asian\n000873\0176_01.jpg,data\processed\bfw\asian\n000873\0348_02.jpg,n000873,n000873,asian,asian,males,males,,,1,0.19894691,25.194796,0.8010531
data\processed\bfw\asian\n006634\0010_01.jpg,data\processed\bfw\asian\n006634\0679_01.jpg,n006634,n006634,asian,asian,females,females,,,1,0.5317383,19.37412,0.46826172
data\processed\bfw\asian\n004948\0241_01.jpg,data\processed\bfw\asian\n000856\0110_02.jpg,n004948,n000856,asian,asian,males,females,,,0,-0.032795943,28.443642,1.0327959
data\processed\bfw\asian\n005378\0092_01.jpg,data\processed\bfw\asian\n005378\0326_01.jpg,n005378,n005378,asian,asian,females,females,,,1,-0.17174572,33.21106,1.1717458
data\processed\bfw\asian\n000139\0216_01.jpg,data\processed\bfw\asian\n007899\0169_01.jpg,n000139,n007899,asian,asian,females,females,,,0,-0.01202429,26.276058,1.0120243
data\processed\bfw\asian\n000161\0133_01.jpg,data\processed\bfw\asian\n000838\0058_01.jpg,n000161,n000838,asian,asian,males,females,,,0,0.008644559,33.544743,0.9913554
data\processed\bfw\asian\n001562\0198_02.jpg,data\processed\bfw\asian\n001562\0360_02.jpg,n001562,n001562,asian,asian,males,males,,,1,0.6232497,18.96445,0.3767503
data\processed\bfw\asian\n006159\0122_01.jpg,data\processed\bfw\asian\n006159\0265_01.jpg,n006159,n006159,asian,asian,females,females,,,1,0.24154736,23.841764,0.75845265
data\processed\bfw\asian\n004936\0111_04.jpg,data\processed\bfw\asian\n004936\0136_02.jpg,n004936,n004936,asian,asian,females,females,,,1,0.20135501,26.339417,0.798645
data\processed\bfw\asian\n005116\0283_01.jpg,data\processed\bfw\asian\n005474\0058_03.jpg,n005116,n005474,asian,asian,males,females,,,0,0.0786659,28.744772,0.9213341
data\processed\bfw\asian\n004935\0138_01.jpg,data\processed\bfw\asian\n001976\0283_01.jpg,n004935,n001976,asian,asian,males,males,,,0,0.09491039,27.018513,0.9050896
data\processed\bfw\asian\n003355\0008_01.jpg,data\processed\bfw\asian\n003355\0184_01.jpg,n003355,n003355,asian,asian,males,males,,,1,0.5146657,20.018667,0.48533428
data\processed\bfw\asian\n009137\0521_02.jpg,data\processed\bfw\asian\n006619\0417_01.jpg,n009137,n006619,asian,asian,females,females,,,0,0.035904907,23.404999,0.9640951
data\processed\bfw\asian\n007899\0212_01.jpg,data\processed\bfw\asian\n007899\0250_01.jpg,n007899,n007899,asian,asian,females,females,,,1,0.51751673,19.02467,0.48248327
data\processed\bfw\asian\n003153\0624_01.jpg,data\processed\bfw\asian\n008934\0264_01.jpg,n003153,n008934,asian,asian,females,females,,,0,0.046954907,27.414219,0.95304507
data\processed\bfw\asian\n004860\0040_01.jpg,data\processed\bfw\asian\n004860\0346_03.jpg,n004860,n004860,asian,asian,females,females,,,1,-0.055651583,26.396763,1.0556515
data\processed\bfw\asian\n004877\0092_02.jpg,data\processed\bfw\asian\n004877\0472_01.jpg,n004877,n004877,asian,asian,females,females,,,1,0.17302005,24.53411,0.82697994
data\processed\bfw\asian\n000436\0675_01.jpg,data\processed\bfw\asian\n003506\0319_01.jpg,n000436,n003506,asian,asian,males,females,,,0,0.015954114,29.389294,0.98404586
data\processed\bfw\asian\n003449\0001_01.jpg,data\processed\bfw\asian\n005072\0272_01.jpg,n003449,n005072,asian,asian,females,males,,,0,-0.08904267,30.631517,1.0890427
data\processed\bfw\asian\n009287\0115_01.jpg,data\processed\bfw\asian\n009294\0018_02.jpg,n009287,n009294,asian,asian,females,females,,,0,0.020812104,30.382849,0.9791879
data\processed\bfw\asian\n006619\0142_01.jpg,data\processed\bfw\asian\n009041\0569_01.jpg,n006619,n009041,asian,asian,females,females,,,0,-0.074908115,28.004992,1.0749081
data\processed\bfw\asian\n005177\0235_01.jpg,data\processed\bfw\asian\n005116\0442_01.jpg,n005177,n005116,asian,asian,males,males,,,0,-0.0055580176,27.713701,1.005558
data\processed\bfw\asian\n005071\0630_01.jpg,data\processed\bfw\asian\n006149\0275_01.jpg,n005071,n006149,asian,asian,males,females,,,0,0.0667308,26.606384,0.9332692
data\processed\bfw\asian\n006774\0391_01.jpg,data\processed\bfw\asian\n006774\0696_01.jpg,n006774,n006774,asian,asian,females,females,,,1,0.01575139,26.380611,0.98424864
data\processed\bfw\asian\n006633\0056_01.jpg,data\processed\bfw\asian\n005083\0198_01.jpg,n006633,n005083,asian,asian,females,females,,,0,0.18489735,25.401777,0.81510264
data\processed\bfw\asian\n004686\0271_01.jpg,data\processed\bfw\asian\n004686\0302_01.jpg,n004686,n004686,asian,asian,males,males,,,1,0.46203253,21.24785,0.53796744
data\processed\bfw\asian\n007899\0064_01.jpg,data\processed\bfw\asian\n004809\0200_02.jpg,n007899,n004809,asian,asian,females,males,,,0,0.038666148,32.60018,0.9613339
data\processed\bfw\asian\n005378\0370_01.jpg,data\processed\bfw\asian\n002406\0093_01.jpg,n005378,n002406,asian,asian,females,males,,,0,0.15017664,26.896896,0.84982336
data\processed\bfw\asian\n002331\0243_01.jpg,data\processed\bfw\asian\n000148\0025_01.jpg,n002331,n000148,asian,asian,males,females,,,0,-0.1391788,31.73727,1.1391788
data\processed\bfw\asian\n005069\0135_01.jpg,data\processed\bfw\asian\n005378\0242_02.jpg,n005069,n005378,asian,asian,females,females,,,0,0.064755954,31.465847,0.935244
data\processed\bfw\asian\n003449\0073_01.jpg,data\processed\bfw\asian\n003449\0180_01.jpg,n003449,n003449,asian,asian,females,females,,,1,0.44374356,21.883991,0.5562564
data\processed\bfw\asian\n004221\0158_03.jpg,data\processed\bfw\asian\n004221\0173_01.jpg,n004221,n004221,asian,asian,males,males,,,1,0.5773807,20.495718,0.42261928
data\processed\bfw\asian\n009279\0255_01.jpg,data\processed\bfw\asian\n004109\0172_01.jpg,n009279,n004109,asian,asian,females,males,,,0,0.0040041776,26.455067,0.9959958
data\processed\bfw\asian\n006126\0012_01.jpg,data\processed\bfw\asian\n005078\0091_03.jpg,n006126,n005078,asian,asian,females,males,,,0,-0.14818195,30.20074,1.1481819
data\processed\bfw\asian\n005083\0046_01.jpg,data\processed\bfw\asian\n005083\0190_01.jpg,n005083,n005083,asian,asian,females,females,,,1,0.45491397,20.94056,0.545086
data\processed\bfw\asian\n004109\0125_01.jpg,data\processed\bfw\asian\n003491\0081_04.jpg,n004109,n003491,asian,asian,males,males,,,0,-0.018341355,32.245064,1.0183413
data\processed\bfw\asian\n006203\0009_04.jpg,data\processed\bfw\asian\n006203\0085_03.jpg,n006203,n006203,asian,asian,females,females,,,1,0.3002084,20.252754,0.6997916
data\processed\bfw\asian\n004794\0203_02.jpg,data\processed\bfw\asian\n004794\0603_01.jpg,n004794,n004794,asian,asian,males,males,,,1,0.4939458,18.985115,0.50605416
data\processed\bfw\asian\n007378\0509_01.jpg,data\processed\bfw\asian\n004877\0055_01.jpg,n007378,n004877,asian,asian,females,females,,,0,0.22170202,22.843775,0.77829796
data\processed\bfw\asian\n004466\0137_01.jpg,data\processed\bfw\asian\n007380\0268_01.jpg,n004466,n007380,asian,asian,males,females,,,0,0.037507035,25.642689,0.96249294
data\processed\bfw\asian\n000837\0023_02.jpg,data\processed\bfw\asian\n000837\0046_02.jpg,n000837,n000837,asian,asian,females,females,,,1,0.6265519,17.550776,0.37344807
data\processed\bfw\asian\n003027\0037_01.jpg,data\processed\bfw\asian\n003027\0085_01.jpg,n003027,n003027,asian,asian,males,males,,,1,0.63682187,20.378094,0.36317813
data\processed\bfw\asian\n006774\0364_02.jpg,data\processed\bfw\asian\n004466\0225_01.jpg,n006774,n004466,asian,asian,females,males,,,0,-0.014521814,25.189814,1.0145218
data\processed\bfw\asian\n004687\0295_01.jpg,data\processed\bfw\asian\n006149\0009_01.jpg,n004687,n006149,asian,asian,females,females,,,0,0.15812151,24.256632,0.8418785
data\processed\bfw\asian\n007816\0329_01.jpg,data\processed\bfw\asian\n007816\0375_01.jpg,n007816,n007816,asian,asian,females,females,,,1,0.27232632,21.78721,0.72767365
data\processed\bfw\asian\n003635\0648_02.jpg,data\processed\bfw\asian\n005071\0182_01.jpg,n003635,n005071,asian,asian,males,males,,,0,-0.021020377,31.808683,1.0210204
data\processed\bfw\asian\n002644\0557_01.jpg,data\processed\bfw\asian\n006223\0033_01.jpg,n002644,n006223,asian,asian,males,females,,,0,-0.034452736,25.552776,1.0344527
data\processed\bfw\asian\n004936\0324_01.jpg,data\processed\bfw\asian\n007899\0082_01.jpg,n004936,n007899,asian,asian,females,females,,,0,0.01789564,26.190172,0.98210436
data\processed\bfw\asian\n004687\0019_01.jpg,data\processed\bfw\asian\n004687\0113_01.jpg,n004687,n004687,asian,asian,females,females,,,1,0.58152676,18.088339,0.41847324
data\processed\bfw\asian\n004721\0046_01.jpg,data\processed\bfw\asian\n004721\0200_01.jpg,n004721,n004721,asian,asian,males,males,,,1,0.4817287,22.127811,0.5182713
data\processed\bfw\asian\n000137\0097_01.jpg,data\processed\bfw\asian\n003153\0610_04.jpg,n000137,n003153,asian,asian,females,females,,,0,0.024160577,27.31803,0.97583944
data\processed\bfw\asian\n004794\0015_05.jpg,data\processed\bfw\asian\n004794\0313_02.jpg,n004794,n004794,asian,asian,males,males,,,1,0.35363808,20.888428,0.64636195
data\processed\bfw\asian\n006125\0058_01.jpg,data\processed\bfw\asian\n006125\0163_01.jpg,n006125,n006125,asian,asian,females,females,,,1,0.36420664,21.871586,0.6357933
data\processed\bfw\asian\n000161\0175_05.jpg,data\processed\bfw\asian\n006222\0103_01.jpg,n000161,n006222,asian,asian,males,females,,,0,-0.003445196,30.704803,1.0034451
data\processed\bfw\asian\n000009\0012_01.jpg,data\processed\bfw\asian\n008934\0039_01.jpg,n000009,n008934,asian,asian,females,females,,,0,0.070516035,26.55035,0.92948395
data\processed\bfw\asian\n009148\0017_01.jpg,data\processed\bfw\asian\n000838\0027_01.jpg,n009148,n000838,asian,asian,females,females,,,0,-0.119585425,28.567978,1.1195854
data\processed\bfw\asian\n005077\0006_01.jpg,data\processed\bfw\asian\n005116\0050_01.jpg,n005077,n005116,asian,asian,females,males,,,0,0.041389722,25.031685,0.9586103
data\processed\bfw\asian\n009175\0007_01.jpg,data\processed\bfw\asian\n004681\0366_01.jpg,n009175,n004681,asian,asian,females,males,,,0,0.0033751903,27.614725,0.9966248
data\processed\bfw\asian\n004109\0047_02.jpg,data\processed\bfw\asian\n004109\0199_01.jpg,n004109,n004109,asian,asian,males,males,,,1,0.38704377,23.408333,0.6129562
data\processed\bfw\asian\n006224\0030_01.jpg,data\processed\bfw\asian\n006224\0212_01.jpg,n006224,n006224,asian,asian,females,females,,,1,0.3133813,23.564604,0.6866187
data\processed\bfw\asian\n007270\0197_01.jpg,data\processed\bfw\asian\n004948\0378_02.jpg,n007270,n004948,asian,asian,females,males,,,0,-0.011999708,25.518566,1.0119997
data\processed\bfw\asian\n006222\0104_01.jpg,data\processed\bfw\asian\n006222\0135_01.jpg,n006222,n006222,asian,asian,females,females,,,1,0.11282901,25.182081,0.887171
data\processed\bfw\asian\n005083\0254_01.jpg,data\processed\bfw\asian\n004870\0266_01.jpg,n005083,n004870,asian,asian,females,females,,,0,0.09792269,23.351736,0.9020773
data\processed\bfw\asian\n007378\0217_01.jpg,data\processed\bfw\asian\n004800\0289_02.jpg,n007378,n004800,asian,asian,females,males,,,0,-0.11115627,25.434614,1.1111562
data\processed\bfw\asian\n004466\0045_01.jpg,data\processed\bfw\asian\n004466\0321_01.jpg,n004466,n004466,asian,asian,males,males,,,1,0.53227895,20.608961,0.46772105
data\processed\bfw\asian\n003288\0385_01.jpg,data\processed\bfw\asian\n003288\0495_01.jpg,n003288,n003288,asian,asian,females,females,,,1,0.2277055,23.731678,0.7722945
data\processed\bfw\asian\n003463\0075_01.jpg,data\processed\bfw\asian\n000839\0163_01.jpg,n003463,n000839,asian,asian,males,females,,,0,-0.03313162,29.981876,1.0331316
data\processed\bfw\asian\n008148\0206_01.jpg,data\processed\bfw\asian\n008148\0244_01.jpg,n008148,n008148,asian,asian,females,females,,,1,0.26556814,21.589863,0.73443186
data\processed\bfw\asian\n009175\0020_01.jpg,data\processed\bfw\asian\n006223\0189_01.jpg,n009175,n006223,asian,asian,females,females,,,0,-0.077146925,30.915121,1.0771469
data\processed\bfw\asian\n003489\0061_01.jpg,data\processed\bfw\asian\n003489\0220_01.jpg,n003489,n003489,asian,asian,males,males,,,1,0.5531588,20.39268,0.44684118
data\processed\bfw\asian\n009294\0110_02.jpg,data\processed\bfw\asian\n006736\0030_01.jpg,n009294,n006736,asian,asian,females,females,,,0,-0.10215692,28.5738,1.1021569
data\processed\bfw\asian\n004721\0203_01.jpg,data\processed\bfw\asian\n004721\0478_01.jpg,n004721,n004721,asian,asian,males,males,,,1,0.25556278,25.628653,0.7444372
data\processed\bfw\asian\n006358\0083_03.jpg,data\processed\bfw\asian\n003491\0086_01.jpg,n006358,n003491,asian,asian,females,males,,,0,-0.005387252,27.53677,1.0053873
data\processed\bfw\asian\n001496\0219_01.jpg,data\processed\bfw\asian\n001496\0444_01.jpg,n001496,n001496,asian,asian,males,males,,,1,0.19121674,23.188927,0.8087833
data\processed\bfw\asian\n007270\0128_01.jpg,data\processed\bfw\asian\n007270\0289_01.jpg,n007270,n007270,asian,asian,females,females,,,1,0.622357,17.03906,0.377643
data\processed\bfw\asian\n000160\0347_01.jpg,data\processed\bfw\asian\n003463\0023_01.jpg,n000160,n003463,asian,asian,females,males,,,0,0.025156049,28.654123,0.974844
data\processed\bfw\asian\n000148\0365_01.jpg,data\processed\bfw\asian\n008978\0083_01.jpg,n000148,n008978,asian,asian,females,females,,,0,0.2337224,25.278658,0.7662776
data\processed\bfw\asian\n008163\0645_01.jpg,data\processed\bfw\asian\n003491\0019_01.jpg,n008163,n003491,asian,asian,females,males,,,0,0.07077017,28.243212,0.92922986
data\processed\bfw\asian\n005069\0313_01.jpg,data\processed\bfw\asian\n005069\0502_02.jpg,n005069,n005069,asian,asian,females,females,,,1,-0.048338942,24.369526,1.0483389
data\processed\bfw\asian\n003465\0023_06.jpg,data\processed\bfw\asian\n003465\0413_01.jpg,n003465,n003465,asian,asian,males,males,,,1,0.41740835,23.48822,0.58259165
data\processed\bfw\asian\n000139\0498_01.jpg,data\processed\bfw\asian\n004549\0357_03.jpg,n000139,n004549,asian,asian,females,females,,,0,0.17915024,29.823166,0.8208498
data\processed\bfw\asian\n008934\0053_01.jpg,data\processed\bfw\asian\n000135\0255_01.jpg,n008934,n000135,asian,asian,females,females,,,0,-0.049265105,27.478535,1.0492651
data\processed\bfw\asian\n000436\0088_03.jpg,data\processed\bfw\asian\n000436\0407_01.jpg,n000436,n000436,asian,asian,males,males,,,1,-0.04385258,28.197483,1.0438526
data\processed\bfw\asian\n009177\0363_01.jpg,data\processed\bfw\asian\n008163\0429_01.jpg,n009177,n008163,asian,asian,females,females,,,0,0.031151302,29.48406,0.9688487
data\processed\bfw\asian\n003533\0128_01.jpg,data\processed\bfw\asian\n003533\0138_01.jpg,n003533,n003533,asian,asian,males,males,,,1,0.44238845,23.81488,0.5576116
data\processed\bfw\asian\n001682\0041_01.jpg,data\processed\bfw\asian\n000873\0050_02.jpg,n001682,n000873,asian,asian,males,males,,,0,0.075534284,29.5069,0.9244657
data\processed\bfw\asian\n000138\0066_09.jpg,data\processed\bfw\asian\n005069\0225_01.jpg,n000138,n005069,asian,asian,females,females,,,0,0.030139927,23.043959,0.9698601
data\processed\bfw\asian\n004864\0148_01.jpg,data\processed\bfw\asian\n006774\0111_01.jpg,n004864,n006774,asian,asian,females,females,,,0,0.056231786,29.102169,0.9437682
data\processed\bfw\asian\n004472\0155_01.jpg,data\processed\bfw\asian\n004472\0295_03.jpg,n004472,n004472,asian,asian,females,females,,,1,0.26043618,24.035418,0.7395638
data\processed\bfw\asian\n004681\0101_01.jpg,data\processed\bfw\asian\n006159\0178_01.jpg,n004681,n006159,asian,asian,males,females,,,0,-0.09125724,31.551931,1.0912572
data\processed\bfw\asian\n008978\0236_01.jpg,data\processed\bfw\asian\n009294\0282_03.jpg,n008978,n009294,asian,asian,females,females,,,0,0.1285532,25.75665,0.8714468
data\processed\bfw\asian\n000872\0200_01.jpg,data\processed\bfw\asian\n000872\0241_04.jpg,n000872,n000872,asian,asian,males,males,,,1,0.09895451,24.418354,0.9010455
data\processed\bfw\asian\n007372\0177_01.jpg,data\processed\bfw\asian\n000856\0134_02.jpg,n007372,n000856,asian,asian,females,females,,,0,0.22506428,23.47452,0.7749357
data\processed\bfw\asian\n003824\0019_01.jpg,data\processed\bfw\asian\n004800\0428_01.jpg,n003824,n004800,asian,asian,females,males,,,0,0.13460954,26.57117,0.8653905
data\processed\bfw\asian\n009287\0256_04.jpg,data\processed\bfw\asian\n007378\0458_01.jpg,n009287,n007378,asian,asian,females,females,,,0,0.181079,30.539108,0.81892097
data\processed\bfw\asian\n006223\0126_01.jpg,data\processed\bfw\asian\n006223\0250_01.jpg,n006223,n006223,asian,asian,females,females,,,1,0.27685964,25.118454,0.72314036
data\processed\bfw\asian\n000158\0066_01.jpg,data\processed\bfw\asian\n000158\0161_01.jpg,n000158,n000158,asian,asian,males,males,,,1,0.6421542,19.16933,0.35784578
data\processed\bfw\asian\n007378\0175_01.jpg,data\processed\bfw\asian\n007378\0500_02.jpg,n007378,n007378,asian,asian,females,females,,,1,0.5266722,19.97294,0.47332782
data\processed\bfw\asian\n004870\0094_04.jpg,data\processed\bfw\asian\n001572\0393_01.jpg,n004870,n001572,asian,asian,females,females,,,0,0.07008036,22.557472,0.92991966
data\processed\bfw\asian\n003355\0016_01.jpg,data\processed\bfw\asian\n000840\0053_01.jpg,n003355,n000840,asian,asian,males,females,,,0,0.15689537,23.565655,0.8431046
data\processed\bfw\asian\n003467\0395_01.jpg,data\processed\bfw\asian\n003467\0405_01.jpg,n003467,n003467,asian,asian,females,females,,,1,0.3706251,19.654078,0.62937486
data\processed\bfw\asian\n006418\0165_02.jpg,data\processed\bfw\asian\n006418\0386_01.jpg,n006418,n006418,asian,asian,females,females,,,1,0.51538086,19.233246,0.48461914
data\processed\bfw\asian\n000137\0050_01.jpg,data\processed\bfw\asian\n000137\0110_01.jpg,n000137,n000137,asian,asian,females,females,,,1,0.3475167,23.65035,0.65248334
data\processed\bfw\asian\n009275\0238_02.jpg,data\processed\bfw\asian\n009275\0343_01.jpg,n009275,n009275,asian,asian,females,females,,,1,0.10946125,25.806164,0.89053875
data\processed\bfw\asian\n006126\0128_01.jpg,data\processed\bfw\asian\n005378\0176_01.jpg,n006126,n005378,asian,asian,females,females,,,0,0.014375699,22.554007,0.9856243
data\processed\bfw\asian\n003156\0004_01.jpg,data\processed\bfw\asian\n003156\0103_01.jpg,n003156,n003156,asian,asian,males,males,,,1,0.46624127,20.78632,0.53375876
data\processed\bfw\asian\n000143\0406_01.jpg,data\processed\bfw\asian\n007380\0525_01.jpg,n000143,n007380,asian,asian,females,females,,,0,0.016387116,20.064156,0.9836129
data\processed\bfw\asian\n003358\0139_01.jpg,data\processed\bfw\asian\n004680\0175_01.jpg,n003358,n004680,asian,asian,females,females,,,0,0.058505967,26.687283,0.94149405
data\processed\bfw\asian\n003489\0220_01.jpg,data\processed\bfw\asian\n008383\0118_01.jpg,n003489,n008383,asian,asian,males,females,,,0,0.1652403,26.43949,0.8347597
data\processed\bfw\asian\n009277\0178_01.jpg,data\processed\bfw\asian\n009277\0365_01.jpg,n009277,n009277,asian,asian,females,females,,,1,0.2934778,23.391434,0.7065222
data\processed\bfw\asian\n001562\0052_01.jpg,data\processed\bfw\asian\n001562\0070_01.jpg,n001562,n001562,asian,asian,males,males,,,1,0.061373927,22.52281,0.93862605
data\processed\bfw\asian\n006418\0075_02.jpg,data\processed\bfw\asian\n006418\0129_01.jpg,n006418,n006418,asian,asian,females,females,,,1,0.2704029,20.506168,0.7295971
data\processed\bfw\asian\n005078\0079_01.jpg,data\processed\bfw\asian\n005078\0202_01.jpg,n005078,n005078,asian,asian,males,males,,,1,0.7560189,15.566729,0.24398112
data\processed\bfw\asian\n006125\0217_01.jpg,data\processed\bfw\asian\n004948\0401_02.jpg,n006125,n004948,asian,asian,females,males,,,0,-0.10332558,27.918081,1.1033256
data\processed\bfw\asian\n004108\0188_01.jpg,data\processed\bfw\asian\n004108\0337_02.jpg,n004108,n004108,asian,asian,males,males,,,1,0.52005076,18.02052,0.47994924
data\processed\bfw\asian\n002406\0027_02.jpg,data\processed\bfw\asian\n009277\0026_01.jpg,n002406,n009277,asian,asian,males,females,,,0,0.028485565,25.140617,0.97151446
data\processed\bfw\asian\n008934\0053_01.jpg,data\processed\bfw\asian\n008934\0128_01.jpg,n008934,n008934,asian,asian,females,females,,,1,0.40627143,21.569742,0.59372854
data\processed\bfw\asian\n004686\0100_01.jpg,data\processed\bfw\asian\n004686\0544_01.jpg,n004686,n004686,asian,asian,males,males,,,1,0.64865446,17.595562,0.35134554
data\processed\bfw\asian\n009288\0107_01.jpg,data\processed\bfw\asian\n009288\0156_02.jpg,n009288,n009288,asian,asian,females,females,,,1,0.5507846,20.38186,0.4492154
data\processed\bfw\asian\n005474\0125_04.jpg,data\processed\bfw\asian\n005474\0298_05.jpg,n005474,n005474,asian,asian,females,females,,,1,0.21691139,22.900753,0.7830886
data\processed\bfw\asian\n009041\0553_01.jpg,data\processed\bfw\asian\n009103\0286_01.jpg,n009041,n009103,asian,asian,females,females,,,0,0.011592435,29.479818,0.98840755
data\processed\bfw\asian\n005083\0057_02.jpg,data\processed\bfw\asian\n005083\0108_01.jpg,n005083,n005083,asian,asian,females,females,,,1,0.43865404,19.666767,0.56134593
data\processed\bfw\asian\n000139\0309_01.jpg,data\processed\bfw\asian\n000139\0501_01.jpg,n000139,n000139,asian,asian,females,females,,,1,0.2100254,28.347317,0.7899746
data\processed\bfw\asian\n004864\0171_01.jpg,data\processed\bfw\asian\n004864\0179_01.jpg,n004864,n004864,asian,asian,females,females,,,1,0.3652433,22.089464,0.6347567
data\processed\bfw\asian\n006125\0185_01.jpg,data\processed\bfw\asian\n006125\0253_01.jpg,n006125,n006125,asian,asian,females,females,,,1,0.05072397,27.528698,0.94927603
data\processed\bfw\asian\n004930\0235_01.jpg,data\processed\bfw\asian\n004930\0282_01.jpg,n004930,n004930,asian,asian,females,females,,,1,0.072369695,25.78409,0.9276303
data\processed\bfw\asian\n004800\0740_01.jpg,data\processed\bfw\asian\n007380\0333_01.jpg,n004800,n007380,asian,asian,males,females,,,0,0.05585081,27.004791,0.9441492
data\processed\bfw\asian\n008148\0013_01.jpg,data\processed\bfw\asian\n008148\0183_01.jpg,n008148,n008148,asian,asian,females,females,,,1,0.40662453,17.681784,0.59337544
data\processed\bfw\asian\n000135\0081_01.jpg,data\processed\bfw\asian\n000135\0138_10.jpg,n000135,n000135,asian,asian,females,females,,,1,0.500525,21.215796,0.499475
data\processed\bfw\asian\n000158\0069_01.jpg,data\processed\bfw\asian\n004472\0312_02.jpg,n000158,n004472,asian,asian,males,females,,,0,0.039719705,30.004396,0.9602803
data\processed\bfw\asian\n009288\0101_01.jpg,data\processed\bfw\asian\n003355\0266_01.jpg,n009288,n003355,asian,asian,females,males,,,0,0.024930868,26.45861,0.9750691
data\processed\bfw\asian\n006223\0055_01.jpg,data\processed\bfw\asian\n006223\0260_01.jpg,n006223,n006223,asian,asian,females,females,,,1,0.42491886,19.761673,0.5750811
data\processed\bfw\asian\n001976\0458_02.jpg,data\processed\bfw\asian\n008163\0527_03.jpg,n001976,n008163,asian,asian,males,females,,,0,0.015476309,27.454372,0.9845237
data\processed\bfw\asian\n009137\0278_01.jpg,data\processed\bfw\asian\n002509\0432_01.jpg,n009137,n002509,asian,asian,females,females,,,0,0.14050926,25.833511,0.85949075
data\processed\bfw\asian\n009042\0144_01.jpg,data\processed\bfw\asian\n009042\0250_01.jpg,n009042,n009042,asian,asian,females,females,,,1,0.12014197,27.762432,0.879858
data\processed\bfw\asian\n009277\0020_01.jpg,data\processed\bfw\asian\n008978\0264_01.jpg,n009277,n008978,asian,asian,females,females,,,0,0.13822119,22.499645,0.8617788
data\processed\bfw\asian\n000139\0109_03.jpg,data\processed\bfw\asian\n003489\0220_01.jpg,n000139,n003489,asian,asian,females,males,,,0,-0.114125304,32.24502,1.1141253
data\processed\bfw\asian\n004108\0190_01.jpg,data\processed\bfw\asian\n004108\0401_02.jpg,n004108,n004108,asian,asian,males,males,,,1,0.20109376,25.782642,0.7989062
data\processed\bfw\asian\n004936\0304_02.jpg,data\processed\bfw\asian\n004936\0345_01.jpg,n004936,n004936,asian,asian,females,females,,,1,0.024797913,25.507425,0.9752021
data\processed\bfw\asian\n004681\0026_01.jpg,data\processed\bfw\asian\n004681\0133_01.jpg,n004681,n004681,asian,asian,males,males,,,1,0.6065102,19.186571,0.39348978
data\processed\bfw\asian\n004466\0154_01.jpg,data\processed\bfw\asian\n000838\0037_01.jpg,n004466,n000838,asian,asian,males,females,,,0,-0.031343684,32.648483,1.0313437
data\processed\bfw\asian\n005069\0148_01.jpg,data\processed\bfw\asian\n005069\0225_01.jpg,n005069,n005069,asian,asian,females,females,,,1,0.31587133,23.548296,0.68412864
data\processed\bfw\asian\n004936\0124_01.jpg,data\processed\bfw\asian\n004936\0324_01.jpg,n004936,n004936,asian,asian,females,females,,,1,0.50563806,20.974262,0.49436194
data\processed\bfw\asian\n009041\0066_01.jpg,data\processed\bfw\asian\n006634\0679_01.jpg,n009041,n006634,asian,asian,females,females,,,0,0.1313147,27.74381,0.8686853
data\processed\bfw\asian\n000158\0250_02.jpg,data\processed\bfw\asian\n000838\0066_01.jpg,n000158,n000838,asian,asian,males,females,,,0,0.027399426,28.26237,0.9726006
data\processed\bfw\asian\n004725\0121_01.jpg,data\processed\bfw\asian\n004725\0147_01.jpg,n004725,n004725,asian,asian,males,males,,,1,0.5118572,21.297485,0.4881428
data\processed\bfw\asian\n000840\0053_01.jpg,data\processed\bfw\asian\n000840\0624_03.jpg,n000840,n000840,asian,asian,females,females,,,1,0.11531238,26.257952,0.8846876
data\processed\bfw\asian\n007270\0471_01.jpg,data\processed\bfw\asian\n004785\0211_01.jpg,n007270,n004785,asian,asian,females,females,,,0,-0.008819994,27.49597,1.0088199
data\processed\bfw\asian\n004794\0313_02.jpg,data\processed\bfw\asian\n004472\0093_01.jpg,n004794,n004472,asian,asian,males,females,,,0,0.036408927,23.825943,0.9635911
data\processed\bfw\asian\n004466\0030_01.jpg,data\processed\bfw\asian\n004466\0048_01.jpg,n004466,n004466,asian,asian,males,males,,,1,0.5750177,16.814604,0.4249823
data\processed\bfw\asian\n005083\0120_01.jpg,data\processed\bfw\asian\n003506\0342_01.jpg,n005083,n003506,asian,asian,females,females,,,0,-0.17994308,28.309904,1.1799431
data\processed\bfw\asian\n009288\0165_01.jpg,data\processed\bfw\asian\n009288\0172_01.jpg,n009288,n009288,asian,asian,females,females,,,1,0.20547855,25.975286,0.79452145
data\processed\bfw\asian\n006126\0141_01.jpg,data\processed\bfw\asian\n006126\0329_01.jpg,n006126,n006126,asian,asian,females,females,,,1,0.50545114,17.088188,0.49454886
data\processed\bfw\asian\n009279\0015_01.jpg,data\processed\bfw\asian\n004680\0113_02.jpg,n009279,n004680,asian,asian,females,females,,,0,0.10085103,27.989042,0.89914894
data\processed\bfw\asian\n008978\0064_01.jpg,data\processed\bfw\asian\n004930\0236_01.jpg,n008978,n004930,asian,asian,females,females,,,0,-0.11192817,29.92308,1.1119282
data\processed\bfw\asian\n001496\0145_01.jpg,data\processed\bfw\asian\n001496\0468_02.jpg,n001496,n001496,asian,asian,males,males,,,1,0.49481028,19.56928,0.5051897
data\processed\bfw\asian\n001976\0038_01.jpg,data\processed\bfw\asian\n009103\0179_03.jpg,n001976,n009103,asian,asian,males,females,,,0,0.14444445,27.737804,0.85555553
data\processed\bfw\asian\n007380\0195_01.jpg,data\processed\bfw\asian\n003506\0115_01.jpg,n007380,n003506,asian,asian,females,females,,,0,0.043274123,28.667368,0.9567259
data\processed\bfw\asian\n004549\0351_02.jpg,data\processed\bfw\asian\n000009\0102_01.jpg,n004549,n000009,asian,asian,females,females,,,0,-0.09876476,32.59004,1.0987648
data\processed\bfw\asian\n005474\0128_01.jpg,data\processed\bfw\asian\n005474\0145_02.jpg,n005474,n005474,asian,asian,females,females,,,1,0.31821683,20.744291,0.6817832
data\processed\bfw\asian\n009175\0021_01.jpg,data\processed\bfw\asian\n009175\0061_01.jpg,n009175,n009175,asian,asian,females,females,,,1,0.7479847,16.053457,0.2520153
data\processed\bfw\asian\n008383\0068_01.jpg,data\processed\bfw\asian\n008383\0138_01.jpg,n008383,n008383,asian,asian,females,females,,,1,0.27533668,22.012768,0.7246633
data\processed\bfw\asian\n005078\0227_03.jpg,data\processed\bfw\asian\n005078\0679_01.jpg,n005078,n005078,asian,asian,males,males,,,1,0.4776258,23.39441,0.5223742
data\processed\bfw\asian\n003358\0365_01.jpg,data\processed\bfw\asian\n009175\0072_01.jpg,n003358,n009175,asian,asian,females,females,,,0,0.07224199,27.028355,0.927758
data\processed\bfw\asian\n003358\0304_01.jpg,data\processed\bfw\asian\n003358\0306_01.jpg,n003358,n003358,asian,asian,females,females,,,1,0.6139593,16.88595,0.3860407
data\processed\bfw\asian\n005177\0294_01.jpg,data\processed\bfw\asian\n007664\0066_01.jpg,n005177,n007664,asian,asian,males,females,,,0,0.058864746,26.87849,0.9411352
data\processed\bfw\asian\n007380\0052_01.jpg,data\processed\bfw\asian\n007380\0271_01.jpg,n007380,n007380,asian,asian,females,females,,,1,0.42658335,19.5157,0.57341665
data\processed\bfw\asian\n005446\0144_01.jpg,data\processed\bfw\asian\n005446\0412_01.jpg,n005446,n005446,asian,asian,females,females,,,1,-0.060307615,26.647465,1.0603076
data\processed\bfw\asian\n002644\0497_02.jpg,data\processed\bfw\asian\n008163\0645_01.jpg,n002644,n008163,asian,asian,males,females,,,0,0.14586098,24.64308,0.85413903
data\processed\bfw\asian\n003027\0384_01.jpg,data\processed\bfw\asian\n003027\0397_01.jpg,n003027,n003027,asian,asian,males,males,,,1,-0.023929816,27.771183,1.0239298
data\processed\bfw\asian\n007814\0114_02.jpg,data\processed\bfw\asian\n007814\0144_01.jpg,n007814,n007814,asian,asian,females,females,,,1,0.14878005,24.327244,0.85121995
data\processed\bfw\asian\n003167\0240_01.jpg,data\processed\bfw\asian\n003167\0562_01.jpg,n003167,n003167,asian,asian,males,males,,,1,0.64523995,18.301472,0.35476005
data\processed\bfw\asian\n003482\0022_01.jpg,data\processed\bfw\asian\n009287\0173_01.jpg,n003482,n009287,asian,asian,males,females,,,0,-0.014058565,33.787357,1.0140586
data\processed\bfw\asian\n003635\0072_03.jpg,data\processed\bfw\asian\n003635\0177_02.jpg,n003635,n003635,asian,asian,males,males,,,1,0.4029151,24.715061,0.5970849
data\processed\bfw\asian\n003357\0493_01.jpg,data\processed\bfw\asian\n003027\0448_07.jpg,n003357,n003027,asian,asian,females,males,,,0,0.008328587,31.702936,0.99167144
data\processed\bfw\asian\n002331\0277_01.jpg,data\processed\bfw\asian\n003489\0109_01.jpg,n002331,n003489,asian,asian,males,males,,,0,0.10024897,29.517668,0.899751
data\processed\bfw\asian\n002406\0253_01.jpg,data\processed\bfw\asian\n009279\0216_01.jpg,n002406,n009279,asian,asian,males,females,,,0,0.07616082,25.66653,0.9238392
data\processed\bfw\asian\n006159\0073_01.jpg,data\processed\bfw\asian\n006159\0235_01.jpg,n006159,n006159,asian,asian,females,females,,,1,-0.06864036,26.272522,1.0686404
data\processed\bfw\asian\n001976\0041_01.jpg,data\processed\bfw\asian\n001976\0090_01.jpg,n001976,n001976,asian,asian,males,males,,,1,0.29854232,22.191202,0.7014577
data\processed\bfw\asian\n009279\0031_01.jpg,data\processed\bfw\asian\n009279\0439_01.jpg,n009279,n009279,asian,asian,females,females,,,1,0.31245336,24.990232,0.6875466
data\processed\bfw\asian\n003354\0177_01.jpg,data\processed\bfw\asian\n004930\0282_01.jpg,n003354,n004930,asian,asian,females,females,,,0,-0.038055383,27.024015,1.0380554
data\processed\bfw\asian\n000839\0298_01.jpg,data\processed\bfw\asian\n008401\0139_02.jpg,n000839,n008401,asian,asian,females,females,,,0,0.122047864,26.260155,0.87795216
data\processed\bfw\asian\n005072\0001_03.jpg,data\processed\bfw\asian\n005072\0606_01.jpg,n005072,n005072,asian,asian,males,males,,,1,0.55865175,18.649738,0.44134825
data\processed\bfw\asian\n004791\0152_02.jpg,data\processed\bfw\asian\n004791\0204_01.jpg,n004791,n004791,asian,asian,males,males,,,1,0.59620583,17.436407,0.40379417
data\processed\bfw\asian\n004877\0007_01.jpg,data\processed\bfw\asian\n004877\0273_01.jpg,n004877,n004877,asian,asian,females,females,,,1,0.26923755,24.225513,0.7307625
data\processed\bfw\asian\n003288\0089_01.jpg,data\processed\bfw\asian\n003288\0255_01.jpg,n003288,n003288,asian,asian,females,females,,,1,0.30103725,21.424063,0.69896275
data\processed\bfw\asian\n002644\0024_02.jpg,data\processed\bfw\asian\n002644\0418_01.jpg,n002644,n002644,asian,asian,males,males,,,1,0.47839752,19.669943,0.5216025
data\processed\bfw\asian\n007385\0193_01.jpg,data\processed\bfw\asian\n007385\0320_03.jpg,n007385,n007385,asian,asian,females,females,,,1,0.22028913,22.452765,0.7797109
data\processed\bfw\asian\n000838\0044_01.jpg,data\processed\bfw\asian\n000837\0195_01.jpg,n000838,n000837,asian,asian,females,females,,,0,-0.009595236,29.385876,1.0095953
data\processed\bfw\asian\n003027\0176_04.jpg,data\processed\bfw\asian\n003027\0501_01.jpg,n003027,n003027,asian,asian,males,males,,,1,0.49313313,24.899303,0.5068669
data\processed\bfw\asian\n003449\0066_01.jpg,data\processed\bfw\asian\n003449\0418_01.jpg,n003449,n003449,asian,asian,females,females,,,1,0.13902286,22.817827,0.8609772
data\processed\bfw\asian\n007816\0329_01.jpg,data\processed\bfw\asian\n001562\0070_01.jpg,n007816,n001562,asian,asian,females,males,,,0,0.048198566,23.27394,0.9518014
data\processed\bfw\asian\n009294\0002_01.jpg,data\processed\bfw\asian\n009294\0036_01.jpg,n009294,n009294,asian,asian,females,females,,,1,0.37110448,22.021261,0.6288955
data\processed\bfw\asian\n003463\0129_01.jpg,data\processed\bfw\asian\n003463\0179_02.jpg,n003463,n003463,asian,asian,males,males,,,1,0.54549915,20.082895,0.45450085
data\processed\bfw\asian\n007738\0034_01.jpg,data\processed\bfw\asian\n007738\0172_01.jpg,n007738,n007738,asian,asian,females,females,,,1,0.52034616,19.858767,0.47965384
data\processed\bfw\asian\n006126\0141_01.jpg,data\processed\bfw\asian\n002331\0371_01.jpg,n006126,n002331,asian,asian,females,males,,,0,0.030466344,31.157825,0.9695337
data\processed\bfw\asian\n000838\0037_01.jpg,data\processed\bfw\asian\n005177\0075_01.jpg,n000838,n005177,asian,asian,females,males,,,0,-0.02206924,33.422077,1.0220692
data\processed\bfw\asian\n004791\0134_01.jpg,data\processed\bfw\asian\n008383\0193_12.jpg,n004791,n008383,asian,asian,males,females,,,0,0.07166352,25.726564,0.9283365
data\processed\bfw\asian\n006126\0039_01.jpg,data\processed\bfw\asian\n004549\0018_01.jpg,n006126,n004549,asian,asian,females,females,,,0,0.06276316,24.582172,0.93723685
data\processed\bfw\asian\n005216\0020_01.jpg,data\processed\bfw\asian\n005216\0220_01.jpg,n005216,n005216,asian,asian,females,females,,,1,0.043476213,25.809288,0.9565238
data\processed\bfw\asian\n001976\0071_01.jpg,data\processed\bfw\asian\n001976\0077_02.jpg,n001976,n001976,asian,asian,males,males,,,1,0.5005051,18.671803,0.4994949
data\processed\bfw\asian\n007089\0067_01.jpg,data\processed\bfw\asian\n009148\0054_01.jpg,n007089,n009148,asian,asian,females,females,,,0,-0.02883966,28.534887,1.0288397
data\processed\bfw\asian\n000854\0239_01.jpg,data\processed\bfw\asian\n000854\0560_01.jpg,n000854,n000854,asian,asian,females,females,,,1,0.39320245,22.71572,0.6067976
data\processed\bfw\asian\n009042\0098_05.jpg,data\processed\bfw\asian\n006358\0101_06.jpg,n009042,n006358,asian,asian,females,females,,,0,0.19746172,28.185772,0.8025383
data\processed\bfw\asian\n004935\0035_02.jpg,data\processed\bfw\asian\n004935\0327_01.jpg,n004935,n004935,asian,asian,males,males,,,1,0.4868872,21.709066,0.5131128
data\processed\bfw\asian\n006634\0279_02.jpg,data\processed\bfw\asian\n006634\0726_04.jpg,n006634,n006634,asian,asian,females,females,,,1,0.19923969,23.005402,0.8007603
data\processed\bfw\asian\n009103\0421_01.jpg,data\processed\bfw\asian\n009288\0114_01.jpg,n009103,n009288,asian,asian,females,females,,,0,0.13835305,25.023277,0.86164695
data\processed\bfw\asian\n003489\0084_02.jpg,data\processed\bfw\asian\n003489\0091_01.jpg,n003489,n003489,asian,asian,males,males,,,1,0.5926406,22.367111,0.40735942
data\processed\bfw\asian\n002406\0076_01.jpg,data\processed\bfw\asian\n002406\0148_01.jpg,n002406,n002406,asian,asian,males,males,,,1,0.49816397,19.917046,0.50183606
data\processed\bfw\asian\n004786\0030_01.jpg,data\processed\bfw\asian\n003489\0031_01.jpg,n004786,n003489,asian,asian,females,males,,,0,-0.05776653,30.351475,1.0577666
data\processed\bfw\asian\n007380\0562_01.jpg,data\processed\bfw\asian\n006222\0071_01.jpg,n007380,n006222,asian,asian,females,females,,,0,-0.034139436,30.021809,1.0341394
data\processed\bfw\asian\n002406\0310_02.jpg,data\processed\bfw\asian\n002406\0328_01.jpg,n002406,n002406,asian,asian,males,males,,,1,0.09652881,26.16609,0.9034712
data\processed\bfw\asian\n003162\0023_01.jpg,data\processed\bfw\asian\n004469\0832_01.jpg,n003162,n004469,asian,asian,males,males,,,0,-0.14811528,35.17258,1.1481153
data\processed\bfw\asian\n007270\0434_01.jpg,data\processed\bfw\asian\n000135\0138_10.jpg,n007270,n000135,asian,asian,females,females,,,0,0.12592,26.399214,0.87408
data\processed\bfw\asian\n009148\0050_05.jpg,data\processed\bfw\asian\n009148\0103_01.jpg,n009148,n009148,asian,asian,females,females,,,1,0.22245961,24.766998,0.7775404
data\processed\bfw\asian\n004786\0030_01.jpg,data\processed\bfw\asian\n009103\0286_01.jpg,n004786,n009103,asian,asian,females,females,,,0,0.22149338,25.314579,0.77850664
data\processed\bfw\asian\n005077\0082_01.jpg,data\processed\bfw\asian\n005077\0153_01.jpg,n005077,n005077,asian,asian,females,females,,,1,0.47930652,17.139568,0.5206935
data\processed\bfw\asian\n004809\0178_02.jpg,data\processed\bfw\asian\n004809\0659_01.jpg,n004809,n004809,asian,asian,males,males,,,1,0.48720378,19.516245,0.5127962
data\processed\bfw\asian\n003223\0645_01.jpg,data\processed\bfw\asian\n004787\0101_03.jpg,n003223,n004787,asian,asian,males,females,,,0,0.017634438,27.382244,0.98236555
data\processed\bfw\asian\n002320\0027_01.jpg,data\processed\bfw\asian\n002320\0072_01.jpg,n002320,n002320,asian,asian,males,males,,,1,0.42767718,19.646212,0.57232285
data\processed\bfw\asian\n004469\0114_01.jpg,data\processed\bfw\asian\n004221\0450_01.jpg,n004469,n004221,asian,asian,males,males,,,0,0.036268603,32.478878,0.9637314
data\processed\bfw\asian\n000436\0224_01.jpg,data\processed\bfw\asian\n000436\0654_02.jpg,n000436,n000436,asian,asian,males,males,,,1,0.153245,26.862692,0.846755
data\processed\bfw\asian\n000837\0009_01.jpg,data\processed\bfw\asian\n000837\0206_02.jpg,n000837,n000837,asian,asian,females,females,,,1,0.54463375,20.973577,0.45536625
data\processed\bfw\asian\n002509\0041_01.jpg,data\processed\bfw\asian\n004221\0157_03.jpg,n002509,n004221,asian,asian,females,males,,,0,-0.05790975,31.805481,1.0579097
data\processed\bfw\asian\n005072\0027_01.jpg,data\processed\bfw\asian\n005072\0107_01.jpg,n005072,n005072,asian,asian,males,males,,,1,0.5342239,20.925978,0.4657761
data\processed\bfw\asian\n004721\0125_01.jpg,data\processed\bfw\asian\n006126\0119_01.jpg,n004721,n006126,asian,asian,males,females,,,0,0.07960194,27.663582,0.92039806
data\processed\bfw\asian\n007816\0281_01.jpg,data\processed\bfw\asian\n007816\0770_01.jpg,n007816,n007816,asian,asian,females,females,,,1,0.5747329,17.1134,0.4252671
data\processed\bfw\asian\n002406\0176_01.jpg,data\processed\bfw\asian\n003463\0005_01.jpg,n002406,n003463,asian,asian,males,males,,,0,0.17857103,23.688036,0.82142895
data\processed\bfw\asian\n003635\0177_02.jpg,data\processed\bfw\asian\n006344\0322_01.jpg,n003635,n006344,asian,asian,males,females,,,0,-0.026454309,26.275312,1.0264543
data\processed\bfw\asian\n004109\0015_01.jpg,data\processed\bfw\asian\n004109\0554_02.jpg,n004109,n004109,asian,asian,males,males,,,1,0.5747727,18.85892,0.42522728
data\processed\bfw\asian\n003027\0084_02.jpg,data\processed\bfw\asian\n003027\0501_01.jpg,n003027,n003027,asian,asian,males,males,,,1,0.45506772,25.532785,0.54493225
data\processed\bfw\asian\n009276\0166_01.jpg,data\processed\bfw\asian\n003155\1054_06.jpg,n009276,n003155,asian,asian,females,males,,,0,-0.04455054,33.16772,1.0445505
data\processed\bfw\asian\n004681\0019_01.jpg,data\processed\bfw\asian\n004681\0234_01.jpg,n004681,n004681,asian,asian,males,males,,,1,0.59056437,18.67363,0.40943563
data\processed\bfw\asian\n000436\0123_01.jpg,data\processed\bfw\asian\n000436\0156_02.jpg,n000436,n000436,asian,asian,males,males,,,1,0.025856651,27.988089,0.9741433
data\processed\bfw\asian\n007899\0084_02.jpg,data\processed\bfw\asian\n007899\0136_01.jpg,n007899,n007899,asian,asian,females,females,,,1,0.51948917,19.267618,0.48051083
data\processed\bfw\asian\n002331\0009_05.jpg,data\processed\bfw\asian\n002331\0153_01.jpg,n002331,n002331,asian,asian,males,males,,,1,0.48856145,21.234144,0.51143855
data\processed\bfw\asian\n003354\0029_01.jpg,data\processed\bfw\asian\n003354\0227_01.jpg,n003354,n003354,asian,asian,females,females,,,1,0.13225648,21.742973,0.8677435
data\processed\bfw\asian\n009294\0139_02.jpg,data\processed\bfw\asian\n004791\0204_01.jpg,n009294,n004791,asian,asian,females,males,,,0,0.054335717,28.953812,0.9456643
data\processed\bfw\asian\n007378\0289_01.jpg,data\processed\bfw\asian\n004467\0293_01.jpg,n007378,n004467,asian,asian,females,males,,,0,-0.011535261,27.989658,1.0115353
data\processed\bfw\asian\n003482\0059_01.jpg,data\processed\bfw\asian\n003482\0284_06.jpg,n003482,n003482,asian,asian,males,males,,,1,0.22579654,28.11436,0.7742035
data\processed\bfw\asian\n004467\0307_03.jpg,data\processed\bfw\asian\n004467\0677_01.jpg,n004467,n004467,asian,asian,males,males,,,1,0.28713712,22.796993,0.71286285
data\processed\bfw\asian\n002406\0328_01.jpg,data\processed\bfw\asian\n009137\0163_02.jpg,n002406,n009137,asian,asian,males,females,,,0,-0.10641674,26.10323,1.1064167
data\processed\bfw\asian\n005069\0578_01.jpg,data\processed\bfw\asian\n008383\0225_02.jpg,n005069,n008383,asian,asian,females,females,,,0,-0.12042018,29.563065,1.1204202
data\processed\bfw\asian\n009125\0181_01.jpg,data\processed\bfw\asian\n002320\0272_03.jpg,n009125,n002320,asian,asian,females,males,,,0,0.007971214,27.65858,0.9920288
data\processed\bfw\asian\n005083\0038_01.jpg,data\processed\bfw\asian\n005083\0053_03.jpg,n005083,n005083,asian,asian,females,females,,,1,0.6240628,15.580544,0.37593722
data\processed\bfw\asian\n003635\0072_03.jpg,data\processed\bfw\asian\n003635\0099_01.jpg,n003635,n003635,asian,asian,males,males,,,1,0.5760904,22.405144,0.4239096
data\processed\bfw\asian\n003357\0422_01.jpg,data\processed\bfw\asian\n009103\0703_02.jpg,n003357,n009103,asian,asian,females,females,,,0,0.0065859007,29.349041,0.9934141
data\processed\bfw\asian\n002331\0065_02.jpg,data\processed\bfw\asian\n002331\0139_01.jpg,n002331,n002331,asian,asian,males,males,,,1,0.4611068,22.307161,0.5388932
data\processed\bfw\asian\n003153\0315_02.jpg,data\processed\bfw\asian\n003467\0096_01.jpg,n003153,n003467,asian,asian,females,females,,,0,0.12348415,25.702751,0.87651587
data\processed\bfw\asian\n003481\0015_01.jpg,data\processed\bfw\asian\n003481\0441_01.jpg,n003481,n003481,asian,asian,females,females,,,1,0.29171398,23.44683,0.70828605
data\processed\bfw\asian\n004549\0303_01.jpg,data\processed\bfw\asian\n000138\0259_01.jpg,n004549,n000138,asian,asian,females,females,,,0,0.14383908,23.143942,0.85616094
data\processed\bfw\asian\n004549\0027_02.jpg,data\processed\bfw\asian\n004549\0065_01.jpg,n004549,n004549,asian,asian,females,females,,,1,0.52262604,19.413446,0.47737396
data\processed\bfw\asian\n008163\0218_01.jpg,data\processed\bfw\asian\n006149\0026_01.jpg,n008163,n006149,asian,asian,females,females,,,0,-0.114468835,28.389128,1.1144688
data\processed\bfw\asian\n006736\0438_01.jpg,data\processed\bfw\asian\n006736\0537_01.jpg,n006736,n006736,asian,asian,females,females,,,1,0.26845646,22.47709,0.73154354
data\processed\bfw\asian\n004680\0175_01.jpg,data\processed\bfw\asian\n004864\0607_01.jpg,n004680,n004864,asian,asian,females,females,,,0,-0.010754338,29.789078,1.0107543
data\processed\bfw\asian\n003824\0103_01.jpg,data\processed\bfw\asian\n000135\0465_01.jpg,n003824,n000135,asian,asian,females,females,,,0,0.058727406,27.406061,0.9412726
data\processed\bfw\asian\n006203\0009_04.jpg,data\processed\bfw\asian\n003481\0141_01.jpg,n006203,n003481,asian,asian,females,females,,,0,-0.058353417,26.99721,1.0583534
data\processed\bfw\asian\n008401\0297_01.jpg,data\processed\bfw\asian\n008401\0334_01.jpg,n008401,n008401,asian,asian,females,females,,,1,0.44458896,21.420862,0.55541104
data\processed\bfw\asian\n005063\0414_06.jpg,data\processed\bfw\asian\n009278\0066_01.jpg,n005063,n009278,asian,asian,females,females,,,0,0.028809294,30.586006,0.9711907
data\processed\bfw\asian\n000143\0044_01.jpg,data\processed\bfw\asian\n000143\0734_02.jpg,n000143,n000143,asian,asian,females,females,,,1,0.21974954,23.09034,0.78025043
data\processed\bfw\asian\n002331\0054_02.jpg,data\processed\bfw\asian\n002331\0207_01.jpg,n002331,n002331,asian,asian,males,males,,,1,0.49523515,22.012466,0.50476485
data\processed\bfw\asian\n000139\0109_03.jpg,data\processed\bfw\asian\n000139\0170_01.jpg,n000139,n000139,asian,asian,females,females,,,1,0.37481046,23.875116,0.62518954
data\processed\bfw\asian\n004791\0209_01.jpg,data\processed\bfw\asian\n006126\0105_01.jpg,n004791,n006126,asian,asian,males,females,,,0,0.23574884,21.472822,0.7642512
data\processed\bfw\asian\n009279\0004_01.jpg,data\processed\bfw\asian\n004725\0225_01.jpg,n009279,n004725,asian,asian,females,males,,,0,-0.025425134,26.674044,1.0254251
data\processed\bfw\asian\n003027\0028_01.jpg,data\processed\bfw\asian\n003027\0176_04.jpg,n003027,n003027,asian,asian,males,males,,,1,0.65714794,20.776491,0.34285206
data\processed\bfw\asian\n005063\0439_01.jpg,data\processed\bfw\asian\n001682\0127_01.jpg,n005063,n001682,asian,asian,females,males,,,0,-0.12507857,27.921013,1.1250786
data\processed\bfw\asian\n000856\0012_01.jpg,data\processed\bfw\asian\n000856\0285_01.jpg,n000856,n000856,asian,asian,females,females,,,1,0.037503764,23.717474,0.9624962
data\processed\bfw\asian\n004877\0317_02.jpg,data\processed\bfw\asian\n004877\0441_01.jpg,n004877,n004877,asian,asian,females,females,,,1,0.3326022,23.59714,0.6673978
data\processed\bfw\asian\n003635\0449_01.jpg,data\processed\bfw\asian\n003635\0624_01.jpg,n003635,n003635,asian,asian,males,males,,,1,0.026183814,27.79875,0.97381616
data\processed\bfw\asian\n005378\0222_01.jpg,data\processed\bfw\asian\n005378\0446_01.jpg,n005378,n005378,asian,asian,females,females,,,1,0.40930223,21.70947,0.59069777
data\processed\bfw\asian\n001864\0077_01.jpg,data\processed\bfw\asian\n003156\0058_01.jpg,n001864,n003156,asian,asian,males,males,,,0,0.06953502,27.58235,0.930465
data\processed\bfw\asian\n004809\0178_02.jpg,data\processed\bfw\asian\n002509\0023_01.jpg,n004809,n002509,asian,asian,males,females,,,0,0.029769536,26.05785,0.97023046
data\processed\bfw\asian\n006633\0063_04.jpg,data\processed\bfw\asian\n006148\0242_02.jpg,n006633,n006148,asian,asian,females,females,,,0,0.17592736,26.462137,0.82407266
data\processed\bfw\asian\n002331\0003_02.jpg,data\processed\bfw\asian\n002331\0029_01.jpg,n002331,n002331,asian,asian,males,males,,,1,0.6505359,19.6925,0.34946412
data\processed\bfw\asian\n005083\0133_01.jpg,data\processed\bfw\asian\n005083\0267_01.jpg,n005083,n005083,asian,asian,females,females,,,1,0.33856478,20.048878,0.66143525
data\processed\bfw\asian\n004930\0214_05.jpg,data\processed\bfw\asian\n004930\0290_01.jpg,n004930,n004930,asian,asian,females,females,,,1,0.13605769,25.521112,0.8639423
data\processed\bfw\asian\n000138\0066_09.jpg,data\processed\bfw\asian\n000137\0120_01.jpg,n000138,n000137,asian,asian,females,females,,,0,0.032981988,27.360878,0.967018
data\processed\bfw\asian\n006222\0035_01.jpg,data\processed\bfw\asian\n002725\0253_02.jpg,n006222,n002725,asian,asian,females,females,,,0,-0.008456837,29.969645,1.0084568
data\processed\bfw\asian\n007380\0168_01.jpg,data\processed\bfw\asian\n007380\0195_01.jpg,n007380,n007380,asian,asian,females,females,,,1,0.51334935,17.347548,0.48665065
data\processed\bfw\asian\n004472\0045_02.jpg,data\processed\bfw\asian\n009278\0259_01.jpg,n004472,n009278,asian,asian,females,females,,,0,0.012153084,27.78129,0.9878469
data\processed\bfw\asian\n005216\0084_01.jpg,data\processed\bfw\asian\n005216\0236_01.jpg,n005216,n005216,asian,asian,females,females,,,1,0.13712065,22.671333,0.86287934
data\processed\bfw\asian\n009276\0106_05.jpg,data\processed\bfw\asian\n009276\0298_01.jpg,n009276,n009276,asian,asian,females,females,,,1,0.030025637,27.756355,0.96997434
data\processed\bfw\asian\n003506\0011_01.jpg,data\processed\bfw\asian\n003506\0256_01.jpg,n003506,n003506,asian,asian,females,females,,,1,0.27082568,23.987331,0.7291743
data\processed\bfw\asian\n006619\0092_02.jpg,data\processed\bfw\asian\n006619\0216_01.jpg,n006619,n006619,asian,asian,females,females,,,1,0.29231873,21.765617,0.7076813
data\processed\bfw\asian\n004472\0146_01.jpg,data\processed\bfw\asian\n004472\0332_01.jpg,n004472,n004472,asian,asian,females,females,,,1,0.32411712,20.304398,0.6758829
data\processed\bfw\asian\n009042\0026_01.jpg,data\processed\bfw\asian\n009042\0372_01.jpg,n009042,n009042,asian,asian,females,females,,,1,0.68286765,17.747915,0.31713235
data\processed\bfw\asian\n000137\0429_01.jpg,data\processed\bfw\asian\n009275\0343_01.jpg,n000137,n009275,asian,asian,females,females,,,0,0.029871257,25.788088,0.9701287
data\processed\bfw\asian\n003465\0248_01.jpg,data\processed\bfw\asian\n005446\0103_01.jpg,n003465,n005446,asian,asian,males,females,,,0,0.04407373,28.673029,0.9559263
data\processed\bfw\asian\n009279\0439_01.jpg,data\processed\bfw\asian\n003449\0180_01.jpg,n009279,n003449,asian,asian,females,females,,,0,-0.13561192,30.847345,1.1356119
data\processed\bfw\asian\n000132\0091_01__face_0.jpg,data\processed\bfw\asian\n000132\0693_01__face_0.jpg,n000132,n000132,asian,asian,males,males,,,1,0.37826306,22.176477,0.62173694
data\processed\bfw\asian\n006418\1023_02.jpg,data\processed\bfw\asian\n008934\0050_01.jpg,n006418,n008934,asian,asian,females,females,,,0,0.08947548,27.278765,0.9105245
data\processed\bfw\asian\n006222\0095_02.jpg,data\processed\bfw\asian\n006222\0104_01.jpg,n006222,n006222,asian,asian,females,females,,,1,0.53387886,20.487038,0.46612114
data\processed\bfw\asian\n004725\0001_01.jpg,data\processed\bfw\asian\n004725\0152_01.jpg,n004725,n004725,asian,asian,males,males,,,1,0.35825947,26.350405,0.64174056
data\processed\bfw\asian\n002552\0059_01.jpg,data\processed\bfw\asian\n004936\0757_01.jpg,n002552,n004936,asian,asian,males,females,,,0,0.074058585,27.202578,0.9259414
data\processed\bfw\asian\n005077\0020_01.jpg,data\processed\bfw\asian\n001572\0156_01.jpg,n005077,n001572,asian,asian,females,females,,,0,-0.1494846,28.110872,1.1494846
data\processed\bfw\asian\n004864\0621_01.jpg,data\processed\bfw\asian\n007378\0140_01.jpg,n004864,n007378,asian,asian,females,females,,,0,0.078241184,24.135824,0.92175883
data\processed\bfw\asian\n004721\0021_01.jpg,data\processed\bfw\asian\n004721\0041_01.jpg,n004721,n004721,asian,asian,males,males,,,1,0.5545801,17.145805,0.4454199
data\processed\bfw\asian\n007380\0019_01.jpg,data\processed\bfw\asian\n004221\0169_02.jpg,n007380,n004221,asian,asian,females,males,,,0,0.061690688,30.372002,0.9383093
data\processed\bfw\asian\n009175\0066_01.jpg,data\processed\bfw\asian\n002552\0530_01.jpg,n009175,n002552,asian,asian,females,males,,,0,-0.03237281,26.058819,1.0323728
data\processed\bfw\asian\n000139\0305_02.jpg,data\processed\bfw\asian\n003162\0024_01.jpg,n000139,n003162,asian,asian,females,males,,,0,-0.08510187,33.510815,1.0851018
data\processed\bfw\asian\n004681\0117_01.jpg,data\processed\bfw\asian\n004681\0234_01.jpg,n004681,n004681,asian,asian,males,males,,,1,0.36673328,23.247175,0.6332667
data\processed\bfw\asian\n000143\0045_05.jpg,data\processed\bfw\asian\n004549\0065_01.jpg,n000143,n004549,asian,asian,females,females,,,0,0.075288475,26.442045,0.9247115
data\processed\bfw\asian\n004936\0111_04.jpg,data\processed\bfw\asian\n004936\0469_01.jpg,n004936,n004936,asian,asian,females,females,,,1,0.3612936,24.450747,0.6387064
data\processed\bfw\asian\n009279\0216_01.jpg,data\processed\bfw\asian\n003358\0055_01.jpg,n009279,n003358,asian,asian,females,females,,,0,0.054358434,26.15781,0.9456416
data\processed\bfw\asian\n006159\0180_01.jpg,data\processed\bfw\asian\n000840\0025_01.jpg,n006159,n000840,asian,asian,females,females,,,0,0.039289482,29.470652,0.9607105
data\processed\bfw\asian\n004877\0135_01.jpg,data\processed\bfw\asian\n005216\0242_01.jpg,n004877,n005216,asian,asian,females,females,,,0,0.08431026,25.867071,0.9156897
data\processed\bfw\asian\n009275\0150_01.jpg,data\processed\bfw\asian\n006774\0282_01.jpg,n009275,n006774,asian,asian,females,females,,,0,0.31430373,22.770166,0.68569624
data\processed\bfw\asian\n004948\0106_01.jpg,data\processed\bfw\asian\n004930\0389_01.jpg,n004948,n004930,asian,asian,males,females,,,0,0.20725536,23.677013,0.79274464
data\processed\bfw\asian\n004466\0075_01.jpg,data\processed\bfw\asian\n006633\0056_01.jpg,n004466,n006633,asian,asian,males,females,,,0,-0.07567714,27.813953,1.0756772
data\processed\bfw\asian\n006148\0120_01.jpg,data\processed\bfw\asian\n005446\0141_01.jpg,n006148,n005446,asian,asian,females,females,,,0,0.22511984,22.073557,0.7748802
data\processed\bfw\asian\n000839\0072_01.jpg,data\processed\bfw\asian\n000839\0162_01.jpg,n000839,n000839,asian,asian,females,females,,,1,0.38226095,22.505125,0.6177391
data\processed\bfw\asian\n001496\0239_01.jpg,data\processed\bfw\asian\n006149\0117_01.jpg,n001496,n006149,asian,asian,males,females,,,0,0.031168548,27.968359,0.9688315
data\processed\bfw\asian\n003635\0012_02.jpg,data\processed\bfw\asian\n003635\0449_01.jpg,n003635,n003635,asian,asian,males,males,,,1,0.021512035,28.767267,0.97848797
data\processed\bfw\asian\n004809\0166_04.jpg,data\processed\bfw\asian\n007738\0219_02.jpg,n004809,n007738,asian,asian,males,females,,,0,-0.2046133,28.439842,1.2046133
data\processed\bfw\asian\n003635\0647_01.jpg,data\processed\bfw\asian\n009277\0496_01.jpg,n003635,n009277,asian,asian,males,females,,,0,0.066365436,28.523642,0.9336346
data\processed\bfw\asian\n005063\0297_04.jpg,data\processed\bfw\asian\n003027\0470_01.jpg,n005063,n003027,asian,asian,females,males,,,0,-0.021169513,30.855457,1.0211695
data\processed\bfw\asian\n004860\0040_01.jpg,data\processed\bfw\asian\n004877\0145_01.jpg,n004860,n004877,asian,asian,females,females,,,0,-0.12842311,28.530598,1.1284231
data\processed\bfw\asian\n006774\0075_01.jpg,data\processed\bfw\asian\n006774\0492_02.jpg,n006774,n006774,asian,asian,females,females,,,1,0.12785889,22.00724,0.8721411
data\processed\bfw\asian\n003153\0186_01.jpg,data\processed\bfw\asian\n003153\0287_01.jpg,n003153,n003153,asian,asian,females,females,,,1,0.31869182,20.972004,0.68130815
data\processed\bfw\asian\n004466\0112_01.jpg,data\processed\bfw\asian\n004466\0261_01.jpg,n004466,n004466,asian,asian,males,males,,,1,-0.07103711,27.928349,1.071037
data\processed\bfw\asian\n001864\0192_02.jpg,data\processed\bfw\asian\n004687\0058_01.jpg,n001864,n004687,asian,asian,males,females,,,0,0.065341145,24.670212,0.9346589
data\processed\bfw\asian\n002406\0070_01.jpg,data\processed\bfw\asian\n002406\0176_01.jpg,n002406,n002406,asian,asian,males,males,,,1,0.47131673,19.729027,0.5286833
data\processed\bfw\asian\n004870\0028_10.jpg,data\processed\bfw\asian\n004870\0069_01.jpg,n004870,n004870,asian,asian,females,females,,,1,0.3573191,23.608473,0.6426809
data\processed\bfw\asian\n006159\0083_01.jpg,data\processed\bfw\asian\n006159\0174_01.jpg,n006159,n006159,asian,asian,females,females,,,1,0.5879555,22.000643,0.41204453
data\processed\bfw\asian\n008383\0143_01.jpg,data\processed\bfw\asian\n004221\0158_03.jpg,n008383,n004221,asian,asian,females,males,,,0,0.1071785,29.589602,0.8928215
data\processed\bfw\asian\n003465\0161_02.jpg,data\processed\bfw\asian\n003465\0461_03.jpg,n003465,n003465,asian,asian,males,males,,,1,0.49312106,22.289907,0.506879
data\processed\bfw\asian\n004785\0167_02.jpg,data\processed\bfw\asian\n004785\0183_02.jpg,n004785,n004785,asian,asian,females,females,,,1,0.6887863,16.123016,0.31121367
data\processed\bfw\asian\n004864\0004_01.jpg,data\processed\bfw\asian\n004864\0058_01.jpg,n004864,n004864,asian,asian,females,females,,,1,0.55538785,17.346455,0.44461215
data\processed\bfw\asian\n000132\0400_01__face_0.jpg,data\processed\bfw\asian\n003223\0034_05.jpg,n000132,n003223,asian,asian,males,males,,,0,0.14605133,23.155367,0.85394865
data\processed\bfw\asian\n009041\0037_01.jpg,data\processed\bfw\asian\n000837\0249_01.jpg,n009041,n000837,asian,asian,females,females,,,0,-0.04711449,31.569164,1.0471145
data\processed\bfw\asian\n009294\0110_02.jpg,data\processed\bfw\asian\n000872\0320_01.jpg,n009294,n000872,asian,asian,females,males,,,0,-0.076960646,28.80781,1.0769607
data\processed\bfw\asian\n004935\0165_02.jpg,data\processed\bfw\asian\n004935\0703_01.jpg,n004935,n004935,asian,asian,males,males,,,1,0.5215854,19.865143,0.4784146
data\processed\bfw\asian\n003167\0562_01.jpg,data\processed\bfw\asian\n009294\0084_01.jpg,n003167,n009294,asian,asian,males,females,,,0,0.08242018,25.0946,0.9175798
data\processed\bfw\asian\n009125\0321_01.jpg,data\processed\bfw\asian\n005083\0100_01.jpg,n009125,n005083,asian,asian,females,females,,,0,0.054697752,24.68633,0.94530225
data\processed\bfw\asian\n006126\0293_01.jpg,data\processed\bfw\asian\n006126\0423_01.jpg,n006126,n006126,asian,asian,females,females,,,1,-0.03258471,21.163485,1.0325847
data\processed\bfw\asian\n003506\0115_01.jpg,data\processed\bfw\asian\n000854\0249_01.jpg,n003506,n000854,asian,asian,females,females,,,0,-0.14734523,30.910217,1.1473452
data\processed\bfw\asian\n005177\0012_01.jpg,data\processed\bfw\asian\n005177\0196_01.jpg,n005177,n005177,asian,asian,males,males,,,1,-0.006921924,29.215256,1.0069219
data\processed\bfw\asian\n005116\0143_01.jpg,data\processed\bfw\asian\n008978\0037_01.jpg,n005116,n008978,asian,asian,males,females,,,0,0.060638733,28.308884,0.9393613
data\processed\bfw\asian\n000837\0254_01.jpg,data\processed\bfw\asian\n000856\0285_01.jpg,n000837,n000856,asian,asian,females,females,,,0,0.018205116,26.452932,0.9817949
data\processed\bfw\asian\n000160\0111_01.jpg,data\processed\bfw\asian\n003167\0001_02.jpg,n000160,n003167,asian,asian,females,males,,,0,-0.063488886,31.000093,1.0634888
data\processed\bfw\asian\n006619\0417_01.jpg,data\processed\bfw\asian\n000872\0274_02.jpg,n006619,n000872,asian,asian,females,males,,,0,0.13594623,23.407999,0.8640538
data\processed\bfw\asian\n009279\0265_01.jpg,data\processed\bfw\asian\n009288\0215_02.jpg,n009279,n009288,asian,asian,females,females,,,0,0.18254842,23.434494,0.8174516
data\processed\bfw\asian\n004549\0222_02.jpg,data\processed\bfw\asian\n002644\0303_01.jpg,n004549,n002644,asian,asian,females,males,,,0,0.0032136447,28.288168,0.99678636
data\processed\bfw\asian\n004687\0091_01.jpg,data\processed\bfw\asian\n005069\0234_01.jpg,n004687,n005069,asian,asian,females,females,,,0,0.028681012,25.525543,0.97131896
data\processed\bfw\asian\n004469\0114_01.jpg,data\processed\bfw\asian\n006344\0431_07.jpg,n004469,n006344,asian,asian,males,females,,,0,0.06871484,29.242964,0.93128514
data\processed\bfw\asian\n004467\0186_01.jpg,data\processed\bfw\asian\n009277\0091_01.jpg,n004467,n009277,asian,asian,males,females,,,0,-0.022283662,28.552277,1.0222837
data\processed\bfw\asian\n003355\0234_01.jpg,data\processed\bfw\asian\n006224\0145_04.jpg,n003355,n006224,asian,asian,males,females,,,0,0.114153184,27.992044,0.8858468
data\processed\bfw\asian\n005116\0143_01.jpg,data\processed\bfw\asian\n005116\0442_01.jpg,n005116,n005116,asian,asian,males,males,,,1,0.25886947,23.972233,0.74113053
data\processed\bfw\asian\n002644\0226_01.jpg,data\processed\bfw\asian\n003482\0019_01.jpg,n002644,n003482,asian,asian,males,males,,,0,0.089614965,27.867355,0.910385
data\processed\bfw\asian\n000840\0036_01.jpg,data\processed\bfw\asian\n004785\0183_02.jpg,n000840,n004785,asian,asian,females,females,,,0,0.09833431,27.126728,0.9016657
data\processed\bfw\asian\n009287\0160_01.jpg,data\processed\bfw\asian\n009287\0262_01.jpg,n009287,n009287,asian,asian,females,females,,,1,0.487756,21.63881,0.512244
data\processed\bfw\asian\n005077\0063_01.jpg,data\processed\bfw\asian\n003635\0606_02.jpg,n005077,n003635,asian,asian,females,males,,,0,0.095133826,29.698242,0.90486616
data\processed\bfw\asian\n000160\0350_01.jpg,data\processed\bfw\asian\n000160\0430_01.jpg,n000160,n000160,asian,asian,females,females,,,1,0.3197137,22.726643,0.6802863
data\processed\bfw\asian\n003288\0022_01.jpg,data\processed\bfw\asian\n003288\0230_01.jpg,n003288,n003288,asian,asian,females,females,,,1,0.3944195,20.143219,0.6055805
data\processed\bfw\asian\n009275\0162_01.jpg,data\processed\bfw\asian\n000838\0144_06.jpg,n009275,n000838,asian,asian,females,females,,,0,0.0977644,26.684414,0.9022356
data\processed\bfw\asian\n009294\0036_01.jpg,data\processed\bfw\asian\n009294\0111_02.jpg,n009294,n009294,asian,asian,females,females,,,1,0.40801817,21.787252,0.5919818
data\processed\bfw\asian\n004785\0082_01.jpg,data\processed\bfw\asian\n004785\0125_01.jpg,n004785,n004785,asian,asian,females,females,,,1,0.61054945,19.190763,0.38945055
data\processed\bfw\asian\n003465\0036_01.jpg,data\processed\bfw\asian\n003465\0461_03.jpg,n003465,n003465,asian,asian,males,males,,,1,0.56969273,17.69051,0.43030727
data\processed\bfw\asian\n004108\0190_01.jpg,data\processed\bfw\asian\n004108\0276_01.jpg,n004108,n004108,asian,asian,males,males,,,1,0.2753449,24.16205,0.7246551
data\processed\bfw\asian\n005216\0133_01.jpg,data\processed\bfw\asian\n005216\0212_02.jpg,n005216,n005216,asian,asian,females,females,,,1,0.43010598,21.151157,0.569894
data\processed\bfw\asian\n006149\0018_01.jpg,data\processed\bfw\asian\n006149\0075_01.jpg,n006149,n006149,asian,asian,females,females,,,1,0.5883118,17.063328,0.4116882
data\processed\bfw\asian\n004785\0021_03.jpg,data\processed\bfw\asian\n008934\0053_01.jpg,n004785,n008934,asian,asian,females,females,,,0,0.13327973,27.347246,0.86672026
data\processed\bfw\asian\n000137\0032_01.jpg,data\processed\bfw\asian\n003481\0407_04.jpg,n000137,n003481,asian,asian,females,females,,,0,0.02393226,28.716356,0.9760677
data\processed\bfw\asian\n007814\0057_01.jpg,data\processed\bfw\asian\n007814\0173_03.jpg,n007814,n007814,asian,asian,females,females,,,1,0.40359658,20.9261,0.5964034
data\processed\bfw\asian\n000840\0012_01.jpg,data\processed\bfw\asian\n000840\0023_01.jpg,n000840,n000840,asian,asian,females,females,,,1,0.46220747,19.893156,0.53779256
data\processed\bfw\asian\n001864\0028_01.jpg,data\processed\bfw\asian\n001864\0147_01.jpg,n001864,n001864,asian,asian,males,males,,,1,0.3347513,20.910122,0.6652487
data\processed\bfw\asian\n004549\0275_01.jpg,data\processed\bfw\asian\n004549\0667_01.jpg,n004549,n004549,asian,asian,females,females,,,1,0.3336933,23.12141,0.66630673
data\processed\bfw\asian\n008163\0034_04.jpg,data\processed\bfw\asian\n008163\0239_02.jpg,n008163,n008163,asian,asian,females,females,,,1,0.53951776,21.8984,0.46048224
data\processed\bfw\asian\n004472\0007_01.jpg,data\processed\bfw\asian\n003354\0346_02.jpg,n004472,n003354,asian,asian,females,females,,,0,0.15226622,21.99307,0.8477338
data\processed\bfw\asian\n000837\0009_01.jpg,data\processed\bfw\asian\n000837\0085_01.jpg,n000837,n000837,asian,asian,females,females,,,1,0.496965,19.79773,0.503035
data\processed\bfw\asian\n000873\0042_01.jpg,data\processed\bfw\asian\n000873\0556_01.jpg,n000873,n000873,asian,asian,males,males,,,1,0.10968486,23.446268,0.8903151
data\processed\bfw\asian\n006619\0572_01.jpg,data\processed\bfw\asian\n005072\0258_01.jpg,n006619,n005072,asian,asian,females,males,,,0,-0.07403813,27.077034,1.0740381
data\processed\bfw\asian\n002775\0069_01.jpg,data\processed\bfw\asian\n004870\0070_02.jpg,n002775,n004870,asian,asian,males,females,,,0,0.066809446,29.583324,0.9331906
data\processed\bfw\asian\n000872\0203_01.jpg,data\processed\bfw\asian\n007738\0059_01.jpg,n000872,n007738,asian,asian,males,females,,,0,-0.040056404,28.184637,1.0400563
data\processed\bfw\asian\n008401\0228_01.jpg,data\processed\bfw\asian\n008401\0353_02.jpg,n008401,n008401,asian,asian,females,females,,,1,0.4288949,20.641388,0.5711051
data\processed\bfw\asian\n002775\0074_01.jpg,data\processed\bfw\asian\n009287\0175_01.jpg,n002775,n009287,asian,asian,males,females,,,0,-0.0933011,33.25744,1.093301
data\processed\bfw\asian\n009148\0051_01.jpg,data\processed\bfw\asian\n009148\0078_01.jpg,n009148,n009148,asian,asian,females,females,,,1,0.4568976,21.970272,0.5431024
data\processed\bfw\asian\n003481\0053_02.jpg,data\processed\bfw\asian\n003481\0215_01.jpg,n003481,n003481,asian,asian,females,females,,,1,0.40328974,21.629301,0.59671026
data\processed\bfw\asian\n003153\0186_01.jpg,data\processed\bfw\asian\n003153\0470_01.jpg,n003153,n003153,asian,asian,females,females,,,1,0.08725051,22.234396,0.91274947
data\processed\bfw\asian\n003354\0036_01.jpg,data\processed\bfw\asian\n003354\0068_01.jpg,n003354,n003354,asian,asian,females,females,,,1,0.3689927,22.167955,0.6310073
data\processed\bfw\asian\n007089\0058_01.jpg,data\processed\bfw\asian\n004469\0108_02.jpg,n007089,n004469,asian,asian,females,males,,,0,0.035508767,30.524853,0.96449125
data\processed\bfw\asian\n003491\0086_01.jpg,data\processed\bfw\asian\n003491\0115_03.jpg,n003491,n003491,asian,asian,males,males,,,1,0.12789507,25.836166,0.87210494
data\processed\bfw\asian\n009287\0030_01.jpg,data\processed\bfw\asian\n000161\0241_01.jpg,n009287,n000161,asian,asian,females,males,,,0,-0.061163753,30.422316,1.0611638
data\processed\bfw\asian\n007899\0222_01.jpg,data\processed\bfw\asian\n002320\0171_01.jpg,n007899,n002320,asian,asian,females,males,,,0,0.07239307,29.231884,0.92760694
data\processed\bfw\asian\n004686\0023_01.jpg,data\processed\bfw\asian\n004686\0302_01.jpg,n004686,n004686,asian,asian,males,males,,,1,0.56356937,20.132458,0.43643063
data\processed\bfw\asian\n005446\0037_01.jpg,data\processed\bfw\asian\n005446\0051_01.jpg,n005446,n005446,asian,asian,females,females,,,1,0.5589577,15.302389,0.4410423
data\processed\bfw\asian\n003463\0367_01.jpg,data\processed\bfw\asian\n006159\0265_01.jpg,n003463,n006159,asian,asian,males,females,,,0,0.033662688,26.637123,0.9663373
data\processed\bfw\asian\n000138\0188_01.jpg,data\processed\bfw\asian\n000138\0213_01.jpg,n000138,n000138,asian,asian,females,females,,,1,0.34922743,23.22149,0.6507726
data\processed\bfw\asian\n003557\0118_01.jpg,data\processed\bfw\asian\n004870\0144_01.jpg,n003557,n004870,asian,asian,females,females,,,0,-0.01431374,26.848997,1.0143137
data\processed\bfw\asian\n004109\0131_01.jpg,data\processed\bfw\asian\n007385\0691_01.jpg,n004109,n007385,asian,asian,males,females,,,0,0.08508012,30.15263,0.91491985
data\processed\bfw\asian\n005378\0234_02.jpg,data\processed\bfw\asian\n005378\0388_01.jpg,n005378,n005378,asian,asian,females,females,,,1,-0.021924037,28.691154,1.021924
data\processed\bfw\asian\n009103\0217_02.jpg,data\processed\bfw\asian\n000161\0038_01.jpg,n009103,n000161,asian,asian,females,males,,,0,-0.0456543,27.489336,1.0456543
data\processed\bfw\asian\n005177\0012_01.jpg,data\processed\bfw\asian\n005177\0075_01.jpg,n005177,n005177,asian,asian,males,males,,,1,0.69046175,16.119839,0.30953825
data\processed\bfw\asian\n000436\0156_02.jpg,data\processed\bfw\asian\n004681\0133_01.jpg,n000436,n004681,asian,asian,males,males,,,0,-0.07988331,31.035213,1.0798833
data\processed\bfw\asian\n004800\0013_01.jpg,data\processed\bfw\asian\n004800\0111_01.jpg,n004800,n004800,asian,asian,males,males,,,1,0.33625412,21.071009,0.6637459
data\processed\bfw\asian\n002509\0104_02.jpg,data\processed\bfw\asian\n007738\0440_01.jpg,n002509,n007738,asian,asian,females,females,,,0,-0.08910794,23.270119,1.089108
data\processed\bfw\asian\n004725\0118_02.jpg,data\processed\bfw\asian\n006736\0203_01.jpg,n004725,n006736,asian,asian,males,females,,,0,0.0009786492,31.221117,0.99902135
data\processed\bfw\asian\n004948\0401_02.jpg,data\processed\bfw\asian\n006148\0074_01.jpg,n004948,n006148,asian,asian,males,females,,,0,0.1646926,21.505941,0.8353074
data\processed\bfw\asian\n003467\0096_01.jpg,data\processed\bfw\asian\n003467\0395_01.jpg,n003467,n003467,asian,asian,females,females,,,1,0.34919423,22.099741,0.6508058
data\processed\bfw\asian\n007378\0479_01.jpg,data\processed\bfw\asian\n006125\0204_01.jpg,n007378,n006125,asian,asian,females,females,,,0,0.1805097,22.641127,0.8194903
data\processed\bfw\asian\n004786\0021_01.jpg,data\processed\bfw\asian\n004786\0795_01.jpg,n004786,n004786,asian,asian,females,females,,,1,0.43212572,19.721123,0.5678743
data\processed\bfw\asian\n005077\0002_01.jpg,data\processed\bfw\asian\n005077\0005_01.jpg,n005077,n005077,asian,asian,females,females,,,1,0.57859355,16.727322,0.42140645
data\processed\bfw\asian\n003155\0178_01.jpg,data\processed\bfw\asian\n009287\0262_01.jpg,n003155,n009287,asian,asian,males,females,,,0,0.07014176,31.824305,0.9298582
data\processed\bfw\asian\n003167\0042_18.jpg,data\processed\bfw\asian\n006149\0002_01.jpg,n003167,n006149,asian,asian,males,females,,,0,0.029415378,29.628899,0.97058463
data\processed\bfw\asian\n003153\0250_01.jpg,data\processed\bfw\asian\n000840\0130_08.jpg,n003153,n000840,asian,asian,females,females,,,0,-0.011718081,28.475914,1.011718
data\processed\bfw\asian\n001496\0171_01.jpg,data\processed\bfw\asian\n001496\0608_01.jpg,n001496,n001496,asian,asian,males,males,,,1,0.62038916,19.47546,0.37961084
data\processed\bfw\asian\n007089\0121_01.jpg,data\processed\bfw\asian\n007089\0229_01.jpg,n007089,n007089,asian,asian,females,females,,,1,0.16679768,24.531906,0.8332023
data\processed\bfw\asian\n009042\0026_01.jpg,data\processed\bfw\asian\n009042\0098_05.jpg,n009042,n009042,asian,asian,females,females,,,1,0.66516525,17.557585,0.33483475
data\processed\bfw\asian\n004864\0057_01.jpg,data\processed\bfw\asian\n004864\0179_01.jpg,n004864,n004864,asian,asian,females,females,,,1,0.3262733,21.364077,0.6737267
data\processed\bfw\asian\n005474\0062_01.jpg,data\processed\bfw\asian\n005474\0342_02.jpg,n005474,n005474,asian,asian,females,females,,,1,0.07999584,24.082787,0.9200041
data\processed\bfw\asian\n006126\0012_01.jpg,data\processed\bfw\asian\n006126\0055_01.jpg,n006126,n006126,asian,asian,females,females,,,1,0.39671868,18.78505,0.6032813
data\processed\bfw\asian\n004870\0264_01.jpg,data\processed\bfw\asian\n000837\0085_01.jpg,n004870,n000837,asian,asian,females,females,,,0,0.026947685,28.687109,0.9730523
data\processed\bfw\asian\n006634\0033_01.jpg,data\processed\bfw\asian\n006634\0434_01.jpg,n006634,n006634,asian,asian,females,females,,,1,-0.004378625,30.754154,1.0043787
data\processed\bfw\asian\n004687\0268_01.jpg,data\processed\bfw\asian\n004687\0295_01.jpg,n004687,n004687,asian,asian,females,females,,,1,0.32562116,21.730679,0.6743789
data\processed\bfw\asian\n000856\0079_01.jpg,data\processed\bfw\asian\n003153\0610_04.jpg,n000856,n003153,asian,asian,females,females,,,0,-0.0908787,30.096695,1.0908787
data\processed\bfw\asian\n004930\0103_01.jpg,data\processed\bfw\asian\n004680\0185_01.jpg,n004930,n004680,asian,asian,females,females,,,0,0.0595489,26.964323,0.9404511
data\processed\bfw\asian\n000132\0332_01__face_0.jpg,data\processed\bfw\asian\n007816\0272_01.jpg,n000132,n007816,asian,asian,males,females,,,0,0.09062757,25.304224,0.90937245
data\processed\bfw\asian\n005177\0023_01.jpg,data\processed\bfw\asian\n004681\0266_02.jpg,n005177,n004681,asian,asian,males,males,,,0,0.041513115,27.800089,0.9584869
data\processed\bfw\asian\n009175\0073_01.jpg,data\processed\bfw\asian\n003156\0073_02.jpg,n009175,n003156,asian,asian,females,males,,,0,0.0055016344,31.83122,0.9944984
data\processed\bfw\asian\n002406\0614_01.jpg,data\processed\bfw\asian\n005177\0012_01.jpg,n002406,n005177,asian,asian,males,males,,,0,0.041560095,26.50106,0.9584399
data\processed\bfw\asian\n004930\0046_01.jpg,data\processed\bfw\asian\n004930\0236_01.jpg,n004930,n004930,asian,asian,females,females,,,1,0.35504305,20.953295,0.64495695
data\processed\bfw\asian\n004680\0131_01.jpg,data\processed\bfw\asian\n004680\0185_01.jpg,n004680,n004680,asian,asian,females,females,,,1,0.30506432,23.271854,0.6949357
data\processed\bfw\asian\n000135\0013_02.jpg,data\processed\bfw\asian\n000135\0082_02.jpg,n000135,n000135,asian,asian,females,females,,,1,0.56029665,19.123997,0.43970335
data\processed\bfw\asian\n002406\0156_01.jpg,data\processed\bfw\asian\n000839\0081_01.jpg,n002406,n000839,asian,asian,males,females,,,0,0.053412557,27.279613,0.94658744
data\processed\bfw\asian\n009278\0012_01.jpg,data\processed\bfw\asian\n009278\0039_02.jpg,n009278,n009278,asian,asian,females,females,,,1,0.49493635,19.65537,0.50506365
data\processed\bfw\asian\n002775\0166_02.jpg,data\processed\bfw\asian\n002644\0231_02.jpg,n002775,n002644,asian,asian,males,males,,,0,0.082480244,25.631008,0.91751975
data\processed\bfw\asian\n009125\0172_01.jpg,data\processed\bfw\asian\n007738\0017_01.jpg,n009125,n007738,asian,asian,females,females,,,0,-0.022228496,28.705608,1.0222285
data\processed\bfw\asian\n003533\0067_01.jpg,data\processed\bfw\asian\n007385\0469_01.jpg,n003533,n007385,asian,asian,males,females,,,0,0.055563275,27.73927,0.9444367
data\processed\bfw\asian\n005474\0769_01.jpg,data\processed\bfw\asian\n005072\0173_01.jpg,n005474,n005072,asian,asian,females,males,,,0,0.03464392,27.32341,0.9653561
data\processed\bfw\asian\n003491\0047_04.jpg,data\processed\bfw\asian\n001682\0031_01.jpg,n003491,n001682,asian,asian,males,males,,,0,0.05538666,30.193752,0.94461334
data\processed\bfw\asian\n002509\0157_01.jpg,data\processed\bfw\asian\n005474\0162_02.jpg,n002509,n005474,asian,asian,females,females,,,0,-0.012933571,27.583355,1.0129336
data\processed\bfw\asian\n003463\0104_01.jpg,data\processed\bfw\asian\n007816\0543_01.jpg,n003463,n007816,asian,asian,males,females,,,0,0.25597712,19.990055,0.74402285
data\processed\bfw\asian\n004935\0688_01.jpg,data\processed\bfw\asian\n000160\0338_01.jpg,n004935,n000160,asian,asian,males,females,,,0,0.075710386,25.526031,0.9242896
data\processed\bfw\asian\n005378\0147_01.jpg,data\processed\bfw\asian\n005378\0176_01.jpg,n005378,n005378,asian,asian,females,females,,,1,0.36263767,20.629038,0.63736236
data\processed\bfw\asian\n009279\0021_01.jpg,data\processed\bfw\asian\n009279\0185_01.jpg,n009279,n009279,asian,asian,females,females,,,1,0.3882812,21.082727,0.6117188
data\processed\bfw\asian\n009041\0118_01.jpg,data\processed\bfw\asian\n003824\0026_01.jpg,n009041,n003824,asian,asian,females,females,,,0,0.16391501,27.06698,0.83608496
data\processed\bfw\asian\n002509\0041_01.jpg,data\processed\bfw\asian\n002509\0319_01.jpg,n002509,n002509,asian,asian,females,females,,,1,0.4370418,21.668915,0.56295824
data\processed\bfw\asian\n000838\0040_02.jpg,data\processed\bfw\asian\n004860\0156_01.jpg,n000838,n004860,asian,asian,females,females,,,0,0.065502465,29.752365,0.93449754
data\processed\bfw\asian\n003223\0143_01.jpg,data\processed\bfw\asian\n004805\0083_01.jpg,n003223,n004805,asian,asian,males,males,,,0,-0.013604051,26.862446,1.013604
data\processed\bfw\asian\n003223\0185_01.jpg,data\processed\bfw\asian\n004787\0418_02.jpg,n003223,n004787,asian,asian,males,females,,,0,-0.10565142,28.363293,1.1056514
data\processed\bfw\asian\n004686\0055_01.jpg,data\processed\bfw\asian\n004686\0064_01.jpg,n004686,n004686,asian,asian,males,males,,,1,0.45928034,22.042036,0.5407196
data\processed\bfw\asian\n005116\0150_01.jpg,data\processed\bfw\asian\n005071\0196_01.jpg,n005116,n005071,asian,asian,males,males,,,0,0.19795597,24.688547,0.80204403
data\processed\bfw\asian\n006149\0139_02.jpg,data\processed\bfw\asian\n004800\0526_01.jpg,n006149,n004800,asian,asian,females,males,,,0,-0.046027984,26.10222,1.046028
data\processed\bfw\asian\n000872\0026_03.jpg,data\processed\bfw\asian\n002552\0530_01.jpg,n000872,n002552,asian,asian,males,males,,,0,0.00357397,25.447382,0.99642605
data\processed\bfw\asian\n007089\0011_04.jpg,data\processed\bfw\asian\n007089\0066_01.jpg,n007089,n007089,asian,asian,females,females,,,1,0.60550314,19.835114,0.39449686
data\processed\bfw\asian\n003354\0047_01.jpg,data\processed\bfw\asian\n005446\0144_01.jpg,n003354,n005446,asian,asian,females,females,,,0,-0.022196973,26.600054,1.022197
data\processed\bfw\asian\n000160\0075_01.jpg,data\processed\bfw\asian\n000160\0105_01.jpg,n000160,n000160,asian,asian,females,females,,,1,0.33974358,20.684515,0.6602564
data\processed\bfw\asian\n006774\0391_01.jpg,data\processed\bfw\asian\n006736\0438_01.jpg,n006774,n006736,asian,asian,females,females,,,0,0.120529436,21.615911,0.8794706
data\processed\bfw\asian\n009177\0606_02.jpg,data\processed\bfw\asian\n009177\0626_01.jpg,n009177,n009177,asian,asian,females,females,,,1,0.27339533,22.449205,0.7266047
data\processed\bfw\asian\n004948\0004_02.jpg,data\processed\bfw\asian\n004948\0401_02.jpg,n004948,n004948,asian,asian,males,males,,,1,-0.09383319,30.755314,1.0938332
data\processed\bfw\asian\n004936\0304_02.jpg,data\processed\bfw\asian\n005083\0021_01.jpg,n004936,n005083,asian,asian,females,females,,,0,0.12440322,24.02007,0.87559676
data\processed\bfw\asian\n006634\0114_01.jpg,data\processed\bfw\asian\n006634\0434_01.jpg,n006634,n006634,asian,asian,females,females,,,1,0.124838546,26.818916,0.87516147
data\processed\bfw\asian\n006159\0073_01.jpg,data\processed\bfw\asian\n006159\0178_01.jpg,n006159,n006159,asian,asian,females,females,,,1,0.45943004,23.818403,0.54056996
data\processed\bfw\asian\n009275\0049_01.jpg,data\processed\bfw\asian\n009275\0397_05.jpg,n009275,n009275,asian,asian,females,females,,,1,-0.04007274,28.692762,1.0400727
data\processed\bfw\asian\n000838\0249_01.jpg,data\processed\bfw\asian\n000838\0251_02.jpg,n000838,n000838,asian,asian,females,females,,,1,0.3660642,24.19521,0.6339358
data\processed\bfw\asian\n003223\0059_03.jpg,data\processed\bfw\asian\n000839\0454_01.jpg,n003223,n000839,asian,asian,males,females,,,0,-0.06904788,25.203625,1.0690479
data\processed\bfw\asian\n008401\0389_01.jpg,data\processed\bfw\asian\n003491\0114_03.jpg,n008401,n003491,asian,asian,females,males,,,0,-0.15814386,29.925013,1.1581439
data\processed\bfw\asian\n004221\0075_01.jpg,data\processed\bfw\asian\n006736\0099_01.jpg,n004221,n006736,asian,asian,males,females,,,0,-0.14336644,29.441156,1.1433665
data\processed\bfw\asian\n009042\0036_01.jpg,data\processed\bfw\asian\n000160\0182_01.jpg,n009042,n000160,asian,asian,females,females,,,0,-0.02265306,30.005627,1.0226531
data\processed\bfw\asian\n009276\0049_01.jpg,data\processed\bfw\asian\n009276\0361_01.jpg,n009276,n009276,asian,asian,females,females,,,1,-0.09746526,26.019798,1.0974653
data\processed\bfw\asian\n004686\0030_01.jpg,data\processed\bfw\asian\n004686\0282_01.jpg,n004686,n004686,asian,asian,males,males,,,1,0.45578945,22.800701,0.54421055
data\processed\bfw\asian\n004467\0186_01.jpg,data\processed\bfw\asian\n004467\0677_01.jpg,n004467,n004467,asian,asian,males,males,,,1,0.34436256,21.991976,0.65563744
data\processed\bfw\asian\n001562\0159_02.jpg,data\processed\bfw\asian\n004469\0108_02.jpg,n001562,n004469,asian,asian,males,males,,,0,0.15665904,29.801985,0.843341
data\processed\bfw\asian\n006418\0023_01.jpg,data\processed\bfw\asian\n006418\0140_02.jpg,n006418,n006418,asian,asian,females,females,,,1,-0.06867425,27.697405,1.0686742
data\processed\bfw\asian\n004948\0057_01.jpg,data\processed\bfw\asian\n004948\0401_02.jpg,n004948,n004948,asian,asian,males,males,,,1,-0.0011475246,29.207914,1.0011475
data\processed\bfw\asian\n000838\0076_01.jpg,data\processed\bfw\asian\n000838\0500_01.jpg,n000838,n000838,asian,asian,females,females,,,1,0.12899923,28.762999,0.87100077
data\processed\bfw\asian\n000148\0306_01.jpg,data\processed\bfw\asian\n007664\0045_01.jpg,n000148,n007664,asian,asian,females,females,,,0,0.10538189,24.975582,0.8946181
data\processed\bfw\asian\n003354\0124_01.jpg,data\processed\bfw\asian\n003354\0243_01.jpg,n003354,n003354,asian,asian,females,females,,,1,0.239211,20.759361,0.76078904
data\processed\bfw\asian\n006149\0018_01.jpg,data\processed\bfw\asian\n006149\0022_01.jpg,n006149,n006149,asian,asian,females,females,,,1,0.49317586,17.358875,0.50682414
data\processed\bfw\asian\n003463\0127_01.jpg,data\processed\bfw\asian\n000839\0163_01.jpg,n003463,n000839,asian,asian,males,females,,,0,-0.008228064,29.785269,1.0082281
data\processed\bfw\asian\n000856\0104_01.jpg,data\processed\bfw\asian\n009177\0011_01.jpg,n000856,n009177,asian,asian,females,females,,,0,-0.02601218,25.20614,1.0260122
data\processed\bfw\asian\n002509\0005_02.jpg,data\processed\bfw\asian\n002509\0432_01.jpg,n002509,n002509,asian,asian,females,females,,,1,0.6214975,18.561218,0.3785025
data\processed\bfw\asian\n008383\0090_01.jpg,data\processed\bfw\asian\n008383\0244_02.jpg,n008383,n008383,asian,asian,females,females,,,1,0.52462524,20.474485,0.47537476
data\processed\bfw\asian\n004785\0357_02.jpg,data\processed\bfw\asian\n004785\0493_01.jpg,n004785,n004785,asian,asian,females,females,,,1,0.35679924,19.210255,0.64320076
data\processed\bfw\asian\n009175\0043_01.jpg,data\processed\bfw\asian\n007385\0056_07.jpg,n009175,n007385,asian,asian,females,females,,,0,0.08103368,28.244158,0.9189663
data\processed\bfw\asian\n004549\0018_01.jpg,data\processed\bfw\asian\n004786\0173_01.jpg,n004549,n004786,asian,asian,females,females,,,0,0.029701278,28.114264,0.9702987
data\processed\bfw\asian\n003288\0573_01.jpg,data\processed\bfw\asian\n005085\0679_01.jpg,n003288,n005085,asian,asian,females,females,,,0,0.2204681,20.937056,0.7795319
data\processed\bfw\asian\n004109\0070_01.jpg,data\processed\bfw\asian\n000137\0082_02.jpg,n004109,n000137,asian,asian,males,females,,,0,0.03929626,33.27363,0.96070373
data\processed\bfw\asian\n000158\0133_01.jpg,data\processed\bfw\asian\n000135\0036_01.jpg,n000158,n000135,asian,asian,males,females,,,0,-0.04187758,28.798542,1.0418776
data\processed\bfw\asian\n003155\0261_01.jpg,data\processed\bfw\asian\n003155\1012_07.jpg,n003155,n003155,asian,asian,males,males,,,1,0.094478056,29.561388,0.9055219
data\processed\bfw\asian\n003467\0405_01.jpg,data\processed\bfw\asian\n004108\0131_01.jpg,n003467,n004108,asian,asian,females,males,,,0,0.0032089064,24.614065,0.99679106
data\processed\bfw\asian\n007385\0086_01.jpg,data\processed\bfw\asian\n007385\0432_01.jpg,n007385,n007385,asian,asian,females,females,,,1,0.37259263,18.744385,0.6274074
data\processed\bfw\asian\n006148\0607_02.jpg,data\processed\bfw\asian\n006619\0342_01.jpg,n006148,n006619,asian,asian,females,females,,,0,-0.012792534,29.093452,1.0127926
data\processed\bfw\asian\n005072\0254_01.jpg,data\processed\bfw\asian\n008978\0101_01.jpg,n005072,n008978,asian,asian,males,females,,,0,0.04136624,28.736624,0.9586338
data\processed\bfw\asian\n006774\0048_01.jpg,data\processed\bfw\asian\n006774\0119_01.jpg,n006774,n006774,asian,asian,females,females,,,1,0.57247746,18.919565,0.42752254
data\processed\bfw\asian\n003482\0716_02.jpg,data\processed\bfw\asian\n000135\0119_01.jpg,n003482,n000135,asian,asian,males,females,,,0,-0.108126745,30.91517,1.1081268
data\processed\bfw\asian\n000148\0317_02.jpg,data\processed\bfw\asian\n004687\0102_01.jpg,n000148,n004687,asian,asian,females,females,,,0,-0.02582244,26.016714,1.0258224
data\processed\bfw\asian\n004472\0057_02.jpg,data\processed\bfw\asian\n004870\0129_01.jpg,n004472,n004870,asian,asian,females,females,,,0,0.10265541,26.425072,0.8973446
data\processed\bfw\asian\n001864\0092_01.jpg,data\processed\bfw\asian\n005378\0128_01.jpg,n001864,n005378,asian,asian,males,females,,,0,0.13689305,26.688229,0.86310697
data\processed\bfw\asian\n005069\0046_06.jpg,data\processed\bfw\asian\n005069\0062_01.jpg,n005069,n005069,asian,asian,females,females,,,1,0.4072454,21.220676,0.5927546
data\processed\bfw\asian\n003355\0089_01.jpg,data\processed\bfw\asian\n003355\0485_01.jpg,n003355,n003355,asian,asian,males,males,,,1,0.3206214,22.5841,0.6793786
data\processed\bfw\asian\n004930\0106_01.jpg,data\processed\bfw\asian\n004930\0144_02.jpg,n004930,n004930,asian,asian,females,females,,,1,0.3236557,25.909307,0.6763443
data\processed\bfw\asian\n006222\0095_02.jpg,data\processed\bfw\asian\n006224\0145_04.jpg,n006222,n006224,asian,asian,females,females,,,0,-0.07160216,29.78321,1.0716021
data\processed\bfw\asian\n003167\0029_01.jpg,data\processed\bfw\asian\n003167\0045_01.jpg,n003167,n003167,asian,asian,males,males,,,1,0.78809214,13.778141,0.21190786
data\processed\bfw\asian\n007089\0144_02.jpg,data\processed\bfw\asian\n007089\0229_01.jpg,n007089,n007089,asian,asian,females,females,,,1,0.26667535,23.728918,0.73332465
data\processed\bfw\asian\n000161\0119_02.jpg,data\processed\bfw\asian\n004948\0057_01.jpg,n000161,n004948,asian,asian,males,males,,,0,0.016474495,31.332495,0.9835255
data\processed\bfw\asian\n006126\0054_01.jpg,data\processed\bfw\asian\n006126\0105_01.jpg,n006126,n006126,asian,asian,females,females,,,1,0.45702612,19.088102,0.5429739
data\processed\bfw\asian\n000838\0044_01.jpg,data\processed\bfw\asian\n009294\0031_03.jpg,n000838,n009294,asian,asian,females,females,,,0,0.042017333,31.97757,0.95798266
data\processed\bfw\asian\n000138\0087_03.jpg,data\processed\bfw\asian\n005474\0118_02.jpg,n000138,n005474,asian,asian,females,females,,,0,0.1030934,24.912277,0.8969066
data\processed\bfw\asian\n000160\0139_01.jpg,data\processed\bfw\asian\n004680\0053_01.jpg,n000160,n004680,asian,asian,females,females,,,0,-0.109865166,24.928844,1.1098652
data\processed\bfw\asian\n001976\0119_01.jpg,data\processed\bfw\asian\n001976\0665_02.jpg,n001976,n001976,asian,asian,males,males,,,1,0.26332656,20.807129,0.7366735
data\processed\bfw\asian\n005116\0442_01.jpg,data\processed\bfw\asian\n003358\0080_01.jpg,n005116,n003358,asian,asian,males,females,,,0,-0.11273525,26.674208,1.1127353
data\processed\bfw\asian\n006736\0178_02.jpg,data\processed\bfw\asian\n006736\0273_03.jpg,n006736,n006736,asian,asian,females,females,,,1,0.41551983,21.783339,0.58448017
data\processed\bfw\asian\n006633\0288_01.jpg,data\processed\bfw\asian\n009288\0175_01.jpg,n006633,n009288,asian,asian,females,females,,,0,0.19494872,24.112022,0.80505127
data\processed\bfw\asian\n000856\0046_01.jpg,data\processed\bfw\asian\n000856\0285_01.jpg,n000856,n000856,asian,asian,females,females,,,1,0.3994175,21.366673,0.6005825
data\processed\bfw\asian\n005116\0150_01.jpg,data\processed\bfw\asian\n005116\0270_01.jpg,n005116,n005116,asian,asian,males,males,,,1,0.42067516,20.176664,0.57932484
data\processed\bfw\asian\n000135\0013_02.jpg,data\processed\bfw\asian\n000135\0036_01.jpg,n000135,n000135,asian,asian,females,females,,,1,0.5510747,18.739304,0.44892532
data\processed\bfw\asian\n003467\0096_01.jpg,data\processed\bfw\asian\n006148\0074_01.jpg,n003467,n006148,asian,asian,females,females,,,0,0.08380555,24.4281,0.91619444
data\processed\bfw\asian\n008383\0126_02.jpg,data\processed\bfw\asian\n008383\0251_01.jpg,n008383,n008383,asian,asian,females,females,,,1,0.17308968,24.661972,0.8269103
data\processed\bfw\asian\n008383\0193_12.jpg,data\processed\bfw\asian\n009279\0193_01.jpg,n008383,n009279,asian,asian,females,females,,,0,-0.0034641258,27.29563,1.0034641
data\processed\bfw\asian\n003506\0136_02.jpg,data\processed\bfw\asian\n003506\0177_01.jpg,n003506,n003506,asian,asian,females,females,,,1,0.44760612,19.59595,0.5523939
data\processed\bfw\asian\n000856\0026_01.jpg,data\processed\bfw\asian\n004864\0045_01.jpg,n000856,n004864,asian,asian,females,females,,,0,0.019803206,28.007542,0.9801968
data\processed\bfw\asian\n003533\0067_01.jpg,data\processed\bfw\asian\n003533\0573_01.jpg,n003533,n003533,asian,asian,males,males,,,1,0.63850707,17.938395,0.36149293
data\processed\bfw\asian\n004109\0172_01.jpg,data\processed\bfw\asian\n005071\0334_01.jpg,n004109,n005071,asian,asian,males,males,,,0,0.1419579,24.72568,0.8580421
data\processed\bfw\asian\n003162\0246_01.jpg,data\processed\bfw\asian\n003467\0030_01.jpg,n003162,n003467,asian,asian,males,females,,,0,-0.058139578,28.74487,1.0581396
data\processed\bfw\asian\n006224\0160_01.jpg,data\processed\bfw\asian\n005072\0001_03.jpg,n006224,n005072,asian,asian,females,males,,,0,0.034216374,27.248714,0.9657836
data\processed\bfw\asian\n003506\0115_01.jpg,data\processed\bfw\asian\n003506\0324_01.jpg,n003506,n003506,asian,asian,females,females,,,1,0.37908724,24.309986,0.6209128
data\processed\bfw\asian\n000856\0075_01.jpg,data\processed\bfw\asian\n000856\0285_01.jpg,n000856,n000856,asian,asian,females,females,,,1,0.2980274,21.119915,0.7019726
data\processed\bfw\asian\n008978\0097_02.jpg,data\processed\bfw\asian\n005116\0086_01.jpg,n008978,n005116,asian,asian,females,males,,,0,0.11435483,27.344986,0.88564515
data\processed\bfw\asian\n003156\0068_01.jpg,data\processed\bfw\asian\n003162\0186_01.jpg,n003156,n003162,asian,asian,males,males,,,0,0.006101113,28.43363,0.99389887
data\processed\bfw\asian\n009276\0159_02.jpg,data\processed\bfw\asian\n004785\0493_01.jpg,n009276,n004785,asian,asian,females,females,,,0,0.17472284,23.692226,0.82527715
data\processed\bfw\asian\n003223\0034_05.jpg,data\processed\bfw\asian\n003824\0085_02.jpg,n003223,n003824,asian,asian,males,females,,,0,0.061598584,26.917313,0.9384014
data\processed\bfw\asian\n004680\0185_01.jpg,data\processed\bfw\asian\n001562\0198_02.jpg,n004680,n001562,asian,asian,females,males,,,0,-0.12928966,29.226336,1.1292896
data\processed\bfw\asian\n000838\0058_01.jpg,data\processed\bfw\asian\n000838\0251_02.jpg,n000838,n000838,asian,asian,females,females,,,1,0.43032417,24.798689,0.5696758
data\processed\bfw\asian\n004935\0287_01.jpg,data\processed\bfw\asian\n004935\0548_01.jpg,n004935,n004935,asian,asian,males,males,,,1,0.28395173,20.188646,0.71604824
data\processed\bfw\asian\n009177\0053_02.jpg,data\processed\bfw\asian\n003153\0215_01.jpg,n009177,n003153,asian,asian,females,females,,,0,-0.0057877684,27.072495,1.0057877
data\processed\bfw\asian\n006148\0195_01.jpg,data\processed\bfw\asian\n006148\0339_01.jpg,n006148,n006148,asian,asian,females,females,,,1,0.37793356,23.752058,0.62206644
data\processed\bfw\asian\n005177\0013_01.jpg,data\processed\bfw\asian\n005177\0062_01.jpg,n005177,n005177,asian,asian,males,males,,,1,0.68717474,15.670657,0.31282526
data\processed\bfw\asian\n003557\0013_01.jpg,data\processed\bfw\asian\n003481\0215_01.jpg,n003557,n003481,asian,asian,females,females,,,0,-0.10163495,26.393305,1.101635
data\processed\bfw\asian\n000132\0048_08__face_0.jpg,data\processed\bfw\asian\n000132\0112_01__face_0.jpg,n000132,n000132,asian,asian,males,males,,,1,0.339992,23.392109,0.660008
data\processed\bfw\asian\n008148\0013_01.jpg,data\processed\bfw\asian\n008148\0389_02.jpg,n008148,n008148,asian,asian,females,females,,,1,0.23426437,20.893976,0.7657356
data\processed\bfw\asian\n004687\0268_01.jpg,data\processed\bfw\asian\n009279\0185_01.jpg,n004687,n009279,asian,asian,females,females,,,0,0.022326125,24.952461,0.9776739
data\processed\bfw\asian\n005216\0059_01.jpg,data\processed\bfw\asian\n005216\0119_01.jpg,n005216,n005216,asian,asian,females,females,,,1,0.5723633,17.462957,0.42763668
data\processed\bfw\asian\n000854\0275_01.jpg,data\processed\bfw\asian\n003824\0015_01.jpg,n000854,n003824,asian,asian,females,females,,,0,-0.044744037,28.991838,1.044744
data\processed\bfw\asian\n004794\0644_01.jpg,data\processed\bfw\asian\n004800\0245_01.jpg,n004794,n004800,asian,asian,males,males,,,0,0.042954765,25.130388,0.95704526
data\processed\bfw\asian\n004930\0236_01.jpg,data\processed\bfw\asian\n004864\0057_01.jpg,n004930,n004864,asian,asian,females,females,,,0,0.13994609,23.84885,0.8600539
data\processed\bfw\asian\n005446\0012_01.jpg,data\processed\bfw\asian\n005446\0265_01.jpg,n005446,n005446,asian,asian,females,females,,,1,0.4640584,16.86286,0.5359416
data\processed\bfw\asian\n004721\0041_01.jpg,data\processed\bfw\asian\n004721\0283_01.jpg,n004721,n004721,asian,asian,males,males,,,1,0.023685133,27.747648,0.97631484
data\processed\bfw\asian\n000839\0120_01.jpg,data\processed\bfw\asian\n000839\0454_01.jpg,n000839,n000839,asian,asian,females,females,,,1,0.56080943,17.33887,0.43919057
data\processed\bfw\asian\n004466\0003_01.jpg,data\processed\bfw\asian\n004466\0131_01.jpg,n004466,n004466,asian,asian,males,males,,,1,0.29326147,23.284266,0.70673853
data\processed\bfw\asian\n005063\0068_01.jpg,data\processed\bfw\asian\n005063\0297_04.jpg,n005063,n005063,asian,asian,females,females,,,1,0.047144543,29.737879,0.95285547
data\processed\bfw\asian\n005071\0260_01.jpg,data\processed\bfw\asian\n005071\0280_01.jpg,n005071,n005071,asian,asian,males,males,,,1,0.31723458,22.387308,0.6827654
data\processed\bfw\asian\n004930\0044_01.jpg,data\processed\bfw\asian\n004930\0106_01.jpg,n004930,n004930,asian,asian,females,females,,,1,0.33113968,25.011496,0.6688603
data\processed\bfw\asian\n009103\0047_02.jpg,data\processed\bfw\asian\n009103\0179_03.jpg,n009103,n009103,asian,asian,females,females,,,1,0.37621838,22.682034,0.6237816
data\processed\bfw\asian\n005077\0140_01.jpg,data\processed\bfw\asian\n009042\0372_01.jpg,n005077,n009042,asian,asian,females,females,,,0,0.073928684,27.004374,0.9260713
data\processed\bfw\asian\n009277\0128_01.jpg,data\processed\bfw\asian\n009288\0028_01.jpg,n009277,n009288,asian,asian,females,females,,,0,-0.036263093,29.199375,1.0362631
data\processed\bfw\asian\n003358\0316_01.jpg,data\processed\bfw\asian\n003358\0702_01.jpg,n003358,n003358,asian,asian,females,females,,,1,0.44040656,18.802273,0.55959344
data\processed\bfw\asian\n006634\0091_04.jpg,data\processed\bfw\asian\n003465\0158_01.jpg,n006634,n003465,asian,asian,females,males,,,0,0.047969706,28.27808,0.9520303
data\processed\bfw\asian\n008148\0202_01.jpg,data\processed\bfw\asian\n008383\0068_01.jpg,n008148,n008383,asian,asian,females,females,,,0,0.03529582,27.14397,0.96470416
data\processed\bfw\asian\n002775\0069_01.jpg,data\processed\bfw\asian\n002775\0072_01.jpg,n002775,n002775,asian,asian,males,males,,,1,0.5623749,19.702822,0.4376251
data\processed\bfw\asian\n005116\0012_01.jpg,data\processed\bfw\asian\n006736\0169_01.jpg,n005116,n006736,asian,asian,males,females,,,0,-0.018080879,29.53183,1.0180808
data\processed\bfw\asian\n003824\0037_01.jpg,data\processed\bfw\asian\n004786\0011_02.jpg,n003824,n004786,asian,asian,females,females,,,0,-0.0030869863,27.814558,1.003087
data\processed\bfw\asian\n002644\0231_02.jpg,data\processed\bfw\asian\n002644\0492_01.jpg,n002644,n002644,asian,asian,males,males,,,1,0.4834585,19.829237,0.5165415
data\processed\bfw\asian\n006149\0075_01.jpg,data\processed\bfw\asian\n003533\0574_01.jpg,n006149,n003533,asian,asian,females,males,,,0,-0.0063463515,30.412003,1.0063463
data\processed\bfw\asian\n004467\0158_01.jpg,data\processed\bfw\asian\n004467\0226_01.jpg,n004467,n004467,asian,asian,males,males,,,1,0.29871476,22.973936,0.70128524
data\processed\bfw\asian\n003482\0227_01.jpg,data\processed\bfw\asian\n002320\0186_02.jpg,n003482,n002320,asian,asian,males,males,,,0,0.031236315,32.10142,0.9687637
data\processed\bfw\asian\n007899\0071_01.jpg,data\processed\bfw\asian\n005177\0235_01.jpg,n007899,n005177,asian,asian,females,males,,,0,-0.036896758,26.872288,1.0368967
data\processed\bfw\asian\n005446\0412_01.jpg,data\processed\bfw\asian\n005116\0333_03.jpg,n005446,n005116,asian,asian,females,males,,,0,0.07065253,28.11353,0.92934746
data\processed\bfw\asian\n007378\0173_02.jpg,data\processed\bfw\asian\n007378\0479_01.jpg,n007378,n007378,asian,asian,females,females,,,1,0.19162574,22.0459,0.8083743
data\processed\bfw\asian\n006633\0298_01.jpg,data\processed\bfw\asian\n007385\0432_01.jpg,n006633,n007385,asian,asian,females,females,,,0,0.06136026,21.4641,0.93863976
data\processed\bfw\asian\n005446\0009_02.jpg,data\processed\bfw\asian\n005446\0185_01.jpg,n005446,n005446,asian,asian,females,females,,,1,0.28490663,21.793898,0.7150934
data\processed\bfw\asian\n003156\0004_01.jpg,data\processed\bfw\asian\n003156\0068_01.jpg,n003156,n003156,asian,asian,males,males,,,1,0.45759398,19.380175,0.542406
data\processed\bfw\asian\n009148\0022_01.jpg,data\processed\bfw\asian\n009148\0097_01.jpg,n009148,n009148,asian,asian,females,females,,,1,0.34755805,21.589735,0.652442
data\processed\bfw\asian\n002331\0035_03.jpg,data\processed\bfw\asian\n005446\0012_01.jpg,n002331,n005446,asian,asian,males,females,,,0,0.09815955,26.630253,0.90184045
data\processed\bfw\asian\n000873\0050_02.jpg,data\processed\bfw\asian\n000873\0348_02.jpg,n000873,n000873,asian,asian,males,males,,,1,0.14330892,27.084337,0.85669106
data\processed\bfw\asian\n008163\0032_01.jpg,data\processed\bfw\asian\n008163\0389_01.jpg,n008163,n008163,asian,asian,females,females,,,1,0.47041363,21.0034,0.5295864
data\processed\bfw\asian\n003153\0397_02.jpg,data\processed\bfw\asian\n003354\0027_01.jpg,n003153,n003354,asian,asian,females,females,,,0,0.03972692,27.361193,0.9602731
data\processed\bfw\asian\n004786\0128_03.jpg,data\processed\bfw\asian\n003167\0183_01.jpg,n004786,n003167,asian,asian,females,males,,,0,0.1132327,27.165506,0.88676727
data\processed\bfw\asian\n000138\0541_01.jpg,data\processed\bfw\asian\n004687\0307_01.jpg,n000138,n004687,asian,asian,females,females,,,0,-0.036169894,28.99695,1.0361699
data\processed\bfw\asian\n003635\0047_02.jpg,data\processed\bfw\asian\n000872\0581_01.jpg,n003635,n000872,asian,asian,males,males,,,0,-0.15504438,35.920185,1.1550443
data\processed\bfw\asian\n003465\0116_01.jpg,data\processed\bfw\asian\n003465\0241_01.jpg,n003465,n003465,asian,asian,males,males,,,1,0.41736457,21.075237,0.5826354
data\processed\bfw\asian\n007089\0066_01.jpg,data\processed\bfw\asian\n007089\0229_01.jpg,n007089,n007089,asian,asian,females,females,,,1,0.2550306,24.141138,0.74496937
data\processed\bfw\asian\n006148\0135_01.jpg,data\processed\bfw\asian\n004860\0055_01.jpg,n006148,n004860,asian,asian,females,females,,,0,0.09251994,25.136696,0.90748006
data\processed\bfw\asian\n004466\0349_01.jpg,data\processed\bfw\asian\n003557\0241_03.jpg,n004466,n003557,asian,asian,males,females,,,0,-0.05591298,26.207272,1.055913
data\processed\bfw\asian\n004877\0073_01.jpg,data\processed\bfw\asian\n004877\0145_01.jpg,n004877,n004877,asian,asian,females,females,,,1,0.26596773,22.976011,0.7340323
data\processed\bfw\asian\n006126\0054_01.jpg,data\processed\bfw\asian\n006126\0474_01.jpg,n006126,n006126,asian,asian,females,females,,,1,0.53998476,19.085112,0.46001524
data\processed\bfw\asian\n000838\0040_02.jpg,data\processed\bfw\asian\n000838\0113_01.jpg,n000838,n000838,asian,asian,females,females,,,1,0.5306895,22.163414,0.46931052
data\processed\bfw\asian\n000436\0040_04.jpg,data\processed\bfw\asian\n007089\0431_01.jpg,n000436,n007089,asian,asian,males,females,,,0,-0.10401979,30.29412,1.1040198
data\processed\bfw\asian\n002320\0219_01.jpg,data\processed\bfw\asian\n003635\0050_01.jpg,n002320,n003635,asian,asian,males,males,,,0,-0.032457605,32.38456,1.0324576
data\processed\bfw\asian\n000840\0042_01.jpg,data\processed\bfw\asian\n000840\0060_01.jpg,n000840,n000840,asian,asian,females,females,,,1,0.45175067,19.252218,0.54824936
data\processed\bfw\asian\n004681\0101_01.jpg,data\processed\bfw\asian\n004681\0117_01.jpg,n004681,n004681,asian,asian,males,males,,,1,0.6190681,17.657593,0.3809319
data\processed\bfw\asian\n009137\0070_01.jpg,data\processed\bfw\asian\n009137\0151_01.jpg,n009137,n009137,asian,asian,females,females,,,1,0.41147494,20.256908,0.58852506
data\processed\bfw\asian\n003481\0015_01.jpg,data\processed\bfw\asian\n003481\0407_04.jpg,n003481,n003481,asian,asian,females,females,,,1,0.508537,20.056686,0.491463
data\processed\bfw\asian\n003355\0620_01.jpg,data\processed\bfw\asian\n000143\0122_01.jpg,n003355,n000143,asian,asian,males,females,,,0,0.023612896,25.382824,0.9763871
data\processed\bfw\asian\n001864\0026_01.jpg,data\processed\bfw\asian\n001864\0092_01.jpg,n001864,n001864,asian,asian,males,males,,,1,0.41863257,20.95168,0.58136743
data\processed\bfw\asian\n003357\0168_01.jpg,data\processed\bfw\asian\n003557\0259_01.jpg,n003357,n003557,asian,asian,females,females,,,0,0.056887433,24.3162,0.94311255
data\processed\bfw\asian\n004860\0196_01.jpg,data\processed\bfw\asian\n000138\0066_09.jpg,n004860,n000138,asian,asian,females,females,,,0,0.15985471,21.277548,0.8401453
data\processed\bfw\asian\n000854\0026_03.jpg,data\processed\bfw\asian\n000854\0239_01.jpg,n000854,n000854,asian,asian,females,females,,,1,0.44443852,20.476606,0.5555615
data\processed\bfw\asian\n005474\0298_05.jpg,data\processed\bfw\asian\n004864\0057_01.jpg,n005474,n004864,asian,asian,females,females,,,0,0.051959753,24.038927,0.94804025
data\processed\bfw\asian\n004108\0401_02.jpg,data\processed\bfw\asian\n003557\0007_02.jpg,n004108,n003557,asian,asian,males,females,,,0,-0.00807149,27.136217,1.0080715
data\processed\bfw\asian\n004725\0001_01.jpg,data\processed\bfw\asian\n000856\0617_01.jpg,n004725,n000856,asian,asian,males,females,,,0,0.14408705,28.437841,0.8559129
data\processed\bfw\asian\n005063\0271_01.jpg,data\processed\bfw\asian\n005063\0373_01.jpg,n005063,n005063,asian,asian,females,females,,,1,-0.09305658,25.975992,1.0930566
data\processed\bfw\asian\n003027\0448_07.jpg,data\processed\bfw\asian\n002644\0418_01.jpg,n003027,n002644,asian,asian,males,males,,,0,0.056939084,31.77631,0.94306093
data\processed\bfw\asian\n002331\0348_01.jpg,data\processed\bfw\asian\n003465\0158_01.jpg,n002331,n003465,asian,asian,males,males,,,0,0.11052435,27.83565,0.88947564
data\processed\bfw\asian\n003467\0082_01.jpg,data\processed\bfw\asian\n003467\0400_03.jpg,n003467,n003467,asian,asian,females,females,,,1,0.482603,19.32171,0.517397
data\processed\bfw\asian\n003156\0069_01.jpg,data\processed\bfw\asian\n003156\0100_01.jpg,n003156,n003156,asian,asian,males,males,,,1,0.17924522,25.801891,0.82075477
data\processed\bfw\asian\n003533\0062_02.jpg,data\processed\bfw\asian\n003533\0574_01.jpg,n003533,n003533,asian,asian,males,males,,,1,0.5048006,22.027597,0.49519938
data\processed\bfw\asian\n003354\0227_01.jpg,data\processed\bfw\asian\n006149\0096_01.jpg,n003354,n006149,asian,asian,females,females,,,0,-0.03823067,23.76585,1.0382307
data\processed\bfw\asian\n003824\0130_02.jpg,data\processed\bfw\asian\n003824\0262_01.jpg,n003824,n003824,asian,asian,females,females,,,1,0.48573124,19.814953,0.51426876
data\processed\bfw\asian\n000148\0083_01.jpg,data\processed\bfw\asian\n008148\0108_01.jpg,n000148,n008148,asian,asian,females,females,,,0,-0.057156093,28.017761,1.0571561
data\processed\bfw\asian\n003223\0034_05.jpg,data\processed\bfw\asian\n003223\0143_01.jpg,n003223,n003223,asian,asian,males,males,,,1,0.3980176,20.357435,0.6019824
data\processed\bfw\asian\n006125\0151_01.jpg,data\processed\bfw\asian\n006125\0204_01.jpg,n006125,n006125,asian,asian,females,females,,,1,0.3507765,21.361792,0.6492235
data\processed\bfw\asian\n003489\0005_01.jpg,data\processed\bfw\asian\n003481\0054_01.jpg,n003489,n003481,asian,asian,males,females,,,0,0.15011488,26.22335,0.8498851
data\processed\bfw\asian\n000161\0170_01.jpg,data\processed\bfw\asian\n005069\0019_01.jpg,n000161,n005069,asian,asian,males,females,,,0,-0.20306593,34.041607,1.2030659
data\processed\bfw\asian\n003357\0214_01.jpg,data\processed\bfw\asian\n003357\0422_01.jpg,n003357,n003357,asian,asian,females,females,,,1,0.23872559,23.471296,0.7612744
data\processed\bfw\asian\n009148\0079_01.jpg,data\processed\bfw\asian\n001976\0119_01.jpg,n009148,n001976,asian,asian,females,males,,,0,-0.011934659,26.616743,1.0119346
data\processed\bfw\asian\n000139\0253_01.jpg,data\processed\bfw\asian\n000139\0501_01.jpg,n000139,n000139,asian,asian,females,females,,,1,0.2898753,28.617691,0.71012473
data\processed\bfw\asian\n004687\0019_01.jpg,data\processed\bfw\asian\n004687\0254_01.jpg,n004687,n004687,asian,asian,females,females,,,1,0.46757686,19.284388,0.53242314
data\processed\bfw\asian\n000160\0109_01.jpg,data\processed\bfw\asian\n004864\0282_02.jpg,n000160,n004864,asian,asian,females,females,,,0,-0.14224856,29.778688,1.1422485
data\processed\bfw\asian\n006126\0097_01.jpg,data\processed\bfw\asian\n007385\0065_01.jpg,n006126,n007385,asian,asian,females,females,,,0,0.100859836,26.08481,0.8991402
data\processed\bfw\asian\n005077\0073_01.jpg,data\processed\bfw\asian\n005077\0199_01.jpg,n005077,n005077,asian,asian,females,females,,,1,0.48609158,17.685518,0.5139084
data\processed\bfw\asian\n004686\0023_01.jpg,data\processed\bfw\asian\n004686\0433_01.jpg,n004686,n004686,asian,asian,males,males,,,1,0.22283094,24.815136,0.77716905
data\processed\bfw\asian\n000873\0061_01.jpg,data\processed\bfw\asian\n000132\0046_01__face_0.jpg,n000873,n000132,asian,asian,males,males,,,0,0.017452022,26.168596,0.982548
data\processed\bfw\asian\n000856\0008_01.jpg,data\processed\bfw\asian\n009041\0069_01.jpg,n000856,n009041,asian,asian,females,females,,,0,0.014797865,28.923344,0.98520213
data\processed\bfw\asian\n004930\0282_01.jpg,data\processed\bfw\asian\n004930\0389_01.jpg,n004930,n004930,asian,asian,females,females,,,1,0.023322098,27.624697,0.9766779
data\processed\bfw\asian\n006125\0081_01.jpg,data\processed\bfw\asian\n006125\0082_01.jpg,n006125,n006125,asian,asian,females,females,,,1,0.53979176,19.693365,0.46020824
data\processed\bfw\asian\n004721\0112_01.jpg,data\processed\bfw\asian\n004721\0200_01.jpg,n004721,n004721,asian,asian,males,males,,,1,0.34817305,24.009283,0.651827
data\processed\bfw\asian\n007738\0118_02.jpg,data\processed\bfw\asian\n007738\0219_02.jpg,n007738,n007738,asian,asian,females,females,,,1,0.5316522,19.50713,0.4683478
data\processed\bfw\asian\n004794\0603_01.jpg,data\processed\bfw\asian\n004794\0612_01.jpg,n004794,n004794,asian,asian,males,males,,,1,0.6363818,16.486238,0.3636182
data\processed\bfw\asian\n008163\0261_04.jpg,data\processed\bfw\asian\n008163\0451_03.jpg,n008163,n008163,asian,asian,females,females,,,1,0.32254028,23.880959,0.6774597
data\processed\bfw\asian\n004686\0078_01.jpg,data\processed\bfw\asian\n004686\0373_01.jpg,n004686,n004686,asian,asian,males,males,,,1,0.44736925,21.60953,0.5526308
data\processed\bfw\asian\n009279\0125_03.jpg,data\processed\bfw\asian\n009279\0179_01.jpg,n009279,n009279,asian,asian,females,females,,,1,0.42628112,21.251759,0.5737189
data\processed\bfw\asian\n003533\0061_01.jpg,data\processed\bfw\asian\n007664\0104_01.jpg,n003533,n007664,asian,asian,males,females,,,0,-0.11488623,31.43157,1.1148863
data\processed\bfw\asian\n005116\0086_01.jpg,data\processed\bfw\asian\n005116\0168_01.jpg,n005116,n005116,asian,asian,males,males,,,1,0.51574415,19.659899,0.48425585
data\processed\bfw\asian\n006736\0099_01.jpg,data\processed\bfw\asian\n009042\0048_01.jpg,n006736,n009042,asian,asian,females,females,,,0,-0.020797413,29.402592,1.0207974
data\processed\bfw\asian\n003467\0037_01.jpg,data\processed\bfw\asian\n005077\0199_01.jpg,n003467,n005077,asian,asian,females,females,,,0,0.107837096,24.869196,0.8921629
data\processed\bfw\asian\n001864\0123_01.jpg,data\processed\bfw\asian\n006125\0388_01.jpg,n001864,n006125,asian,asian,males,females,,,0,-0.07753171,31.112562,1.0775317
data\processed\bfw\asian\n006149\0064_01.jpg,data\processed\bfw\asian\n006126\0067_01.jpg,n006149,n006126,asian,asian,females,females,,,0,0.06504282,24.046879,0.93495715
data\processed\bfw\asian\n001562\0130_01.jpg,data\processed\bfw\asian\n001562\0359_01.jpg,n001562,n001562,asian,asian,males,males,,,1,0.15485093,24.225208,0.84514904
data\processed\bfw\asian\n009041\0040_01.jpg,data\processed\bfw\asian\n000873\0255_01.jpg,n009041,n000873,asian,asian,females,males,,,0,0.00015752694,28.73159,0.99984246
data\processed\bfw\asian\n000158\0404_01.jpg,data\processed\bfw\asian\n000840\0580_01.jpg,n000158,n000840,asian,asian,males,females,,,0,-0.03614489,28.38296,1.0361449
data\processed\bfw\asian\n004681\0016_01.jpg,data\processed\bfw\asian\n004681\0314_01.jpg,n004681,n004681,asian,asian,males,males,,,1,0.45494506,23.256195,0.5450549
data\processed\bfw\asian\n008934\0209_01.jpg,data\processed\bfw\asian\n001864\0078_01.jpg,n008934,n001864,asian,asian,females,males,,,0,-0.018474665,27.053583,1.0184747
data\processed\bfw\asian\n003557\0240_01.jpg,data\processed\bfw\asian\n003557\0459_01.jpg,n003557,n003557,asian,asian,females,females,,,1,0.15353125,19.737123,0.84646875
data\processed\bfw\asian\n004800\0385_03.jpg,data\processed\bfw\asian\n000856\0053_01.jpg,n004800,n000856,asian,asian,males,females,,,0,0.14872986,27.786583,0.85127014
data\processed\bfw\asian\n003482\0258_02.jpg,data\processed\bfw\asian\n003482\0338_02.jpg,n003482,n003482,asian,asian,males,males,,,1,0.39218757,24.269646,0.6078124
data\processed\bfw\asian\n006222\0004_01.jpg,data\processed\bfw\asian\n006222\0017_01.jpg,n006222,n006222,asian,asian,females,females,,,1,0.50585127,20.356546,0.49414873
data\processed\bfw\asian\n002725\0023_01.jpg,data\processed\bfw\asian\n002725\0267_01.jpg,n002725,n002725,asian,asian,females,females,,,1,0.52204716,20.051144,0.47795284
data\processed\bfw\asian\n000138\0014_01.jpg,data\processed\bfw\asian\n006633\0056_01.jpg,n000138,n006633,asian,asian,females,females,,,0,0.039366692,26.86426,0.9606333
data\processed\bfw\asian\n004721\0096_01.jpg,data\processed\bfw\asian\n004721\0283_01.jpg,n004721,n004721,asian,asian,males,males,,,1,0.0006622032,26.84128,0.9993378
data\processed\bfw\asian\n002552\0530_01.jpg,data\processed\bfw\asian\n004800\0108_01.jpg,n002552,n004800,asian,asian,males,males,,,0,-0.059848215,23.814486,1.0598482
data\processed\bfw\asian\n006149\0117_01.jpg,data\processed\bfw\asian\n006149\0260_01.jpg,n006149,n006149,asian,asian,females,females,,,1,0.26812977,20.809256,0.73187023
data\processed\bfw\asian\n008148\0075_01.jpg,data\processed\bfw\asian\n008148\0315_01.jpg,n008148,n008148,asian,asian,females,females,,,1,0.28721553,24.303139,0.71278447
data\processed\bfw\asian\n000143\0119_01.jpg,data\processed\bfw\asian\n000143\0156_04.jpg,n000143,n000143,asian,asian,females,females,,,1,0.1704123,21.159395,0.8295877
data\processed\bfw\asian\n006149\0032_01.jpg,data\processed\bfw\asian\n003167\0254_03.jpg,n006149,n003167,asian,asian,females,males,,,0,-0.17222102,31.776886,1.1722211
data\processed\bfw\asian\n001562\0009_02.jpg,data\processed\bfw\asian\n007270\0471_01.jpg,n001562,n007270,asian,asian,males,females,,,0,-0.027384821,28.677372,1.0273849
data\processed\bfw\asian\n004935\0124_01.jpg,data\processed\bfw\asian\n004794\0043_01.jpg,n004935,n004794,asian,asian,males,males,,,0,-0.026757935,31.840485,1.026758
data\processed\bfw\asian\n003027\0459_01.jpg,data\processed\bfw\asian\n000873\0255_01.jpg,n003027,n000873,asian,asian,males,males,,,0,0.0057123736,32.153194,0.9942876
data\processed\bfw\asian\n006222\0103_01.jpg,data\processed\bfw\asian\n006222\0135_01.jpg,n006222,n006222,asian,asian,females,females,,,1,0.12082381,22.40624,0.8791762
data\processed\bfw\asian\n009294\0083_01.jpg,data\processed\bfw\asian\n003167\0042_07.jpg,n009294,n003167,asian,asian,females,males,,,0,-0.0022100715,29.17414,1.00221
data\processed\bfw\asian\n003482\0050_01.jpg,data\processed\bfw\asian\n003482\0098_01.jpg,n003482,n003482,asian,asian,males,males,,,1,0.74595445,17.758068,0.25404555
data\processed\bfw\asian\n002406\0048_02.jpg,data\processed\bfw\asian\n002406\0173_01.jpg,n002406,n002406,asian,asian,males,males,,,1,0.6406942,16.207102,0.3593058
data\processed\bfw\asian\n002331\0054_02.jpg,data\processed\bfw\asian\n002331\0153_01.jpg,n002331,n002331,asian,asian,males,males,,,1,0.16896725,28.188494,0.83103275
data\processed\bfw\asian\n009175\0008_01.jpg,data\processed\bfw\asian\n009175\0082_01.jpg,n009175,n009175,asian,asian,females,females,,,1,0.576591,19.274412,0.423409
data\processed\bfw\asian\n003635\0021_01.jpg,data\processed\bfw\asian\n003635\0077_01.jpg,n003635,n003635,asian,asian,males,males,,,1,0.64247584,18.937286,0.35752416
data\processed\bfw\asian\n006224\0067_01.jpg,data\processed\bfw\asian\n004467\0221_02.jpg,n006224,n004467,asian,asian,females,males,,,0,0.069765165,26.489275,0.93023485
data\processed\bfw\asian\n003153\0157_01.jpg,data\processed\bfw\asian\n005216\0059_01.jpg,n003153,n005216,asian,asian,females,females,,,0,0.33097568,19.893257,0.66902435
data\processed\bfw\asian\n006159\0064_02.jpg,data\processed\bfw\asian\n003156\0134_01.jpg,n006159,n003156,asian,asian,females,males,,,0,0.09011949,28.95747,0.9098805
data\processed\bfw\asian\n005378\0232_01.jpg,data\processed\bfw\asian\n000161\0001_01.jpg,n005378,n000161,asian,asian,females,males,,,0,-0.044787258,27.641531,1.0447873
data\processed\bfw\asian\n000839\0251_01.jpg,data\processed\bfw\asian\n004725\0036_01.jpg,n000839,n004725,asian,asian,females,males,,,0,0.06804525,29.99355,0.93195474
data\processed\bfw\asian\n002509\0007_01.jpg,data\processed\bfw\asian\n002509\0046_01.jpg,n002509,n002509,asian,asian,females,females,,,1,0.63034326,18.598164,0.36965674
data\processed\bfw\asian\n004787\0158_01.jpg,data\processed\bfw\asian\n004787\0342_01.jpg,n004787,n004787,asian,asian,females,females,,,1,0.31136498,23.420265,0.688635
data\processed\bfw\asian\n004870\0050_02.jpg,data\processed\bfw\asian\n008401\0297_01.jpg,n004870,n008401,asian,asian,females,females,,,0,-0.018771848,31.227879,1.0187719
data\processed\bfw\asian\n004681\0133_01.jpg,data\processed\bfw\asian\n009177\0456_01.jpg,n004681,n009177,asian,asian,males,females,,,0,0.16117954,26.324781,0.83882046
data\processed\bfw\asian\n004791\0075_01.jpg,data\processed\bfw\asian\n004791\0152_02.jpg,n004791,n004791,asian,asian,males,males,,,1,0.5763534,18.692701,0.42364663
data\processed\bfw\asian\n003357\0123_01.jpg,data\processed\bfw\asian\n003357\0168_01.jpg,n003357,n003357,asian,asian,females,females,,,1,0.45678625,19.287737,0.5432137
data\processed\bfw\asian\n002644\0319_01.jpg,data\processed\bfw\asian\n008148\0202_01.jpg,n002644,n008148,asian,asian,males,females,,,0,-0.004706523,28.37069,1.0047065
data\processed\bfw\asian\n006634\0313_02.jpg,data\processed\bfw\asian\n003355\0137_01.jpg,n006634,n003355,asian,asian,females,males,,,0,0.13403034,23.607506,0.86596966
data\processed\bfw\asian\n006149\0007_01.jpg,data\processed\bfw\asian\n006149\0260_01.jpg,n006149,n006149,asian,asian,females,females,,,1,0.32417285,19.603302,0.67582715
data\processed\bfw\asian\n000138\0164_01.jpg,data\processed\bfw\asian\n007372\0086_01.jpg,n000138,n007372,asian,asian,females,females,,,0,0.13709576,24.613152,0.86290425
data\processed\bfw\asian\n000160\0127_01.jpg,data\processed\bfw\asian\n000160\0338_01.jpg,n000160,n000160,asian,asian,females,females,,,1,-0.05558415,25.445223,1.0555842
data\processed\bfw\asian\n009175\0024_03.jpg,data\processed\bfw\asian\n009175\0077_01.jpg,n009175,n009175,asian,asian,females,females,,,1,0.53101766,19.91866,0.46898234
data\processed\bfw\asian\n003465\0047_01.jpg,data\processed\bfw\asian\n000148\0136_01.jpg,n003465,n000148,asian,asian,males,females,,,0,0.10494923,24.820751,0.89505076
data\processed\bfw\asian\n004936\0256_01.jpg,data\processed\bfw\asian\n004936\0625_01.jpg,n004936,n004936,asian,asian,females,females,,,1,0.23027308,20.387684,0.76972693
data\processed\bfw\asian\n004809\0013_10.jpg,data\processed\bfw\asian\n004809\0220_03.jpg,n004809,n004809,asian,asian,males,males,,,1,0.042480204,26.39267,0.95751977
data\processed\bfw\asian\n006634\0726_04.jpg,data\processed\bfw\asian\n007385\0118_01.jpg,n006634,n007385,asian,asian,females,females,,,0,0.035120204,23.48674,0.9648798
data\processed\bfw\asian\n003489\0051_03.jpg,data\processed\bfw\asian\n003489\0135_01.jpg,n003489,n003489,asian,asian,males,males,,,1,0.57359946,19.6133,0.42640054
data\processed\bfw\asian\n009288\0165_01.jpg,data\processed\bfw\asian\n002725\0062_01.jpg,n009288,n002725,asian,asian,females,females,,,0,0.056397125,28.531984,0.94360286
data\processed\bfw\asian\n009279\0032_01.jpg,data\processed\bfw\asian\n004466\0052_01.jpg,n009279,n004466,asian,asian,females,males,,,0,0.02460683,26.24008,0.9753932
data\processed\bfw\asian\n001496\0149_01.jpg,data\processed\bfw\asian\n001496\0239_01.jpg,n001496,n001496,asian,asian,males,males,,,1,0.4395583,23.896208,0.56044173
data\processed\bfw\asian\n005071\0114_03.jpg,data\processed\bfw\asian\n005071\0630_01.jpg,n005071,n005071,asian,asian,males,males,,,1,0.48540854,21.050848,0.51459146
data\processed\bfw\asian\n009175\0073_01.jpg,data\processed\bfw\asian\n008163\0218_01.jpg,n009175,n008163,asian,asian,females,females,,,0,0.28025287,25.839365,0.7197471
data\processed\bfw\asian\n002331\0009_05.jpg,data\processed\bfw\asian\n002331\0264_01.jpg,n002331,n002331,asian,asian,males,males,,,1,-0.002377438,28.062725,1.0023774
data\processed\bfw\asian\n009275\0397_03.jpg,data\processed\bfw\asian\n007270\0124_01.jpg,n009275,n007270,asian,asian,females,females,,,0,0.09294573,27.178274,0.90705425
data\processed\bfw\asian\n003491\0194_02.jpg,data\processed\bfw\asian\n005446\0118_01.jpg,n003491,n005446,asian,asian,males,females,,,0,0.07835432,27.0137,0.9216457
data\processed\bfw\asian\n009278\0228_01.jpg,data\processed\bfw\asian\n004466\0153_01.jpg,n009278,n004466,asian,asian,females,males,,,0,0.05900693,26.770494,0.9409931
data\processed\bfw\asian\n005216\0042_01.jpg,data\processed\bfw\asian\n005216\0220_01.jpg,n005216,n005216,asian,asian,females,females,,,1,0.14424245,23.931787,0.85575753
data\processed\bfw\asian\n003355\0008_01.jpg,data\processed\bfw\asian\n003355\0156_01.jpg,n003355,n003355,asian,asian,males,males,,,1,0.55414706,20.016172,0.44585294
data\processed\bfw\asian\n002725\0086_01.jpg,data\processed\bfw\asian\n002725\0298_01.jpg,n002725,n002725,asian,asian,females,females,,,1,0.30120105,25.258204,0.69879895
data\processed\bfw\asian\n009041\0037_01.jpg,data\processed\bfw\asian\n009041\0112_01.jpg,n009041,n009041,asian,asian,females,females,,,1,0.57400364,21.954115,0.42599636
data\processed\bfw\asian\n003489\0112_01.jpg,data\processed\bfw\asian\n001682\0267_02.jpg,n003489,n001682,asian,asian,males,males,,,0,-0.064461395,36.366207,1.0644614
data\processed\bfw\asian\n006149\0260_01.jpg,data\processed\bfw\asian\n004469\0083_02.jpg,n006149,n004469,asian,asian,females,males,,,0,0.0058318316,31.88987,0.99416816
data\processed\bfw\asian\n004794\0640_01.jpg,data\processed\bfw\asian\n000138\0493_01.jpg,n004794,n000138,asian,asian,males,females,,,0,-0.14519481,26.521505,1.1451948
data\processed\bfw\asian\n006633\0683_01.jpg,data\processed\bfw\asian\n005063\0439_01.jpg,n006633,n005063,asian,asian,females,females,,,0,-0.019677382,26.876202,1.0196774
data\processed\bfw\asian\n004687\0031_01.jpg,data\processed\bfw\asian\n004687\0268_01.jpg,n004687,n004687,asian,asian,females,females,,,1,0.23207521,22.183512,0.7679248
data\processed\bfw\asian\n003156\0119_01.jpg,data\processed\bfw\asian\n003156\0134_01.jpg,n003156,n003156,asian,asian,males,males,,,1,0.20011052,22.474972,0.79988945
data\processed\bfw\asian\n006619\0310_01.jpg,data\processed\bfw\asian\n006619\0333_01.jpg,n006619,n006619,asian,asian,females,females,,,1,0.21828908,20.635502,0.7817109
data\processed\bfw\asian\n002320\0186_02.jpg,data\processed\bfw\asian\n008934\0111_01.jpg,n002320,n008934,asian,asian,males,females,,,0,-0.04661854,33.11263,1.0466186
data\processed\bfw\asian\n004800\0419_04.jpg,data\processed\bfw\asian\n007380\0131_01.jpg,n004800,n007380,asian,asian,males,females,,,0,-0.015696859,28.123173,1.0156969
data\processed\bfw\asian\n004805\0263_06.jpg,data\processed\bfw\asian\n009103\0700_03.jpg,n004805,n009103,asian,asian,males,females,,,0,-0.015265964,26.57135,1.015266
data\processed\bfw\asian\n007816\0770_01.jpg,data\processed\bfw\asian\n005177\0152_01.jpg,n007816,n005177,asian,asian,females,males,,,0,-0.030446477,26.014517,1.0304465
data\processed\bfw\asian\n009278\0065_01.jpg,data\processed\bfw\asian\n004472\0295_03.jpg,n009278,n004472,asian,asian,females,females,,,0,0.047379687,28.861572,0.9526203
data\processed\bfw\asian\n005072\0107_01.jpg,data\processed\bfw\asian\n006633\0195_02.jpg,n005072,n006633,asian,asian,males,females,,,0,-0.042306185,31.81913,1.0423062
data\processed\bfw\asian\n002644\0116_01.jpg,data\processed\bfw\asian\n002644\1010_01.jpg,n002644,n002644,asian,asian,males,males,,,1,0.23200715,22.63711,0.76799285
data\processed\bfw\asian\n003355\0008_01.jpg,data\processed\bfw\asian\n003355\0376_01.jpg,n003355,n003355,asian,asian,males,males,,,1,0.46803793,21.585548,0.53196204
data\processed\bfw\asian\n001562\0080_02.jpg,data\processed\bfw\asian\n000873\0348_02.jpg,n001562,n000873,asian,asian,males,males,,,0,0.13897681,28.014069,0.8610232
data\processed\bfw\asian\n003491\0181_02.jpg,data\processed\bfw\asian\n004870\0094_04.jpg,n003491,n004870,asian,asian,males,females,,,0,-0.04759494,25.090597,1.0475949
data\processed\bfw\asian\n009277\0167_01.jpg,data\processed\bfw\asian\n006634\0090_01.jpg,n009277,n006634,asian,asian,females,females,,,0,-0.116785295,26.597343,1.1167853
data\processed\bfw\asian\n008401\0139_02.jpg,data\processed\bfw\asian\n008401\0521_02.jpg,n008401,n008401,asian,asian,females,females,,,1,0.26585877,23.397549,0.73414123
data\processed\bfw\asian\n004860\0055_01.jpg,data\processed\bfw\asian\n004860\0155_01.jpg,n004860,n004860,asian,asian,females,females,,,1,0.3119932,20.38037,0.68800676
data\processed\bfw\asian\n002725\0037_01.jpg,data\processed\bfw\asian\n004680\0053_01.jpg,n002725,n004680,asian,asian,females,females,,,0,0.009532571,28.288591,0.9904674
data\processed\bfw\asian\n002320\0208_01.jpg,data\processed\bfw\asian\n002320\0272_03.jpg,n002320,n002320,asian,asian,males,males,,,1,0.26083747,23.965103,0.73916256
data\processed\bfw\asian\n007380\0052_01.jpg,data\processed\bfw\asian\n007380\0131_01.jpg,n007380,n007380,asian,asian,females,females,,,1,0.3818747,18.666557,0.6181253
data\processed\bfw\asian\n002725\0233_02.jpg,data\processed\bfw\asian\n009278\0087_02.jpg,n002725,n009278,asian,asian,females,females,,,0,-0.00953287,27.727293,1.0095329
data\processed\bfw\asian\n007738\0499_01.jpg,data\processed\bfw\asian\n002406\0197_01.jpg,n007738,n002406,asian,asian,females,males,,,0,-0.17484517,30.095936,1.1748452
data\processed\bfw\asian\n004681\0366_01.jpg,data\processed\bfw\asian\n007738\0027_01.jpg,n004681,n007738,asian,asian,males,females,,,0,0.07214467,26.684023,0.9278553
data\processed\bfw\asian\n008934\0426_01.jpg,data\processed\bfw\asian\n000161\0020_01.jpg,n008934,n000161,asian,asian,females,males,,,0,-0.11127052,33.697594,1.1112705
data\processed\bfw\asian\n004864\0052_01.jpg,data\processed\bfw\asian\n003824\0042_01.jpg,n004864,n003824,asian,asian,females,females,,,0,-0.091179386,30.68884,1.0911794
data\processed\bfw\asian\n006774\0048_01.jpg,data\processed\bfw\asian\n006774\0049_01.jpg,n006774,n006774,asian,asian,females,females,,,1,0.66748065,17.685324,0.33251935
data\processed\bfw\asian\n008401\0297_01.jpg,data\processed\bfw\asian\n000873\0176_01.jpg,n008401,n000873,asian,asian,females,males,,,0,0.041727375,27.96125,0.95827264
data\processed\bfw\asian\n009288\0215_02.jpg,data\processed\bfw\asian\n009288\0341_01.jpg,n009288,n009288,asian,asian,females,females,,,1,0.11856005,26.824413,0.8814399
data\processed\bfw\asian\n005063\0297_04.jpg,data\processed\bfw\asian\n005063\0414_06.jpg,n005063,n005063,asian,asian,females,females,,,1,0.2756777,28.19727,0.7243223
data\processed\bfw\asian\n003155\0135_01.jpg,data\processed\bfw\asian\n003155\1014_01.jpg,n003155,n003155,asian,asian,males,males,,,1,0.39896053,23.746761,0.60103947
data\processed\bfw\asian\n003357\0493_01.jpg,data\processed\bfw\asian\n003467\0091_01.jpg,n003357,n003467,asian,asian,females,females,,,0,0.045362603,25.139172,0.9546374
data\processed\bfw\asian\n001572\0295_01.jpg,data\processed\bfw\asian\n007899\0212_01.jpg,n001572,n007899,asian,asian,females,females,,,0,0.22866316,25.558138,0.77133685
data\processed\bfw\asian\n003491\0024_01.jpg,data\processed\bfw\asian\n003491\0164_03.jpg,n003491,n003491,asian,asian,males,males,,,1,0.20036969,25.659216,0.7996303
data\processed\bfw\asian\n003489\0005_01.jpg,data\processed\bfw\asian\n003489\0020_01.jpg,n003489,n003489,asian,asian,males,males,,,1,0.6878432,16.288462,0.3121568
data\processed\bfw\asian\n004786\0115_02.jpg,data\processed\bfw\asian\n003481\0194_01.jpg,n004786,n003481,asian,asian,females,females,,,0,0.042082418,27.437902,0.9579176
data\processed\bfw\asian\n007270\0128_01.jpg,data\processed\bfw\asian\n007270\0155_01.jpg,n007270,n007270,asian,asian,females,females,,,1,0.6245195,17.330929,0.37548047
data\processed\bfw\asian\n002644\0208_01.jpg,data\processed\bfw\asian\n004108\0529_01.jpg,n002644,n004108,asian,asian,males,males,,,0,0.29696682,21.170467,0.7030332
data\processed\bfw\asian\n004681\0026_01.jpg,data\processed\bfw\asian\n003824\0148_01.jpg,n004681,n003824,asian,asian,males,females,,,0,0.10480755,27.162565,0.89519244
data\processed\bfw\asian\n009175\0019_01.jpg,data\processed\bfw\asian\n000148\0271_01.jpg,n009175,n000148,asian,asian,females,females,,,0,0.0020050223,27.310366,0.99799496
data\processed\bfw\asian\n004721\0021_01.jpg,data\processed\bfw\asian\n004721\0145_01.jpg,n004721,n004721,asian,asian,males,males,,,1,0.49455568,18.701147,0.5054443
data\processed\bfw\asian\n009287\0030_01.jpg,data\processed\bfw\asian\n005116\0041_01.jpg,n009287,n005116,asian,asian,females,males,,,0,0.025885904,29.550762,0.9741141
data\processed\bfw\asian\n004549\0146_01.jpg,data\processed\bfw\asian\n004549\0222_02.jpg,n004549,n004549,asian,asian,females,females,,,1,0.1808649,23.471334,0.81913507
data\processed\bfw\asian\n004467\0418_01.jpg,data\processed\bfw\asian\n004467\0682_01.jpg,n004467,n004467,asian,asian,males,males,,,1,0.45398247,21.454496,0.5460175
data\processed\bfw\asian\n002775\0074_01.jpg,data\processed\bfw\asian\n002775\0812_02.jpg,n002775,n002775,asian,asian,males,males,,,1,0.5160337,23.044264,0.4839663
data\processed\bfw\asian\n003489\0112_01.jpg,data\processed\bfw\asian\n003489\0191_01.jpg,n003489,n003489,asian,asian,males,males,,,1,0.3762677,23.199163,0.6237323
data\processed\bfw\asian\n009125\0006_01.jpg,data\processed\bfw\asian\n009125\0041_01.jpg,n009125,n009125,asian,asian,females,females,,,1,0.5520672,19.010084,0.44793278
data\processed\bfw\asian\n000837\0009_01.jpg,data\processed\bfw\asian\n000837\0288_01.jpg,n000837,n000837,asian,asian,females,females,,,1,0.24507454,23.396162,0.7549255
data\processed\bfw\asian\n003533\0075_04.jpg,data\processed\bfw\asian\n004800\0866_03.jpg,n003533,n004800,asian,asian,males,males,,,0,-0.04004569,32.69281,1.0400457
data\processed\bfw\asian\n004935\0716_01.jpg,data\processed\bfw\asian\n006634\0118_01.jpg,n004935,n006634,asian,asian,males,females,,,0,0.0071606725,20.64503,0.99283934
data\processed\bfw\asian\n004794\0163_01.jpg,data\processed\bfw\asian\n006203\0022_01.jpg,n004794,n006203,asian,asian,males,females,,,0,0.004544889,25.11714,0.9954551
data\processed\bfw\asian\n003463\0298_01.jpg,data\processed\bfw\asian\n004800\0537_01.jpg,n003463,n004800,asian,asian,males,males,,,0,0.021198696,27.016876,0.9788013
data\processed\bfw\asian\n009275\0034_02.jpg,data\processed\bfw\asian\n009275\0272_01.jpg,n009275,n009275,asian,asian,females,females,,,1,0.23792379,22.170359,0.7620762
data\processed\bfw\asian\n005072\0225_01.jpg,data\processed\bfw\asian\n000148\0271_01.jpg,n005072,n000148,asian,asian,males,females,,,0,-0.056379687,27.161364,1.0563797
data\processed\bfw\asian\n000856\0026_01.jpg,data\processed\bfw\asian\n006633\0456_02.jpg,n000856,n006633,asian,asian,females,females,,,0,0.011002025,28.179401,0.988998
data\processed\bfw\asian\n004680\0178_01.jpg,data\processed\bfw\asian\n002406\0176_01.jpg,n004680,n002406,asian,asian,females,males,,,0,-0.06376863,29.00315,1.0637686
data\processed\bfw\asian\n004800\0169_01.jpg,data\processed\bfw\asian\n004800\0335_01.jpg,n004800,n004800,asian,asian,males,males,,,1,0.50635344,15.650896,0.49364656
data\processed\bfw\asian\n002331\0371_01.jpg,data\processed\bfw\asian\n003027\0047_01.jpg,n002331,n003027,asian,asian,males,males,,,0,-0.15222052,36.589504,1.1522205
data\processed\bfw\asian\n004809\0149_01.jpg,data\processed\bfw\asian\n000132\0094_02__face_0.jpg,n004809,n000132,asian,asian,males,males,,,0,-0.09737033,27.773842,1.0973704
data\processed\bfw\asian\n003489\0084_02.jpg,data\processed\bfw\asian\n000837\0073_01.jpg,n003489,n000837,asian,asian,males,females,,,0,-0.03700815,31.106302,1.0370082
data\processed\bfw\asian\n003482\0044_02.jpg,data\processed\bfw\asian\n003482\0284_06.jpg,n003482,n003482,asian,asian,males,males,,,1,0.23074394,28.373888,0.76925606
data\processed\bfw\asian\n006619\0334_03.jpg,data\processed\bfw\asian\n006619\0572_01.jpg,n006619,n006619,asian,asian,females,females,,,1,0.1400789,23.784296,0.8599211
data\processed\bfw\asian\n007385\0086_01.jpg,data\processed\bfw\asian\n007385\0691_01.jpg,n007385,n007385,asian,asian,females,females,,,1,0.30849588,25.132605,0.6915041
data\processed\bfw\asian\n005078\0092_02.jpg,data\processed\bfw\asian\n009279\0255_01.jpg,n005078,n009279,asian,asian,males,females,,,0,0.09349682,27.629436,0.9065032
data\processed\bfw\asian\n006619\0216_01.jpg,data\processed\bfw\asian\n006774\0080_01.jpg,n006619,n006774,asian,asian,females,females,,,0,-0.029295597,27.770525,1.0292956
data\processed\bfw\asian\n000872\0026_03.jpg,data\processed\bfw\asian\n009275\0238_02.jpg,n000872,n009275,asian,asian,males,females,,,0,0.0883093,25.53617,0.9116907
data\processed\bfw\asian\n004936\0245_01.jpg,data\processed\bfw\asian\n004936\0324_01.jpg,n004936,n004936,asian,asian,females,females,,,1,0.39085165,20.150244,0.6091484
data\processed\bfw\asian\n003153\0075_01.jpg,data\processed\bfw\asian\n003153\0172_02.jpg,n003153,n003153,asian,asian,females,females,,,1,0.39971337,19.677765,0.6002866
data\processed\bfw\asian\n001562\0165_02.jpg,data\processed\bfw\asian\n001562\0175_01.jpg,n001562,n001562,asian,asian,males,males,,,1,0.57703304,18.446587,0.42296696
data\processed\bfw\asian\n005446\0490_02.jpg,data\processed\bfw\asian\n003288\0572_01.jpg,n005446,n003288,asian,asian,females,females,,,0,0.027467208,26.973116,0.9725328
data\processed\bfw\asian\n009276\0025_04.jpg,data\processed\bfw\asian\n009276\0374_01.jpg,n009276,n009276,asian,asian,females,females,,,1,0.26387087,24.115648,0.73612916
data\processed\bfw\asian\n007089\0015_01.jpg,data\processed\bfw\asian\n007089\0435_01.jpg,n007089,n007089,asian,asian,females,females,,,1,0.46858367,20.134233,0.5314163
data\processed\bfw\asian\n005216\0091_01.jpg,data\processed\bfw\asian\n009288\0165_01.jpg,n005216,n009288,asian,asian,females,females,,,0,0.10097161,28.81645,0.8990284
data\processed\bfw\asian\n009137\0321_02.jpg,data\processed\bfw\asian\n003354\0082_01.jpg,n009137,n003354,asian,asian,females,females,,,0,-0.09190648,26.920351,1.0919064
data\processed\bfw\asian\n000873\0111_01.jpg,data\processed\bfw\asian\n009175\0077_01.jpg,n000873,n009175,asian,asian,males,females,,,0,0.09656653,27.323002,0.90343344
data\processed\bfw\asian\n004221\0111_02.jpg,data\processed\bfw\asian\n004221\0243_01.jpg,n004221,n004221,asian,asian,males,males,,,1,0.3032283,25.272926,0.69677174
data\processed\bfw\asian\n004794\0540_01.jpg,data\processed\bfw\asian\n004794\0612_01.jpg,n004794,n004794,asian,asian,males,males,,,1,0.26746777,23.707623,0.73253226
data\processed\bfw\asian\n006344\0147_02.jpg,data\processed\bfw\asian\n006344\0413_01.jpg,n006344,n006344,asian,asian,females,females,,,1,0.25326243,23.05599,0.7467376
data\processed\bfw\asian\n002406\0137_01.jpg,data\processed\bfw\asian\n002406\0173_01.jpg,n002406,n002406,asian,asian,males,males,,,1,0.12815115,25.698895,0.8718488
data\processed\bfw\asian\n005063\0089_02.jpg,data\processed\bfw\asian\n004860\0779_01.jpg,n005063,n004860,asian,asian,females,females,,,0,0.33333075,20.435963,0.66666925
data\processed\bfw\asian\n004936\0038_03.jpg,data\processed\bfw\asian\n004936\0345_01.jpg,n004936,n004936,asian,asian,females,females,,,1,0.26211858,23.974648,0.7378814
data\processed\bfw\asian\n000854\0346_03.jpg,data\processed\bfw\asian\n000854\0461_01.jpg,n000854,n000854,asian,asian,females,females,,,1,0.066706516,26.094559,0.93329346
data\processed\bfw\asian\n004469\0111_03.jpg,data\processed\bfw\asian\n004469\0853_02.jpg,n004469,n004469,asian,asian,males,males,,,1,0.47273254,21.976892,0.52726746
data\processed\bfw\asian\n005085\0001_01.jpg,data\processed\bfw\asian\n004805\0065_01.jpg,n005085,n004805,asian,asian,females,males,,,0,-0.049155153,28.447382,1.0491551
data\processed\bfw\asian\n006633\0036_02.jpg,data\processed\bfw\asian\n006633\0688_01.jpg,n006633,n006633,asian,asian,females,females,,,1,0.15773048,22.037695,0.84226954
data\processed\bfw\asian\n000138\0326_01.jpg,data\processed\bfw\asian\n009125\0034_01.jpg,n000138,n009125,asian,asian,females,females,,,0,0.046799358,23.137789,0.95320064
data\processed\bfw\asian\n002644\0497_02.jpg,data\processed\bfw\asian\n002320\0013_05.jpg,n002644,n002320,asian,asian,males,males,,,0,0.102388985,23.60477,0.897611
data\processed\bfw\asian\n009294\0139_02.jpg,data\processed\bfw\asian\n003465\0303_01.jpg,n009294,n003465,asian,asian,females,males,,,0,0.059965167,26.286026,0.9400348
data\processed\bfw\asian\n004549\0086_02.jpg,data\processed\bfw\asian\n004549\0303_01.jpg,n004549,n004549,asian,asian,females,females,,,1,0.44305837,18.414986,0.5569416
data\processed\bfw\asian\n009278\0259_01.jpg,data\processed\bfw\asian\n007664\0029_01.jpg,n009278,n007664,asian,asian,females,females,,,0,-0.03132689,27.756018,1.0313269
data\processed\bfw\asian\n002406\0148_01.jpg,data\processed\bfw\asian\n002406\0328_01.jpg,n002406,n002406,asian,asian,males,males,,,1,0.24093312,22.372364,0.7590669
data\processed\bfw\asian\n006125\0081_01.jpg,data\processed\bfw\asian\n006125\0424_01.jpg,n006125,n006125,asian,asian,females,females,,,1,0.29410744,21.613316,0.70589256
data\processed\bfw\asian\n009137\0031_03.jpg,data\processed\bfw\asian\n009137\0264_01.jpg,n009137,n009137,asian,asian,females,females,,,1,0.39441246,21.683838,0.60558754
data\processed\bfw\asian\n005446\0243_02.jpg,data\processed\bfw\asian\n005446\0490_02.jpg,n005446,n005446,asian,asian,females,females,,,1,0.49254003,19.820915,0.50746
data\processed\bfw\asian\n002509\0041_01.jpg,data\processed\bfw\asian\n003467\0042_01.jpg,n002509,n003467,asian,asian,females,females,,,0,0.07715073,28.850126,0.9228493
data\processed\bfw\asian\n003449\0060_01.jpg,data\processed\bfw\asian\n003355\0056_01.jpg,n003449,n003355,asian,asian,females,males,,,0,0.09586351,22.7151,0.9041365
data\processed\bfw\asian\n005063\0042_01.jpg,data\processed\bfw\asian\n005063\0439_01.jpg,n005063,n005063,asian,asian,females,females,,,1,0.036060013,26.854519,0.96393996
data\processed\bfw\asian\n004466\0223_01.jpg,data\processed\bfw\asian\n008148\0137_01.jpg,n004466,n008148,asian,asian,males,females,,,0,0.05951521,25.624086,0.94048476
data\processed\bfw\asian\n005078\0250_01.jpg,data\processed\bfw\asian\n005078\0338_01.jpg,n005078,n005078,asian,asian,males,males,,,1,-0.075809315,34.44048,1.0758094
data\processed\bfw\asian\n009137\0321_02.jpg,data\processed\bfw\asian\n000856\0042_01.jpg,n009137,n000856,asian,asian,females,females,,,0,0.10677068,24.754776,0.8932293
data\processed\bfw\asian\n000135\0208_01.jpg,data\processed\bfw\asian\n000135\0228_01.jpg,n000135,n000135,asian,asian,females,females,,,1,0.006157664,26.563675,0.99384236
data\processed\bfw\asian\n002406\0208_07.jpg,data\processed\bfw\asian\n002406\0328_01.jpg,n002406,n002406,asian,asian,males,males,,,1,0.14644988,23.27273,0.85355014
data\processed\bfw\asian\n003489\0031_01.jpg,data\processed\bfw\asian\n003489\0102_01.jpg,n003489,n003489,asian,asian,males,males,,,1,0.5185757,20.538195,0.48142427
data\processed\bfw\asian\n004930\0082_01.jpg,data\processed\bfw\asian\n004860\0091_02.jpg,n004930,n004860,asian,asian,females,females,,,0,0.117350735,26.490816,0.88264924
data\processed\bfw\asian\n002331\0264_01.jpg,data\processed\bfw\asian\n002331\0357_01.jpg,n002331,n002331,asian,asian,males,males,,,1,0.28311062,22.66837,0.7168894
data\processed\bfw\asian\n004467\0068_01.jpg,data\processed\bfw\asian\n004467\0702_01.jpg,n004467,n004467,asian,asian,males,males,,,1,0.23938607,25.143942,0.7606139
data\processed\bfw\asian\n003463\0075_01.jpg,data\processed\bfw\asian\n003463\0076_01.jpg,n003463,n003463,asian,asian,males,males,,,1,0.6775869,16.47742,0.3224131
data\processed\bfw\asian\n005216\0119_01.jpg,data\processed\bfw\asian\n005216\0189_01.jpg,n005216,n005216,asian,asian,females,females,,,1,0.50756395,19.319204,0.49243605
data\processed\bfw\asian\n009103\0220_01.jpg,data\processed\bfw\asian\n009103\0256_01.jpg,n009103,n009103,asian,asian,females,females,,,1,0.5560765,19.087477,0.44392347
data\processed\bfw\asian\n000138\0188_01.jpg,data\processed\bfw\asian\n000138\0347_01.jpg,n000138,n000138,asian,asian,females,females,,,1,0.5511107,18.977083,0.44888932
data\processed\bfw\asian\n008401\0399_01.jpg,data\processed\bfw\asian\n009275\0039_01.jpg,n008401,n009275,asian,asian,females,females,,,0,-0.07634233,29.230812,1.0763423
data\processed\bfw\asian\n005071\0154_01.jpg,data\processed\bfw\asian\n005085\0069_01.jpg,n005071,n005085,asian,asian,males,females,,,0,-0.074060895,30.626253,1.0740609
data\processed\bfw\asian\n000160\0139_01.jpg,data\processed\bfw\asian\n004936\0111_04.jpg,n000160,n004936,asian,asian,females,females,,,0,-0.0602045,27.730425,1.0602045
data\processed\bfw\asian\n003153\0157_01.jpg,data\processed\bfw\asian\n003153\0624_01.jpg,n003153,n003153,asian,asian,females,females,,,1,0.31189346,21.990633,0.68810654
data\processed\bfw\asian\n005071\0115_02.jpg,data\processed\bfw\asian\n001572\0138_01.jpg,n005071,n001572,asian,asian,males,females,,,0,-0.08285117,30.258718,1.0828512
data\processed\bfw\asian\n009137\0057_01.jpg,data\processed\bfw\asian\n009137\0151_01.jpg,n009137,n009137,asian,asian,females,females,,,1,0.64922,16.096317,0.35078
data\processed\bfw\asian\n003358\0365_01.jpg,data\processed\bfw\asian\n003358\0408_01.jpg,n003358,n003358,asian,asian,females,females,,,1,0.26509252,21.688776,0.7349075
data\processed\bfw\asian\n005078\0202_01.jpg,data\processed\bfw\asian\n005078\0250_01.jpg,n005078,n005078,asian,asian,males,males,,,1,0.45737523,23.832577,0.5426248
data\processed\bfw\asian\n006159\0113_02.jpg,data\processed\bfw\asian\n000009\0012_01.jpg,n006159,n000009,asian,asian,females,females,,,0,0.12266699,31.546822,0.877333
data\processed\bfw\asian\n000138\0213_01.jpg,data\processed\bfw\asian\n005063\0439_01.jpg,n000138,n005063,asian,asian,females,females,,,0,-0.05606593,28.806921,1.0560659
data\processed\bfw\asian\n000161\0001_01.jpg,data\processed\bfw\asian\n000161\0087_02.jpg,n000161,n000161,asian,asian,males,males,,,1,0.6010248,18.617834,0.3989752
data\processed\bfw\asian\n002644\0997_01.jpg,data\processed\bfw\asian\n003467\0146_02.jpg,n002644,n003467,asian,asian,males,females,,,0,-0.08813892,28.718348,1.0881389
data\processed\bfw\asian\n006634\0023_08.jpg,data\processed\bfw\asian\n000840\0042_01.jpg,n006634,n000840,asian,asian,females,females,,,0,0.03489557,25.64499,0.96510446
data\processed\bfw\asian\n000838\0058_01.jpg,data\processed\bfw\asian\n000838\0160_01.jpg,n000838,n000838,asian,asian,females,females,,,1,0.39438894,27.694435,0.6056111
data\processed\bfw\asian\n002320\0044_02.jpg,data\processed\bfw\asian\n002320\0086_03.jpg,n002320,n002320,asian,asian,males,males,,,1,0.59633476,17.814486,0.40366524
data\processed\bfw\asian\n007814\0382_01.jpg,data\processed\bfw\asian\n004472\0485_01.jpg,n007814,n004472,asian,asian,females,females,,,0,-0.05094527,28.302103,1.0509453
data\processed\bfw\asian\n000158\0013_01.jpg,data\processed\bfw\asian\n000158\0245_02.jpg,n000158,n000158,asian,asian,males,males,,,1,0.5146318,22.266804,0.4853682
data\processed\bfw\asian\n007664\0029_01.jpg,data\processed\bfw\asian\n007664\0094_03.jpg,n007664,n007664,asian,asian,females,females,,,1,0.43591565,19.334835,0.56408435
data\processed\bfw\asian\n009277\0113_01.jpg,data\processed\bfw\asian\n009277\0395_02.jpg,n009277,n009277,asian,asian,females,females,,,1,0.22101985,24.001623,0.77898014
data\processed\bfw\asian\n009041\0040_01.jpg,data\processed\bfw\asian\n009041\0114_01.jpg,n009041,n009041,asian,asian,females,females,,,1,0.57316,19.042912,0.42684
data\processed\bfw\asian\n009294\0194_01.jpg,data\processed\bfw\asian\n000160\0150_01.jpg,n009294,n000160,asian,asian,females,females,,,0,0.025530789,28.62505,0.9744692
data\processed\bfw\asian\n005077\0054_01.jpg,data\processed\bfw\asian\n009125\0100_01.jpg,n005077,n009125,asian,asian,females,females,,,0,-0.066504076,27.103523,1.0665041
data\processed\bfw\asian\n007089\0040_03.jpg,data\processed\bfw\asian\n007089\0121_01.jpg,n007089,n007089,asian,asian,females,females,,,1,0.28869218,24.260027,0.7113078
data\processed\bfw\asian\n000009\0205_01.jpg,data\processed\bfw\asian\n003155\0156_01.jpg,n000009,n003155,asian,asian,females,males,,,0,0.029263483,31.448004,0.9707365
data\processed\bfw\asian\n005063\0030_01.jpg,data\processed\bfw\asian\n004686\0034_01.jpg,n005063,n004686,asian,asian,females,males,,,0,-0.071218036,27.07723,1.071218
data\processed\bfw\asian\n008934\0426_01.jpg,data\processed\bfw\asian\n005078\0202_01.jpg,n008934,n005078,asian,asian,females,males,,,0,0.005373052,31.556034,0.99462694
data\processed\bfw\asian\n009103\0067_02.jpg,data\processed\bfw\asian\n003156\0073_02.jpg,n009103,n003156,asian,asian,females,males,,,0,0.11829559,29.006506,0.8817044
data\processed\bfw\asian\n004870\0007_01.jpg,data\processed\bfw\asian\n001864\0192_02.jpg,n004870,n001864,asian,asian,females,males,,,0,0.0586021,27.686794,0.9413979
data\processed\bfw\asian\n003155\0309_02.jpg,data\processed\bfw\asian\n003463\0017_01.jpg,n003155,n003463,asian,asian,males,males,,,0,0.068383835,33.383205,0.9316162
data\processed\bfw\asian\n004870\0070_02.jpg,data\processed\bfw\asian\n004870\0112_02.jpg,n004870,n004870,asian,asian,females,females,,,1,0.62447864,19.197577,0.37552136
data\processed\bfw\asian\n005216\0127_01.jpg,data\processed\bfw\asian\n005216\0133_01.jpg,n005216,n005216,asian,asian,females,females,,,1,0.38800147,21.470795,0.61199856
data\processed\bfw\asian\n006344\0350_01.jpg,data\processed\bfw\asian\n006344\0413_01.jpg,n006344,n006344,asian,asian,females,females,,,1,-0.07994234,24.620178,1.0799423
data\processed\bfw\asian\n003824\0335_01.jpg,data\processed\bfw\asian\n002406\0137_01.jpg,n003824,n002406,asian,asian,females,males,,,0,0.19601005,24.81622,0.80398995
data\processed\bfw\asian\n001976\0121_02.jpg,data\processed\bfw\asian\n001976\0152_02.jpg,n001976,n001976,asian,asian,males,males,,,1,0.5158117,18.992968,0.48418832
data\processed\bfw\asian\n005083\0120_01.jpg,data\processed\bfw\asian\n003355\0008_01.jpg,n005083,n003355,asian,asian,females,males,,,0,0.13296725,25.051355,0.86703277
data\processed\bfw\asian\n002509\0243_01.jpg,data\processed\bfw\asian\n002509\0319_01.jpg,n002509,n002509,asian,asian,females,females,,,1,0.2878499,21.28057,0.7121501
data\processed\bfw\asian\n009276\0102_01.jpg,data\processed\bfw\asian\n009276\0106_07.jpg,n009276,n009276,asian,asian,females,females,,,1,0.28351608,22.045929,0.71648395
data\processed\bfw\asian\n006619\0216_01.jpg,data\processed\bfw\asian\n006619\0266_01.jpg,n006619,n006619,asian,asian,females,females,,,1,0.36698502,20.723389,0.633015
data\processed\bfw\asian\n009137\0163_02.jpg,data\processed\bfw\asian\n009137\0321_02.jpg,n009137,n009137,asian,asian,females,females,,,1,0.44677556,19.720346,0.55322444
data\processed\bfw\asian\n000856\0026_01.jpg,data\processed\bfw\asian\n000856\0053_01.jpg,n000856,n000856,asian,asian,females,females,,,1,0.44328055,20.666567,0.5567194
data\processed\bfw\asian\n003162\0511_01.jpg,data\processed\bfw\asian\n000840\0541_02.jpg,n003162,n000840,asian,asian,males,females,,,0,-0.014931583,31.067314,1.0149316
data\processed\bfw\asian\n006633\0221_02.jpg,data\processed\bfw\asian\n007899\0174_01.jpg,n006633,n007899,asian,asian,females,females,,,0,-0.112705946,28.120346,1.112706
data\processed\bfw\asian\n008401\0391_01.jpg,data\processed\bfw\asian\n000840\0003_02.jpg,n008401,n000840,asian,asian,females,females,,,0,-0.06984604,29.234776,1.069846
data\processed\bfw\asian\n009177\0175_01.jpg,data\processed\bfw\asian\n009177\0294_02.jpg,n009177,n009177,asian,asian,females,females,,,1,0.35448495,22.521393,0.6455151
data\processed\bfw\asian\n003355\0184_01.jpg,data\processed\bfw\asian\n003355\0203_01.jpg,n003355,n003355,asian,asian,males,males,,,1,0.5045146,20.376442,0.49548542
data\processed\bfw\asian\n004877\0100_01.jpg,data\processed\bfw\asian\n004877\0135_01.jpg,n004877,n004877,asian,asian,females,females,,,1,0.13897412,24.75421,0.86102587
data\processed\bfw\asian\n007814\0079_01.jpg,data\processed\bfw\asian\n007814\0382_01.jpg,n007814,n007814,asian,asian,females,females,,,1,0.1378796,27.269066,0.8621204
data\processed\bfw\asian\n005446\0103_01.jpg,data\processed\bfw\asian\n000436\0653_01.jpg,n005446,n000436,asian,asian,females,males,,,0,-0.059595667,27.92985,1.0595957
data\processed\bfw\asian\n005083\0053_03.jpg,data\processed\bfw\asian\n005083\0108_01.jpg,n005083,n005083,asian,asian,females,females,,,1,0.4550541,19.587038,0.5449459
data\processed\bfw\asian\n004467\0191_01.jpg,data\processed\bfw\asian\n000837\0020_01.jpg,n004467,n000837,asian,asian,males,females,,,0,0.041438162,26.168243,0.95856184
data\processed\bfw\asian\n000161\0001_01.jpg,data\processed\bfw\asian\n000161\0445_03.jpg,n000161,n000161,asian,asian,males,males,,,1,0.5101295,20.817375,0.4898705
data\processed\bfw\asian\n006344\0143_01.jpg,data\processed\bfw\asian\n006344\0413_01.jpg,n006344,n006344,asian,asian,females,females,,,1,0.11906548,23.35907,0.88093454
data\processed\bfw\asian\n004687\0092_01.jpg,data\processed\bfw\asian\n004687\0104_02.jpg,n004687,n004687,asian,asian,females,females,,,1,0.237715,22.682468,0.762285
data\processed\bfw\asian\n003463\0367_01.jpg,data\processed\bfw\asian\n006344\0025_02.jpg,n003463,n006344,asian,asian,males,females,,,0,-0.037716266,30.930012,1.0377163
data\processed\bfw\asian\n009275\0323_03.jpg,data\processed\bfw\asian\n009275\0344_01.jpg,n009275,n009275,asian,asian,females,females,,,1,0.4709943,20.531286,0.5290057
data\processed\bfw\asian\n003167\0074_01.jpg,data\processed\bfw\asian\n003167\0595_01.jpg,n003167,n003167,asian,asian,males,males,,,1,0.67272604,17.686163,0.32727396
data\processed\bfw\asian\n009288\0068_01.jpg,data\processed\bfw\asian\n001562\0018_01.jpg,n009288,n001562,asian,asian,females,males,,,0,-0.057523854,31.63856,1.0575238
data\processed\bfw\asian\n006418\0021_02.jpg,data\processed\bfw\asian\n006418\0040_01.jpg,n006418,n006418,asian,asian,females,females,,,1,0.45861113,20.821182,0.54138887
data\processed\bfw\asian\n004686\0055_01.jpg,data\processed\bfw\asian\n004877\0441_01.jpg,n004686,n004877,asian,asian,males,females,,,0,0.05161148,28.574646,0.9483885
data\processed\bfw\asian\n004787\0028_01.jpg,data\processed\bfw\asian\n006634\0120_01.jpg,n004787,n006634,asian,asian,females,females,,,0,0.009725872,27.250994,0.99027413
data\processed\bfw\asian\n009042\0047_02.jpg,data\processed\bfw\asian\n009042\0085_01.jpg,n009042,n009042,asian,asian,females,females,,,1,0.032808214,31.523886,0.9671918
data\processed\bfw\asian\n005116\0442_01.jpg,data\processed\bfw\asian\n004948\0212_01.jpg,n005116,n004948,asian,asian,males,males,,,0,0.107410915,24.962875,0.8925891
data\processed\bfw\asian\n009177\0005_01.jpg,data\processed\bfw\asian\n009177\0232_01.jpg,n009177,n009177,asian,asian,females,females,,,1,0.50471497,20.678808,0.49528503
data\processed\bfw\asian\n009103\0286_01.jpg,data\processed\bfw\asian\n009279\0393_04.jpg,n009103,n009279,asian,asian,females,females,,,0,-0.0039823996,27.51976,1.0039824
data\processed\bfw\asian\n004791\0416_01.jpg,data\processed\bfw\asian\n006774\0268_01.jpg,n004791,n006774,asian,asian,males,females,,,0,0.051793255,24.342922,0.9482067
data\processed\bfw\asian\n003463\0127_01.jpg,data\processed\bfw\asian\n002509\0013_01.jpg,n003463,n002509,asian,asian,males,females,,,0,0.041485388,26.720037,0.95851463
data\processed\bfw\asian\n007380\0052_01.jpg,data\processed\bfw\asian\n007380\0204_01.jpg,n007380,n007380,asian,asian,females,females,,,1,0.28640863,20.467985,0.71359134
data\processed\bfw\asian\n000137\0055_01.jpg,data\processed\bfw\asian\n009177\0606_02.jpg,n000137,n009177,asian,asian,females,females,,,0,-0.020610463,28.96128,1.0206105
data\processed\bfw\asian\n007816\0164_01.jpg,data\processed\bfw\asian\n007816\0811_03.jpg,n007816,n007816,asian,asian,females,females,,,1,0.3542522,21.218431,0.6457478
data\processed\bfw\asian\n008383\0139_02.jpg,data\processed\bfw\asian\n008383\0251_01.jpg,n008383,n008383,asian,asian,females,females,,,1,0.29006448,19.113945,0.70993555
data\processed\bfw\asian\n003357\0034_01.jpg,data\processed\bfw\asian\n003357\0168_01.jpg,n003357,n003357,asian,asian,females,females,,,1,0.41011208,19.668194,0.5898879
data\processed\bfw\asian\n000854\0262_01.jpg,data\processed\bfw\asian\n007664\0045_01.jpg,n000854,n007664,asian,asian,females,females,,,0,0.022265276,24.831503,0.97773474
data\processed\bfw\asian\n007372\0099_01.jpg,data\processed\bfw\asian\n007372\0238_01.jpg,n007372,n007372,asian,asian,females,females,,,1,0.29997724,20.528574,0.70002276
data\processed\bfw\asian\n004864\0282_02.jpg,data\processed\bfw\asian\n004864\0607_01.jpg,n004864,n004864,asian,asian,females,females,,,1,0.41066644,21.138628,0.58933353
data\processed\bfw\asian\n005063\0027_01.jpg,data\processed\bfw\asian\n004687\0037_01.jpg,n005063,n004687,asian,asian,females,females,,,0,0.006856985,27.33703,0.993143
data\processed\bfw\asian\n009125\0321_01.jpg,data\processed\bfw\asian\n004721\0110_01.jpg,n009125,n004721,asian,asian,females,males,,,0,-0.06333665,26.818714,1.0633366
data\processed\bfw\asian\n003533\0019_01.jpg,data\processed\bfw\asian\n003533\0078_01.jpg,n003533,n003533,asian,asian,males,males,,,1,0.7148305,16.911922,0.28516948
data\processed\bfw\asian\n004680\0113_02.jpg,data\processed\bfw\asian\n004680\0143_02.jpg,n004680,n004680,asian,asian,females,females,,,1,0.44624037,21.79551,0.55375963
data\processed\bfw\asian\n004948\0057_01.jpg,data\processed\bfw\asian\n004948\0381_01.jpg,n004948,n004948,asian,asian,males,males,,,1,0.0067028925,30.862438,0.9932971
data\processed\bfw\asian\n003506\0177_01.jpg,data\processed\bfw\asian\n006774\0391_01.jpg,n003506,n006774,asian,asian,females,females,,,0,0.07292988,22.998259,0.92707014
data\processed\bfw\asian\n003449\0001_01.jpg,data\processed\bfw\asian\n005072\0302_01.jpg,n003449,n005072,asian,asian,females,males,,,0,0.049823377,26.233356,0.9501766
data\processed\bfw\asian\n003449\0072_01.jpg,data\processed\bfw\asian\n003449\0129_01.jpg,n003449,n003449,asian,asian,females,females,,,1,0.028429005,20.991098,0.97157097
data\processed\bfw\asian\n005063\0249_05.jpg,data\processed\bfw\asian\n003153\0157_01.jpg,n005063,n003153,asian,asian,females,females,,,0,0.12736188,29.94998,0.8726381
data\processed\bfw\asian\n005378\0335_01.jpg,data\processed\bfw\asian\n005378\0388_01.jpg,n005378,n005378,asian,asian,females,females,,,1,0.5307852,18.715965,0.4692148
data\processed\bfw\asian\n009041\0077_01.jpg,data\processed\bfw\asian\n003481\0096_02.jpg,n009041,n003481,asian,asian,females,females,,,0,0.035513144,26.716438,0.96448684
data\processed\bfw\asian\n002406\0173_01.jpg,data\processed\bfw\asian\n009041\0560_01.jpg,n002406,n009041,asian,asian,males,females,,,0,-0.12753168,30.16616,1.1275316
data\processed\bfw\asian\n003824\0262_01.jpg,data\processed\bfw\asian\n007378\0474_01.jpg,n003824,n007378,asian,asian,females,females,,,0,0.14498073,23.658724,0.8550193
data\processed\bfw\asian\n006223\0093_01.jpg,data\processed\bfw\asian\n006223\0126_01.jpg,n006223,n006223,asian,asian,females,females,,,1,0.49539974,20.044054,0.5046003
data\processed\bfw\asian\n009042\0015_01.jpg,data\processed\bfw\asian\n009042\0057_01.jpg,n009042,n009042,asian,asian,females,females,,,1,0.26766038,25.824678,0.7323396
data\processed\bfw\asian\n007738\0140_01.jpg,data\processed\bfw\asian\n007738\0329_02.jpg,n007738,n007738,asian,asian,females,females,,,1,0.081950136,23.854494,0.9180499
data\processed\bfw\asian\n006418\0061_04.jpg,data\processed\bfw\asian\n006418\0090_06.jpg,n006418,n006418,asian,asian,females,females,,,1,0.3091869,21.329681,0.69081306
data\processed\bfw\asian\n008934\0141_01.jpg,data\processed\bfw\asian\n008934\0211_01.jpg,n008934,n008934,asian,asian,females,females,,,1,0.43570364,20.815805,0.56429636
data\processed\bfw\asian\n004870\0063_01.jpg,data\processed\bfw\asian\n004870\0094_04.jpg,n004870,n004870,asian,asian,females,females,,,1,0.2690135,22.871103,0.7309865
data\processed\bfw\asian\n007270\0124_01.jpg,data\processed\bfw\asian\n006224\0160_01.jpg,n007270,n006224,asian,asian,females,females,,,0,0.01878193,25.670872,0.9812181
data\processed\bfw\asian\n000840\0162_01.jpg,data\processed\bfw\asian\n000840\0213_03.jpg,n000840,n000840,asian,asian,females,females,,,1,0.044240735,28.491882,0.9557593
data\processed\bfw\asian\n009125\0043_01.jpg,data\processed\bfw\asian\n009125\0172_01.jpg,n009125,n009125,asian,asian,females,females,,,1,0.55833733,18.538387,0.44166267
data\processed\bfw\asian\n004805\0157_04.jpg,data\processed\bfw\asian\n004805\0612_01.jpg,n004805,n004805,asian,asian,males,males,,,1,0.25893942,24.696386,0.7410606
data\processed\bfw\asian\n000840\0036_01.jpg,data\processed\bfw\asian\n000840\0541_02.jpg,n000840,n000840,asian,asian,females,females,,,1,-0.13733332,27.973495,1.1373333
data\processed\bfw\asian\n005216\0084_01.jpg,data\processed\bfw\asian\n009041\0091_06.jpg,n005216,n009041,asian,asian,females,females,,,0,-0.103501916,30.979797,1.1035019
data\processed\bfw\asian\n008383\0193_12.jpg,data\processed\bfw\asian\n005072\0231_01.jpg,n008383,n005072,asian,asian,females,males,,,0,-0.050186522,29.613756,1.0501865
data\processed\bfw\asian\n007899\0077_01.jpg,data\processed\bfw\asian\n007899\0166_01.jpg,n007899,n007899,asian,asian,females,females,,,1,0.40382296,22.840387,0.59617704
data\processed\bfw\asian\n000138\0153_02.jpg,data\processed\bfw\asian\n000138\0326_01.jpg,n000138,n000138,asian,asian,females,females,,,1,0.08607102,23.195848,0.913929
data\processed\bfw\asian\n003824\0035_01.jpg,data\processed\bfw\asian\n008934\0029_02.jpg,n003824,n008934,asian,asian,females,females,,,0,0.22081237,25.069923,0.7791876
data\processed\bfw\asian\n003027\0470_01.jpg,data\processed\bfw\asian\n006619\0333_01.jpg,n003027,n006619,asian,asian,males,females,,,0,0.05521455,25.953209,0.9447855
data\processed\bfw\asian\n008383\0104_02.jpg,data\processed\bfw\asian\n008383\0268_01.jpg,n008383,n008383,asian,asian,females,females,,,1,0.26263195,22.879812,0.73736805
data\processed\bfw\asian\n000838\0463_01.jpg,data\processed\bfw\asian\n004469\0114_01.jpg,n000838,n004469,asian,asian,females,males,,,0,0.063184425,32.227192,0.93681556
data\processed\bfw\asian\n005216\0009_01.jpg,data\processed\bfw\asian\n001496\0311_01.jpg,n005216,n001496,asian,asian,females,males,,,0,-0.025050975,29.861767,1.025051
data\processed\bfw\asian\n005063\0064_01.jpg,data\processed\bfw\asian\n005063\0249_05.jpg,n005063,n005063,asian,asian,females,females,,,1,-0.036915526,32.610874,1.0369155
data\processed\bfw\asian\n004809\0328_01.jpg,data\processed\bfw\asian\n004809\0659_01.jpg,n004809,n004809,asian,asian,males,males,,,1,0.5326834,19.538364,0.46731663
data\processed\bfw\asian\n004466\0223_01.jpg,data\processed\bfw\asian\n000436\0466_01.jpg,n004466,n000436,asian,asian,males,males,,,0,-0.026820382,26.658272,1.0268204
data\processed\bfw\asian\n001976\0038_01.jpg,data\processed\bfw\asian\n001562\0334_01.jpg,n001976,n001562,asian,asian,males,males,,,0,0.053503055,29.520037,0.94649696
data\processed\bfw\asian\n006634\0089_03.jpg,data\processed\bfw\asian\n000873\0542_01.jpg,n006634,n000873,asian,asian,females,males,,,0,0.14076133,24.849064,0.8592387
data\processed\bfw\asian\n009177\0248_02.jpg,data\processed\bfw\asian\n009177\0626_01.jpg,n009177,n009177,asian,asian,females,females,,,1,0.42401737,21.842058,0.57598263
data\processed\bfw\asian\n000436\0407_01.jpg,data\processed\bfw\asian\n008401\0141_01.jpg,n000436,n008401,asian,asian,males,females,,,0,-0.09048765,29.571814,1.0904876
data\processed\bfw\asian\n004469\0170_01.jpg,data\processed\bfw\asian\n004469\0853_02.jpg,n004469,n004469,asian,asian,males,males,,,1,0.52043414,21.636547,0.47956586
data\processed\bfw\asian\n005216\0017_01.jpg,data\processed\bfw\asian\n005216\0046_01.jpg,n005216,n005216,asian,asian,females,females,,,1,0.33892217,22.504433,0.66107786
data\processed\bfw\asian\n004791\0204_01.jpg,data\processed\bfw\asian\n004791\0315_02.jpg,n004791,n004791,asian,asian,males,males,,,1,0.44053808,20.490864,0.55946195
data\processed\bfw\asian\n003824\0037_01.jpg,data\processed\bfw\asian\n003824\0091_01.jpg,n003824,n003824,asian,asian,females,females,,,1,0.5807612,19.496847,0.4192388
data\processed\bfw\asian\n009278\0026_01.jpg,data\processed\bfw\asian\n009278\0066_01.jpg,n009278,n009278,asian,asian,females,females,,,1,0.41965038,21.863104,0.5803496
data\processed\bfw\asian\n004864\0056_01.jpg,data\processed\bfw\asian\n004864\0179_01.jpg,n004864,n004864,asian,asian,females,females,,,1,0.383004,20.029593,0.616996
data\processed\bfw\asian\n003491\0081_04.jpg,data\processed\bfw\asian\n003491\0096_01.jpg,n003491,n003491,asian,asian,males,males,,,1,0.4514907,21.935308,0.5485093
data\processed\bfw\asian\n004877\0004_01.jpg,data\processed\bfw\asian\n004935\0238_01.jpg,n004877,n004935,asian,asian,females,males,,,0,-0.03339345,28.591393,1.0333935
data\processed\bfw\asian\n005077\0002_01.jpg,data\processed\bfw\asian\n005077\0094_01.jpg,n005077,n005077,asian,asian,females,females,,,1,0.42402,20.236958,0.57598
data\processed\bfw\asian\n007089\0162_01.jpg,data\processed\bfw\asian\n004680\0027_01.jpg,n007089,n004680,asian,asian,females,females,,,0,0.053225767,28.208458,0.94677424
data\processed\bfw\asian\n005072\0027_01.jpg,data\processed\bfw\asian\n000436\0002_01.jpg,n005072,n000436,asian,asian,males,males,,,0,0.020484807,29.603691,0.9795152
data\processed\bfw\asian\n004109\0122_01.jpg,data\processed\bfw\asian\n000158\0245_02.jpg,n004109,n000158,asian,asian,males,males,,,0,-0.082764395,33.380684,1.0827644
data\processed\bfw\asian\n006149\0075_01.jpg,data\processed\bfw\asian\n006149\0162_01.jpg,n006149,n006149,asian,asian,females,females,,,1,0.4661647,19.41189,0.5338353
data\processed\bfw\asian\n003288\0222_01.jpg,data\processed\bfw\asian\n003288\0628_01.jpg,n003288,n003288,asian,asian,females,females,,,1,0.30114073,20.458416,0.6988593
data\processed\bfw\asian\n004467\0293_01.jpg,data\processed\bfw\asian\n005474\0072_02.jpg,n004467,n005474,asian,asian,males,females,,,0,-0.01536153,29.698816,1.0153615
data\processed\bfw\asian\n000854\0275_01.jpg,data\processed\bfw\asian\n007899\0073_01.jpg,n000854,n007899,asian,asian,females,females,,,0,0.067288734,29.953075,0.93271124
data\processed\bfw\asian\n004466\0102_01.jpg,data\processed\bfw\asian\n006774\0070_01.jpg,n004466,n006774,asian,asian,males,females,,,0,-0.03467838,31.406668,1.0346783
data\processed\bfw\asian\n009279\0227_01.jpg,data\processed\bfw\asian\n009279\0243_03.jpg,n009279,n009279,asian,asian,females,females,,,1,0.08955247,27.032366,0.91044754
data\processed\bfw\asian\n009275\0272_01.jpg,data\processed\bfw\asian\n009275\0376_01.jpg,n009275,n009275,asian,asian,females,females,,,1,0.49304894,19.778164,0.5069511
data\processed\bfw\asian\n009294\0124_01.jpg,data\processed\bfw\asian\n009294\0222_01.jpg,n009294,n009294,asian,asian,females,females,,,1,0.5883838,18.941643,0.4116162
data\processed\bfw\asian\n006222\0071_01.jpg,data\processed\bfw\asian\n006222\0244_04.jpg,n006222,n006222,asian,asian,females,females,,,1,0.4748094,21.851957,0.5251906
data\processed\bfw\asian\n004549\0222_02.jpg,data\processed\bfw\asian\n004549\0656_02.jpg,n004549,n004549,asian,asian,females,females,,,1,0.2283236,22.992455,0.7716764
data\processed\bfw\asian\n005116\0228_03.jpg,data\processed\bfw\asian\n003506\0019_01.jpg,n005116,n003506,asian,asian,males,females,,,0,0.034375113,28.370134,0.96562487
data\processed\bfw\asian\n000161\0136_01.jpg,data\processed\bfw\asian\n000161\0237_01.jpg,n000161,n000161,asian,asian,males,males,,,1,0.14023161,26.411556,0.8597684
data\processed\bfw\asian\n005474\0118_02.jpg,data\processed\bfw\asian\n005474\0210_02.jpg,n005474,n005474,asian,asian,females,females,,,1,0.40017292,20.473713,0.59982705
data\processed\bfw\asian\n003156\0100_01.jpg,data\processed\bfw\asian\n006224\0138_01.jpg,n003156,n006224,asian,asian,males,females,,,0,0.17172687,19.005976,0.8282731
data\processed\bfw\asian\n009175\0054_01.jpg,data\processed\bfw\asian\n005071\0182_01.jpg,n009175,n005071,asian,asian,females,males,,,0,-0.02334277,31.640114,1.0233427
data\processed\bfw\asian\n003489\0112_01.jpg,data\processed\bfw\asian\n004870\0112_02.jpg,n003489,n004870,asian,asian,males,females,,,0,0.0054882998,31.884964,0.9945117
data\processed\bfw\asian\n006203\0092_06.jpg,data\processed\bfw\asian\n004935\0123_01.jpg,n006203,n004935,asian,asian,females,males,,,0,0.052341335,26.132257,0.94765866
data\processed\bfw\asian\n000137\0055_01.jpg,data\processed\bfw\asian\n000137\0120_01.jpg,n000137,n000137,asian,asian,females,females,,,1,0.4553641,22.815676,0.5446359
data\processed\bfw\asian\n009148\0027_01.jpg,data\processed\bfw\asian\n003155\1012_07.jpg,n009148,n003155,asian,asian,females,males,,,0,-0.059778012,32.04696,1.059778
data\processed\bfw\asian\n003167\0064_01.jpg,data\processed\bfw\asian\n003167\0141_01.jpg,n003167,n003167,asian,asian,males,males,,,1,0.68014777,18.612724,0.31985223
data\processed\bfw\asian\n004785\0167_02.jpg,data\processed\bfw\asian\n004785\0211_01.jpg,n004785,n004785,asian,asian,females,females,,,1,0.42221063,21.285267,0.57778937
data\processed\bfw\asian\n004469\0048_02.jpg,data\processed\bfw\asian\n004469\0083_02.jpg,n004469,n004469,asian,asian,males,males,,,1,0.53084034,23.852892,0.46915966
data\processed\bfw\asian\n007372\0177_01.jpg,data\processed\bfw\asian\n007372\0315_01.jpg,n007372,n007372,asian,asian,females,females,,,1,0.2888737,23.812515,0.7111263
data\processed\bfw\asian\n003167\0001_02.jpg,data\processed\bfw\asian\n004794\0135_01.jpg,n003167,n004794,asian,asian,males,males,,,0,0.2877054,24.212595,0.7122946
data\processed\bfw\asian\n007372\0039_01.jpg,data\processed\bfw\asian\n007372\0252_01.jpg,n007372,n007372,asian,asian,females,females,,,1,0.1389137,24.353548,0.8610863
data\processed\bfw\asian\n004680\0241_01.jpg,data\processed\bfw\asian\n007380\0601_01.jpg,n004680,n007380,asian,asian,females,females,,,0,-0.05233082,22.528423,1.0523309
data\processed\bfw\asian\n003167\0210_01.jpg,data\processed\bfw\asian\n004467\0221_02.jpg,n003167,n004467,asian,asian,males,males,,,0,0.14390656,25.862106,0.8560934
data\processed\bfw\asian\n006222\0071_01.jpg,data\processed\bfw\asian\n006222\0339_01.jpg,n006222,n006222,asian,asian,females,females,,,1,0.4592864,22.648186,0.5407136
data\processed\bfw\asian\n006344\0166_01.jpg,data\processed\bfw\asian\n006344\0350_01.jpg,n006344,n006344,asian,asian,females,females,,,1,-0.020368898,25.99072,1.0203689
data\processed\bfw\asian\n001496\0047_02.jpg,data\processed\bfw\asian\n001496\0239_01.jpg,n001496,n001496,asian,asian,males,males,,,1,0.4643081,22.694523,0.53569186
data\processed\bfw\asian\n003533\0138_01.jpg,data\processed\bfw\asian\n003533\0616_01.jpg,n003533,n003533,asian,asian,males,males,,,1,0.5967972,20.886545,0.40320277
data\processed\bfw\asian\n003635\0085_01.jpg,data\processed\bfw\asian\n000148\0013_01.jpg,n003635,n000148,asian,asian,males,females,,,0,0.02701247,26.157925,0.97298753
data\processed\bfw\asian\n005063\0249_05.jpg,data\processed\bfw\asian\n003491\0181_02.jpg,n005063,n003491,asian,asian,females,males,,,0,0.061770465,30.561462,0.93822956
data\processed\bfw\asian\n007664\0087_03.jpg,data\processed\bfw\asian\n000138\0403_01.jpg,n007664,n000138,asian,asian,females,females,,,0,0.060127962,27.210375,0.939872
data\processed\bfw\asian\n001572\0377_01.jpg,data\processed\bfw\asian\n003358\0202_01.jpg,n001572,n003358,asian,asian,females,females,,,0,0.16043948,24.542604,0.8395605
data\processed\bfw\asian\n007664\0153_01.jpg,data\processed\bfw\asian\n007664\0817_01.jpg,n007664,n007664,asian,asian,females,females,,,1,-0.036117613,26.013144,1.0361176
data\processed\bfw\asian\n003533\0101_02.jpg,data\processed\bfw\asian\n003824\0122_01.jpg,n003533,n003824,asian,asian,males,females,,,0,0.030332927,27.405146,0.9696671
data\processed\bfw\asian\n000160\0007_01.jpg,data\processed\bfw\asian\n000160\0278_01.jpg,n000160,n000160,asian,asian,females,females,,,1,0.32721004,21.691883,0.67278993
data\processed\bfw\asian\n000160\0150_01.jpg,data\processed\bfw\asian\n002775\0086_03.jpg,n000160,n002775,asian,asian,females,males,,,0,0.114341624,29.011484,0.8856584
data\processed\bfw\asian\n000137\0059_01.jpg,data\processed\bfw\asian\n000137\0097_01.jpg,n000137,n000137,asian,asian,females,females,,,1,0.50628316,20.985254,0.49371684
data\processed\bfw\asian\n002509\0315_04.jpg,data\processed\bfw\asian\n003223\0398_02.jpg,n002509,n003223,asian,asian,females,males,,,0,0.116739,25.219902,0.883261
data\processed\bfw\asian\n000838\0251_02.jpg,data\processed\bfw\asian\n005378\0294_01.jpg,n000838,n005378,asian,asian,females,females,,,0,0.089642465,26.002777,0.91035753
data\processed\bfw\asian\n004948\0091_01.jpg,data\processed\bfw\asian\n004948\0125_01.jpg,n004948,n004948,asian,asian,males,males,,,1,0.47779676,19.78925,0.5222032
data\processed\bfw\asian\n004860\0196_01.jpg,data\processed\bfw\asian\n005078\0032_01.jpg,n004860,n005078,asian,asian,females,males,,,0,-0.060678035,28.118214,1.060678
data\processed\bfw\asian\n008163\0609_02.jpg,data\processed\bfw\asian\n008163\0670_01.jpg,n008163,n008163,asian,asian,females,females,,,1,0.14728151,25.281609,0.8527185
data\processed\bfw\asian\n000138\0014_01.jpg,data\processed\bfw\asian\n000138\0066_09.jpg,n000138,n000138,asian,asian,females,females,,,1,0.43059704,19.85568,0.56940293
data\processed\bfw\asian\n000838\0044_01.jpg,data\processed\bfw\asian\n005177\0303_01.jpg,n000838,n005177,asian,asian,females,males,,,0,-0.0029133111,32.469284,1.0029134
data\processed\bfw\asian\n002775\0136_01.jpg,data\processed\bfw\asian\n004930\0044_01.jpg,n002775,n004930,asian,asian,males,females,,,0,0.012408712,32.863594,0.98759127
data\processed\bfw\asian\n009041\0069_01.jpg,data\processed\bfw\asian\n009041\0091_06.jpg,n009041,n009041,asian,asian,females,females,,,1,0.36386228,24.714811,0.6361377
data\processed\bfw\asian\n009148\0036_01.jpg,data\processed\bfw\asian\n004721\0476_01.jpg,n009148,n004721,asian,asian,females,males,,,0,0.024105374,26.49117,0.97589463
data\processed\bfw\asian\n005077\0140_01.jpg,data\processed\bfw\asian\n000838\0113_01.jpg,n005077,n000838,asian,asian,females,females,,,0,0.05998812,25.888859,0.94001186
data\processed\bfw\asian\n004930\0078_01.jpg,data\processed\bfw\asian\n005063\0030_01.jpg,n004930,n005063,asian,asian,females,females,,,0,-0.045089133,26.434805,1.0450891
data\processed\bfw\asian\n000854\0193_01.jpg,data\processed\bfw\asian\n000854\0461_01.jpg,n000854,n000854,asian,asian,females,females,,,1,0.1641459,24.724836,0.8358541
data\processed\bfw\asian\n004935\0357_01.jpg,data\processed\bfw\asian\n006203\0654_01.jpg,n004935,n006203,asian,asian,males,females,,,0,0.120605506,26.460487,0.8793945
data\processed\bfw\asian\n006774\0070_01.jpg,data\processed\bfw\asian\n006774\0364_02.jpg,n006774,n006774,asian,asian,females,females,,,1,0.11220767,29.306547,0.88779235
data\processed\bfw\asian\n004786\0088_03.jpg,data\processed\bfw\asian\n004786\0129_01.jpg,n004786,n004786,asian,asian,females,females,,,1,0.2934508,21.620409,0.70654917
data\processed\bfw\asian\n003167\0274_01.jpg,data\processed\bfw\asian\n009042\0057_01.jpg,n003167,n009042,asian,asian,males,females,,,0,-0.050541643,26.68808,1.0505416
data\processed\bfw\asian\n001976\0198_01.jpg,data\processed\bfw\asian\n001976\0694_01.jpg,n001976,n001976,asian,asian,males,males,,,1,0.45808774,20.74773,0.54191226
data\processed\bfw\asian\n003467\0112_01.jpg,data\processed\bfw\asian\n009288\0299_01.jpg,n003467,n009288,asian,asian,females,females,,,0,-0.14406385,30.65888,1.1440638
data\processed\bfw\asian\n006774\0062_01.jpg,data\processed\bfw\asian\n006774\0156_01.jpg,n006774,n006774,asian,asian,females,females,,,1,-0.008924291,27.784634,1.0089242
data\processed\bfw\asian\n009125\0064_01.jpg,data\processed\bfw\asian\n005378\0100_01.jpg,n009125,n005378,asian,asian,females,females,,,0,-0.03715975,26.231869,1.0371598
data\processed\bfw\asian\n000436\0678_02.jpg,data\processed\bfw\asian\n005071\0334_01.jpg,n000436,n005071,asian,asian,males,males,,,0,0.1742286,24.320063,0.8257714
data\processed\bfw\asian\n003482\0059_01.jpg,data\processed\bfw\asian\n003482\0227_01.jpg,n003482,n003482,asian,asian,males,males,,,1,0.13762198,29.620987,0.862378
data\processed\bfw\asian\n000840\0042_01.jpg,data\processed\bfw\asian\n004109\0525_02.jpg,n000840,n004109,asian,asian,females,males,,,0,-0.07040084,29.390615,1.0704008
data\processed\bfw\asian\n005085\0652_01.jpg,data\processed\bfw\asian\n000138\0189_01.jpg,n005085,n000138,asian,asian,females,females,,,0,0.14470206,26.358192,0.8552979
data\processed\bfw\asian\n004725\0225_01.jpg,data\processed\bfw\asian\n005085\0005_01.jpg,n004725,n005085,asian,asian,males,females,,,0,-0.11804628,27.00283,1.1180463
data\processed\bfw\asian\n003223\0154_01.jpg,data\processed\bfw\asian\n009277\0091_01.jpg,n003223,n009277,asian,asian,males,females,,,0,-0.107588105,28.42139,1.107588
data\processed\bfw\asian\n003167\0081_01.jpg,data\processed\bfw\asian\n003167\0533_01.jpg,n003167,n003167,asian,asian,males,males,,,1,0.7293312,15.975509,0.2706688
data\processed\bfw\asian\n003027\0170_01.jpg,data\processed\bfw\asian\n003027\0223_01.jpg,n003027,n003027,asian,asian,males,males,,,1,0.66684693,17.732847,0.33315307
data\processed\bfw\asian\n003491\0070_06.jpg,data\processed\bfw\asian\n008401\0297_01.jpg,n003491,n008401,asian,asian,males,females,,,0,0.030930428,28.907013,0.9690696
data\processed\bfw\asian\n004785\0280_01.jpg,data\processed\bfw\asian\n003481\0564_02.jpg,n004785,n003481,asian,asian,females,females,,,0,0.054184984,28.575113,0.945815
data\processed\bfw\asian\n005069\0234_01.jpg,data\processed\bfw\asian\n003162\0259_01.jpg,n005069,n003162,asian,asian,females,males,,,0,-0.055843737,28.929193,1.0558437
data\processed\bfw\asian\n009294\0079_01.jpg,data\processed\bfw\asian\n006418\0386_01.jpg,n009294,n006418,asian,asian,females,females,,,0,0.14457688,25.977367,0.8554231
data\processed\bfw\asian\n003156\0103_01.jpg,data\processed\bfw\asian\n003156\0119_01.jpg,n003156,n003156,asian,asian,males,males,,,1,0.23061185,23.807621,0.76938814
data\processed\bfw\asian\n002552\0142_01.jpg,data\processed\bfw\asian\n002552\0350_01.jpg,n002552,n002552,asian,asian,males,males,,,1,0.537641,18.989283,0.462359
data\processed\bfw\asian\n002775\0133_01.jpg,data\processed\bfw\asian\n002775\0187_04.jpg,n002775,n002775,asian,asian,males,males,,,1,0.41099995,24.34599,0.58900005
data\processed\bfw\asian\n001682\0096_01.jpg,data\processed\bfw\asian\n001682\0267_02.jpg,n001682,n001682,asian,asian,males,males,,,1,0.5097838,25.299152,0.4902162
data\processed\bfw\asian\n004681\0592_01.jpg,data\processed\bfw\asian\n006148\0400_01.jpg,n004681,n006148,asian,asian,males,females,,,0,0.05016073,27.826708,0.9498393
data\processed\bfw\asian\n000161\0136_01.jpg,data\processed\bfw\asian\n000161\0461_01.jpg,n000161,n000161,asian,asian,males,males,,,1,0.11499436,26.404173,0.88500565
data\processed\bfw\asian\n004935\0123_01.jpg,data\processed\bfw\asian\n004935\0210_01.jpg,n004935,n004935,asian,asian,males,males,,,1,0.47420636,21.643005,0.5257937
data\processed\bfw\asian\n003467\0055_01.jpg,data\processed\bfw\asian\n003482\0157_02.jpg,n003467,n003482,asian,asian,females,males,,,0,0.062288877,29.05574,0.9377111
data\processed\bfw\asian\n009125\0069_01.jpg,data\processed\bfw\asian\n008383\0143_01.jpg,n009125,n008383,asian,asian,females,females,,,0,0.04818542,27.190279,0.9518146
data\processed\bfw\asian\n001682\0172_02.jpg,data\processed\bfw\asian\n004864\0056_01.jpg,n001682,n004864,asian,asian,males,females,,,0,0.058736023,27.822903,0.941264
data\processed\bfw\asian\n005078\0295_03.jpg,data\processed\bfw\asian\n000143\0013_01.jpg,n005078,n000143,asian,asian,males,females,,,0,0.07177515,19.120346,0.92822486
data\processed\bfw\asian\n006148\0129_01.jpg,data\processed\bfw\asian\n006203\0663_02.jpg,n006148,n006203,asian,asian,females,females,,,0,0.20766607,24.979908,0.79233396
data\processed\bfw\asian\n005446\0185_01.jpg,data\processed\bfw\asian\n008934\0433_01.jpg,n005446,n008934,asian,asian,females,females,,,0,-0.013772218,28.994717,1.0137722
data\processed\bfw\asian\n009288\0068_01.jpg,data\processed\bfw\asian\n009288\0341_01.jpg,n009288,n009288,asian,asian,females,females,,,1,0.47194445,22.091644,0.52805555
data\processed\bfw\asian\n005474\0058_03.jpg,data\processed\bfw\asian\n005474\0129_02.jpg,n005474,n005474,asian,asian,females,females,,,1,0.27859998,22.756409,0.7214
data\processed\bfw\asian\n007899\0017_01.jpg,data\processed\bfw\asian\n000161\0255_01.jpg,n007899,n000161,asian,asian,females,males,,,0,0.14031756,27.274271,0.85968244
data\processed\bfw\asian\n002320\0027_01.jpg,data\processed\bfw\asian\n002320\0186_02.jpg,n002320,n002320,asian,asian,males,males,,,1,0.47772634,21.485327,0.52227366
data\processed\bfw\asian\n009177\0060_01.jpg,data\processed\bfw\asian\n009177\0231_01.jpg,n009177,n009177,asian,asian,females,females,,,1,0.5610989,17.849388,0.43890113
data\processed\bfw\asian\n007380\0089_01.jpg,data\processed\bfw\asian\n007380\0173_01.jpg,n007380,n007380,asian,asian,females,females,,,1,0.36609963,19.962008,0.6339004
data\processed\bfw\asian\n009148\0079_01.jpg,data\processed\bfw\asian\n009148\0103_01.jpg,n009148,n009148,asian,asian,females,females,,,1,0.4105976,20.675428,0.58940244
data\processed\bfw\asian\n004472\0007_01.jpg,data\processed\bfw\asian\n004472\0295_03.jpg,n004472,n004472,asian,asian,females,females,,,1,0.40720686,20.580856,0.5927931
data\processed\bfw\asian\n003557\0165_01.jpg,data\processed\bfw\asian\n003557\0181_03.jpg,n003557,n003557,asian,asian,females,females,,,1,0.40521327,20.48457,0.59478676
data\processed\bfw\asian\n006203\0333_01.jpg,data\processed\bfw\asian\n009103\0106_01.jpg,n006203,n009103,asian,asian,females,females,,,0,0.062916376,23.842508,0.9370836
data\processed\bfw\asian\n006224\0067_01.jpg,data\processed\bfw\asian\n006224\0198_01.jpg,n006224,n006224,asian,asian,females,females,,,1,0.2875395,24.763702,0.7124605
data\processed\bfw\asian\n005446\0141_01.jpg,data\processed\bfw\asian\n004864\0056_01.jpg,n005446,n004864,asian,asian,females,females,,,0,0.17586751,22.850534,0.8241325
data\processed\bfw\asian\n005378\0176_01.jpg,data\processed\bfw\asian\n006634\0118_01.jpg,n005378,n006634,asian,asian,females,females,,,0,0.09880071,18.80939,0.9011993
data\processed\bfw\asian\n007899\0097_01.jpg,data\processed\bfw\asian\n007664\0047_01.jpg,n007899,n007664,asian,asian,females,females,,,0,0.097917646,27.467249,0.9020823
data\processed\bfw\asian\n004787\0101_02.jpg,data\processed\bfw\asian\n004787\0398_01.jpg,n004787,n004787,asian,asian,females,females,,,1,0.35281813,20.790741,0.64718187
data\processed\bfw\asian\n000137\0187_01.jpg,data\processed\bfw\asian\n000137\0265_01.jpg,n000137,n000137,asian,asian,females,females,,,1,0.33923998,21.559542,0.66076005
data\processed\bfw\asian\n006344\0051_03.jpg,data\processed\bfw\asian\n006344\0253_01.jpg,n006344,n006344,asian,asian,females,females,,,1,0.48560148,20.839693,0.5143985
data\processed\bfw\asian\n008401\0166_01.jpg,data\processed\bfw\asian\n008401\0247_01.jpg,n008401,n008401,asian,asian,females,females,,,1,0.60793555,20.015799,0.39206445
data\processed\bfw\asian\n003824\0148_01.jpg,data\processed\bfw\asian\n003824\0262_01.jpg,n003824,n003824,asian,asian,females,females,,,1,0.2702932,22.932116,0.72970676
data\processed\bfw\asian\n004221\0164_03.jpg,data\processed\bfw\asian\n007814\0175_01.jpg,n004221,n007814,asian,asian,males,females,,,0,-0.073513635,28.336733,1.0735136
data\processed\bfw\asian\n003824\0037_01.jpg,data\processed\bfw\asian\n003824\0697_01.jpg,n003824,n003824,asian,asian,females,females,,,1,0.46718046,20.74075,0.5328195
data\processed\bfw\asian\n009148\0005_01.jpg,data\processed\bfw\asian\n000160\0109_01.jpg,n009148,n000160,asian,asian,females,females,,,0,0.022060405,27.937178,0.9779396
data\processed\bfw\asian\n004472\0172_03.jpg,data\processed\bfw\asian\n004472\0295_02.jpg,n004472,n004472,asian,asian,females,females,,,1,0.2769262,21.436176,0.72307384
data\processed\bfw\asian\n008934\0029_02.jpg,data\processed\bfw\asian\n008934\0050_01.jpg,n008934,n008934,asian,asian,females,females,,,1,0.5033381,21.852335,0.4966619
data\processed\bfw\asian\n003449\0242_01.jpg,data\processed\bfw\asian\n000158\0034_01.jpg,n003449,n000158,asian,asian,females,males,,,0,-0.028919116,30.095407,1.0289191
data\processed\bfw\asian\n007899\0222_01.jpg,data\processed\bfw\asian\n009041\0091_06.jpg,n007899,n009041,asian,asian,females,females,,,0,0.04989226,29.872961,0.95010775
data\processed\bfw\asian\n009148\0050_05.jpg,data\processed\bfw\asian\n004725\0079_01.jpg,n009148,n004725,asian,asian,females,males,,,0,-0.07258218,32.321827,1.0725821
data\processed\bfw\asian\n000838\0044_01.jpg,data\processed\bfw\asian\n000838\0070_01.jpg,n000838,n000838,asian,asian,females,females,,,1,0.53561306,22.245651,0.46438694
data\processed\bfw\asian\n001976\0235_03.jpg,data\processed\bfw\asian\n007378\0175_01.jpg,n001976,n007378,asian,asian,males,females,,,0,0.022446444,27.361599,0.97755355
data\processed\bfw\asian\n007814\0185_02.jpg,data\processed\bfw\asian\n004680\0133_02.jpg,n007814,n004680,asian,asian,females,females,,,0,-0.21512856,29.221647,1.2151285
data\processed\bfw\asian\n000009\0216_01.jpg,data\processed\bfw\asian\n000009\0244_01.jpg,n000009,n000009,asian,asian,females,females,,,1,0.029886466,24.87603,0.9701135
data\processed\bfw\asian\n003449\0183_01.jpg,data\processed\bfw\asian\n004794\0043_01.jpg,n003449,n004794,asian,asian,females,males,,,0,0.047230147,24.848372,0.9527699
data\processed\bfw\asian\n000148\0153_01.jpg,data\processed\bfw\asian\n009103\0724_01.jpg,n000148,n009103,asian,asian,females,females,,,0,-0.1845604,31.810541,1.1845604
data\processed\bfw\asian\n002552\0074_01.jpg,data\processed\bfw\asian\n002552\0106_01.jpg,n002552,n002552,asian,asian,males,males,,,1,0.4588554,19.703478,0.5411446
data\processed\bfw\asian\n000137\0012_01.jpg,data\processed\bfw\asian\n000158\0404_01.jpg,n000137,n000158,asian,asian,females,males,,,0,-5.59547e-05,28.895264,1.0000559
data\processed\bfw\asian\n004935\0143_02.jpg,data\processed\bfw\asian\n003223\0398_02.jpg,n004935,n003223,asian,asian,males,males,,,0,-0.005663208,30.98696,1.0056632
data\processed\bfw\asian\n000138\0153_02.jpg,data\processed\bfw\asian\n000138\0189_01.jpg,n000138,n000138,asian,asian,females,females,,,1,0.33269656,23.024345,0.66730344
data\processed\bfw\asian\n002644\0116_01.jpg,data\processed\bfw\asian\n005071\0096_01.jpg,n002644,n005071,asian,asian,males,males,,,0,0.0053815567,25.723366,0.9946184
data\processed\bfw\asian\n000132\0027_01__face_0.jpg,data\processed\bfw\asian\n000132\0153_01__face_0.jpg,n000132,n000132,asian,asian,males,males,,,1,0.45199546,19.540596,0.5480045
data\processed\bfw\asian\n008401\0053_01.jpg,data\processed\bfw\asian\n008401\0137_01.jpg,n008401,n008401,asian,asian,females,females,,,1,0.65578645,17.011715,0.34421355
data\processed\bfw\asian\n009103\0106_01.jpg,data\processed\bfw\asian\n009103\0421_01.jpg,n009103,n009103,asian,asian,females,females,,,1,0.28532675,22.683052,0.7146733
data\processed\bfw\asian\n006736\0367_01.jpg,data\processed\bfw\asian\n005216\0220_01.jpg,n006736,n005216,asian,asian,females,females,,,0,0.14420456,26.941792,0.85579544
data\processed\bfw\asian\n000135\0272_01.jpg,data\processed\bfw\asian\n008163\0035_02.jpg,n000135,n008163,asian,asian,females,females,,,0,0.08221243,24.081259,0.91778755
data\processed\bfw\asian\n008163\0609_02.jpg,data\processed\bfw\asian\n004800\0139_02.jpg,n008163,n004800,asian,asian,females,males,,,0,-0.034990396,26.150564,1.0349904
data\processed\bfw\asian\n007378\0071_01.jpg,data\processed\bfw\asian\n007378\0082_07.jpg,n007378,n007378,asian,asian,females,females,,,1,0.27683377,21.989319,0.7231662
data\processed\bfw\asian\n000143\0156_04.jpg,data\processed\bfw\asian\n000143\0187_01.jpg,n000143,n000143,asian,asian,females,females,,,1,0.07969451,23.757296,0.9203055
data\processed\bfw\asian\n000138\0067_01.jpg,data\processed\bfw\asian\n000138\0082_01.jpg,n000138,n000138,asian,asian,females,females,,,1,0.5267468,19.320564,0.4732532
data\processed\bfw\asian\n006125\0120_01.jpg,data\processed\bfw\asian\n006125\0253_01.jpg,n006125,n006125,asian,asian,females,females,,,1,0.30800655,21.040226,0.6919935
data\processed\bfw\asian\n007899\0031_01.jpg,data\processed\bfw\asian\n000132\0299_02__face_0.jpg,n007899,n000132,asian,asian,females,males,,,0,0.077199034,27.311403,0.92280096
data\processed\bfw\asian\n004687\0037_01.jpg,data\processed\bfw\asian\n004687\0307_01.jpg,n004687,n004687,asian,asian,females,females,,,1,0.44100454,20.735104,0.5589955
data\processed\bfw\asian\n000837\0206_02.jpg,data\processed\bfw\asian\n007385\0044_01.jpg,n000837,n007385,asian,asian,females,females,,,0,0.1603728,27.41094,0.8396272
data\processed\bfw\asian\n003288\0579_02.jpg,data\processed\bfw\asian\n003533\0612_01.jpg,n003288,n003533,asian,asian,females,males,,,0,-0.07666718,27.86569,1.0766672
data\processed\bfw\asian\n004791\0205_02.jpg,data\processed\bfw\asian\n001562\0080_02.jpg,n004791,n001562,asian,asian,males,males,,,0,0.10706938,29.97458,0.8929306
data\processed\bfw\asian\n000873\0061_01.jpg,data\processed\bfw\asian\n005069\0017_02.jpg,n000873,n005069,asian,asian,males,females,,,0,0.158085,25.41838,0.841915
data\processed\bfw\asian\n000137\0050_01.jpg,data\processed\bfw\asian\n000137\0120_01.jpg,n000137,n000137,asian,asian,females,females,,,1,0.4672799,21.728966,0.5327201
data\processed\bfw\asian\n004466\0108_01.jpg,data\processed\bfw\asian\n000839\0295_01.jpg,n004466,n000839,asian,asian,males,females,,,0,0.026126599,28.992477,0.9738734
data\processed\bfw\asian\n004467\0186_01.jpg,data\processed\bfw\asian\n004467\0656_01.jpg,n004467,n004467,asian,asian,males,males,,,1,0.4107929,21.606014,0.5892071
data\processed\bfw\asian\n001496\0133_01.jpg,data\processed\bfw\asian\n001496\0149_01.jpg,n001496,n001496,asian,asian,males,males,,,1,0.68491447,17.186504,0.31508553
data\processed\bfw\asian\n004549\0065_01.jpg,data\processed\bfw\asian\n004549\0198_04.jpg,n004549,n004549,asian,asian,females,females,,,1,0.3360085,23.716446,0.6639915
data\processed\bfw\asian\n003153\0219_02.jpg,data\processed\bfw\asian\n003358\0216_01.jpg,n003153,n003358,asian,asian,females,females,,,0,0.08748478,24.476276,0.9125152
data\processed\bfw\asian\n004466\0153_01.jpg,data\processed\bfw\asian\n004466\0184_01.jpg,n004466,n004466,asian,asian,males,males,,,1,0.049469315,23.743254,0.9505307
data\processed\bfw\asian\n009275\0039_01.jpg,data\processed\bfw\asian\n009275\0397_03.jpg,n009275,n009275,asian,asian,females,females,,,1,0.63590086,18.013084,0.36409914
data\processed\bfw\asian\n006633\0120_03.jpg,data\processed\bfw\asian\n006633\0283_02.jpg,n006633,n006633,asian,asian,females,females,,,1,0.37593272,21.713207,0.6240673
data\processed\bfw\asian\n005216\0154_03.jpg,data\processed\bfw\asian\n008383\0014_01.jpg,n005216,n008383,asian,asian,females,females,,,0,-0.059096985,27.39402,1.0590969
data\processed\bfw\asian\n005069\0559_02.jpg,data\processed\bfw\asian\n007378\0071_01.jpg,n005069,n007378,asian,asian,females,females,,,0,0.13327077,24.688671,0.86672926
data\processed\bfw\asian\n006344\0012_01.jpg,data\processed\bfw\asian\n006344\0282_01.jpg,n006344,n006344,asian,asian,females,females,,,1,0.39624122,19.182312,0.6037588
data\processed\bfw\asian\n006634\0679_01.jpg,data\processed\bfw\asian\n005378\0388_01.jpg,n006634,n005378,asian,asian,females,females,,,0,-0.11183066,28.714653,1.1118307
data\processed\bfw\asian\n009275\0188_01.jpg,data\processed\bfw\asian\n009275\0397_05.jpg,n009275,n009275,asian,asian,females,females,,,1,0.07772045,24.953743,0.92227954
data\processed\bfw\asian\n009294\0084_01.jpg,data\processed\bfw\asian\n009294\0251_02.jpg,n009294,n009294,asian,asian,females,females,,,1,0.31425613,22.648165,0.68574387
data\processed\bfw\asian\n000161\0461_01.jpg,data\processed\bfw\asian\n003491\0181_02.jpg,n000161,n003491,asian,asian,males,males,,,0,0.11867393,25.497158,0.8813261
data\processed\bfw\asian\n008401\0023_01.jpg,data\processed\bfw\asian\n008401\0399_01.jpg,n008401,n008401,asian,asian,females,females,,,1,0.48011762,20.327452,0.5198824
data\processed\bfw\asian\n004108\0176_01.jpg,data\processed\bfw\asian\n004108\0337_02.jpg,n004108,n004108,asian,asian,males,males,,,1,0.2925726,21.09019,0.7074274
data\processed\bfw\asian\n000161\0125_01.jpg,data\processed\bfw\asian\n003288\0230_01.jpg,n000161,n003288,asian,asian,males,females,,,0,-0.033425044,28.636608,1.0334251
data\processed\bfw\asian\n004864\0148_01.jpg,data\processed\bfw\asian\n004864\0588_04.jpg,n004864,n004864,asian,asian,females,females,,,1,0.41408402,21.860737,0.585916
data\processed\bfw\asian\n005072\0043_05.jpg,data\processed\bfw\asian\n005072\0235_01.jpg,n005072,n005072,asian,asian,males,males,,,1,0.47036085,20.863667,0.5296391
data\processed\bfw\asian\n006344\0577_01.jpg,data\processed\bfw\asian\n002509\0139_03.jpg,n006344,n002509,asian,asian,females,females,,,0,-0.036360495,26.707693,1.0363605
data\processed\bfw\asian\n008934\0053_01.jpg,data\processed\bfw\asian\n004472\0295_02.jpg,n008934,n004472,asian,asian,females,females,,,0,0.06268868,27.545704,0.9373113
data\processed\bfw\asian\n003358\0437_01.jpg,data\processed\bfw\asian\n005216\0026_01.jpg,n003358,n005216,asian,asian,females,females,,,0,0.19314732,25.753143,0.8068527
data\processed\bfw\asian\n001976\0441_01.jpg,data\processed\bfw\asian\n001976\0458_02.jpg,n001976,n001976,asian,asian,males,males,,,1,0.16261399,24.948881,0.837386
data\processed\bfw\asian\n001562\0111_01.jpg,data\processed\bfw\asian\n006633\0036_02.jpg,n001562,n006633,asian,asian,males,females,,,0,-0.034024455,28.624971,1.0340245
data\processed\bfw\asian\n004935\0061_01.jpg,data\processed\bfw\asian\n006125\0101_01.jpg,n004935,n006125,asian,asian,males,females,,,0,0.007938523,26.929842,0.9920615
data\processed\bfw\asian\n006774\0058_01.jpg,data\processed\bfw\asian\n004791\0253_01.jpg,n006774,n004791,asian,asian,females,males,,,0,-0.019300625,27.472893,1.0193006
data\processed\bfw\asian\n006126\0055_01.jpg,data\processed\bfw\asian\n006634\0114_01.jpg,n006126,n006634,asian,asian,females,females,,,0,0.1958981,24.258911,0.8041019
data\processed\bfw\asian\n001976\0119_01.jpg,data\processed\bfw\asian\n001976\0622_02.jpg,n001976,n001976,asian,asian,males,males,,,1,0.29174137,20.825693,0.7082586
data\processed\bfw\asian\n006148\0030_01.jpg,data\processed\bfw\asian\n006148\0165_01.jpg,n006148,n006148,asian,asian,females,females,,,1,0.6071761,18.158434,0.39282387
data\processed\bfw\asian\n003358\0149_02.jpg,data\processed\bfw\asian\n003358\0702_01.jpg,n003358,n003358,asian,asian,females,females,,,1,0.29912245,20.440865,0.70087755
data\processed\bfw\asian\n005063\0089_02.jpg,data\processed\bfw\asian\n003027\0470_01.jpg,n005063,n003027,asian,asian,females,males,,,0,-0.012939232,27.15348,1.0129392
data\processed\bfw\asian\n002644\0123_02.jpg,data\processed\bfw\asian\n002644\0319_01.jpg,n002644,n002644,asian,asian,males,males,,,1,0.42531636,20.9101,0.57468367
data\processed\bfw\asian\n007738\0265_01.jpg,data\processed\bfw\asian\n003506\0307_01.jpg,n007738,n003506,asian,asian,females,females,,,0,0.03925418,26.258776,0.9607458
data\processed\bfw\asian\n001976\0121_02.jpg,data\processed\bfw\asian\n001976\0665_02.jpg,n001976,n001976,asian,asian,males,males,,,1,0.18170805,23.185196,0.81829196
data\processed\bfw\asian\n009137\0521_02.jpg,data\processed\bfw\asian\n002331\0054_02.jpg,n009137,n002331,asian,asian,females,males,,,0,0.04346109,29.398754,0.9565389
data\processed\bfw\asian\n003167\0532_01.jpg,data\processed\bfw\asian\n004936\0345_01.jpg,n003167,n004936,asian,asian,males,females,,,0,-0.16823795,29.702639,1.1682379
data\processed\bfw\asian\n004680\0113_02.jpg,data\processed\bfw\asian\n004786\0011_02.jpg,n004680,n004786,asian,asian,females,females,,,0,0.054163657,27.552153,0.94583637
data\processed\bfw\asian\n001976\0622_02.jpg,data\processed\bfw\asian\n000839\0497_02.jpg,n001976,n000839,asian,asian,males,females,,,0,-0.09302534,26.286268,1.0930253
data\processed\bfw\asian\n005378\0093_02.jpg,data\processed\bfw\asian\n005378\0354_01.jpg,n005378,n005378,asian,asian,females,females,,,1,0.24195628,23.938828,0.7580437
data\processed\bfw\asian\n003027\0161_01.jpg,data\processed\bfw\asian\n009041\0077_01.jpg,n003027,n009041,asian,asian,males,females,,,0,-0.13129528,32.712276,1.1312953
data\processed\bfw\asian\n003557\0007_02.jpg,data\processed\bfw\asian\n002775\0133_01.jpg,n003557,n002775,asian,asian,females,males,,,0,-0.052808773,30.560648,1.0528088
data\processed\bfw\asian\n003355\0056_01.jpg,data\processed\bfw\asian\n002406\0126_01.jpg,n003355,n002406,asian,asian,males,males,,,0,0.050713334,27.363098,0.94928664
data\processed\bfw\asian\n004686\0072_01.jpg,data\processed\bfw\asian\n004686\0085_01.jpg,n004686,n004686,asian,asian,males,males,,,1,0.64967,16.607798,0.35033
data\processed\bfw\asian\n008401\0391_01.jpg,data\processed\bfw\asian\n008401\0405_01.jpg,n008401,n008401,asian,asian,females,females,,,1,0.12961139,22.736456,0.8703886
data\processed\bfw\asian\n006222\0015_01.jpg,data\processed\bfw\asian\n006222\0047_01.jpg,n006222,n006222,asian,asian,females,females,,,1,0.41599214,21.251766,0.58400786
data\processed\bfw\asian\n002320\0013_05.jpg,data\processed\bfw\asian\n001864\0021_01.jpg,n002320,n001864,asian,asian,males,males,,,0,-0.0640525,24.514055,1.0640525
data\processed\bfw\asian\n002320\0072_01.jpg,data\processed\bfw\asian\n005071\0279_02.jpg,n002320,n005071,asian,asian,males,males,,,0,-0.007912823,27.081734,1.0079129
data\processed\bfw\asian\n003355\0024_07.jpg,data\processed\bfw\asian\n003355\0620_01.jpg,n003355,n003355,asian,asian,males,males,,,1,0.56467766,18.020042,0.43532234
data\processed\bfw\asian\n004948\0091_01.jpg,data\processed\bfw\asian\n004948\0378_02.jpg,n004948,n004948,asian,asian,males,males,,,1,-0.12570561,27.9219,1.1257056
data\processed\bfw\asian\n006418\0140_02.jpg,data\processed\bfw\asian\n006418\0235_01.jpg,n006418,n006418,asian,asian,females,females,,,1,0.2554713,21.498522,0.7445287
data\processed\bfw\asian\n000854\0060_01.jpg,data\processed\bfw\asian\n000854\0239_01.jpg,n000854,n000854,asian,asian,females,females,,,1,0.3991528,20.716364,0.60084724
data\processed\bfw\asian\n004680\0260_01.jpg,data\processed\bfw\asian\n003357\0469_01.jpg,n004680,n003357,asian,asian,females,females,,,0,0.120850325,23.489948,0.8791497
data\processed\bfw\asian\n003557\0017_02.jpg,data\processed\bfw\asian\n003557\0165_01.jpg,n003557,n003557,asian,asian,females,females,,,1,0.46138382,18.818098,0.5386162
data\processed\bfw\asian\n005071\0115_02.jpg,data\processed\bfw\asian\n005071\0483_01.jpg,n005071,n005071,asian,asian,males,males,,,1,0.41555694,22.628937,0.5844431
data\processed\bfw\asian\n001976\0458_02.jpg,data\processed\bfw\asian\n003357\0538_01.jpg,n001976,n003357,asian,asian,males,females,,,0,-0.18446243,28.263233,1.1844624
data\processed\bfw\asian\n003481\0345_01.jpg,data\processed\bfw\asian\n003481\0431_01.jpg,n003481,n003481,asian,asian,females,females,,,1,0.061067037,25.818163,0.93893296
data\processed\bfw\asian\n003533\0128_01.jpg,data\processed\bfw\asian\n004785\0603_01.jpg,n003533,n004785,asian,asian,males,females,,,0,-0.05274206,28.140581,1.052742
data\processed\bfw\asian\n003491\0019_01.jpg,data\processed\bfw\asian\n003491\0081_04.jpg,n003491,n003491,asian,asian,males,males,,,1,0.56963164,20.869402,0.43036836
data\processed\bfw\asian\n005063\0042_01.jpg,data\processed\bfw\asian\n005063\0044_03.jpg,n005063,n005063,asian,asian,females,females,,,1,0.45494828,21.026058,0.5450517
data\processed\bfw\asian\n003463\0017_01.jpg,data\processed\bfw\asian\n002552\0237_02.jpg,n003463,n002552,asian,asian,males,males,,,0,0.076225325,27.776112,0.92377466
data\processed\bfw\asian\n000138\0078_01.jpg,data\processed\bfw\asian\n009294\0124_01.jpg,n000138,n009294,asian,asian,females,females,,,0,-0.13473387,31.84407,1.1347339
data\processed\bfw\asian\n004930\0103_01.jpg,data\processed\bfw\asian\n004930\0155_01.jpg,n004930,n004930,asian,asian,females,females,,,1,0.49776623,20.35064,0.50223374
data\processed\bfw\asian\n002552\0530_01.jpg,data\processed\bfw\asian\n007664\0053_01.jpg,n002552,n007664,asian,asian,males,females,,,0,-0.004427557,26.06982,1.0044276
data\processed\bfw\asian\n000856\0046_01.jpg,data\processed\bfw\asian\n000856\0070_01.jpg,n000856,n000856,asian,asian,females,females,,,1,0.4721759,20.730799,0.5278241
data\processed\bfw\asian\n004469\0038_01.jpg,data\processed\bfw\asian\n004469\0083_02.jpg,n004469,n004469,asian,asian,males,males,,,1,0.47393057,24.681566,0.5260694
data\processed\bfw\asian\n009294\0018_02.jpg,data\processed\bfw\asian\n009294\0081_01.jpg,n009294,n009294,asian,asian,females,females,,,1,0.3870113,25.263485,0.6129887
data\processed\bfw\asian\n004549\0202_01.jpg,data\processed\bfw\asian\n006418\1023_02.jpg,n004549,n006418,asian,asian,females,females,,,0,0.14291961,22.47363,0.8570804
data\processed\bfw\asian\n004809\0013_10.jpg,data\processed\bfw\asian\n004805\0357_01.jpg,n004809,n004805,asian,asian,males,males,,,0,0.10429227,22.194088,0.8957077
data\processed\bfw\asian\n006159\0045_01.jpg,data\processed\bfw\asian\n004108\0229_02.jpg,n006159,n004108,asian,asian,females,males,,,0,-0.028433667,30.74823,1.0284337
data\processed\bfw\asian\n008163\0034_04.jpg,data\processed\bfw\asian\n008163\0645_01.jpg,n008163,n008163,asian,asian,females,females,,,1,0.5597588,20.300695,0.44024122
data\processed\bfw\asian\n005177\0076_01.jpg,data\processed\bfw\asian\n005177\0321_01.jpg,n005177,n005177,asian,asian,males,males,,,1,0.50234574,20.479576,0.49765426
data\processed\bfw\asian\n006148\0014_03.jpg,data\processed\bfw\asian\n006148\0609_01.jpg,n006148,n006148,asian,asian,females,females,,,1,0.46145493,21.521097,0.5385451
data\processed\bfw\asian\n001976\0198_01.jpg,data\processed\bfw\asian\n004680\0180_01.jpg,n001976,n004680,asian,asian,males,females,,,0,0.014732025,28.28,0.985268
data\processed\bfw\asian\n001562\0009_02.jpg,data\processed\bfw\asian\n001562\0111_01.jpg,n001562,n001562,asian,asian,males,males,,,1,0.5798702,19.48017,0.42012978
data\processed\bfw\asian\n007899\0172_04.jpg,data\processed\bfw\asian\n003491\0147_05.jpg,n007899,n003491,asian,asian,females,males,,,0,0.08219926,28.68707,0.9178007
data\processed\bfw\asian\n006222\0002_01.jpg,data\processed\bfw\asian\n004930\0286_01.jpg,n006222,n004930,asian,asian,females,females,,,0,0.11025472,28.027819,0.8897453
data\processed\bfw\asian\n009275\0034_02.jpg,data\processed\bfw\asian\n009275\0158_05.jpg,n009275,n009275,asian,asian,females,females,,,1,0.27045932,22.138527,0.7295407
data\processed\bfw\asian\n009277\0091_01.jpg,data\processed\bfw\asian\n002331\0029_01.jpg,n009277,n002331,asian,asian,females,males,,,0,0.0051858295,30.06005,0.99481416
data\processed\bfw\asian\n003463\0008_01.jpg,data\processed\bfw\asian\n003463\0110_01.jpg,n003463,n003463,asian,asian,males,males,,,1,0.62772775,18.160814,0.37227225
data\processed\bfw\asian\n004466\0349_01.jpg,data\processed\bfw\asian\n004948\0536_02.jpg,n004466,n004948,asian,asian,males,males,,,0,-0.07325928,30.138601,1.0732592
data\processed\bfw\asian\n009125\0193_01.jpg,data\processed\bfw\asian\n009125\0196_01.jpg,n009125,n009125,asian,asian,females,females,,,1,0.34355503,22.313707,0.65644497
data\processed\bfw\asian\n009294\0063_01.jpg,data\processed\bfw\asian\n009294\0079_01.jpg,n009294,n009294,asian,asian,females,females,,,1,0.57593876,19.256891,0.42406124
data\processed\bfw\asian\n003288\0562_01.jpg,data\processed\bfw\asian\n007270\0471_01.jpg,n003288,n007270,asian,asian,females,females,,,0,0.039506484,24.310034,0.9604935
data\processed\bfw\asian\n003162\0024_01.jpg,data\processed\bfw\asian\n000838\0247_01.jpg,n003162,n000838,asian,asian,males,females,,,0,-0.06726136,34.18482,1.0672613
data\processed\bfw\asian\n009042\0036_01.jpg,data\processed\bfw\asian\n009042\0043_01.jpg,n009042,n009042,asian,asian,females,females,,,1,0.55641407,21.473022,0.44358593
data\processed\bfw\asian\n000137\0032_01.jpg,data\processed\bfw\asian\n004860\0068_01.jpg,n000137,n004860,asian,asian,females,females,,,0,0.016150344,28.836866,0.98384964
data\processed\bfw\asian\n003167\0571_01.jpg,data\processed\bfw\asian\n003167\0595_01.jpg,n003167,n003167,asian,asian,males,males,,,1,0.5551411,21.322495,0.4448589
data\processed\bfw\asian\n009042\0250_01.jpg,data\processed\bfw\asian\n000872\0200_01.jpg,n009042,n000872,asian,asian,females,males,,,0,-0.019540096,27.989246,1.0195401
data\processed\bfw\asian\n004469\0107_01.jpg,data\processed\bfw\asian\n004469\0124_01.jpg,n004469,n004469,asian,asian,males,males,,,1,-0.008002031,31.417902,1.008002
data\processed\bfw\asian\n004686\0282_01.jpg,data\processed\bfw\asian\n008148\0195_01.jpg,n004686,n008148,asian,asian,males,females,,,0,-0.04889416,31.094376,1.0488942
data\processed\bfw\asian\n009042\0402_02.jpg,data\processed\bfw\asian\n009175\0486_01.jpg,n009042,n009175,asian,asian,females,females,,,0,0.019342175,28.792093,0.9806578
data\processed\bfw\asian\n001682\0088_01.jpg,data\processed\bfw\asian\n001682\0177_01.jpg,n001682,n001682,asian,asian,males,males,,,1,0.15428337,29.508984,0.8457166
data\processed\bfw\asian\n004469\0019_02.jpg,data\processed\bfw\asian\n004469\0108_02.jpg,n004469,n004469,asian,asian,males,males,,,1,0.66553307,17.862713,0.33446693
data\processed\bfw\asian\n002644\0231_02.jpg,data\processed\bfw\asian\n007814\0287_01.jpg,n002644,n007814,asian,asian,males,females,,,0,-0.052451245,27.307747,1.0524513
data\processed\bfw\asian\n009277\0067_01.jpg,data\processed\bfw\asian\n000436\0466_01.jpg,n009277,n000436,asian,asian,females,males,,,0,-0.07444342,27.560001,1.0744435
data\processed\bfw\asian\n008383\0268_01.jpg,data\processed\bfw\asian\n009041\0562_01.jpg,n008383,n009041,asian,asian,females,females,,,0,-0.025159247,27.908417,1.0251592
data\processed\bfw\asian\n006203\0654_01.jpg,data\processed\bfw\asian\n004687\0037_01.jpg,n006203,n004687,asian,asian,females,females,,,0,0.15348563,23.70356,0.84651434
data\processed\bfw\asian\n005446\0480_01.jpg,data\processed\bfw\asian\n003489\0068_01.jpg,n005446,n003489,asian,asian,females,males,,,0,-0.024943853,27.442163,1.0249438
data\processed\bfw\asian\n006159\0011_01.jpg,data\processed\bfw\asian\n006159\0064_02.jpg,n006159,n006159,asian,asian,females,females,,,1,0.57043916,25.089777,0.42956084
data\processed\bfw\asian\n009287\0160_01.jpg,data\processed\bfw\asian\n007899\0213_01.jpg,n009287,n007899,asian,asian,females,females,,,0,0.14290817,26.7569,0.85709184
data\processed\bfw\asian\n009175\0007_01.jpg,data\processed\bfw\asian\n009175\0028_01.jpg,n009175,n009175,asian,asian,females,females,,,1,0.52953047,19.75794,0.47046953
data\processed\bfw\asian\n006125\0120_01.jpg,data\processed\bfw\asian\n005069\0110_02.jpg,n006125,n005069,asian,asian,females,females,,,0,0.06551712,27.846575,0.9344829
data\processed\bfw\asian\n006148\0242_02.jpg,data\processed\bfw\asian\n009103\0291_01.jpg,n006148,n009103,asian,asian,females,females,,,0,-0.07292331,30.390545,1.0729233
data\processed\bfw\asian\n005071\0581_01.jpg,data\processed\bfw\asian\n004805\0441_05.jpg,n005071,n004805,asian,asian,males,males,,,0,-0.08426039,30.949417,1.0842603
data\processed\bfw\asian\n009042\0017_03.jpg,data\processed\bfw\asian\n009042\0020_01.jpg,n009042,n009042,asian,asian,females,females,,,1,0.14500771,29.3016,0.8549923
data\processed\bfw\asian\n009278\0259_01.jpg,data\processed\bfw\asian\n004870\0112_02.jpg,n009278,n004870,asian,asian,females,females,,,0,-0.0069023333,30.242382,1.0069023
data\processed\bfw\asian\n007899\0082_01.jpg,data\processed\bfw\asian\n004805\0015_01.jpg,n007899,n004805,asian,asian,females,males,,,0,0.017779442,24.28521,0.98222053
data\processed\bfw\asian\n007664\0053_01.jpg,data\processed\bfw\asian\n003533\0050_01.jpg,n007664,n003533,asian,asian,females,males,,,0,-0.006011811,33.069942,1.0060118
data\processed\bfw\asian\n005078\0092_02.jpg,data\processed\bfw\asian\n003506\0637_01.jpg,n005078,n003506,asian,asian,males,females,,,0,0.14257468,27.322159,0.85742533
data\processed\bfw\asian\n001562\0070_01.jpg,data\processed\bfw\asian\n001562\0092_02.jpg,n001562,n001562,asian,asian,males,males,,,1,0.13133484,22.449951,0.86866516
data\processed\bfw\asian\n009103\0035_01.jpg,data\processed\bfw\asian\n009103\0365_05.jpg,n009103,n009103,asian,asian,females,females,,,1,0.3974431,22.877825,0.60255694
data\processed\bfw\asian\n003354\0104_01.jpg,data\processed\bfw\asian\n003354\0243_01.jpg,n003354,n003354,asian,asian,females,females,,,1,0.10861679,24.83096,0.89138323
data\processed\bfw\asian\n005446\0201_01.jpg,data\processed\bfw\asian\n005446\0279_01.jpg,n005446,n005446,asian,asian,females,females,,,1,0.5127642,19.087006,0.48723578
data\processed\bfw\asian\n007664\0066_01.jpg,data\processed\bfw\asian\n007664\0106_01.jpg,n007664,n007664,asian,asian,females,females,,,1,0.9173917,7.879083,0.08260828
data\processed\bfw\asian\n009175\0066_01.jpg,data\processed\bfw\asian\n000856\0079_01.jpg,n009175,n000856,asian,asian,females,females,,,0,0.098941974,27.653366,0.901058
data\processed\bfw\asian\n001572\0349_01.jpg,data\processed\bfw\asian\n004721\0046_01.jpg,n001572,n004721,asian,asian,females,males,,,0,-0.10796575,27.886992,1.1079657
data\processed\bfw\asian\n000872\0098_01.jpg,data\processed\bfw\asian\n000872\0581_01.jpg,n000872,n000872,asian,asian,males,males,,,1,0.35545573,27.592,0.64454424
data\processed\bfw\asian\n003489\0323_01.jpg,data\processed\bfw\asian\n007380\0525_01.jpg,n003489,n007380,asian,asian,males,females,,,0,0.08865057,21.271801,0.9113494
data\processed\bfw\asian\n006148\0165_01.jpg,data\processed\bfw\asian\n006148\0254_01.jpg,n006148,n006148,asian,asian,females,females,,,1,0.46158877,22.600443,0.53841126
data\processed\bfw\asian\n004805\0012_02.jpg,data\processed\bfw\asian\n000872\0137_01.jpg,n004805,n000872,asian,asian,males,males,,,0,0.05052705,27.547455,0.94947296
data\processed\bfw\asian\n004680\0116_01.jpg,data\processed\bfw\asian\n003489\0020_01.jpg,n004680,n003489,asian,asian,females,males,,,0,-0.029569428,31.227184,1.0295694
data\processed\bfw\asian\n005078\0278_01.jpg,data\processed\bfw\asian\n005078\0289_01.jpg,n005078,n005078,asian,asian,males,males,,,1,0.2359034,29.415447,0.7640966
data\processed\bfw\asian\n004680\0175_01.jpg,data\processed\bfw\asian\n004680\0260_01.jpg,n004680,n004680,asian,asian,females,females,,,1,0.43577796,21.691595,0.56422204
data\processed\bfw\asian\n007089\0011_04.jpg,data\processed\bfw\asian\n007089\0033_01.jpg,n007089,n007089,asian,asian,females,females,,,1,0.54611945,21.422434,0.45388055
data\processed\bfw\asian\n006774\0070_01.jpg,data\processed\bfw\asian\n006224\0023_01.jpg,n006774,n006224,asian,asian,females,females,,,0,0.0150972,29.817236,0.9849028
data\processed\bfw\asian\n003153\0246_01.jpg,data\processed\bfw\asian\n003153\0397_02.jpg,n003153,n003153,asian,asian,females,females,,,1,0.32741416,20.820414,0.67258584
data\processed\bfw\asian\n003027\0173_01.jpg,data\processed\bfw\asian\n006633\0283_02.jpg,n003027,n006633,asian,asian,males,females,,,0,-0.06349649,30.773155,1.0634965
data\processed\bfw\asian\n004936\0245_01.jpg,data\processed\bfw\asian\n004800\0139_02.jpg,n004936,n004800,asian,asian,females,males,,,0,-0.0279329,26.69017,1.0279329
data\processed\bfw\asian\n006358\0004_01.jpg,data\processed\bfw\asian\n004786\0097_02.jpg,n006358,n004786,asian,asian,females,females,,,0,0.16147791,26.473795,0.8385221
data\processed\bfw\asian\n000840\0014_01.jpg,data\processed\bfw\asian\n000840\0580_01.jpg,n000840,n000840,asian,asian,females,females,,,1,0.09737885,25.501947,0.90262115
data\processed\bfw\asian\n008163\0239_02.jpg,data\processed\bfw\asian\n008934\0276_01.jpg,n008163,n008934,asian,asian,females,females,,,0,-0.011664273,29.262394,1.0116643
data\processed\bfw\asian\n003481\0109_01.jpg,data\processed\bfw\asian\n002775\0047_05.jpg,n003481,n002775,asian,asian,females,males,,,0,-0.009374127,32.324585,1.0093741
data\processed\bfw\asian\n006224\0053_01.jpg,data\processed\bfw\asian\n004809\0356_01.jpg,n006224,n004809,asian,asian,females,males,,,0,-0.18715009,31.163872,1.1871501
data\processed\bfw\asian\n005116\0041_01.jpg,data\processed\bfw\asian\n005116\0332_01.jpg,n005116,n005116,asian,asian,males,males,,,1,0.41975182,20.87928,0.5802482
data\processed\bfw\asian\n000161\0170_01.jpg,data\processed\bfw\asian\n005116\0086_01.jpg,n000161,n005116,asian,asian,males,males,,,0,-0.07202303,32.137535,1.072023
data\processed\bfw\asian\n005116\0228_03.jpg,data\processed\bfw\asian\n005116\0333_03.jpg,n005116,n005116,asian,asian,males,males,,,1,0.29394296,26.543013,0.7060571
data\processed\bfw\asian\n003288\0495_01.jpg,data\processed\bfw\asian\n004725\0121_01.jpg,n003288,n004725,asian,asian,females,males,,,0,0.05800784,30.003138,0.94199216
data\processed\bfw\asian\n005216\0154_03.jpg,data\processed\bfw\asian\n005216\0189_01.jpg,n005216,n005216,asian,asian,females,females,,,1,0.36204442,20.818693,0.63795555
data\processed\bfw\asian\n007372\0086_01.jpg,data\processed\bfw\asian\n004870\0094_04.jpg,n007372,n004870,asian,asian,females,females,,,0,0.06859886,23.156929,0.93140113
data\processed\bfw\asian\n009041\0560_01.jpg,data\processed\bfw\asian\n000139\0109_03.jpg,n009041,n000139,asian,asian,females,females,,,0,-0.01717543,30.720716,1.0171754
data\processed\bfw\asian\n002552\0142_01.jpg,data\processed\bfw\asian\n002552\0375_01.jpg,n002552,n002552,asian,asian,males,males,,,1,0.39983582,22.564543,0.6001642
data\processed\bfw\asian\n006634\0002_01.jpg,data\processed\bfw\asian\n006634\0039_01.jpg,n006634,n006634,asian,asian,females,females,,,1,0.63518625,17.338036,0.36481375
data\processed\bfw\asian\n004549\0275_01.jpg,data\processed\bfw\asian\n003506\0115_01.jpg,n004549,n003506,asian,asian,females,females,,,0,0.06982306,29.285183,0.930177
data\processed\bfw\asian\n003223\0258_03.jpg,data\processed\bfw\asian\n003223\0327_01.jpg,n003223,n003223,asian,asian,males,males,,,1,0.56198454,18.670956,0.43801546
data\processed\bfw\asian\n003223\0033_02.jpg,data\processed\bfw\asian\n003223\0059_03.jpg,n003223,n003223,asian,asian,males,males,,,1,0.41586405,19.014921,0.58413595
data\processed\bfw\asian\n009148\0087_01.jpg,data\processed\bfw\asian\n006159\0174_01.jpg,n009148,n006159,asian,asian,females,females,,,0,-0.09193748,36.323673,1.0919375
data\processed\bfw\asian\n000009\0010_01.jpg,data\processed\bfw\asian\n000009\0080_02.jpg,n000009,n000009,asian,asian,females,females,,,1,0.15832573,24.507174,0.84167427
data\processed\bfw\asian\n002775\0133_01.jpg,data\processed\bfw\asian\n002775\0812_02.jpg,n002775,n002775,asian,asian,males,males,,,1,0.5408892,22.811277,0.4591108
data\processed\bfw\asian\n004877\0014_03.jpg,data\processed\bfw\asian\n009041\0037_01.jpg,n004877,n009041,asian,asian,females,females,,,0,0.043281354,29.545742,0.9567186
data\processed\bfw\asian\n003533\0078_01.jpg,data\processed\bfw\asian\n003533\0138_01.jpg,n003533,n003533,asian,asian,males,males,,,1,0.66669285,19.245777,0.33330715
data\processed\bfw\asian\n004870\0170_01.jpg,data\processed\bfw\asian\n004870\0623_02.jpg,n004870,n004870,asian,asian,females,females,,,1,0.22954196,25.523916,0.77045804
data\processed\bfw\asian\n003481\0002_01.jpg,data\processed\bfw\asian\n009041\0066_01.jpg,n003481,n009041,asian,asian,females,females,,,0,0.17278598,26.774075,0.827214
data\processed\bfw\asian\n007372\0113_01.jpg,data\processed\bfw\asian\n007372\0216_03.jpg,n007372,n007372,asian,asian,females,females,,,1,0.2231883,25.08906,0.7768117
data\processed\bfw\asian\n005083\0108_01.jpg,data\processed\bfw\asian\n005083\0385_01.jpg,n005083,n005083,asian,asian,females,females,,,1,-0.07972323,22.516142,1.0797232
data\processed\bfw\asian\n000158\0211_05.jpg,data\processed\bfw\asian\n000139\0501_01.jpg,n000158,n000139,asian,asian,males,females,,,0,-0.08163968,33.24195,1.0816396
data\processed\bfw\asian\n003354\0177_01.jpg,data\processed\bfw\asian\n004686\0079_01.jpg,n003354,n004686,asian,asian,females,males,,,0,-0.0013863106,27.008162,1.0013863
data\processed\bfw\asian\n003357\0368_01.jpg,data\processed\bfw\asian\n003357\0493_01.jpg,n003357,n003357,asian,asian,females,females,,,1,0.39313453,23.12208,0.60686547
data\processed\bfw\asian\n007738\0034_01.jpg,data\processed\bfw\asian\n007738\0336_02.jpg,n007738,n007738,asian,asian,females,females,,,1,0.40111974,22.209919,0.5988803
data\processed\bfw\asian\n008978\0101_01.jpg,data\processed\bfw\asian\n003167\0274_01.jpg,n008978,n003167,asian,asian,females,males,,,0,-0.034376368,28.176687,1.0343764
data\processed\bfw\asian\n006223\0172_01.jpg,data\processed\bfw\asian\n006223\0385_01.jpg,n006223,n006223,asian,asian,females,females,,,1,0.49327126,19.439024,0.50672877
data\processed\bfw\asian\n004800\0560_01.jpg,data\processed\bfw\asian\n004800\0828_02.jpg,n004800,n004800,asian,asian,males,males,,,1,0.053282753,20.264616,0.94671726
data\processed\bfw\asian\n004221\0164_03.jpg,data\processed\bfw\asian\n006224\0083_01.jpg,n004221,n006224,asian,asian,males,females,,,0,0.030754237,27.183935,0.9692458
data\processed\bfw\asian\n007270\0017_01.jpg,data\processed\bfw\asian\n007270\0605_01.jpg,n007270,n007270,asian,asian,females,females,,,1,0.34411883,22.446922,0.65588117
data\processed\bfw\asian\n005077\0140_01.jpg,data\processed\bfw\asian\n004860\0107_01.jpg,n005077,n004860,asian,asian,females,females,,,0,-0.091173545,24.458893,1.0911735
data\processed\bfw\asian\n003635\0089_02.jpg,data\processed\bfw\asian\n003506\0307_01.jpg,n003635,n003506,asian,asian,males,females,,,0,-0.0689627,28.866348,1.0689627
data\processed\bfw\asian\n007816\0164_01.jpg,data\processed\bfw\asian\n009294\0098_01.jpg,n007816,n009294,asian,asian,females,females,,,0,-0.057891767,27.1565,1.0578917
data\processed\bfw\asian\n003481\0022_02.jpg,data\processed\bfw\asian\n003481\0215_01.jpg,n003481,n003481,asian,asian,females,females,,,1,0.34264636,22.155373,0.65735364
data\processed\bfw\asian\n004472\0057_02.jpg,data\processed\bfw\asian\n004472\0146_01.jpg,n004472,n004472,asian,asian,females,females,,,1,0.44342282,18.228065,0.5565772
data\processed\bfw\asian\n000143\0734_02.jpg,data\processed\bfw\asian\n004860\0820_01.jpg,n000143,n004860,asian,asian,females,females,,,0,-0.09302845,26.644955,1.0930284
data\processed\bfw\asian\n000132\0400_01__face_0.jpg,data\processed\bfw\asian\n007816\0407_01.jpg,n000132,n007816,asian,asian,males,females,,,0,0.055687245,24.838615,0.94431275
data\processed\bfw\asian\n003824\0111_01.jpg,data\processed\bfw\asian\n004680\0113_02.jpg,n003824,n004680,asian,asian,females,females,,,0,-0.071032576,29.71479,1.0710325
data\processed\bfw\asian\n005116\0064_04.jpg,data\processed\bfw\asian\n005116\0210_01.jpg,n005116,n005116,asian,asian,males,males,,,1,0.40549695,24.327723,0.59450305
data\processed\bfw\asian\n004800\0111_01.jpg,data\processed\bfw\asian\n003533\0080_02.jpg,n004800,n003533,asian,asian,males,males,,,0,0.07634618,28.92701,0.92365384
data\processed\bfw\asian\n000009\0188_01.jpg,data\processed\bfw\asian\n004687\0151_01.jpg,n000009,n004687,asian,asian,females,females,,,0,0.2019522,24.830626,0.7980478
data\processed\bfw\asian\n007089\0015_01.jpg,data\processed\bfw\asian\n007089\0040_03.jpg,n007089,n007089,asian,asian,females,females,,,1,0.6291519,18.356867,0.37084812
data\processed\bfw\asian\n004785\0183_02.jpg,data\processed\bfw\asian\n004785\0280_01.jpg,n004785,n004785,asian,asian,females,females,,,1,0.5577762,20.979124,0.4422238
data\processed\bfw\asian\n009276\0006_08.jpg,data\processed\bfw\asian\n002775\0843_02.jpg,n009276,n002775,asian,asian,females,males,,,0,0.105821855,27.157587,0.89417815
data\processed\bfw\asian\n004787\0075_01.jpg,data\processed\bfw\asian\n004787\0485_01.jpg,n004787,n004787,asian,asian,females,females,,,1,0.40274948,22.936674,0.5972505
data\processed\bfw\asian\n002331\0292_01.jpg,data\processed\bfw\asian\n004787\0485_01.jpg,n002331,n004787,asian,asian,males,females,,,0,-0.14154887,30.697342,1.1415489
data\processed\bfw\asian\n009177\0011_01.jpg,data\processed\bfw\asian\n009177\0626_01.jpg,n009177,n009177,asian,asian,females,females,,,1,0.3177798,21.45587,0.6822202
data\processed\bfw\asian\n001976\0071_01.jpg,data\processed\bfw\asian\n007816\0091_01.jpg,n001976,n007816,asian,asian,males,females,,,0,0.003333168,25.852144,0.99666685
data\processed\bfw\asian\n008934\0426_01.jpg,data\processed\bfw\asian\n004466\0223_01.jpg,n008934,n004466,asian,asian,females,males,,,0,-0.10880159,31.051952,1.1088016
data\processed\bfw\asian\n007385\0137_01.jpg,data\processed\bfw\asian\n007385\0208_01.jpg,n007385,n007385,asian,asian,females,females,,,1,0.3753334,22.647585,0.6246666
data\processed\bfw\asian\n002552\0400_01.jpg,data\processed\bfw\asian\n002552\0569_01.jpg,n002552,n002552,asian,asian,males,males,,,1,0.40683782,21.804403,0.5931622
data\processed\bfw\asian\n003463\0017_01.jpg,data\processed\bfw\asian\n007380\0087_01.jpg,n003463,n007380,asian,asian,males,females,,,0,0.04293585,26.927914,0.95706415
data\processed\bfw\asian\n005083\0100_01.jpg,data\processed\bfw\asian\n005083\0367_02.jpg,n005083,n005083,asian,asian,females,females,,,1,0.10739306,23.92206,0.8926069
data\processed\bfw\asian\n002644\0054_01.jpg,data\processed\bfw\asian\n002775\0066_04.jpg,n002644,n002775,asian,asian,males,males,,,0,-0.07487892,29.630833,1.0748789
data\processed\bfw\asian\n003357\0285_01.jpg,data\processed\bfw\asian\n003357\0533_01.jpg,n003357,n003357,asian,asian,females,females,,,1,0.3376649,22.964073,0.6623351
data\processed\bfw\asian\n000856\0110_02.jpg,data\processed\bfw\asian\n006619\0092_02.jpg,n000856,n006619,asian,asian,females,females,,,0,-0.13250294,30.332764,1.1325029
data\processed\bfw\asian\n005069\0068_01.jpg,data\processed\bfw\asian\n005069\0586_01.jpg,n005069,n005069,asian,asian,females,females,,,1,0.19849418,22.824446,0.8015058
data\processed\bfw\asian\n003489\0271_01.jpg,data\processed\bfw\asian\n007380\0168_01.jpg,n003489,n007380,asian,asian,males,females,,,0,-0.043427024,28.271605,1.043427
data\processed\bfw\asian\n007089\0015_01.jpg,data\processed\bfw\asian\n007089\0432_04.jpg,n007089,n007089,asian,asian,females,females,,,1,0.58898085,18.951042,0.41101915
data\processed\bfw\asian\n009041\0112_01.jpg,data\processed\bfw\asian\n002552\0063_02.jpg,n009041,n002552,asian,asian,females,males,,,0,0.095174,30.036919,0.904826
data\processed\bfw\asian\n000148\0025_01.jpg,data\processed\bfw\asian\n000148\0317_02.jpg,n000148,n000148,asian,asian,females,females,,,1,0.3697034,21.261936,0.6302966
data\processed\bfw\asian\n000872\0114_01.jpg,data\processed\bfw\asian\n000872\0137_01.jpg,n000872,n000872,asian,asian,males,males,,,1,0.6067047,20.997082,0.3932953
data\processed\bfw\asian\n004721\0505_01.jpg,data\processed\bfw\asian\n000139\0065_01.jpg,n004721,n000139,asian,asian,males,females,,,0,0.026263386,30.044558,0.97373664
data\processed\bfw\asian\n000135\0036_01.jpg,data\processed\bfw\asian\n000135\0255_01.jpg,n000135,n000135,asian,asian,females,females,,,1,0.1908593,22.272253,0.8091407
data\processed\bfw\asian\n000137\0082_02.jpg,data\processed\bfw\asian\n000137\0248_01.jpg,n000137,n000137,asian,asian,females,females,,,1,0.16855918,28.509567,0.8314408
data\processed\bfw\asian\n000148\0329_01.jpg,data\processed\bfw\asian\n000148\0353_01.jpg,n000148,n000148,asian,asian,females,females,,,1,0.39048204,19.73141,0.60951793
data\processed\bfw\asian\n008163\0429_01.jpg,data\processed\bfw\asian\n005446\0118_01.jpg,n008163,n005446,asian,asian,females,females,,,0,-0.103195064,31.047808,1.1031951
data\processed\bfw\asian\n005216\0017_01.jpg,data\processed\bfw\asian\n005216\0242_01.jpg,n005216,n005216,asian,asian,females,females,,,1,0.14443633,25.133476,0.85556364
data\processed\bfw\asian\n004805\0127_02.jpg,data\processed\bfw\asian\n004805\0341_01.jpg,n004805,n004805,asian,asian,males,males,,,1,0.3956631,22.64873,0.60433686
data\processed\bfw\asian\n004935\0061_01.jpg,data\processed\bfw\asian\n009137\0104_01.jpg,n004935,n009137,asian,asian,males,females,,,0,0.12015587,26.127806,0.8798441
data\processed\bfw\asian\n009287\0100_01.jpg,data\processed\bfw\asian\n005078\0663_03.jpg,n009287,n005078,asian,asian,females,males,,,0,0.031983837,31.004955,0.96801615
data\processed\bfw\asian\n003449\0183_01.jpg,data\processed\bfw\asian\n003449\0242_01.jpg,n003449,n003449,asian,asian,females,females,,,1,0.34067336,21.628115,0.6593267
data\processed\bfw\asian\n009103\0256_01.jpg,data\processed\bfw\asian\n009103\0724_01.jpg,n009103,n009103,asian,asian,females,females,,,1,0.579794,17.857069,0.420206
data\processed\bfw\asian\n004870\0050_02.jpg,data\processed\bfw\asian\n004870\0170_01.jpg,n004870,n004870,asian,asian,females,females,,,1,0.45854887,23.50078,0.5414511
data\processed\bfw\asian\n004860\0091_02.jpg,data\processed\bfw\asian\n004860\0236_01.jpg,n004860,n004860,asian,asian,females,females,,,1,0.20658709,24.17004,0.7934129
data\processed\bfw\asian\n004108\0153_01.jpg,data\processed\bfw\asian\n004108\0391_01.jpg,n004108,n004108,asian,asian,males,males,,,1,0.3861437,21.520248,0.6138563
data\processed\bfw\asian\n005078\0092_02.jpg,data\processed\bfw\asian\n000148\0365_01.jpg,n005078,n000148,asian,asian,males,females,,,0,0.062282596,28.38876,0.9377174
data\processed\bfw\asian\n007814\0287_01.jpg,data\processed\bfw\asian\n007270\0060_01.jpg,n007814,n007270,asian,asian,females,females,,,0,-0.018961966,27.094086,1.0189619
data\processed\bfw\asian\n002725\0290_01.jpg,data\processed\bfw\asian\n002725\0452_04.jpg,n002725,n002725,asian,asian,females,females,,,1,0.46071228,22.414467,0.5392877
data\processed\bfw\asian\n000839\0049_01.jpg,data\processed\bfw\asian\n003635\0660_01.jpg,n000839,n003635,asian,asian,females,males,,,0,0.12478845,26.826218,0.87521154
data\processed\bfw\asian\n006619\0092_02.jpg,data\processed\bfw\asian\n007738\0306_02.jpg,n006619,n007738,asian,asian,females,females,,,0,-0.028343868,26.542835,1.0283439
data\processed\bfw\asian\n007378\0474_01.jpg,data\processed\bfw\asian\n007378\0509_01.jpg,n007378,n007378,asian,asian,females,females,,,1,0.39616105,19.095278,0.6038389
data\processed\bfw\asian\n000148\0053_02.jpg,data\processed\bfw\asian\n000148\0579_01.jpg,n000148,n000148,asian,asian,females,females,,,1,0.58719325,16.857903,0.41280675
data\processed\bfw\asian\n000137\0033_01.jpg,data\processed\bfw\asian\n007372\0177_01.jpg,n000137,n007372,asian,asian,females,females,,,0,0.19239137,27.648832,0.8076086
data\processed\bfw\asian\n000132\0046_01__face_0.jpg,data\processed\bfw\asian\n000132\0707_01__face_0.jpg,n000132,n000132,asian,asian,males,males,,,1,0.43663892,20.856064,0.56336105
data\processed\bfw\asian\n000839\0007_01.jpg,data\processed\bfw\asian\n000839\0049_01.jpg,n000839,n000839,asian,asian,females,females,,,1,0.64704496,17.57561,0.35295504
data\processed\bfw\asian\n004936\0218_01.jpg,data\processed\bfw\asian\n005077\0002_01.jpg,n004936,n005077,asian,asian,females,females,,,0,0.1579949,24.708157,0.84200513
data\processed\bfw\asian\n004930\0027_01.jpg,data\processed\bfw\asian\n006203\0148_03.jpg,n004930,n006203,asian,asian,females,females,,,0,-0.030107375,27.579424,1.0301074
data\processed\bfw\asian\n004108\0401_02.jpg,data\processed\bfw\asian\n003288\0573_01.jpg,n004108,n003288,asian,asian,males,females,,,0,0.045412038,26.71305,0.95458794
data\processed\bfw\asian\n003491\0004_01.jpg,data\processed\bfw\asian\n003491\0147_05.jpg,n003491,n003491,asian,asian,males,males,,,1,0.4879502,21.756641,0.5120498
data\processed\bfw\asian\n007385\0193_01.jpg,data\processed\bfw\asian\n007385\0258_01.jpg,n007385,n007385,asian,asian,females,females,,,1,0.43281525,18.189022,0.56718475
data\processed\bfw\asian\n009103\0331_01.jpg,data\processed\bfw\asian\n009103\0363_05.jpg,n009103,n009103,asian,asian,females,females,,,1,0.103897415,23.57191,0.8961026
data\processed\bfw\asian\n004864\0045_01.jpg,data\processed\bfw\asian\n004864\0607_01.jpg,n004864,n004864,asian,asian,females,females,,,1,0.32217282,22.806845,0.6778272
data\processed\bfw\asian\n009294\0242_01.jpg,data\processed\bfw\asian\n009294\0282_03.jpg,n009294,n009294,asian,asian,females,females,,,1,0.30152553,24.347656,0.69847447
data\processed\bfw\asian\n003824\0019_01.jpg,data\processed\bfw\asian\n005071\0254_01.jpg,n003824,n005071,asian,asian,females,males,,,0,0.096893586,27.830467,0.9031064
data\processed\bfw\asian\n001496\0218_01.jpg,data\processed\bfw\asian\n001496\0642_01.jpg,n001496,n001496,asian,asian,males,males,,,1,0.33565572,23.771221,0.6643443
data\processed\bfw\asian\n007378\0140_01.jpg,data\processed\bfw\asian\n007378\0217_01.jpg,n007378,n007378,asian,asian,females,females,,,1,0.40436658,19.03224,0.5956334
data\processed\bfw\asian\n003156\0069_01.jpg,data\processed\bfw\asian\n003156\0086_01.jpg,n003156,n003156,asian,asian,males,males,,,1,0.6539501,18.39841,0.3460499
data\processed\bfw\asian\n001976\0038_01.jpg,data\processed\bfw\asian\n001976\0336_02.jpg,n001976,n001976,asian,asian,males,males,,,1,0.6064375,20.27858,0.3935625
data\processed\bfw\asian\n003467\0103_01.jpg,data\processed\bfw\asian\n000436\0653_01.jpg,n003467,n000436,asian,asian,females,males,,,0,0.036917657,26.032171,0.9630823
data\processed\bfw\asian\n004109\0130_01.jpg,data\processed\bfw\asian\n003027\0459_01.jpg,n004109,n003027,asian,asian,males,males,,,0,-0.061698724,33.16091,1.0616987
data\processed\bfw\asian\n003557\0007_02.jpg,data\processed\bfw\asian\n003557\0128_01.jpg,n003557,n003557,asian,asian,females,females,,,1,0.3817359,19.089386,0.6182641
data\processed\bfw\asian\n003635\0012_02.jpg,data\processed\bfw\asian\n006223\0284_01.jpg,n003635,n006223,asian,asian,males,females,,,0,0.015131753,30.3553,0.9848682
data\processed\bfw\asian\n001682\0096_01.jpg,data\processed\bfw\asian\n003167\0602_01.jpg,n001682,n003167,asian,asian,males,males,,,0,0.11105798,29.716303,0.888942
data\processed\bfw\asian\n002552\0375_01.jpg,data\processed\bfw\asian\n006148\0344_01.jpg,n002552,n006148,asian,asian,males,females,,,0,-0.08836853,28.337255,1.0883685
data\processed\bfw\asian\n003491\0086_01.jpg,data\processed\bfw\asian\n003491\0096_01.jpg,n003491,n003491,asian,asian,males,males,,,1,0.3464621,22.57468,0.65353787
data\processed\bfw\asian\n003557\0128_01.jpg,data\processed\bfw\asian\n003635\0047_02.jpg,n003557,n003635,asian,asian,females,males,,,0,0.03068023,28.444471,0.96931976
data\processed\bfw\asian\n003155\1014_01.jpg,data\processed\bfw\asian\n008401\0137_01.jpg,n003155,n008401,asian,asian,males,females,,,0,0.25659797,27.071877,0.743402
data\processed\bfw\asian\n005069\0559_02.jpg,data\processed\bfw\asian\n005063\0271_01.jpg,n005069,n005063,asian,asian,females,females,,,0,0.10263667,26.9597,0.8973633
data\processed\bfw\asian\n007270\0605_01.jpg,data\processed\bfw\asian\n000856\0134_02.jpg,n007270,n000856,asian,asian,females,females,,,0,0.14818951,22.410593,0.85181046
data\processed\bfw\asian\n006633\0552_01.jpg,data\processed\bfw\asian\n008148\0244_01.jpg,n006633,n008148,asian,asian,females,females,,,0,0.1170029,25.48758,0.8829971
data\processed\bfw\asian\n005216\0093_01.jpg,data\processed\bfw\asian\n009175\0066_01.jpg,n005216,n009175,asian,asian,females,females,,,0,0.12986216,26.245066,0.8701378
data\processed\bfw\asian\n006634\0313_02.jpg,data\processed\bfw\asian\n006634\0679_01.jpg,n006634,n006634,asian,asian,females,females,,,1,0.5308814,18.761454,0.4691186
data\processed\bfw\asian\n009279\0021_01.jpg,data\processed\bfw\asian\n009279\0031_01.jpg,n009279,n009279,asian,asian,females,females,,,1,0.5949271,18.702654,0.40507293
data\processed\bfw\asian\n003354\0047_01.jpg,data\processed\bfw\asian\n003824\0091_01.jpg,n003354,n003824,asian,asian,females,females,,,0,-0.006328939,28.66369,1.0063289
data\processed\bfw\asian\n006126\0197_01.jpg,data\processed\bfw\asian\n006126\0293_01.jpg,n006126,n006126,asian,asian,females,females,,,1,0.46174982,16.870968,0.5382502
data\processed\bfw\asian\n000856\0044_01.jpg,data\processed\bfw\asian\n000856\0538_01.jpg,n000856,n000856,asian,asian,females,females,,,1,0.4776572,20.51798,0.5223428
data\processed\bfw\asian\n004800\0184_01.jpg,data\processed\bfw\asian\n004681\0206_01.jpg,n004800,n004681,asian,asian,males,males,,,0,0.008837106,25.858416,0.9911629
data\processed\bfw\asian\n001572\0076_01.jpg,data\processed\bfw\asian\n001572\0129_01.jpg,n001572,n001572,asian,asian,females,females,,,1,0.41820845,19.937767,0.5817915
data\processed\bfw\asian\n005474\0074_01.jpg,data\processed\bfw\asian\n005474\0152_01.jpg,n005474,n005474,asian,asian,females,females,,,1,0.46916565,20.473644,0.5308343
data\processed\bfw\asian\n009279\0031_01.jpg,data\processed\bfw\asian\n009279\0185_01.jpg,n009279,n009279,asian,asian,females,females,,,1,0.35455626,22.45879,0.64544374
data\processed\bfw\asian\n005085\0001_01.jpg,data\processed\bfw\asian\n006125\0081_01.jpg,n005085,n006125,asian,asian,females,females,,,0,-0.061865684,28.586016,1.0618657
data\processed\bfw\asian\n000137\0023_01.jpg,data\processed\bfw\asian\n000137\0187_01.jpg,n000137,n000137,asian,asian,females,females,,,1,0.43318978,20.297613,0.56681025
data\processed\bfw\asian\n006634\0039_01.jpg,data\processed\bfw\asian\n006634\0135_01.jpg,n006634,n006634,asian,asian,females,females,,,1,0.5294263,18.511396,0.47057372
data\processed\bfw\asian\n003824\0091_01.jpg,data\processed\bfw\asian\n003824\0097_01.jpg,n003824,n003824,asian,asian,females,females,,,1,0.47223303,20.257816,0.52776694
data\processed\bfw\asian\n005378\0232_01.jpg,data\processed\bfw\asian\n000135\0005_01.jpg,n005378,n000135,asian,asian,females,females,,,0,-0.0081031155,27.317074,1.0081031
data\processed\bfw\asian\n003162\0118_01.jpg,data\processed\bfw\asian\n002725\0295_01.jpg,n003162,n002725,asian,asian,males,females,,,0,0.10734909,29.697666,0.8926509
data\processed\bfw\asian\n003223\0089_01.jpg,data\processed\bfw\asian\n003223\0139_06.jpg,n003223,n003223,asian,asian,males,males,,,1,0.39322856,19.120035,0.60677147
data\processed\bfw\asian\n003162\0508_01.jpg,data\processed\bfw\asian\n000873\0106_01.jpg,n003162,n000873,asian,asian,males,males,,,0,0.0015936148,27.76872,0.9984064
data\processed\bfw\asian\n003533\0053_01.jpg,data\processed\bfw\asian\n003533\0100_02.jpg,n003533,n003533,asian,asian,males,males,,,1,0.43833762,22.39752,0.5616624
data\processed\bfw\asian\n004786\0021_01.jpg,data\processed\bfw\asian\n009042\0017_03.jpg,n004786,n009042,asian,asian,females,females,,,0,0.0659726,28.525473,0.93402743
data\processed\bfw\asian\n004864\0148_01.jpg,data\processed\bfw\asian\n004864\0378_01.jpg,n004864,n004864,asian,asian,females,females,,,1,0.4192091,20.993107,0.5807909
data\processed\bfw\asian\n003463\0223_02.jpg,data\processed\bfw\asian\n006619\0328_01.jpg,n003463,n006619,asian,asian,males,females,,,0,0.024721898,29.341715,0.9752781
data\processed\bfw\asian\n007372\0039_01.jpg,data\processed\bfw\asian\n009275\0007_01.jpg,n007372,n009275,asian,asian,females,females,,,0,-0.07606401,26.70506,1.076064
data\processed\bfw\asian\n003465\0580_03.jpg,data\processed\bfw\asian\n005216\0133_01.jpg,n003465,n005216,asian,asian,males,females,,,0,-0.06644624,29.534033,1.0664462
data\processed\bfw\asian\n003491\0047_04.jpg,data\processed\bfw\asian\n003491\0081_04.jpg,n003491,n003491,asian,asian,males,males,,,1,0.4929068,22.189949,0.5070932
data\processed\bfw\asian\n003463\0517_02.jpg,data\processed\bfw\asian\n003358\0304_01.jpg,n003463,n003358,asian,asian,males,females,,,0,-0.13300732,30.820307,1.1330073
data\processed\bfw\asian\n009288\0235_01.jpg,data\processed\bfw\asian\n009042\0015_01.jpg,n009288,n009042,asian,asian,females,females,,,0,-0.05323174,29.186634,1.0532317
data\processed\bfw\asian\n004686\0077_01.jpg,data\processed\bfw\asian\n005077\0129_01.jpg,n004686,n005077,asian,asian,males,females,,,0,-0.040422592,29.156912,1.0404226
data\processed\bfw\asian\n001976\0100_02.jpg,data\processed\bfw\asian\n007385\0358_01.jpg,n001976,n007385,asian,asian,males,females,,,0,-0.10655357,28.439127,1.1065536
data\processed\bfw\asian\n002775\0015_01.jpg,data\processed\bfw\asian\n005085\0401_01.jpg,n002775,n005085,asian,asian,males,females,,,0,0.14423212,27.088661,0.85576785
data\processed\bfw\asian\n009177\0232_01.jpg,data\processed\bfw\asian\n009177\0626_01.jpg,n009177,n009177,asian,asian,females,females,,,1,0.35252005,23.02824,0.64747995
data\processed\bfw\asian\n002775\0069_01.jpg,data\processed\bfw\asian\n002775\0086_03.jpg,n002775,n002775,asian,asian,males,males,,,1,0.5440816,21.256067,0.45591837
data\processed\bfw\asian\n001864\0192_02.jpg,data\processed\bfw\asian\n006619\0065_01.jpg,n001864,n006619,asian,asian,males,females,,,0,-0.016130194,27.65228,1.0161302
data\processed\bfw\asian\n003491\0131_03.jpg,data\processed\bfw\asian\n003357\0368_01.jpg,n003491,n003357,asian,asian,males,females,,,0,0.1049283,28.363358,0.8950717
data\processed\bfw\asian\n004870\0070_02.jpg,data\processed\bfw\asian\n001572\0238_01.jpg,n004870,n001572,asian,asian,females,females,,,0,0.039263606,28.726717,0.9607364
data\processed\bfw\asian\n000148\0025_01.jpg,data\processed\bfw\asian\n005069\0046_06.jpg,n000148,n005069,asian,asian,females,females,,,0,-0.00788307,27.495468,1.0078831
data\processed\bfw\asian\n008978\0059_01.jpg,data\processed\bfw\asian\n008978\0138_01.jpg,n008978,n008978,asian,asian,females,females,,,1,0.5761349,18.3731,0.42386508
data\processed\bfw\asian\n003155\0062_02.jpg,data\processed\bfw\asian\n003155\0309_02.jpg,n003155,n003155,asian,asian,males,males,,,1,0.008564539,34.334534,0.99143547
data\processed\bfw\asian\n009276\0049_01.jpg,data\processed\bfw\asian\n009276\0298_01.jpg,n009276,n009276,asian,asian,females,females,,,1,0.17353535,24.115208,0.82646465
data\processed\bfw\asian\n000837\0021_01.jpg,data\processed\bfw\asian\n003358\0318_01.jpg,n000837,n003358,asian,asian,females,females,,,0,0.017908238,27.558855,0.9820918
data\processed\bfw\asian\n003824\0026_01.jpg,data\processed\bfw\asian\n003824\0097_01.jpg,n003824,n003824,asian,asian,females,females,,,1,0.53945714,18.446856,0.46054286
data\processed\bfw\asian\n002725\0295_01.jpg,data\processed\bfw\asian\n002725\0336_01.jpg,n002725,n002725,asian,asian,females,females,,,1,0.2525693,24.789501,0.7474307
data\processed\bfw\asian\n005446\0135_01.jpg,data\processed\bfw\asian\n003463\0298_01.jpg,n005446,n003463,asian,asian,females,males,,,0,-0.034773808,29.256327,1.0347738
data\processed\bfw\asian\n003481\0794_01.jpg,data\processed\bfw\asian\n009275\0323_03.jpg,n003481,n009275,asian,asian,females,females,,,0,-0.05585325,30.068645,1.0558532
data\processed\bfw\asian\n003358\0080_01.jpg,data\processed\bfw\asian\n003358\0149_01.jpg,n003358,n003358,asian,asian,females,females,,,1,0.2932176,21.95397,0.7067824
data\processed\bfw\asian\n003449\0197_01.jpg,data\processed\bfw\asian\n008401\0560_01.jpg,n003449,n008401,asian,asian,females,females,,,0,0.024520714,29.687363,0.9754793
data\processed\bfw\asian\n003449\0047_01.jpg,data\processed\bfw\asian\n003449\0101_01.jpg,n003449,n003449,asian,asian,females,females,,,1,0.27561128,22.66792,0.7243887
data\processed\bfw\asian\n003155\0004_01.jpg,data\processed\bfw\asian\n007380\0562_01.jpg,n003155,n007380,asian,asian,males,females,,,0,-0.030918395,33.874027,1.0309184
data\processed\bfw\asian\n009278\0049_02.jpg,data\processed\bfw\asian\n009278\0121_02.jpg,n009278,n009278,asian,asian,females,females,,,1,0.34424657,22.419878,0.65575343
data\processed\bfw\asian\n000854\0060_01.jpg,data\processed\bfw\asian\n006344\0413_01.jpg,n000854,n006344,asian,asian,females,females,,,0,-0.18997067,26.871382,1.1899707
data\processed\bfw\asian\n009042\0072_01.jpg,data\processed\bfw\asian\n009148\0063_01.jpg,n009042,n009148,asian,asian,females,females,,,0,0.14591402,27.798197,0.854086
data\processed\bfw\asian\n003354\0011_01.jpg,data\processed\bfw\asian\n003354\0346_02.jpg,n003354,n003354,asian,asian,females,females,,,1,0.14273402,23.838243,0.85726595
data\processed\bfw\asian\n004109\0100_01.jpg,data\processed\bfw\asian\n004109\0297_01.jpg,n004109,n004109,asian,asian,males,males,,,1,0.49387035,21.900494,0.5061296
data\processed\bfw\asian\n000840\0160_02.jpg,data\processed\bfw\asian\n003557\0574_01.jpg,n000840,n003557,asian,asian,females,females,,,0,0.12686872,23.219343,0.8731313
data\processed\bfw\asian\n008934\0645_01.jpg,data\processed\bfw\asian\n006344\0557_01.jpg,n008934,n006344,asian,asian,females,females,,,0,0.050246473,24.589472,0.9497535
data\processed\bfw\asian\n000872\0098_01.jpg,data\processed\bfw\asian\n009125\0172_01.jpg,n000872,n009125,asian,asian,males,females,,,0,0.06637225,30.754265,0.9336277
data\processed\bfw\asian\n005071\0128_02.jpg,data\processed\bfw\asian\n005071\0254_01.jpg,n005071,n005071,asian,asian,males,males,,,1,0.58132124,18.89527,0.41867876
data\processed\bfw\asian\n009042\0144_01.jpg,data\processed\bfw\asian\n009175\0077_01.jpg,n009042,n009175,asian,asian,females,females,,,0,0.09520702,28.164042,0.90479296
data\processed\bfw\asian\n006358\0041_01.jpg,data\processed\bfw\asian\n006358\0046_01.jpg,n006358,n006358,asian,asian,females,females,,,1,0.36346632,23.685192,0.6365337
data\processed\bfw\asian\n003489\0031_01.jpg,data\processed\bfw\asian\n003489\0323_01.jpg,n003489,n003489,asian,asian,males,males,,,1,0.1029167,27.099886,0.8970833
data\processed\bfw\asian\n002509\0041_01.jpg,data\processed\bfw\asian\n007385\0500_01.jpg,n002509,n007385,asian,asian,females,females,,,0,0.0839199,29.190126,0.9160801
data\processed\bfw\asian\n008978\0026_01.jpg,data\processed\bfw\asian\n008978\0035_01.jpg,n008978,n008978,asian,asian,females,females,,,1,0.5372424,18.656118,0.4627576
data\processed\bfw\asian\n004877\0050_01.jpg,data\processed\bfw\asian\n004877\0075_01.jpg,n004877,n004877,asian,asian,females,females,,,1,0.5174574,19.289553,0.48254257
data\processed\bfw\asian\n004936\0038_03.jpg,data\processed\bfw\asian\n004936\0202_01.jpg,n004936,n004936,asian,asian,females,females,,,1,0.57868624,20.423912,0.42131376
data\processed\bfw\asian\n005378\0234_02.jpg,data\processed\bfw\asian\n006774\0062_01.jpg,n005378,n006774,asian,asian,females,females,,,0,-0.092612356,30.807714,1.0926124
data\processed\bfw\asian\n002406\0126_01.jpg,data\processed\bfw\asian\n000840\0036_01.jpg,n002406,n000840,asian,asian,males,females,,,0,0.015363799,28.49116,0.9846362
data\processed\bfw\asian\n009137\0092_01.jpg,data\processed\bfw\asian\n009175\0028_01.jpg,n009137,n009175,asian,asian,females,females,,,0,0.23430605,24.889458,0.76569396
data\processed\bfw\asian\n001562\0130_01.jpg,data\processed\bfw\asian\n001562\0165_02.jpg,n001562,n001562,asian,asian,males,males,,,1,0.14414048,24.13048,0.8558595
data\processed\bfw\asian\n004109\0185_03.jpg,data\processed\bfw\asian\n004109\0563_01.jpg,n004109,n004109,asian,asian,males,males,,,1,0.57980883,17.841066,0.42019117
data\processed\bfw\asian\n000856\0018_01.jpg,data\processed\bfw\asian\n006224\0023_01.jpg,n000856,n006224,asian,asian,females,females,,,0,0.11428651,23.621323,0.88571346
data\processed\bfw\asian\n004936\0304_02.jpg,data\processed\bfw\asian\n008978\0114_02.jpg,n004936,n008978,asian,asian,females,females,,,0,0.073934704,25.553814,0.9260653
data\processed\bfw\asian\n005446\0042_05.jpg,data\processed\bfw\asian\n003167\0081_01.jpg,n005446,n003167,asian,asian,females,males,,,0,-0.029259026,30.264519,1.029259
data\processed\bfw\asian\n004221\0155_01.jpg,data\processed\bfw\asian\n004221\0196_05.jpg,n004221,n004221,asian,asian,males,males,,,1,0.47805035,23.003546,0.52194965
data\processed\bfw\asian\n000137\0023_01.jpg,data\processed\bfw\asian\n006344\0112_01.jpg,n000137,n006344,asian,asian,females,females,,,0,-0.02016372,24.892271,1.0201638
data\processed\bfw\asian\n004109\0100_01.jpg,data\processed\bfw\asian\n004109\0185_03.jpg,n004109,n004109,asian,asian,males,males,,,1,0.5658563,19.457361,0.43414372
data\processed\bfw\asian\n003354\0078_01.jpg,data\processed\bfw\asian\n002775\0843_02.jpg,n003354,n002775,asian,asian,females,males,,,0,-0.0017501455,28.672472,1.0017501
data\processed\bfw\asian\n008978\0082_01.jpg,data\processed\bfw\asian\n006344\0413_01.jpg,n008978,n006344,asian,asian,females,females,,,0,-0.033716545,27.968685,1.0337166
data\processed\bfw\asian\n000854\0026_03.jpg,data\processed\bfw\asian\n000854\0275_01.jpg,n000854,n000854,asian,asian,females,females,,,1,0.42884842,21.802797,0.5711516
data\processed\bfw\asian\n004800\0276_03.jpg,data\processed\bfw\asian\n004800\0740_01.jpg,n004800,n004800,asian,asian,males,males,,,1,0.04653125,24.323338,0.95346874
data\processed\bfw\asian\n001976\0121_02.jpg,data\processed\bfw\asian\n001976\0372_01.jpg,n001976,n001976,asian,asian,males,males,,,1,0.3784392,19.203787,0.6215608
data\processed\bfw\asian\n006358\0055_02.jpg,data\processed\bfw\asian\n000158\0114_01.jpg,n006358,n000158,asian,asian,females,males,,,0,0.07464627,28.972263,0.9253537
data\processed\bfw\asian\n000436\0040_04.jpg,data\processed\bfw\asian\n000436\0088_03.jpg,n000436,n000436,asian,asian,males,males,,,1,0.29781163,24.433863,0.7021884
data\processed\bfw\asian\n005216\0017_01.jpg,data\processed\bfw\asian\n005216\0041_01.jpg,n005216,n005216,asian,asian,females,females,,,1,0.42694598,21.342674,0.573054
data\processed\bfw\asian\n009278\0237_01.jpg,data\processed\bfw\asian\n005085\0001_01.jpg,n009278,n005085,asian,asian,females,females,,,0,-0.054941863,29.915703,1.0549419
data\processed\bfw\asian\n007814\0246_01.jpg,data\processed\bfw\asian\n003489\0137_01.jpg,n007814,n003489,asian,asian,females,males,,,0,0.07820786,26.433378,0.92179215
data\processed\bfw\asian\n003463\0017_01.jpg,data\processed\bfw\asian\n000160\0338_01.jpg,n003463,n000160,asian,asian,males,females,,,0,0.05041299,23.719475,0.949587
data\processed\bfw\asian\n006736\0218_01.jpg,data\processed\bfw\asian\n006736\0367_01.jpg,n006736,n006736,asian,asian,females,females,,,1,0.39885584,23.255291,0.6011442
data\processed\bfw\asian\n001864\0038_01.jpg,data\processed\bfw\asian\n001864\0078_01.jpg,n001864,n001864,asian,asian,males,males,,,1,0.17412055,23.407106,0.82587945
data\processed\bfw\asian\n004786\0101_01.jpg,data\processed\bfw\asian\n004786\0156_03.jpg,n004786,n004786,asian,asian,females,females,,,1,0.36451134,22.640623,0.6354886
data\processed\bfw\asian\n008383\0372_01.jpg,data\processed\bfw\asian\n002644\0418_01.jpg,n008383,n002644,asian,asian,females,males,,,0,-0.064234324,30.679909,1.0642344
data\processed\bfw\asian\n003506\0110_01.jpg,data\processed\bfw\asian\n003506\0367_01.jpg,n003506,n003506,asian,asian,females,females,,,1,0.38116682,20.172253,0.6188332
data\processed\bfw\asian\n009276\0102_01.jpg,data\processed\bfw\asian\n009276\0140_04.jpg,n009276,n009276,asian,asian,females,females,,,1,0.052640706,26.109932,0.9473593
data\processed\bfw\asian\n000143\0080_02.jpg,data\processed\bfw\asian\n007899\0154_01.jpg,n000143,n007899,asian,asian,females,females,,,0,0.1059397,25.954315,0.8940603
