split,threshold,far,frr,tar,tnr
train,inf,0.0,1.0,0.0,1.0
train,0.9356796,0.0,0.9995331465919701,0.00046685340802987864,1.0
train,0.6082864,0.0,0.9388422035480859,0.0611577964519141,1.0
train,0.6078472,0.00046685340802987864,0.9388422035480859,0.0611577964519141,0.9995331465919701
train,0.49506855,0.00046685340802987864,0.7535014005602241,0.24649859943977592,0.9995331465919701
train,0.494811,0.0009337068160597573,0.7535014005602241,0.24649859943977592,0.9990662931839402
train,0.47754425,0.0009337068160597573,0.7147525676937442,0.2852474323062558,0.9990662931839402
train,0.47731453,0.0014005602240896359,0.7147525676937442,0.2852474323062558,0.9985994397759104
train,0.47104934,0.0014005602240896359,0.7026143790849673,0.2973856209150327,0.9985994397759104
train,0.47099236,0.0018674136321195146,0.7026143790849673,0.2973856209150327,0.9981325863678805
train,0.4664115,0.0018674136321195146,0.69234360410831,0.30765639589169,0.9981325863678805
train,0.46634534,0.002334267040149393,0.69234360410831,0.30765639589169,0.9976657329598506
train,0.44900507,0.002334267040149393,0.6559290382819795,0.34407096171802054,0.9976657329598506
train,0.44873926,0.0028011204481792717,0.6559290382819795,0.34407096171802054,0.9971988795518207
train,0.44812614,0.0028011204481792717,0.65406162464986,0.34593837535014005,0.9971988795518207
train,0.44787496,0.0032679738562091504,0.65406162464986,0.34593837535014005,0.9967320261437909
train,0.44579974,0.0032679738562091504,0.6489262371615313,0.3510737628384687,0.9967320261437909
train,0.4457614,0.003734827264239029,0.6489262371615313,0.3510737628384687,0.996265172735761
train,0.44352037,0.003734827264239029,0.6442577030812324,0.3557422969187675,0.996265172735761
train,0.44334483,0.004201680672268907,0.6442577030812324,0.3557422969187675,0.9957983193277311
train,0.4372306,0.004201680672268907,0.6302521008403361,0.3697478991596639,0.9957983193277311
train,0.4371195,0.004668534080298786,0.6302521008403361,0.3697478991596639,0.9953314659197012
train,0.43552288,0.004668534080298786,0.6255835667600373,0.37441643323996265,0.9953314659197012
train,0.4352816,0.005135387488328665,0.6255835667600373,0.37441643323996265,0.9948646125116714
train,0.4351886,0.005135387488328665,0.6251167133520075,0.37488328664799253,0.9948646125116714
train,0.43516383,0.0056022408963585435,0.6251167133520075,0.37488328664799253,0.9943977591036415
train,0.43142456,0.0056022408963585435,0.6185807656395892,0.3814192343604108,0.9943977591036415
train,0.43134794,0.006069094304388422,0.6185807656395892,0.3814192343604108,0.9939309056956116
train,0.43045393,0.006069094304388422,0.6139122315592904,0.38608776844070963,0.9939309056956116
train,0.4303478,0.006535947712418301,0.6139122315592904,0.38608776844070963,0.9934640522875817
train,0.42971966,0.006535947712418301,0.611577964519141,0.388422035480859,0.9934640522875817
train,0.42952582,0.0070028011204481795,0.611577964519141,0.388422035480859,0.9929971988795518
train,0.4289481,0.0070028011204481795,0.6101774042950514,0.38982259570494865,0.9929971988795518
train,0.42874187,0.007469654528478058,0.6101774042950514,0.38982259570494865,0.992530345471522
train,0.42661083,0.007469654528478058,0.6050420168067228,0.3949579831932773,0.992530345471522
train,0.42652285,0.007936507936507936,0.6050420168067228,0.3949579831932773,0.9920634920634921
train,0.42124817,0.007936507936507936,0.592436974789916,0.40756302521008403,0.9920634920634921
train,0.42122862,0.008403361344537815,0.592436974789916,0.40756302521008403,0.9915966386554622
train,0.41529578,0.008403361344537815,0.5779645191409897,0.42203548085901027,0.9915966386554622
train,0.4150946,0.008870214752567693,0.5779645191409897,0.42203548085901027,0.9911297852474323
train,0.41205817,0.008870214752567693,0.5714285714285714,0.42857142857142855,0.9911297852474323
train,0.41176546,0.009337068160597572,0.5714285714285714,0.42857142857142855,0.9906629318394025
train,0.4116288,0.009337068160597572,0.5704948646125116,0.4295051353874883,0.9906629318394025
train,0.41130126,0.00980392156862745,0.5704948646125116,0.4295051353874883,0.9901960784313726
train,0.40914074,0.00980392156862745,0.565359477124183,0.434640522875817,0.9901960784313726
train,0.40897137,0.01027077497665733,0.565359477124183,0.434640522875817,0.9897292250233427
train,0.40811828,0.01027077497665733,0.5630252100840336,0.4369747899159664,0.9897292250233427
train,0.4078063,0.011204481792717087,0.5630252100840336,0.4369747899159664,0.988795518207283
train,0.40675738,0.011204481792717087,0.5588235294117647,0.4411764705882353,0.988795518207283
train,0.40674075,0.011671335200746966,0.5588235294117647,0.4411764705882353,0.9883286647992531
train,0.40330407,0.011671335200746966,0.5499533146591971,0.450046685340803,0.9883286647992531
train,0.40328425,0.012138188608776844,0.5499533146591971,0.450046685340803,0.9878618113912232
train,0.4008321,0.012138188608776844,0.5438842203548087,0.4561157796451914,0.9878618113912232
train,0.4007808,0.012605042016806723,0.5438842203548087,0.4561157796451914,0.9873949579831933
train,0.39844096,0.012605042016806723,0.53828197945845,0.46171802054155,0.9873949579831933
train,0.39839402,0.013071895424836602,0.53828197945845,0.46171802054155,0.9869281045751634
train,0.39732936,0.013071895424836602,0.5354808590102708,0.46451914098972924,0.9869281045751634
train,0.39708766,0.01353874883286648,0.5354808590102708,0.46451914098972924,0.9864612511671336
train,0.39226645,0.01353874883286648,0.5196078431372548,0.4803921568627451,0.9864612511671336
train,0.3917714,0.014005602240896359,0.5196078431372548,0.4803921568627451,0.9859943977591037
train,0.39112398,0.014005602240896359,0.5182072829131652,0.48179271708683474,0.9859943977591037
train,0.39106277,0.014472455648926238,0.5182072829131652,0.48179271708683474,0.9855275443510738
train,0.390533,0.014472455648926238,0.5177404295051353,0.4822595704948646,0.9855275443510738
train,0.39044797,0.014939309056956116,0.5177404295051353,0.4822595704948646,0.9850606909430439
train,0.38627088,0.014939309056956116,0.5079365079365079,0.49206349206349204,0.9850606909430439
train,0.38608056,0.015873015873015872,0.5079365079365079,0.49206349206349204,0.9841269841269842
train,0.38052666,0.015873015873015872,0.49253034547152197,0.507469654528478,0.9841269841269842
train,0.38028407,0.016339869281045753,0.49253034547152197,0.507469654528478,0.9836601307189542
train,0.37978902,0.016339869281045753,0.49112978524743234,0.5088702147525677,0.9836601307189542
train,0.3796465,0.01680672268907563,0.49112978524743234,0.5088702147525677,0.9831932773109243
train,0.3786581,0.01680672268907563,0.4883286647992531,0.5116713352007469,0.9831932773109243
train,0.3786333,0.01727357609710551,0.4883286647992531,0.5116713352007469,0.9827264239028944
train,0.37734082,0.01727357609710551,0.48646125116713357,0.5135387488328664,0.9827264239028944
train,0.3769822,0.017740429505135387,0.48646125116713357,0.5135387488328664,0.9822595704948646
train,0.37542272,0.017740429505135387,0.48225957049486456,0.5177404295051354,0.9822595704948646
train,0.3753321,0.018207282913165267,0.48225957049486456,0.5177404295051354,0.9817927170868347
train,0.37489876,0.018207282913165267,0.48085901027077493,0.5191409897292251,0.9817927170868347
train,0.37488624,0.018674136321195144,0.48085901027077493,0.5191409897292251,0.9813258636788048
train,0.37327284,0.018674136321195144,0.4738562091503268,0.5261437908496732,0.9813258636788048
train,0.37326956,0.019140989729225025,0.4738562091503268,0.5261437908496732,0.9808590102707749
train,0.37222862,0.019140989729225025,0.469187675070028,0.530812324929972,0.9808590102707749
train,0.37158662,0.0196078431372549,0.469187675070028,0.530812324929972,0.9803921568627451
train,0.3710258,0.0196078431372549,0.4677871148459384,0.5322128851540616,0.9803921568627451
train,0.3709288,0.020074696545284782,0.4677871148459384,0.5322128851540616,0.9799253034547152
train,0.3703284,0.020074696545284782,0.46591970121381887,0.5340802987861811,0.9799253034547152
train,0.3702515,0.02054154995331466,0.46591970121381887,0.5340802987861811,0.9794584500466853
train,0.370231,0.02054154995331466,0.465452847805789,0.534547152194211,0.9794584500466853
train,0.36994106,0.02100840336134454,0.465452847805789,0.534547152194211,0.9789915966386554
train,0.36954257,0.02100840336134454,0.4649859943977591,0.5350140056022409,0.9789915966386554
train,0.36912772,0.022408963585434174,0.4649859943977591,0.5350140056022409,0.9775910364145658
train,0.3672502,0.022408963585434174,0.4593837535014006,0.5406162464985994,0.9775910364145658
train,0.36713195,0.02287581699346405,0.4593837535014006,0.5406162464985994,0.9771241830065359
train,0.36672255,0.02287581699346405,0.45845004668534084,0.5415499533146592,0.9771241830065359
train,0.36654884,0.02334267040149393,0.45845004668534084,0.5415499533146592,0.976657329598506
train,0.36649424,0.02334267040149393,0.45798319327731096,0.542016806722689,0.976657329598506
train,0.3664336,0.023809523809523808,0.45798319327731096,0.542016806722689,0.9761904761904762
train,0.3659453,0.023809523809523808,0.4570494864612512,0.5429505135387488,0.9761904761904762
train,0.36564434,0.02427637721755369,0.4570494864612512,0.5429505135387488,0.9757236227824463
train,0.36299023,0.02427637721755369,0.4528478057889822,0.5471521942110178,0.9757236227824463
train,0.36226034,0.025676937441643323,0.4528478057889822,0.5471521942110178,0.9743230625583567
train,0.3619029,0.025676937441643323,0.45238095238095233,0.5476190476190477,0.9743230625583567
train,0.36183468,0.026143790849673203,0.45238095238095233,0.5476190476190477,0.9738562091503268
train,0.3616519,0.026143790849673203,0.45191409897292245,0.5480859010270775,0.9738562091503268
train,0.36164406,0.02661064425770308,0.45191409897292245,0.5480859010270775,0.9733893557422969
train,0.35974377,0.02661064425770308,0.44957983193277307,0.5504201680672269,0.9733893557422969
train,0.35974228,0.02707749766573296,0.44957983193277307,0.5504201680672269,0.972922502334267
train,0.3593448,0.02707749766573296,0.4486461251167133,0.5513538748832867,0.972922502334267
train,0.35923517,0.027544351073762838,0.4486461251167133,0.5513538748832867,0.9724556489262371
train,0.35787565,0.027544351073762838,0.4444444444444444,0.5555555555555556,0.9724556489262371
train,0.3578577,0.028011204481792718,0.4444444444444444,0.5555555555555556,0.9719887955182073
train,0.35732335,0.028011204481792718,0.44211017740429503,0.557889822595705,0.9719887955182073
train,0.35692546,0.028478057889822595,0.44211017740429503,0.557889822595705,0.9715219421101774
train,0.35656598,0.028478057889822595,0.4407096171802054,0.5592903828197946,0.9715219421101774
train,0.35639098,0.029411764705882353,0.4407096171802054,0.5592903828197946,0.9705882352941176
train,0.35331917,0.029411764705882353,0.4304388422035481,0.5695611577964519,0.9705882352941176
train,0.35330752,0.029878618113912233,0.4304388422035481,0.5695611577964519,0.9701213818860878
train,0.35329056,0.029878618113912233,0.42997198879551823,0.5700280112044818,0.9701213818860878
train,0.3527981,0.03081232492997199,0.42997198879551823,0.5700280112044818,0.969187675070028
train,0.3488216,0.03081232492997199,0.42156862745098034,0.5784313725490197,0.969187675070028
train,0.34819677,0.03127917833800187,0.42156862745098034,0.5784313725490197,0.9687208216619981
train,0.34815815,0.03127917833800187,0.4206349206349206,0.5793650793650794,0.9687208216619981
train,0.3480114,0.031746031746031744,0.4206349206349206,0.5793650793650794,0.9682539682539683
train,0.34666127,0.031746031746031744,0.4183006535947712,0.5816993464052288,0.9682539682539683
train,0.3464945,0.032679738562091505,0.4183006535947712,0.5816993464052288,0.9673202614379085
train,0.34558132,0.032679738562091505,0.4159663865546218,0.5840336134453782,0.9673202614379085
train,0.3455253,0.03314659197012138,0.4159663865546218,0.5840336134453782,0.9668534080298786
train,0.34537297,0.03314659197012138,0.41549953314659194,0.5845004668534081,0.9668534080298786
train,0.34533364,0.03361344537815126,0.41549953314659194,0.5845004668534081,0.9663865546218487
train,0.3446241,0.03361344537815126,0.4145658263305322,0.5854341736694678,0.9663865546218487
train,0.34457672,0.034080298786181136,0.4145658263305322,0.5854341736694678,0.9659197012138189
train,0.34441966,0.034080298786181136,0.41363211951447243,0.5863678804855276,0.9659197012138189
train,0.34376994,0.03454715219421102,0.41363211951447243,0.5863678804855276,0.965452847805789
train,0.34360436,0.03454715219421102,0.4126984126984127,0.5873015873015873,0.965452847805789
train,0.34346762,0.0350140056022409,0.4126984126984127,0.5873015873015873,0.9649859943977591
train,0.34234664,0.0350140056022409,0.4098972922502334,0.5901027077497666,0.9649859943977591
train,0.34194854,0.03594771241830065,0.4098972922502334,0.5901027077497666,0.9640522875816994
train,0.34140116,0.03594771241830065,0.4080298786181139,0.5919701213818861,0.9640522875816994
train,0.34136918,0.036414565826330535,0.4080298786181139,0.5919701213818861,0.9635854341736695
train,0.3412459,0.036414565826330535,0.40756302521008403,0.592436974789916,0.9635854341736695
train,0.34118456,0.03688141923436041,0.40756302521008403,0.592436974789916,0.9631185807656396
train,0.33953428,0.03688141923436041,0.4024276377217554,0.5975723622782446,0.9631185807656396
train,0.3394381,0.03734827264239029,0.4024276377217554,0.5975723622782446,0.9626517273576097
train,0.33807185,0.03734827264239029,0.39682539682539686,0.6031746031746031,0.9626517273576097
train,0.33736897,0.03828197945845005,0.39682539682539686,0.6031746031746031,0.96171802054155
train,0.33716002,0.03828197945845005,0.39542483660130723,0.6045751633986928,0.96171802054155
train,0.33711687,0.038748832866479926,0.39542483660130723,0.6045751633986928,0.9612511671335201
train,0.3370098,0.038748832866479926,0.39495798319327735,0.6050420168067226,0.9612511671335201
train,0.3370046,0.0392156862745098,0.39495798319327735,0.6050420168067226,0.9607843137254902
train,0.33660856,0.0392156862745098,0.39309056956115784,0.6069094304388422,0.9607843137254902
train,0.33657545,0.03968253968253968,0.39309056956115784,0.6069094304388422,0.9603174603174603
train,0.33633238,0.03968253968253968,0.39262371615312797,0.607376283846872,0.9603174603174603
train,0.33618706,0.040149393090569564,0.39262371615312797,0.607376283846872,0.9598506069094305
train,0.33468613,0.040149393090569564,0.3898225957049486,0.6101774042950514,0.9598506069094305
train,0.33379632,0.04061624649859944,0.3898225957049486,0.6101774042950514,0.9593837535014006
train,0.333319,0.04061624649859944,0.38842203548085896,0.611577964519141,0.9593837535014006
train,0.33329564,0.04108309990662932,0.38842203548085896,0.611577964519141,0.9589169000933707
train,0.3327123,0.04108309990662932,0.3874883286647992,0.6125116713352008,0.9589169000933707
train,0.33264518,0.041549953314659195,0.3874883286647992,0.6125116713352008,0.9584500466853408
train,0.33110422,0.041549953314659195,0.38422035480859007,0.6157796451914099,0.9584500466853408
train,0.33073315,0.04295051353874883,0.38422035480859007,0.6157796451914099,0.9570494864612512
train,0.33023924,0.04295051353874883,0.3837535014005602,0.6162464985994398,0.9570494864612512
train,0.33009815,0.04341736694677871,0.3837535014005602,0.6162464985994398,0.9565826330532213
train,0.3299631,0.04341736694677871,0.3832866479925303,0.6167133520074697,0.9565826330532213
train,0.3297874,0.04388422035480859,0.3832866479925303,0.6167133520074697,0.9561157796451915
train,0.32919225,0.04388422035480859,0.3818860877684407,0.6181139122315593,0.9561157796451915
train,0.32887566,0.04435107376283847,0.3818860877684407,0.6181139122315593,0.9556489262371616
train,0.32860643,0.04435107376283847,0.38095238095238093,0.6190476190476191,0.9556489262371616
train,0.32849196,0.04481792717086835,0.38095238095238093,0.6190476190476191,0.9551820728291317
train,0.3274313,0.04481792717086835,0.3776844070961718,0.6223155929038282,0.9551820728291317
train,0.32737166,0.045284780578898225,0.3776844070961718,0.6223155929038282,0.9547152194211018
train,0.32716128,0.045284780578898225,0.37675070028011204,0.623249299719888,0.9547152194211018
train,0.32695386,0.0457516339869281,0.37675070028011204,0.623249299719888,0.954248366013072
train,0.32436463,0.0457516339869281,0.37021475256769376,0.6297852474323062,0.954248366013072
train,0.3240791,0.046218487394957986,0.37021475256769376,0.6297852474323062,0.953781512605042
train,0.32390228,0.046218487394957986,0.369281045751634,0.630718954248366,0.953781512605042
train,0.3238411,0.04668534080298786,0.369281045751634,0.630718954248366,0.9533146591970121
train,0.32300442,0.04668534080298786,0.3678804855275444,0.6321195144724556,0.9533146591970121
train,0.32281718,0.04715219421101774,0.3678804855275444,0.6321195144724556,0.9528478057889822
train,0.3202091,0.04715219421101774,0.36274509803921573,0.6372549019607843,0.9528478057889822
train,0.32015786,0.047619047619047616,0.36274509803921573,0.6372549019607843,0.9523809523809523
train,0.31981933,0.047619047619047616,0.3613445378151261,0.6386554621848739,0.9523809523809523
train,0.31928653,0.049019607843137254,0.3613445378151261,0.6386554621848739,0.9509803921568627
train,0.3189737,0.049019607843137254,0.35994397759103647,0.6400560224089635,0.9509803921568627
train,0.3185915,0.049953314659197015,0.35994397759103647,0.6400560224089635,0.9500466853408029
train,0.31857058,0.049953314659197015,0.3594771241830066,0.6405228758169934,0.9500466853408029
train,0.3184861,0.05042016806722689,0.3594771241830066,0.6405228758169934,0.9495798319327731
train,0.31783614,0.05042016806722689,0.3571428571428571,0.6428571428571429,0.9495798319327731
train,0.31742865,0.05088702147525677,0.3571428571428571,0.6428571428571429,0.9491129785247432
train,0.31729814,0.05088702147525677,0.3566760037348272,0.6433239962651728,0.9491129785247432
train,0.31720304,0.05182072829131653,0.3566760037348272,0.6433239962651728,0.9481792717086834
train,0.31640738,0.05182072829131653,0.35574229691876746,0.6442577030812325,0.9481792717086834
train,0.316272,0.05228758169934641,0.35574229691876746,0.6442577030812325,0.9477124183006536
train,0.31586874,0.05228758169934641,0.3548085901027077,0.6451914098972923,0.9477124183006536
train,0.31580514,0.052754435107376284,0.3548085901027077,0.6451914098972923,0.9472455648926237
train,0.3156109,0.052754435107376284,0.35434173669467783,0.6456582633053222,0.9472455648926237
train,0.31532535,0.05368814192343604,0.35434173669467783,0.6456582633053222,0.9463118580765639
train,0.31527302,0.05368814192343604,0.3534080298786181,0.6465919701213819,0.9463118580765639
train,0.31516057,0.05415499533146592,0.3534080298786181,0.6465919701213819,0.945845004668534
train,0.3146116,0.05415499533146592,0.3529411764705882,0.6470588235294118,0.945845004668534
train,0.3145609,0.0546218487394958,0.3529411764705882,0.6470588235294118,0.9453781512605042
train,0.31425327,0.0546218487394958,0.35154061624649857,0.6484593837535014,0.9453781512605042
train,0.31392905,0.055088702147525676,0.35154061624649857,0.6484593837535014,0.9449112978524743
train,0.313728,0.055088702147525676,0.35014005602240894,0.6498599439775911,0.9449112978524743
train,0.31344,0.056022408963585436,0.35014005602240894,0.6498599439775911,0.9439775910364145
train,0.31315297,0.056022408963585436,0.3492063492063492,0.6507936507936508,0.9439775910364145
train,0.31303397,0.05695611577964519,0.3492063492063492,0.6507936507936508,0.9430438842203548
train,0.31284326,0.05695611577964519,0.3487394957983193,0.6512605042016807,0.9430438842203548
train,0.31273577,0.05788982259570495,0.3487394957983193,0.6512605042016807,0.942110177404295
train,0.31272715,0.05788982259570495,0.34827264239028943,0.6517273576097106,0.942110177404295
train,0.31265032,0.05835667600373483,0.34827264239028943,0.6517273576097106,0.9416433239962652
train,0.31250137,0.05835667600373483,0.3473389355742297,0.6526610644257703,0.9416433239962652
train,0.3114915,0.05929038281979458,0.3473389355742297,0.6526610644257703,0.9407096171802054
train,0.3108192,0.05929038281979458,0.3445378151260504,0.6554621848739496,0.9407096171802054
train,0.31073323,0.059757236227824466,0.3445378151260504,0.6554621848739496,0.9402427637721755
train,0.30911386,0.059757236227824466,0.3408029878618114,0.6591970121381886,0.9402427637721755
train,0.30893826,0.06022408963585434,0.3408029878618114,0.6591970121381886,0.9397759103641457
train,0.30829152,0.06022408963585434,0.33940242763772177,0.6605975723622782,0.9397759103641457
train,0.30820933,0.06069094304388422,0.33940242763772177,0.6605975723622782,0.9393090569561158
train,0.307848,0.06069094304388422,0.338468720821662,0.661531279178338,0.9393090569561158
train,0.30724546,0.06162464985994398,0.338468720821662,0.661531279178338,0.938375350140056
train,0.3071142,0.06162464985994398,0.33800186741363214,0.6619981325863679,0.938375350140056
train,0.30710694,0.06209150326797386,0.33800186741363214,0.6619981325863679,0.9379084967320261
train,0.30678928,0.06209150326797386,0.3366013071895425,0.6633986928104575,0.9379084967320261
train,0.3066378,0.06255835667600373,0.3366013071895425,0.6633986928104575,0.9374416433239963
train,0.3063448,0.06255835667600373,0.33613445378151263,0.6638655462184874,0.9374416433239963
train,0.30618945,0.06302521008403361,0.33613445378151263,0.6638655462184874,0.9369747899159664
train,0.30581832,0.06302521008403361,0.334733893557423,0.665266106442577,0.9369747899159664
train,0.30545047,0.06349206349206349,0.334733893557423,0.665266106442577,0.9365079365079365
train,0.30458015,0.06349206349206349,0.3323996265172736,0.6676003734827264,0.9365079365079365
train,0.3044554,0.06395891690009337,0.3323996265172736,0.6676003734827264,0.9360410830999066
train,0.30436996,0.06395891690009337,0.33193277310924374,0.6680672268907563,0.9360410830999066
train,0.30411807,0.06442577030812324,0.33193277310924374,0.6680672268907563,0.9355742296918768
train,0.3033169,0.06442577030812324,0.3286647992530346,0.6713352007469654,0.9355742296918768
train,0.30315322,0.06489262371615313,0.3286647992530346,0.6713352007469654,0.9351073762838469
train,0.30180827,0.06489262371615313,0.3263305322128851,0.6736694677871149,0.9351073762838469
train,0.30169523,0.06582633053221289,0.3263305322128851,0.6736694677871149,0.9341736694677871
train,0.30167633,0.06582633053221289,0.32586367880485523,0.6741363211951448,0.9341736694677871
train,0.30089837,0.06816059757236227,0.32586367880485523,0.6741363211951448,0.9318394024276377
train,0.30071157,0.06816059757236227,0.32539682539682535,0.6746031746031746,0.9318394024276377
train,0.29967564,0.0700280112044818,0.32539682539682535,0.6746031746031746,0.9299719887955182
train,0.29938355,0.0700280112044818,0.3244631185807656,0.6755368814192344,0.9299719887955182
train,0.29906404,0.07096171802054155,0.3244631185807656,0.6755368814192344,0.9290382819794585
train,0.29893026,0.07096171802054155,0.3239962651727357,0.6760037348272643,0.9290382819794585
train,0.2983665,0.07142857142857142,0.3239962651727357,0.6760037348272643,0.9285714285714286
train,0.29810002,0.07142857142857142,0.32352941176470584,0.6764705882352942,0.9285714285714286
train,0.29805428,0.0718954248366013,0.32352941176470584,0.6764705882352942,0.9281045751633987
train,0.29773346,0.0718954248366013,0.3221288515406162,0.6778711484593838,0.9281045751633987
train,0.2975464,0.07282913165266107,0.3221288515406162,0.6778711484593838,0.927170868347339
train,0.29740894,0.07282913165266107,0.32119514472455646,0.6788048552754435,0.927170868347339
train,0.29698345,0.0742296918767507,0.32119514472455646,0.6788048552754435,0.9257703081232493
train,0.29622856,0.0742296918767507,0.3179271708683473,0.6820728291316527,0.9257703081232493
train,0.29570118,0.07516339869281045,0.3179271708683473,0.6820728291316527,0.9248366013071896
train,0.29563594,0.07516339869281045,0.31746031746031744,0.6825396825396826,0.9248366013071896
train,0.29556876,0.0765639589169001,0.31746031746031744,0.6825396825396826,0.9234360410831
train,0.29486647,0.0765639589169001,0.31512605042016806,0.6848739495798319,0.9234360410831
train,0.29485458,0.07703081232492998,0.31512605042016806,0.6848739495798319,0.9229691876750701
train,0.29457217,0.07703081232492998,0.3141923436041083,0.6858076563958917,0.9229691876750701
train,0.29457012,0.07749766573295985,0.3141923436041083,0.6858076563958917,0.9225023342670402
train,0.29450858,0.07749766573295985,0.3137254901960784,0.6862745098039216,0.9225023342670402
train,0.29421434,0.07796451914098973,0.3137254901960784,0.6862745098039216,0.9220354808590103
train,0.29393387,0.07796451914098973,0.3123249299719888,0.6876750700280112,0.9220354808590103
train,0.2939261,0.0784313725490196,0.3123249299719888,0.6876750700280112,0.9215686274509804
train,0.29386595,0.0784313725490196,0.3118580765639589,0.6881419234360411,0.9215686274509804
train,0.29371992,0.07889822595704948,0.3118580765639589,0.6881419234360411,0.9211017740429506
train,0.29338035,0.07889822595704948,0.3099906629318394,0.6900093370681606,0.9211017740429506
train,0.29318666,0.08029878618113913,0.3099906629318394,0.6900093370681606,0.9197012138188608
train,0.29249662,0.08029878618113913,0.3085901027077498,0.6914098972922502,0.9197012138188608
train,0.29223117,0.08216619981325864,0.3085901027077498,0.6914098972922502,0.9178338001867413
train,0.29211974,0.08216619981325864,0.3081232492997199,0.6918767507002801,0.9178338001867413
train,0.2920883,0.08263305322128851,0.3081232492997199,0.6918767507002801,0.9173669467787114
train,0.2914867,0.08263305322128851,0.30718954248366015,0.6928104575163399,0.9173669467787114
train,0.2912073,0.08309990662931839,0.30718954248366015,0.6928104575163399,0.9169000933706816
train,0.29095128,0.08309990662931839,0.3067226890756303,0.6932773109243697,0.9169000933706816
train,0.29069385,0.08356676003734827,0.3067226890756303,0.6932773109243697,0.9164332399626517
train,0.2906512,0.08356676003734827,0.3062558356676004,0.6937441643323996,0.9164332399626517
train,0.2905174,0.08450046685340803,0.3062558356676004,0.6937441643323996,0.9154995331465919
train,0.29046962,0.08450046685340803,0.30532212885154064,0.6946778711484594,0.9154995331465919
train,0.28943738,0.08496732026143791,0.30532212885154064,0.6946778711484594,0.9150326797385621
train,0.28834423,0.08496732026143791,0.303921568627451,0.696078431372549,0.9150326797385621
train,0.28805476,0.08543417366946779,0.303921568627451,0.696078431372549,0.9145658263305322
train,0.28768972,0.08543417366946779,0.30298786181139126,0.6970121381886087,0.9145658263305322
train,0.28736195,0.08636788048552754,0.30298786181139126,0.6970121381886087,0.9136321195144724
train,0.28697225,0.08636788048552754,0.3020541549953315,0.6979458450046685,0.9136321195144724
train,0.28686896,0.08683473389355742,0.3020541549953315,0.6979458450046685,0.9131652661064426
train,0.28675827,0.08683473389355742,0.3015873015873016,0.6984126984126984,0.9131652661064426
train,0.28640223,0.08776844070961717,0.3015873015873016,0.6984126984126984,0.9122315592903828
train,0.2859461,0.08776844070961717,0.2997198879551821,0.7002801120448179,0.9122315592903828
train,0.28570512,0.08823529411764706,0.2997198879551821,0.7002801120448179,0.9117647058823529
train,0.28570417,0.08823529411764706,0.29925303454715224,0.7007469654528478,0.9117647058823529
train,0.28545016,0.08916900093370682,0.29925303454715224,0.7007469654528478,0.9108309990662932
train,0.28515068,0.08916900093370682,0.2983193277310925,0.7016806722689075,0.9108309990662932
train,0.28497288,0.09010270774976657,0.2983193277310925,0.7016806722689075,0.9098972922502334
train,0.2847303,0.09010270774976657,0.2978524743230626,0.7021475256769374,0.9098972922502334
train,0.28468978,0.09056956115779645,0.2978524743230626,0.7021475256769374,0.9094304388422035
train,0.28442848,0.09056956115779645,0.29691876750700286,0.7030812324929971,0.9094304388422035
train,0.28401735,0.0915032679738562,0.29691876750700286,0.7030812324929971,0.9084967320261438
train,0.28394845,0.0915032679738562,0.29645191409897287,0.7035480859010271,0.9084967320261438
train,0.28324744,0.09337068160597572,0.29645191409897287,0.7035480859010271,0.9066293183940243
train,0.28277186,0.09337068160597572,0.2955182072829131,0.7044817927170869,0.9066293183940243
train,0.2827613,0.0938375350140056,0.2955182072829131,0.7044817927170869,0.9061624649859944
train,0.28273365,0.0938375350140056,0.29505135387488324,0.7049486461251168,0.9061624649859944
train,0.2823023,0.09523809523809523,0.29505135387488324,0.7049486461251168,0.9047619047619048
train,0.2816743,0.09523809523809523,0.2941176470588235,0.7058823529411765,0.9047619047619048
train,0.2812763,0.09710550887021475,0.2941176470588235,0.7058823529411765,0.9028944911297853
train,0.2808287,0.09710550887021475,0.29318394024276373,0.7068160597572363,0.9028944911297853
train,0.28058085,0.09803921568627451,0.29318394024276373,0.7068160597572363,0.9019607843137255
train,0.2803438,0.09803921568627451,0.292250233426704,0.707749766573296,0.9019607843137255
train,0.28003395,0.09897292250233426,0.292250233426704,0.707749766573296,0.9010270774976658
train,0.27973098,0.09897292250233426,0.2913165266106442,0.7086834733893558,0.9010270774976658
train,0.2790184,0.10084033613445378,0.2913165266106442,0.7086834733893558,0.8991596638655462
train,0.27891648,0.10084033613445378,0.29084967320261434,0.7091503267973857,0.8991596638655462
train,0.27873522,0.10130718954248366,0.29084967320261434,0.7091503267973857,0.8986928104575164
train,0.27838588,0.10130718954248366,0.2899159663865546,0.7100840336134454,0.8986928104575164
train,0.277622,0.10270774976657329,0.2899159663865546,0.7100840336134454,0.8972922502334267
train,0.27747324,0.10270774976657329,0.2894491129785247,0.7105508870214753,0.8972922502334267
train,0.27736965,0.10364145658263306,0.2894491129785247,0.7105508870214753,0.896358543417367
train,0.27723825,0.10364145658263306,0.28851540616246496,0.711484593837535,0.896358543417367
train,0.27713355,0.10410830999066294,0.28851540616246496,0.711484593837535,0.8958916900093371
train,0.2769471,0.10410830999066294,0.2875816993464052,0.7124183006535948,0.8958916900093371
train,0.27580187,0.10737628384687208,0.2875816993464052,0.7124183006535948,0.892623716153128
train,0.27543026,0.10737628384687208,0.28711484593837533,0.7128851540616247,0.892623716153128
train,0.2753803,0.10784313725490197,0.28711484593837533,0.7128851540616247,0.892156862745098
train,0.2749886,0.10784313725490197,0.2861811391223156,0.7138188608776844,0.892156862745098
train,0.27472654,0.10830999066293184,0.2861811391223156,0.7138188608776844,0.8916900093370681
train,0.27448568,0.10830999066293184,0.28478057889822594,0.715219421101774,0.8916900093370681
train,0.27432182,0.10877684407096172,0.28478057889822594,0.715219421101774,0.8912231559290382
train,0.2741109,0.10877684407096172,0.28291316526610644,0.7170868347338936,0.8912231559290382
train,0.27376035,0.10971055088702147,0.28291316526610644,0.7170868347338936,0.8902894491129785
train,0.27360103,0.10971055088702147,0.28244631185807656,0.7175536881419234,0.8902894491129785
train,0.2735431,0.11064425770308123,0.28244631185807656,0.7175536881419234,0.8893557422969187
train,0.27228808,0.11064425770308123,0.2796451914098973,0.7203548085901027,0.8893557422969187
train,0.27163598,0.11251167133520075,0.2796451914098973,0.7203548085901027,0.8874883286647992
train,0.2712541,0.11251167133520075,0.27871148459383754,0.7212885154061625,0.8874883286647992
train,0.27090558,0.1134453781512605,0.27871148459383754,0.7212885154061625,0.8865546218487395
train,0.2704824,0.1134453781512605,0.27637721755368816,0.7236227824463118,0.8865546218487395
train,0.2699445,0.11391223155929038,0.27637721755368816,0.7236227824463118,0.8860877684407096
train,0.26957163,0.11391223155929038,0.2759103641456583,0.7240896358543417,0.8860877684407096
train,0.26904416,0.11484593837535013,0.2759103641456583,0.7240896358543417,0.8851540616246498
train,0.26895902,0.11484593837535013,0.2754435107376284,0.7245564892623716,0.8851540616246498
train,0.26860538,0.11531279178338003,0.2754435107376284,0.7245564892623716,0.88468720821662
train,0.2685753,0.11531279178338003,0.27497665732959853,0.7250233426704015,0.88468720821662
train,0.26831096,0.11624649859943978,0.27497665732959853,0.7250233426704015,0.8837535014005602
train,0.268019,0.11624649859943978,0.2740429505135388,0.7259570494864612,0.8837535014005602
train,0.26703817,0.11811391223155929,0.2740429505135388,0.7259570494864612,0.8818860877684407
train,0.26653576,0.11811391223155929,0.27217553688141927,0.7278244631185807,0.8818860877684407
train,0.2664407,0.11904761904761904,0.27217553688141927,0.7278244631185807,0.8809523809523809
train,0.2661118,0.11904761904761904,0.2712418300653595,0.7287581699346405,0.8809523809523809
train,0.26609236,0.11951447245564893,0.2712418300653595,0.7287581699346405,0.880485527544351
train,0.26605752,0.11951447245564893,0.27030812324929976,0.7296918767507002,0.880485527544351
train,0.26600397,0.11998132586367881,0.27030812324929976,0.7296918767507002,0.8800186741363212
train,0.26558033,0.11998132586367881,0.26844070961718025,0.7315592903828197,0.8800186741363212
train,0.26537675,0.12044817927170869,0.26844070961718025,0.7315592903828197,0.8795518207282913
train,0.2651713,0.12044817927170869,0.2679738562091504,0.7320261437908496,0.8795518207282913
train,0.2651696,0.12091503267973856,0.2679738562091504,0.7320261437908496,0.8790849673202614
train,0.2651128,0.12091503267973856,0.2675070028011205,0.7324929971988795,0.8790849673202614
train,0.26497298,0.12184873949579832,0.2675070028011205,0.7324929971988795,0.8781512605042017
train,0.26490432,0.12184873949579832,0.2670401493930906,0.7329598506069094,0.8781512605042017
train,0.26470086,0.1223155929038282,0.2670401493930906,0.7329598506069094,0.8776844070961718
train,0.2645515,0.1223155929038282,0.265639589169001,0.734360410830999,0.8776844070961718
train,0.26423702,0.12278244631185807,0.265639589169001,0.734360410830999,0.8772175536881419
train,0.26408234,0.12278244631185807,0.26423902894491125,0.7357609710550888,0.8772175536881419
train,0.2640498,0.12371615312791784,0.26423902894491125,0.7357609710550888,0.8762838468720822
train,0.26353812,0.12371615312791784,0.2633053221288515,0.7366946778711485,0.8762838468720822
train,0.2630089,0.12418300653594772,0.2633053221288515,0.7366946778711485,0.8758169934640523
train,0.26238427,0.12418300653594772,0.26237161531279174,0.7376283846872083,0.8758169934640523
train,0.26149833,0.1265172735760971,0.26237161531279174,0.7376283846872083,0.8734827264239029
train,0.26147425,0.1265172735760971,0.26190476190476186,0.7380952380952381,0.8734827264239029
train,0.2612648,0.12698412698412698,0.26190476190476186,0.7380952380952381,0.873015873015873
train,0.26096824,0.12698412698412698,0.2609710550887021,0.7390289449112979,0.873015873015873
train,0.2607983,0.12791783380018673,0.2609710550887021,0.7390289449112979,0.8720821661998133
train,0.2607686,0.12791783380018673,0.26050420168067223,0.7394957983193278,0.8720821661998133
train,0.2601132,0.1293183940242764,0.26050420168067223,0.7394957983193278,0.8706816059757236
train,0.26011163,0.1293183940242764,0.26003734827264235,0.7399626517273576,0.8706816059757236
train,0.2599785,0.12978524743230627,0.26003734827264235,0.7399626517273576,0.8702147525676938
train,0.25979406,0.12978524743230627,0.2595704948646125,0.7404295051353875,0.8702147525676938
train,0.25957254,0.13165266106442577,0.2595704948646125,0.7404295051353875,0.8683473389355743
train,0.25953823,0.13165266106442577,0.2591036414565826,0.7408963585434174,0.8683473389355743
train,0.2595054,0.13211951447245565,0.2591036414565826,0.7408963585434174,0.8678804855275444
train,0.25944465,0.13211951447245565,0.2586367880485527,0.7413632119514473,0.8678804855275444
train,0.25910655,0.13352007469654528,0.2586367880485527,0.7413632119514473,0.8664799253034547
train,0.25904316,0.13352007469654528,0.25816993464052285,0.7418300653594772,0.8664799253034547
train,0.25883192,0.1349206349206349,0.25816993464052285,0.7418300653594772,0.8650793650793651
train,0.25868094,0.1349206349206349,0.25770308123249297,0.742296918767507,0.8650793650793651
train,0.25856948,0.1353874883286648,0.25770308123249297,0.742296918767507,0.8646125116713352
train,0.25846848,0.1353874883286648,0.25630252100840334,0.7436974789915967,0.8646125116713352
train,0.2580926,0.13632119514472454,0.25630252100840334,0.7436974789915967,0.8636788048552755
train,0.2574329,0.13632119514472454,0.2553688141923436,0.7446311858076564,0.8636788048552755
train,0.2574186,0.13678804855275445,0.2553688141923436,0.7446311858076564,0.8632119514472456
train,0.257206,0.13678804855275445,0.2549019607843137,0.7450980392156863,0.8632119514472456
train,0.25703093,0.13725490196078433,0.2549019607843137,0.7450980392156863,0.8627450980392157
train,0.25691742,0.13725490196078433,0.25443510737628383,0.7455648926237162,0.8627450980392157
train,0.25657555,0.13865546218487396,0.25443510737628383,0.7455648926237162,0.8613445378151261
train,0.25645483,0.13865546218487396,0.25396825396825395,0.746031746031746,0.8613445378151261
train,0.2563391,0.13912231559290383,0.25396825396825395,0.746031746031746,0.8608776844070962
train,0.2561252,0.13912231559290383,0.2535014005602241,0.7464985994397759,0.8608776844070962
train,0.25611767,0.1395891690009337,0.2535014005602241,0.7464985994397759,0.8604108309990663
train,0.25590017,0.1395891690009337,0.2530345471521942,0.7469654528478058,0.8604108309990663
train,0.2554166,0.14052287581699346,0.2530345471521942,0.7469654528478058,0.8594771241830066
train,0.25518116,0.14052287581699346,0.2525676937441643,0.7474323062558357,0.8594771241830066
train,0.25501898,0.14098972922502334,0.2525676937441643,0.7474323062558357,0.8590102707749767
train,0.25490695,0.14098972922502334,0.2511671335200747,0.7488328664799253,0.8590102707749767
train,0.2547253,0.14239028944911297,0.2511671335200747,0.7488328664799253,0.8576097105508871
train,0.2542499,0.14239028944911297,0.24976657329598506,0.7502334267040149,0.8576097105508871
train,0.25419185,0.14332399626517273,0.24976657329598506,0.7502334267040149,0.8566760037348273
train,0.25352615,0.14332399626517273,0.24929971988795518,0.7507002801120448,0.8566760037348273
train,0.2534465,0.14472455648926238,0.24929971988795518,0.7507002801120448,0.8552754435107376
train,0.2532928,0.14472455648926238,0.2488328664799253,0.7511671335200747,0.8552754435107376
train,0.2530193,0.14565826330532214,0.2488328664799253,0.7511671335200747,0.8543417366946778
train,0.25299174,0.14565826330532214,0.24836601307189543,0.7516339869281046,0.8543417366946778
train,0.25269756,0.1465919701213819,0.24836601307189543,0.7516339869281046,0.8534080298786181
train,0.25251284,0.1465919701213819,0.24789915966386555,0.7521008403361344,0.8534080298786181
train,0.25189656,0.14799253034547152,0.24789915966386555,0.7521008403361344,0.8520074696545284
train,0.2517886,0.14799253034547152,0.24743230625583568,0.7525676937441643,0.8520074696545284
train,0.2517101,0.14939309056956115,0.24743230625583568,0.7525676937441643,0.8506069094304388
train,0.25155145,0.14939309056956115,0.24649859943977592,0.7535014005602241,0.8506069094304388
train,0.25131452,0.15079365079365079,0.24649859943977592,0.7535014005602241,0.8492063492063492
train,0.25125247,0.15079365079365079,0.2450980392156863,0.7549019607843137,0.8492063492063492
train,0.2505352,0.15359477124183007,0.2450980392156863,0.7549019607843137,0.8464052287581699
train,0.25037575,0.15359477124183007,0.24463118580765641,0.7553688141923436,0.8464052287581699
train,0.250262,0.1549953314659197,0.24463118580765641,0.7553688141923436,0.8450046685340803
train,0.24979016,0.1549953314659197,0.24369747899159666,0.7563025210084033,0.8450046685340803
train,0.24958318,0.15592903828197946,0.24369747899159666,0.7563025210084033,0.8440709617180205
train,0.24909797,0.15592903828197946,0.2427637721755369,0.7572362278244631,0.8440709617180205
train,0.24909663,0.15639589169000934,0.2427637721755369,0.7572362278244631,0.8436041083099907
train,0.24897352,0.15639589169000934,0.24229691876750703,0.757703081232493,0.8436041083099907
train,0.24797875,0.16059757236227826,0.24229691876750703,0.757703081232493,0.8394024276377218
train,0.24762289,0.16059757236227826,0.2408963585434174,0.7591036414565826,0.8394024276377218
train,0.24651946,0.1638655462184874,0.2408963585434174,0.7591036414565826,0.8361344537815126
train,0.24640824,0.1638655462184874,0.23996265172735765,0.7600373482726424,0.8361344537815126
train,0.24626169,0.16433239962651727,0.23996265172735765,0.7600373482726424,0.8356676003734828
train,0.24589665,0.16433239962651727,0.23856209150326801,0.761437908496732,0.8356676003734828
train,0.24483198,0.1685340802987862,0.23856209150326801,0.761437908496732,0.8314659197012138
train,0.24426697,0.1685340802987862,0.23576097105508875,0.7642390289449112,0.8314659197012138
train,0.24408546,0.16946778711484595,0.23576097105508875,0.7642390289449112,0.830532212885154
train,0.24382317,0.16946778711484595,0.234827264239029,0.765172735760971,0.830532212885154
train,0.24313869,0.1704014939309057,0.234827264239029,0.765172735760971,0.8295985060690942
train,0.24302174,0.1704014939309057,0.234360410830999,0.765639589169001,0.8295985060690942
train,0.24295843,0.17086834733893558,0.234360410830999,0.765639589169001,0.8291316526610644
train,0.24287924,0.17086834733893558,0.23342670401493926,0.7665732959850607,0.8291316526610644
train,0.24256745,0.17320261437908496,0.23342670401493926,0.7665732959850607,0.826797385620915
train,0.24240097,0.17320261437908496,0.2324929971988795,0.7675070028011205,0.826797385620915
train,0.24209388,0.1746031746031746,0.2324929971988795,0.7675070028011205,0.8253968253968254
train,0.24176215,0.1746031746031746,0.23202614379084963,0.7679738562091504,0.8253968253968254
train,0.24157435,0.17507002801120447,0.23202614379084963,0.7679738562091504,0.8249299719887955
train,0.24146101,0.17507002801120447,0.23109243697478987,0.7689075630252101,0.8249299719887955
train,0.24091758,0.17833800186741364,0.23109243697478987,0.7689075630252101,0.8216619981325863
train,0.24064802,0.17833800186741364,0.22969187675070024,0.7703081232492998,0.8216619981325863
train,0.24062526,0.1788048552754435,0.22969187675070024,0.7703081232492998,0.8211951447245565
train,0.24000086,0.1788048552754435,0.22782446311858073,0.7721755368814193,0.8211951447245565
train,0.23991351,0.1792717086834734,0.22782446311858073,0.7721755368814193,0.8207282913165266
train,0.2397152,0.1792717086834734,0.22689075630252098,0.773109243697479,0.8207282913165266
train,0.23971145,0.17973856209150327,0.22689075630252098,0.773109243697479,0.8202614379084967
train,0.23962463,0.17973856209150327,0.2264239028944911,0.7735760971055089,0.8202614379084967
train,0.23944584,0.18020541549953314,0.2264239028944911,0.7735760971055089,0.8197945845004668
train,0.23931089,0.18020541549953314,0.22595704948646123,0.7740429505135388,0.8197945845004668
train,0.23901251,0.1811391223155929,0.22595704948646123,0.7740429505135388,0.8188608776844071
train,0.23900352,0.1811391223155929,0.22549019607843135,0.7745098039215687,0.8188608776844071
train,0.23879711,0.18160597572362278,0.22549019607843135,0.7745098039215687,0.8183940242763772
train,0.23796242,0.18160597572362278,0.22315592903828196,0.776844070961718,0.8183940242763772
train,0.23760751,0.1830065359477124,0.22315592903828196,0.776844070961718,0.8169934640522876
train,0.23727,0.1830065359477124,0.22082166199813258,0.7791783380018674,0.8169934640522876
train,0.2369072,0.1858076563958917,0.22082166199813258,0.7791783380018674,0.8141923436041083
train,0.23666665,0.1858076563958917,0.2203548085901027,0.7796451914098973,0.8141923436041083
train,0.23660085,0.18627450980392157,0.2203548085901027,0.7796451914098973,0.8137254901960784
train,0.23642218,0.18627450980392157,0.21988795518207283,0.7801120448179272,0.8137254901960784
train,0.23611513,0.18674136321195145,0.21988795518207283,0.7801120448179272,0.8132586367880486
train,0.23605542,0.18674136321195145,0.21895424836601307,0.7810457516339869,0.8132586367880486
train,0.23518832,0.18814192343604108,0.21895424836601307,0.7810457516339869,0.8118580765639589
train,0.23505197,0.18814192343604108,0.21802054154995332,0.7819794584500467,0.8118580765639589
train,0.23364396,0.19187675070028012,0.21802054154995332,0.7819794584500467,0.8081232492997199
train,0.23327638,0.19187675070028012,0.21708683473389356,0.7829131652661064,0.8081232492997199
train,0.2331362,0.19281045751633988,0.21708683473389356,0.7829131652661064,0.8071895424836601
train,0.23304191,0.19281045751633988,0.2166199813258637,0.7833800186741363,0.8071895424836601
train,0.23263493,0.1942110177404295,0.2166199813258637,0.7833800186741363,0.8057889822595705
train,0.23233925,0.1942110177404295,0.2161531279178338,0.7838468720821662,0.8057889822595705
train,0.2321195,0.19607843137254902,0.2161531279178338,0.7838468720821662,0.803921568627451
train,0.23204923,0.19607843137254902,0.21568627450980393,0.7843137254901961,0.803921568627451
train,0.23197456,0.1965452847805789,0.21568627450980393,0.7843137254901961,0.8034547152194211
train,0.23128088,0.1965452847805789,0.21475256769374418,0.7852474323062558,0.8034547152194211
train,0.23120327,0.19701213818860877,0.21475256769374418,0.7852474323062558,0.8029878618113913
train,0.23106623,0.19701213818860877,0.2142857142857143,0.7857142857142857,0.8029878618113913
train,0.23105,0.19747899159663865,0.2142857142857143,0.7857142857142857,0.8025210084033614
train,0.23074265,0.19747899159663865,0.21335200746965455,0.7866479925303455,0.8025210084033614
train,0.23016936,0.19887955182072828,0.21335200746965455,0.7866479925303455,0.8011204481792717
train,0.2297265,0.19887955182072828,0.21148459383753504,0.788515406162465,0.8011204481792717
train,0.22948529,0.19981325863678806,0.21148459383753504,0.788515406162465,0.800186741363212
train,0.22938311,0.19981325863678806,0.21101774042950516,0.7889822595704948,0.800186741363212
train,0.22908737,0.2012138188608777,0.21101774042950516,0.7889822595704948,0.7987861811391224
train,0.2287903,0.2012138188608777,0.2100840336134454,0.7899159663865546,0.7987861811391224
train,0.22866982,0.20214752567693745,0.2100840336134454,0.7899159663865546,0.7978524743230626
train,0.22830899,0.20214752567693745,0.20961718020541553,0.7903828197945845,0.7978524743230626
train,0.22817121,0.20261437908496732,0.20961718020541553,0.7903828197945845,0.7973856209150327
train,0.22804937,0.20261437908496732,0.20915032679738566,0.7908496732026143,0.7973856209150327
train,0.2276963,0.20401493930905695,0.20915032679738566,0.7908496732026143,0.7959850606909431
train,0.22738089,0.20401493930905695,0.2082166199813259,0.7917833800186741,0.7959850606909431
train,0.227199,0.20448179271708683,0.2082166199813259,0.7917833800186741,0.7955182072829132
train,0.22708447,0.20448179271708683,0.20774976657329602,0.792250233426704,0.7955182072829132
train,0.22693418,0.20588235294117646,0.20774976657329602,0.792250233426704,0.7941176470588236
train,0.22666654,0.20588235294117646,0.2063492063492064,0.7936507936507936,0.7941176470588236
train,0.22664869,0.20634920634920634,0.2063492063492064,0.7936507936507936,0.7936507936507937
train,0.22658175,0.20634920634920634,0.20541549953314664,0.7945845004668534,0.7936507936507937
train,0.22651596,0.20681605975723621,0.20541549953314664,0.7945845004668534,0.7931839402427638
train,0.22629555,0.20681605975723621,0.20448179271708689,0.7955182072829131,0.7931839402427638
train,0.22592415,0.207749766573296,0.20448179271708689,0.7955182072829131,0.792250233426704
train,0.225712,0.207749766573296,0.20354808590102713,0.7964519140989729,0.792250233426704
train,0.2254989,0.20821661998132587,0.20354808590102713,0.7964519140989729,0.7917833800186741
train,0.2253393,0.20821661998132587,0.20308123249299714,0.7969187675070029,0.7917833800186741
train,0.22531949,0.20868347338935575,0.20308123249299714,0.7969187675070029,0.7913165266106442
train,0.22514594,0.20868347338935575,0.20261437908496727,0.7973856209150327,0.7913165266106442
train,0.2246461,0.21055088702147526,0.20261437908496727,0.7973856209150327,0.7894491129785247
train,0.2244873,0.21055088702147526,0.2021475256769374,0.7978524743230626,0.7894491129785247
train,0.22398195,0.21288515406162464,0.2021475256769374,0.7978524743230626,0.7871148459383753
train,0.22366372,0.21288515406162464,0.20074696545284776,0.7992530345471522,0.7871148459383753
train,0.22225295,0.2161531279178338,0.20074696545284776,0.7992530345471522,0.7838468720821662
train,0.22203983,0.2161531279178338,0.19934640522875813,0.8006535947712419,0.7838468720821662
train,0.22180532,0.21708683473389356,0.19934640522875813,0.8006535947712419,0.7829131652661064
train,0.22162563,0.21708683473389356,0.19887955182072825,0.8011204481792717,0.7829131652661064
train,0.22128871,0.21755368814192344,0.19887955182072825,0.8011204481792717,0.7824463118580766
train,0.22093298,0.21755368814192344,0.19701213818860874,0.8029878618113913,0.7824463118580766
train,0.22043486,0.21988795518207283,0.19701213818860874,0.8029878618113913,0.7801120448179272
train,0.22041455,0.21988795518207283,0.19654528478057887,0.8034547152194211,0.7801120448179272
train,0.22039966,0.22082166199813258,0.19654528478057887,0.8034547152194211,0.7791783380018674
train,0.22027618,0.22082166199813258,0.196078431372549,0.803921568627451,0.7791783380018674
train,0.22001022,0.22128851540616246,0.196078431372549,0.803921568627451,0.7787114845938375
train,0.21989727,0.22128851540616246,0.19514472455648924,0.8048552754435108,0.7787114845938375
train,0.2195181,0.22268907563025211,0.19514472455648924,0.8048552754435108,0.7773109243697479
train,0.21949339,0.22268907563025211,0.19467787114845936,0.8053221288515406,0.7773109243697479
train,0.21946849,0.223155929038282,0.19467787114845936,0.8053221288515406,0.776844070961718
train,0.21925238,0.223155929038282,0.19327731092436973,0.8067226890756303,0.776844070961718
train,0.21911635,0.22362278244631187,0.19327731092436973,0.8067226890756303,0.7763772175536882
train,0.21907026,0.22362278244631187,0.19281045751633985,0.8071895424836601,0.7763772175536882
train,0.2190249,0.22408963585434175,0.19281045751633985,0.8071895424836601,0.7759103641456583
train,0.21870093,0.22408963585434175,0.1918767507002801,0.8081232492997199,0.7759103641456583
train,0.21857262,0.22455648926237162,0.1918767507002801,0.8081232492997199,0.7754435107376284
train,0.21832268,0.22455648926237162,0.19094304388422034,0.8090569561157797,0.7754435107376284
train,0.21817319,0.22549019607843138,0.19094304388422034,0.8090569561157797,0.7745098039215687
train,0.21805218,0.22549019607843138,0.19047619047619047,0.8095238095238095,0.7745098039215687
train,0.2180226,0.22595704948646125,0.19047619047619047,0.8095238095238095,0.7740429505135388
train,0.21801388,0.22595704948646125,0.1900093370681606,0.8099906629318394,0.7740429505135388
train,0.21770178,0.22782446311858076,0.1900093370681606,0.8099906629318394,0.7721755368814193
train,0.21765861,0.22782446311858076,0.1895424836601307,0.8104575163398693,0.7721755368814193
train,0.21748723,0.22829131652661064,0.1895424836601307,0.8104575163398693,0.7717086834733894
train,0.21737798,0.22829131652661064,0.18860877684407096,0.811391223155929,0.7717086834733894
train,0.21735579,0.22875816993464052,0.18860877684407096,0.811391223155929,0.7712418300653595
train,0.21710002,0.22875816993464052,0.1876750700280112,0.8123249299719888,0.7712418300653595
train,0.21709372,0.2292250233426704,0.1876750700280112,0.8123249299719888,0.7707749766573296
train,0.2170742,0.2292250233426704,0.18720821661998133,0.8127917833800187,0.7707749766573296
train,0.2170203,0.23015873015873015,0.18720821661998133,0.8127917833800187,0.7698412698412699
train,0.21685643,0.23015873015873015,0.18534080298786182,0.8146591970121382,0.7698412698412699
train,0.21668978,0.23062558356676005,0.18534080298786182,0.8146591970121382,0.7693744164332399
train,0.2164901,0.23062558356676005,0.18487394957983194,0.8151260504201681,0.7693744164332399
train,0.21614587,0.23202614379084968,0.18487394957983194,0.8151260504201681,0.7679738562091503
train,0.21584058,0.23202614379084968,0.1834733893557423,0.8165266106442577,0.7679738562091503
train,0.21572429,0.23249299719887956,0.1834733893557423,0.8165266106442577,0.7675070028011204
train,0.21565391,0.23249299719887956,0.18253968253968256,0.8174603174603174,0.7675070028011204
train,0.21557376,0.23295985060690944,0.18253968253968256,0.8174603174603174,0.7670401493930905
train,0.21544683,0.23295985060690944,0.1816059757236228,0.8183940242763772,0.7670401493930905
train,0.21476,0.23529411764705882,0.1816059757236228,0.8183940242763772,0.7647058823529411
train,0.2146709,0.23529411764705882,0.18067226890756305,0.819327731092437,0.7647058823529411
train,0.21413201,0.23716153127917833,0.18067226890756305,0.819327731092437,0.7628384687208216
train,0.21383677,0.23716153127917833,0.18020541549953317,0.8197945845004668,0.7628384687208216
train,0.21316636,0.23996265172735762,0.18020541549953317,0.8197945845004668,0.7600373482726424
train,0.21301877,0.23996265172735762,0.1797385620915033,0.8202614379084967,0.7600373482726424
train,0.21301666,0.2404295051353875,0.1797385620915033,0.8202614379084967,0.7595704948646125
train,0.21301517,0.2404295051353875,0.17927170868347342,0.8207282913165266,0.7595704948646125
train,0.21257608,0.24183006535947713,0.17927170868347342,0.8207282913165266,0.7581699346405228
train,0.21207726,0.24183006535947713,0.1778711484593838,0.8221288515406162,0.7581699346405228
train,0.2119173,0.242296918767507,0.1778711484593838,0.8221288515406162,0.757703081232493
train,0.21182403,0.242296918767507,0.1774042950513539,0.8225957049486461,0.757703081232493
train,0.21160068,0.24323062558356676,0.1774042950513539,0.8225957049486461,0.7567693744164332
train,0.21150813,0.24323062558356676,0.17693744164332403,0.823062558356676,0.7567693744164332
train,0.21080276,0.24369747899159663,0.17693744164332403,0.823062558356676,0.7563025210084033
train,0.2106682,0.24369747899159663,0.17600373482726428,0.8239962651727357,0.7563025210084033
train,0.21012798,0.2469654528478058,0.17600373482726428,0.8239962651727357,0.7530345471521942
train,0.21012601,0.2469654528478058,0.1755368814192344,0.8244631185807656,0.7530345471521942
train,0.20980896,0.2488328664799253,0.1755368814192344,0.8244631185807656,0.7511671335200747
train,0.20948304,0.2488328664799253,0.17413632119514477,0.8258636788048552,0.7511671335200747
train,0.20859219,0.2525676937441643,0.17413632119514477,0.8258636788048552,0.7474323062558357
train,0.20847288,0.2525676937441643,0.1736694677871149,0.8263305322128851,0.7474323062558357
train,0.20757808,0.25630252100840334,0.1736694677871149,0.8263305322128851,0.7436974789915967
train,0.20752697,0.25630252100840334,0.17320261437908502,0.826797385620915,0.7436974789915967
train,0.20726202,0.2572362278244631,0.17320261437908502,0.826797385620915,0.7427637721755369
train,0.20720094,0.2572362278244631,0.17226890756302526,0.8277310924369747,0.7427637721755369
train,0.2064353,0.25957049486461253,0.17226890756302526,0.8277310924369747,0.7404295051353875
train,0.20628898,0.25957049486461253,0.17180205415499528,0.8281979458450047,0.7404295051353875
train,0.20602068,0.26097105508870216,0.17180205415499528,0.8281979458450047,0.7390289449112979
train,0.20571496,0.26097105508870216,0.17040149393090565,0.8295985060690944,0.7390289449112979
train,0.20535015,0.2623716153127918,0.17040149393090565,0.8295985060690944,0.7376283846872083
train,0.20522423,0.2623716153127918,0.16993464052287577,0.8300653594771242,0.7376283846872083
train,0.20498218,0.26330532212885155,0.16993464052287577,0.8300653594771242,0.7366946778711485
train,0.20485477,0.26330532212885155,0.1694677871148459,0.8305322128851541,0.7366946778711485
train,0.20430462,0.2661064425770308,0.1694677871148459,0.8305322128851541,0.7338935574229692
train,0.20398381,0.2661064425770308,0.16806722689075626,0.8319327731092437,0.7338935574229692
train,0.20377982,0.26704014939309056,0.16806722689075626,0.8319327731092437,0.7329598506069095
train,0.2037408,0.26704014939309056,0.16760037348272638,0.8323996265172736,0.7329598506069095
train,0.20294477,0.26937441643323995,0.16760037348272638,0.8323996265172736,0.7306255835667601
train,0.20292927,0.26937441643323995,0.1671335200746965,0.8328664799253035,0.7306255835667601
train,0.20272903,0.2703081232492997,0.1671335200746965,0.8328664799253035,0.7296918767507004
train,0.20271431,0.2703081232492997,0.16666666666666663,0.8333333333333334,0.7296918767507004
train,0.20235072,0.27124183006535946,0.16666666666666663,0.8333333333333334,0.7287581699346406
train,0.2021791,0.27124183006535946,0.16619981325863675,0.8338001867413632,0.7287581699346406
train,0.20204024,0.27170868347338933,0.16619981325863675,0.8338001867413632,0.7282913165266107
train,0.20202631,0.27170868347338933,0.16573295985060688,0.8342670401493931,0.7282913165266107
train,0.20177826,0.2721755368814192,0.16573295985060688,0.8342670401493931,0.7278244631185808
train,0.20150703,0.2721755368814192,0.165266106442577,0.834733893557423,0.7278244631185808
train,0.2012353,0.2740429505135388,0.165266106442577,0.834733893557423,0.7259570494864612
train,0.20118661,0.2740429505135388,0.16479925303454712,0.8352007469654529,0.7259570494864612
train,0.2011856,0.27450980392156865,0.16479925303454712,0.8352007469654529,0.7254901960784313
train,0.20079742,0.27450980392156865,0.16386554621848737,0.8361344537815126,0.7254901960784313
train,0.19966868,0.2773109243697479,0.16386554621848737,0.8361344537815126,0.7226890756302521
train,0.19948822,0.2773109243697479,0.1633986928104575,0.8366013071895425,0.7226890756302521
train,0.1991445,0.27871148459383754,0.1633986928104575,0.8366013071895425,0.7212885154061625
train,0.1989438,0.27871148459383754,0.16199813258636786,0.8380018674136321,0.7212885154061625
train,0.1989294,0.2791783380018674,0.16199813258636786,0.8380018674136321,0.7208216619981326
train,0.19890733,0.2791783380018674,0.16153127917833798,0.838468720821662,0.7208216619981326
train,0.1980603,0.28104575163398693,0.16153127917833798,0.838468720821662,0.7189542483660131
train,0.19790767,0.28104575163398693,0.1610644257703081,0.8389355742296919,0.7189542483660131
train,0.19728635,0.2833800186741363,0.1610644257703081,0.8389355742296919,0.7166199813258637
train,0.1966308,0.2833800186741363,0.15779645191409897,0.842203548085901,0.7166199813258637
train,0.19615011,0.2857142857142857,0.15779645191409897,0.842203548085901,0.7142857142857143
train,0.19613892,0.2857142857142857,0.1573295985060691,0.8426704014939309,0.7142857142857143
train,0.19588037,0.28711484593837533,0.1573295985060691,0.8426704014939309,0.7128851540616247
train,0.19579042,0.28711484593837533,0.1568627450980392,0.8431372549019608,0.7128851540616247
train,0.1954787,0.28898225957049484,0.1568627450980392,0.8431372549019608,0.7110177404295052
train,0.19544138,0.28898225957049484,0.15639589169000934,0.8436041083099907,0.7110177404295052
train,0.19445221,0.29365079365079366,0.15639589169000934,0.8436041083099907,0.7063492063492063
train,0.19437091,0.29365079365079366,0.15546218487394958,0.8445378151260504,0.7063492063492063
train,0.19265814,0.29831932773109243,0.15546218487394958,0.8445378151260504,0.7016806722689075
train,0.19247779,0.29831932773109243,0.1549953314659197,0.8450046685340803,0.7016806722689075
train,0.19208284,0.29971988795518206,0.1549953314659197,0.8450046685340803,0.7002801120448179
train,0.19205908,0.29971988795518206,0.15452847805788983,0.8454715219421102,0.7002801120448179
train,0.19203703,0.3011204481792717,0.15452847805788983,0.8454715219421102,0.6988795518207283
train,0.19201516,0.3011204481792717,0.15406162464985995,0.84593837535014,0.6988795518207283
train,0.19190574,0.30158730158730157,0.15406162464985995,0.84593837535014,0.6984126984126984
train,0.19183223,0.30158730158730157,0.15359477124183007,0.8464052287581699,0.6984126984126984
train,0.19158189,0.3029878618113912,0.15359477124183007,0.8464052287581699,0.6970121381886087
train,0.19153525,0.3029878618113912,0.1531279178338002,0.8468720821661998,0.6970121381886087
train,0.19122408,0.30485527544351076,0.1531279178338002,0.8468720821661998,0.6951447245564892
train,0.19104919,0.30485527544351076,0.15266106442577032,0.8473389355742297,0.6951447245564892
train,0.19104353,0.30532212885154064,0.15266106442577032,0.8473389355742297,0.6946778711484594
train,0.19087985,0.30532212885154064,0.15219421101774044,0.8478057889822596,0.6946778711484594
train,0.19080696,0.3062558356676004,0.15219421101774044,0.8478057889822596,0.6937441643323996
train,0.19075963,0.3062558356676004,0.1512605042016807,0.8487394957983193,0.6937441643323996
train,0.19063634,0.3067226890756303,0.1512605042016807,0.8487394957983193,0.6932773109243697
train,0.19059199,0.3067226890756303,0.1507936507936508,0.8492063492063492,0.6932773109243697
train,0.19059083,0.30718954248366015,0.1507936507936508,0.8492063492063492,0.6928104575163399
train,0.19052745,0.30718954248366015,0.15032679738562094,0.8496732026143791,0.6928104575163399
train,0.18995012,0.30952380952380953,0.15032679738562094,0.8496732026143791,0.6904761904761905
train,0.18987277,0.30952380952380953,0.14985994397759106,0.8501400560224089,0.6904761904761905
train,0.18985172,0.3099906629318394,0.14985994397759106,0.8501400560224089,0.6900093370681606
train,0.18974452,0.3099906629318394,0.1489262371615313,0.8510737628384687,0.6900093370681606
train,0.18942304,0.31092436974789917,0.1489262371615313,0.8510737628384687,0.6890756302521008
train,0.1893253,0.31092436974789917,0.14845938375350143,0.8515406162464986,0.6890756302521008
train,0.18902843,0.31139122315592904,0.14845938375350143,0.8515406162464986,0.688608776844071
train,0.18896599,0.31139122315592904,0.14799253034547155,0.8520074696545284,0.688608776844071
train,0.18875946,0.3123249299719888,0.14799253034547155,0.8520074696545284,0.6876750700280112
train,0.18860371,0.3123249299719888,0.1470588235294118,0.8529411764705882,0.6876750700280112
train,0.18801826,0.3137254901960784,0.1470588235294118,0.8529411764705882,0.6862745098039216
train,0.18789455,0.3137254901960784,0.14659197012138192,0.8534080298786181,0.6862745098039216
train,0.18785784,0.3141923436041083,0.14659197012138192,0.8534080298786181,0.6858076563958917
train,0.18768974,0.3141923436041083,0.1447245564892624,0.8552754435107376,0.6858076563958917
train,0.18690261,0.3160597572362278,0.1447245564892624,0.8552754435107376,0.6839402427637722
train,0.18683395,0.3160597572362278,0.14425770308123254,0.8557422969187675,0.6839402427637722
train,0.18666326,0.31699346405228757,0.14425770308123254,0.8557422969187675,0.6830065359477124
train,0.1863417,0.31699346405228757,0.14379084967320266,0.8562091503267973,0.6830065359477124
train,0.18612279,0.3183940242763772,0.14379084967320266,0.8562091503267973,0.6816059757236228
train,0.18606417,0.3183940242763772,0.14332399626517278,0.8566760037348272,0.6816059757236228
train,0.184947,0.32259570494864614,0.14332399626517278,0.8566760037348272,0.6774042950513539
train,0.1847674,0.32259570494864614,0.14239028944911303,0.857609710550887,0.6774042950513539
train,0.18381241,0.3253968253968254,0.14239028944911303,0.857609710550887,0.6746031746031746
train,0.18361501,0.3253968253968254,0.14192343604108315,0.8580765639589168,0.6746031746031746
train,0.1824799,0.3295985060690943,0.14192343604108315,0.8580765639589168,0.6704014939309058
train,0.18219459,0.3295985060690943,0.1409897292250234,0.8590102707749766,0.6704014939309058
train,0.18144894,0.33099906629318393,0.1409897292250234,0.8590102707749766,0.6690009337068161
train,0.18140872,0.33099906629318393,0.1405228758169934,0.8594771241830066,0.6690009337068161
train,0.1812623,0.3319327731092437,0.1405228758169934,0.8594771241830066,0.6680672268907564
train,0.18051948,0.3319327731092437,0.13958916900093365,0.8604108309990663,0.6680672268907564
train,0.18045706,0.33286647992530344,0.13958916900093365,0.8604108309990663,0.6671335200746966
train,0.18042305,0.33286647992530344,0.13912231559290378,0.8608776844070962,0.6671335200746966
train,0.1803912,0.3333333333333333,0.13912231559290378,0.8608776844070962,0.6666666666666667
train,0.1803555,0.3333333333333333,0.1386554621848739,0.8613445378151261,0.6666666666666667
train,0.17990832,0.3352007469654528,0.1386554621848739,0.8613445378151261,0.6647992530345472
train,0.17990817,0.3352007469654528,0.13818860877684402,0.861811391223156,0.6647992530345472
train,0.17972834,0.3356676003734827,0.13818860877684402,0.861811391223156,0.6643323996265174
train,0.17922932,0.3356676003734827,0.13772175536881415,0.8622782446311859,0.6643323996265174
train,0.17906637,0.33613445378151263,0.13772175536881415,0.8622782446311859,0.6638655462184874
train,0.178915,0.33613445378151263,0.1367880485527544,0.8632119514472456,0.6638655462184874
train,0.1784002,0.3370681605975724,0.1367880485527544,0.8632119514472456,0.6629318394024276
train,0.17828417,0.3370681605975724,0.13632119514472452,0.8636788048552755,0.6629318394024276
train,0.17825107,0.33753501400560226,0.13632119514472452,0.8636788048552755,0.6624649859943977
train,0.17820852,0.33753501400560226,0.13585434173669464,0.8641456582633054,0.6624649859943977
train,0.17762278,0.3389355742296919,0.13585434173669464,0.8641456582633054,0.6610644257703081
train,0.17750199,0.3389355742296919,0.13538748832866476,0.8646125116713352,0.6610644257703081
train,0.17710525,0.33986928104575165,0.13538748832866476,0.8646125116713352,0.6601307189542484
train,0.17678288,0.33986928104575165,0.13492063492063489,0.8650793650793651,0.6601307189542484
train,0.1765291,0.34173669467787116,0.13492063492063489,0.8650793650793651,0.6582633053221288
train,0.17613667,0.34173669467787116,0.13398692810457513,0.8660130718954249,0.6582633053221288
train,0.17464922,0.34780578898225956,0.13398692810457513,0.8660130718954249,0.6521942110177404
train,0.17429845,0.34780578898225956,0.13305322128851538,0.8669467787114846,0.6521942110177404
train,0.17390421,0.35014005602240894,0.13305322128851538,0.8669467787114846,0.6498599439775911
train,0.17375013,0.35014005602240894,0.1325863678804855,0.8674136321195145,0.6498599439775911
train,0.17239329,0.35480859010270777,0.1325863678804855,0.8674136321195145,0.6451914098972922
train,0.17230842,0.35480859010270777,0.13165266106442575,0.8683473389355743,0.6451914098972922
train,0.17225738,0.3557422969187675,0.13165266106442575,0.8683473389355743,0.6442577030812324
train,0.1721862,0.3557422969187675,0.13118580765639587,0.8688141923436041,0.6442577030812324
train,0.17196235,0.3566760037348273,0.13118580765639587,0.8688141923436041,0.6433239962651727
train,0.17159058,0.3566760037348273,0.130718954248366,0.869281045751634,0.6433239962651727
train,0.17138572,0.3585434173669468,0.130718954248366,0.869281045751634,0.6414565826330532
train,0.17123605,0.3585434173669468,0.12978524743230624,0.8702147525676938,0.6414565826330532
train,0.17106329,0.3599439775910364,0.12978524743230624,0.8702147525676938,0.6400560224089635
train,0.17095846,0.3599439775910364,0.12885154061624648,0.8711484593837535,0.6400560224089635
train,0.17082117,0.3604108309990663,0.12885154061624648,0.8711484593837535,0.6395891690009337
train,0.17081665,0.3604108309990663,0.1283846872082166,0.8716153127917834,0.6395891690009337
train,0.17043917,0.36134453781512604,0.1283846872082166,0.8716153127917834,0.6386554621848739
train,0.17020544,0.36134453781512604,0.12791783380018673,0.8720821661998133,0.6386554621848739
train,0.17018302,0.3618113912231559,0.12791783380018673,0.8720821661998133,0.638188608776844
train,0.17015605,0.3618113912231559,0.12698412698412698,0.873015873015873,0.638188608776844
train,0.16989449,0.3622782446311858,0.12698412698412698,0.873015873015873,0.6377217553688141
train,0.16963555,0.3622782446311858,0.12605042016806722,0.8739495798319328,0.6377217553688141
train,0.16900906,0.3641456582633053,0.12605042016806722,0.8739495798319328,0.6358543417366946
train,0.16899242,0.3641456582633053,0.12558356676003735,0.8744164332399627,0.6358543417366946
train,0.16874053,0.36554621848739494,0.12558356676003735,0.8744164332399627,0.634453781512605
train,0.1687379,0.36554621848739494,0.12511671335200747,0.8748832866479925,0.634453781512605
train,0.16828656,0.3674136321195145,0.12511671335200747,0.8748832866479925,0.6325863678804855
train,0.16811977,0.3674136321195145,0.12464985994397759,0.8753501400560224,0.6325863678804855
train,0.1675595,0.36834733893557425,0.12464985994397759,0.8753501400560224,0.6316526610644257
train,0.16745543,0.36834733893557425,0.12418300653594772,0.8758169934640523,0.6316526610644257
train,0.16736703,0.369281045751634,0.12418300653594772,0.8758169934640523,0.630718954248366
train,0.16685788,0.369281045751634,0.12371615312791784,0.8762838468720822,0.630718954248366
train,0.16607174,0.3711484593837535,0.12371615312791784,0.8762838468720822,0.6288515406162465
train,0.16565162,0.3711484593837535,0.12278244631185808,0.8772175536881419,0.6288515406162465
train,0.16549365,0.3716153127917834,0.12278244631185808,0.8772175536881419,0.6283846872082166
train,0.16537276,0.3716153127917834,0.12231559290382821,0.8776844070961718,0.6283846872082166
train,0.16472211,0.37441643323996265,0.12231559290382821,0.8776844070961718,0.6255835667600373
train,0.1646549,0.37441643323996265,0.12184873949579833,0.8781512605042017,0.6255835667600373
train,0.16458738,0.3753501400560224,0.12184873949579833,0.8781512605042017,0.6246498599439776
train,0.16417329,0.3753501400560224,0.1204481792717087,0.8795518207282913,0.6246498599439776
train,0.16363169,0.3776844070961718,0.1204481792717087,0.8795518207282913,0.6223155929038282
train,0.16322653,0.3776844070961718,0.11951447245564895,0.880485527544351,0.6223155929038282
train,0.16304769,0.37815126050420167,0.11951447245564895,0.880485527544351,0.6218487394957983
train,0.16296113,0.37815126050420167,0.11904761904761907,0.8809523809523809,0.6218487394957983
train,0.16267058,0.3795518207282913,0.11904761904761907,0.8809523809523809,0.6204481792717087
train,0.16247104,0.3795518207282913,0.11858076563958919,0.8814192343604108,0.6204481792717087
train,0.16224949,0.38048552754435105,0.11858076563958919,0.8814192343604108,0.619514472455649
train,0.16214095,0.38048552754435105,0.11811391223155931,0.8818860877684407,0.619514472455649
train,0.16208349,0.38095238095238093,0.11811391223155931,0.8818860877684407,0.6190476190476191
train,0.16207598,0.38095238095238093,0.11764705882352944,0.8823529411764706,0.6190476190476191
train,0.16176823,0.3818860877684407,0.11764705882352944,0.8823529411764706,0.6181139122315593
train,0.16157788,0.3818860877684407,0.11718020541549956,0.8828197945845004,0.6181139122315593
train,0.16139337,0.3828197945845005,0.11718020541549956,0.8828197945845004,0.6171802054154996
train,0.16130082,0.3828197945845005,0.11671335200746968,0.8832866479925303,0.6171802054154996
train,0.16076276,0.38375350140056025,0.11671335200746968,0.8832866479925303,0.6162464985994398
train,0.16074872,0.38375350140056025,0.11624649859943981,0.8837535014005602,0.6162464985994398
train,0.16059768,0.3842203548085901,0.11624649859943981,0.8837535014005602,0.6157796451914099
train,0.160421,0.3842203548085901,0.11577964519140993,0.8842203548085901,0.6157796451914099
train,0.15976022,0.38562091503267976,0.11577964519140993,0.8842203548085901,0.6143790849673203
train,0.15955168,0.38562091503267976,0.1143790849673203,0.8856209150326797,0.6143790849673203
train,0.1591953,0.38748832866479926,0.1143790849673203,0.8856209150326797,0.6125116713352008
train,0.15897483,0.38748832866479926,0.11391223155929042,0.8860877684407096,0.6125116713352008
train,0.1586946,0.38935574229691877,0.11391223155929042,0.8860877684407096,0.6106442577030813
train,0.15859702,0.38935574229691877,0.11344537815126055,0.8865546218487395,0.6106442577030813
train,0.15855962,0.38982259570494865,0.11344537815126055,0.8865546218487395,0.6101774042950514
train,0.15840882,0.38982259570494865,0.11297852474323067,0.8870214752567693,0.6101774042950514
train,0.15837933,0.3902894491129785,0.11297852474323067,0.8870214752567693,0.6097105508870215
train,0.15824422,0.3902894491129785,0.11251167133520079,0.8874883286647992,0.6097105508870215
train,0.15787992,0.39169000933706816,0.11251167133520079,0.8874883286647992,0.6083099906629319
train,0.15786931,0.39169000933706816,0.11204481792717091,0.8879551820728291,0.6083099906629319
train,0.15728596,0.3954248366013072,0.11204481792717091,0.8879551820728291,0.6045751633986929
train,0.1572071,0.3954248366013072,0.11111111111111116,0.8888888888888888,0.6045751633986929
train,0.1566189,0.39915966386554624,0.11111111111111116,0.8888888888888888,0.6008403361344538
train,0.15657042,0.39915966386554624,0.11064425770308128,0.8893557422969187,0.6008403361344538
train,0.15545641,0.4019607843137255,0.11064425770308128,0.8893557422969187,0.5980392156862745
train,0.15541542,0.4019607843137255,0.1101774042950514,0.8898225957049486,0.5980392156862745
train,0.15514062,0.40336134453781514,0.1101774042950514,0.8898225957049486,0.5966386554621849
train,0.15514034,0.40336134453781514,0.10971055088702153,0.8902894491129785,0.5966386554621849
train,0.15452005,0.40709617180205415,0.10971055088702153,0.8902894491129785,0.5929038281979458
train,0.15448755,0.40709617180205415,0.10924369747899154,0.8907563025210085,0.5929038281979458
train,0.15444288,0.4080298786181139,0.10924369747899154,0.8907563025210085,0.5919701213818861
train,0.15425865,0.4080298786181139,0.10830999066293179,0.8916900093370682,0.5919701213818861
train,0.15364458,0.4117647058823529,0.10830999066293179,0.8916900093370682,0.5882352941176471
train,0.15330502,0.4117647058823529,0.10784313725490191,0.8921568627450981,0.5882352941176471
train,0.15226175,0.415499533146592,0.10784313725490191,0.8921568627450981,0.584500466853408
train,0.15216206,0.415499533146592,0.10737628384687203,0.892623716153128,0.584500466853408
train,0.15213591,0.41643323996265175,0.10737628384687203,0.892623716153128,0.5835667600373482
train,0.15174319,0.41643323996265175,0.10690943043884216,0.8930905695611578,0.5835667600373482
train,0.15081394,0.4173669467787115,0.10690943043884216,0.8930905695611578,0.5826330532212884
train,0.15074137,0.4173669467787115,0.10644257703081228,0.8935574229691877,0.5826330532212884
train,0.15042624,0.4178338001867414,0.10644257703081228,0.8935574229691877,0.5821661998132586
train,0.15027387,0.4178338001867414,0.1059757236227824,0.8940242763772176,0.5821661998132586
train,0.1499714,0.41876750700280113,0.1059757236227824,0.8940242763772176,0.5812324929971988
train,0.1498215,0.41876750700280113,0.10550887021475253,0.8944911297852475,0.5812324929971988
train,0.149493,0.419234360410831,0.10550887021475253,0.8944911297852475,0.5807656395891689
train,0.149261,0.419234360410831,0.10457516339869277,0.8954248366013072,0.5807656395891689
train,0.1491766,0.42016806722689076,0.10457516339869277,0.8954248366013072,0.5798319327731092
train,0.14873625,0.42016806722689076,0.1041083099906629,0.8958916900093371,0.5798319327731092
train,0.14832559,0.42250233426704015,0.1041083099906629,0.8958916900093371,0.5774976657329598
train,0.14814216,0.42250233426704015,0.10317460317460314,0.8968253968253969,0.5774976657329598
train,0.14791784,0.4234360410830999,0.10317460317460314,0.8968253968253969,0.5765639589169
train,0.14780456,0.4234360410830999,0.10270774976657326,0.8972922502334267,0.5765639589169
train,0.14767547,0.4253034547152194,0.10270774976657326,0.8972922502334267,0.5746965452847805
train,0.1475943,0.4253034547152194,0.10224089635854339,0.8977591036414566,0.5746965452847805
train,0.14691955,0.42857142857142855,0.10224089635854339,0.8977591036414566,0.5714285714285714
train,0.1465637,0.42857142857142855,0.10130718954248363,0.8986928104575164,0.5714285714285714
train,0.14638048,0.4290382819794584,0.10130718954248363,0.8986928104575164,0.5709617180205415
train,0.14604919,0.4290382819794584,0.10084033613445376,0.8991596638655462,0.5709617180205415
train,0.14599663,0.42997198879551823,0.10084033613445376,0.8991596638655462,0.5700280112044818
train,0.14596431,0.42997198879551823,0.10037348272642388,0.8996265172735761,0.5700280112044818
train,0.14480942,0.43557422969187676,0.10037348272642388,0.8996265172735761,0.5644257703081232
train,0.14460555,0.43557422969187676,0.099906629318394,0.900093370681606,0.5644257703081232
train,0.14374857,0.438375350140056,0.099906629318394,0.900093370681606,0.561624649859944
train,0.14358768,0.438375350140056,0.09943977591036413,0.9005602240896359,0.561624649859944
train,0.14338095,0.4388422035480859,0.09943977591036413,0.9005602240896359,0.5611577964519141
train,0.14331622,0.4388422035480859,0.09897292250233425,0.9010270774976658,0.5611577964519141
train,0.14309295,0.4402427637721755,0.09897292250233425,0.9010270774976658,0.5597572362278245
train,0.14296237,0.4402427637721755,0.09850606909430437,0.9014939309056956,0.5597572362278245
train,0.14215708,0.44211017740429503,0.09850606909430437,0.9014939309056956,0.557889822595705
train,0.14179702,0.44211017740429503,0.09617180205415499,0.903828197945845,0.557889822595705
train,0.14072639,0.4449112978524743,0.09617180205415499,0.903828197945845,0.5550887021475257
train,0.14057884,0.4449112978524743,0.09570494864612511,0.9042950513538749,0.5550887021475257
train,0.13995111,0.44677871148459386,0.09570494864612511,0.9042950513538749,0.5532212885154062
train,0.13984783,0.44677871148459386,0.09523809523809523,0.9047619047619048,0.5532212885154062
train,0.13933608,0.44864612511671337,0.09523809523809523,0.9047619047619048,0.5513538748832867
train,0.13882527,0.44864612511671337,0.09477124183006536,0.9052287581699346,0.5513538748832867
train,0.13881575,0.44911297852474324,0.09477124183006536,0.9052287581699346,0.5508870214752568
train,0.13880466,0.44911297852474324,0.09430438842203548,0.9056956115779645,0.5508870214752568
train,0.13812387,0.4519140989729225,0.09430438842203548,0.9056956115779645,0.5480859010270775
train,0.13807651,0.4519140989729225,0.0938375350140056,0.9061624649859944,0.5480859010270775
train,0.13795884,0.4523809523809524,0.0938375350140056,0.9061624649859944,0.5476190476190477
train,0.13786532,0.4523809523809524,0.09290382819794585,0.9070961718020542,0.5476190476190477
train,0.13778988,0.45284780578898226,0.09290382819794585,0.9070961718020542,0.5471521942110178
train,0.13770323,0.45284780578898226,0.0919701213818861,0.9080298786181139,0.5471521942110178
train,0.13740073,0.453781512605042,0.0919701213818861,0.9080298786181139,0.546218487394958
train,0.13738489,0.453781512605042,0.09150326797385622,0.9084967320261438,0.546218487394958
train,0.13617137,0.4584500466853408,0.09150326797385622,0.9084967320261438,0.5415499533146593
train,0.13611072,0.4584500466853408,0.09103641456582634,0.9089635854341737,0.5415499533146593
train,0.13499004,0.4603174603174603,0.09103641456582634,0.9089635854341737,0.5396825396825398
train,0.13437726,0.4603174603174603,0.09010270774976659,0.9098972922502334,0.5396825396825398
train,0.13332182,0.4649859943977591,0.09010270774976659,0.9098972922502334,0.5350140056022409
train,0.13325651,0.4649859943977591,0.08963585434173671,0.9103641456582633,0.5350140056022409
train,0.13320813,0.465452847805789,0.08963585434173671,0.9103641456582633,0.534547152194211
train,0.13302983,0.465452847805789,0.08916900093370683,0.9108309990662932,0.534547152194211
train,0.1313434,0.4696545284780579,0.08916900093370683,0.9108309990662932,0.5303454715219421
train,0.13119946,0.4696545284780579,0.08823529411764708,0.9117647058823529,0.5303454715219421
train,0.13106768,0.47058823529411764,0.08823529411764708,0.9117647058823529,0.5294117647058824
train,0.13082983,0.47058823529411764,0.0859010270774977,0.9140989729225023,0.5294117647058824
train,0.12940767,0.477124183006536,0.0859010270774977,0.9140989729225023,0.522875816993464
train,0.1293199,0.477124183006536,0.08543417366946782,0.9145658263305322,0.522875816993464
train,0.12911744,0.4780578898225957,0.08543417366946782,0.9145658263305322,0.5219421101774042
train,0.1287504,0.4780578898225957,0.08496732026143794,0.9150326797385621,0.5219421101774042
train,0.12862784,0.47945845004668536,0.08496732026143794,0.9150326797385621,0.5205415499533146
train,0.1286126,0.47945845004668536,0.08450046685340806,0.9154995331465919,0.5205415499533146
train,0.12798035,0.4822595704948646,0.08450046685340806,0.9154995331465919,0.5177404295051353
train,0.12791522,0.4822595704948646,0.08403361344537819,0.9159663865546218,0.5177404295051353
train,0.12767364,0.4827264239028945,0.08403361344537819,0.9159663865546218,0.5172735760971054
train,0.12755041,0.4827264239028945,0.08356676003734831,0.9164332399626517,0.5172735760971054
train,0.12741065,0.48412698412698413,0.08356676003734831,0.9164332399626517,0.5158730158730158
train,0.12735933,0.48412698412698413,0.08309990662931843,0.9169000933706816,0.5158730158730158
train,0.1270188,0.4850606909430439,0.08309990662931843,0.9169000933706816,0.5149393090569561
train,0.12674658,0.4850606909430439,0.08216619981325868,0.9178338001867413,0.5149393090569561
train,0.12641883,0.4869281045751634,0.08216619981325868,0.9178338001867413,0.5130718954248366
train,0.12621814,0.4869281045751634,0.08123249299719892,0.9187675070028011,0.5130718954248366
train,0.12433196,0.49206349206349204,0.08123249299719892,0.9187675070028011,0.5079365079365079
train,0.12428071,0.49206349206349204,0.08076563958916905,0.919234360410831,0.5079365079365079
train,0.123811685,0.4934640522875817,0.08076563958916905,0.919234360410831,0.5065359477124183
train,0.12375417,0.4934640522875817,0.0798319327731093,0.9201680672268907,0.5065359477124183
train,0.12325151,0.49533146591970123,0.0798319327731093,0.9201680672268907,0.5046685340802988
train,0.12299575,0.49533146591970123,0.07936507936507942,0.9206349206349206,0.5046685340802988
train,0.12116979,0.5004668534080299,0.07936507936507942,0.9206349206349206,0.4995331465919701
train,0.12102243,0.5004668534080299,0.07889822595704954,0.9211017740429505,0.4995331465919701
train,0.119649194,0.5046685340802988,0.07889822595704954,0.9211017740429505,0.49533146591970123
train,0.11951571,0.5046685340802988,0.07843137254901966,0.9215686274509803,0.49533146591970123
train,0.11738256,0.5140056022408963,0.07843137254901966,0.9215686274509803,0.4859943977591037
train,0.1173526,0.5140056022408963,0.07796451914098967,0.9220354808590103,0.4859943977591037
train,0.11674809,0.5163398692810458,0.07796451914098967,0.9220354808590103,0.4836601307189542
train,0.11672953,0.5163398692810458,0.0774976657329598,0.9225023342670402,0.4836601307189542
train,0.11607646,0.5214752567693745,0.0774976657329598,0.9225023342670402,0.47852474323062555
train,0.11593553,0.5214752567693745,0.07656395891690004,0.9234360410831,0.47852474323062555
train,0.11518064,0.5242763772175537,0.07656395891690004,0.9234360410831,0.4757236227824463
train,0.11517003,0.5242763772175537,0.07609710550887017,0.9239028944911298,0.4757236227824463
train,0.11418954,0.5266106442577031,0.07609710550887017,0.9239028944911298,0.4733893557422969
train,0.11406577,0.5266106442577031,0.07516339869281041,0.9248366013071896,0.4733893557422969
train,0.11333845,0.5275443510737629,0.07516339869281041,0.9248366013071896,0.47245564892623715
train,0.11332273,0.5275443510737629,0.07469654528478054,0.9253034547152195,0.47245564892623715
train,0.11197623,0.5326797385620915,0.07469654528478054,0.9253034547152195,0.4673202614379085
train,0.111831725,0.5326797385620915,0.07422969187675066,0.9257703081232493,0.4673202614379085
train,0.11144101,0.5354808590102708,0.07422969187675066,0.9257703081232493,0.46451914098972924
train,0.11121901,0.5354808590102708,0.07376283846872078,0.9262371615312792,0.46451914098972924
train,0.110689245,0.5378151260504201,0.07376283846872078,0.9262371615312792,0.46218487394957986
train,0.11057316,0.5378151260504201,0.0732959850606909,0.9267040149393091,0.46218487394957986
train,0.11049517,0.5387488328664799,0.0732959850606909,0.9267040149393091,0.4612511671335201
train,0.1104328,0.5387488328664799,0.07189542483660127,0.9281045751633987,0.4612511671335201
train,0.11011472,0.5396825396825397,0.07189542483660127,0.9281045751633987,0.46031746031746035
train,0.11007969,0.5396825396825397,0.0714285714285714,0.9285714285714286,0.46031746031746035
train,0.10935824,0.542016806722689,0.0714285714285714,0.9285714285714286,0.45798319327731096
train,0.10922936,0.542016806722689,0.07096171802054152,0.9290382819794585,0.45798319327731096
train,0.10836583,0.5462184873949579,0.07096171802054152,0.9290382819794585,0.45378151260504207
train,0.10784207,0.5462184873949579,0.07002801120448177,0.9299719887955182,0.45378151260504207
train,0.10650758,0.5513538748832867,0.07002801120448177,0.9299719887955182,0.4486461251167133
train,0.10619418,0.5513538748832867,0.06956115779645189,0.9304388422035481,0.4486461251167133
train,0.10560712,0.5536881419234361,0.06956115779645189,0.9304388422035481,0.4463118580765639
train,0.105597615,0.5536881419234361,0.06909430438842201,0.930905695611578,0.4463118580765639
train,0.10483326,0.5569561157796452,0.06909430438842201,0.930905695611578,0.4430438842203548
train,0.10471618,0.5569561157796452,0.06816059757236226,0.9318394024276377,0.4430438842203548
train,0.103787966,0.5602240896358543,0.06816059757236226,0.9318394024276377,0.43977591036414565
train,0.10366617,0.5602240896358543,0.06769374416433238,0.9323062558356676,0.43977591036414565
train,0.102995336,0.5630252100840336,0.06769374416433238,0.9323062558356676,0.4369747899159664
train,0.102901556,0.5630252100840336,0.0672268907563025,0.9327731092436975,0.4369747899159664
train,0.10284097,0.5634920634920635,0.0672268907563025,0.9327731092436975,0.4365079365079365
train,0.10279145,0.5634920634920635,0.06676003734827263,0.9332399626517274,0.4365079365079365
train,0.102581844,0.5639589169000934,0.06676003734827263,0.9332399626517274,0.43604108309990663
train,0.10239021,0.5639589169000934,0.06629318394024275,0.9337068160597572,0.43604108309990663
train,0.102132656,0.565359477124183,0.06629318394024275,0.9337068160597572,0.434640522875817
train,0.10199012,0.565359477124183,0.065359477124183,0.934640522875817,0.434640522875817
train,0.10128733,0.5667600373482726,0.065359477124183,0.934640522875817,0.4332399626517274
train,0.101172715,0.5667600373482726,0.06489262371615312,0.9351073762838469,0.4332399626517274
train,0.10067465,0.5686274509803921,0.06489262371615312,0.9351073762838469,0.43137254901960786
train,0.10060702,0.5686274509803921,0.06442577030812324,0.9355742296918768,0.43137254901960786
train,0.10009889,0.5709617180205415,0.06442577030812324,0.9355742296918768,0.4290382819794585
train,0.0999794,0.5709617180205415,0.06395891690009337,0.9360410830999066,0.4290382819794585
train,0.09997811,0.5714285714285714,0.06395891690009337,0.9360410830999066,0.4285714285714286
train,0.099913836,0.5714285714285714,0.06349206349206349,0.9365079365079365,0.4285714285714286
train,0.09946597,0.5742296918767507,0.06349206349206349,0.9365079365079365,0.42577030812324934
train,0.09925202,0.5742296918767507,0.06302521008403361,0.9369747899159664,0.42577030812324934
train,0.09878709,0.5756302521008403,0.06302521008403361,0.9369747899159664,0.4243697478991597
train,0.09856797,0.5756302521008403,0.06255835667600373,0.9374416433239963,0.4243697478991597
train,0.09793031,0.5793650793650794,0.06255835667600373,0.9374416433239963,0.4206349206349206
train,0.09791539,0.5793650793650794,0.06209150326797386,0.9379084967320261,0.4206349206349206
train,0.09772488,0.5798319327731093,0.06209150326797386,0.9379084967320261,0.4201680672268907
train,0.09758652,0.5798319327731093,0.061157796451914104,0.9388422035480859,0.4201680672268907
train,0.096224345,0.5830999066293184,0.061157796451914104,0.9388422035480859,0.41690009337068157
train,0.0959877,0.5830999066293184,0.06069094304388423,0.9393090569561158,0.41690009337068157
train,0.09518097,0.5873015873015873,0.06069094304388423,0.9393090569561158,0.4126984126984127
train,0.09516256,0.5873015873015873,0.06022408963585435,0.9397759103641457,0.4126984126984127
train,0.09474387,0.5891690009337068,0.06022408963585435,0.9397759103641457,0.41083099906629317
train,0.09444566,0.5891690009337068,0.059290382819794596,0.9407096171802054,0.41083099906629317
train,0.094397426,0.5896358543417367,0.059290382819794596,0.9407096171802054,0.4103641456582633
train,0.0936416,0.5896358543417367,0.05882352941176472,0.9411764705882353,0.4103641456582633
train,0.09121784,0.5994397759103641,0.05882352941176472,0.9411764705882353,0.4005602240896359
train,0.09113363,0.5994397759103641,0.05835667600373484,0.9416433239962652,0.4005602240896359
train,0.09036652,0.603641456582633,0.05835667600373484,0.9416433239962652,0.396358543417367
train,0.090319894,0.603641456582633,0.05742296918767509,0.9425770308123249,0.396358543417367
train,0.0893793,0.6083099906629318,0.05742296918767509,0.9425770308123249,0.3916900093370682
train,0.0893102,0.6083099906629318,0.05695611577964521,0.9430438842203548,0.3916900093370682
train,0.08857875,0.6106442577030813,0.05695611577964521,0.9430438842203548,0.3893557422969187
train,0.08847543,0.6106442577030813,0.056489262371615334,0.9435107376283847,0.3893557422969187
train,0.086778365,0.6167133520074697,0.056489262371615334,0.9435107376283847,0.3832866479925303
train,0.08663946,0.6167133520074697,0.05602240896358546,0.9439775910364145,0.3832866479925303
train,0.08608146,0.6181139122315593,0.05602240896358546,0.9439775910364145,0.3818860877684407
train,0.086045384,0.6181139122315593,0.05555555555555558,0.9444444444444444,0.3818860877684407
train,0.085942805,0.619514472455649,0.05555555555555558,0.9444444444444444,0.38048552754435105
train,0.08504894,0.619514472455649,0.0550887021475257,0.9449112978524743,0.38048552754435105
train,0.08488573,0.6218487394957983,0.0550887021475257,0.9449112978524743,0.37815126050420167
train,0.0848197,0.6218487394957983,0.054621848739495826,0.9453781512605042,0.37815126050420167
train,0.08402193,0.6241830065359477,0.054621848739495826,0.9453781512605042,0.3758169934640523
train,0.084004186,0.6241830065359477,0.05415499533146595,0.945845004668534,0.3758169934640523
train,0.08339885,0.6283846872082166,0.05415499533146595,0.945845004668534,0.3716153127917834
train,0.08332423,0.6283846872082166,0.05368814192343607,0.9463118580765639,0.3716153127917834
train,0.08268804,0.630718954248366,0.05368814192343607,0.9463118580765639,0.369281045751634
train,0.082596615,0.630718954248366,0.053221288515406195,0.9467787114845938,0.369281045751634
train,0.08227831,0.6316526610644257,0.053221288515406195,0.9467787114845938,0.36834733893557425
train,0.082269825,0.6316526610644257,0.05275443510737632,0.9472455648926237,0.36834733893557425
train,0.08197692,0.6335200746965453,0.05275443510737632,0.9472455648926237,0.36647992530345475
train,0.08178508,0.6335200746965453,0.05228758169934644,0.9477124183006536,0.36647992530345475
train,0.08175677,0.6339869281045751,0.05228758169934644,0.9477124183006536,0.36601307189542487
train,0.081740044,0.6339869281045751,0.051820728291316565,0.9481792717086834,0.36601307189542487
train,0.08102547,0.6367880485527544,0.051820728291316565,0.9481792717086834,0.3632119514472456
train,0.08101747,0.6367880485527544,0.05135387488328669,0.9486461251167133,0.3632119514472456
train,0.08098967,0.6372549019607843,0.05135387488328669,0.9486461251167133,0.36274509803921573
train,0.08087024,0.6372549019607843,0.050420168067226934,0.9495798319327731,0.36274509803921573
train,0.077701665,0.6465919701213819,0.050420168067226934,0.9495798319327731,0.3534080298786181
train,0.07749876,0.6465919701213819,0.04995331465919706,0.9500466853408029,0.3534080298786181
train,0.07741616,0.6470588235294118,0.04995331465919706,0.9500466853408029,0.3529411764705882
train,0.07738688,0.6470588235294118,0.04948646125116718,0.9505135387488328,0.3529411764705882
train,0.0773759,0.6475256769374417,0.04948646125116718,0.9505135387488328,0.3524743230625583
train,0.077319056,0.6475256769374417,0.0490196078431373,0.9509803921568627,0.3524743230625583
train,0.07610076,0.6517273576097106,0.0490196078431373,0.9509803921568627,0.34827264239028943
train,0.07609139,0.6517273576097106,0.048552754435107426,0.9514472455648926,0.34827264239028943
train,0.074262485,0.6582633053221288,0.048552754435107426,0.9514472455648926,0.34173669467787116
train,0.074204065,0.6582633053221288,0.04808590102707755,0.9519140989729225,0.34173669467787116
train,0.074112915,0.6591970121381886,0.04808590102707755,0.9519140989729225,0.3408029878618114
train,0.0740429,0.6591970121381886,0.04761904761904767,0.9523809523809523,0.3408029878618114
train,0.07271791,0.6629318394024276,0.04761904761904767,0.9523809523809523,0.3370681605975724
train,0.07263025,0.6629318394024276,0.047152194211017795,0.9528478057889822,0.3370681605975724
train,0.07099326,0.6680672268907563,0.047152194211017795,0.9528478057889822,0.33193277310924374
train,0.07093794,0.6680672268907563,0.04668534080298781,0.9533146591970122,0.33193277310924374
train,0.07015726,0.6718020541549953,0.04668534080298781,0.9533146591970122,0.3281979458450047
train,0.069584504,0.6718020541549953,0.04621848739495793,0.9537815126050421,0.3281979458450047
train,0.06940456,0.673202614379085,0.04621848739495793,0.9537815126050421,0.326797385620915
train,0.069391854,0.673202614379085,0.04575163398692805,0.954248366013072,0.326797385620915
train,0.069195054,0.6741363211951448,0.04575163398692805,0.954248366013072,0.32586367880485523
train,0.06891299,0.6741363211951448,0.045284780578898176,0.9547152194211018,0.32586367880485523
train,0.06843439,0.6750700280112045,0.045284780578898176,0.9547152194211018,0.3249299719887955
train,0.068251215,0.6750700280112045,0.04435107376283842,0.9556489262371616,0.3249299719887955
train,0.06764042,0.6764705882352942,0.04435107376283842,0.9556489262371616,0.32352941176470584
train,0.067347996,0.6764705882352942,0.043884220354808545,0.9561157796451915,0.32352941176470584
train,0.0670827,0.6778711484593838,0.043884220354808545,0.9561157796451915,0.3221288515406162
train,0.067043446,0.6778711484593838,0.04341736694677867,0.9565826330532213,0.3221288515406162
train,0.06629767,0.6797385620915033,0.04341736694677867,0.9565826330532213,0.3202614379084967
train,0.066279516,0.6797385620915033,0.04295051353874879,0.9570494864612512,0.3202614379084967
train,0.06581567,0.6811391223155929,0.04295051353874879,0.9570494864612512,0.3188608776844071
train,0.06578343,0.6811391223155929,0.042483660130718914,0.9575163398692811,0.3188608776844071
train,0.065775104,0.6816059757236228,0.042483660130718914,0.9575163398692811,0.3183940242763772
train,0.06572661,0.6816059757236228,0.04201680672268904,0.957983193277311,0.3183940242763772
train,0.06548114,0.6825396825396826,0.04201680672268904,0.957983193277311,0.31746031746031744
train,0.065460876,0.6825396825396826,0.04154995331465916,0.9584500466853408,0.31746031746031744
train,0.06540465,0.6830065359477124,0.04154995331465916,0.9584500466853408,0.31699346405228757
train,0.06531736,0.6830065359477124,0.04108309990662928,0.9589169000933707,0.31699346405228757
train,0.06498573,0.6834733893557423,0.04108309990662928,0.9589169000933707,0.3165266106442577
train,0.06475954,0.6834733893557423,0.040616246498599407,0.9593837535014006,0.3165266106442577
train,0.06456847,0.6839402427637722,0.040616246498599407,0.9593837535014006,0.3160597572362278
train,0.06429164,0.6839402427637722,0.04014939309056953,0.9598506069094305,0.3160597572362278
train,0.06407629,0.6853408029878618,0.04014939309056953,0.9598506069094305,0.3146591970121382
train,0.06393694,0.6853408029878618,0.03968253968253965,0.9603174603174603,0.3146591970121382
train,0.06390151,0.6858076563958917,0.03968253968253965,0.9603174603174603,0.3141923436041083
train,0.06369202,0.6858076563958917,0.0387488328664799,0.9612511671335201,0.3141923436041083
train,0.063321315,0.6867413632119514,0.0387488328664799,0.9612511671335201,0.31325863678804855
train,0.06324833,0.6867413632119514,0.03828197945845002,0.96171802054155,0.31325863678804855
train,0.06084585,0.6918767507002801,0.03828197945845002,0.96171802054155,0.3081232492997199
train,0.06077326,0.6918767507002801,0.03734827264239027,0.9626517273576097,0.3081232492997199
train,0.060275465,0.6928104575163399,0.03734827264239027,0.9626517273576097,0.30718954248366015
train,0.059642933,0.6928104575163399,0.03688141923436039,0.9631185807656396,0.30718954248366015
train,0.05938933,0.6937441643323996,0.03688141923436039,0.9631185807656396,0.3062558356676004
train,0.059371535,0.6937441643323996,0.036414565826330514,0.9635854341736695,0.3062558356676004
train,0.057123274,0.7035480859010271,0.036414565826330514,0.9635854341736695,0.29645191409897287
train,0.057051837,0.7035480859010271,0.03594771241830064,0.9640522875816994,0.29645191409897287
train,0.05685895,0.7044817927170869,0.03594771241830064,0.9640522875816994,0.2955182072829131
train,0.056788795,0.7044817927170869,0.03548085901027076,0.9645191409897292,0.2955182072829131
train,0.05617208,0.7072829131652661,0.03548085901027076,0.9645191409897292,0.29271708683473385
train,0.055923473,0.7072829131652661,0.03501400560224088,0.9649859943977591,0.29271708683473385
train,0.054681428,0.7105508870214753,0.03501400560224088,0.9649859943977591,0.2894491129785247
train,0.054632105,0.7105508870214753,0.034547152194211006,0.965452847805789,0.2894491129785247
train,0.054552224,0.7110177404295052,0.034547152194211006,0.965452847805789,0.28898225957049484
train,0.05437649,0.7110177404295052,0.03408029878618113,0.9659197012138189,0.28898225957049484
train,0.053494394,0.7161531279178338,0.03408029878618113,0.9659197012138189,0.2838468720821662
train,0.05326401,0.7161531279178338,0.03361344537815125,0.9663865546218487,0.2838468720821662
train,0.05140367,0.7212885154061625,0.03361344537815125,0.9663865546218487,0.27871148459383754
train,0.051091295,0.7212885154061625,0.033146591970121375,0.9668534080298786,0.27871148459383754
train,0.049256705,0.7292250233426704,0.033146591970121375,0.9668534080298786,0.27077497665732964
train,0.048722178,0.7292250233426704,0.0326797385620915,0.9673202614379085,0.27077497665732964
train,0.04686374,0.7357609710550888,0.0326797385620915,0.9673202614379085,0.26423902894491125
train,0.04683833,0.7357609710550888,0.03221288515406162,0.9677871148459384,0.26423902894491125
train,0.04682542,0.7362278244631186,0.03221288515406162,0.9677871148459384,0.26377217553688137
train,0.04681883,0.7362278244631186,0.031746031746031744,0.9682539682539683,0.26377217553688137
train,0.0422547,0.7469654528478058,0.031746031746031744,0.9682539682539683,0.2530345471521942
train,0.042184714,0.7469654528478058,0.03127917833800187,0.9687208216619981,0.2530345471521942
train,0.041760843,0.7483660130718954,0.03127917833800187,0.9687208216619981,0.25163398692810457
train,0.04163975,0.7483660130718954,0.03081232492997199,0.969187675070028,0.25163398692810457
train,0.04129673,0.7502334267040149,0.03081232492997199,0.969187675070028,0.24976657329598506
train,0.041153096,0.7502334267040149,0.030345471521942113,0.9696545284780579,0.24976657329598506
train,0.039721288,0.7535014005602241,0.030345471521942113,0.9696545284780579,0.24649859943977592
train,0.039700937,0.7535014005602241,0.029878618113912236,0.9701213818860878,0.24649859943977592
train,0.03943987,0.753968253968254,0.029878618113912236,0.9701213818860878,0.24603174603174605
train,0.039414383,0.753968253968254,0.02941176470588236,0.9705882352941176,0.24603174603174605
train,0.03789829,0.7591036414565826,0.02941176470588236,0.9705882352941176,0.2408963585434174
train,0.037840445,0.7591036414565826,0.028944911297852483,0.9710550887021475,0.2408963585434174
train,0.03755022,0.7600373482726424,0.028944911297852483,0.9710550887021475,0.23996265172735765
train,0.037463423,0.7600373482726424,0.028478057889822606,0.9715219421101774,0.23996265172735765
train,0.03689972,0.7609710550887021,0.028478057889822606,0.9715219421101774,0.2390289449112979
train,0.036418676,0.7609710550887021,0.02801120448179273,0.9719887955182073,0.2390289449112979
train,0.033095706,0.7689075630252101,0.02801120448179273,0.9719887955182073,0.23109243697478987
train,0.033023603,0.7689075630252101,0.02754435107376285,0.9724556489262371,0.23109243697478987
train,0.032397218,0.7712418300653595,0.02754435107376285,0.9724556489262371,0.2287581699346405
train,0.03224113,0.7712418300653595,0.027077497665732975,0.972922502334267,0.2287581699346405
train,0.029102527,0.7740429505135388,0.027077497665732975,0.972922502334267,0.22595704948646123
train,0.029027054,0.7740429505135388,0.026610644257703098,0.9733893557422969,0.22595704948646123
train,0.028201472,0.7773109243697479,0.026610644257703098,0.9733893557422969,0.2226890756302521
train,0.028140917,0.7773109243697479,0.02614379084967322,0.9738562091503268,0.2226890756302521
train,0.027506636,0.7791783380018674,0.02614379084967322,0.9738562091503268,0.22082166199813258
train,0.027494786,0.7791783380018674,0.025676937441643344,0.9743230625583567,0.22082166199813258
train,0.026952773,0.7801120448179272,0.025676937441643344,0.9743230625583567,0.21988795518207283
train,0.026705403,0.7801120448179272,0.025210084033613467,0.9747899159663865,0.21988795518207283
train,0.026691234,0.780578898225957,0.025210084033613467,0.9747899159663865,0.21942110177404295
train,0.025866594,0.780578898225957,0.024276377217553713,0.9757236227824463,0.21942110177404295
train,0.024451932,0.7824463118580766,0.024276377217553713,0.9757236227824463,0.21755368814192344
train,0.024368873,0.7824463118580766,0.023809523809523836,0.9761904761904762,0.21755368814192344
train,0.023155542,0.784780578898226,0.023809523809523836,0.9761904761904762,0.21521942110177406
train,0.022964185,0.784780578898226,0.02334267040149396,0.976657329598506,0.21521942110177406
train,0.021351246,0.7927170868347339,0.02334267040149396,0.976657329598506,0.20728291316526615
train,0.021337576,0.7927170868347339,0.022875816993464082,0.9771241830065359,0.20728291316526615
train,0.021193858,0.7936507936507936,0.022875816993464082,0.9771241830065359,0.2063492063492064
train,0.021093998,0.7936507936507936,0.022408963585434205,0.9775910364145658,0.2063492063492064
train,0.020297617,0.7973856209150327,0.022408963585434205,0.9775910364145658,0.20261437908496727
train,0.020036489,0.7973856209150327,0.021942110177404328,0.9780578898225957,0.20261437908496727
train,0.016481902,0.8057889822595705,0.021942110177404328,0.9780578898225957,0.19421101774042948
train,0.016469406,0.8057889822595705,0.02147525676937445,0.9785247432306255,0.19421101774042948
train,0.012041492,0.8197945845004668,0.02147525676937445,0.9785247432306255,0.18020541549953317
train,0.01182641,0.8197945845004668,0.021008403361344574,0.9789915966386554,0.18020541549953317
train,0.010815713,0.8216619981325863,0.021008403361344574,0.9789915966386554,0.17833800186741366
train,0.010693191,0.8216619981325863,0.020541549953314697,0.9794584500466853,0.17833800186741366
train,0.008774851,0.8263305322128851,0.020541549953314697,0.9794584500466853,0.1736694677871149
train,0.008622946,0.8263305322128851,0.02007469654528482,0.9799253034547152,0.1736694677871149
train,0.00817725,0.8277310924369747,0.02007469654528482,0.9799253034547152,0.17226890756302526
train,0.0080792215,0.8277310924369747,0.019607843137254943,0.9803921568627451,0.17226890756302526
train,0.0059123817,0.8338001867413632,0.019607843137254943,0.9803921568627451,0.16619981325863675
train,0.0057945196,0.8338001867413632,0.019140989729225066,0.9808590102707749,0.16619981325863675
train,0.0044280184,0.8380018674136321,0.019140989729225066,0.9808590102707749,0.16199813258636786
train,0.004412518,0.8380018674136321,0.01867413632119519,0.9813258636788048,0.16199813258636786
train,0.00095928047,0.8445378151260504,0.01867413632119519,0.9813258636788048,0.15546218487394958
train,0.00092770375,0.8445378151260504,0.018207282913165312,0.9817927170868347,0.15546218487394958
train,-0.0019010925,0.8510737628384687,0.018207282913165312,0.9817927170868347,0.1489262371615313
train,-0.0020704481,0.8510737628384687,0.017740429505135435,0.9822595704948646,0.1489262371615313
train,-0.0053031105,0.8543417366946778,0.017740429505135435,0.9822595704948646,0.14565826330532217
train,-0.005570117,0.8543417366946778,0.01727357609710556,0.9827264239028944,0.14565826330532217
train,-0.0073336647,0.8599439775910365,0.01727357609710556,0.9827264239028944,0.14005602240896353
train,-0.007629721,0.8599439775910365,0.01680672268907568,0.9831932773109243,0.14005602240896353
train,-0.007796691,0.8604108309990663,0.01680672268907568,0.9831932773109243,0.13958916900093365
train,-0.007876291,0.8604108309990663,0.016339869281045805,0.9836601307189542,0.13958916900093365
train,-0.010850629,0.8669467787114846,0.016339869281045805,0.9836601307189542,0.13305322128851538
train,-0.010890523,0.8669467787114846,0.015873015873015928,0.9841269841269841,0.13305322128851538
train,-0.011843401,0.8702147525676938,0.015873015873015928,0.9841269841269841,0.12978524743230624
train,-0.012020952,0.8702147525676938,0.01540616246498594,0.9845938375350141,0.12978524743230624
train,-0.014454721,0.876750700280112,0.01540616246498594,0.9845938375350141,0.12324929971988796
train,-0.014739511,0.876750700280112,0.014472455648926186,0.9855275443510738,0.12324929971988796
train,-0.017611654,0.8809523809523809,0.014472455648926186,0.9855275443510738,0.11904761904761907
train,-0.017962066,0.8809523809523809,0.014005602240896309,0.9859943977591037,0.11904761904761907
train,-0.018841507,0.8832866479925303,0.014005602240896309,0.9859943977591037,0.11671335200746968
train,-0.018843621,0.8832866479925303,0.013538748832866432,0.9864612511671336,0.11671335200746968
train,-0.019988494,0.88468720821662,0.013538748832866432,0.9864612511671336,0.11531279178338005
train,-0.020057024,0.88468720821662,0.013071895424836555,0.9869281045751634,0.11531279178338005
train,-0.023974897,0.8921568627450981,0.013071895424836555,0.9869281045751634,0.10784313725490191
train,-0.024214944,0.8921568627450981,0.012605042016806678,0.9873949579831933,0.10784313725490191
train,-0.029583376,0.9014939309056956,0.012605042016806678,0.9873949579831933,0.09850606909430437
train,-0.029587824,0.9014939309056956,0.012138188608776801,0.9878618113912232,0.09850606909430437
train,-0.030855076,0.9056956115779645,0.012138188608776801,0.9878618113912232,0.09430438842203548
train,-0.031320363,0.9056956115779645,0.011204481792717047,0.988795518207283,0.09430438842203548
train,-0.0359031,0.9070961718020542,0.011204481792717047,0.988795518207283,0.09290382819794585
train,-0.03624273,0.9070961718020542,0.01073762838468717,0.9892623716153128,0.09290382819794585
train,-0.037727155,0.9098972922502334,0.01073762838468717,0.9892623716153128,0.09010270774976659
train,-0.037978906,0.9098972922502334,0.010270774976657293,0.9897292250233427,0.09010270774976659
train,-0.039430395,0.9122315592903828,0.010270774976657293,0.9897292250233427,0.0877684407096172
train,-0.039711595,0.9122315592903828,0.009803921568627416,0.9901960784313726,0.0877684407096172
train,-0.042406548,0.9159663865546218,0.009803921568627416,0.9901960784313726,0.08403361344537819
train,-0.042600065,0.9159663865546218,0.00933706816059754,0.9906629318394025,0.08403361344537819
train,-0.04725527,0.9225023342670402,0.00933706816059754,0.9906629318394025,0.0774976657329598
train,-0.047565773,0.9225023342670402,0.008870214752567662,0.9911297852474323,0.0774976657329598
train,-0.048168797,0.9234360410831,0.008870214752567662,0.9911297852474323,0.07656395891690004
train,-0.0482737,0.9234360410831,0.008403361344537785,0.9915966386554622,0.07656395891690004
train,-0.054974597,0.9290382819794585,0.008403361344537785,0.9915966386554622,0.07096171802054152
train,-0.05512632,0.9290382819794585,0.007936507936507908,0.9920634920634921,0.07096171802054152
train,-0.055336893,0.9295051353874884,0.007936507936507908,0.9920634920634921,0.07049486461251164
train,-0.055697598,0.9295051353874884,0.007469654528478031,0.992530345471522,0.07049486461251164
train,-0.05913702,0.9318394024276377,0.007469654528478031,0.992530345471522,0.06816059757236226
train,-0.059266638,0.9318394024276377,0.007002801120448154,0.9929971988795518,0.06816059757236226
train,-0.06285177,0.9355742296918768,0.007002801120448154,0.9929971988795518,0.06442577030812324
train,-0.063015796,0.9355742296918768,0.006535947712418277,0.9934640522875817,0.06442577030812324
train,-0.06351004,0.9369747899159664,0.006535947712418277,0.9934640522875817,0.06302521008403361
train,-0.063840896,0.9369747899159664,0.0060690943043884005,0.9939309056956116,0.06302521008403361
train,-0.0648432,0.9388422035480859,0.0060690943043884005,0.9939309056956116,0.061157796451914104
train,-0.06485001,0.9388422035480859,0.0056022408963585235,0.9943977591036415,0.061157796451914104
train,-0.065246224,0.9397759103641457,0.0056022408963585235,0.9943977591036415,0.06022408963585435
train,-0.065359816,0.9397759103641457,0.0051353874883286466,0.9948646125116714,0.06022408963585435
train,-0.06550379,0.9402427637721755,0.0051353874883286466,0.9948646125116714,0.05975723622782447
train,-0.066009805,0.9402427637721755,0.00466853408029877,0.9953314659197012,0.05975723622782447
train,-0.09736087,0.969187675070028,0.00466853408029877,0.9953314659197012,0.03081232492997199
train,-0.0983318,0.969187675070028,0.0037348272642390157,0.996265172735761,0.03081232492997199
train,-0.10062667,0.9705882352941176,0.0037348272642390157,0.996265172735761,0.02941176470588236
train,-0.102573164,0.9705882352941176,0.0032679738562091387,0.9967320261437909,0.02941176470588236
train,-0.10692017,0.9757236227824463,0.0032679738562091387,0.9967320261437909,0.024276377217553713
train,-0.10755505,0.9757236227824463,0.0028011204481792618,0.9971988795518207,0.024276377217553713
train,-0.11489122,0.9799253034547152,0.0028011204481792618,0.9971988795518207,0.02007469654528482
train,-0.11593269,0.9799253034547152,0.002334267040149385,0.9976657329598506,0.02007469654528482
train,-0.12058611,0.9831932773109243,0.002334267040149385,0.9976657329598506,0.01680672268907568
train,-0.12225626,0.9831932773109243,0.0018674136321195078,0.9981325863678805,0.01680672268907568
train,-0.13502061,0.9878618113912232,0.0018674136321195078,0.9981325863678805,0.012138188608776801
train,-0.13662371,0.9878618113912232,0.0014005602240896309,0.9985994397759104,0.012138188608776801
train,-0.13745876,0.988795518207283,0.0014005602240896309,0.9985994397759104,0.011204481792717047
train,-0.13748392,0.988795518207283,0.0009337068160597539,0.9990662931839402,0.011204481792717047
train,-0.16926762,0.9981325863678805,0.0009337068160597539,0.9990662931839402,0.0018674136321195078
train,-0.17019127,0.9981325863678805,0.00046685340802987696,0.9995331465919701,0.0018674136321195078
train,-0.19687355,0.9990662931839402,0.00046685340802987696,0.9995331465919701,0.0009337068160597539
train,-0.20087746,0.9990662931839402,0.0,1.0,0.0009337068160597539
train,-0.24163507,1.0,0.0,1.0,0.0
validation,inf,0.0,1.0,0.0,1.0
validation,0.77508307,0.0,0.9978213507625272,0.002178649237472767,1.0
validation,0.45064226,0.0,0.6470588235294117,0.35294117647058826,1.0
validation,0.44887456,0.002178649237472767,0.6470588235294117,0.35294117647058826,0.9978213507625272
validation,0.41055506,0.002178649237472767,0.5642701525054465,0.4357298474945534,0.9978213507625272
validation,0.41025826,0.004357298474945534,0.5642701525054465,0.4357298474945534,0.9956427015250545
validation,0.4071586,0.004357298474945534,0.5577342047930283,0.4422657952069717,0.9956427015250545
validation,0.40496242,0.008714596949891068,0.5577342047930283,0.4422657952069717,0.9912854030501089
validation,0.39533606,0.008714596949891068,0.542483660130719,0.45751633986928103,0.9912854030501089
validation,0.39466503,0.010893246187363835,0.542483660130719,0.45751633986928103,0.9891067538126361
validation,0.3928042,0.010893246187363835,0.5359477124183006,0.46405228758169936,0.9891067538126361
validation,0.39069209,0.013071895424836602,0.5359477124183006,0.46405228758169936,0.9869281045751634
validation,0.38987887,0.013071895424836602,0.5337690631808278,0.4662309368191721,0.9869281045751634
validation,0.38878453,0.015250544662309368,0.5337690631808278,0.4662309368191721,0.9847494553376906
validation,0.38761276,0.015250544662309368,0.522875816993464,0.477124183006536,0.9847494553376906
validation,0.38659775,0.017429193899782137,0.522875816993464,0.477124183006536,0.9825708061002179
validation,0.38053584,0.017429193899782137,0.5098039215686274,0.49019607843137253,0.9825708061002179
validation,0.37984976,0.0196078431372549,0.5098039215686274,0.49019607843137253,0.9803921568627451
validation,0.36571223,0.0196078431372549,0.4793028322440087,0.5206971677559913,0.9803921568627451
validation,0.36515298,0.02178649237472767,0.4793028322440087,0.5206971677559913,0.9782135076252724
validation,0.36184388,0.02178649237472767,0.47276688453159044,0.5272331154684096,0.9782135076252724
validation,0.36156276,0.023965141612200435,0.47276688453159044,0.5272331154684096,0.9760348583877996
validation,0.35903218,0.023965141612200435,0.46405228758169936,0.5359477124183006,0.9760348583877996
validation,0.3585086,0.026143790849673203,0.46405228758169936,0.5359477124183006,0.9738562091503268
validation,0.35507888,0.026143790849673203,0.4553376906318083,0.5446623093681917,0.9738562091503268
validation,0.35455292,0.02832244008714597,0.4553376906318083,0.5446623093681917,0.971677559912854
validation,0.35138083,0.02832244008714597,0.4422657952069716,0.5577342047930284,0.971677559912854
validation,0.3503596,0.030501089324618737,0.4422657952069716,0.5577342047930284,0.9694989106753813
validation,0.34707925,0.030501089324618737,0.43355119825708066,0.5664488017429193,0.9694989106753813
validation,0.34698972,0.032679738562091505,0.43355119825708066,0.5664488017429193,0.9673202614379085
validation,0.3429825,0.032679738562091505,0.42919389978213507,0.5708061002178649,0.9673202614379085
validation,0.34206063,0.037037037037037035,0.42919389978213507,0.5708061002178649,0.962962962962963
validation,0.33535513,0.037037037037037035,0.40087145969498905,0.599128540305011,0.962962962962963
validation,0.3349785,0.0392156862745098,0.40087145969498905,0.599128540305011,0.9607843137254902
validation,0.33308625,0.0392156862745098,0.3877995642701525,0.6122004357298475,0.9607843137254902
validation,0.3316667,0.04139433551198257,0.3877995642701525,0.6122004357298475,0.9586056644880174
validation,0.32789427,0.04139433551198257,0.3769063180827886,0.6230936819172114,0.9586056644880174
validation,0.32726982,0.04357298474945534,0.3769063180827886,0.6230936819172114,0.9564270152505446
validation,0.32687938,0.04357298474945534,0.37472766884531594,0.6252723311546841,0.9564270152505446
validation,0.32659012,0.04793028322440087,0.37472766884531594,0.6252723311546841,0.9520697167755992
validation,0.32485974,0.04793028322440087,0.36601307189542487,0.6339869281045751,0.9520697167755992
validation,0.32319877,0.05010893246187364,0.36601307189542487,0.6339869281045751,0.9498910675381264
validation,0.3184585,0.05010893246187364,0.3507625272331155,0.6492374727668845,0.9498910675381264
validation,0.31688246,0.05228758169934641,0.3507625272331155,0.6492374727668845,0.9477124183006536
validation,0.31569207,0.05228758169934641,0.3464052287581699,0.6535947712418301,0.9477124183006536
validation,0.31438905,0.05664488017429194,0.3464052287581699,0.6535947712418301,0.9433551198257081
validation,0.31075627,0.05664488017429194,0.33333333333333337,0.6666666666666666,0.9433551198257081
validation,0.3103987,0.058823529411764705,0.33333333333333337,0.6666666666666666,0.9411764705882353
validation,0.30657032,0.058823529411764705,0.3224400871459695,0.6775599128540305,0.9411764705882353
validation,0.30525938,0.06753812636165578,0.3224400871459695,0.6775599128540305,0.9324618736383442
validation,0.29776603,0.06753812636165578,0.2984749455337691,0.7015250544662309,0.9324618736383442
validation,0.2974497,0.0718954248366013,0.2984749455337691,0.7015250544662309,0.9281045751633987
validation,0.2959339,0.0718954248366013,0.2941176470588235,0.7058823529411765,0.9281045751633987
validation,0.29542994,0.07407407407407407,0.2941176470588235,0.7058823529411765,0.9259259259259259
validation,0.2938545,0.07407407407407407,0.289760348583878,0.710239651416122,0.9259259259259259
validation,0.29271922,0.0784313725490196,0.289760348583878,0.710239651416122,0.9215686274509804
validation,0.28745246,0.0784313725490196,0.27015250544662306,0.7298474945533769,0.9215686274509804
validation,0.28625026,0.08061002178649238,0.27015250544662306,0.7298474945533769,0.9193899782135077
validation,0.28512305,0.08061002178649238,0.2657952069716776,0.7342047930283224,0.9193899782135077
validation,0.28179467,0.08714596949891068,0.2657952069716776,0.7342047930283224,0.9128540305010893
validation,0.28174296,0.08714596949891068,0.2636165577342048,0.7363834422657952,0.9128540305010893
validation,0.28040123,0.0915032679738562,0.2636165577342048,0.7363834422657952,0.9084967320261438
validation,0.2796631,0.0915032679738562,0.261437908496732,0.738562091503268,0.9084967320261438
validation,0.27959806,0.09368191721132897,0.261437908496732,0.738562091503268,0.906318082788671
validation,0.27915433,0.09368191721132897,0.2570806100217865,0.7429193899782135,0.906318082788671
validation,0.2772501,0.09803921568627451,0.2570806100217865,0.7429193899782135,0.9019607843137255
validation,0.2768246,0.09803921568627451,0.2549019607843137,0.7450980392156863,0.9019607843137255
validation,0.27600116,0.10021786492374728,0.2549019607843137,0.7450980392156863,0.8997821350762527
validation,0.27487063,0.10021786492374728,0.24836601307189543,0.7516339869281046,0.8997821350762527
validation,0.27470058,0.10239651416122005,0.24836601307189543,0.7516339869281046,0.8976034858387799
validation,0.27386013,0.10239651416122005,0.24400871459694984,0.7559912854030502,0.8976034858387799
validation,0.26822245,0.11764705882352941,0.24400871459694984,0.7559912854030502,0.8823529411764706
validation,0.26746604,0.11764705882352941,0.23965141612200436,0.7603485838779956,0.8823529411764706
validation,0.26653624,0.12200435729847495,0.23965141612200436,0.7603485838779956,0.8779956427015251
validation,0.26608607,0.12200435729847495,0.23747276688453156,0.7625272331154684,0.8779956427015251
validation,0.26510528,0.12418300653594772,0.23747276688453156,0.7625272331154684,0.8758169934640523
validation,0.26200607,0.12418300653594772,0.2287581699346405,0.7712418300653595,0.8758169934640523
validation,0.2575716,0.1394335511982571,0.2287581699346405,0.7712418300653595,0.8605664488017429
validation,0.25667098,0.1394335511982571,0.224400871459695,0.775599128540305,0.8605664488017429
validation,0.25511497,0.14814814814814814,0.224400871459695,0.775599128540305,0.8518518518518519
validation,0.25444368,0.14814814814814814,0.2222222222222222,0.7777777777777778,0.8518518518518519
validation,0.25417712,0.1503267973856209,0.2222222222222222,0.7777777777777778,0.8496732026143791
validation,0.2511795,0.1503267973856209,0.21350762527233114,0.7864923747276689,0.8496732026143791
validation,0.24735734,0.16339869281045752,0.21350762527233114,0.7864923747276689,0.8366013071895425
validation,0.24719766,0.16339869281045752,0.21132897603485834,0.7886710239651417,0.8366013071895425
validation,0.2470573,0.1655773420479303,0.21132897603485834,0.7886710239651417,0.8344226579520697
validation,0.24689564,0.1655773420479303,0.20915032679738566,0.7908496732026143,0.8344226579520697
validation,0.2444619,0.17647058823529413,0.20915032679738566,0.7908496732026143,0.8235294117647058
validation,0.24352399,0.17647058823529413,0.20479302832244006,0.7952069716775599,0.8235294117647058
validation,0.24298725,0.1786492374727669,0.20479302832244006,0.7952069716775599,0.8213507625272332
validation,0.24220182,0.1786492374727669,0.20043572984749458,0.7995642701525054,0.8213507625272332
validation,0.24186254,0.1830065359477124,0.20043572984749458,0.7995642701525054,0.8169934640522876
validation,0.2382238,0.1830065359477124,0.196078431372549,0.803921568627451,0.8169934640522876
validation,0.23782173,0.18518518518518517,0.196078431372549,0.803921568627451,0.8148148148148149
validation,0.2374025,0.18518518518518517,0.1938997821350763,0.8061002178649237,0.8148148148148149
validation,0.23704304,0.18736383442265794,0.1938997821350763,0.8061002178649237,0.8126361655773421
validation,0.23460722,0.18736383442265794,0.1917211328976035,0.8082788671023965,0.8126361655773421
validation,0.23352611,0.19172113289760348,0.1917211328976035,0.8082788671023965,0.8082788671023965
validation,0.23352495,0.19172113289760348,0.1895424836601307,0.8104575163398693,0.8082788671023965
validation,0.22817741,0.20697167755991286,0.1895424836601307,0.8104575163398693,0.7930283224400871
validation,0.2276114,0.20697167755991286,0.18736383442265792,0.8126361655773421,0.7930283224400871
validation,0.22729172,0.20915032679738563,0.18736383442265792,0.8126361655773421,0.7908496732026143
validation,0.22692984,0.20915032679738563,0.18518518518518523,0.8148148148148148,0.7908496732026143
validation,0.2264558,0.2113289760348584,0.18518518518518523,0.8148148148148148,0.7886710239651415
validation,0.22619641,0.2113289760348584,0.18300653594771243,0.8169934640522876,0.7886710239651415
validation,0.22446002,0.2178649237472767,0.18300653594771243,0.8169934640522876,0.7821350762527233
validation,0.2241574,0.2178649237472767,0.18082788671023964,0.8191721132897604,0.7821350762527233
validation,0.22365342,0.22004357298474944,0.18082788671023964,0.8191721132897604,0.7799564270152506
validation,0.22351658,0.22004357298474944,0.17864923747276684,0.8213507625272332,0.7799564270152506
validation,0.22284359,0.22440087145969498,0.17864923747276684,0.8213507625272332,0.775599128540305
validation,0.22253786,0.22440087145969498,0.17429193899782136,0.8257080610021786,0.775599128540305
validation,0.22067918,0.23093681917211328,0.17429193899782136,0.8257080610021786,0.7690631808278867
validation,0.22060934,0.23093681917211328,0.17211328976034856,0.8278867102396514,0.7690631808278867
validation,0.2191148,0.23529411764705882,0.17211328976034856,0.8278867102396514,0.7647058823529411
validation,0.21853143,0.23529411764705882,0.16993464052287577,0.8300653594771242,0.7647058823529411
validation,0.215757,0.24183006535947713,0.16993464052287577,0.8300653594771242,0.7581699346405228
validation,0.2155382,0.24183006535947713,0.16775599128540308,0.8322440087145969,0.7581699346405228
validation,0.21515511,0.2440087145969499,0.16775599128540308,0.8322440087145969,0.7559912854030502
validation,0.21501465,0.2440087145969499,0.1655773420479303,0.8344226579520697,0.7559912854030502
validation,0.21211874,0.25054466230936817,0.1655773420479303,0.8344226579520697,0.7494553376906319
validation,0.21197443,0.25054466230936817,0.1633986928104575,0.8366013071895425,0.7494553376906319
validation,0.21193461,0.25272331154684097,0.1633986928104575,0.8366013071895425,0.747276688453159
validation,0.21073255,0.25272331154684097,0.159041394335512,0.840958605664488,0.747276688453159
validation,0.2105427,0.2570806100217865,0.159041394335512,0.840958605664488,0.7429193899782135
validation,0.20996356,0.2570806100217865,0.15468409586056642,0.8453159041394336,0.7429193899782135
validation,0.20993999,0.25925925925925924,0.15468409586056642,0.8453159041394336,0.7407407407407407
validation,0.20938414,0.25925925925925924,0.15250544662309373,0.8474945533769063,0.7407407407407407
validation,0.2077515,0.2679738562091503,0.15250544662309373,0.8474945533769063,0.7320261437908497
validation,0.20648625,0.2679738562091503,0.15032679738562094,0.8496732026143791,0.7320261437908497
validation,0.20401348,0.2788671023965142,0.15032679738562094,0.8496732026143791,0.7211328976034859
validation,0.20391925,0.2788671023965142,0.14814814814814814,0.8518518518518519,0.7211328976034859
validation,0.20360932,0.28322440087145967,0.14814814814814814,0.8518518518518519,0.7167755991285403
validation,0.202972,0.28322440087145967,0.14596949891067534,0.8540305010893247,0.7167755991285403
validation,0.19902992,0.29193899782135074,0.14596949891067534,0.8540305010893247,0.7080610021786493
validation,0.19874716,0.29193899782135074,0.14379084967320266,0.8562091503267973,0.7080610021786493
validation,0.19800022,0.2984749455337691,0.14379084967320266,0.8562091503267973,0.7015250544662309
validation,0.19790664,0.2984749455337691,0.14161220043572986,0.8583877995642701,0.7015250544662309
validation,0.19539174,0.3028322440087146,0.14161220043572986,0.8583877995642701,0.6971677559912854
validation,0.19492099,0.3028322440087146,0.13943355119825707,0.8605664488017429,0.6971677559912854
validation,0.19394612,0.3093681917211329,0.13943355119825707,0.8605664488017429,0.6906318082788672
validation,0.1935766,0.3093681917211329,0.13725490196078427,0.8627450980392157,0.6906318082788672
validation,0.19185434,0.3202614379084967,0.13725490196078427,0.8627450980392157,0.6797385620915033
validation,0.191406,0.3202614379084967,0.130718954248366,0.869281045751634,0.6797385620915033
validation,0.18929806,0.32461873638344224,0.130718954248366,0.869281045751634,0.6753812636165577
validation,0.18887942,0.32461873638344224,0.1285403050108932,0.8714596949891068,0.6753812636165577
validation,0.18488365,0.3355119825708061,0.1285403050108932,0.8714596949891068,0.6644880174291938
validation,0.18298553,0.3355119825708061,0.12200435729847492,0.8779956427015251,0.6644880174291938
validation,0.18123624,0.3442265795206972,0.12200435729847492,0.8779956427015251,0.6557734204793029
validation,0.18119572,0.3442265795206972,0.11982570806100223,0.8801742919389978,0.6557734204793029
validation,0.17587586,0.35947712418300654,0.11982570806100223,0.8801742919389978,0.6405228758169934
validation,0.1755505,0.35947712418300654,0.11764705882352944,0.8823529411764706,0.6405228758169934
validation,0.16938289,0.3747276688453159,0.11764705882352944,0.8823529411764706,0.6252723311546842
validation,0.16788116,0.3747276688453159,0.11546840958605664,0.8845315904139434,0.6252723311546842
validation,0.16741917,0.3790849673202614,0.11546840958605664,0.8845315904139434,0.6209150326797386
validation,0.16740419,0.3790849673202614,0.11328976034858385,0.8867102396514162,0.6209150326797386
validation,0.1670939,0.3812636165577342,0.11328976034858385,0.8867102396514162,0.6187363834422658
validation,0.16617657,0.3812636165577342,0.10893246187363836,0.8910675381263616,0.6187363834422658
validation,0.16584018,0.38562091503267976,0.10893246187363836,0.8910675381263616,0.6143790849673203
validation,0.16580507,0.38562091503267976,0.10675381263616557,0.8932461873638344,0.6143790849673203
validation,0.16558444,0.3877995642701525,0.10675381263616557,0.8932461873638344,0.6122004357298475
validation,0.16533834,0.3877995642701525,0.10457516339869277,0.8954248366013072,0.6122004357298475
validation,0.1631776,0.39869281045751637,0.10457516339869277,0.8954248366013072,0.6013071895424836
validation,0.16278331,0.39869281045751637,0.10239651416122009,0.8976034858387799,0.6013071895424836
validation,0.15869406,0.41612200435729846,0.10239651416122009,0.8976034858387799,0.5838779956427016
validation,0.1574756,0.41612200435729846,0.10021786492374729,0.8997821350762527,0.5838779956427016
validation,0.1572453,0.41830065359477125,0.10021786492374729,0.8997821350762527,0.5816993464052287
validation,0.15653822,0.41830065359477125,0.0958605664488017,0.9041394335511983,0.5816993464052287
validation,0.15522292,0.4226579520697168,0.0958605664488017,0.9041394335511983,0.5773420479302832
validation,0.15512672,0.4226579520697168,0.09368191721132901,0.906318082788671,0.5773420479302832
validation,0.15167111,0.4335511982570806,0.09368191721132901,0.906318082788671,0.5664488017429194
validation,0.15122053,0.4335511982570806,0.09150326797385622,0.9084967320261438,0.5664488017429194
validation,0.14711545,0.4553376906318083,0.09150326797385622,0.9084967320261438,0.5446623093681917
validation,0.14708878,0.4553376906318083,0.08714596949891062,0.9128540305010894,0.5446623093681917
validation,0.14408673,0.47058823529411764,0.08714596949891062,0.9128540305010894,0.5294117647058824
validation,0.14275855,0.47058823529411764,0.08496732026143794,0.9150326797385621,0.5294117647058824
validation,0.14038841,0.47276688453159044,0.08496732026143794,0.9150326797385621,0.5272331154684096
validation,0.1402018,0.47276688453159044,0.08278867102396514,0.9172113289760349,0.5272331154684096
validation,0.1378066,0.48366013071895425,0.08278867102396514,0.9172113289760349,0.5163398692810457
validation,0.13773657,0.48366013071895425,0.08061002178649235,0.9193899782135077,0.5163398692810457
validation,0.13661857,0.49019607843137253,0.08061002178649235,0.9193899782135077,0.5098039215686274
validation,0.13652864,0.49019607843137253,0.07843137254901966,0.9215686274509803,0.5098039215686274
validation,0.13633661,0.4923747276688453,0.07843137254901966,0.9215686274509803,0.5076252723311547
validation,0.13599984,0.4923747276688453,0.07625272331154687,0.9237472766884531,0.5076252723311547
validation,0.13320515,0.4989106753812636,0.07625272331154687,0.9237472766884531,0.5010893246187365
validation,0.13225749,0.4989106753812636,0.07189542483660127,0.9281045751633987,0.5010893246187365
validation,0.13116036,0.5032679738562091,0.07189542483660127,0.9281045751633987,0.49673202614379086
validation,0.13030212,0.5032679738562091,0.06971677559912859,0.9302832244008714,0.49673202614379086
validation,0.1301168,0.5054466230936819,0.06971677559912859,0.9302832244008714,0.49455337690631807
validation,0.1281638,0.5054466230936819,0.06753812636165579,0.9324618736383442,0.49455337690631807
validation,0.12789357,0.5076252723311547,0.06753812636165579,0.9324618736383442,0.49237472766884527
validation,0.12704995,0.5076252723311547,0.0631808278867102,0.9368191721132898,0.49237472766884527
validation,0.123756,0.5250544662309368,0.0631808278867102,0.9368191721132898,0.47494553376906323
validation,0.12342498,0.5250544662309368,0.061002178649237515,0.9389978213507625,0.47494553376906323
validation,0.1121926,0.5577342047930284,0.061002178649237515,0.9389978213507625,0.4422657952069716
validation,0.11166168,0.5577342047930284,0.05882352941176472,0.9411764705882353,0.4422657952069716
validation,0.088748224,0.616557734204793,0.05882352941176472,0.9411764705882353,0.383442265795207
validation,0.08826458,0.616557734204793,0.05664488017429192,0.9433551198257081,0.383442265795207
validation,0.087738134,0.6187363834422658,0.05664488017429192,0.9433551198257081,0.3812636165577342
validation,0.087491356,0.6187363834422658,0.05446623093681913,0.9455337690631809,0.3812636165577342
validation,0.0864925,0.6230936819172114,0.05446623093681913,0.9455337690631809,0.3769063180827886
validation,0.084093854,0.6230936819172114,0.050108932461873645,0.9498910675381264,0.3769063180827886
validation,0.08255232,0.6318082788671024,0.050108932461873645,0.9498910675381264,0.36819172113289755
validation,0.082153864,0.6318082788671024,0.04793028322440085,0.9520697167755992,0.36819172113289755
validation,0.075101435,0.6623093681917211,0.04793028322440085,0.9520697167755992,0.33769063180827885
validation,0.07249237,0.6623093681917211,0.04575163398692805,0.954248366013072,0.33769063180827885
validation,0.069620885,0.6710239651416122,0.04575163398692805,0.954248366013072,0.3289760348583878
validation,0.06956544,0.6710239651416122,0.04357298474945537,0.9564270152505446,0.3289760348583878
validation,0.06767684,0.6753812636165577,0.04357298474945537,0.9564270152505446,0.3246187363834423
validation,0.06678003,0.6753812636165577,0.04139433551198257,0.9586056644880174,0.3246187363834423
validation,0.0583795,0.7037037037037037,0.04139433551198257,0.9586056644880174,0.2962962962962963
validation,0.05831731,0.7037037037037037,0.039215686274509776,0.9607843137254902,0.2962962962962963
validation,0.05763928,0.710239651416122,0.039215686274509776,0.9607843137254902,0.289760348583878
validation,0.056712735,0.710239651416122,0.03703703703703709,0.9629629629629629,0.289760348583878
validation,0.03991361,0.7603485838779956,0.03703703703703709,0.9629629629629629,0.23965141612200436
validation,0.039536886,0.7603485838779956,0.034858387799564294,0.9651416122004357,0.23965141612200436
validation,0.03925875,0.7647058823529411,0.034858387799564294,0.9651416122004357,0.23529411764705888
validation,0.038951155,0.7647058823529411,0.0326797385620915,0.9673202614379085,0.23529411764705888
validation,0.035830412,0.7777777777777778,0.0326797385620915,0.9673202614379085,0.2222222222222222
validation,0.03513933,0.7777777777777778,0.030501089324618702,0.9694989106753813,0.2222222222222222
validation,0.032032598,0.7908496732026143,0.030501089324618702,0.9694989106753813,0.20915032679738566
validation,0.03162314,0.7908496732026143,0.028322440087146017,0.971677559912854,0.20915032679738566
validation,0.026796225,0.7952069716775599,0.028322440087146017,0.971677559912854,0.20479302832244006
validation,0.026377682,0.7952069716775599,0.023965141612200425,0.9760348583877996,0.20479302832244006
validation,0.018671976,0.8126361655773421,0.023965141612200425,0.9760348583877996,0.18736383442265792
validation,0.01859263,0.8126361655773421,0.02178649237472763,0.9782135076252724,0.18736383442265792
validation,0.013384556,0.8278867102396514,0.02178649237472763,0.9782135076252724,0.17211328976034856
validation,0.0103248935,0.8278867102396514,0.019607843137254943,0.9803921568627451,0.17211328976034856
validation,-0.0049457448,0.869281045751634,0.019607843137254943,0.9803921568627451,0.130718954248366
validation,-0.006297946,0.869281045751634,0.017429193899782147,0.9825708061002179,0.130718954248366
validation,-0.0066190963,0.8714596949891068,0.017429193899782147,0.9825708061002179,0.1285403050108932
validation,-0.0072935685,0.8714596949891068,0.015250544662309351,0.9847494553376906,0.1285403050108932
validation,-0.026889207,0.9128540305010894,0.015250544662309351,0.9847494553376906,0.08714596949891062
validation,-0.027546834,0.9128540305010894,0.013071895424836555,0.9869281045751634,0.08714596949891062
validation,-0.0287383,0.9150326797385621,0.013071895424836555,0.9869281045751634,0.08496732026143794
validation,-0.030044658,0.9150326797385621,0.01089324618736387,0.9891067538126361,0.08496732026143794
validation,-0.031090766,0.9193899782135077,0.01089324618736387,0.9891067538126361,0.08061002178649235
validation,-0.033187136,0.9193899782135077,0.008714596949891074,0.9912854030501089,0.08061002178649235
validation,-0.037004884,0.9259259259259259,0.008714596949891074,0.9912854030501089,0.07407407407407407
validation,-0.03908056,0.9259259259259259,0.006535947712418277,0.9934640522875817,0.07407407407407407
validation,-0.046176743,0.9368191721132898,0.006535947712418277,0.9934640522875817,0.0631808278867102
validation,-0.048099935,0.9368191721132898,0.004357298474945481,0.9956427015250545,0.0631808278867102
validation,-0.057573248,0.9433551198257081,0.004357298474945481,0.9956427015250545,0.05664488017429192
validation,-0.059318535,0.9433551198257081,0.002178649237472796,0.9978213507625272,0.05664488017429192
validation,-0.065898456,0.9477124183006536,0.002178649237472796,0.9978213507625272,0.05228758169934644
validation,-0.06608343,0.9477124183006536,0.0,1.0,0.05228758169934644
validation,-0.22859372,1.0,0.0,1.0,0.0
test,inf,0.0,1.0,0.0,1.0
test,0.88302124,0.0,0.9978213507625272,0.002178649237472767,1.0
test,0.61407447,0.0,0.9302832244008714,0.06971677559912855,1.0
test,0.61021817,0.002178649237472767,0.9302832244008714,0.06971677559912855,0.9978213507625272
test,0.4855601,0.002178649237472767,0.6840958605664488,0.3159041394335512,0.9978213507625272
test,0.4842603,0.004357298474945534,0.6840958605664488,0.3159041394335512,0.9956427015250545
test,0.45608076,0.004357298474945534,0.5969498910675382,0.40305010893246185,0.9956427015250545
test,0.45477536,0.006535947712418301,0.5969498910675382,0.40305010893246185,0.9934640522875817
test,0.42367697,0.006535947712418301,0.5381263616557734,0.46187363834422657,0.9934640522875817
test,0.42216295,0.008714596949891068,0.5381263616557734,0.46187363834422657,0.9912854030501089
test,0.41275203,0.008714596949891068,0.5098039215686274,0.49019607843137253,0.9912854030501089
test,0.41234913,0.010893246187363835,0.5098039215686274,0.49019607843137253,0.9891067538126361
test,0.40901938,0.010893246187363835,0.5010893246187365,0.4989106753812636,0.9891067538126361
test,0.4075056,0.013071895424836602,0.5010893246187365,0.4989106753812636,0.9869281045751634
test,0.38373265,0.013071895424836602,0.4466230936819172,0.5533769063180828,0.9869281045751634
test,0.38360852,0.015250544662309368,0.4466230936819172,0.5533769063180828,0.9847494553376906
test,0.38258997,0.015250544662309368,0.4444444444444444,0.5555555555555556,0.9847494553376906
test,0.38109598,0.0196078431372549,0.4444444444444444,0.5555555555555556,0.9803921568627451
test,0.35573724,0.0196078431372549,0.37037037037037035,0.6296296296296297,0.9803921568627451
test,0.35506716,0.02178649237472767,0.37037037037037035,0.6296296296296297,0.9782135076252724
test,0.34641138,0.02178649237472767,0.3507625272331155,0.6492374727668845,0.9782135076252724
test,0.34578642,0.026143790849673203,0.3507625272331155,0.6492374727668845,0.9738562091503268
test,0.33883396,0.026143790849673203,0.3289760348583878,0.6710239651416122,0.9738562091503268
test,0.33843336,0.02832244008714597,0.3289760348583878,0.6710239651416122,0.971677559912854
test,0.3361712,0.02832244008714597,0.3246187363834423,0.6753812636165577,0.971677559912854
test,0.33557907,0.030501089324618737,0.3246187363834423,0.6753812636165577,0.9694989106753813
test,0.33413562,0.030501089324618737,0.3224400871459695,0.6775599128540305,0.9694989106753813
test,0.33182552,0.037037037037037035,0.3224400871459695,0.6775599128540305,0.962962962962963
test,0.3317734,0.037037037037037035,0.3202614379084967,0.6797385620915033,0.962962962962963
test,0.3309828,0.0392156862745098,0.3202614379084967,0.6797385620915033,0.9607843137254902
test,0.3294421,0.0392156862745098,0.318082788671024,0.681917211328976,0.9607843137254902
test,0.3273929,0.04139433551198257,0.318082788671024,0.681917211328976,0.9586056644880174
test,0.32358012,0.04139433551198257,0.31154684095860563,0.6884531590413944,0.9586056644880174
test,0.32307896,0.04357298474945534,0.31154684095860563,0.6884531590413944,0.9564270152505446
test,0.32212916,0.04357298474945534,0.30501089324618735,0.6949891067538126,0.9564270152505446
test,0.32203457,0.0457516339869281,0.30501089324618735,0.6949891067538126,0.954248366013072
test,0.32130593,0.0457516339869281,0.30283224400871456,0.6971677559912854,0.954248366013072
test,0.31894183,0.05228758169934641,0.30283224400871456,0.6971677559912854,0.9477124183006536
test,0.31351694,0.05228758169934641,0.2875816993464052,0.7124183006535948,0.9477124183006536
test,0.31321222,0.054466230936819175,0.2875816993464052,0.7124183006535948,0.9455337690631809
test,0.31314036,0.054466230936819175,0.2854030501089324,0.7145969498910676,0.9455337690631809
test,0.31275907,0.05664488017429194,0.2854030501089324,0.7145969498910676,0.9433551198257081
test,0.30731395,0.05664488017429194,0.27233115468409586,0.7276688453159041,0.9433551198257081
test,0.3059225,0.058823529411764705,0.27233115468409586,0.7276688453159041,0.9411764705882353
test,0.3045309,0.058823529411764705,0.2679738562091504,0.7320261437908496,0.9411764705882353
test,0.30445334,0.06100217864923747,0.2679738562091504,0.7320261437908496,0.9389978213507625
test,0.3019814,0.06100217864923747,0.2657952069716776,0.7342047930283224,0.9389978213507625
test,0.29997942,0.06535947712418301,0.2657952069716776,0.7342047930283224,0.934640522875817
test,0.29877493,0.06535947712418301,0.2636165577342048,0.7363834422657952,0.934640522875817
test,0.29877403,0.06753812636165578,0.2636165577342048,0.7363834422657952,0.9324618736383442
test,0.29798046,0.06753812636165578,0.2592592592592593,0.7407407407407407,0.9324618736383442
test,0.29591593,0.08061002178649238,0.2592592592592593,0.7407407407407407,0.9193899782135077
test,0.2954424,0.08061002178649238,0.2549019607843137,0.7450980392156863,0.9193899782135077
test,0.29405493,0.08496732026143791,0.2549019607843137,0.7450980392156863,0.9150326797385621
test,0.29139352,0.08496732026143791,0.24618736383442263,0.7538126361655774,0.9150326797385621
test,0.28827026,0.0915032679738562,0.24618736383442263,0.7538126361655774,0.9084967320261438
test,0.28676754,0.0915032679738562,0.24183006535947715,0.7581699346405228,0.9084967320261438
test,0.2833352,0.09586056644880174,0.24183006535947715,0.7581699346405228,0.9041394335511983
test,0.28139633,0.09586056644880174,0.23965141612200436,0.7603485838779956,0.9041394335511983
test,0.27908427,0.10239651416122005,0.23965141612200436,0.7603485838779956,0.8976034858387799
test,0.27906322,0.10239651416122005,0.23529411764705888,0.7647058823529411,0.8976034858387799
test,0.27887535,0.10457516339869281,0.23529411764705888,0.7647058823529411,0.8954248366013072
test,0.2774469,0.10457516339869281,0.23311546840958608,0.7668845315904139,0.8954248366013072
test,0.2766598,0.10675381263616558,0.23311546840958608,0.7668845315904139,0.8932461873638344
test,0.27523154,0.10675381263616558,0.2287581699346405,0.7712418300653595,0.8932461873638344
test,0.27275237,0.1111111111111111,0.2287581699346405,0.7712418300653595,0.8888888888888888
test,0.27038857,0.1111111111111111,0.2222222222222222,0.7777777777777778,0.8888888888888888
test,0.27031285,0.11328976034858387,0.2222222222222222,0.7777777777777778,0.8867102396514162
test,0.26912314,0.11328976034858387,0.21568627450980393,0.7843137254901961,0.8867102396514162
test,0.2686258,0.11546840958605664,0.21568627450980393,0.7843137254901961,0.8845315904139434
test,0.26821256,0.11546840958605664,0.20915032679738566,0.7908496732026143,0.8845315904139434
test,0.26544097,0.11982570806100218,0.20915032679738566,0.7908496732026143,0.8801742919389979
test,0.26513907,0.11982570806100218,0.20479302832244006,0.7952069716775599,0.8801742919389979
test,0.26279917,0.12418300653594772,0.20479302832244006,0.7952069716775599,0.8758169934640523
test,0.26277438,0.12418300653594772,0.20261437908496727,0.7973856209150327,0.8758169934640523
test,0.2624689,0.12636165577342048,0.20261437908496727,0.7973856209150327,0.8736383442265795
test,0.2623789,0.12636165577342048,0.20043572984749458,0.7995642701525054,0.8736383442265795
test,0.2614483,0.1328976034858388,0.20043572984749458,0.7995642701525054,0.8671023965141612
test,0.2612696,0.1328976034858388,0.19825708061002179,0.8017429193899782,0.8671023965141612
test,0.2605919,0.13507625272331156,0.19825708061002179,0.8017429193899782,0.8649237472766884
test,0.25971687,0.13507625272331156,0.1938997821350763,0.8061002178649237,0.8649237472766884
test,0.25894415,0.13725490196078433,0.1938997821350763,0.8061002178649237,0.8627450980392157
test,0.258075,0.13725490196078433,0.1917211328976035,0.8082788671023965,0.8627450980392157
test,0.2560019,0.1394335511982571,0.1917211328976035,0.8082788671023965,0.8605664488017429
test,0.255734,0.1394335511982571,0.18736383442265792,0.8126361655773421,0.8605664488017429
test,0.2531032,0.14596949891067537,0.18736383442265792,0.8126361655773421,0.8540305010893247
test,0.25190717,0.14596949891067537,0.18518518518518523,0.8148148148148148,0.8540305010893247
test,0.2518816,0.14814814814814814,0.18518518518518523,0.8148148148148148,0.8518518518518519
test,0.25132823,0.14814814814814814,0.18300653594771243,0.8169934640522876,0.8518518518518519
test,0.2498285,0.15468409586056645,0.18300653594771243,0.8169934640522876,0.8453159041394336
test,0.2476046,0.15468409586056645,0.17864923747276684,0.8213507625272332,0.8453159041394336
test,0.2465722,0.15904139433551198,0.17864923747276684,0.8213507625272332,0.840958605664488
test,0.24556713,0.15904139433551198,0.17647058823529416,0.8235294117647058,0.840958605664488
test,0.24252322,0.17647058823529413,0.17647058823529416,0.8235294117647058,0.8235294117647058
test,0.24247389,0.17647058823529413,0.17429193899782136,0.8257080610021786,0.8235294117647058
test,0.24016692,0.18518518518518517,0.17429193899782136,0.8257080610021786,0.8148148148148149
test,0.2393397,0.18518518518518517,0.16993464052287577,0.8300653594771242,0.8148148148148149
test,0.2377007,0.1895424836601307,0.16993464052287577,0.8300653594771242,0.8104575163398693
test,0.23414528,0.1895424836601307,0.159041394335512,0.840958605664488,0.8104575163398693
test,0.23397204,0.19172113289760348,0.159041394335512,0.840958605664488,0.8082788671023965
test,0.23366386,0.19172113289760348,0.1568627450980392,0.8431372549019608,0.8082788671023965
test,0.23329954,0.19389978213507625,0.1568627450980392,0.8431372549019608,0.8061002178649237
test,0.23203672,0.19389978213507625,0.15468409586056642,0.8453159041394336,0.8061002178649237
test,0.23046143,0.20043572984749455,0.15468409586056642,0.8453159041394336,0.7995642701525054
test,0.2297185,0.20043572984749455,0.15250544662309373,0.8474945533769063,0.7995642701525054
test,0.22610743,0.2047930283224401,0.15250544662309373,0.8474945533769063,0.7952069716775599
test,0.22590595,0.2047930283224401,0.15032679738562094,0.8496732026143791,0.7952069716775599
test,0.22280079,0.21568627450980393,0.15032679738562094,0.8496732026143791,0.7843137254901961
test,0.22025293,0.21568627450980393,0.14596949891067534,0.8540305010893247,0.7843137254901961
test,0.21854368,0.22004357298474944,0.14596949891067534,0.8540305010893247,0.7799564270152506
test,0.21725518,0.22004357298474944,0.14379084967320266,0.8562091503267973,0.7799564270152506
test,0.21366076,0.2222222222222222,0.14379084967320266,0.8562091503267973,0.7777777777777778
test,0.21353512,0.2222222222222222,0.13943355119825707,0.8605664488017429,0.7777777777777778
test,0.21319208,0.22440087145969498,0.13943355119825707,0.8605664488017429,0.775599128540305
test,0.21233664,0.22440087145969498,0.13725490196078427,0.8627450980392157,0.775599128540305
test,0.2098269,0.22875816993464052,0.13725490196078427,0.8627450980392157,0.7712418300653595
test,0.20977715,0.22875816993464052,0.13507625272331159,0.8649237472766884,0.7712418300653595
test,0.20630041,0.2374727668845316,0.13507625272331159,0.8649237472766884,0.7625272331154684
test,0.20614494,0.2374727668845316,0.1328976034858388,0.8671023965141612,0.7625272331154684
test,0.20591685,0.24183006535947713,0.1328976034858388,0.8671023965141612,0.7581699346405228
test,0.20585036,0.24183006535947713,0.130718954248366,0.869281045751634,0.7581699346405228
test,0.20557499,0.24618736383442266,0.130718954248366,0.869281045751634,0.7538126361655774
test,0.20362814,0.24618736383442266,0.1285403050108932,0.8714596949891068,0.7538126361655774
test,0.19978116,0.2570806100217865,0.1285403050108932,0.8714596949891068,0.7429193899782135
test,0.19889112,0.2570806100217865,0.1263616557734205,0.8736383442265795,0.7429193899782135
test,0.19319245,0.27450980392156865,0.1263616557734205,0.8736383442265795,0.7254901960784313
test,0.19318748,0.27450980392156865,0.12418300653594772,0.8758169934640523,0.7254901960784313
test,0.19047579,0.2788671023965142,0.12418300653594772,0.8758169934640523,0.7211328976034859
test,0.18926737,0.2788671023965142,0.12200435729847492,0.8779956427015251,0.7211328976034859
test,0.1884214,0.28322440087145967,0.12200435729847492,0.8779956427015251,0.7167755991285403
test,0.18751115,0.28322440087145967,0.11764705882352944,0.8823529411764706,0.7167755991285403
test,0.18746905,0.28540305010893247,0.11764705882352944,0.8823529411764706,0.7145969498910676
test,0.18706714,0.28540305010893247,0.11546840958605664,0.8845315904139434,0.7145969498910676
test,0.18601526,0.2962962962962963,0.11546840958605664,0.8845315904139434,0.7037037037037037
test,0.18597636,0.2962962962962963,0.11328976034858385,0.8867102396514162,0.7037037037037037
test,0.18006283,0.3224400871459695,0.11328976034858385,0.8867102396514162,0.6775599128540305
test,0.17921694,0.3224400871459695,0.11111111111111116,0.8888888888888888,0.6775599128540305
test,0.17883201,0.3289760348583878,0.11111111111111116,0.8888888888888888,0.6710239651416122
test,0.17850153,0.3289760348583878,0.10893246187363836,0.8910675381263616,0.6710239651416122
test,0.17564988,0.3355119825708061,0.10893246187363836,0.8910675381263616,0.6644880174291938
test,0.17561576,0.3355119825708061,0.10675381263616557,0.8932461873638344,0.6644880174291938
test,0.17181493,0.3464052287581699,0.10675381263616557,0.8932461873638344,0.6535947712418301
test,0.16826785,0.3464052287581699,0.0958605664488017,0.9041394335511983,0.6535947712418301
test,0.16736132,0.35076252723311546,0.0958605664488017,0.9041394335511983,0.6492374727668846
test,0.16628063,0.35076252723311546,0.09368191721132901,0.906318082788671,0.6492374727668846
test,0.1618531,0.37037037037037035,0.09368191721132901,0.906318082788671,0.6296296296296297
test,0.16139029,0.37037037037037035,0.09150326797385622,0.9084967320261438,0.6296296296296297
test,0.16043459,0.37254901960784315,0.09150326797385622,0.9084967320261438,0.6274509803921569
test,0.16033961,0.37254901960784315,0.08932461873638342,0.9106753812636166,0.6274509803921569
test,0.16018008,0.3747276688453159,0.08932461873638342,0.9106753812636166,0.6252723311546842
test,0.15928681,0.3747276688453159,0.08714596949891062,0.9128540305010894,0.6252723311546842
test,0.1564041,0.38562091503267976,0.08714596949891062,0.9128540305010894,0.6143790849673203
test,0.15568392,0.38562091503267976,0.08278867102396514,0.9172113289760349,0.6143790849673203
test,0.1528377,0.40305010893246185,0.08278867102396514,0.9172113289760349,0.5969498910675382
test,0.15283702,0.40305010893246185,0.08061002178649235,0.9193899782135077,0.5969498910675382
test,0.15028474,0.4095860566448802,0.08061002178649235,0.9193899782135077,0.5904139433551199
test,0.14883381,0.4095860566448802,0.07843137254901966,0.9215686274509803,0.5904139433551199
test,0.1477646,0.41612200435729846,0.07843137254901966,0.9215686274509803,0.5838779956427016
test,0.14342943,0.41612200435729846,0.07407407407407407,0.9259259259259259,0.5838779956427016
test,0.1372684,0.4400871459694989,0.07407407407407407,0.9259259259259259,0.5599128540305012
test,0.13705854,0.4400871459694989,0.07189542483660127,0.9281045751633987,0.5599128540305012
test,0.13437532,0.44880174291938996,0.07189542483660127,0.9281045751633987,0.55119825708061
test,0.13314967,0.44880174291938996,0.06971677559912859,0.9302832244008714,0.55119825708061
test,0.13241091,0.4531590413943355,0.06971677559912859,0.9302832244008714,0.5468409586056645
test,0.1319683,0.4531590413943355,0.06753812636165579,0.9324618736383442,0.5468409586056645
test,0.12953556,0.4553376906318083,0.06753812636165579,0.9324618736383442,0.5446623093681917
test,0.12898745,0.4553376906318083,0.0631808278867102,0.9368191721132898,0.5446623093681917
test,0.12376508,0.477124183006536,0.0631808278867102,0.9368191721132898,0.522875816993464
test,0.12156175,0.477124183006536,0.05882352941176472,0.9411764705882353,0.522875816993464
test,0.11806168,0.49019607843137253,0.05882352941176472,0.9411764705882353,0.5098039215686274
test,0.116311915,0.49019607843137253,0.05446623093681913,0.9455337690631809,0.5098039215686274
test,0.113995366,0.5010893246187363,0.05446623093681913,0.9455337690631809,0.49891067538126366
test,0.1137543,0.5010893246187363,0.05228758169934644,0.9477124183006536,0.49891067538126366
test,0.11266342,0.5032679738562091,0.05228758169934644,0.9477124183006536,0.49673202614379086
test,0.11236152,0.5032679738562091,0.050108932461873645,0.9498910675381264,0.49673202614379086
test,0.10957891,0.5098039215686274,0.050108932461873645,0.9498910675381264,0.4901960784313726
test,0.10940185,0.5098039215686274,0.04793028322440085,0.9520697167755992,0.4901960784313726
test,0.10327769,0.5272331154684096,0.04793028322440085,0.9520697167755992,0.47276688453159044
test,0.10304655,0.5272331154684096,0.04575163398692805,0.954248366013072,0.47276688453159044
test,0.102450795,0.5294117647058824,0.04575163398692805,0.954248366013072,0.47058823529411764
test,0.101834975,0.5294117647058824,0.04357298474945537,0.9564270152505446,0.47058823529411764
test,0.10104866,0.5337690631808278,0.04357298474945537,0.9564270152505446,0.46623093681917216
test,0.100633115,0.5337690631808278,0.04139433551198257,0.9586056644880174,0.46623093681917216
test,0.10011188,0.5403050108932462,0.04139433551198257,0.9586056644880174,0.45969498910675377
test,0.099823505,0.5403050108932462,0.039215686274509776,0.9607843137254902,0.45969498910675377
test,0.09180408,0.5599128540305011,0.039215686274509776,0.9607843137254902,0.44008714596949894
test,0.08994702,0.5599128540305011,0.03703703703703709,0.9629629629629629,0.44008714596949894
test,0.08911748,0.5620915032679739,0.03703703703703709,0.9629629629629629,0.43790849673202614
test,0.08906102,0.5620915032679739,0.034858387799564294,0.9651416122004357,0.43790849673202614
test,0.088810414,0.5642701525054467,0.034858387799564294,0.9651416122004357,0.43572984749455335
test,0.08857586,0.5642701525054467,0.0326797385620915,0.9673202614379085,0.43572984749455335
test,0.065188155,0.6535947712418301,0.0326797385620915,0.9673202614379085,0.3464052287581699
test,0.065078475,0.6535947712418301,0.030501089324618702,0.9694989106753813,0.3464052287581699
test,0.059912592,0.6666666666666666,0.030501089324618702,0.9694989106753813,0.33333333333333337
test,0.05984368,0.6666666666666666,0.028322440087146017,0.971677559912854,0.33333333333333337
test,0.049420834,0.7037037037037037,0.028322440087146017,0.971677559912854,0.2962962962962963
test,0.049301796,0.7037037037037037,0.02614379084967322,0.9738562091503268,0.2962962962962963
test,0.042767107,0.7298474945533769,0.02614379084967322,0.9738562091503268,0.27015250544662306
test,0.042710405,0.7298474945533769,0.023965141612200425,0.9760348583877996,0.27015250544662306
test,0.036833562,0.7494553376906318,0.023965141612200425,0.9760348583877996,0.2505446623093682
test,0.036789935,0.7494553376906318,0.02178649237472763,0.9782135076252724,0.2505446623093682
test,0.033159617,0.7625272331154684,0.02178649237472763,0.9782135076252724,0.23747276688453156
test,0.033108246,0.7625272331154684,0.019607843137254943,0.9803921568627451,0.23747276688453156
test,0.025482804,0.7690631808278867,0.019607843137254943,0.9803921568627451,0.23093681917211328
test,0.023636961,0.7690631808278867,0.017429193899782147,0.9825708061002179,0.23093681917211328
test,0.021167297,0.775599128540305,0.017429193899782147,0.9825708061002179,0.224400871459695
test,0.01987272,0.775599128540305,0.015250544662309351,0.9847494553376906,0.224400871459695
test,0.01387639,0.7908496732026143,0.015250544662309351,0.9847494553376906,0.20915032679738566
test,0.013327371,0.7908496732026143,0.01089324618736387,0.9891067538126361,0.20915032679738566
test,0.0070797387,0.7995642701525054,0.01089324618736387,0.9891067538126361,0.20043572984749458
test,0.006748291,0.7995642701525054,0.008714596949891074,0.9912854030501089,0.20043572984749458
test,-0.0024572553,0.8278867102396514,0.008714596949891074,0.9912854030501089,0.17211328976034856
test,-0.0024969233,0.8278867102396514,0.006535947712418277,0.9934640522875817,0.17211328976034856
test,-0.0075906646,0.8387799564270153,0.006535947712418277,0.9934640522875817,0.1612200435729847
test,-0.008114565,0.8387799564270153,0.004357298474945481,0.9956427015250545,0.1612200435729847
test,-0.010583313,0.8518518518518519,0.004357298474945481,0.9956427015250545,0.14814814814814814
test,-0.010664947,0.8518518518518519,0.002178649237472796,0.9978213507625272,0.14814814814814814
test,-0.054021567,0.9389978213507625,0.002178649237472796,0.9978213507625272,0.061002178649237515
test,-0.054521646,0.9389978213507625,0.0,1.0,0.061002178649237515
test,-0.2484953,1.0,0.0,1.0,0.0
