image1,image2,identity1,identity2,demographic1,demographic2,gender1,gender2,age1,age2,label,cosine_similarity,euclidean_distance,cosine_distance
data\processed\bfw\asian\n009279\0185_01.jpg,data\processed\bfw\asian\n004935\0165_02.jpg,n009279,n004935,asian,asian,females,males,,,0,0.1499714,12.261983,0.85002863
data\processed\bfw\asian\n000135\0081_01.jpg,data\processed\bfw\asian\n000135\0208_01.jpg,n000135,n000135,asian,asian,females,females,,,1,0.3746376,10.127537,0.6253624
data\processed\bfw\asian\n004870\0028_10.jpg,data\processed\bfw\asian\n004870\0156_01.jpg,n004870,n004870,asian,asian,females,females,,,1,0.34090027,9.781725,0.6590997
data\processed\bfw\asian\n007899\0095_01.jpg,data\processed\bfw\asian\n007899\0213_01.jpg,n007899,n007899,asian,asian,females,females,,,1,0.31857058,9.850833,0.6814294
data\processed\bfw\asian\n008978\0035_01.jpg,data\processed\bfw\asian\n003355\0252_02.jpg,n008978,n003355,asian,asian,females,males,,,0,0.105361745,12.331587,0.89463824
data\processed\bfw\asian\n003557\0053_01.jpg,data\processed\bfw\asian\n003557\0088_04.jpg,n003557,n003557,asian,asian,females,females,,,1,0.5166137,8.443621,0.48338628
data\processed\bfw\asian\n003489\0138_01.jpg,data\processed\bfw\asian\n004681\0233_01.jpg,n003489,n004681,asian,asian,males,males,,,0,0.19340646,9.909381,0.80659354
data\processed\bfw\asian\n006358\0054_02.jpg,data\processed\bfw\asian\n006358\0125_01.jpg,n006358,n006358,asian,asian,females,females,,,1,0.35400993,11.386025,0.6459901
data\processed\bfw\asian\n004860\0107_01.jpg,data\processed\bfw\asian\n003635\0109_04.jpg,n004860,n003635,asian,asian,females,males,,,0,0.12150302,10.474225,0.878497
data\processed\bfw\asian\n004800\0390_01.jpg,data\processed\bfw\asian\n003463\0165_01.jpg,n004800,n003463,asian,asian,males,males,,,0,0.15545641,10.18388,0.8445436
data\processed\bfw\asian\n005177\0321_01.jpg,data\processed\bfw\asian\n001496\0642_01.jpg,n005177,n001496,asian,asian,males,males,,,0,0.13053519,11.22796,0.8694648
data\processed\bfw\asian\n003449\0418_01.jpg,data\processed\bfw\asian\n004109\0554_02.jpg,n003449,n004109,asian,asian,females,males,,,0,0.059031274,10.070619,0.94096875
data\processed\bfw\asian\n003357\0034_01.jpg,data\processed\bfw\asian\n000132\0094_02__face_0.jpg,n003357,n000132,asian,asian,females,males,,,0,0.2276963,10.314157,0.7723037
data\processed\bfw\asian\n007738\0058_02.jpg,data\processed\bfw\asian\n007738\0440_01.jpg,n007738,n007738,asian,asian,females,females,,,1,-0.0983318,12.935994,1.0983318
data\processed\bfw\asian\n005216\0017_01.jpg,data\processed\bfw\asian\n005216\0119_01.jpg,n005216,n005216,asian,asian,females,females,,,1,0.46781656,9.303217,0.5321834
data\processed\bfw\asian\n000009\0188_01.jpg,data\processed\bfw\asian\n000009\0244_01.jpg,n000009,n000009,asian,asian,females,females,,,1,-0.11593269,12.394989,1.1159327
data\processed\bfw\asian\n008148\0102_01.jpg,data\processed\bfw\asian\n004549\0073_01.jpg,n008148,n004549,asian,asian,females,females,,,0,0.47731453,8.21261,0.52268547
data\processed\bfw\asian\n000856\0285_01.jpg,data\processed\bfw\asian\n000856\0538_01.jpg,n000856,n000856,asian,asian,females,females,,,1,0.23962463,8.910465,0.7603754
data\processed\bfw\asian\n006619\0334_03.jpg,data\processed\bfw\asian\n001572\0349_01.jpg,n006619,n001572,asian,asian,females,females,,,0,0.13812387,11.758779,0.86187613
data\processed\bfw\asian\n006418\0071_04.jpg,data\processed\bfw\asian\n003467\0188_03.jpg,n006418,n003467,asian,asian,females,females,,,0,0.10220499,10.442871,0.897795
data\processed\bfw\asian\n004791\0208_01.jpg,data\processed\bfw\asian\n004791\0440_01.jpg,n004791,n004791,asian,asian,males,males,,,1,0.4008321,9.166889,0.59916794
data\processed\bfw\asian\n003155\0043_01.jpg,data\processed\bfw\asian\n003155\1012_07.jpg,n003155,n003155,asian,asian,males,males,,,1,0.28039035,10.739948,0.7196096
data\processed\bfw\asian\n009279\0179_01.jpg,data\processed\bfw\asian\n009279\0193_01.jpg,n009279,n009279,asian,asian,females,females,,,1,0.06825366,11.231519,0.93174636
data\processed\bfw\asian\n004794\0015_05.jpg,data\processed\bfw\asian\n004794\0043_01.jpg,n004794,n004794,asian,asian,males,males,,,1,0.45179236,7.8180647,0.54820764
data\processed\bfw\asian\n000873\0085_02.jpg,data\processed\bfw\asian\n000873\0257_02.jpg,n000873,n000873,asian,asian,males,males,,,1,0.33933762,10.096895,0.6606624
data\processed\bfw\asian\n007385\0500_01.jpg,data\processed\bfw\asian\n005474\0176_04.jpg,n007385,n005474,asian,asian,females,females,,,0,0.08367242,10.269859,0.9163276
data\processed\bfw\asian\n006223\0167_01.jpg,data\processed\bfw\asian\n004877\0100_01.jpg,n006223,n004877,asian,asian,females,females,,,0,0.28468978,9.908298,0.7153102
data\processed\bfw\asian\n001976\0237_01.jpg,data\processed\bfw\asian\n006634\0023_08.jpg,n001976,n006634,asian,asian,males,females,,,0,0.22066264,11.152943,0.77933735
data\processed\bfw\asian\n003463\0179_02.jpg,data\processed\bfw\asian\n005077\0104_01.jpg,n003463,n005077,asian,asian,males,females,,,0,-0.01163202,13.719317,1.011632
data\processed\bfw\asian\n005078\0183_01.jpg,data\processed\bfw\asian\n005078\0638_01.jpg,n005078,n005078,asian,asian,males,males,,,1,0.42529407,8.60541,0.57470596
data\processed\bfw\asian\n000873\0106_01.jpg,data\processed\bfw\asian\n000840\0060_01.jpg,n000873,n000840,asian,asian,males,females,,,0,0.16267703,10.737717,0.83732295
data\processed\bfw\asian\n000009\0122_02.jpg,data\processed\bfw\asian\n000009\0244_01.jpg,n000009,n000009,asian,asian,females,females,,,1,-0.031320363,11.028332,1.0313203
data\processed\bfw\asian\n000872\0085_01.jpg,data\processed\bfw\asian\n000872\0203_01.jpg,n000872,n000872,asian,asian,males,males,,,1,0.35331917,10.049666,0.64668083
data\processed\bfw\asian\n006634\0135_01.jpg,data\processed\bfw\asian\n006149\0005_01.jpg,n006634,n006149,asian,asian,females,females,,,0,0.06767335,13.351298,0.9323267
data\processed\bfw\asian\n007664\0085_01.jpg,data\processed\bfw\asian\n002725\0007_03.jpg,n007664,n002725,asian,asian,females,females,,,0,0.02877883,13.035641,0.97122115
data\processed\bfw\asian\n003357\0074_01.jpg,data\processed\bfw\asian\n007378\0049_01.jpg,n003357,n007378,asian,asian,females,females,,,0,0.1812623,10.456692,0.8187377
data\processed\bfw\asian\n000139\0261_01.jpg,data\processed\bfw\asian\n005116\0072_01.jpg,n000139,n005116,asian,asian,females,males,,,0,0.028569788,11.814821,0.9714302
data\processed\bfw\asian\n006148\0040_01.jpg,data\processed\bfw\asian\n006148\0607_02.jpg,n006148,n006148,asian,asian,females,females,,,1,0.2803438,10.594966,0.7196562
data\processed\bfw\asian\n000160\0367_03.jpg,data\processed\bfw\asian\n006619\0553_01.jpg,n000160,n006619,asian,asian,females,females,,,0,0.108772986,9.864163,0.891227
data\processed\bfw\asian\n002320\0006_01.jpg,data\processed\bfw\asian\n004469\0019_02.jpg,n002320,n004469,asian,asian,males,males,,,0,0.21703346,11.316505,0.78296655
data\processed\bfw\asian\n000138\0164_01.jpg,data\processed\bfw\asian\n000138\0326_01.jpg,n000138,n000138,asian,asian,females,females,,,1,0.32809177,8.793726,0.67190826
data\processed\bfw\asian\n004725\0341_01.jpg,data\processed\bfw\asian\n006634\0166_01.jpg,n004725,n006634,asian,asian,males,females,,,0,-0.16770752,13.647557,1.1677076
data\processed\bfw\asian\n007380\0070_01.jpg,data\processed\bfw\asian\n007380\0525_01.jpg,n007380,n007380,asian,asian,females,females,,,1,0.06475954,10.797582,0.93524045
data\processed\bfw\asian\n009287\0160_01.jpg,data\processed\bfw\asian\n009287\0185_01.jpg,n009287,n009287,asian,asian,females,females,,,1,0.4549809,9.364273,0.5450191
data\processed\bfw\asian\n005071\0055_02.jpg,data\processed\bfw\asian\n005063\0030_01.jpg,n005071,n005063,asian,asian,males,females,,,0,0.05938933,11.77709,0.94061065
data\processed\bfw\asian\n004681\0101_01.jpg,data\processed\bfw\asian\n005216\0307_01.jpg,n004681,n005216,asian,asian,males,females,,,0,-0.012217601,11.892171,1.0122176
data\processed\bfw\asian\n008934\0108_01.jpg,data\processed\bfw\asian\n000840\0036_03.jpg,n008934,n000840,asian,asian,females,females,,,0,0.21572429,11.875433,0.7842757
data\processed\bfw\asian\n000873\0111_01.jpg,data\processed\bfw\asian\n000873\0496_01.jpg,n000873,n000873,asian,asian,males,males,,,1,0.3202091,10.504606,0.6797909
data\processed\bfw\asian\n002320\0171_01.jpg,data\processed\bfw\asian\n000135\0272_01.jpg,n002320,n000135,asian,asian,males,females,,,0,-0.018917782,13.064518,1.0189178
data\processed\bfw\asian\n000138\0067_01.jpg,data\processed\bfw\asian\n000138\0087_03.jpg,n000138,n000138,asian,asian,females,females,,,1,0.38726836,9.536216,0.61273164
data\processed\bfw\asian\n008401\0399_01.jpg,data\processed\bfw\asian\n009287\0033_01.jpg,n008401,n009287,asian,asian,females,females,,,0,0.13995111,10.897409,0.8600489
data\processed\bfw\asian\n000161\0241_01.jpg,data\processed\bfw\asian\n006634\0135_01.jpg,n000161,n006634,asian,asian,males,females,,,0,-0.16241337,13.173182,1.1624134
data\processed\bfw\asian\n004935\0061_01.jpg,data\processed\bfw\asian\n009277\0113_01.jpg,n004935,n009277,asian,asian,males,females,,,0,0.08495933,12.4339285,0.9150407
data\processed\bfw\asian\n004221\0243_01.jpg,data\processed\bfw\asian\n004221\0421_02.jpg,n004221,n004221,asian,asian,males,males,,,1,0.14596431,11.628049,0.8540357
data\processed\bfw\asian\n006203\0109_03.jpg,data\processed\bfw\asian\n004466\0052_01.jpg,n006203,n004466,asian,asian,females,males,,,0,0.33618706,8.656803,0.66381294
data\processed\bfw\asian\n000132\0238_02__face_0.jpg,data\processed\bfw\asian\n005474\0239_01.jpg,n000132,n005474,asian,asian,males,females,,,0,0.089931674,10.556954,0.91006833
data\processed\bfw\asian\n004467\0677_01.jpg,data\processed\bfw\asian\n006203\0088_01.jpg,n004467,n006203,asian,asian,males,females,,,0,0.16224949,10.167154,0.8377505
data\processed\bfw\asian\n004686\0030_01.jpg,data\processed\bfw\asian\n004686\0458_01.jpg,n004686,n004686,asian,asian,males,males,,,1,0.44352037,8.508532,0.55647963
data\processed\bfw\asian\n005116\0172_01.jpg,data\processed\bfw\asian\n005116\0228_03.jpg,n005116,n005116,asian,asian,males,males,,,1,0.50331044,8.791109,0.49668956
data\processed\bfw\asian\n009042\0017_03.jpg,data\processed\bfw\asian\n009042\0059_01.jpg,n009042,n009042,asian,asian,females,females,,,1,0.77028584,7.0245085,0.22971416
data\processed\bfw\asian\n003288\0022_01.jpg,data\processed\bfw\asian\n003288\0078_01.jpg,n003288,n003288,asian,asian,females,females,,,1,0.46108967,8.813946,0.5389103
data\processed\bfw\asian\n007089\0066_01.jpg,data\processed\bfw\asian\n006633\0056_01.jpg,n007089,n006633,asian,asian,females,females,,,0,0.14835212,10.740608,0.85164785
data\processed\bfw\asian\n006159\0007_01.jpg,data\processed\bfw\asian\n005177\0321_01.jpg,n006159,n005177,asian,asian,females,males,,,0,0.1477145,13.910326,0.8522855
data\processed\bfw\asian\n000840\0041_01.jpg,data\processed\bfw\asian\n000135\0114_01.jpg,n000840,n000135,asian,asian,females,females,,,0,0.09793031,12.17969,0.9020697
data\processed\bfw\asian\n003288\0022_01.jpg,data\processed\bfw\asian\n009177\0294_02.jpg,n003288,n009177,asian,asian,females,females,,,0,0.12588362,10.709747,0.87411636
data\processed\bfw\asian\n004725\0230_01.jpg,data\processed\bfw\asian\n002775\0034_02.jpg,n004725,n002775,asian,asian,males,males,,,0,0.0507892,13.524068,0.9492108
data\processed\bfw\asian\n000872\0227_01.jpg,data\processed\bfw\asian\n004221\0158_03.jpg,n000872,n004221,asian,asian,males,males,,,0,0.14074032,11.191364,0.85925967
data\processed\bfw\asian\n004948\0016_01.jpg,data\processed\bfw\asian\n004948\0091_01.jpg,n004948,n004948,asian,asian,males,males,,,1,0.3274313,9.269481,0.6725687
data\processed\bfw\asian\n003489\0323_01.jpg,data\processed\bfw\asian\n005378\0234_02.jpg,n003489,n005378,asian,asian,males,females,,,0,0.08402193,11.023318,0.9159781
data\processed\bfw\asian\n000009\0063_01.jpg,data\processed\bfw\asian\n000009\0160_01.jpg,n000009,n000009,asian,asian,females,females,,,1,0.44170204,9.771781,0.558298
data\processed\bfw\asian\n000009\0043_01.jpg,data\processed\bfw\asian\n000161\0255_01.jpg,n000009,n000161,asian,asian,females,males,,,0,0.12011711,10.729944,0.8798829
data\processed\bfw\asian\n005063\0302_06.jpg,data\processed\bfw\asian\n007385\0469_01.jpg,n005063,n007385,asian,asian,females,females,,,0,0.08836778,11.485267,0.91163224
data\processed\bfw\asian\n009042\0020_01.jpg,data\processed\bfw\asian\n000137\0187_01.jpg,n009042,n000137,asian,asian,females,females,,,0,0.34533364,10.039246,0.65466636
data\processed\bfw\asian\n000135\0112_01.jpg,data\processed\bfw\asian\n006619\0216_01.jpg,n000135,n006619,asian,asian,females,females,,,0,0.28805476,9.780103,0.71194524
data\processed\bfw\asian\n004725\0001_01.jpg,data\processed\bfw\asian\n004725\0183_04.jpg,n004725,n004725,asian,asian,males,males,,,1,0.48502195,9.770214,0.51497805
data\processed\bfw\asian\n003354\0020_01.jpg,data\processed\bfw\asian\n003482\0044_02.jpg,n003354,n003482,asian,asian,females,males,,,0,0.18540695,12.794739,0.8145931
data\processed\bfw\asian\n005378\0388_01.jpg,data\processed\bfw\asian\n005378\0409_02.jpg,n005378,n005378,asian,asian,females,females,,,1,0.23666665,11.09406,0.7633333
data\processed\bfw\asian\n004935\0548_01.jpg,data\processed\bfw\asian\n009278\0072_01.jpg,n004935,n009278,asian,asian,males,females,,,0,0.04325095,9.279891,0.9567491
data\processed\bfw\asian\n006223\0096_01.jpg,data\processed\bfw\asian\n006223\0172_01.jpg,n006223,n006223,asian,asian,females,females,,,1,0.55551976,7.653442,0.44448024
data\processed\bfw\asian\n008383\0014_01.jpg,data\processed\bfw\asian\n008383\0139_02.jpg,n008383,n008383,asian,asian,females,females,,,1,0.61803025,7.070429,0.38196975
data\processed\bfw\asian\n008163\0041_01.jpg,data\processed\bfw\asian\n008163\0213_01.jpg,n008163,n008163,asian,asian,females,females,,,1,0.55184203,7.7830224,0.44815797
data\processed\bfw\asian\n000139\0311_01.jpg,data\processed\bfw\asian\n003223\0084_01.jpg,n000139,n003223,asian,asian,females,males,,,0,0.15787992,10.733724,0.84212005
data\processed\bfw\asian\n003354\0346_02.jpg,data\processed\bfw\asian\n006633\0299_01.jpg,n003354,n006633,asian,asian,females,females,,,0,0.26405808,9.436296,0.7359419
data\processed\bfw\asian\n002725\0086_01.jpg,data\processed\bfw\asian\n009125\0100_01.jpg,n002725,n009125,asian,asian,females,females,,,0,0.4371195,10.351203,0.5628805
data\processed\bfw\asian\n006736\0121_03.jpg,data\processed\bfw\asian\n006736\0537_01.jpg,n006736,n006736,asian,asian,females,females,,,1,0.69845223,8.386402,0.30154777
data\processed\bfw\asian\n004877\0004_01.jpg,data\processed\bfw\asian\n003167\0042_18.jpg,n004877,n003167,asian,asian,females,males,,,0,-0.019988494,14.584686,1.0199885
data\processed\bfw\asian\n003354\0027_01.jpg,data\processed\bfw\asian\n009177\0136_01.jpg,n003354,n009177,asian,asian,females,females,,,0,0.22244059,11.695418,0.7775594
data\processed\bfw\asian\n004787\0158_01.jpg,data\processed\bfw\asian\n003358\0306_01.jpg,n004787,n003358,asian,asian,females,females,,,0,0.105984956,12.46099,0.8940151
data\processed\bfw\asian\n004108\0131_01.jpg,data\processed\bfw\asian\n004930\0135_01.jpg,n004108,n004930,asian,asian,males,females,,,0,-0.030589141,10.918404,1.0305891
data\processed\bfw\asian\n003027\0037_01.jpg,data\processed\bfw\asian\n000856\0004_01.jpg,n003027,n000856,asian,asian,males,females,,,0,0.07549183,12.19908,0.92450815
data\processed\bfw\asian\n005216\0026_01.jpg,data\processed\bfw\asian\n004809\0221_01.jpg,n005216,n004809,asian,asian,females,males,,,0,0.04101537,14.169675,0.9589846
data\processed\bfw\asian\n004786\0128_03.jpg,data\processed\bfw\asian\n002331\0255_01.jpg,n004786,n002331,asian,asian,females,males,,,0,0.16884916,12.40662,0.8311508
data\processed\bfw\asian\n006634\0039_01.jpg,data\processed\bfw\asian\n006634\0114_01.jpg,n006634,n006634,asian,asian,females,females,,,1,0.58260673,8.357054,0.41739327
data\processed\bfw\asian\n006125\0215_01.jpg,data\processed\bfw\asian\n004936\0254_01.jpg,n006125,n004936,asian,asian,females,females,,,0,0.3693863,8.48093,0.6306137
data\processed\bfw\asian\n007372\0086_01.jpg,data\processed\bfw\asian\n007372\0252_01.jpg,n007372,n007372,asian,asian,females,females,,,1,0.31427345,8.550767,0.6857265
data\processed\bfw\asian\n003463\0132_01.jpg,data\processed\bfw\asian\n000856\0014_01.jpg,n003463,n000856,asian,asian,males,females,,,0,-0.044719707,12.402504,1.0447197
data\processed\bfw\asian\n003155\0004_01.jpg,data\processed\bfw\asian\n006223\0033_01.jpg,n003155,n006223,asian,asian,males,females,,,0,0.16275588,12.0591955,0.83724415
data\processed\bfw\asian\n003162\0050_01.jpg,data\processed\bfw\asian\n003162\0508_01.jpg,n003162,n003162,asian,asian,males,males,,,1,0.53848165,9.003012,0.46151835
data\processed\bfw\asian\n004785\0125_01.jpg,data\processed\bfw\asian\n004785\0275_01.jpg,n004785,n004785,asian,asian,females,females,,,1,0.5912388,8.355547,0.4087612
data\processed\bfw\asian\n005446\0042_05.jpg,data\processed\bfw\asian\n005446\0141_01.jpg,n005446,n005446,asian,asian,females,females,,,1,0.42224422,9.859341,0.5777558
data\processed\bfw\asian\n003288\0078_01.jpg,data\processed\bfw\asian\n007899\0073_01.jpg,n003288,n007899,asian,asian,females,females,,,0,0.4150946,9.606194,0.5849054
data\processed\bfw\asian\n006203\0160_01.jpg,data\processed\bfw\asian\n006203\0430_01.jpg,n006203,n006203,asian,asian,females,females,,,1,0.13792583,10.562819,0.86207414
data\processed\bfw\asian\n007814\0485_01.jpg,data\processed\bfw\asian\n004930\0290_01.jpg,n007814,n004930,asian,asian,females,females,,,0,0.16176997,10.765231,0.83823
data\processed\bfw\asian\n002552\0185_01.jpg,data\processed\bfw\asian\n009177\0162_02.jpg,n002552,n009177,asian,asian,males,females,,,0,-0.08637163,12.009321,1.0863717
data\processed\bfw\asian\n004786\0197_02.jpg,data\processed\bfw\asian\n004860\0236_01.jpg,n004786,n004860,asian,asian,females,females,,,0,0.30104026,10.719531,0.6989597
data\processed\bfw\asian\n001562\0360_02.jpg,data\processed\bfw\asian\n004681\0020_01.jpg,n001562,n004681,asian,asian,males,males,,,0,-0.067435734,13.11568,1.0674357
data\processed\bfw\asian\n004108\0096_01.jpg,data\processed\bfw\asian\n004108\0267_02.jpg,n004108,n004108,asian,asian,males,males,,,1,0.3743884,10.168322,0.6256116
data\processed\bfw\asian\n004787\0128_01.jpg,data\processed\bfw\asian\n000158\0367_01.jpg,n004787,n000158,asian,asian,females,males,,,0,0.092661776,11.19067,0.9073382
data\processed\bfw\asian\n008401\0294_01.jpg,data\processed\bfw\asian\n008401\0521_02.jpg,n008401,n008401,asian,asian,females,females,,,1,0.19728196,12.162928,0.80271804
data\processed\bfw\asian\n005078\0278_01.jpg,data\processed\bfw\asian\n001572\0242_01.jpg,n005078,n001572,asian,asian,males,females,,,0,-0.011713332,11.097846,1.0117134
data\processed\bfw\asian\n007814\0652_01.jpg,data\processed\bfw\asian\n001864\0071_01.jpg,n007814,n001864,asian,asian,females,males,,,0,0.04625512,11.210334,0.9537449
data\processed\bfw\asian\n000158\0199_03.jpg,data\processed\bfw\asian\n005069\0017_02.jpg,n000158,n005069,asian,asian,males,females,,,0,0.11174177,11.739926,0.8882582
data\processed\bfw\asian\n006358\0010_01.jpg,data\processed\bfw\asian\n006358\0085_04.jpg,n006358,n006358,asian,asian,females,females,,,1,0.4476339,10.240236,0.55236614
data\processed\bfw\asian\n002552\0252_02.jpg,data\processed\bfw\asian\n002552\0368_01.jpg,n002552,n002552,asian,asian,males,males,,,1,0.37515092,10.625426,0.6248491
data\processed\bfw\asian\n004109\0047_02.jpg,data\processed\bfw\asian\n004930\0290_01.jpg,n004109,n004930,asian,asian,males,females,,,0,0.20377982,9.217204,0.7962202
data\processed\bfw\asian\n004681\0232_01.jpg,data\processed\bfw\asian\n004681\0398_01.jpg,n004681,n004681,asian,asian,males,males,,,1,0.12428071,10.378349,0.8757193
data\processed\bfw\asian\n002775\0069_01.jpg,data\processed\bfw\asian\n000009\0356_06.jpg,n002775,n000009,asian,asian,males,females,,,0,0.093472384,13.973287,0.90652764
data\processed\bfw\asian\n007664\0153_01.jpg,data\processed\bfw\asian\n001864\0078_01.jpg,n007664,n001864,asian,asian,females,males,,,0,0.0060916836,11.5479145,0.99390835
data\processed\bfw\asian\n002644\0105_01.jpg,data\processed\bfw\asian\n002644\0966_01.jpg,n002644,n002644,asian,asian,males,males,,,1,0.13082983,8.759517,0.8691702
data\processed\bfw\asian\n003288\0120_01.jpg,data\processed\bfw\asian\n001864\0112_03.jpg,n003288,n001864,asian,asian,females,males,,,0,0.24826472,9.533731,0.75173527
data\processed\bfw\asian\n009277\0358_01.jpg,data\processed\bfw\asian\n005077\0020_01.jpg,n009277,n005077,asian,asian,females,females,,,0,0.117026374,10.670884,0.8829736
data\processed\bfw\asian\n004809\0356_01.jpg,data\processed\bfw\asian\n000854\0045_01.jpg,n004809,n000854,asian,asian,males,females,,,0,0.016296567,13.076288,0.98370343
data\processed\bfw\asian\n004864\0003_01.jpg,data\processed\bfw\asian\n007814\0016_01.jpg,n004864,n007814,asian,asian,females,females,,,0,0.1266643,10.840531,0.8733357
data\processed\bfw\asian\n003355\0082_01.jpg,data\processed\bfw\asian\n009137\0321_02.jpg,n003355,n009137,asian,asian,males,females,,,0,0.030152498,12.558719,0.9698475
data\processed\bfw\asian\n005072\0302_01.jpg,data\processed\bfw\asian\n000873\0176_01.jpg,n005072,n000873,asian,asian,males,males,,,0,0.11692842,11.993833,0.8830716
data\processed\bfw\asian\n004549\0303_01.jpg,data\processed\bfw\asian\n003489\0191_01.jpg,n004549,n003489,asian,asian,females,males,,,0,0.026691234,10.188713,0.97330874
data\processed\bfw\asian\n005072\0043_05.jpg,data\processed\bfw\asian\n005072\0184_03.jpg,n005072,n005072,asian,asian,males,males,,,1,0.5186916,9.023963,0.4813084
data\processed\bfw\asian\n007816\0375_01.jpg,data\processed\bfw\asian\n007816\0442_03.jpg,n007816,n007816,asian,asian,females,females,,,1,0.35212487,9.376078,0.64787513
data\processed\bfw\asian\n006418\0021_02.jpg,data\processed\bfw\asian\n006418\0251_02.jpg,n006418,n006418,asian,asian,females,females,,,1,0.21805218,10.701675,0.78194785
data\processed\bfw\asian\n002406\0173_01.jpg,data\processed\bfw\asian\n001496\0171_01.jpg,n002406,n001496,asian,asian,males,males,,,0,0.17239329,10.9537525,0.8276067
data\processed\bfw\asian\n004800\0111_01.jpg,data\processed\bfw\asian\n009137\0070_01.jpg,n004800,n009137,asian,asian,males,females,,,0,0.35974228,8.3991785,0.6402577
data\processed\bfw\asian\n004935\0061_01.jpg,data\processed\bfw\asian\n004935\0124_01.jpg,n004935,n004935,asian,asian,males,males,,,1,0.5458917,9.584544,0.4541083
data\processed\bfw\asian\n007372\0112_05.jpg,data\processed\bfw\asian\n003824\0190_03.jpg,n007372,n003824,asian,asian,females,females,,,0,0.11049517,13.143464,0.88950485
data\processed\bfw\asian\n003467\0042_01.jpg,data\processed\bfw\asian\n003467\0094_01.jpg,n003467,n003467,asian,asian,females,females,,,1,0.39703813,9.728531,0.6029619
data\processed\bfw\asian\n007814\0057_01.jpg,data\processed\bfw\asian\n004809\0208_01.jpg,n007814,n004809,asian,asian,females,males,,,0,0.08175677,12.565786,0.9182432
data\processed\bfw\asian\n004725\0121_01.jpg,data\processed\bfw\asian\n004725\0230_01.jpg,n004725,n004725,asian,asian,males,males,,,1,0.34157398,10.819982,0.65842605
data\processed\bfw\asian\n000840\0015_01.jpg,data\processed\bfw\asian\n006159\0122_01.jpg,n000840,n006159,asian,asian,females,females,,,0,0.087816186,12.243244,0.9121838
data\processed\bfw\asian\n003156\0077_01.jpg,data\processed\bfw\asian\n003156\0105_01.jpg,n003156,n003156,asian,asian,males,males,,,1,-0.005570117,11.37931,1.0055702
data\processed\bfw\asian\n004948\0199_02.jpg,data\processed\bfw\asian\n003533\0574_01.jpg,n004948,n003533,asian,asian,males,males,,,0,-0.060800992,13.174594,1.060801
data\processed\bfw\asian\n003463\0485_01.jpg,data\processed\bfw\asian\n000161\0241_01.jpg,n003463,n000161,asian,asian,males,males,,,0,0.11924526,9.937504,0.8807547
data\processed\bfw\asian\n004786\0097_02.jpg,data\processed\bfw\asian\n004786\0129_01.jpg,n004786,n004786,asian,asian,females,females,,,1,0.4564428,9.118968,0.54355717
data\processed\bfw\asian\n004469\0083_02.jpg,data\processed\bfw\asian\n000132\0027_01__face_0.jpg,n004469,n000132,asian,asian,males,males,,,0,0.23230565,11.354276,0.76769435
data\processed\bfw\asian\n006203\0085_03.jpg,data\processed\bfw\asian\n004809\0013_04.jpg,n006203,n004809,asian,asian,females,males,,,0,0.01605904,10.127259,0.98394096
data\processed\bfw\asian\n004800\0702_02.jpg,data\processed\bfw\asian\n004800\0828_02.jpg,n004800,n004800,asian,asian,males,males,,,1,0.004412518,10.486866,0.99558747
data\processed\bfw\asian\n001976\0077_02.jpg,data\processed\bfw\asian\n001976\0441_01.jpg,n001976,n001976,asian,asian,males,males,,,1,0.21383677,10.963975,0.7861632
data\processed\bfw\asian\n008401\0097_02.jpg,data\processed\bfw\asian\n003355\0145_04.jpg,n008401,n003355,asian,asian,females,males,,,0,0.022691667,13.889566,0.97730833
data\processed\bfw\asian\n006619\0098_01.jpg,data\processed\bfw\asian\n004725\0152_01.jpg,n006619,n004725,asian,asian,females,males,,,0,-0.018648816,10.027131,1.0186489
data\processed\bfw\asian\n005474\0298_05.jpg,data\processed\bfw\asian\n004805\0566_01.jpg,n005474,n004805,asian,asian,females,males,,,0,0.32737166,9.409917,0.67262834
data\processed\bfw\asian\n000137\0248_01.jpg,data\processed\bfw\asian\n000138\0078_01.jpg,n000137,n000138,asian,asian,females,females,,,0,-0.013391599,11.96538,1.0133916
data\processed\bfw\asian\n005177\0063_01.jpg,data\processed\bfw\asian\n004680\0427_01.jpg,n005177,n004680,asian,asian,males,females,,,0,0.12867706,11.732479,0.87132293
data\processed\bfw\asian\n005378\0421_01.jpg,data\processed\bfw\asian\n006736\0318_01.jpg,n005378,n006736,asian,asian,females,females,,,0,0.09480231,13.334666,0.9051977
data\processed\bfw\asian\n004221\0196_05.jpg,data\processed\bfw\asian\n004221\0243_01.jpg,n004221,n004221,asian,asian,males,males,,,1,0.39492154,8.581988,0.60507846
data\processed\bfw\asian\n004472\0312_02.jpg,data\processed\bfw\asian\n005083\0367_02.jpg,n004472,n005083,asian,asian,females,females,,,0,0.2753803,9.878859,0.7246197
data\processed\bfw\asian\n003481\0794_01.jpg,data\processed\bfw\asian\n003153\0624_01.jpg,n003481,n003153,asian,asian,females,females,,,0,0.15367714,11.6911745,0.8463229
data\processed\bfw\asian\n001976\0152_02.jpg,data\processed\bfw\asian\n000872\0227_01.jpg,n001976,n000872,asian,asian,males,males,,,0,0.19620678,10.303559,0.8037932
data\processed\bfw\asian\n004680\0430_01.jpg,data\processed\bfw\asian\n006223\0349_01.jpg,n004680,n006223,asian,asian,females,females,,,0,0.20124063,10.984917,0.79875934
data\processed\bfw\asian\n001864\0039_02.jpg,data\processed\bfw\asian\n001864\0301_01.jpg,n001864,n001864,asian,asian,males,males,,,1,0.5682105,8.690593,0.43178952
data\processed\bfw\asian\n007372\0086_01.jpg,data\processed\bfw\asian\n007372\0148_01.jpg,n007372,n007372,asian,asian,females,females,,,1,0.41676232,8.450292,0.58323765
data\processed\bfw\asian\n004466\0045_01.jpg,data\processed\bfw\asian\n004466\0154_01.jpg,n004466,n004466,asian,asian,males,males,,,1,0.38771078,9.394359,0.6122892
data\processed\bfw\asian\n000135\0138_10.jpg,data\processed\bfw\asian\n005116\0168_01.jpg,n000135,n005116,asian,asian,females,males,,,0,-0.0059053334,11.10528,1.0059054
data\processed\bfw\asian\n004930\0027_01.jpg,data\processed\bfw\asian\n004930\0046_01.jpg,n004930,n004930,asian,asian,females,females,,,1,0.5353902,9.147632,0.4646098
data\processed\bfw\asian\n002406\0534_02.jpg,data\processed\bfw\asian\n009103\0047_02.jpg,n002406,n009103,asian,asian,males,females,,,0,0.022586543,13.147941,0.9774135
data\processed\bfw\asian\n006774\0268_01.jpg,data\processed\bfw\asian\n004794\0124_03.jpg,n006774,n004794,asian,asian,females,males,,,0,0.12541932,10.566494,0.8745807
data\processed\bfw\asian\n003223\0185_01.jpg,data\processed\bfw\asian\n006736\0068_01.jpg,n003223,n006736,asian,asian,males,females,,,0,0.024508193,13.40871,0.9754918
data\processed\bfw\asian\n000873\0344_01.jpg,data\processed\bfw\asian\n006344\0431_07.jpg,n000873,n006344,asian,asian,males,females,,,0,-0.06331784,9.927369,1.0633179
data\processed\bfw\asian\n003027\0210_01.jpg,data\processed\bfw\asian\n003027\0501_01.jpg,n003027,n003027,asian,asian,males,males,,,1,0.5738624,10.910526,0.42613763
data\processed\bfw\asian\n003489\0271_01.jpg,data\processed\bfw\asian\n004221\0216_01.jpg,n003489,n004221,asian,asian,males,males,,,0,0.090530515,12.646337,0.9094695
data\processed\bfw\asian\n000158\0005_05.jpg,data\processed\bfw\asian\n000158\0012_01.jpg,n000158,n000158,asian,asian,males,males,,,1,0.5271543,9.566564,0.47284567
data\processed\bfw\asian\n005177\0013_01.jpg,data\processed\bfw\asian\n006125\0414_01.jpg,n005177,n006125,asian,asian,males,females,,,0,0.14322619,12.777662,0.8567738
data\processed\bfw\asian\n000158\0013_01.jpg,data\processed\bfw\asian\n000158\0199_03.jpg,n000158,n000158,asian,asian,males,males,,,1,0.53589386,8.914952,0.46410614
data\processed\bfw\asian\n003506\0307_01.jpg,data\processed\bfw\asian\n003506\0347_01.jpg,n003506,n003506,asian,asian,females,females,,,1,0.24646099,11.395832,0.753539
data\processed\bfw\asian\n002775\0137_04.jpg,data\processed\bfw\asian\n007089\0133_01.jpg,n002775,n007089,asian,asian,males,females,,,0,0.034705963,13.1614485,0.96529406
data\processed\bfw\asian\n003481\0770_01.jpg,data\processed\bfw\asian\n004785\0082_01.jpg,n003481,n004785,asian,asian,females,females,,,0,0.3917714,11.135695,0.60822856
data\processed\bfw\asian\n003167\0028_02.jpg,data\processed\bfw\asian\n005085\0032_01.jpg,n003167,n005085,asian,asian,males,females,,,0,0.050021376,13.41,0.94997865
data\processed\bfw\asian\n006418\0386_01.jpg,data\processed\bfw\asian\n005083\0358_01.jpg,n006418,n005083,asian,asian,females,females,,,0,0.28943738,10.715421,0.7105626
data\processed\bfw\asian\n003482\0284_06.jpg,data\processed\bfw\asian\n003482\0672_03.jpg,n003482,n003482,asian,asian,males,males,,,1,0.2733892,11.291693,0.7266108
data\processed\bfw\asian\n001572\0115_01.jpg,data\processed\bfw\asian\n001572\0164_01.jpg,n001572,n001572,asian,asian,females,females,,,1,0.2879152,10.429739,0.7120848
data\processed\bfw\asian\n007816\0322_02.jpg,data\processed\bfw\asian\n007816\0329_01.jpg,n007816,n007816,asian,asian,females,females,,,1,0.3264029,8.947958,0.6735971
data\processed\bfw\asian\n008383\0268_01.jpg,data\processed\bfw\asian\n003482\0059_01.jpg,n008383,n003482,asian,asian,females,males,,,0,-0.0066747107,11.56198,1.0066748
data\processed\bfw\asian\n003491\0194_02.jpg,data\processed\bfw\asian\n000138\0395_01.jpg,n003491,n000138,asian,asian,males,females,,,0,0.032397218,9.2547455,0.9676028
data\processed\bfw\asian\n004549\0168_05.jpg,data\processed\bfw\asian\n004864\0179_01.jpg,n004549,n004864,asian,asian,females,females,,,0,0.29705167,9.14726,0.70294833
data\processed\bfw\asian\n000135\0035_01.jpg,data\processed\bfw\asian\n000132\0110_01__face_0.jpg,n000135,n000132,asian,asian,females,males,,,0,0.028472422,12.14915,0.9715276
data\processed\bfw\asian\n003482\0155_05.jpg,data\processed\bfw\asian\n003482\0408_02.jpg,n003482,n003482,asian,asian,males,males,,,1,0.24255039,9.76467,0.7574496
data\processed\bfw\asian\n007814\0291_01.jpg,data\processed\bfw\asian\n007814\0652_01.jpg,n007814,n007814,asian,asian,females,females,,,1,0.44812614,7.968095,0.55187386
data\processed\bfw\asian\n006633\0036_02.jpg,data\processed\bfw\asian\n000138\0003_01.jpg,n006633,n000138,asian,asian,females,females,,,0,0.024057144,11.106313,0.97594285
data\processed\bfw\asian\n003491\0033_01.jpg,data\processed\bfw\asian\n003491\0131_03.jpg,n003491,n003491,asian,asian,males,males,,,1,0.54978985,8.803611,0.45021015
data\processed\bfw\asian\n003482\0044_02.jpg,data\processed\bfw\asian\n003482\0716_02.jpg,n003482,n003482,asian,asian,males,males,,,1,0.500803,9.641702,0.499197
data\processed\bfw\asian\n009277\0043_01.jpg,data\processed\bfw\asian\n009277\0178_01.jpg,n009277,n009277,asian,asian,females,females,,,1,0.34000942,8.885755,0.65999055
data\processed\bfw\asian\n004786\0241_02.jpg,data\processed\bfw\asian\n004786\0856_02.jpg,n004786,n004786,asian,asian,females,females,,,1,0.2769471,11.094032,0.72305286
data\processed\bfw\asian\n006619\0034_01.jpg,data\processed\bfw\asian\n006619\0333_01.jpg,n006619,n006619,asian,asian,females,females,,,1,0.24012439,8.542897,0.7598756
data\processed\bfw\asian\n004877\0472_01.jpg,data\processed\bfw\asian\n009287\0256_04.jpg,n004877,n009287,asian,asian,females,females,,,0,0.10677828,14.237549,0.89322174
data\processed\bfw\asian\n006203\0724_01.jpg,data\processed\bfw\asian\n004864\0588_04.jpg,n006203,n004864,asian,asian,females,females,,,0,0.24802646,10.146192,0.7519735
data\processed\bfw\asian\n006619\0405_01.jpg,data\processed\bfw\asian\n003162\0508_01.jpg,n006619,n003162,asian,asian,females,males,,,0,-0.15447752,13.545197,1.1544775
data\processed\bfw\asian\n009175\0073_01.jpg,data\processed\bfw\asian\n009175\0077_01.jpg,n009175,n009175,asian,asian,females,females,,,1,0.5240662,8.543335,0.4759338
data\processed\bfw\asian\n003506\0342_01.jpg,data\processed\bfw\asian\n003506\0367_01.jpg,n003506,n003506,asian,asian,females,females,,,1,0.41814408,8.870243,0.5818559
data\processed\bfw\asian\n006223\0148_01.jpg,data\processed\bfw\asian\n005446\0118_01.jpg,n006223,n005446,asian,asian,females,females,,,0,0.25121355,11.387573,0.74878645
data\processed\bfw\asian\n006148\0102_02.jpg,data\processed\bfw\asian\n000838\0463_01.jpg,n006148,n000838,asian,asian,females,females,,,0,0.09284286,11.4658785,0.9071571
data\processed\bfw\asian\n000839\0480_03.jpg,data\processed\bfw\asian\n001572\0120_01.jpg,n000839,n001572,asian,asian,females,females,,,0,0.32281718,10.103523,0.6771828
data\processed\bfw\asian\n000839\0168_01.jpg,data\processed\bfw\asian\n003358\0316_01.jpg,n000839,n003358,asian,asian,females,females,,,0,0.22001022,10.66452,0.7799898
data\processed\bfw\asian\n006344\0350_01.jpg,data\processed\bfw\asian\n006344\0557_01.jpg,n006344,n006344,asian,asian,females,females,,,1,0.22830899,9.507696,0.771691
data\processed\bfw\asian\n004935\0123_01.jpg,data\processed\bfw\asian\n004686\0433_01.jpg,n004935,n004686,asian,asian,males,males,,,0,0.17503425,10.953403,0.8249657
data\processed\bfw\asian\n003449\0101_01.jpg,data\processed\bfw\asian\n003449\0194_01.jpg,n003449,n003449,asian,asian,females,females,,,1,0.42275152,9.257173,0.57724845
data\processed\bfw\asian\n008401\0166_01.jpg,data\processed\bfw\asian\n008401\0377_01.jpg,n008401,n008401,asian,asian,females,females,,,1,0.18606417,11.63502,0.8139358
data\processed\bfw\asian\n004860\0097_01.jpg,data\processed\bfw\asian\n004860\0178_01.jpg,n004860,n004860,asian,asian,females,females,,,1,0.33888626,9.427513,0.66111374
data\processed\bfw\asian\n002509\0040_01.jpg,data\processed\bfw\asian\n002509\0046_01.jpg,n002509,n002509,asian,asian,females,females,,,1,0.5887511,8.676993,0.41124892
data\processed\bfw\asian\n004870\0098_01.jpg,data\processed\bfw\asian\n000160\0150_01.jpg,n004870,n000160,asian,asian,females,females,,,0,0.1343161,11.629611,0.8656839
data\processed\bfw\asian\n003506\0319_01.jpg,data\processed\bfw\asian\n009041\0018_01.jpg,n003506,n009041,asian,asian,females,females,,,0,0.2983665,10.3551,0.7016335
data\processed\bfw\asian\n006633\0298_01.jpg,data\processed\bfw\asian\n009277\0360_01.jpg,n006633,n009277,asian,asian,females,females,,,0,0.10722359,10.919226,0.8927764
data\processed\bfw\asian\n000143\0693_01.jpg,data\processed\bfw\asian\n005078\0202_01.jpg,n000143,n005078,asian,asian,females,males,,,0,-0.036950253,12.728291,1.0369502
data\processed\bfw\asian\n002775\0166_02.jpg,data\processed\bfw\asian\n002775\0305_01.jpg,n002775,n002775,asian,asian,males,males,,,1,0.2651128,8.179894,0.73488724
data\processed\bfw\asian\n000839\0081_01.jpg,data\processed\bfw\asian\n000839\0295_01.jpg,n000839,n000839,asian,asian,females,females,,,1,0.43480408,10.9986,0.5651959
data\processed\bfw\asian\n000148\0016_01.jpg,data\processed\bfw\asian\n003467\0217_01.jpg,n000148,n003467,asian,asian,females,females,,,0,0.09121784,11.600269,0.9087822
data\processed\bfw\asian\n003824\0122_01.jpg,data\processed\bfw\asian\n003155\0261_01.jpg,n003824,n003155,asian,asian,females,males,,,0,0.0422547,11.758008,0.9577453
data\processed\bfw\asian\n004791\0253_01.jpg,data\processed\bfw\asian\n002725\0086_01.jpg,n004791,n002725,asian,asian,males,females,,,0,0.20808932,12.023987,0.79191065
data\processed\bfw\asian\n006159\0011_01.jpg,data\processed\bfw\asian\n002552\0223_01.jpg,n006159,n002552,asian,asian,females,males,,,0,0.1485575,13.793621,0.8514425
data\processed\bfw\asian\n000158\0667_01.jpg,data\processed\bfw\asian\n004466\0038_03.jpg,n000158,n004466,asian,asian,males,males,,,0,0.028601168,12.673458,0.97139883
data\processed\bfw\asian\n006418\0071_04.jpg,data\processed\bfw\asian\n009041\0080_02.jpg,n006418,n009041,asian,asian,females,females,,,0,0.10053787,11.333383,0.8994621
data\processed\bfw\asian\n004687\0087_01.jpg,data\processed\bfw\asian\n004687\0216_01.jpg,n004687,n004687,asian,asian,females,females,,,1,0.5491893,8.990198,0.45081067
data\processed\bfw\asian\n006358\0085_04.jpg,data\processed\bfw\asian\n000160\0150_01.jpg,n006358,n000160,asian,asian,females,females,,,0,0.19604759,10.995043,0.8039524
data\processed\bfw\asian\n007378\0036_01.jpg,data\processed\bfw\asian\n003482\0284_06.jpg,n007378,n003482,asian,asian,females,males,,,0,-0.11786419,12.852697,1.1178641
data\processed\bfw\asian\n006149\0005_01.jpg,data\processed\bfw\asian\n006149\0060_01.jpg,n006149,n006149,asian,asian,females,females,,,1,0.7636881,6.585948,0.23631191
data\processed\bfw\asian\n005446\0185_01.jpg,data\processed\bfw\asian\n005446\0265_01.jpg,n005446,n005446,asian,asian,females,females,,,1,0.51476604,7.224392,0.48523396
data\processed\bfw\asian\n007372\0112_05.jpg,data\processed\bfw\asian\n004221\0196_05.jpg,n007372,n004221,asian,asian,females,males,,,0,0.07219054,11.987559,0.9278095
data\processed\bfw\asian\n003027\0117_02.jpg,data\processed\bfw\asian\n003027\0166_01.jpg,n003027,n003027,asian,asian,males,males,,,1,0.6245096,9.151154,0.37549043
data\processed\bfw\asian\n007380\0334_01.jpg,data\processed\bfw\asian\n005474\0210_02.jpg,n007380,n005474,asian,asian,females,females,,,0,-0.038128227,13.074539,1.0381283
data\processed\bfw\asian\n008163\0010_01.jpg,data\processed\bfw\asian\n008163\0276_01.jpg,n008163,n008163,asian,asian,females,females,,,1,0.50826657,8.419364,0.49173343
data\processed\bfw\asian\n004860\0107_01.jpg,data\processed\bfw\asian\n001496\0622_01.jpg,n004860,n001496,asian,asian,females,males,,,0,0.05896695,11.062898,0.94103307
data\processed\bfw\asian\n006774\0029_04.jpg,data\processed\bfw\asian\n006774\0080_01.jpg,n006774,n006774,asian,asian,females,females,,,1,0.39763057,10.596048,0.6023694
data\processed\bfw\asian\n004467\0004_01.jpg,data\processed\bfw\asian\n004467\0221_02.jpg,n004467,n004467,asian,asian,males,males,,,1,0.5472279,8.776903,0.45277208
data\processed\bfw\asian\n004877\0145_01.jpg,data\processed\bfw\asian\n004805\0289_01.jpg,n004877,n004805,asian,asian,females,males,,,0,0.14328228,10.578136,0.8567177
data\processed\bfw\asian\n006223\0519_01.jpg,data\processed\bfw\asian\n001572\0091_01.jpg,n006223,n001572,asian,asian,females,females,,,0,0.2920883,9.986586,0.70791173
data\processed\bfw\asian\n004466\0238_01.jpg,data\processed\bfw\asian\n004466\0321_01.jpg,n004466,n004466,asian,asian,males,males,,,1,0.36495218,8.500566,0.6350478
data\processed\bfw\asian\n009278\0172_01.jpg,data\processed\bfw\asian\n004870\0610_03.jpg,n009278,n004870,asian,asian,females,females,,,0,0.27090558,10.976153,0.7290944
data\processed\bfw\asian\n000854\0166_03.jpg,data\processed\bfw\asian\n000854\0354_01.jpg,n000854,n000854,asian,asian,females,females,,,1,0.18219459,10.963647,0.8178054
data\processed\bfw\asian\n004472\0699_01.jpg,data\processed\bfw\asian\n003449\0072_01.jpg,n004472,n003449,asian,asian,females,females,,,0,0.29570118,10.571663,0.70429885
data\processed\bfw\asian\n007378\0289_01.jpg,data\processed\bfw\asian\n006223\0122_01.jpg,n007378,n006223,asian,asian,females,females,,,0,0.0814524,9.862452,0.91854763
data\processed\bfw\asian\n003288\0234_01.jpg,data\processed\bfw\asian\n003288\0562_01.jpg,n003288,n003288,asian,asian,females,females,,,1,0.38531736,8.284192,0.6146827
data\processed\bfw\asian\n005071\0589_02.jpg,data\processed\bfw\asian\n005177\0155_01.jpg,n005071,n005177,asian,asian,males,males,,,0,0.0413685,11.826071,0.9586315
data\processed\bfw\asian\n006736\0121_03.jpg,data\processed\bfw\asian\n000158\0224_01.jpg,n006736,n000158,asian,asian,females,males,,,0,-0.13745876,13.625937,1.1374588
data\processed\bfw\asian\n004680\0158_01.jpg,data\processed\bfw\asian\n006125\0185_01.jpg,n004680,n006125,asian,asian,females,females,,,0,0.39106277,8.498621,0.60893726
data\processed\bfw\asian\n004785\0139_01.jpg,data\processed\bfw\asian\n004785\0603_01.jpg,n004785,n004785,asian,asian,females,females,,,1,0.22899081,10.833992,0.7710092
data\processed\bfw\asian\n001864\0038_01.jpg,data\processed\bfw\asian\n009288\0172_01.jpg,n001864,n009288,asian,asian,males,females,,,0,0.10554422,12.480427,0.8944558
data\processed\bfw\asian\n004681\0366_01.jpg,data\processed\bfw\asian\n002552\0532_01.jpg,n004681,n002552,asian,asian,males,males,,,0,0.12867497,9.272131,0.871325
data\processed\bfw\asian\n009148\0054_01.jpg,data\processed\bfw\asian\n009148\0063_01.jpg,n009148,n009148,asian,asian,females,females,,,1,0.5017994,9.110446,0.4982006
data\processed\bfw\asian\n003506\0347_01.jpg,data\processed\bfw\asian\n003506\0627_01.jpg,n003506,n003506,asian,asian,females,females,,,1,0.4915074,9.693535,0.5084926
data\processed\bfw\asian\n002775\0812_02.jpg,data\processed\bfw\asian\n009137\0492_01.jpg,n002775,n009137,asian,asian,males,females,,,0,0.12149782,12.690865,0.8785022
data\processed\bfw\asian\n000009\0040_01.jpg,data\processed\bfw\asian\n000009\0356_06.jpg,n000009,n000009,asian,asian,females,females,,,1,0.4414874,9.714757,0.55851257
data\processed\bfw\asian\n000158\0260_01.jpg,data\processed\bfw\asian\n000158\0658_01.jpg,n000158,n000158,asian,asian,males,males,,,1,0.27460662,10.354734,0.7253934
data\processed\bfw\asian\n008383\0126_02.jpg,data\processed\bfw\asian\n003824\0130_02.jpg,n008383,n003824,asian,asian,females,females,,,0,0.10844912,13.071505,0.8915509
data\processed\bfw\asian\n006633\0195_02.jpg,data\processed\bfw\asian\n003354\0029_01.jpg,n006633,n003354,asian,asian,females,females,,,0,0.26710048,10.2686205,0.73289955
data\processed\bfw\asian\n003533\0019_01.jpg,data\processed\bfw\asian\n003533\0045_01.jpg,n003533,n003533,asian,asian,males,males,,,1,0.610626,8.338597,0.38937402
data\processed\bfw\asian\n000143\0081_01.jpg,data\processed\bfw\asian\n000143\0122_01.jpg,n000143,n000143,asian,asian,females,females,,,1,0.22093298,9.4444895,0.77906704
data\processed\bfw\asian\n003162\0118_01.jpg,data\processed\bfw\asian\n009278\0068_01.jpg,n003162,n009278,asian,asian,males,females,,,0,0.0583082,11.9812565,0.9416918
data\processed\bfw\asian\n004472\0045_02.jpg,data\processed\bfw\asian\n004472\0141_01.jpg,n004472,n004472,asian,asian,females,females,,,1,0.38666743,9.068793,0.61333257
data\processed\bfw\asian\n005116\0191_01.jpg,data\processed\bfw\asian\n002509\0040_01.jpg,n005116,n002509,asian,asian,males,females,,,0,0.02193101,11.0223675,0.978069
data\processed\bfw\asian\n003482\0022_01.jpg,data\processed\bfw\asian\n003482\0155_05.jpg,n003482,n003482,asian,asian,males,males,,,1,0.29692727,10.803093,0.7030727
data\processed\bfw\asian\n003027\0384_01.jpg,data\processed\bfw\asian\n000132\0707_01__face_0.jpg,n003027,n000132,asian,asian,males,males,,,0,0.10591315,11.491469,0.89408684
data\processed\bfw\asian\n002644\0116_01.jpg,data\processed\bfw\asian\n002644\0557_01.jpg,n002644,n002644,asian,asian,males,males,,,1,0.30815914,9.23057,0.6918409
data\processed\bfw\asian\n000132\0225_03__face_0.jpg,data\processed\bfw\asian\n003288\0300_01.jpg,n000132,n003288,asian,asian,males,females,,,0,0.19478594,11.515038,0.80521405
data\processed\bfw\asian\n003506\0136_02.jpg,data\processed\bfw\asian\n000840\0012_01.jpg,n003506,n000840,asian,asian,females,females,,,0,0.18948258,11.125259,0.81051743
data\processed\bfw\asian\n007270\0066_01.jpg,data\processed\bfw\asian\n007270\0375_01.jpg,n007270,n007270,asian,asian,females,females,,,1,0.3525292,9.524387,0.64747083
data\processed\bfw\asian\n004935\0688_01.jpg,data\processed\bfw\asian\n004860\0097_01.jpg,n004935,n004860,asian,asian,males,females,,,0,0.047956415,12.320413,0.9520436
data\processed\bfw\asian\n003155\1054_06.jpg,data\processed\bfw\asian\n004809\0051_03.jpg,n003155,n004809,asian,asian,males,males,,,0,0.07278486,11.677884,0.92721516
data\processed\bfw\asian\n000856\0008_01.jpg,data\processed\bfw\asian\n000856\0075_01.jpg,n000856,n000856,asian,asian,females,females,,,1,0.43552288,6.690034,0.5644771
data\processed\bfw\asian\n003288\0120_01.jpg,data\processed\bfw\asian\n003288\0562_01.jpg,n003288,n003288,asian,asian,females,females,,,1,0.31379035,8.858371,0.6862097
data\processed\bfw\asian\n000854\0275_01.jpg,data\processed\bfw\asian\n000854\0338_01.jpg,n000854,n000854,asian,asian,females,females,,,1,0.2397152,10.8875475,0.7602848
data\processed\bfw\asian\n005071\0589_02.jpg,data\processed\bfw\asian\n004472\0093_01.jpg,n005071,n004472,asian,asian,males,females,,,0,0.1016384,12.176376,0.8983616
data\processed\bfw\asian\n003533\0052_01.jpg,data\processed\bfw\asian\n009175\0007_01.jpg,n003533,n009175,asian,asian,males,females,,,0,0.1784002,13.011943,0.8215998
data\processed\bfw\asian\n003223\0258_03.jpg,data\processed\bfw\asian\n003223\0291_01.jpg,n003223,n003223,asian,asian,males,males,,,1,0.438052,9.40902,0.561948
data\processed\bfw\asian\n006222\0103_01.jpg,data\processed\bfw\asian\n004864\0229_01.jpg,n006222,n004864,asian,asian,females,females,,,0,0.20177826,10.750949,0.7982217
data\processed\bfw\asian\n006149\0096_01.jpg,data\processed\bfw\asian\n000139\0311_01.jpg,n006149,n000139,asian,asian,females,females,,,0,0.15837933,10.174089,0.8416207
data\processed\bfw\asian\n004800\0315_01.jpg,data\processed\bfw\asian\n004800\0419_04.jpg,n004800,n004800,asian,asian,males,males,,,1,0.2919541,10.740241,0.7080459
data\processed\bfw\asian\n004794\0015_05.jpg,data\processed\bfw\asian\n004794\0079_01.jpg,n004794,n004794,asian,asian,males,males,,,1,0.4638115,9.051674,0.5361885
data\processed\bfw\asian\n003506\0041_01.jpg,data\processed\bfw\asian\n004948\0034_01.jpg,n003506,n004948,asian,asian,females,males,,,0,0.17566606,10.625224,0.8243339
data\processed\bfw\asian\n004948\0440_01.jpg,data\processed\bfw\asian\n009177\0232_01.jpg,n004948,n009177,asian,asian,males,females,,,0,-0.065246224,10.623736,1.0652462
data\processed\bfw\asian\n001864\0171_01.jpg,data\processed\bfw\asian\n001864\0281_01.jpg,n001864,n001864,asian,asian,males,males,,,1,0.19437091,10.171696,0.8056291
data\processed\bfw\asian\n000139\0065_01.jpg,data\processed\bfw\asian\n009275\0455_01.jpg,n000139,n009275,asian,asian,females,females,,,0,0.16900906,11.403607,0.8309909
data\processed\bfw\asian\n007814\0048_01.jpg,data\processed\bfw\asian\n007814\0227_01.jpg,n007814,n007814,asian,asian,females,females,,,1,0.32536566,9.885551,0.67463434
data\processed\bfw\asian\n000873\0257_02.jpg,data\processed\bfw\asian\n004681\0016_01.jpg,n000873,n004681,asian,asian,males,males,,,0,0.053494394,12.292774,0.9465056
data\processed\bfw\asian\n000009\0010_01.jpg,data\processed\bfw\asian\n003167\0001_02.jpg,n000009,n003167,asian,asian,females,males,,,0,0.013569688,12.933702,0.9864303
data\processed\bfw\asian\n002406\0165_03.jpg,data\processed\bfw\asian\n002406\0176_01.jpg,n002406,n002406,asian,asian,males,males,,,1,0.19201516,11.143997,0.8079848
data\processed\bfw\asian\n000132\0693_01__face_0.jpg,data\processed\bfw\asian\n000132\0707_01__face_0.jpg,n000132,n000132,asian,asian,males,males,,,1,0.5061377,9.774296,0.49386227
data\processed\bfw\asian\n003467\0188_03.jpg,data\processed\bfw\asian\n005083\0198_01.jpg,n003467,n005083,asian,asian,females,females,,,0,0.1989294,11.807883,0.8010706
data\processed\bfw\asian\n009294\0222_01.jpg,data\processed\bfw\asian\n005378\0092_01.jpg,n009294,n005378,asian,asian,females,females,,,0,0.14488865,12.601088,0.85511136
data\processed\bfw\asian\n001682\0127_01.jpg,data\processed\bfw\asian\n006149\0260_01.jpg,n001682,n006149,asian,asian,males,females,,,0,-0.11386603,10.321429,1.1138661
data\processed\bfw\asian\n003162\0191_01.jpg,data\processed\bfw\asian\n003162\0350_02.jpg,n003162,n003162,asian,asian,males,males,,,1,0.4070613,9.876412,0.59293866
data\processed\bfw\asian\n001562\0081_01.jpg,data\processed\bfw\asian\n001562\0207_01.jpg,n001562,n001562,asian,asian,males,males,,,1,0.21870093,10.423142,0.78129905
data\processed\bfw\asian\n002725\0295_01.jpg,data\processed\bfw\asian\n002725\0452_04.jpg,n002725,n002725,asian,asian,females,females,,,1,0.55283976,10.327147,0.44716024
data\processed\bfw\asian\n004681\0101_01.jpg,data\processed\bfw\asian\n003635\0648_02.jpg,n004681,n003635,asian,asian,males,males,,,0,0.06677175,11.998875,0.93322825
data\processed\bfw\asian\n006633\0124_06.jpg,data\processed\bfw\asian\n000837\0144_01.jpg,n006633,n000837,asian,asian,females,females,,,0,0.22866982,11.241751,0.7713302
data\processed\bfw\asian\n003156\0487_01.jpg,data\processed\bfw\asian\n003156\0684_01.jpg,n003156,n003156,asian,asian,males,males,,,1,0.048722178,8.905083,0.95127785
data\processed\bfw\asian\n003354\0036_01.jpg,data\processed\bfw\asian\n003354\0136_01.jpg,n003354,n003354,asian,asian,females,females,,,1,0.5369868,7.7610283,0.46301317
data\processed\bfw\asian\n003463\0179_02.jpg,data\processed\bfw\asian\n003491\0019_01.jpg,n003463,n003491,asian,asian,males,males,,,0,0.021351246,13.950887,0.9786488
data\processed\bfw\asian\n000856\0098_01.jpg,data\processed\bfw\asian\n006148\0040_01.jpg,n000856,n006148,asian,asian,females,females,,,0,-0.04923624,10.933071,1.0492363
data\processed\bfw\asian\n004791\0190_01.jpg,data\processed\bfw\asian\n004791\0197_01.jpg,n004791,n004791,asian,asian,males,males,,,1,0.49092343,7.911878,0.5090766
data\processed\bfw\asian\n006159\0083_01.jpg,data\processed\bfw\asian\n006159\0379_01.jpg,n006159,n006159,asian,asian,females,females,,,1,0.51305723,8.400282,0.48694277
data\processed\bfw\asian\n009175\0020_01.jpg,data\processed\bfw\asian\n009175\0090_01.jpg,n009175,n009175,asian,asian,females,females,,,1,0.5047883,9.631911,0.49521172
data\processed\bfw\asian\n001864\0105_01.jpg,data\processed\bfw\asian\n000873\0176_01.jpg,n001864,n000873,asian,asian,males,males,,,0,0.075172,11.287417,0.924828
data\processed\bfw\asian\n004680\0158_01.jpg,data\processed\bfw\asian\n003288\0051_01.jpg,n004680,n003288,asian,asian,females,females,,,0,0.15855962,10.003598,0.8414404
data\processed\bfw\asian\n004864\0004_01.jpg,data\processed\bfw\asian\n004864\0059_01.jpg,n004864,n004864,asian,asian,females,females,,,1,0.6335092,7.821083,0.36649078
data\processed\bfw\asian\n000143\0045_05.jpg,data\processed\bfw\asian\n008163\0034_04.jpg,n000143,n008163,asian,asian,females,females,,,0,0.086199634,12.836797,0.91380036
data\processed\bfw\asian\n003489\0051_03.jpg,data\processed\bfw\asian\n004791\0440_01.jpg,n003489,n004791,asian,asian,males,males,,,0,0.29485458,12.003731,0.7051454
data\processed\bfw\asian\n005083\0133_01.jpg,data\processed\bfw\asian\n005083\0252_01.jpg,n005083,n005083,asian,asian,females,females,,,1,0.44776344,9.542956,0.55223656
data\processed\bfw\asian\n006148\0014_03.jpg,data\processed\bfw\asian\n006148\0344_01.jpg,n006148,n006148,asian,asian,females,females,,,1,0.31333694,10.448126,0.68666303
data\processed\bfw\asian\n003465\0333_02.jpg,data\processed\bfw\asian\n005216\0059_01.jpg,n003465,n005216,asian,asian,males,females,,,0,-0.115967065,12.051494,1.115967
data\processed\bfw\asian\n004935\0030_01.jpg,data\processed\bfw\asian\n000138\0153_02.jpg,n004935,n000138,asian,asian,males,females,,,0,-0.027085364,12.200306,1.0270853
data\processed\bfw\asian\n000873\0138_01.jpg,data\processed\bfw\asian\n004800\0366_01.jpg,n000873,n004800,asian,asian,males,males,,,0,0.1545742,11.861544,0.8454258
data\processed\bfw\asian\n005116\0228_03.jpg,data\processed\bfw\asian\n004221\0190_03.jpg,n005116,n004221,asian,asian,males,males,,,0,0.073348224,13.716478,0.9266518
data\processed\bfw\asian\n009137\0182_02.jpg,data\processed\bfw\asian\n009137\0264_01.jpg,n009137,n009137,asian,asian,females,females,,,1,0.42146,9.022635,0.57853997
data\processed\bfw\asian\n004800\0139_02.jpg,data\processed\bfw\asian\n004800\0184_01.jpg,n004800,n004800,asian,asian,males,males,,,1,0.28697225,9.211888,0.7130277
data\processed\bfw\asian\n000139\0311_01.jpg,data\processed\bfw\asian\n009042\0048_01.jpg,n000139,n009042,asian,asian,females,females,,,0,0.20915589,10.584085,0.7908441
data\processed\bfw\asian\n004864\0059_01.jpg,data\processed\bfw\asian\n006149\0139_02.jpg,n004864,n006149,asian,asian,females,females,,,0,0.2977069,10.017957,0.7022931
data\processed\bfw\asian\n000873\0085_02.jpg,data\processed\bfw\asian\n000873\0105_01.jpg,n000873,n000873,asian,asian,males,males,,,1,0.61322147,7.8002295,0.38677853
data\processed\bfw\asian\n000160\0105_01.jpg,data\processed\bfw\asian\n000160\0430_01.jpg,n000160,n000160,asian,asian,females,females,,,1,0.5475158,8.460027,0.4524842
data\processed\bfw\asian\n009294\0111_02.jpg,data\processed\bfw\asian\n009294\0279_02.jpg,n009294,n009294,asian,asian,females,females,,,1,0.54210776,8.921499,0.45789224
data\processed\bfw\asian\n005474\0003_01.jpg,data\processed\bfw\asian\n002406\0126_01.jpg,n005474,n002406,asian,asian,females,males,,,0,0.049640838,12.268903,0.95035917
data\processed\bfw\asian\n008148\0008_02.jpg,data\processed\bfw\asian\n008148\0195_01.jpg,n008148,n008148,asian,asian,females,females,,,1,0.46883366,9.1773615,0.5311663
data\processed\bfw\asian\n007270\0605_01.jpg,data\processed\bfw\asian\n003463\0097_02.jpg,n007270,n003463,asian,asian,females,males,,,0,0.21633649,9.70583,0.7836635
data\processed\bfw\asian\n001562\0081_01.jpg,data\processed\bfw\asian\n001562\0341_01.jpg,n001562,n001562,asian,asian,males,males,,,1,0.43175274,9.411005,0.56824726
data\processed\bfw\asian\n002775\0088_02.jpg,data\processed\bfw\asian\n002775\0812_02.jpg,n002775,n002775,asian,asian,males,males,,,1,0.6637496,8.682538,0.33625042
data\processed\bfw\asian\n007270\0155_01.jpg,data\processed\bfw\asian\n001976\0458_02.jpg,n007270,n001976,asian,asian,females,males,,,0,0.022769168,10.660066,0.97723085
data\processed\bfw\asian\n004860\0052_01.jpg,data\processed\bfw\asian\n003489\0020_01.jpg,n004860,n003489,asian,asian,females,males,,,0,0.119157664,13.066958,0.8808423
data\processed\bfw\asian\n000839\0197_01.jpg,data\processed\bfw\asian\n009276\0332_01.jpg,n000839,n009276,asian,asian,females,females,,,0,0.36994106,10.403916,0.63005894
data\processed\bfw\asian\n000143\0019_01.jpg,data\processed\bfw\asian\n005378\0176_01.jpg,n000143,n005378,asian,asian,females,females,,,0,0.20655547,10.567157,0.7934445
data\processed\bfw\asian\n004109\0070_01.jpg,data\processed\bfw\asian\n004687\0497_01.jpg,n004109,n004687,asian,asian,males,females,,,0,-0.012976442,13.089655,1.0129764
data\processed\bfw\asian\n004467\0228_01.jpg,data\processed\bfw\asian\n004725\0147_01.jpg,n004467,n004725,asian,asian,males,males,,,0,0.058736168,12.746667,0.94126385
data\processed\bfw\asian\n003482\0044_02.jpg,data\processed\bfw\asian\n003482\0102_02.jpg,n003482,n003482,asian,asian,males,males,,,1,0.12791522,12.452915,0.8720848
data\processed\bfw\asian\n006203\0109_03.jpg,data\processed\bfw\asian\n003482\0408_02.jpg,n006203,n003482,asian,asian,females,males,,,0,0.05151739,9.761599,0.94848263
data\processed\bfw\asian\n000137\0059_01.jpg,data\processed\bfw\asian\n007816\0279_01.jpg,n000137,n007816,asian,asian,females,females,,,0,0.17659792,11.089944,0.82340205
data\processed\bfw\asian\n003557\0574_01.jpg,data\processed\bfw\asian\n003533\0616_01.jpg,n003557,n003533,asian,asian,females,males,,,0,0.054229848,12.247369,0.94577014
data\processed\bfw\asian\n004794\0015_01.jpg,data\processed\bfw\asian\n000148\0390_01.jpg,n004794,n000148,asian,asian,males,females,,,0,0.2190249,8.161075,0.7809751
data\processed\bfw\asian\n009177\0248_02.jpg,data\processed\bfw\asian\n004721\0125_01.jpg,n009177,n004721,asian,asian,females,males,,,0,-0.02077433,16.009909,1.0207744
data\processed\bfw\asian\n001682\0143_02.jpg,data\processed\bfw\asian\n001682\0172_02.jpg,n001682,n001682,asian,asian,males,males,,,1,0.2549596,10.514028,0.7450404
data\processed\bfw\asian\n004870\0007_01.jpg,data\processed\bfw\asian\n004870\0094_04.jpg,n004870,n004870,asian,asian,females,females,,,1,0.4585604,9.09365,0.5414396
data\processed\bfw\asian\n003027\0098_01.jpg,data\processed\bfw\asian\n007378\0019_01.jpg,n003027,n007378,asian,asian,males,females,,,0,0.20996685,12.299505,0.79003316
data\processed\bfw\asian\n004860\0018_02.jpg,data\processed\bfw\asian\n006222\0312_01.jpg,n004860,n006222,asian,asian,females,females,,,0,0.014415196,11.51,0.9855848
data\processed\bfw\asian\n004680\0180_01.jpg,data\processed\bfw\asian\n001572\0326_01.jpg,n004680,n001572,asian,asian,females,females,,,0,0.43134794,10.071039,0.56865203
data\processed\bfw\asian\n007270\0197_01.jpg,data\processed\bfw\asian\n007270\0434_01.jpg,n007270,n007270,asian,asian,females,females,,,1,0.35902342,9.501812,0.64097655
data\processed\bfw\asian\n006418\0377_02.jpg,data\processed\bfw\asian\n003533\0050_01.jpg,n006418,n003533,asian,asian,females,males,,,0,0.0221239,12.133441,0.9778761
data\processed\bfw\asian\n005063\0421_03.jpg,data\processed\bfw\asian\n005063\0577_01.jpg,n005063,n005063,asian,asian,females,females,,,1,0.5574499,8.733923,0.44255012
data\processed\bfw\asian\n008401\0397_01.jpg,data\processed\bfw\asian\n008401\0560_01.jpg,n008401,n008401,asian,asian,females,females,,,1,0.40741977,9.973777,0.5925802
data\processed\bfw\asian\n002644\0123_02.jpg,data\processed\bfw\asian\n002644\0208_01.jpg,n002644,n002644,asian,asian,males,males,,,1,0.38771003,8.290175,0.61228997
data\processed\bfw\asian\n007089\0162_01.jpg,data\processed\bfw\asian\n007089\0432_04.jpg,n007089,n007089,asian,asian,females,females,,,1,0.42694,9.946585,0.57306004
data\processed\bfw\asian\n009279\0265_01.jpg,data\processed\bfw\asian\n003155\0135_01.jpg,n009279,n003155,asian,asian,females,males,,,0,0.2321195,9.592444,0.7678805
data\processed\bfw\asian\n003465\0116_01.jpg,data\processed\bfw\asian\n003465\0580_03.jpg,n003465,n003465,asian,asian,males,males,,,1,0.49328482,9.697479,0.5067152
data\processed\bfw\asian\n001562\0009_02.jpg,data\processed\bfw\asian\n001562\0137_01.jpg,n001562,n001562,asian,asian,males,males,,,1,0.56463575,7.7484665,0.43536425
data\processed\bfw\asian\n003155\0362_03.jpg,data\processed\bfw\asian\n003155\0994_03.jpg,n003155,n003155,asian,asian,males,males,,,1,0.23738183,10.172883,0.7626182
data\processed\bfw\asian\n007378\0146_03.jpg,data\processed\bfw\asian\n007378\0289_01.jpg,n007378,n007378,asian,asian,females,females,,,1,0.30976143,8.85805,0.6902386
data\processed\bfw\asian\n003162\0191_01.jpg,data\processed\bfw\asian\n003162\0278_01.jpg,n003162,n003162,asian,asian,males,males,,,1,0.48006222,8.900888,0.51993775
data\processed\bfw\asian\n002320\0013_03.jpg,data\processed\bfw\asian\n002320\0137_02.jpg,n002320,n002320,asian,asian,males,males,,,1,0.313728,8.530334,0.686272
data\processed\bfw\asian\n004681\0133_01.jpg,data\processed\bfw\asian\n004681\0366_01.jpg,n004681,n004681,asian,asian,males,males,,,1,0.06385753,11.468403,0.93614244
data\processed\bfw\asian\n008934\0353_01.jpg,data\processed\bfw\asian\n006633\0489_03.jpg,n008934,n006633,asian,asian,females,females,,,0,0.2505352,9.913636,0.7494648
data\processed\bfw\asian\n003156\0666_01.jpg,data\processed\bfw\asian\n009137\0182_02.jpg,n003156,n009137,asian,asian,males,females,,,0,-0.0035309289,11.976369,1.003531
data\processed\bfw\asian\n003463\0097_02.jpg,data\processed\bfw\asian\n007738\0219_02.jpg,n003463,n007738,asian,asian,males,females,,,0,0.24145867,9.970983,0.75854135
data\processed\bfw\asian\n001682\0142_01.jpg,data\processed\bfw\asian\n005216\0133_01.jpg,n001682,n005216,asian,asian,males,females,,,0,0.05694336,10.362469,0.94305664
data\processed\bfw\asian\n008401\0097_02.jpg,data\processed\bfw\asian\n008401\0297_01.jpg,n008401,n008401,asian,asian,females,females,,,1,0.5381764,10.177608,0.46182358
data\processed\bfw\asian\n005474\0183_02.jpg,data\processed\bfw\asian\n005474\0298_05.jpg,n005474,n005474,asian,asian,females,females,,,1,0.09925202,11.642157,0.90074795
data\processed\bfw\asian\n007385\0056_07.jpg,data\processed\bfw\asian\n008934\0630_01.jpg,n007385,n008934,asian,asian,females,females,,,0,0.07812093,11.841699,0.92187905
data\processed\bfw\asian\n009042\0059_01.jpg,data\processed\bfw\asian\n009042\0122_03.jpg,n009042,n009042,asian,asian,females,females,,,1,0.26409835,11.939454,0.73590165
data\processed\bfw\asian\n004809\0356_01.jpg,data\processed\bfw\asian\n005085\0666_02.jpg,n004809,n005085,asian,asian,males,females,,,0,0.08232808,13.246107,0.9176719
data\processed\bfw\asian\n004469\0083_02.jpg,data\processed\bfw\asian\n004469\0851_02.jpg,n004469,n004469,asian,asian,males,males,,,1,0.6135388,8.56307,0.3864612
data\processed\bfw\asian\n004809\0220_03.jpg,data\processed\bfw\asian\n009175\0090_01.jpg,n004809,n009175,asian,asian,males,females,,,0,0.1311482,12.0169525,0.8688518
data\processed\bfw\asian\n005077\0063_01.jpg,data\processed\bfw\asian\n005077\0073_01.jpg,n005077,n005077,asian,asian,females,females,,,1,0.60966676,8.312051,0.39033324
data\processed\bfw\asian\n006619\0368_01.jpg,data\processed\bfw\asian\n006619\0417_01.jpg,n006619,n006619,asian,asian,females,females,,,1,0.3710258,9.431174,0.6289742
data\processed\bfw\asian\n003467\0055_01.jpg,data\processed\bfw\asian\n003467\0111_02.jpg,n003467,n003467,asian,asian,females,females,,,1,0.29622856,10.932685,0.7037715
data\processed\bfw\asian\n000132\0114_06__face_0.jpg,data\processed\bfw\asian\n004785\0493_01.jpg,n000132,n004785,asian,asian,males,females,,,0,0.035601087,12.178356,0.9643989
data\processed\bfw\asian\n000838\0129_01.jpg,data\processed\bfw\asian\n000838\0166_01.jpg,n000838,n000838,asian,asian,females,females,,,1,0.41011503,9.070656,0.589885
data\processed\bfw\asian\n000160\0127_01.jpg,data\processed\bfw\asian\n000160\0350_01.jpg,n000160,n000160,asian,asian,females,females,,,1,-0.0020704481,10.875036,1.0020704
data\processed\bfw\asian\n007816\0375_01.jpg,data\processed\bfw\asian\n007385\0193_01.jpg,n007816,n007385,asian,asian,females,females,,,0,0.3185915,9.864094,0.6814085
data\processed\bfw\asian\n005077\0079_01.jpg,data\processed\bfw\asian\n008934\0039_01.jpg,n005077,n008934,asian,asian,females,females,,,0,0.27580187,10.089056,0.7241981
data\processed\bfw\asian\n000436\0161_02.jpg,data\processed\bfw\asian\n003824\0160_01.jpg,n000436,n003824,asian,asian,males,females,,,0,0.002876589,13.828842,0.9971234
data\processed\bfw\asian\n000854\0262_01.jpg,data\processed\bfw\asian\n004469\0168_01.jpg,n000854,n004469,asian,asian,females,males,,,0,0.089904256,11.47399,0.91009575
data\processed\bfw\asian\n006358\0076_01.jpg,data\processed\bfw\asian\n000436\0035_01.jpg,n006358,n000436,asian,asian,females,males,,,0,-0.05367954,14.926472,1.0536796
data\processed\bfw\asian\n006222\0177_02.jpg,data\processed\bfw\asian\n000009\0063_01.jpg,n006222,n000009,asian,asian,females,females,,,0,0.1675595,11.515641,0.8324405
data\processed\bfw\asian\n000854\0282_01.jpg,data\processed\bfw\asian\n000854\0461_01.jpg,n000854,n000854,asian,asian,females,females,,,1,0.15216206,9.775759,0.8478379
data\processed\bfw\asian\n003489\0051_03.jpg,data\processed\bfw\asian\n003506\0367_01.jpg,n003489,n003506,asian,asian,males,females,,,0,0.033699475,13.301613,0.96630055
data\processed\bfw\asian\n008978\0030_01.jpg,data\processed\bfw\asian\n008978\0101_01.jpg,n008978,n008978,asian,asian,females,females,,,1,0.53751934,9.692892,0.46248066
data\processed\bfw\asian\n004472\0146_01.jpg,data\processed\bfw\asian\n004936\0304_02.jpg,n004472,n004936,asian,asian,females,females,,,0,0.19457227,10.207074,0.80542773
data\processed\bfw\asian\n000436\0662_02.jpg,data\processed\bfw\asian\n000436\0675_01.jpg,n000436,n000436,asian,asian,males,males,,,1,0.53948504,9.308562,0.46051496
data\processed\bfw\asian\n000132\0238_02__face_0.jpg,data\processed\bfw\asian\n004935\0351_01.jpg,n000132,n004935,asian,asian,males,males,,,0,0.09997811,11.678031,0.9000219
data\processed\bfw\asian\n000856\0053_01.jpg,data\processed\bfw\asian\n000856\0075_01.jpg,n000856,n000856,asian,asian,females,females,,,1,0.40675738,8.070271,0.59324265
data\processed\bfw\asian\n002725\0298_01.jpg,data\processed\bfw\asian\n002725\0329_03.jpg,n002725,n002725,asian,asian,females,females,,,1,0.39226645,11.349152,0.60773355
data\processed\bfw\asian\n007378\0479_01.jpg,data\processed\bfw\asian\n005446\0361_01.jpg,n007378,n005446,asian,asian,females,females,,,0,0.16238101,10.1277485,0.837619
data\processed\bfw\asian\n006223\0172_01.jpg,data\processed\bfw\asian\n008934\0128_01.jpg,n006223,n008934,asian,asian,females,females,,,0,-0.015894491,11.415925,1.0158945
data\processed\bfw\asian\n004466\0102_01.jpg,data\processed\bfw\asian\n003358\0306_01.jpg,n004466,n003358,asian,asian,males,females,,,0,0.12593238,11.045773,0.8740676
data\processed\bfw\asian\n009294\0111_02.jpg,data\processed\bfw\asian\n006358\0055_02.jpg,n009294,n006358,asian,asian,females,females,,,0,0.20982061,12.698388,0.7901794
data\processed\bfw\asian\n003167\0562_01.jpg,data\processed\bfw\asian\n004687\0058_01.jpg,n003167,n004687,asian,asian,males,females,,,0,-0.06882389,11.696528,1.0688239
data\processed\bfw\asian\n003491\0011_01.jpg,data\processed\bfw\asian\n003491\0017_01.jpg,n003491,n003491,asian,asian,males,males,,,1,0.6231719,8.414565,0.37682807
data\processed\bfw\asian\n004809\0026_01.jpg,data\processed\bfw\asian\n004809\0208_01.jpg,n004809,n004809,asian,asian,males,males,,,1,0.22708447,10.952322,0.77291554
data\processed\bfw\asian\n009148\0033_01.jpg,data\processed\bfw\asian\n009148\0039_05.jpg,n009148,n009148,asian,asian,females,females,,,1,0.40635002,10.048282,0.59365
data\processed\bfw\asian\n009137\0057_01.jpg,data\processed\bfw\asian\n009137\0160_01.jpg,n009137,n009137,asian,asian,females,females,,,1,0.4907193,8.59752,0.5092807
data\processed\bfw\asian\n002775\0133_01.jpg,data\processed\bfw\asian\n002775\0818_07.jpg,n002775,n002775,asian,asian,males,males,,,1,0.37667874,10.085983,0.6233213
data\processed\bfw\asian\n000854\0249_01.jpg,data\processed\bfw\asian\n000854\0275_01.jpg,n000854,n000854,asian,asian,females,females,,,1,0.04163975,12.7428465,0.95836025
data\processed\bfw\asian\n002406\0113_01.jpg,data\processed\bfw\asian\n002406\0176_01.jpg,n002406,n002406,asian,asian,males,males,,,1,0.3957188,9.405455,0.6042812
data\processed\bfw\asian\n009276\0036_01.jpg,data\processed\bfw\asian\n009042\0020_01.jpg,n009276,n009042,asian,asian,females,females,,,0,0.19396377,12.443918,0.80603623
data\processed\bfw\asian\n003155\0029_01.jpg,data\processed\bfw\asian\n000148\0390_01.jpg,n003155,n000148,asian,asian,males,females,,,0,0.004205223,10.989465,0.9957948
data\processed\bfw\asian\n007378\0113_01.jpg,data\processed\bfw\asian\n003358\0702_01.jpg,n007378,n003358,asian,asian,females,females,,,0,0.2975464,10.229031,0.7024536
data\processed\bfw\asian\n004948\0016_01.jpg,data\processed\bfw\asian\n004948\0057_01.jpg,n004948,n004948,asian,asian,males,males,,,1,0.1970406,9.018931,0.8029594
data\processed\bfw\asian\n004687\0199_03.jpg,data\processed\bfw\asian\n006344\0557_01.jpg,n004687,n006344,asian,asian,females,females,,,0,0.20498218,10.778651,0.79501784
data\processed\bfw\asian\n006203\0045_01.jpg,data\processed\bfw\asian\n006203\0724_01.jpg,n006203,n006203,asian,asian,females,females,,,1,0.51262873,7.8509183,0.48737127
data\processed\bfw\asian\n006774\0268_01.jpg,data\processed\bfw\asian\n006774\0430_02.jpg,n006774,n006774,asian,asian,females,females,,,1,0.33941782,9.520779,0.6605822
data\processed\bfw\asian\n003449\0164_01.jpg,data\processed\bfw\asian\n003449\0418_01.jpg,n003449,n003449,asian,asian,females,females,,,1,0.32300442,10.252335,0.6769956
data\processed\bfw\asian\n002331\0317_02.jpg,data\processed\bfw\asian\n003481\0202_01.jpg,n002331,n003481,asian,asian,males,females,,,0,0.05401893,12.570628,0.9459811
data\processed\bfw\asian\n003481\0055_01.jpg,data\processed\bfw\asian\n002406\0148_01.jpg,n003481,n002406,asian,asian,females,males,,,0,0.144424,11.670615,0.855576
data\processed\bfw\asian\n000436\0035_01.jpg,data\processed\bfw\asian\n000436\0560_01.jpg,n000436,n000436,asian,asian,males,males,,,1,0.33807185,11.471732,0.6619282
data\processed\bfw\asian\n000872\0227_01.jpg,data\processed\bfw\asian\n007372\0238_01.jpg,n000872,n007372,asian,asian,males,females,,,0,0.16458738,9.593605,0.8354126
data\processed\bfw\asian\n009103\0220_01.jpg,data\processed\bfw\asian\n009103\0657_02.jpg,n009103,n009103,asian,asian,females,females,,,1,0.53372663,8.408473,0.46627337
data\processed\bfw\asian\n009137\0001_01.jpg,data\processed\bfw\asian\n009137\0163_02.jpg,n009137,n009137,asian,asian,females,females,,,1,0.18974452,10.613195,0.81025547
data\processed\bfw\asian\n003153\0251_01.jpg,data\processed\bfw\asian\n003153\0315_02.jpg,n003153,n003153,asian,asian,females,females,,,1,0.3659453,9.218878,0.63405466
data\processed\bfw\asian\n003167\0081_01.jpg,data\processed\bfw\asian\n003167\0183_01.jpg,n003167,n003167,asian,asian,males,males,,,1,0.52382874,9.520839,0.47617126
data\processed\bfw\asian\n003354\0058_01.jpg,data\processed\bfw\asian\n004681\0131_04.jpg,n003354,n004681,asian,asian,females,males,,,0,-0.0016262475,12.215885,1.0016263
data\processed\bfw\asian\n009125\0041_01.jpg,data\processed\bfw\asian\n009125\0186_02.jpg,n009125,n009125,asian,asian,females,females,,,1,0.5280805,9.0934105,0.47191948
data\processed\bfw\asian\n000138\0259_01.jpg,data\processed\bfw\asian\n000138\0493_01.jpg,n000138,n000138,asian,asian,females,females,,,1,0.3313094,8.01812,0.66869056
data\processed\bfw\asian\n004935\0238_01.jpg,data\processed\bfw\asian\n004930\0103_01.jpg,n004935,n004930,asian,asian,males,females,,,0,0.06843439,12.4967375,0.93156564
data\processed\bfw\asian\n001864\0039_02.jpg,data\processed\bfw\asian\n001864\0283_01.jpg,n001864,n001864,asian,asian,males,males,,,1,0.5761374,8.209332,0.42386258
data\processed\bfw\asian\n005071\0114_03.jpg,data\processed\bfw\asian\n005071\0280_01.jpg,n005071,n005071,asian,asian,males,males,,,1,0.021337576,11.749594,0.97866243
data\processed\bfw\asian\n009294\0018_02.jpg,data\processed\bfw\asian\n009294\0222_01.jpg,n009294,n009294,asian,asian,females,females,,,1,0.27161485,11.674833,0.72838515
data\processed\bfw\asian\n005077\0073_01.jpg,data\processed\bfw\asian\n003288\0495_01.jpg,n005077,n003288,asian,asian,females,females,,,0,0.12501492,11.837661,0.8749851
data\processed\bfw\asian\n009276\0317_01.jpg,data\processed\bfw\asian\n009276\0374_01.jpg,n009276,n009276,asian,asian,females,females,,,1,0.06429164,12.291347,0.93570834
data\processed\bfw\asian\n005085\0224_01.jpg,data\processed\bfw\asian\n005085\0679_01.jpg,n005085,n005085,asian,asian,females,females,,,1,0.23106623,9.582657,0.7689338
data\processed\bfw\asian\n008401\0053_01.jpg,data\processed\bfw\asian\n005069\0417_01.jpg,n008401,n005069,asian,asian,females,females,,,0,0.17114297,11.417738,0.82885706
data\processed\bfw\asian\n009175\0043_01.jpg,data\processed\bfw\asian\n009175\0070_01.jpg,n009175,n009175,asian,asian,females,females,,,1,0.58277524,8.81201,0.41722476
data\processed\bfw\asian\n006203\0085_03.jpg,data\processed\bfw\asian\n006203\0148_04.jpg,n006203,n006203,asian,asian,females,females,,,1,0.3588825,8.540862,0.6411175
data\processed\bfw\asian\n005085\0061_01.jpg,data\processed\bfw\asian\n003358\0080_01.jpg,n005085,n003358,asian,asian,females,females,,,0,0.31742865,10.692153,0.68257135
data\processed\bfw\asian\n000854\0060_01.jpg,data\processed\bfw\asian\n006633\0165_01.jpg,n000854,n006633,asian,asian,females,females,,,0,0.08842643,12.43396,0.9115736
data\processed\bfw\asian\n008934\0645_01.jpg,data\processed\bfw\asian\n004805\0357_01.jpg,n008934,n004805,asian,asian,females,males,,,0,0.1306105,10.413248,0.86938953
data\processed\bfw\asian\n000132\0234_01__face_0.jpg,data\processed\bfw\asian\n000132\0332_01__face_0.jpg,n000132,n000132,asian,asian,males,males,,,1,0.25299174,11.615456,0.74700826
data\processed\bfw\asian\n004221\0187_01.jpg,data\processed\bfw\asian\n006774\0156_01.jpg,n004221,n006774,asian,asian,males,females,,,0,-0.0063633746,14.257993,1.0063634
data\processed\bfw\asian\n002552\0375_01.jpg,data\processed\bfw\asian\n002552\0532_01.jpg,n002552,n002552,asian,asian,males,males,,,1,0.08504894,10.847598,0.9149511
data\processed\bfw\asian\n004221\0226_06.jpg,data\processed\bfw\asian\n003027\0230_01.jpg,n004221,n003027,asian,asian,males,males,,,0,0.098505504,10.96537,0.9014945
data\processed\bfw\asian\n003824\0270_01.jpg,data\processed\bfw\asian\n002331\0243_01.jpg,n003824,n002331,asian,asian,females,males,,,0,0.100130476,12.037833,0.8998695
data\processed\bfw\asian\n005071\0055_02.jpg,data\processed\bfw\asian\n005071\0114_03.jpg,n005071,n005071,asian,asian,males,males,,,1,0.5068156,9.827722,0.4931844
data\processed\bfw\asian\n000139\0298_01.jpg,data\processed\bfw\asian\n008383\0090_01.jpg,n000139,n008383,asian,asian,females,females,,,0,0.04228292,10.785449,0.95771706
data\processed\bfw\asian\n005072\0001_03.jpg,data\processed\bfw\asian\n005072\0350_01.jpg,n005072,n005072,asian,asian,males,males,,,1,0.43120354,10.050932,0.56879646
data\processed\bfw\asian\n007816\0329_01.jpg,data\processed\bfw\asian\n007816\0832_01.jpg,n007816,n007816,asian,asian,females,females,,,1,0.28515068,9.5094185,0.71484935
data\processed\bfw\asian\n009275\0162_01.jpg,data\processed\bfw\asian\n009275\0299_01.jpg,n009275,n009275,asian,asian,females,females,,,1,0.6753261,7.2804117,0.3246739
data\processed\bfw\asian\n006634\0032_01.jpg,data\processed\bfw\asian\n006634\0434_01.jpg,n006634,n006634,asian,asian,females,females,,,1,0.33986083,11.16859,0.6601392
data\processed\bfw\asian\n000160\0285_03.jpg,data\processed\bfw\asian\n003465\0461_03.jpg,n000160,n003465,asian,asian,females,males,,,0,-0.004166115,10.181179,1.0041661
data\processed\bfw\asian\n000872\0026_03.jpg,data\processed\bfw\asian\n000872\0085_01.jpg,n000872,n000872,asian,asian,males,males,,,1,0.41717094,9.877084,0.58282906
data\processed\bfw\asian\n009177\0626_01.jpg,data\processed\bfw\asian\n004930\0044_01.jpg,n009177,n004930,asian,asian,females,females,,,0,0.27601612,11.3043785,0.7239839
data\processed\bfw\asian\n000158\0161_01.jpg,data\processed\bfw\asian\n000158\0658_01.jpg,n000158,n000158,asian,asian,males,males,,,1,0.50736594,9.704764,0.49263406
data\processed\bfw\asian\n003463\0179_02.jpg,data\processed\bfw\asian\n003463\0485_01.jpg,n003463,n003463,asian,asian,males,males,,,1,0.37469205,9.702646,0.6253079
data\processed\bfw\asian\n009103\0217_02.jpg,data\processed\bfw\asian\n009103\0265_03.jpg,n009103,n009103,asian,asian,females,females,,,1,0.6168253,7.8985715,0.38317472
data\processed\bfw\asian\n002509\0013_01.jpg,data\processed\bfw\asian\n002509\0432_01.jpg,n002509,n002509,asian,asian,females,females,,,1,-0.037978906,12.1433935,1.0379789
data\processed\bfw\asian\n004787\0657_03.jpg,data\processed\bfw\asian\n004787\0679_05.jpg,n004787,n004787,asian,asian,females,females,,,1,0.45735702,9.718407,0.54264295
data\processed\bfw\asian\n002509\0023_01.jpg,data\processed\bfw\asian\n002509\0046_01.jpg,n002509,n002509,asian,asian,females,females,,,1,0.54739565,9.444026,0.45260435
data\processed\bfw\asian\n005446\0265_01.jpg,data\processed\bfw\asian\n005446\0473_01.jpg,n005446,n005446,asian,asian,females,females,,,1,0.56402415,7.65779,0.43597585
data\processed\bfw\asian\n004472\0258_01.jpg,data\processed\bfw\asian\n004472\0391_02.jpg,n004472,n004472,asian,asian,females,females,,,1,0.22585931,10.245157,0.7741407
data\processed\bfw\asian\n004785\0169_01.jpg,data\processed\bfw\asian\n006159\0183_01.jpg,n004785,n006159,asian,asian,females,females,,,0,0.24806418,10.7289505,0.75193584
data\processed\bfw\asian\n003506\0136_01.jpg,data\processed\bfw\asian\n003506\0162_01.jpg,n003506,n003506,asian,asian,females,females,,,1,0.5313385,8.963146,0.4686615
data\processed\bfw\asian\n009278\0093_01.jpg,data\processed\bfw\asian\n009103\0657_02.jpg,n009278,n009103,asian,asian,females,females,,,0,0.25611767,11.007419,0.7438823
data\processed\bfw\asian\n009276\0079_01.jpg,data\processed\bfw\asian\n009276\0172_02.jpg,n009276,n009276,asian,asian,females,females,,,1,0.11413065,9.936252,0.8858693
data\processed\bfw\asian\n005072\0258_01.jpg,data\processed\bfw\asian\n005072\0350_01.jpg,n005072,n005072,asian,asian,males,males,,,1,0.19059199,11.217004,0.809408
data\processed\bfw\asian\n003288\0093_01.jpg,data\processed\bfw\asian\n003288\0579_02.jpg,n003288,n003288,asian,asian,females,females,,,1,0.14191735,10.779033,0.85808265
data\processed\bfw\asian\n009041\0553_01.jpg,data\processed\bfw\asian\n001562\0092_02.jpg,n009041,n001562,asian,asian,females,males,,,0,-0.06334595,12.139513,1.0633459
data\processed\bfw\asian\n000837\0085_01.jpg,data\processed\bfw\asian\n003533\0172_01.jpg,n000837,n003533,asian,asian,females,males,,,0,0.22791244,8.934468,0.7720876
data\processed\bfw\asian\n007899\0077_01.jpg,data\processed\bfw\asian\n000148\0390_01.jpg,n007899,n000148,asian,asian,females,females,,,0,0.035933662,11.122439,0.9640663
data\processed\bfw\asian\n006344\0314_01.jpg,data\processed\bfw\asian\n008401\0399_01.jpg,n006344,n008401,asian,asian,females,females,,,0,0.2531809,9.756929,0.74681914
data\processed\bfw\asian\n001682\0074_01.jpg,data\processed\bfw\asian\n000009\0081_01.jpg,n001682,n000009,asian,asian,males,females,,,0,0.055367686,11.907089,0.9446323
data\processed\bfw\asian\n003155\0309_02.jpg,data\processed\bfw\asian\n000139\0016_01.jpg,n003155,n000139,asian,asian,males,females,,,0,0.13062546,13.950615,0.8693745
data\processed\bfw\asian\n000160\0075_01.jpg,data\processed\bfw\asian\n003162\0508_01.jpg,n000160,n003162,asian,asian,females,males,,,0,-0.07103374,11.408051,1.0710337
data\processed\bfw\asian\n005063\0373_01.jpg,data\processed\bfw\asian\n002331\0153_01.jpg,n005063,n002331,asian,asian,females,males,,,0,0.29982072,8.889611,0.7001793
data\processed\bfw\asian\n003155\0025_02.jpg,data\processed\bfw\asian\n003155\0241_01.jpg,n003155,n003155,asian,asian,males,males,,,1,0.0740429,12.785368,0.9259571
data\processed\bfw\asian\n004794\0135_01.jpg,data\processed\bfw\asian\n004794\0241_01.jpg,n004794,n004794,asian,asian,males,males,,,1,0.40123183,7.664028,0.5987682
data\processed\bfw\asian\n004786\0088_03.jpg,data\processed\bfw\asian\n004786\0856_02.jpg,n004786,n004786,asian,asian,females,females,,,1,0.44900507,9.609997,0.55099493
data\processed\bfw\asian\n003463\0485_01.jpg,data\processed\bfw\asian\n005378\0255_01.jpg,n003463,n005378,asian,asian,males,females,,,0,0.06084585,10.89738,0.93915415
data\processed\bfw\asian\n004809\0229_01.jpg,data\processed\bfw\asian\n005474\0062_01.jpg,n004809,n005474,asian,asian,males,females,,,0,0.118845284,11.872602,0.8811547
data\processed\bfw\asian\n003824\0019_01.jpg,data\processed\bfw\asian\n000840\0624_03.jpg,n003824,n000840,asian,asian,females,females,,,0,0.12746036,12.547489,0.87253964
data\processed\bfw\asian\n003533\0052_01.jpg,data\processed\bfw\asian\n003533\0101_02.jpg,n003533,n003533,asian,asian,males,males,,,1,-0.018843621,13.0304575,1.0188437
data\processed\bfw\asian\n001864\0028_01.jpg,data\processed\bfw\asian\n001864\0171_01.jpg,n001864,n001864,asian,asian,males,males,,,1,0.30602095,9.686393,0.693979
data\processed\bfw\asian\n003288\0495_01.jpg,data\processed\bfw\asian\n004805\0591_01.jpg,n003288,n004805,asian,asian,females,males,,,0,0.007896503,11.167953,0.9921035
data\processed\bfw\asian\n002775\0812_02.jpg,data\processed\bfw\asian\n005116\0083_01.jpg,n002775,n005116,asian,asian,males,males,,,0,0.3753321,11.066601,0.6246679
data\processed\bfw\asian\n008978\0138_01.jpg,data\processed\bfw\asian\n004935\0716_01.jpg,n008978,n004935,asian,asian,females,males,,,0,0.103609085,12.71042,0.8963909
data\processed\bfw\asian\n004549\0022_01.jpg,data\processed\bfw\asian\n008383\0099_01.jpg,n004549,n008383,asian,asian,females,females,,,0,0.2356978,12.214032,0.7643022
data\processed\bfw\asian\n009041\0118_01.jpg,data\processed\bfw\asian\n009041\0560_01.jpg,n009041,n009041,asian,asian,females,females,,,1,0.4017439,10.110368,0.5982561
data\processed\bfw\asian\n000838\0247_01.jpg,data\processed\bfw\asian\n000838\0249_01.jpg,n000838,n000838,asian,asian,females,females,,,1,0.37943602,8.898233,0.620564
data\processed\bfw\asian\n006619\0328_01.jpg,data\processed\bfw\asian\n006619\0333_01.jpg,n006619,n006619,asian,asian,females,females,,,1,0.21248282,9.799547,0.7875172
data\processed\bfw\asian\n003167\0274_01.jpg,data\processed\bfw\asian\n003167\0562_01.jpg,n003167,n003167,asian,asian,males,males,,,1,0.28199002,10.827514,0.71800995
data\processed\bfw\asian\n006418\0235_01.jpg,data\processed\bfw\asian\n005077\0246_01.jpg,n006418,n005077,asian,asian,females,females,,,0,0.16304769,11.123019,0.8369523
data\processed\bfw\asian\n002775\0044_01.jpg,data\processed\bfw\asian\n002775\0066_04.jpg,n002775,n002775,asian,asian,males,males,,,1,0.3327123,11.15888,0.6672877
data\processed\bfw\asian\n006774\0029_04.jpg,data\processed\bfw\asian\n006774\0070_01.jpg,n006774,n006774,asian,asian,females,females,,,1,0.2741184,13.004977,0.7258816
data\processed\bfw\asian\n000161\0001_01.jpg,data\processed\bfw\asian\n009276\0106_05.jpg,n000161,n009276,asian,asian,males,females,,,0,-0.029952854,12.52017,1.0299529
data\processed\bfw\asian\n003153\0315_02.jpg,data\processed\bfw\asian\n003153\0633_01.jpg,n003153,n003153,asian,asian,females,females,,,1,0.39338207,10.087798,0.6066179
data\processed\bfw\asian\n007899\0002_01.jpg,data\processed\bfw\asian\n004687\0191_01.jpg,n007899,n004687,asian,asian,females,females,,,0,0.24958318,10.606988,0.7504168
data\processed\bfw\asian\n006633\0262_02.jpg,data\processed\bfw\asian\n006633\0267_02.jpg,n006633,n006633,asian,asian,females,females,,,1,0.3036179,10.331606,0.6963821
data\processed\bfw\asian\n009278\0137_01.jpg,data\processed\bfw\asian\n006736\0058_01.jpg,n009278,n006736,asian,asian,females,females,,,0,0.11940547,11.054226,0.88059455
data\processed\bfw\asian\n007814\0337_01.jpg,data\processed\bfw\asian\n000135\0082_02.jpg,n007814,n000135,asian,asian,females,females,,,0,0.10523456,10.477617,0.89476544
data\processed\bfw\asian\n003463\0110_01.jpg,data\processed\bfw\asian\n003463\0223_02.jpg,n003463,n003463,asian,asian,males,males,,,1,0.5145369,8.97133,0.48546308
data\processed\bfw\asian\n003557\0206_01.jpg,data\processed\bfw\asian\n003557\0217_01.jpg,n003557,n003557,asian,asian,females,females,,,1,0.2974327,10.191358,0.70256734
data\processed\bfw\asian\n005216\0236_01.jpg,data\processed\bfw\asian\n004948\0341_01.jpg,n005216,n004948,asian,asian,females,males,,,0,0.4007808,8.128237,0.5992192
data\processed\bfw\asian\n002725\0007_03.jpg,data\processed\bfw\asian\n003358\0055_01.jpg,n002725,n003358,asian,asian,females,females,,,0,0.2735431,11.065096,0.7264569
data\processed\bfw\asian\n006222\0001_01.jpg,data\processed\bfw\asian\n003288\0118_01.jpg,n006222,n003288,asian,asian,females,females,,,0,0.28505138,12.404847,0.71494865
data\processed\bfw\asian\n004877\0004_01.jpg,data\processed\bfw\asian\n004877\0084_01.jpg,n004877,n004877,asian,asian,females,females,,,1,0.5731475,9.295827,0.42685252
data\processed\bfw\asian\n004877\0014_03.jpg,data\processed\bfw\asian\n004877\0441_01.jpg,n004877,n004877,asian,asian,females,females,,,1,0.21744898,10.194298,0.78255105
data\processed\bfw\asian\n005216\0212_02.jpg,data\processed\bfw\asian\n003481\0794_01.jpg,n005216,n003481,asian,asian,females,females,,,0,-0.04227999,10.989454,1.04228
data\processed\bfw\asian\n005216\0020_01.jpg,data\processed\bfw\asian\n005216\0059_01.jpg,n005216,n005216,asian,asian,females,females,,,1,0.26895902,10.041102,0.73104095
data\processed\bfw\asian\n008978\0064_01.jpg,data\processed\bfw\asian\n008978\0100_01.jpg,n008978,n008978,asian,asian,females,females,,,1,0.63045555,7.794639,0.36954445
data\processed\bfw\asian\n002406\0148_01.jpg,data\processed\bfw\asian\n000138\0066_09.jpg,n002406,n000138,asian,asian,males,females,,,0,0.3379973,8.52467,0.6620027
data\processed\bfw\asian\n005116\0086_01.jpg,data\processed\bfw\asian\n005116\0191_01.jpg,n005116,n005116,asian,asian,males,males,,,1,0.58413315,7.008313,0.41586685
data\processed\bfw\asian\n003449\0063_01.jpg,data\processed\bfw\asian\n006633\0299_01.jpg,n003449,n006633,asian,asian,females,females,,,0,0.26845416,10.202824,0.7315458
data\processed\bfw\asian\n000838\0447_02.jpg,data\processed\bfw\asian\n007372\0148_01.jpg,n000838,n007372,asian,asian,females,females,,,0,0.20726202,11.45,0.79273796
data\processed\bfw\asian\n003465\0169_01.jpg,data\processed\bfw\asian\n003465\0333_02.jpg,n003465,n003465,asian,asian,males,males,,,1,0.23972341,11.225361,0.76027656
data\processed\bfw\asian\n003465\0161_02.jpg,data\processed\bfw\asian\n003027\0028_01.jpg,n003465,n003027,asian,asian,males,males,,,0,0.12381657,13.781894,0.87618345
data\processed\bfw\asian\n001562\0175_01.jpg,data\processed\bfw\asian\n004466\0003_01.jpg,n001562,n004466,asian,asian,males,males,,,0,0.07696117,10.52728,0.92303884
data\processed\bfw\asian\n000837\0032_02.jpg,data\processed\bfw\asian\n006358\0115_01.jpg,n000837,n006358,asian,asian,females,females,,,0,-0.02426471,12.956707,1.0242647
data\processed\bfw\asian\n006126\0012_01.jpg,data\processed\bfw\asian\n003467\0112_01.jpg,n006126,n003467,asian,asian,females,females,,,0,0.14740875,10.3094015,0.8525913
data\processed\bfw\asian\n004785\0082_01.jpg,data\processed\bfw\asian\n002725\0102_01.jpg,n004785,n002725,asian,asian,females,females,,,0,0.079768784,12.264376,0.9202312
data\processed\bfw\asian\n001864\0056_01.jpg,data\processed\bfw\asian\n001864\0092_01.jpg,n001864,n001864,asian,asian,males,males,,,1,0.40677482,8.881933,0.5932252
data\processed\bfw\asian\n004786\0173_01.jpg,data\processed\bfw\asian\n000160\0435_02.jpg,n004786,n000160,asian,asian,females,females,,,0,-0.13470629,12.461054,1.1347063
data\processed\bfw\asian\n006126\0207_01.jpg,data\processed\bfw\asian\n003481\0202_01.jpg,n006126,n003481,asian,asian,females,females,,,0,0.21961935,10.158162,0.78038067
data\processed\bfw\asian\n002406\0093_01.jpg,data\processed\bfw\asian\n009041\0056_01.jpg,n002406,n009041,asian,asian,males,females,,,0,0.087530024,11.466238,0.91247
data\processed\bfw\asian\n009287\0034_01.jpg,data\processed\bfw\asian\n003223\0698_01.jpg,n009287,n003223,asian,asian,females,males,,,0,0.12912703,10.996892,0.870873
data\processed\bfw\asian\n003449\0129_01.jpg,data\processed\bfw\asian\n001864\0039_02.jpg,n003449,n001864,asian,asian,females,males,,,0,0.24890912,9.398438,0.7510909
data\processed\bfw\asian\n005071\0630_01.jpg,data\processed\bfw\asian\n000009\0017_01.jpg,n005071,n000009,asian,asian,males,females,,,0,-0.07341449,13.008177,1.0734144
data\processed\bfw\asian\n006619\0087_01.jpg,data\processed\bfw\asian\n000160\0462_01.jpg,n006619,n000160,asian,asian,females,females,,,0,0.29228485,8.804295,0.70771515
data\processed\bfw\asian\n004680\0180_01.jpg,data\processed\bfw\asian\n000148\0390_01.jpg,n004680,n000148,asian,asian,females,females,,,0,-0.03010646,12.49983,1.0301064
data\processed\bfw\asian\n000135\0031_01.jpg,data\processed\bfw\asian\n000135\0035_01.jpg,n000135,n000135,asian,asian,females,females,,,1,0.5499567,8.993803,0.45004332
data\processed\bfw\asian\n003288\0628_01.jpg,data\processed\bfw\asian\n007378\0031_01.jpg,n003288,n007378,asian,asian,females,females,,,0,0.29561415,9.060618,0.7043859
data\processed\bfw\asian\n002725\0295_01.jpg,data\processed\bfw\asian\n002725\0486_03.jpg,n002725,n002725,asian,asian,females,females,,,1,0.36320698,10.881936,0.636793
data\processed\bfw\asian\n006125\0041_01.jpg,data\processed\bfw\asian\n005216\0041_01.jpg,n006125,n005216,asian,asian,females,females,,,0,0.2517155,11.078944,0.74828446
data\processed\bfw\asian\n003449\0164_01.jpg,data\processed\bfw\asian\n003449\0183_01.jpg,n003449,n003449,asian,asian,females,females,,,1,0.105597615,11.138295,0.8944024
data\processed\bfw\asian\n000139\0112_02.jpg,data\processed\bfw\asian\n000139\0300_03.jpg,n000139,n000139,asian,asian,females,females,,,1,0.23825057,12.292186,0.76174945
data\processed\bfw\asian\n009276\0101_02.jpg,data\processed\bfw\asian\n007380\0525_01.jpg,n009276,n007380,asian,asian,females,females,,,0,-0.015412159,8.736103,1.0154122
data\processed\bfw\asian\n005085\0285_01.jpg,data\processed\bfw\asian\n004877\0014_03.jpg,n005085,n004877,asian,asian,females,females,,,0,0.25189656,8.605019,0.74810344
data\processed\bfw\asian\n004467\0504_01.jpg,data\processed\bfw\asian\n000839\0233_01.jpg,n004467,n000839,asian,asian,males,females,,,0,-0.069167234,10.815926,1.0691673
data\processed\bfw\asian\n002775\0843_02.jpg,data\processed\bfw\asian\n000160\0075_01.jpg,n002775,n000160,asian,asian,males,females,,,0,0.049903937,9.712253,0.9500961
data\processed\bfw\asian\n003162\0379_02.jpg,data\processed\bfw\asian\n004687\0295_01.jpg,n003162,n004687,asian,asian,males,females,,,0,-0.08743045,13.540603,1.0874305
data\processed\bfw\asian\n000856\0070_01.jpg,data\processed\bfw\asian\n000856\0104_01.jpg,n000856,n000856,asian,asian,females,females,,,1,0.32716128,7.5116005,0.6728387
data\processed\bfw\asian\n001976\0082_01.jpg,data\processed\bfw\asian\n003167\0028_02.jpg,n001976,n003167,asian,asian,males,males,,,0,0.052365266,12.593756,0.94763476
data\processed\bfw\asian\n005085\0243_03.jpg,data\processed\bfw\asian\n000838\0447_02.jpg,n005085,n000838,asian,asian,females,females,,,0,-0.036658753,15.039899,1.0366588
data\processed\bfw\asian\n009278\0180_01.jpg,data\processed\bfw\asian\n004805\0083_01.jpg,n009278,n004805,asian,asian,females,males,,,0,0.11738256,10.911953,0.8826174
data\processed\bfw\asian\n004935\0501_03.jpg,data\processed\bfw\asian\n004935\0688_01.jpg,n004935,n004935,asian,asian,males,males,,,1,0.1790566,11.471153,0.8209434
data\processed\bfw\asian\n009125\0172_01.jpg,data\processed\bfw\asian\n009125\0193_01.jpg,n009125,n009125,asian,asian,females,females,,,1,0.70601094,7.5766425,0.29398906
data\processed\bfw\asian\n007378\0071_01.jpg,data\processed\bfw\asian\n007378\0113_01.jpg,n007378,n007378,asian,asian,females,females,,,1,0.38323835,9.299259,0.6167617
data\processed\bfw\asian\n004864\0242_01.jpg,data\processed\bfw\asian\n007738\0336_02.jpg,n004864,n007738,asian,asian,females,females,,,0,0.18322559,12.071003,0.8167744
data\processed\bfw\asian\n000837\0233_03.jpg,data\processed\bfw\asian\n007378\0214_01.jpg,n000837,n007378,asian,asian,females,females,,,0,0.1829656,11.049316,0.81703436
data\processed\bfw\asian\n005085\0069_01.jpg,data\processed\bfw\asian\n005085\0086_03.jpg,n005085,n005085,asian,asian,females,females,,,1,0.5415563,8.903692,0.4584437
data\processed\bfw\asian\n002406\0208_07.jpg,data\processed\bfw\asian\n003358\0365_01.jpg,n002406,n003358,asian,asian,males,females,,,0,0.046895016,9.980836,0.953105
data\processed\bfw\asian\n009278\0026_01.jpg,data\processed\bfw\asian\n009278\0049_02.jpg,n009278,n009278,asian,asian,females,females,,,1,0.42624685,8.803021,0.5737531
data\processed\bfw\asian\n005446\0037_01.jpg,data\processed\bfw\asian\n005446\0412_01.jpg,n005446,n005446,asian,asian,females,females,,,1,0.036418676,10.680883,0.9635813
data\processed\bfw\asian\n005446\0141_01.jpg,data\processed\bfw\asian\n003449\0197_01.jpg,n005446,n003449,asian,asian,females,females,,,0,0.1920587,11.009285,0.8079413
data\processed\bfw\asian\n001682\0251_02.jpg,data\processed\bfw\asian\n005069\0110_02.jpg,n001682,n005069,asian,asian,males,females,,,0,0.016481902,13.748322,0.9835181
data\processed\bfw\asian\n004870\0063_01.jpg,data\processed\bfw\asian\n004864\0229_01.jpg,n004870,n004864,asian,asian,females,females,,,0,0.049912617,12.438293,0.95008737
data\processed\bfw\asian\n004467\0047_01.jpg,data\processed\bfw\asian\n003162\0459_01.jpg,n004467,n003162,asian,asian,males,males,,,0,0.1313519,12.161134,0.8686481
data\processed\bfw\asian\n006224\0096_01.jpg,data\processed\bfw\asian\n008401\0137_01.jpg,n006224,n008401,asian,asian,females,females,,,0,0.14691955,12.958462,0.85308045
data\processed\bfw\asian\n005378\0176_01.jpg,data\processed\bfw\asian\n005378\0370_01.jpg,n005378,n005378,asian,asian,females,females,,,1,0.2651713,9.538464,0.7348287
data\processed\bfw\asian\n000436\0123_01.jpg,data\processed\bfw\asian\n000436\0662_02.jpg,n000436,n000436,asian,asian,males,males,,,1,0.23075618,12.191297,0.76924384
data\processed\bfw\asian\n001562\0165_02.jpg,data\processed\bfw\asian\n008163\0223_01.jpg,n001562,n008163,asian,asian,males,females,,,0,0.02379435,12.026888,0.97620565
data\processed\bfw\asian\n001562\0065_01.jpg,data\processed\bfw\asian\n003489\0220_01.jpg,n001562,n003489,asian,asian,males,males,,,0,0.1946285,9.68112,0.8053715
data\processed\bfw\asian\n009177\0363_01.jpg,data\processed\bfw\asian\n009177\0606_02.jpg,n009177,n009177,asian,asian,females,females,,,1,0.3033629,10.24252,0.6966371
data\processed\bfw\asian\n001562\0359_01.jpg,data\processed\bfw\asian\n000132\0693_01__face_0.jpg,n001562,n000132,asian,asian,males,males,,,0,-0.013031955,12.956863,1.013032
data\processed\bfw\asian\n006125\0059_01.jpg,data\processed\bfw\asian\n003162\0246_01.jpg,n006125,n003162,asian,asian,females,males,,,0,0.072323285,11.378482,0.92767674
data\processed\bfw\asian\n000009\0010_01.jpg,data\processed\bfw\asian\n000009\0354_03.jpg,n000009,n000009,asian,asian,females,females,,,1,0.25953823,11.71536,0.74046177
data\processed\bfw\asian\n003162\0024_01.jpg,data\processed\bfw\asian\n003162\0330_01.jpg,n003162,n003162,asian,asian,males,males,,,1,0.34764287,10.31679,0.6523571
data\processed\bfw\asian\n000143\0272_01.jpg,data\processed\bfw\asian\n003167\0533_01.jpg,n000143,n003167,asian,asian,females,males,,,0,0.04538761,12.576301,0.9546124
data\processed\bfw\asian\n000873\0051_01.jpg,data\processed\bfw\asian\n000873\0052_01.jpg,n000873,n000873,asian,asian,males,males,,,1,0.49826616,7.786123,0.50173384
data\processed\bfw\asian\n000138\0067_01.jpg,data\processed\bfw\asian\n000148\0229_01.jpg,n000138,n000148,asian,asian,females,females,,,0,0.13067298,11.779074,0.869327
data\processed\bfw\asian\n001572\0092_01.jpg,data\processed\bfw\asian\n001572\0329_01.jpg,n001572,n001572,asian,asian,females,females,,,1,0.5286578,8.391962,0.4713422
data\processed\bfw\asian\n005078\0202_01.jpg,data\processed\bfw\asian\n005078\0295_03.jpg,n005078,n005078,asian,asian,males,males,,,1,0.1989438,10.949718,0.8010562
data\processed\bfw\asian\n002644\0298_01.jpg,data\processed\bfw\asian\n002644\0997_01.jpg,n002644,n002644,asian,asian,males,males,,,1,0.32214272,10.129667,0.6778573
data\processed\bfw\asian\n001496\0047_02.jpg,data\processed\bfw\asian\n001496\0076_01.jpg,n001496,n001496,asian,asian,males,males,,,1,0.14814216,10.023695,0.85185784
data\processed\bfw\asian\n003153\0397_02.jpg,data\processed\bfw\asian\n003153\0624_01.jpg,n003153,n003153,asian,asian,females,females,,,1,0.30167633,10.914705,0.69832367
data\processed\bfw\asian\n004864\0242_01.jpg,data\processed\bfw\asian\n003506\0371_01.jpg,n004864,n003506,asian,asian,females,females,,,0,0.13355112,9.946686,0.8664489
data\processed\bfw\asian\n009177\0011_01.jpg,data\processed\bfw\asian\n009177\0363_01.jpg,n009177,n009177,asian,asian,females,females,,,1,0.23853016,11.088384,0.76146984
data\processed\bfw\asian\n000872\0101_01.jpg,data\processed\bfw\asian\n000872\0306_01.jpg,n000872,n000872,asian,asian,males,males,,,1,0.42647314,9.443534,0.57352686
data\processed\bfw\asian\n003156\0084_01.jpg,data\processed\bfw\asian\n003156\0110_01.jpg,n003156,n003156,asian,asian,males,males,,,1,0.13102421,10.710722,0.86897576
data\processed\bfw\asian\n004870\0098_01.jpg,data\processed\bfw\asian\n009175\0070_01.jpg,n004870,n009175,asian,asian,females,females,,,0,0.08221477,12.309707,0.9177852
data\processed\bfw\asian\n007738\0059_01.jpg,data\processed\bfw\asian\n001562\0081_01.jpg,n007738,n001562,asian,asian,females,males,,,0,-0.011533794,13.624564,1.0115337
data\processed\bfw\asian\n000856\0012_01.jpg,data\processed\bfw\asian\n007899\0082_01.jpg,n000856,n007899,asian,asian,females,females,,,0,0.11161756,10.373596,0.88838243
data\processed\bfw\asian\n000132\0707_01__face_0.jpg,data\processed\bfw\asian\n002552\0481_01.jpg,n000132,n002552,asian,asian,males,males,,,0,-0.05990883,12.567779,1.0599089
data\processed\bfw\asian\n003467\0176_02.jpg,data\processed\bfw\asian\n003467\0400_03.jpg,n003467,n003467,asian,asian,females,females,,,1,0.4443402,9.3463745,0.5556598
data\processed\bfw\asian\n006774\0062_01.jpg,data\processed\bfw\asian\n004791\0377_01.jpg,n006774,n004791,asian,asian,females,males,,,0,0.26703817,11.482729,0.73296183
data\processed\bfw\asian\n002552\0142_01.jpg,data\processed\bfw\asian\n009148\0168_01.jpg,n002552,n009148,asian,asian,males,females,,,0,0.24295843,11.132997,0.7570416
data\processed\bfw\asian\n003223\0034_05.jpg,data\processed\bfw\asian\n003223\0360_01.jpg,n003223,n003223,asian,asian,males,males,,,1,0.35783598,8.74185,0.642164
data\processed\bfw\asian\n003557\0165_01.jpg,data\processed\bfw\asian\n000158\0211_05.jpg,n003557,n000158,asian,asian,females,males,,,0,-0.15972538,13.996758,1.1597254
data\processed\bfw\asian\n004725\0302_01.jpg,data\processed\bfw\asian\n007089\0033_01.jpg,n004725,n007089,asian,asian,males,females,,,0,0.08902373,13.494088,0.9109763
data\processed\bfw\asian\n007899\0071_01.jpg,data\processed\bfw\asian\n007899\0250_01.jpg,n007899,n007899,asian,asian,females,females,,,1,0.56200933,7.3094916,0.43799067
data\processed\bfw\asian\n003467\0033_01.jpg,data\processed\bfw\asian\n003467\0176_02.jpg,n003467,n003467,asian,asian,females,females,,,1,0.40587306,9.616838,0.59412694
data\processed\bfw\asian\n003557\0165_01.jpg,data\processed\bfw\asian\n003557\0259_01.jpg,n003557,n003557,asian,asian,females,females,,,1,0.44230106,9.397124,0.55769897
data\processed\bfw\asian\n004469\0098_02.jpg,data\processed\bfw\asian\n004469\0168_01.jpg,n004469,n004469,asian,asian,males,males,,,1,0.6130098,8.706524,0.3869902
data\processed\bfw\asian\n007738\0239_01.jpg,data\processed\bfw\asian\n007738\0265_01.jpg,n007738,n007738,asian,asian,females,females,,,1,0.25645483,11.965067,0.7435452
data\processed\bfw\asian\n009276\0361_01.jpg,data\processed\bfw\asian\n009148\0087_01.jpg,n009276,n009148,asian,asian,females,females,,,0,0.23120327,11.700846,0.76879674
data\processed\bfw\asian\n003465\0158_01.jpg,data\processed\bfw\asian\n000143\0135_02.jpg,n003465,n000143,asian,asian,males,females,,,0,0.07966324,12.01026,0.9203368
data\processed\bfw\asian\n002406\0093_01.jpg,data\processed\bfw\asian\n002406\0614_01.jpg,n002406,n002406,asian,asian,males,males,,,1,0.13302983,10.352521,0.8669702
data\processed\bfw\asian\n003027\0025_01.jpg,data\processed\bfw\asian\n005078\0278_01.jpg,n003027,n005078,asian,asian,males,males,,,0,0.30545047,11.314758,0.69454956
data\processed\bfw\asian\n007270\0370_01.jpg,data\processed\bfw\asian\n007270\0434_01.jpg,n007270,n007270,asian,asian,females,females,,,1,0.55622923,7.5535502,0.44377077
data\processed\bfw\asian\n009103\0363_05.jpg,data\processed\bfw\asian\n009103\0421_01.jpg,n009103,n009103,asian,asian,females,females,,,1,0.14057884,10.880406,0.85942113
data\processed\bfw\asian\n009288\0101_01.jpg,data\processed\bfw\asian\n003449\0060_01.jpg,n009288,n003449,asian,asian,females,females,,,0,0.116725795,8.910706,0.8832742
data\processed\bfw\asian\n004108\0077_01.jpg,data\processed\bfw\asian\n004108\0529_01.jpg,n004108,n004108,asian,asian,males,males,,,1,0.45088825,8.662267,0.5491117
data\processed\bfw\asian\n005216\0046_01.jpg,data\processed\bfw\asian\n007816\0322_02.jpg,n005216,n007816,asian,asian,females,females,,,0,0.3394381,8.564619,0.6605619
data\processed\bfw\asian\n000161\0001_01.jpg,data\processed\bfw\asian\n000161\0175_05.jpg,n000161,n000161,asian,asian,males,males,,,1,0.45963722,9.710731,0.5403628
data\processed\bfw\asian\n006125\0081_01.jpg,data\processed\bfw\asian\n003463\0179_02.jpg,n006125,n003463,asian,asian,females,males,,,0,0.19512886,11.467596,0.80487114
data\processed\bfw\asian\n009294\0084_01.jpg,data\processed\bfw\asian\n009294\0258_01.jpg,n009294,n009294,asian,asian,females,females,,,1,0.2797616,9.166581,0.7202384
data\processed\bfw\asian\n007378\0112_03.jpg,data\processed\bfw\asian\n007378\0217_01.jpg,n007378,n007378,asian,asian,females,females,,,1,0.10366617,10.957323,0.8963338
data\processed\bfw\asian\n004469\0111_03.jpg,data\processed\bfw\asian\n008163\0276_01.jpg,n004469,n008163,asian,asian,males,females,,,0,0.07490322,9.917884,0.92509675
data\processed\bfw\asian\n009125\0100_01.jpg,data\processed\bfw\asian\n009125\0116_02.jpg,n009125,n009125,asian,asian,females,females,,,1,0.48220628,9.607069,0.5177937
data\processed\bfw\asian\n002331\0054_02.jpg,data\processed\bfw\asian\n005069\0313_01.jpg,n002331,n005069,asian,asian,males,females,,,0,0.16473083,12.224706,0.83526915
data\processed\bfw\asian\n009041\0056_01.jpg,data\processed\bfw\asian\n009041\0080_02.jpg,n009041,n009041,asian,asian,females,females,,,1,0.5143651,9.314926,0.48563492
data\processed\bfw\asian\n006774\0039_01.jpg,data\processed\bfw\asian\n003533\0080_02.jpg,n006774,n003533,asian,asian,females,males,,,0,-0.040956028,14.662829,1.040956
data\processed\bfw\asian\n000160\0127_01.jpg,data\processed\bfw\asian\n003489\0091_01.jpg,n000160,n003489,asian,asian,females,males,,,0,0.074262485,12.291321,0.9257375
data\processed\bfw\asian\n005474\0005_01.jpg,data\processed\bfw\asian\n005474\0152_01.jpg,n005474,n005474,asian,asian,females,females,,,1,0.41529578,9.446178,0.5847042
data\processed\bfw\asian\n006619\0290_01.jpg,data\processed\bfw\asian\n009288\0236_01.jpg,n006619,n009288,asian,asian,females,females,,,0,-0.08465602,10.869802,1.084656
data\processed\bfw\asian\n009278\0068_01.jpg,data\processed\bfw\asian\n009276\0049_01.jpg,n009278,n009276,asian,asian,females,females,,,0,0.22492635,8.481331,0.77507365
data\processed\bfw\asian\n006159\0019_01.jpg,data\processed\bfw\asian\n006159\0076_04.jpg,n006159,n006159,asian,asian,females,females,,,1,0.5423695,10.782078,0.45763052
data\processed\bfw\asian\n007385\0072_09.jpg,data\processed\bfw\asian\n007385\0137_01.jpg,n007385,n007385,asian,asian,females,females,,,1,0.4886884,8.71615,0.5113116
data\processed\bfw\asian\n009279\0246_01.jpg,data\processed\bfw\asian\n009279\0255_01.jpg,n009279,n009279,asian,asian,females,females,,,1,0.36799186,9.218577,0.63200814
data\processed\bfw\asian\n006149\0026_01.jpg,data\processed\bfw\asian\n006149\0064_01.jpg,n006149,n006149,asian,asian,females,females,,,1,0.45919785,8.733133,0.5408021
data\processed\bfw\asian\n008978\0155_01.jpg,data\processed\bfw\asian\n003463\0323_01.jpg,n008978,n003463,asian,asian,females,males,,,0,0.054319564,10.362198,0.94568044
data\processed\bfw\asian\n000160\0436_01.jpg,data\processed\bfw\asian\n000160\0453_01.jpg,n000160,n000160,asian,asian,females,females,,,1,0.37088415,9.508938,0.6291158
data\processed\bfw\asian\n005072\0068_02.jpg,data\processed\bfw\asian\n004877\0122_01.jpg,n005072,n004877,asian,asian,males,females,,,0,0.16874053,11.66684,0.8312595
data\processed\bfw\asian\n002775\0034_02.jpg,data\processed\bfw\asian\n002775\0305_01.jpg,n002775,n002775,asian,asian,males,males,,,1,0.21544683,11.235409,0.7845532
data\processed\bfw\asian\n005071\0128_02.jpg,data\processed\bfw\asian\n005071\0280_01.jpg,n005071,n005071,asian,asian,males,males,,,1,0.14604919,10.65831,0.8539508
data\processed\bfw\asian\n008383\0139_02.jpg,data\processed\bfw\asian\n008383\0268_01.jpg,n008383,n008383,asian,asian,females,females,,,1,0.31981933,9.966727,0.68018067
data\processed\bfw\asian\n005077\0052_01.jpg,data\processed\bfw\asian\n005077\0073_01.jpg,n005077,n005077,asian,asian,females,females,,,1,0.5317734,9.379418,0.4682266
data\processed\bfw\asian\n007380\0087_01.jpg,data\processed\bfw\asian\n007380\0320_01.jpg,n007380,n007380,asian,asian,females,females,,,1,0.26467863,9.928268,0.7353214
data\processed\bfw\asian\n000148\0016_01.jpg,data\processed\bfw\asian\n000148\0390_01.jpg,n000148,n000148,asian,asian,females,females,,,1,0.05437649,10.429734,0.9456235
data\processed\bfw\asian\n004787\0075_01.jpg,data\processed\bfw\asian\n009288\0307_01.jpg,n004787,n009288,asian,asian,females,females,,,0,0.19265814,11.650251,0.8073419
data\processed\bfw\asian\n007270\0471_01.jpg,data\processed\bfw\asian\n004877\0084_01.jpg,n007270,n004877,asian,asian,females,females,,,0,0.119649194,12.003585,0.8803508
data\processed\bfw\asian\n005072\0231_01.jpg,data\processed\bfw\asian\n000009\0063_01.jpg,n005072,n000009,asian,asian,males,females,,,0,0.01722486,12.44548,0.98277515
data\processed\bfw\asian\n007738\0172_01.jpg,data\processed\bfw\asian\n007738\0338_01.jpg,n007738,n007738,asian,asian,females,females,,,1,0.35199764,9.959881,0.6480024
data\processed\bfw\asian\n005072\0027_01.jpg,data\processed\bfw\asian\n003027\0025_01.jpg,n005072,n003027,asian,asian,males,males,,,0,0.13269106,13.12301,0.867309
data\processed\bfw\asian\n004860\0105_04.jpg,data\processed\bfw\asian\n004860\0236_01.jpg,n004860,n004860,asian,asian,females,females,,,1,0.32731453,10.180824,0.6726855
data\processed\bfw\asian\n003482\0044_02.jpg,data\processed\bfw\asian\n006358\0136_02.jpg,n003482,n006358,asian,asian,males,females,,,0,0.045201596,12.977525,0.9547984
data\processed\bfw\asian\n003288\0300_01.jpg,data\processed\bfw\asian\n006148\0098_06.jpg,n003288,n006148,asian,asian,females,females,,,0,0.09036652,11.223869,0.90963346
data\processed\bfw\asian\n004681\0133_01.jpg,data\processed\bfw\asian\n004681\0204_02.jpg,n004681,n004681,asian,asian,males,males,,,1,0.37410262,10.666858,0.6258974
data\processed\bfw\asian\n004948\0378_02.jpg,data\processed\bfw\asian\n004948\0381_01.jpg,n004948,n004948,asian,asian,males,males,,,1,0.18361501,9.335758,0.816385
data\processed\bfw\asian\n004681\0206_01.jpg,data\processed\bfw\asian\n004786\0207_01.jpg,n004681,n004786,asian,asian,males,females,,,0,0.18422766,11.110378,0.81577235
data\processed\bfw\asian\n004864\0058_01.jpg,data\processed\bfw\asian\n007385\0118_01.jpg,n004864,n007385,asian,asian,females,females,,,0,0.33736897,10.020756,0.66263103
data\processed\bfw\asian\n006344\0125_01.jpg,data\processed\bfw\asian\n006344\0431_07.jpg,n006344,n006344,asian,asian,females,females,,,1,0.3192601,8.905041,0.6807399
data\processed\bfw\asian\n004786\0128_03.jpg,data\processed\bfw\asian\n006222\0104_01.jpg,n004786,n006222,asian,asian,females,females,,,0,0.20324652,13.073983,0.79675347
data\processed\bfw\asian\n000837\0371_01.jpg,data\processed\bfw\asian\n004686\0100_01.jpg,n000837,n004686,asian,asian,females,males,,,0,0.1481306,9.817349,0.8518694
data\processed\bfw\asian\n009278\0093_01.jpg,data\processed\bfw\asian\n000135\0034_01.jpg,n009278,n000135,asian,asian,females,females,,,0,0.34376994,10.277972,0.6562301
data\processed\bfw\asian\n006125\0059_01.jpg,data\processed\bfw\asian\n003223\0143_01.jpg,n006125,n003223,asian,asian,females,males,,,0,0.10710195,12.400809,0.8928981
data\processed\bfw\asian\n004721\0177_01.jpg,data\processed\bfw\asian\n004787\0278_01.jpg,n004721,n004787,asian,asian,males,females,,,0,-0.1090417,12.912568,1.1090417
data\processed\bfw\asian\n004805\0065_01.jpg,data\processed\bfw\asian\n004805\0289_01.jpg,n004805,n004805,asian,asian,males,males,,,1,0.47840503,8.475187,0.521595
data\processed\bfw\asian\n006148\0195_01.jpg,data\processed\bfw\asian\n008163\0645_01.jpg,n006148,n008163,asian,asian,females,females,,,0,0.15452266,12.09545,0.84547734
data\processed\bfw\asian\n002725\0102_01.jpg,data\processed\bfw\asian\n002725\0267_01.jpg,n002725,n002725,asian,asian,females,females,,,1,0.49661252,8.413774,0.50338745
data\processed\bfw\asian\n002509\0082_01.jpg,data\processed\bfw\asian\n002509\0315_04.jpg,n002509,n002509,asian,asian,females,females,,,1,0.32023054,8.804142,0.67976946
data\processed\bfw\asian\n001562\0159_02.jpg,data\processed\bfw\asian\n003167\0081_01.jpg,n001562,n003167,asian,asian,males,males,,,0,0.06629767,13.304305,0.93370235
data\processed\bfw\asian\n006223\0349_01.jpg,data\processed\bfw\asian\n006223\0385_01.jpg,n006223,n006223,asian,asian,females,females,,,1,0.1021171,10.838165,0.8978829
data\processed\bfw\asian\n000148\0269_01.jpg,data\processed\bfw\asian\n000148\0271_01.jpg,n000148,n000148,asian,asian,females,females,,,1,0.4439067,10.465579,0.55609334
data\processed\bfw\asian\n003557\0259_01.jpg,data\processed\bfw\asian\n009294\0084_01.jpg,n003557,n009294,asian,asian,females,females,,,0,-0.10308202,11.450586,1.1030821
data\processed\bfw\asian\n006633\0688_01.jpg,data\processed\bfw\asian\n004930\0200_01.jpg,n006633,n004930,asian,asian,females,females,,,0,0.17606804,11.991944,0.82393193
data\processed\bfw\asian\n009277\0013_02.jpg,data\processed\bfw\asian\n008148\0244_01.jpg,n009277,n008148,asian,asian,females,females,,,0,0.17999768,10.2842,0.8200023
data\processed\bfw\asian\n005077\0246_01.jpg,data\processed\bfw\asian\n005078\0202_01.jpg,n005077,n005078,asian,asian,females,males,,,0,0.25054902,11.450566,0.749451
data\processed\bfw\asian\n008383\0062_06.jpg,data\processed\bfw\asian\n004687\0058_01.jpg,n008383,n004687,asian,asian,females,females,,,0,0.11011472,10.3551655,0.8898853
data\processed\bfw\asian\n002552\0020_01.jpg,data\processed\bfw\asian\n002552\0368_01.jpg,n002552,n002552,asian,asian,males,males,,,1,0.4798663,10.098138,0.52013373
data\processed\bfw\asian\n000139\0065_01.jpg,data\processed\bfw\asian\n004877\0200_02.jpg,n000139,n004877,asian,asian,females,females,,,0,0.12965646,12.347315,0.87034357
data\processed\bfw\asian\n005085\0305_03.jpg,data\processed\bfw\asian\n009041\0092_01.jpg,n005085,n009041,asian,asian,females,females,,,0,0.016945621,12.9202795,0.9830544
data\processed\bfw\asian\n009287\0064_01.jpg,data\processed\bfw\asian\n009287\0212_01.jpg,n009287,n009287,asian,asian,females,females,,,1,0.44295958,9.715369,0.55704045
data\processed\bfw\asian\n009279\0015_01.jpg,data\processed\bfw\asian\n005078\0183_01.jpg,n009279,n005078,asian,asian,females,males,,,0,0.08198758,12.009188,0.91801244
data\processed\bfw\asian\n009103\0421_01.jpg,data\processed\bfw\asian\n009103\0657_02.jpg,n009103,n009103,asian,asian,females,females,,,1,0.19579042,9.6967945,0.8042096
data\processed\bfw\asian\n003223\0033_02.jpg,data\processed\bfw\asian\n003223\0154_01.jpg,n003223,n003223,asian,asian,males,males,,,1,0.38545215,9.561823,0.61454785
data\processed\bfw\asian\n007385\0208_01.jpg,data\processed\bfw\asian\n007385\0320_03.jpg,n007385,n007385,asian,asian,females,females,,,1,0.32773575,9.164761,0.6722642
data\processed\bfw\asian\n006358\0041_01.jpg,data\processed\bfw\asian\n009148\0005_01.jpg,n006358,n009148,asian,asian,females,females,,,0,0.22504024,12.903521,0.77495974
data\processed\bfw\asian\n003491\0194_02.jpg,data\processed\bfw\asian\n005069\0046_06.jpg,n003491,n005069,asian,asian,males,females,,,0,0.04003902,10.567983,0.959961
data\processed\bfw\asian\n005216\0084_01.jpg,data\processed\bfw\asian\n004681\0064_01.jpg,n005216,n004681,asian,asian,females,males,,,0,0.21322024,9.766953,0.78677976
data\processed\bfw\asian\n005446\0412_01.jpg,data\processed\bfw\asian\n000009\0083_01.jpg,n005446,n000009,asian,asian,females,females,,,0,-0.05357713,11.695494,1.0535772
data\processed\bfw\asian\n004936\0245_01.jpg,data\processed\bfw\asian\n004936\0256_01.jpg,n004936,n004936,asian,asian,females,females,,,1,0.5119634,7.6087885,0.48803657
data\processed\bfw\asian\n009288\0270_01.jpg,data\processed\bfw\asian\n003635\0050_01.jpg,n009288,n003635,asian,asian,females,males,,,0,-0.084573075,14.392205,1.084573
data\processed\bfw\asian\n004721\0046_01.jpg,data\processed\bfw\asian\n004785\0125_01.jpg,n004721,n004785,asian,asian,males,females,,,0,0.2141663,11.522443,0.7858337
data\processed\bfw\asian\n004805\0025_01.jpg,data\processed\bfw\asian\n001682\0448_01.jpg,n004805,n001682,asian,asian,males,males,,,0,-0.030826509,13.400716,1.0308266
data\processed\bfw\asian\n000139\0498_01.jpg,data\processed\bfw\asian\n003489\0105_01.jpg,n000139,n003489,asian,asian,females,males,,,0,-0.03427783,14.539111,1.0342778
data\processed\bfw\asian\n008978\0318_01.jpg,data\processed\bfw\asian\n003223\0258_03.jpg,n008978,n003223,asian,asian,females,males,,,0,0.2064353,11.194264,0.7935647
data\processed\bfw\asian\n001682\0127_01.jpg,data\processed\bfw\asian\n005069\0098_01.jpg,n001682,n005069,asian,asian,males,females,,,0,0.022927295,10.404414,0.9770727
data\processed\bfw\asian\n007664\0029_01.jpg,data\processed\bfw\asian\n007664\0106_01.jpg,n007664,n007664,asian,asian,females,females,,,1,0.45747697,9.60457,0.542523
data\processed\bfw\asian\n000132\0053_01__face_0.jpg,data\processed\bfw\asian\n000132\0112_01__face_0.jpg,n000132,n000132,asian,asian,males,males,,,1,0.48173112,9.741447,0.5182689
data\processed\bfw\asian\n006224\0023_01.jpg,data\processed\bfw\asian\n006224\0033_01.jpg,n006224,n006224,asian,asian,females,females,,,1,0.642504,5.9677334,0.35749602
data\processed\bfw\asian\n009177\0287_05.jpg,data\processed\bfw\asian\n009177\0294_02.jpg,n009177,n009177,asian,asian,females,females,,,1,0.35564083,9.129987,0.6443592
data\processed\bfw\asian\n006418\0023_01.jpg,data\processed\bfw\asian\n006418\0090_09.jpg,n006418,n006418,asian,asian,females,females,,,1,0.27729774,10.066923,0.72270226
data\processed\bfw\asian\n005085\0005_01.jpg,data\processed\bfw\asian\n005085\0224_01.jpg,n005085,n005085,asian,asian,females,females,,,1,0.3670717,10.228995,0.6329283
data\processed\bfw\asian\n006149\0260_01.jpg,data\processed\bfw\asian\n000158\0114_01.jpg,n006149,n000158,asian,asian,females,males,,,0,0.11248775,11.5061,0.88751227
data\processed\bfw\asian\n004472\0258_01.jpg,data\processed\bfw\asian\n009148\0078_01.jpg,n004472,n009148,asian,asian,females,females,,,0,0.19365153,11.372366,0.80634844
data\processed\bfw\asian\n007899\0002_01.jpg,data\processed\bfw\asian\n007899\0082_01.jpg,n007899,n007899,asian,asian,females,females,,,1,0.41379568,9.8778925,0.5862043
data\processed\bfw\asian\n004549\0169_02.jpg,data\processed\bfw\asian\n004549\0198_06.jpg,n004549,n004549,asian,asian,females,females,,,1,0.13984783,13.191826,0.8601522
data\processed\bfw\asian\n002725\0039_02.jpg,data\processed\bfw\asian\n002644\0054_01.jpg,n002725,n002644,asian,asian,females,males,,,0,-0.001568698,11.421047,1.0015687
data\processed\bfw\asian\n004725\0302_01.jpg,data\processed\bfw\asian\n008934\0209_01.jpg,n004725,n008934,asian,asian,males,females,,,0,-0.082771055,14.094992,1.0827711
data\processed\bfw\asian\n002552\0040_01.jpg,data\processed\bfw\asian\n004800\0245_01.jpg,n002552,n004800,asian,asian,males,males,,,0,0.25856948,10.482507,0.7414305
data\processed\bfw\asian\n008383\0062_06.jpg,data\processed\bfw\asian\n008383\0118_01.jpg,n008383,n008383,asian,asian,females,females,,,1,0.47253105,9.122269,0.5274689
data\processed\bfw\asian\n004787\0128_01.jpg,data\processed\bfw\asian\n004467\0158_01.jpg,n004787,n004467,asian,asian,females,males,,,0,0.04977134,12.525619,0.9502287
data\processed\bfw\asian\n003357\0085_01.jpg,data\processed\bfw\asian\n003357\0422_01.jpg,n003357,n003357,asian,asian,females,females,,,1,0.44031096,8.305174,0.55968904
data\processed\bfw\asian\n003533\0616_01.jpg,data\processed\bfw\asian\n001976\0071_01.jpg,n003533,n001976,asian,asian,males,males,,,0,0.010277669,11.29703,0.9897223
data\processed\bfw\asian\n004877\0122_01.jpg,data\processed\bfw\asian\n004877\0135_01.jpg,n004877,n004877,asian,asian,females,females,,,1,0.5061435,8.905783,0.4938565
data\processed\bfw\asian\n003223\0398_02.jpg,data\processed\bfw\asian\n008148\0073_01.jpg,n003223,n008148,asian,asian,males,females,,,0,-0.009294122,13.337323,1.0092942
data\processed\bfw\asian\n002509\0104_02.jpg,data\processed\bfw\asian\n002509\0319_01.jpg,n002509,n002509,asian,asian,females,females,,,1,0.2244873,11.187144,0.7755127
data\processed\bfw\asian\n002775\0119_01.jpg,data\processed\bfw\asian\n004805\0289_01.jpg,n002775,n004805,asian,asian,males,males,,,0,0.11933856,11.982474,0.8806614
data\processed\bfw\asian\n005069\0135_01.jpg,data\processed\bfw\asian\n005069\0586_01.jpg,n005069,n005069,asian,asian,females,females,,,1,0.3556479,8.655409,0.6443521
data\processed\bfw\asian\n000132\0006_01__face_0.jpg,data\processed\bfw\asian\n001496\0664_01.jpg,n000132,n001496,asian,asian,males,males,,,0,0.11775435,11.513903,0.88224566
data\processed\bfw\asian\n005063\0271_01.jpg,data\processed\bfw\asian\n004864\0102_01.jpg,n005063,n004864,asian,asian,females,females,,,0,0.17464922,11.704831,0.82535076
data\processed\bfw\asian\n006418\0090_03.jpg,data\processed\bfw\asian\n006418\0152_04.jpg,n006418,n006418,asian,asian,females,females,,,1,0.27360103,10.361916,0.72639894
data\processed\bfw\asian\n001572\0329_01.jpg,data\processed\bfw\asian\n001572\0377_01.jpg,n001572,n001572,asian,asian,females,females,,,1,0.35334063,9.995515,0.6466594
data\processed\bfw\asian\n006619\0135_01.jpg,data\processed\bfw\asian\n006619\0368_01.jpg,n006619,n006619,asian,asian,females,females,,,1,0.3406626,9.489497,0.6593374
data\processed\bfw\asian\n003635\0151_01.jpg,data\processed\bfw\asian\n003635\0156_01.jpg,n003635,n003635,asian,asian,males,males,,,1,0.20202631,10.469065,0.7979737
data\processed\bfw\asian\n005069\0353_01.jpg,data\processed\bfw\asian\n005069\0586_01.jpg,n005069,n005069,asian,asian,females,females,,,1,0.1475943,10.686482,0.85240567
data\processed\bfw\asian\n006634\0090_01.jpg,data\processed\bfw\asian\n006634\0118_01.jpg,n006634,n006634,asian,asian,females,females,,,1,-0.09782486,10.501957,1.0978248
data\processed\bfw\asian\n005085\0224_01.jpg,data\processed\bfw\asian\n006358\0101_06.jpg,n005085,n006358,asian,asian,females,females,,,0,0.11175242,13.056883,0.8882476
data\processed\bfw\asian\n003506\0136_01.jpg,data\processed\bfw\asian\n003506\0371_01.jpg,n003506,n003506,asian,asian,females,females,,,1,0.1646549,10.732148,0.8353451
data\processed\bfw\asian\n004469\0098_02.jpg,data\processed\bfw\asian\n004469\0117_01.jpg,n004469,n004469,asian,asian,males,males,,,1,0.6010489,8.245222,0.3989511
data\processed\bfw\asian\n006126\0039_01.jpg,data\processed\bfw\asian\n006148\0074_01.jpg,n006126,n006148,asian,asian,females,females,,,0,0.0071970695,9.748676,0.9928029
data\processed\bfw\asian\n009278\0087_02.jpg,data\processed\bfw\asian\n009278\0192_01.jpg,n009278,n009278,asian,asian,females,females,,,1,0.30205363,11.525208,0.69794637
data\processed\bfw\asian\n003357\0020_01.jpg,data\processed\bfw\asian\n001976\0082_01.jpg,n003357,n001976,asian,asian,females,males,,,0,0.2195181,11.244631,0.78048193
data\processed\bfw\asian\n004108\0341_01.jpg,data\processed\bfw\asian\n009103\0265_03.jpg,n004108,n009103,asian,asian,males,females,,,0,0.12941808,10.938329,0.8705819
data\processed\bfw\asian\n007372\0039_01.jpg,data\processed\bfw\asian\n007372\0078_01.jpg,n007372,n007372,asian,asian,females,females,,,1,0.44839108,9.330106,0.5516089
data\processed\bfw\asian\n003482\0284_06.jpg,data\processed\bfw\asian\n003482\0408_02.jpg,n003482,n003482,asian,asian,males,males,,,1,0.17429845,10.153615,0.82570153
data\processed\bfw\asian\n004930\0235_01.jpg,data\processed\bfw\asian\n004681\0101_01.jpg,n004930,n004681,asian,asian,females,males,,,0,0.24313869,10.143031,0.7568613
data\processed\bfw\asian\n006125\0113_01.jpg,data\processed\bfw\asian\n008934\0619_01.jpg,n006125,n008934,asian,asian,females,females,,,0,0.35639098,8.639921,0.64360905
data\processed\bfw\asian\n007385\0258_01.jpg,data\processed\bfw\asian\n000158\0064_03.jpg,n007385,n000158,asian,asian,females,males,,,0,0.023988592,11.324885,0.9760114
data\processed\bfw\asian\n004687\0221_01.jpg,data\processed\bfw\asian\n004687\0243_01.jpg,n004687,n004687,asian,asian,females,females,,,1,0.52583593,8.574948,0.47416407
data\processed\bfw\asian\n004936\0111_04.jpg,data\processed\bfw\asian\n004936\0245_01.jpg,n004936,n004936,asian,asian,females,females,,,1,0.29648343,10.60505,0.7035166
data\processed\bfw\asian\n000160\0109_01.jpg,data\processed\bfw\asian\n006223\0312_01.jpg,n000160,n006223,asian,asian,females,females,,,0,0.36654884,9.536359,0.63345116
data\processed\bfw\asian\n002775\0047_05.jpg,data\processed\bfw\asian\n002775\0069_01.jpg,n002775,n002775,asian,asian,males,males,,,1,0.7021741,8.140055,0.29782587
data\processed\bfw\asian\n004721\0286_01.jpg,data\processed\bfw\asian\n003357\0147_01.jpg,n004721,n003357,asian,asian,males,females,,,0,0.15366693,13.550121,0.8463331
data\processed\bfw\asian\n006203\0088_01.jpg,data\processed\bfw\asian\n009148\0027_01.jpg,n006203,n009148,asian,asian,females,females,,,0,0.11518064,12.014647,0.8848194
data\processed\bfw\asian\n006222\0035_01.jpg,data\processed\bfw\asian\n006222\0119_02.jpg,n006222,n006222,asian,asian,females,females,,,1,0.4148513,10.378431,0.5851487
data\processed\bfw\asian\n004687\0031_01.jpg,data\processed\bfw\asian\n007378\0140_01.jpg,n004687,n007378,asian,asian,females,females,,,0,0.19052726,11.422533,0.80947274
data\processed\bfw\asian\n004721\0321_01.jpg,data\processed\bfw\asian\n005069\0209_01.jpg,n004721,n005069,asian,asian,males,females,,,0,0.015753347,10.275309,0.9842467
data\processed\bfw\asian\n000840\0015_01.jpg,data\processed\bfw\asian\n004108\0276_01.jpg,n000840,n004108,asian,asian,females,males,,,0,0.073660895,11.186605,0.9263391
data\processed\bfw\asian\n004870\0007_01.jpg,data\processed\bfw\asian\n004870\0050_02.jpg,n004870,n004870,asian,asian,females,females,,,1,0.58216906,9.035717,0.41783094
data\processed\bfw\asian\n009103\0035_01.jpg,data\processed\bfw\asian\n004686\0458_01.jpg,n009103,n004686,asian,asian,females,males,,,0,0.18517038,11.502803,0.8148296
data\processed\bfw\asian\n006224\0158_01.jpg,data\processed\bfw\asian\n003449\0066_01.jpg,n006224,n003449,asian,asian,females,females,,,0,-0.13713397,10.474399,1.137134
data\processed\bfw\asian\n002644\0492_01.jpg,data\processed\bfw\asian\n001562\0080_02.jpg,n002644,n001562,asian,asian,males,males,,,0,0.102132656,11.46028,0.8978673
data\processed\bfw\asian\n004466\0048_01.jpg,data\processed\bfw\asian\n006774\0492_02.jpg,n004466,n006774,asian,asian,males,females,,,0,0.23324692,9.334649,0.7667531
data\processed\bfw\asian\n009288\0180_01.jpg,data\processed\bfw\asian\n004109\0070_01.jpg,n009288,n004109,asian,asian,females,males,,,0,0.032757454,13.316654,0.96724254
data\processed\bfw\asian\n005446\0118_01.jpg,data\processed\bfw\asian\n005446\0144_01.jpg,n005446,n005446,asian,asian,females,females,,,1,0.7215946,7.071964,0.27840543
data\processed\bfw\asian\n000139\0501_01.jpg,data\processed\bfw\asian\n009276\0253_02.jpg,n000139,n009276,asian,asian,females,females,,,0,0.11528075,11.396056,0.88471925
data\processed\bfw\asian\n003557\0088_04.jpg,data\processed\bfw\asian\n003557\0240_01.jpg,n003557,n003557,asian,asian,females,females,,,1,0.2704824,10.143997,0.7295176
data\processed\bfw\asian\n003506\0637_01.jpg,data\processed\bfw\asian\n005071\0055_02.jpg,n003506,n005071,asian,asian,females,males,,,0,0.054681428,13.906657,0.9453186
data\processed\bfw\asian\n000132\0114_06__face_0.jpg,data\processed\bfw\asian\n006223\0239_01.jpg,n000132,n006223,asian,asian,males,females,,,0,0.13822436,12.275941,0.86177564
data\processed\bfw\asian\n003481\0015_01.jpg,data\processed\bfw\asian\n003481\0096_02.jpg,n003481,n003481,asian,asian,females,females,,,1,0.6524607,8.399536,0.3475393
data\processed\bfw\asian\n004687\0010_04.jpg,data\processed\bfw\asian\n004687\0019_01.jpg,n004687,n004687,asian,asian,females,females,,,1,0.4600817,8.566454,0.5399183
data\processed\bfw\asian\n004860\0820_01.jpg,data\processed\bfw\asian\n002775\0069_01.jpg,n004860,n002775,asian,asian,females,males,,,0,-0.017258706,11.932693,1.0172588
data\processed\bfw\asian\n004930\0282_01.jpg,data\processed\bfw\asian\n005072\0225_01.jpg,n004930,n005072,asian,asian,females,males,,,0,0.049256705,13.052669,0.9507433
data\processed\bfw\asian\n002406\0310_02.jpg,data\processed\bfw\asian\n000160\0075_01.jpg,n002406,n000160,asian,asian,males,females,,,0,0.106072724,12.707259,0.8939273
data\processed\bfw\asian\n007814\0339_01.jpg,data\processed\bfw\asian\n006418\0040_01.jpg,n007814,n006418,asian,asian,females,females,,,0,0.20535015,9.751439,0.79464984
data\processed\bfw\asian\n006159\0011_01.jpg,data\processed\bfw\asian\n006159\0076_04.jpg,n006159,n006159,asian,asian,females,females,,,1,0.60912263,10.455578,0.39087737
data\processed\bfw\asian\n003533\0326_02.jpg,data\processed\bfw\asian\n003533\0615_01.jpg,n003533,n003533,asian,asian,males,males,,,1,0.4137239,8.309011,0.5862761
data\processed\bfw\asian\n000839\0185_01.jpg,data\processed\bfw\asian\n009276\0046_01.jpg,n000839,n009276,asian,asian,females,females,,,0,0.27588773,11.238528,0.7241123
data\processed\bfw\asian\n009103\0365_05.jpg,data\processed\bfw\asian\n005069\0110_02.jpg,n009103,n005069,asian,asian,females,females,,,0,0.3796465,10.8646755,0.62035346
data\processed\bfw\asian\n004860\0063_01.jpg,data\processed\bfw\asian\n006774\0084_01.jpg,n004860,n006774,asian,asian,females,females,,,0,0.2664859,11.392129,0.7335141
data\processed\bfw\asian\n005083\0054_01.jpg,data\processed\bfw\asian\n005083\0190_01.jpg,n005083,n005083,asian,asian,females,females,,,1,0.59772855,8.32114,0.40227145
data\processed\bfw\asian\n006358\0076_01.jpg,data\processed\bfw\asian\n002644\0303_01.jpg,n006358,n002644,asian,asian,females,males,,,0,-0.026652342,13.763467,1.0266523
data\processed\bfw\asian\n003288\0089_01.jpg,data\processed\bfw\asian\n000139\0498_01.jpg,n003288,n000139,asian,asian,females,females,,,0,0.18151218,12.238606,0.8184878
data\processed\bfw\asian\n003162\0191_01.jpg,data\processed\bfw\asian\n008978\0134_01.jpg,n003162,n008978,asian,asian,males,females,,,0,-0.12228496,13.527215,1.122285
data\processed\bfw\asian\n004860\0107_01.jpg,data\processed\bfw\asian\n004860\0236_01.jpg,n004860,n004860,asian,asian,females,females,,,1,0.21182403,10.729352,0.78817594
data\processed\bfw\asian\n006619\0422_01.jpg,data\processed\bfw\asian\n006224\0293_01.jpg,n006619,n006224,asian,asian,females,females,,,0,-0.038069792,12.339611,1.0380698
data\processed\bfw\asian\n008163\0022_02.jpg,data\processed\bfw\asian\n008163\0276_01.jpg,n008163,n008163,asian,asian,females,females,,,1,0.38627088,8.380541,0.6137291
data\processed\bfw\asian\n007372\0027_01.jpg,data\processed\bfw\asian\n007372\0247_01.jpg,n007372,n007372,asian,asian,females,females,,,1,0.44842046,9.034102,0.55157954
data\processed\bfw\asian\n003635\0109_04.jpg,data\processed\bfw\asian\n005063\0042_01.jpg,n003635,n005063,asian,asian,males,females,,,0,0.024636714,12.481621,0.9753633
data\processed\bfw\asian\n004680\0143_02.jpg,data\processed\bfw\asian\n009103\0363_05.jpg,n004680,n009103,asian,asian,females,females,,,0,0.17138572,12.048036,0.8286143
data\processed\bfw\asian\n009275\0343_01.jpg,data\processed\bfw\asian\n002725\0102_01.jpg,n009275,n002725,asian,asian,females,females,,,0,0.2254989,10.52018,0.7745011
data\processed\bfw\asian\n006148\0120_01.jpg,data\processed\bfw\asian\n006148\0165_01.jpg,n006148,n006148,asian,asian,females,females,,,1,0.40402615,9.411754,0.59597385
data\processed\bfw\asian\n004221\0243_01.jpg,data\processed\bfw\asian\n004221\0450_01.jpg,n004221,n004221,asian,asian,males,males,,,1,0.09856797,12.32236,0.90143204
data\processed\bfw\asian\n004108\0077_01.jpg,data\processed\bfw\asian\n004108\0401_02.jpg,n004108,n004108,asian,asian,males,males,,,1,0.31023827,11.067072,0.68976176
data\processed\bfw\asian\n006125\0163_01.jpg,data\processed\bfw\asian\n006619\0098_01.jpg,n006125,n006619,asian,asian,females,females,,,0,0.19966868,11.398505,0.80033135
data\processed\bfw\asian\n004800\0013_01.jpg,data\processed\bfw\asian\n004800\0537_01.jpg,n004800,n004800,asian,asian,males,males,,,1,0.3488216,8.73541,0.65117836
data\processed\bfw\asian\n003167\0210_01.jpg,data\processed\bfw\asian\n003481\0770_01.jpg,n003167,n003481,asian,asian,males,females,,,0,0.12641883,13.01362,0.8735812
data\processed\bfw\asian\n000132\0153_01__face_0.jpg,data\processed\bfw\asian\n003288\0579_02.jpg,n000132,n003288,asian,asian,males,females,,,0,-0.06178637,12.60391,1.0617864
data\processed\bfw\asian\n006633\0195_02.jpg,data\processed\bfw\asian\n006633\0299_01.jpg,n006633,n006633,asian,asian,females,females,,,1,0.5014214,9.200535,0.4985786
data\processed\bfw\asian\n003824\0148_01.jpg,data\processed\bfw\asian\n003824\0158_01.jpg,n003824,n003824,asian,asian,females,females,,,1,0.3266829,10.902626,0.6733171
data\processed\bfw\asian\n009042\0085_01.jpg,data\processed\bfw\asian\n009042\0394_01.jpg,n009042,n009042,asian,asian,females,females,,,1,0.30911386,11.67761,0.69088614
data\processed\bfw\asian\n006126\0105_01.jpg,data\processed\bfw\asian\n004860\0567_02.jpg,n006126,n004860,asian,asian,females,females,,,0,0.21160068,9.559382,0.78839934
data\processed\bfw\asian\n005177\0152_01.jpg,data\processed\bfw\asian\n005177\0196_01.jpg,n005177,n005177,asian,asian,males,males,,,1,0.15962864,11.004545,0.8403714
data\processed\bfw\asian\n003357\0008_01.jpg,data\processed\bfw\asian\n003357\0285_01.jpg,n003357,n003357,asian,asian,females,females,,,1,0.36787385,8.692309,0.63212615
data\processed\bfw\asian\n009294\0081_01.jpg,data\processed\bfw\asian\n003463\0104_01.jpg,n009294,n003463,asian,asian,females,males,,,0,0.28156838,9.3367605,0.7184316
data\processed\bfw\asian\n003489\0046_02.jpg,data\processed\bfw\asian\n003489\0271_01.jpg,n003489,n003489,asian,asian,males,males,,,1,0.1803555,13.157209,0.8196445
data\processed\bfw\asian\n006149\0197_02.jpg,data\processed\bfw\asian\n006149\0349_01.jpg,n006149,n006149,asian,asian,females,females,,,1,0.32462892,9.65202,0.67537105
data\processed\bfw\asian\n003824\0122_01.jpg,data\processed\bfw\asian\n009288\0121_01.jpg,n003824,n009288,asian,asian,females,females,,,0,0.3193088,10.664683,0.68069124
data\processed\bfw\asian\n003506\0019_01.jpg,data\processed\bfw\asian\n003506\0371_01.jpg,n003506,n003506,asian,asian,females,females,,,1,0.1572071,11.097636,0.84279287
data\processed\bfw\asian\n003357\0246_01.jpg,data\processed\bfw\asian\n004791\0190_01.jpg,n003357,n004791,asian,asian,females,males,,,0,0.1221612,10.794794,0.8778388
data\processed\bfw\asian\n004472\0206_01.jpg,data\processed\bfw\asian\n008148\0137_01.jpg,n004472,n008148,asian,asian,females,females,,,0,0.25075132,10.9848795,0.7492487
data\processed\bfw\asian\n007378\0217_01.jpg,data\processed\bfw\asian\n007378\0479_01.jpg,n007378,n007378,asian,asian,females,females,,,1,0.24471119,9.38476,0.75528884
data\processed\bfw\asian\n004109\0125_01.jpg,data\processed\bfw\asian\n004787\0009_01.jpg,n004109,n004787,asian,asian,males,females,,,0,0.24715813,10.431484,0.7528419
data\processed\bfw\asian\n000839\0162_01.jpg,data\processed\bfw\asian\n000839\0407_01.jpg,n000839,n000839,asian,asian,females,females,,,1,0.16419931,9.23429,0.8358007
data\processed\bfw\asian\n005063\0144_01.jpg,data\processed\bfw\asian\n005063\0271_01.jpg,n005063,n005063,asian,asian,females,females,,,1,0.24936537,11.199465,0.7506346
data\processed\bfw\asian\n000158\0667_01.jpg,data\processed\bfw\asian\n007899\0084_02.jpg,n000158,n007899,asian,asian,males,females,,,0,-0.0031288087,13.030318,1.0031288
data\processed\bfw\asian\n009177\0053_02.jpg,data\processed\bfw\asian\n009177\0136_01.jpg,n009177,n009177,asian,asian,females,females,,,1,0.390533,10.6459255,0.609467
data\processed\bfw\asian\n008383\0062_06.jpg,data\processed\bfw\asian\n008383\0126_02.jpg,n008383,n008383,asian,asian,females,females,,,1,0.15514034,11.376022,0.84485966
data\processed\bfw\asian\n000148\0229_01.jpg,data\processed\bfw\asian\n000148\0269_01.jpg,n000148,n000148,asian,asian,females,females,,,1,0.51294416,9.731606,0.48705584
data\processed\bfw\asian\n003491\0104_03.jpg,data\processed\bfw\asian\n003491\0115_03.jpg,n003491,n003491,asian,asian,males,males,,,1,0.16417329,11.09652,0.8358267
data\processed\bfw\asian\n005177\0076_01.jpg,data\processed\bfw\asian\n005177\0161_01.jpg,n005177,n005177,asian,asian,males,males,,,1,0.5700167,8.931018,0.42998332
data\processed\bfw\asian\n000854\0239_01.jpg,data\processed\bfw\asian\n000137\0004_01.jpg,n000854,n000137,asian,asian,females,females,,,0,-0.13396898,13.466045,1.133969
data\processed\bfw\asian\n004687\0268_01.jpg,data\processed\bfw\asian\n003489\0112_01.jpg,n004687,n003489,asian,asian,females,males,,,0,0.16401456,12.176068,0.8359854
data\processed\bfw\asian\n001976\0028_01.jpg,data\processed\bfw\asian\n001976\0665_02.jpg,n001976,n001976,asian,asian,males,males,,,1,0.3687248,7.970093,0.6312752
data\processed\bfw\asian\n003156\0032_01.jpg,data\processed\bfw\asian\n003156\0134_01.jpg,n003156,n003156,asian,asian,males,males,,,1,0.43207675,8.120305,0.56792325
data\processed\bfw\asian\n006222\0032_01.jpg,data\processed\bfw\asian\n006222\0119_02.jpg,n006222,n006222,asian,asian,females,females,,,1,0.39976877,10.389741,0.60023123
data\processed\bfw\asian\n007664\0137_01.jpg,data\processed\bfw\asian\n007385\0126_01.jpg,n007664,n007385,asian,asian,females,females,,,0,-0.011304042,13.293703,1.011304
data\processed\bfw\asian\n004809\0178_02.jpg,data\processed\bfw\asian\n004809\0561_01.jpg,n004809,n004809,asian,asian,males,males,,,1,0.2264479,10.666497,0.7735521
data\processed\bfw\asian\n005474\0118_02.jpg,data\processed\bfw\asian\n005474\0769_01.jpg,n005474,n005474,asian,asian,females,females,,,1,0.4210403,9.5460615,0.5789597
data\processed\bfw\asian\n004805\0036_01.jpg,data\processed\bfw\asian\n005378\0409_02.jpg,n004805,n005378,asian,asian,males,females,,,0,0.18129095,10.919637,0.818709
data\processed\bfw\asian\n005072\0184_03.jpg,data\processed\bfw\asian\n005072\0235_01.jpg,n005072,n005072,asian,asian,males,males,,,1,0.44407916,9.366721,0.55592084
data\processed\bfw\asian\n006159\0174_01.jpg,data\processed\bfw\asian\n008383\0532_01.jpg,n006159,n008383,asian,asian,females,females,,,0,0.2719163,11.978157,0.7280837
data\processed\bfw\asian\n000137\0050_01.jpg,data\processed\bfw\asian\n000137\0088_01.jpg,n000137,n000137,asian,asian,females,females,,,1,0.27543026,9.971677,0.72456974
data\processed\bfw\asian\n004680\0027_01.jpg,data\processed\bfw\asian\n004680\0053_01.jpg,n004680,n004680,asian,asian,females,females,,,1,0.38667032,10.161494,0.61332965
data\processed\bfw\asian\n001496\0171_01.jpg,data\processed\bfw\asian\n000143\0734_02.jpg,n001496,n000143,asian,asian,males,females,,,0,0.11651363,12.092461,0.8834864
data\processed\bfw\asian\n009148\0141_02.jpg,data\processed\bfw\asian\n009148\0155_01.jpg,n009148,n009148,asian,asian,females,females,,,1,0.3034582,7.6194944,0.6965418
data\processed\bfw\asian\n003824\0160_01.jpg,data\processed\bfw\asian\n003557\0007_02.jpg,n003824,n003557,asian,asian,females,females,,,0,0.19385296,12.03361,0.80614704
data\processed\bfw\asian\n007270\0289_01.jpg,data\processed\bfw\asian\n003153\0246_01.jpg,n007270,n003153,asian,asian,females,females,,,0,0.15682791,10.986669,0.8431721
data\processed\bfw\asian\n007385\0137_01.jpg,data\processed\bfw\asian\n009137\0142_01.jpg,n007385,n009137,asian,asian,females,females,,,0,0.40328425,9.595669,0.59671575
data\processed\bfw\asian\n008934\0108_01.jpg,data\processed\bfw\asian\n008934\0630_01.jpg,n008934,n008934,asian,asian,females,females,,,1,0.31920654,11.476542,0.68079346
data\processed\bfw\asian\n003155\0136_02.jpg,data\processed\bfw\asian\n003155\1053_04.jpg,n003155,n003155,asian,asian,males,males,,,1,0.04681883,11.767378,0.95318115
data\processed\bfw\asian\n004809\0166_04.jpg,data\processed\bfw\asian\n008934\0353_01.jpg,n004809,n008934,asian,asian,males,females,,,0,0.07273342,10.381334,0.9272666
data\processed\bfw\asian\n007814\0173_03.jpg,data\processed\bfw\asian\n003358\0318_02.jpg,n007814,n003358,asian,asian,females,females,,,0,0.40674075,9.218782,0.5932592
data\processed\bfw\asian\n004725\0302_01.jpg,data\processed\bfw\asian\n004725\0341_01.jpg,n004725,n004725,asian,asian,males,males,,,1,0.23900352,11.771087,0.76099646
data\processed\bfw\asian\n006358\0055_02.jpg,data\processed\bfw\asian\n007378\0284_01.jpg,n006358,n007378,asian,asian,females,females,,,0,0.10952876,12.531552,0.8904712
data\processed\bfw\asian\n003463\0023_01.jpg,data\processed\bfw\asian\n003463\0075_01.jpg,n003463,n003463,asian,asian,males,males,,,1,0.4926477,8.6743965,0.5073523
data\processed\bfw\asian\n004785\0364_01.jpg,data\processed\bfw\asian\n004870\0098_01.jpg,n004785,n004870,asian,asian,females,females,,,0,0.21257608,10.859042,0.7874239
data\processed\bfw\asian\n004864\0045_01.jpg,data\processed\bfw\asian\n004864\0262_01.jpg,n004864,n004864,asian,asian,females,females,,,1,0.3526487,8.962157,0.64735126
data\processed\bfw\asian\n008148\0025_01.jpg,data\processed\bfw\asian\n005078\0250_01.jpg,n008148,n005078,asian,asian,females,males,,,0,0.022706972,12.668925,0.977293
data\processed\bfw\asian\n007270\0124_01.jpg,data\processed\bfw\asian\n004791\0134_01.jpg,n007270,n004791,asian,asian,females,males,,,0,-0.13365743,11.579486,1.1336575
data\processed\bfw\asian\n003355\0016_01.jpg,data\processed\bfw\asian\n003355\0254_01.jpg,n003355,n003355,asian,asian,males,males,,,1,0.420299,9.531276,0.579701
data\processed\bfw\asian\n004721\0110_01.jpg,data\processed\bfw\asian\n004721\0286_01.jpg,n004721,n004721,asian,asian,males,males,,,1,0.22759758,12.263638,0.7724024
data\processed\bfw\asian\n008401\0469_01.jpg,data\processed\bfw\asian\n007738\0097_01.jpg,n008401,n007738,asian,asian,females,females,,,0,0.1296594,10.376339,0.8703406
data\processed\bfw\asian\n004549\0039_01.jpg,data\processed\bfw\asian\n002331\0292_01.jpg,n004549,n002331,asian,asian,females,males,,,0,0.09900486,12.616035,0.90099514
data\processed\bfw\asian\n002331\0054_02.jpg,data\processed\bfw\asian\n000161\0119_02.jpg,n002331,n000161,asian,asian,males,males,,,0,0.25483072,12.872463,0.7451693
data\processed\bfw\asian\n006224\0201_01.jpg,data\processed\bfw\asian\n005116\0086_01.jpg,n006224,n005116,asian,asian,females,males,,,0,-0.047886934,9.624301,1.047887
data\processed\bfw\asian\n006148\0030_01.jpg,data\processed\bfw\asian\n002320\0272_03.jpg,n006148,n002320,asian,asian,females,males,,,0,0.09795476,12.121272,0.90204525
data\processed\bfw\asian\n005177\0012_01.jpg,data\processed\bfw\asian\n005177\0042_01.jpg,n005177,n005177,asian,asian,males,males,,,1,0.67633516,7.3503585,0.32366484
data\processed\bfw\asian\n000009\0012_01.jpg,data\processed\bfw\asian\n000009\0043_01.jpg,n000009,n000009,asian,asian,females,females,,,1,0.29211974,11.045726,0.70788026
data\processed\bfw\asian\n003162\0188_01.jpg,data\processed\bfw\asian\n003162\0259_01.jpg,n003162,n003162,asian,asian,males,males,,,1,0.55040216,9.8838215,0.44959784
data\processed\bfw\asian\n009042\0085_01.jpg,data\processed\bfw\asian\n009042\0144_01.jpg,n009042,n009042,asian,asian,females,females,,,1,0.44189757,9.317302,0.5581024
data\processed\bfw\asian\n006222\0032_01.jpg,data\processed\bfw\asian\n006222\0122_01.jpg,n006222,n006222,asian,asian,females,females,,,1,0.5048765,9.124032,0.4951235
data\processed\bfw\asian\n007372\0013_01.jpg,data\processed\bfw\asian\n007372\0091_01.jpg,n007372,n007372,asian,asian,females,females,,,1,0.5390516,8.67086,0.4609484
data\processed\bfw\asian\n003167\0533_01.jpg,data\processed\bfw\asian\n000838\0040_02.jpg,n003167,n000838,asian,asian,males,females,,,0,0.12993437,13.303556,0.8700656
data\processed\bfw\asian\n006344\0113_01.jpg,data\processed\bfw\asian\n006344\0431_07.jpg,n006344,n006344,asian,asian,females,females,,,1,0.35571763,8.184107,0.64428234
data\processed\bfw\asian\n003223\0059_03.jpg,data\processed\bfw\asian\n003223\0089_01.jpg,n003223,n003223,asian,asian,males,males,,,1,0.49439588,8.3507805,0.50560415
data\processed\bfw\asian\n009275\0034_02.jpg,data\processed\bfw\asian\n003155\1012_07.jpg,n009275,n003155,asian,asian,females,males,,,0,0.16482714,10.745763,0.8351729
data\processed\bfw\asian\n004721\0347_03.jpg,data\processed\bfw\asian\n004721\0505_01.jpg,n004721,n004721,asian,asian,males,males,,,1,0.50956166,9.321329,0.49043834
data\processed\bfw\asian\n000873\0050_02.jpg,data\processed\bfw\asian\n000873\0068_01.jpg,n000873,n000873,asian,asian,males,males,,,1,0.40408918,9.459785,0.5959108
data\processed\bfw\asian\n007385\0065_01.jpg,data\processed\bfw\asian\n007385\0193_01.jpg,n007385,n007385,asian,asian,females,females,,,1,0.51874256,8.915054,0.48125744
data\processed\bfw\asian\n004860\0040_01.jpg,data\processed\bfw\asian\n006358\0136_02.jpg,n004860,n006358,asian,asian,females,females,,,0,0.11741501,11.815541,0.882585
data\processed\bfw\asian\n003824\0097_01.jpg,data\processed\bfw\asian\n009177\0053_02.jpg,n003824,n009177,asian,asian,females,females,,,0,0.26149833,10.744816,0.73850167
data\processed\bfw\asian\n003155\0178_01.jpg,data\processed\bfw\asian\n000837\0020_01.jpg,n003155,n000837,asian,asian,males,females,,,0,0.06723203,12.986743,0.932768
data\processed\bfw\asian\n006633\0489_03.jpg,data\processed\bfw\asian\n003465\0204_01.jpg,n006633,n003465,asian,asian,females,males,,,0,0.091275804,13.3580885,0.9087242
data\processed\bfw\asian\n009148\0039_05.jpg,data\processed\bfw\asian\n009148\0097_01.jpg,n009148,n009148,asian,asian,females,females,,,1,0.32436997,10.629904,0.67563003
data\processed\bfw\asian\n006149\0139_02.jpg,data\processed\bfw\asian\n004935\0327_01.jpg,n006149,n004935,asian,asian,females,males,,,0,0.13379791,12.459385,0.8662021
data\processed\bfw\asian\n002552\0532_01.jpg,data\processed\bfw\asian\n002552\0561_08.jpg,n002552,n002552,asian,asian,males,males,,,1,0.34572154,9.08135,0.65427846
data\processed\bfw\asian\n000160\0436_01.jpg,data\processed\bfw\asian\n004930\0320_02.jpg,n000160,n004930,asian,asian,females,females,,,0,0.21030071,12.074766,0.7896993
data\processed\bfw\asian\n005077\0248_01.jpg,data\processed\bfw\asian\n007385\0137_01.jpg,n005077,n007385,asian,asian,females,females,,,0,0.20671035,10.58105,0.79328966
data\processed\bfw\asian\n002509\0191_01.jpg,data\processed\bfw\asian\n002509\0243_01.jpg,n002509,n002509,asian,asian,females,females,,,1,0.10279145,9.542517,0.8972086
data\processed\bfw\asian\n009137\0057_01.jpg,data\processed\bfw\asian\n009137\0321_02.jpg,n009137,n009137,asian,asian,females,females,,,1,0.24176215,10.387386,0.75823784
data\processed\bfw\asian\n004221\0155_01.jpg,data\processed\bfw\asian\n004221\0187_01.jpg,n004221,n004221,asian,asian,males,males,,,1,0.6337806,8.156841,0.3662194
data\processed\bfw\asian\n004680\0116_01.jpg,data\processed\bfw\asian\n004680\0430_01.jpg,n004680,n004680,asian,asian,females,females,,,1,0.41175938,10.465938,0.5882406
data\processed\bfw\asian\n003162\0379_02.jpg,data\processed\bfw\asian\n003162\0479_02.jpg,n003162,n003162,asian,asian,males,males,,,1,0.4016573,10.458552,0.59834266
data\processed\bfw\asian\n006633\0299_01.jpg,data\processed\bfw\asian\n006633\0489_03.jpg,n006633,n006633,asian,asian,females,females,,,1,0.20720094,10.384424,0.79279906
data\processed\bfw\asian\n008401\0405_01.jpg,data\processed\bfw\asian\n002331\0029_01.jpg,n008401,n002331,asian,asian,females,males,,,0,0.015164354,14.29713,0.9848356
data\processed\bfw\asian\n006125\0076_02.jpg,data\processed\bfw\asian\n006125\0247_01.jpg,n006125,n006125,asian,asian,females,females,,,1,0.21925238,11.012498,0.78074765
data\processed\bfw\asian\n004791\0204_01.jpg,data\processed\bfw\asian\n004791\0209_01.jpg,n004791,n004791,asian,asian,males,males,,,1,0.4553604,8.108249,0.5446396
data\processed\bfw\asian\n006148\0098_06.jpg,data\processed\bfw\asian\n005078\0079_01.jpg,n006148,n005078,asian,asian,females,males,,,0,0.013284631,11.5654745,0.9867154
data\processed\bfw\asian\n005069\0062_01.jpg,data\processed\bfw\asian\n005069\0148_01.jpg,n005069,n005069,asian,asian,females,females,,,1,0.5441263,8.503753,0.45587373
data\processed\bfw\asian\n009287\0143_01.jpg,data\processed\bfw\asian\n009287\0173_01.jpg,n009287,n009287,asian,asian,females,females,,,1,0.50653046,9.821727,0.49346954
data\processed\bfw\asian\n008148\0183_01.jpg,data\processed\bfw\asian\n007816\0543_01.jpg,n008148,n007816,asian,asian,females,females,,,0,0.1166392,10.259626,0.8833608
data\processed\bfw\asian\n000139\0210_01.jpg,data\processed\bfw\asian\n000139\0498_01.jpg,n000139,n000139,asian,asian,females,females,,,1,0.4733265,9.829876,0.5266735
data\processed\bfw\asian\n007270\0124_01.jpg,data\processed\bfw\asian\n007270\0410_01.jpg,n007270,n007270,asian,asian,females,females,,,1,0.67720294,7.234079,0.32279706
data\processed\bfw\asian\n003463\0125_01.jpg,data\processed\bfw\asian\n003463\0132_01.jpg,n003463,n003463,asian,asian,males,males,,,1,0.879441,4.5519867,0.12055898
data\processed\bfw\asian\n005446\0103_01.jpg,data\processed\bfw\asian\n005446\0141_01.jpg,n005446,n005446,asian,asian,females,females,,,1,0.6266578,7.0814056,0.37334222
data\processed\bfw\asian\n009042\0098_05.jpg,data\processed\bfw\asian\n002644\0997_01.jpg,n009042,n002644,asian,asian,females,males,,,0,0.19588037,11.9682665,0.80411965
data\processed\bfw\asian\n003449\0083_01.jpg,data\processed\bfw\asian\n003449\0210_04.jpg,n003449,n003449,asian,asian,females,females,,,1,0.33681637,11.9641075,0.6631836
data\processed\bfw\asian\n000132\0332_01__face_0.jpg,data\processed\bfw\asian\n000838\0249_01.jpg,n000132,n000838,asian,asian,males,females,,,0,0.2601132,9.441182,0.73988676
data\processed\bfw\asian\n004469\0092_01.jpg,data\processed\bfw\asian\n004469\0124_01.jpg,n004469,n004469,asian,asian,males,males,,,1,0.23796242,11.464215,0.7620376
data\processed\bfw\asian\n004794\0019_01.jpg,data\processed\bfw\asian\n004794\0062_01.jpg,n004794,n004794,asian,asian,males,males,,,1,0.333319,10.0549,0.666681
data\processed\bfw\asian\n000138\0014_01.jpg,data\processed\bfw\asian\n004948\0440_01.jpg,n000138,n004948,asian,asian,females,males,,,0,-0.037727155,10.336891,1.0377271
data\processed\bfw\asian\n000854\0282_01.jpg,data\processed\bfw\asian\n003824\0037_01.jpg,n000854,n003824,asian,asian,females,females,,,0,0.09700984,12.2410145,0.90299016
data\processed\bfw\asian\n009288\0307_01.jpg,data\processed\bfw\asian\n001682\0074_01.jpg,n009288,n001682,asian,asian,females,males,,,0,0.07073278,12.850961,0.9292672
data\processed\bfw\asian\n000009\0122_02.jpg,data\processed\bfw\asian\n000009\0195_01.jpg,n000009,n000009,asian,asian,females,females,,,1,0.041153096,10.738281,0.9588469
data\processed\bfw\asian\n006736\0169_01.jpg,data\processed\bfw\asian\n006736\0349_01.jpg,n006736,n006736,asian,asian,females,females,,,1,0.54132587,9.636343,0.45867413
data\processed\bfw\asian\n000839\0067_01.jpg,data\processed\bfw\asian\n000839\0407_01.jpg,n000839,n000839,asian,asian,females,females,,,1,0.081740044,10.579419,0.91826
data\processed\bfw\asian\n002775\0015_01.jpg,data\processed\bfw\asian\n003167\0595_01.jpg,n002775,n003167,asian,asian,males,males,,,0,0.12247728,13.579266,0.8775227
data\processed\bfw\asian\n003167\0042_07.jpg,data\processed\bfw\asian\n003167\0595_01.jpg,n003167,n003167,asian,asian,males,males,,,1,0.5927267,8.51083,0.4072733
data\processed\bfw\asian\n003156\0103_01.jpg,data\processed\bfw\asian\n004877\0076_01.jpg,n003156,n004877,asian,asian,males,females,,,0,0.05185285,12.227278,0.9481472
data\processed\bfw\asian\n002320\0210_02.jpg,data\processed\bfw\asian\n003357\0108_01.jpg,n002320,n003357,asian,asian,males,females,,,0,-0.030701712,11.807623,1.0307018
data\processed\bfw\asian\n000148\0152_01.jpg,data\processed\bfw\asian\n003482\0408_02.jpg,n000148,n003482,asian,asian,females,males,,,0,-0.11489122,12.238241,1.1148912
data\processed\bfw\asian\n001496\0218_01.jpg,data\processed\bfw\asian\n001496\0617_02.jpg,n001496,n001496,asian,asian,males,males,,,1,0.47321072,9.76923,0.5267893
data\processed\bfw\asian\n003155\0135_01.jpg,data\processed\bfw\asian\n003027\0448_07.jpg,n003155,n003027,asian,asian,males,males,,,0,-0.08501955,13.327362,1.0850196
data\processed\bfw\asian\n004809\0013_12.jpg,data\processed\bfw\asian\n004721\0145_01.jpg,n004809,n004721,asian,asian,males,males,,,0,0.25910655,9.922429,0.7408935
data\processed\bfw\asian\n001682\0031_01.jpg,data\processed\bfw\asian\n001682\0143_02.jpg,n001682,n001682,asian,asian,males,males,,,1,0.43560234,9.063784,0.5643977
data\processed\bfw\asian\n000854\0262_01.jpg,data\processed\bfw\asian\n000854\0428_01.jpg,n000854,n000854,asian,asian,females,females,,,1,0.32755965,8.651651,0.67244035
data\processed\bfw\asian\n004221\0135_02.jpg,data\processed\bfw\asian\n004221\0243_01.jpg,n004221,n004221,asian,asian,males,males,,,1,0.38121918,10.522792,0.61878085
data\processed\bfw\asian\n006149\0009_01.jpg,data\processed\bfw\asian\n001572\0262_01.jpg,n006149,n001572,asian,asian,females,females,,,0,0.13968839,10.429882,0.8603116
data\processed\bfw\asian\n006148\0030_01.jpg,data\processed\bfw\asian\n006148\0254_01.jpg,n006148,n006148,asian,asian,females,females,,,1,0.46905518,10.4584465,0.5309448
data\processed\bfw\asian\n005077\0079_01.jpg,data\processed\bfw\asian\n002725\0062_01.jpg,n005077,n002725,asian,asian,females,females,,,0,0.09974186,11.976143,0.9002581
data\processed\bfw\asian\n001976\0283_01.jpg,data\processed\bfw\asian\n001864\0038_01.jpg,n001976,n001864,asian,asian,males,males,,,0,0.2348485,10.765158,0.7651515
data\processed\bfw\asian\n005078\0107_01.jpg,data\processed\bfw\asian\n005078\0295_03.jpg,n005078,n005078,asian,asian,males,males,,,1,0.17159058,10.589791,0.82840943
data\processed\bfw\asian\n000137\0082_02.jpg,data\processed\bfw\asian\n000137\0097_01.jpg,n000137,n000137,asian,asian,females,females,,,1,0.14873625,11.029395,0.85126376
data\processed\bfw\asian\n003167\0064_01.jpg,data\processed\bfw\asian\n003167\0595_01.jpg,n003167,n003167,asian,asian,males,males,,,1,0.63540524,8.586426,0.36459476
data\processed\bfw\asian\n002509\0139_03.jpg,data\processed\bfw\asian\n002509\0223_01.jpg,n002509,n002509,asian,asian,females,females,,,1,0.06077326,11.96353,0.93922675
data\processed\bfw\asian\n006203\0129_01.jpg,data\processed\bfw\asian\n005216\0043_01.jpg,n006203,n005216,asian,asian,females,females,,,0,0.14147034,10.667243,0.8585297
data\processed\bfw\asian\n004109\0131_01.jpg,data\processed\bfw\asian\n006149\0162_01.jpg,n004109,n006149,asian,asian,males,females,,,0,-0.07199335,12.785026,1.0719934
data\processed\bfw\asian\n009042\0020_01.jpg,data\processed\bfw\asian\n001682\0052_01.jpg,n009042,n001682,asian,asian,females,males,,,0,0.21377952,13.371867,0.7862205
data\processed\bfw\asian\n004877\0073_01.jpg,data\processed\bfw\asian\n000436\0002_01.jpg,n004877,n000436,asian,asian,females,males,,,0,0.07875571,11.596799,0.92124426
data\processed\bfw\asian\n003162\0023_01.jpg,data\processed\bfw\asian\n003162\0379_02.jpg,n003162,n003162,asian,asian,males,males,,,1,0.5432324,9.487007,0.45676762
data\processed\bfw\asian\n008401\0139_02.jpg,data\processed\bfw\asian\n005085\0005_01.jpg,n008401,n005085,asian,asian,females,females,,,0,0.12047319,12.552462,0.8795268
data\processed\bfw\asian\n003156\0058_01.jpg,data\processed\bfw\asian\n005177\0013_01.jpg,n003156,n005177,asian,asian,males,males,,,0,0.03943987,12.186085,0.96056014
data\processed\bfw\asian\n003506\0278_02.jpg,data\processed\bfw\asian\n003506\0428_02.jpg,n003506,n003506,asian,asian,females,females,,,1,0.37460664,10.213207,0.6253934
data\processed\bfw\asian\n004794\0124_03.jpg,data\processed\bfw\asian\n004794\0612_01.jpg,n004794,n004794,asian,asian,males,males,,,1,0.33238053,8.979793,0.66761947
data\processed\bfw\asian\n009137\0031_03.jpg,data\processed\bfw\asian\n000161\0223_01.jpg,n009137,n000161,asian,asian,females,males,,,0,0.15706472,12.19247,0.84293526
data\processed\bfw\asian\n001572\0115_01.jpg,data\processed\bfw\asian\n004860\0779_01.jpg,n001572,n004860,asian,asian,females,females,,,0,0.09977839,11.915845,0.9002216
data\processed\bfw\asian\n009278\0137_01.jpg,data\processed\bfw\asian\n005085\0401_01.jpg,n009278,n005085,asian,asian,females,females,,,0,0.3307616,7.8300714,0.6692384
data\processed\bfw\asian\n004935\0351_01.jpg,data\processed\bfw\asian\n000854\0275_01.jpg,n004935,n000854,asian,asian,males,females,,,0,0.017498372,13.899957,0.9825016
data\processed\bfw\asian\n007270\0471_01.jpg,data\processed\bfw\asian\n009278\0259_01.jpg,n007270,n009278,asian,asian,females,females,,,0,0.18666326,11.80055,0.81333673
data\processed\bfw\asian\n009278\0228_01.jpg,data\processed\bfw\asian\n004721\0046_01.jpg,n009278,n004721,asian,asian,females,males,,,0,0.1851577,12.247999,0.8148423
data\processed\bfw\asian\n005177\0152_01.jpg,data\processed\bfw\asian\n005177\0303_01.jpg,n005177,n005177,asian,asian,males,males,,,1,0.4072385,9.165962,0.5927615
data\processed\bfw\asian\n004467\0677_01.jpg,data\processed\bfw\asian\n004870\0133_02.jpg,n004467,n004870,asian,asian,males,females,,,0,0.18785784,11.081691,0.81214213
data\processed\bfw\asian\n001496\0608_01.jpg,data\processed\bfw\asian\n009275\0397_03.jpg,n001496,n009275,asian,asian,males,females,,,0,-0.068888165,14.772254,1.0688882
data\processed\bfw\asian\n002509\0157_01.jpg,data\processed\bfw\asian\n002509\0319_01.jpg,n002509,n002509,asian,asian,females,females,,,1,0.08663946,10.499976,0.91336054
data\processed\bfw\asian\n004787\0158_01.jpg,data\processed\bfw\asian\n004787\0284_02.jpg,n004787,n004787,asian,asian,females,females,,,1,0.38442105,10.493093,0.61557895
data\processed\bfw\asian\n003463\0127_01.jpg,data\processed\bfw\asian\n001572\0010_01.jpg,n003463,n001572,asian,asian,males,females,,,0,0.17374961,11.119302,0.8262504
data\processed\bfw\asian\n006203\0357_01.jpg,data\processed\bfw\asian\n009279\0015_01.jpg,n006203,n009279,asian,asian,females,females,,,0,0.15921095,10.469982,0.8407891
data\processed\bfw\asian\n008163\0022_02.jpg,data\processed\bfw\asian\n008163\0640_01.jpg,n008163,n008163,asian,asian,females,females,,,1,0.42124817,9.603274,0.5787518
data\processed\bfw\asian\n000436\0348_01.jpg,data\processed\bfw\asian\n001572\0156_01.jpg,n000436,n001572,asian,asian,males,females,,,0,0.24570958,8.806624,0.7542904
data\processed\bfw\asian\n005474\0298_05.jpg,data\processed\bfw\asian\n005474\0726_02.jpg,n005474,n005474,asian,asian,females,females,,,1,0.22658175,10.790836,0.77341825
data\processed\bfw\asian\n001682\0142_01.jpg,data\processed\bfw\asian\n004794\0015_01.jpg,n001682,n004794,asian,asian,males,males,,,0,-0.11255109,9.734539,1.1125511
data\processed\bfw\asian\n004948\0199_02.jpg,data\processed\bfw\asian\n004948\0341_01.jpg,n004948,n004948,asian,asian,males,males,,,1,0.22977883,10.24965,0.7702212
data\processed\bfw\asian\n009148\0012_01.jpg,data\processed\bfw\asian\n009148\0050_05.jpg,n009148,n009148,asian,asian,females,females,,,1,0.37924597,11.167337,0.620754
data\processed\bfw\asian\n004467\0004_01.jpg,data\processed\bfw\asian\n004467\0418_01.jpg,n004467,n004467,asian,asian,males,males,,,1,0.47754425,10.314406,0.52245575
data\processed\bfw\asian\n004681\0206_01.jpg,data\processed\bfw\asian\n004681\0266_02.jpg,n004681,n004681,asian,asian,males,males,,,1,0.7297349,6.789754,0.2702651
data\processed\bfw\asian\n006148\0074_01.jpg,data\processed\bfw\asian\n006148\0595_02.jpg,n006148,n006148,asian,asian,females,females,,,1,0.0057945196,10.115317,0.9942055
data\processed\bfw\asian\n003482\0021_02.jpg,data\processed\bfw\asian\n003482\0227_01.jpg,n003482,n003482,asian,asian,males,males,,,1,0.2635647,10.787879,0.7364353
data\processed\bfw\asian\n005085\0666_02.jpg,data\processed\bfw\asian\n003635\0606_02.jpg,n005085,n003635,asian,asian,females,males,,,0,0.03257565,12.049719,0.96742433
data\processed\bfw\asian\n003153\0172_02.jpg,data\processed\bfw\asian\n009294\0063_01.jpg,n003153,n009294,asian,asian,females,females,,,0,0.10009889,10.087909,0.8999011
data\processed\bfw\asian\n004791\0361_01.jpg,data\processed\bfw\asian\n006148\0102_02.jpg,n004791,n006148,asian,asian,males,females,,,0,0.17673746,11.282709,0.8232626
data\processed\bfw\asian\n005071\0128_02.jpg,data\processed\bfw\asian\n005071\0154_01.jpg,n005071,n005071,asian,asian,males,males,,,1,0.53219366,9.729377,0.46780634
data\processed\bfw\asian\n004549\0368_01.jpg,data\processed\bfw\asian\n007089\0058_01.jpg,n004549,n007089,asian,asian,females,females,,,0,0.29607096,11.433379,0.70392907
data\processed\bfw\asian\n005177\0063_01.jpg,data\processed\bfw\asian\n005177\0152_01.jpg,n005177,n005177,asian,asian,males,males,,,1,0.3574418,9.670047,0.6425582
data\processed\bfw\asian\n005177\0045_01.jpg,data\processed\bfw\asian\n005177\0196_01.jpg,n005177,n005177,asian,asian,males,males,,,1,0.099913836,12.282179,0.90008616
data\processed\bfw\asian\n005072\0350_01.jpg,data\processed\bfw\asian\n004681\0340_01.jpg,n005072,n004681,asian,asian,males,males,,,0,0.014008375,10.854964,0.9859916
data\processed\bfw\asian\n003557\0102_03.jpg,data\processed\bfw\asian\n003557\0459_01.jpg,n003557,n003557,asian,asian,females,females,,,1,0.26558033,9.03703,0.7344197
data\processed\bfw\asian\n009294\0098_01.jpg,data\processed\bfw\asian\n009294\0194_01.jpg,n009294,n009294,asian,asian,females,females,,,1,0.123771094,9.974094,0.8762289
data\processed\bfw\asian\n006224\0138_01.jpg,data\processed\bfw\asian\n006224\0164_01.jpg,n006224,n006224,asian,asian,females,females,,,1,0.31250137,7.978855,0.6874986
data\processed\bfw\asian\n006619\0197_01.jpg,data\processed\bfw\asian\n006619\0334_03.jpg,n006619,n006619,asian,asian,females,females,,,1,0.43045393,9.001125,0.5695461
data\processed\bfw\asian\n008934\0111_01.jpg,data\processed\bfw\asian\n008934\0211_01.jpg,n008934,n008934,asian,asian,females,females,,,1,0.5168762,9.433656,0.48312378
data\processed\bfw\asian\n003465\0241_01.jpg,data\processed\bfw\asian\n000132\0027_01__face_0.jpg,n003465,n000132,asian,asian,males,males,,,0,0.28058085,10.484415,0.7194191
data\processed\bfw\asian\n009288\0281_02.jpg,data\processed\bfw\asian\n009288\0299_01.jpg,n009288,n009288,asian,asian,females,females,,,1,0.430051,10.802098,0.56994903
data\processed\bfw\asian\n006223\0160_01.jpg,data\processed\bfw\asian\n006223\0260_01.jpg,n006223,n006223,asian,asian,females,females,,,1,0.3864781,8.933034,0.61352193
data\processed\bfw\asian\n002406\0103_01.jpg,data\processed\bfw\asian\n002406\0165_03.jpg,n002406,n002406,asian,asian,males,males,,,1,0.12735933,11.6530905,0.87264067
data\processed\bfw\asian\n005216\0307_01.jpg,data\processed\bfw\asian\n006774\0075_01.jpg,n005216,n006774,asian,asian,females,females,,,0,0.28686896,10.277635,0.71313107
data\processed\bfw\asian\n009276\0106_07.jpg,data\processed\bfw\asian\n009276\0140_04.jpg,n009276,n009276,asian,asian,females,females,,,1,0.2585111,10.525051,0.74148893
data\processed\bfw\asian\n004467\0656_01.jpg,data\processed\bfw\asian\n000838\0037_01.jpg,n004467,n000838,asian,asian,males,females,,,0,0.1239144,12.472783,0.8760856
data\processed\bfw\asian\n005378\0242_02.jpg,data\processed\bfw\asian\n005378\0294_01.jpg,n005378,n005378,asian,asian,females,females,,,1,0.2287903,11.664192,0.7712097
data\processed\bfw\asian\n004870\0007_01.jpg,data\processed\bfw\asian\n004870\0020_01.jpg,n004870,n004870,asian,asian,females,females,,,1,0.6062644,8.622236,0.3937356
data\processed\bfw\asian\n006203\0130_01.jpg,data\processed\bfw\asian\n006203\0241_05.jpg,n006203,n006203,asian,asian,females,females,,,1,0.03224113,9.951251,0.9677589
data\processed\bfw\asian\n004686\0077_01.jpg,data\processed\bfw\asian\n004686\0433_01.jpg,n004686,n004686,asian,asian,males,males,,,1,0.2549217,10.6177635,0.7450783
data\processed\bfw\asian\n004800\0111_01.jpg,data\processed\bfw\asian\n004930\0290_01.jpg,n004800,n004930,asian,asian,males,females,,,0,0.31344,9.166748,0.68656003
data\processed\bfw\asian\n009125\0181_01.jpg,data\processed\bfw\asian\n004687\0216_01.jpg,n009125,n004687,asian,asian,females,females,,,0,-0.092833646,13.288603,1.0928336
data\processed\bfw\asian\n005069\0246_01.jpg,data\processed\bfw\asian\n003465\0241_01.jpg,n005069,n003465,asian,asian,females,males,,,0,0.05509694,12.682376,0.9449031
data\processed\bfw\asian\n007089\0055_01.jpg,data\processed\bfw\asian\n002775\0034_02.jpg,n007089,n002775,asian,asian,females,males,,,0,0.020894451,15.277077,0.97910553
data\processed\bfw\asian\n003449\0164_01.jpg,data\processed\bfw\asian\n003824\0335_01.jpg,n003449,n003824,asian,asian,females,females,,,0,0.30820933,11.058586,0.6917907
data\processed\bfw\asian\n007816\0279_01.jpg,data\processed\bfw\asian\n007816\0397_01.jpg,n007816,n007816,asian,asian,females,females,,,1,0.25590017,9.261132,0.74409986
data\processed\bfw\asian\n003481\0096_02.jpg,data\processed\bfw\asian\n004466\0003_01.jpg,n003481,n004466,asian,asian,females,males,,,0,-0.0053031105,11.578863,1.0053031
data\processed\bfw\asian\n004687\0113_01.jpg,data\processed\bfw\asian\n004687\0268_01.jpg,n004687,n004687,asian,asian,females,females,,,1,0.23728111,10.165305,0.7627189
data\processed\bfw\asian\n000143\0013_01.jpg,data\processed\bfw\asian\n000143\0069_01.jpg,n000143,n000143,asian,asian,females,females,,,1,0.49013612,8.610151,0.50986385
data\processed\bfw\asian\n005378\0093_02.jpg,data\processed\bfw\asian\n005378\0234_02.jpg,n005378,n005378,asian,asian,females,females,,,1,0.10619418,11.590359,0.8938058
data\processed\bfw\asian\n000143\0064_01.jpg,data\processed\bfw\asian\n009041\0562_01.jpg,n000143,n009041,asian,asian,females,females,,,0,0.082726866,11.673127,0.91727316
data\processed\bfw\asian\n004109\0047_02.jpg,data\processed\bfw\asian\n000143\0135_02.jpg,n004109,n000143,asian,asian,males,females,,,0,0.015007258,10.378479,0.98499274
data\processed\bfw\asian\n000837\0009_01.jpg,data\processed\bfw\asian\n009287\0143_01.jpg,n000837,n009287,asian,asian,females,females,,,0,0.03874186,13.089247,0.9612581
data\processed\bfw\asian\n009175\0061_01.jpg,data\processed\bfw\asian\n006149\0096_01.jpg,n009175,n006149,asian,asian,females,females,,,0,0.18801826,11.204144,0.81198174
data\processed\bfw\asian\n003489\0061_01.jpg,data\processed\bfw\asian\n003482\0284_06.jpg,n003489,n003482,asian,asian,males,males,,,0,-0.026576838,12.946693,1.0265769
data\processed\bfw\asian\n007372\0086_01.jpg,data\processed\bfw\asian\n005446\0475_01.jpg,n007372,n005446,asian,asian,females,females,,,0,0.07162479,11.177259,0.9283752
data\processed\bfw\asian\n004721\0177_01.jpg,data\processed\bfw\asian\n004721\0347_03.jpg,n004721,n004721,asian,asian,males,males,,,1,0.70790565,8.195894,0.29209435
data\processed\bfw\asian\n007380\0073_01.jpg,data\processed\bfw\asian\n000132\0234_01__face_0.jpg,n007380,n000132,asian,asian,females,males,,,0,0.024451932,13.08873,0.9755481
data\processed\bfw\asian\n000137\0059_01.jpg,data\processed\bfw\asian\n000132\0094_02__face_0.jpg,n000137,n000132,asian,asian,females,males,,,0,0.12981302,12.039593,0.870187
data\processed\bfw\asian\n003491\0024_01.jpg,data\processed\bfw\asian\n006148\0165_01.jpg,n003491,n006148,asian,asian,males,females,,,0,0.10060391,11.613954,0.89939606
data\processed\bfw\asian\n000143\0081_01.jpg,data\processed\bfw\asian\n005063\0439_01.jpg,n000143,n005063,asian,asian,females,females,,,0,0.09793866,10.203443,0.90206134
data\processed\bfw\asian\n003357\0422_01.jpg,data\processed\bfw\asian\n001682\0074_01.jpg,n003357,n001682,asian,asian,females,males,,,0,-0.13179685,14.033529,1.1317968
data\processed\bfw\asian\n003491\0033_01.jpg,data\processed\bfw\asian\n003491\0070_06.jpg,n003491,n003491,asian,asian,males,males,,,1,0.53944016,8.978085,0.46055984
data\processed\bfw\asian\n002331\0199_01.jpg,data\processed\bfw\asian\n002331\0277_01.jpg,n002331,n002331,asian,asian,males,males,,,1,0.34163406,9.850711,0.65836596
data\processed\bfw\asian\n005085\0464_01.jpg,data\processed\bfw\asian\n005085\0679_01.jpg,n005085,n005085,asian,asian,females,females,,,1,0.16968483,8.657337,0.8303152
data\processed\bfw\asian\n003506\0307_01.jpg,data\processed\bfw\asian\n001496\0171_01.jpg,n003506,n001496,asian,asian,females,males,,,0,0.041760843,11.742541,0.95823914
data\processed\bfw\asian\n004805\0025_01.jpg,data\processed\bfw\asian\n004805\0289_01.jpg,n004805,n004805,asian,asian,males,males,,,1,0.40811828,8.859894,0.59188175
data\processed\bfw\asian\n005078\0072_01.jpg,data\processed\bfw\asian\n005078\0581_01.jpg,n005078,n005078,asian,asian,males,males,,,1,0.24479435,9.935612,0.75520563
data\processed\bfw\asian\n005083\0198_01.jpg,data\processed\bfw\asian\n000873\0534_01.jpg,n005083,n000873,asian,asian,females,males,,,0,-0.0041530323,12.70647,1.004153
data\processed\bfw\asian\n008383\0161_02.jpg,data\processed\bfw\asian\n002320\0006_01.jpg,n008383,n002320,asian,asian,females,males,,,0,0.07953134,12.67443,0.9204687
data\processed\bfw\asian\n003027\0047_01.jpg,data\processed\bfw\asian\n005177\0019_01.jpg,n003027,n005177,asian,asian,males,males,,,0,0.2011856,12.627695,0.7988144
data\processed\bfw\asian\n002725\0039_02.jpg,data\processed\bfw\asian\n002725\0267_01.jpg,n002725,n002725,asian,asian,females,females,,,1,0.44120046,9.337907,0.5587995
data\processed\bfw\asian\n003557\0013_01.jpg,data\processed\bfw\asian\n000837\0020_01.jpg,n003557,n000837,asian,asian,females,females,,,0,0.20324509,10.678743,0.7967549
data\processed\bfw\asian\n003223\0059_03.jpg,data\processed\bfw\asian\n003223\0070_02.jpg,n003223,n003223,asian,asian,males,males,,,1,0.28834423,9.413887,0.71165574
data\processed\bfw\asian\n006159\0127_02.jpg,data\processed\bfw\asian\n006159\0244_01.jpg,n006159,n006159,asian,asian,females,females,,,1,0.38841113,11.676969,0.61158884
data\processed\bfw\asian\n003467\0217_01.jpg,data\processed\bfw\asian\n006358\0041_01.jpg,n003467,n006358,asian,asian,females,females,,,0,0.2823023,11.29062,0.71769774
data\processed\bfw\asian\n007270\0124_01.jpg,data\processed\bfw\asian\n007270\0289_01.jpg,n007270,n007270,asian,asian,females,females,,,1,0.60922563,6.83307,0.39077437
data\processed\bfw\asian\n004860\0820_01.jpg,data\processed\bfw\asian\n007380\0475_01.jpg,n004860,n007380,asian,asian,females,females,,,0,0.19535829,7.8575373,0.8046417
data\processed\bfw\asian\n003357\0001_01.jpg,data\processed\bfw\asian\n004935\0703_01.jpg,n003357,n004935,asian,asian,females,males,,,0,0.07440777,11.786058,0.92559224
data\processed\bfw\asian\n004687\0113_01.jpg,data\processed\bfw\asian\n000137\0265_01.jpg,n004687,n000137,asian,asian,females,females,,,0,0.0595739,10.936831,0.9404261
data\processed\bfw\asian\n000135\0467_01.jpg,data\processed\bfw\asian\n003155\0393_01.jpg,n000135,n003155,asian,asian,females,males,,,0,0.13386644,12.44648,0.8661336
data\processed\bfw\asian\n000161\0001_01.jpg,data\processed\bfw\asian\n000161\0141_02.jpg,n000161,n000161,asian,asian,males,males,,,1,0.5119441,9.164092,0.48805588
data\processed\bfw\asian\n004725\0121_01.jpg,data\processed\bfw\asian\n004725\0302_01.jpg,n004725,n004725,asian,asian,males,males,,,1,0.5510126,9.856254,0.44898742
data\processed\bfw\asian\n000161\0477_01.jpg,data\processed\bfw\asian\n001682\0031_01.jpg,n000161,n001682,asian,asian,males,males,,,0,-0.045921396,10.642023,1.0459214
data\processed\bfw\asian\n007899\0166_01.jpg,data\processed\bfw\asian\n007899\0172_04.jpg,n007899,n007899,asian,asian,females,females,,,1,0.36737588,10.013246,0.63262415
data\processed\bfw\asian\n004221\0114_02.jpg,data\processed\bfw\asian\n004221\0124_01.jpg,n004221,n004221,asian,asian,males,males,,,1,0.529251,9.850577,0.47074902
data\processed\bfw\asian\n004805\0025_01.jpg,data\processed\bfw\asian\n009278\0039_02.jpg,n004805,n009278,asian,asian,males,females,,,0,0.092495814,11.773336,0.9075042
data\processed\bfw\asian\n008148\0082_01.jpg,data\processed\bfw\asian\n002775\0088_02.jpg,n008148,n002775,asian,asian,females,males,,,0,-0.16061988,14.407301,1.1606199
data\processed\bfw\asian\n006149\0005_01.jpg,data\processed\bfw\asian\n006149\0064_01.jpg,n006149,n006149,asian,asian,females,females,,,1,0.3728621,9.988409,0.6271379
data\processed\bfw\asian\n004930\0200_01.jpg,data\processed\bfw\asian\n004930\0236_01.jpg,n004930,n004930,asian,asian,females,females,,,1,0.39561462,10.745683,0.6043854
data\processed\bfw\asian\n004877\0004_01.jpg,data\processed\bfw\asian\n004877\0007_01.jpg,n004877,n004877,asian,asian,females,females,,,1,0.5701179,9.080119,0.4298821
data\processed\bfw\asian\n006148\0254_01.jpg,data\processed\bfw\asian\n006358\0029_02.jpg,n006148,n006358,asian,asian,females,females,,,0,-0.020123208,15.076972,1.0201232
data\processed\bfw\asian\n006619\0288_01.jpg,data\processed\bfw\asian\n006619\0333_01.jpg,n006619,n006619,asian,asian,females,females,,,1,0.19153525,10.341512,0.80846477
data\processed\bfw\asian\n007899\0174_01.jpg,data\processed\bfw\asian\n007899\0250_01.jpg,n007899,n007899,asian,asian,females,females,,,1,0.37451324,10.348545,0.62548673
data\processed\bfw\asian\n004870\0069_01.jpg,data\processed\bfw\asian\n004870\0178_06.jpg,n004870,n004870,asian,asian,females,females,,,1,0.27503827,10.469632,0.72496176
data\processed\bfw\asian\n007380\0088_01.jpg,data\processed\bfw\asian\n003481\0107_01.jpg,n007380,n003481,asian,asian,females,females,,,0,0.2792376,9.697974,0.7207624
data\processed\bfw\asian\n006224\0067_01.jpg,data\processed\bfw\asian\n006224\0116_01.jpg,n006224,n006224,asian,asian,females,females,,,1,0.4761741,7.4390664,0.5238259
data\processed\bfw\asian\n009041\0134_01.jpg,data\processed\bfw\asian\n009041\0560_01.jpg,n009041,n009041,asian,asian,females,females,,,1,0.26408234,11.5522175,0.7359177
data\processed\bfw\asian\n005069\0225_01.jpg,data\processed\bfw\asian\n009103\0421_01.jpg,n005069,n009103,asian,asian,females,females,,,0,0.2563391,8.777598,0.7436609
data\processed\bfw\asian\n004930\0235_01.jpg,data\processed\bfw\asian\n009278\0039_02.jpg,n004930,n009278,asian,asian,females,females,,,0,0.12119236,11.15372,0.87880766
data\processed\bfw\asian\n006159\0183_01.jpg,data\processed\bfw\asian\n006159\0244_01.jpg,n006159,n006159,asian,asian,females,females,,,1,0.40206388,9.850514,0.59793615
data\processed\bfw\asian\n004785\0145_01.jpg,data\processed\bfw\asian\n004109\0032_02.jpg,n004785,n004109,asian,asian,females,males,,,0,0.004513684,11.972759,0.9954863
data\processed\bfw\asian\n005078\0107_01.jpg,data\processed\bfw\asian\n005078\0134_01.jpg,n005078,n005078,asian,asian,males,males,,,1,0.46991807,8.975614,0.5300819
data\processed\bfw\asian\n004469\0083_02.jpg,data\processed\bfw\asian\n004469\0807_01.jpg,n004469,n004469,asian,asian,males,males,,,1,0.6122198,7.796215,0.3877802
data\processed\bfw\asian\n007816\0030_01.jpg,data\processed\bfw\asian\n007816\0279_01.jpg,n007816,n007816,asian,asian,females,females,,,1,0.43097785,8.041271,0.5690222
data\processed\bfw\asian\n003153\0610_04.jpg,data\processed\bfw\asian\n003167\0141_01.jpg,n003153,n003167,asian,asian,females,males,,,0,0.04809427,13.153718,0.9519057
data\processed\bfw\asian\n009042\0059_01.jpg,data\processed\bfw\asian\n009125\0363_01.jpg,n009042,n009125,asian,asian,females,females,,,0,0.21772489,11.468985,0.7822751
data\processed\bfw\asian\n000148\0025_01.jpg,data\processed\bfw\asian\n000148\0482_01.jpg,n000148,n000148,asian,asian,females,females,,,1,0.1293199,10.136148,0.8706801
data\processed\bfw\asian\n003357\0406_01.jpg,data\processed\bfw\asian\n003357\0469_01.jpg,n003357,n003357,asian,asian,females,females,,,1,0.29685763,10.571397,0.7031424
data\processed\bfw\asian\n009276\0298_01.jpg,data\processed\bfw\asian\n009276\0317_01.jpg,n009276,n009276,asian,asian,females,females,,,1,0.18100357,11.474352,0.8189964
data\processed\bfw\asian\n000839\0168_01.jpg,data\processed\bfw\asian\n000839\0479_01.jpg,n000839,n000839,asian,asian,females,females,,,1,0.48148307,8.5268,0.5185169
data\processed\bfw\asian\n004787\0278_01.jpg,data\processed\bfw\asian\n004787\0679_05.jpg,n004787,n004787,asian,asian,females,females,,,1,0.16589968,9.225783,0.8341003
data\processed\bfw\asian\n009276\0361_01.jpg,data\processed\bfw\asian\n003635\0177_02.jpg,n009276,n003635,asian,asian,females,males,,,0,-0.064176776,11.476064,1.0641768
data\processed\bfw\asian\n006223\0239_01.jpg,data\processed\bfw\asian\n006223\0519_01.jpg,n006223,n006223,asian,asian,females,females,,,1,0.06393694,11.688561,0.93606305
data\processed\bfw\asian\n000158\0199_03.jpg,data\processed\bfw\asian\n006344\0192_02.jpg,n000158,n006344,asian,asian,males,females,,,0,0.013806218,12.755704,0.9861938
data\processed\bfw\asian\n008383\0068_01.jpg,data\processed\bfw\asian\n004680\0178_01.jpg,n008383,n004680,asian,asian,females,females,,,0,0.24539177,11.100544,0.7546082
data\processed\bfw\asian\n008163\0229_01.jpg,data\processed\bfw\asian\n008163\0429_01.jpg,n008163,n008163,asian,asian,females,females,,,1,0.5668098,8.85515,0.43319023
data\processed\bfw\asian\n006344\0322_01.jpg,data\processed\bfw\asian\n006344\0577_01.jpg,n006344,n006344,asian,asian,females,females,,,1,0.30184537,8.597867,0.6981546
data\processed\bfw\asian\n004472\0484_01.jpg,data\processed\bfw\asian\n004877\0135_01.jpg,n004472,n004877,asian,asian,females,females,,,0,0.27713355,10.159303,0.7228664
data\processed\bfw\asian\n004549\0296_01.jpg,data\processed\bfw\asian\n004549\0357_03.jpg,n004549,n004549,asian,asian,females,females,,,1,0.35416785,11.2563715,0.6458322
data\processed\bfw\asian\n003463\0304_01.jpg,data\processed\bfw\asian\n003465\0169_01.jpg,n003463,n003465,asian,asian,males,males,,,0,-0.016439075,12.096197,1.0164391
data\processed\bfw\asian\n004809\0238_01.jpg,data\processed\bfw\asian\n004809\0328_01.jpg,n004809,n004809,asian,asian,males,males,,,1,0.57521325,8.606212,0.42478675
data\processed\bfw\asian\n009041\0032_01.jpg,data\processed\bfw\asian\n009041\0118_01.jpg,n009041,n009041,asian,asian,females,females,,,1,0.41766056,9.758401,0.5823394
data\processed\bfw\asian\n000161\0125_01.jpg,data\processed\bfw\asian\n003167\0064_01.jpg,n000161,n003167,asian,asian,males,males,,,0,0.18520905,13.634103,0.81479096
data\processed\bfw\asian\n004800\0169_01.jpg,data\processed\bfw\asian\n000137\0032_01.jpg,n004800,n000137,asian,asian,males,females,,,0,0.08172688,8.525204,0.9182731
data\processed\bfw\asian\n009287\0185_01.jpg,data\processed\bfw\asian\n009287\0256_04.jpg,n009287,n009287,asian,asian,females,females,,,1,0.5018315,10.150351,0.49816853
data\processed\bfw\asian\n007664\0045_01.jpg,data\processed\bfw\asian\n007664\0065_01.jpg,n007664,n007664,asian,asian,females,females,,,1,0.5030944,9.362222,0.49690562
data\processed\bfw\asian\n000838\0060_04.jpg,data\processed\bfw\asian\n000838\0066_01.jpg,n000838,n000838,asian,asian,females,females,,,1,0.33576623,9.312133,0.6642338
data\processed\bfw\asian\n005474\0129_02.jpg,data\processed\bfw\asian\n005474\0162_02.jpg,n005474,n005474,asian,asian,females,females,,,1,0.35457835,9.447603,0.6454216
data\processed\bfw\asian\n006619\0005_01.jpg,data\processed\bfw\asian\n004786\0056_01.jpg,n006619,n004786,asian,asian,females,females,,,0,0.17082117,10.896828,0.8291788
data\processed\bfw\asian\n000158\0367_01.jpg,data\processed\bfw\asian\n001682\0142_01.jpg,n000158,n001682,asian,asian,males,males,,,0,0.15364458,9.729879,0.84635544
data\processed\bfw\asian\n004864\0004_01.jpg,data\processed\bfw\asian\n004864\0148_01.jpg,n004864,n004864,asian,asian,females,females,,,1,0.6360431,8.593268,0.36395693
data\processed\bfw\asian\n009287\0261_01.jpg,data\processed\bfw\asian\n009287\0278_01.jpg,n009287,n009287,asian,asian,females,females,,,1,0.15657042,12.592427,0.84342957
data\processed\bfw\asian\n005446\0279_01.jpg,data\processed\bfw\asian\n005474\0129_02.jpg,n005446,n005474,asian,asian,females,females,,,0,0.27172926,9.316634,0.72827077
data\processed\bfw\asian\n002775\0011_07.jpg,data\processed\bfw\asian\n002775\0074_01.jpg,n002775,n002775,asian,asian,males,males,,,1,0.37284458,12.146965,0.6271554
data\processed\bfw\asian\n003824\0148_01.jpg,data\processed\bfw\asian\n003824\0335_01.jpg,n003824,n003824,asian,asian,females,females,,,1,0.2810985,10.783249,0.7189015
data\processed\bfw\asian\n000137\0248_01.jpg,data\processed\bfw\asian\n003489\0051_03.jpg,n000137,n003489,asian,asian,females,males,,,0,-0.069710664,13.539976,1.0697106
data\processed\bfw\asian\n005177\0032_01.jpg,data\processed\bfw\asian\n005177\0321_01.jpg,n005177,n005177,asian,asian,males,males,,,1,0.6005697,8.547876,0.39943027
data\processed\bfw\asian\n007378\0112_03.jpg,data\processed\bfw\asian\n007378\0474_01.jpg,n007378,n007378,asian,asian,females,females,,,1,0.35659903,9.49679,0.64340097
data\processed\bfw\asian\n007270\0155_01.jpg,data\processed\bfw\asian\n004786\0135_01.jpg,n007270,n004786,asian,asian,females,females,,,0,0.07099326,11.005612,0.92900676
data\processed\bfw\asian\n003491\0019_01.jpg,data\processed\bfw\asian\n003491\0104_03.jpg,n003491,n003491,asian,asian,males,males,,,1,0.55060524,9.487366,0.44939476
data\processed\bfw\asian\n004221\0075_01.jpg,data\processed\bfw\asian\n004221\0158_03.jpg,n004221,n004221,asian,asian,males,males,,,1,0.54748243,8.624012,0.45251757
data\processed\bfw\asian\n000837\0046_02.jpg,data\processed\bfw\asian\n000837\0075_01.jpg,n000837,n000837,asian,asian,females,females,,,1,0.51984936,8.894013,0.48015064
data\processed\bfw\asian\n007664\0153_01.jpg,data\processed\bfw\asian\n007664\0367_01.jpg,n007664,n007664,asian,asian,females,females,,,1,0.13786532,12.105336,0.8621347
data\processed\bfw\asian\n004466\0321_01.jpg,data\processed\bfw\asian\n004469\0168_01.jpg,n004466,n004469,asian,asian,males,males,,,0,0.1874212,11.666836,0.8125788
data\processed\bfw\asian\n008148\0013_01.jpg,data\processed\bfw\asian\n008148\0108_01.jpg,n008148,n008148,asian,asian,females,females,,,1,0.29645547,11.310068,0.7035445
data\processed\bfw\asian\n003357\0033_01.jpg,data\processed\bfw\asian\n003357\0493_01.jpg,n003357,n003357,asian,asian,females,females,,,1,0.49558693,7.6664934,0.50441307
data\processed\bfw\asian\n002406\0173_01.jpg,data\processed\bfw\asian\n009294\0104_01.jpg,n002406,n009294,asian,asian,males,females,,,0,-0.07939149,11.788779,1.0793915
data\processed\bfw\asian\n000148\0013_01.jpg,data\processed\bfw\asian\n000148\0152_01.jpg,n000148,n000148,asian,asian,females,females,,,1,0.3593448,9.72743,0.64065516
data\processed\bfw\asian\n004680\0178_01.jpg,data\processed\bfw\asian\n004680\0241_01.jpg,n004680,n004680,asian,asian,females,females,,,1,0.5830242,7.9538484,0.4169758
data\processed\bfw\asian\n004469\0169_01.jpg,data\processed\bfw\asian\n002320\0272_03.jpg,n004469,n002320,asian,asian,males,males,,,0,0.102581844,13.152133,0.89741814
data\processed\bfw\asian\n005216\0043_01.jpg,data\processed\bfw\asian\n005216\0220_01.jpg,n005216,n005216,asian,asian,females,females,,,1,0.21845943,9.893402,0.7815406
data\processed\bfw\asian\n004930\0082_01.jpg,data\processed\bfw\asian\n009125\0051_02.jpg,n004930,n009125,asian,asian,females,females,,,0,0.23915468,12.326894,0.7608453
data\processed\bfw\asian\n000161\0162_01.jpg,data\processed\bfw\asian\n005474\0005_01.jpg,n000161,n005474,asian,asian,males,females,,,0,0.10864229,11.483408,0.8913577
data\processed\bfw\asian\n004948\0016_01.jpg,data\processed\bfw\asian\n004948\0341_01.jpg,n004948,n004948,asian,asian,males,males,,,1,0.29546702,8.292312,0.704533
data\processed\bfw\asian\n004800\0289_02.jpg,data\processed\bfw\asian\n004800\0866_03.jpg,n004800,n004800,asian,asian,males,males,,,1,0.39334795,8.979998,0.606652
data\processed\bfw\asian\n003491\0070_06.jpg,data\processed\bfw\asian\n008148\0389_02.jpg,n003491,n008148,asian,asian,males,females,,,0,0.16828656,11.081665,0.83171344
data\processed\bfw\asian\n005072\0015_01.jpg,data\processed\bfw\asian\n005072\0350_01.jpg,n005072,n005072,asian,asian,males,males,,,1,0.38359937,11.034982,0.6164006
data\processed\bfw\asian\n009275\0397_03.jpg,data\processed\bfw\asian\n006418\0165_02.jpg,n009275,n006418,asian,asian,females,females,,,0,0.2768557,10.0348215,0.7231443
data\processed\bfw\asian\n000839\0120_01.jpg,data\processed\bfw\asian\n003481\0245_01.jpg,n000839,n003481,asian,asian,females,females,,,0,0.19203703,10.386737,0.80796295
data\processed\bfw\asian\n000137\0138_01.jpg,data\processed\bfw\asian\n000137\0187_01.jpg,n000137,n000137,asian,asian,females,females,,,1,0.0848197,10.223589,0.9151803
data\processed\bfw\asian\n006358\0083_03.jpg,data\processed\bfw\asian\n006418\0075_02.jpg,n006358,n006418,asian,asian,females,females,,,0,0.17765184,12.371202,0.8223482
data\processed\bfw\asian\n007372\0039_01.jpg,data\processed\bfw\asian\n000839\0049_01.jpg,n007372,n000839,asian,asian,females,females,,,0,0.33711687,9.913117,0.66288316
data\processed\bfw\asian\n003355\0024_07.jpg,data\processed\bfw\asian\n006223\0148_01.jpg,n003355,n006223,asian,asian,males,females,,,0,0.15447752,10.656744,0.84552246
data\processed\bfw\asian\n006619\0034_01.jpg,data\processed\bfw\asian\n005071\0115_02.jpg,n006619,n005071,asian,asian,females,males,,,0,-0.013601901,11.490307,1.0136019
data\processed\bfw\asian\n007378\0175_01.jpg,data\processed\bfw\asian\n003463\0097_02.jpg,n007378,n003463,asian,asian,females,males,,,0,0.22039966,10.868759,0.7796003
data\processed\bfw\asian\n009042\0072_01.jpg,data\processed\bfw\asian\n009042\0122_03.jpg,n009042,n009042,asian,asian,females,females,,,1,0.5703139,8.482236,0.42968613
data\processed\bfw\asian\n002644\0226_01.jpg,data\processed\bfw\asian\n005072\0068_02.jpg,n002644,n005072,asian,asian,males,males,,,0,0.28640223,9.894156,0.7135978
data\processed\bfw\asian\n007378\0049_01.jpg,data\processed\bfw\asian\n005072\0181_01.jpg,n007378,n005072,asian,asian,females,males,,,0,0.17141767,10.943759,0.82858235
data\processed\bfw\asian\n004786\0128_03.jpg,data\processed\bfw\asian\n004786\0203_01.jpg,n004786,n004786,asian,asian,females,females,,,1,0.4272839,10.715468,0.5727161
data\processed\bfw\asian\n000135\0013_02.jpg,data\processed\bfw\asian\n005085\0658_01.jpg,n000135,n005085,asian,asian,females,females,,,0,0.2620319,10.907932,0.7379681
data\processed\bfw\asian\n004948\0091_01.jpg,data\processed\bfw\asian\n004948\0318_02.jpg,n004948,n004948,asian,asian,males,males,,,1,0.27228808,9.690305,0.7277119
data\processed\bfw\asian\n006634\0101_01.jpg,data\processed\bfw\asian\n006634\0135_01.jpg,n006634,n006634,asian,asian,females,females,,,1,0.75441015,7.114813,0.24558985
data\processed\bfw\asian\n003027\0397_01.jpg,data\processed\bfw\asian\n004809\0013_04.jpg,n003027,n004809,asian,asian,males,males,,,0,0.016656213,10.885388,0.9833438
data\processed\bfw\asian\n001682\0052_01.jpg,data\processed\bfw\asian\n001682\0085_01.jpg,n001682,n001682,asian,asian,males,males,,,1,0.70779014,8.206168,0.29220986
data\processed\bfw\asian\n003449\0118_08.jpg,data\processed\bfw\asian\n003449\0189_01.jpg,n003449,n003449,asian,asian,females,females,,,1,0.08332423,11.741918,0.91667575
data\processed\bfw\asian\n000009\0063_01.jpg,data\processed\bfw\asian\n000009\0122_02.jpg,n000009,n000009,asian,asian,females,females,,,1,0.2847303,10.340329,0.7152697
data\processed\bfw\asian\n005077\0020_01.jpg,data\processed\bfw\asian\n005077\0077_01.jpg,n005077,n005077,asian,asian,females,females,,,1,0.5134721,9.122169,0.48652792
data\processed\bfw\asian\n000854\0193_01.jpg,data\processed\bfw\asian\n000854\0291_01.jpg,n000854,n000854,asian,asian,females,females,,,1,0.13437726,12.522434,0.86562276
data\processed\bfw\asian\n004466\0238_01.jpg,data\processed\bfw\asian\n001496\0218_01.jpg,n004466,n001496,asian,asian,males,males,,,0,0.19569468,9.375369,0.8043053
data\processed\bfw\asian\n004466\0061_01.jpg,data\processed\bfw\asian\n004466\0091_01.jpg,n004466,n004466,asian,asian,males,males,,,1,0.35516092,9.597018,0.64483905
data\processed\bfw\asian\n004109\0100_01.jpg,data\processed\bfw\asian\n005072\0640_01.jpg,n004109,n005072,asian,asian,males,males,,,0,0.19213866,11.367256,0.8078613
data\processed\bfw\asian\n006634\0166_01.jpg,data\processed\bfw\asian\n004680\0178_01.jpg,n006634,n004680,asian,asian,females,females,,,0,0.20910083,12.210939,0.79089916
data\processed\bfw\asian\n002320\0013_05.jpg,data\processed\bfw\asian\n002320\0208_01.jpg,n002320,n002320,asian,asian,males,males,,,1,0.4739853,6.9018965,0.5260147
data\processed\bfw\asian\n003489\0079_01.jpg,data\processed\bfw\asian\n003533\0573_01.jpg,n003489,n003533,asian,asian,males,males,,,0,0.09772488,13.439381,0.90227515
data\processed\bfw\asian\n003354\0177_01.jpg,data\processed\bfw\asian\n000138\0164_01.jpg,n003354,n000138,asian,asian,females,females,,,0,0.17825107,10.191373,0.8217489
data\processed\bfw\asian\n006203\0009_04.jpg,data\processed\bfw\asian\n004870\0098_01.jpg,n006203,n004870,asian,asian,females,females,,,0,0.097507834,11.394787,0.90249217
data\processed\bfw\asian\n006774\0075_01.jpg,data\processed\bfw\asian\n006774\0282_01.jpg,n006774,n006774,asian,asian,females,females,,,1,0.19442634,11.549159,0.80557364
data\processed\bfw\asian\n000873\0031_01.jpg,data\processed\bfw\asian\n000873\0061_01.jpg,n000873,n000873,asian,asian,males,males,,,1,0.53187186,8.304275,0.46812814
data\processed\bfw\asian\n008934\0276_01.jpg,data\processed\bfw\asian\n008934\0353_01.jpg,n008934,n008934,asian,asian,females,females,,,1,0.34578905,9.48895,0.6542109
data\processed\bfw\asian\n009278\0087_02.jpg,data\processed\bfw\asian\n004787\0679_05.jpg,n009278,n004787,asian,asian,females,females,,,0,0.17567587,11.343002,0.82432413
data\processed\bfw\asian\n008401\0097_02.jpg,data\processed\bfw\asian\n008401\0469_01.jpg,n008401,n008401,asian,asian,females,females,,,1,0.16685788,12.597498,0.8331421
data\processed\bfw\asian\n003153\0069_02.jpg,data\processed\bfw\asian\n002775\0086_03.jpg,n003153,n002775,asian,asian,females,males,,,0,0.20130545,12.72219,0.79869455
data\processed\bfw\asian\n009276\0025_04.jpg,data\processed\bfw\asian\n004864\0057_01.jpg,n009276,n004864,asian,asian,females,females,,,0,0.07741616,11.474701,0.9225838
data\processed\bfw\asian\n009277\0063_02.jpg,data\processed\bfw\asian\n001496\0137_01.jpg,n009277,n001496,asian,asian,females,males,,,0,0.055311825,12.558931,0.9446882
data\processed\bfw\asian\n005063\0068_01.jpg,data\processed\bfw\asian\n005474\0210_02.jpg,n005063,n005474,asian,asian,females,females,,,0,0.21355754,11.906621,0.78644246
data\processed\bfw\asian\n005063\0144_01.jpg,data\processed\bfw\asian\n004686\0157_01.jpg,n005063,n004686,asian,asian,females,males,,,0,0.102995336,12.90988,0.89700466
data\processed\bfw\asian\n004549\0202_01.jpg,data\processed\bfw\asian\n004870\0033_01.jpg,n004549,n004870,asian,asian,females,females,,,0,0.3172393,9.993105,0.6827607
data\processed\bfw\asian\n003167\0274_01.jpg,data\processed\bfw\asian\n003167\0533_01.jpg,n003167,n003167,asian,asian,males,males,,,1,0.3547669,11.392165,0.6452331
data\processed\bfw\asian\n009287\0278_01.jpg,data\processed\bfw\asian\n003153\0250_01.jpg,n009287,n003153,asian,asian,females,females,,,0,0.10905746,12.346398,0.8909425
data\processed\bfw\asian\n007378\0474_01.jpg,data\processed\bfw\asian\n004687\0226_01.jpg,n007378,n004687,asian,asian,females,females,,,0,0.17413363,12.211707,0.82586634
data\processed\bfw\asian\n000161\0136_01.jpg,data\processed\bfw\asian\n000161\0141_02.jpg,n000161,n000161,asian,asian,males,males,,,1,0.037463423,11.064623,0.9625366
data\processed\bfw\asian\n007380\0168_01.jpg,data\processed\bfw\asian\n004870\0161_02.jpg,n007380,n004870,asian,asian,females,females,,,0,0.016380826,11.017752,0.98361915
data\processed\bfw\asian\n003155\0004_01.jpg,data\processed\bfw\asian\n003155\1014_01.jpg,n003155,n003155,asian,asian,males,males,,,1,0.15720855,13.610223,0.84279144
data\processed\bfw\asian\n006418\0090_09.jpg,data\processed\bfw\asian\n006418\0165_02.jpg,n006418,n006418,asian,asian,females,females,,,1,0.21939172,10.156897,0.7806083
data\processed\bfw\asian\n004786\0101_01.jpg,data\processed\bfw\asian\n004786\0746_01.jpg,n004786,n004786,asian,asian,females,females,,,1,-0.017962066,12.630122,1.0179621
data\processed\bfw\asian\n007378\0168_01.jpg,data\processed\bfw\asian\n004860\0040_01.jpg,n007378,n004860,asian,asian,females,females,,,0,0.095755816,10.827411,0.9042442
data\processed\bfw\asian\n007664\0106_01.jpg,data\processed\bfw\asian\n001562\0111_01.jpg,n007664,n001562,asian,asian,females,males,,,0,-0.007796691,12.063144,1.0077966
data\processed\bfw\asian\n003635\0047_02.jpg,data\processed\bfw\asian\n000436\0156_02.jpg,n003635,n000436,asian,asian,males,males,,,0,0.15516606,11.5305395,0.84483397
data\processed\bfw\asian\n005216\0017_01.jpg,data\processed\bfw\asian\n005216\0091_01.jpg,n005216,n005216,asian,asian,females,females,,,1,0.5085215,9.957728,0.4914785
data\processed\bfw\asian\n000839\0049_01.jpg,data\processed\bfw\asian\n000839\0162_01.jpg,n000839,n000839,asian,asian,females,females,,,1,0.27838588,9.457372,0.7216141
data\processed\bfw\asian\n004809\0221_01.jpg,data\processed\bfw\asian\n000854\0060_01.jpg,n004809,n000854,asian,asian,males,females,,,0,0.15666075,12.624292,0.84333926
data\processed\bfw\asian\n001682\0031_01.jpg,data\processed\bfw\asian\n001682\0448_01.jpg,n001682,n001682,asian,asian,males,males,,,1,0.17448014,12.716956,0.82551986
data\processed\bfw\asian\n007738\0114_01.jpg,data\processed\bfw\asian\n007738\0172_01.jpg,n007738,n007738,asian,asian,females,females,,,1,0.53498703,8.96557,0.46501297
data\processed\bfw\asian\n004686\0023_01.jpg,data\processed\bfw\asian\n009041\0046_02.jpg,n004686,n009041,asian,asian,males,females,,,0,0.08045156,12.64576,0.91954845
data\processed\bfw\asian\n000160\0347_01.jpg,data\processed\bfw\asian\n005063\0044_03.jpg,n000160,n005063,asian,asian,females,females,,,0,0.18519706,10.769038,0.81480294
data\processed\bfw\asian\n004870\0050_02.jpg,data\processed\bfw\asian\n004870\0178_06.jpg,n004870,n004870,asian,asian,females,females,,,1,0.45465663,10.026183,0.5453434
data\processed\bfw\asian\n002406\0148_01.jpg,data\processed\bfw\asian\n003355\0053_01.jpg,n002406,n003355,asian,asian,males,males,,,0,0.44334483,8.456889,0.55665517
data\processed\bfw\asian\n008383\0062_06.jpg,data\processed\bfw\asian\n008383\0104_02.jpg,n008383,n008383,asian,asian,females,females,,,1,0.5531613,8.980453,0.44683868
data\processed\bfw\asian\n001864\0003_01.jpg,data\processed\bfw\asian\n009042\0034_01.jpg,n001864,n009042,asian,asian,males,females,,,0,0.07021018,12.936291,0.92978984
data\processed\bfw\asian\n001572\0115_01.jpg,data\processed\bfw\asian\n001572\0238_01.jpg,n001572,n001572,asian,asian,females,females,,,1,0.3596036,9.405918,0.64039636
data\processed\bfw\asian\n004786\0241_02.jpg,data\processed\bfw\asian\n005177\0093_01.jpg,n004786,n005177,asian,asian,females,males,,,0,0.022573562,12.025572,0.9774264
data\processed\bfw\asian\n000148\0152_01.jpg,data\processed\bfw\asian\n000148\0353_01.jpg,n000148,n000148,asian,asian,females,females,,,1,0.48034135,9.743004,0.5196587
data\processed\bfw\asian\n003635\0099_01.jpg,data\processed\bfw\asian\n005069\0068_01.jpg,n003635,n005069,asian,asian,males,females,,,0,0.08275523,11.611532,0.9172448
data\processed\bfw\asian\n003153\0246_01.jpg,data\processed\bfw\asian\n003153\0645_01.jpg,n003153,n003153,asian,asian,females,females,,,1,0.42491087,9.325528,0.5750891
data\processed\bfw\asian\n009277\0150_01.jpg,data\processed\bfw\asian\n007378\0168_01.jpg,n009277,n007378,asian,asian,females,females,,,0,0.082131445,11.421443,0.91786855
data\processed\bfw\asian\n000135\0035_01.jpg,data\processed\bfw\asian\n000135\0272_01.jpg,n000135,n000135,asian,asian,females,females,,,1,0.21685643,10.3149185,0.7831436
data\processed\bfw\asian\n007270\0370_01.jpg,data\processed\bfw\asian\n005474\0118_02.jpg,n007270,n005474,asian,asian,females,females,,,0,0.2065669,10.900476,0.79343307
data\processed\bfw\asian\n002725\0007_03.jpg,data\processed\bfw\asian\n003355\0203_01.jpg,n002725,n003355,asian,asian,females,males,,,0,-0.02469715,14.749894,1.0246972
data\processed\bfw\asian\n004549\0213_01.jpg,data\processed\bfw\asian\n004549\0368_01.jpg,n004549,n004549,asian,asian,females,females,,,1,0.30436996,9.563225,0.6956301
data\processed\bfw\asian\n007372\0086_01.jpg,data\processed\bfw\asian\n007372\0112_05.jpg,n007372,n007372,asian,asian,females,females,,,1,0.31983683,9.540546,0.68016315
data\processed\bfw\asian\n003635\0021_01.jpg,data\processed\bfw\asian\n003635\0109_04.jpg,n003635,n003635,asian,asian,males,males,,,1,0.45809454,9.32778,0.54190546
data\processed\bfw\asian\n005474\0062_01.jpg,data\processed\bfw\asian\n005474\0726_02.jpg,n005474,n005474,asian,asian,females,females,,,1,0.5583551,8.506531,0.4416449
data\processed\bfw\asian\n004549\0018_01.jpg,data\processed\bfw\asian\n004549\0168_05.jpg,n004549,n004549,asian,asian,females,females,,,1,0.25490695,10.141678,0.74509305
data\processed\bfw\asian\n003354\0011_01.jpg,data\processed\bfw\asian\n003824\0014_01.jpg,n003354,n003824,asian,asian,females,females,,,0,0.05357337,12.329351,0.94642663
data\processed\bfw\asian\n004472\0007_01.jpg,data\processed\bfw\asian\n004472\0391_02.jpg,n004472,n004472,asian,asian,females,females,,,1,0.28442848,9.878537,0.7155715
data\processed\bfw\asian\n002644\0123_02.jpg,data\processed\bfw\asian\n009279\0254_03.jpg,n002644,n009279,asian,asian,males,females,,,0,0.23556183,10.458333,0.76443815
data\processed\bfw\asian\n003491\0114_03.jpg,data\processed\bfw\asian\n004108\0383_01.jpg,n003491,n004108,asian,asian,males,males,,,0,-0.03724726,11.695891,1.0372473
data\processed\bfw\asian\n002509\0046_01.jpg,data\processed\bfw\asian\n002509\0432_01.jpg,n002509,n002509,asian,asian,females,females,,,1,0.58744746,9.28189,0.41255254
data\processed\bfw\asian\n006634\0135_01.jpg,data\processed\bfw\asian\n006634\0726_04.jpg,n006634,n006634,asian,asian,females,females,,,1,-0.020057024,12.104459,1.0200571
data\processed\bfw\asian\n000009\0010_01.jpg,data\processed\bfw\asian\n000009\0205_01.jpg,n000009,n000009,asian,asian,females,females,,,1,0.17990817,11.641328,0.82009184
data\processed\bfw\asian\n006619\0572_01.jpg,data\processed\bfw\asian\n000840\0214_01.jpg,n006619,n000840,asian,asian,females,females,,,0,0.21557376,10.036131,0.7844262
data\processed\bfw\asian\n004721\0017_01.jpg,data\processed\bfw\asian\n004721\0283_01.jpg,n004721,n004721,asian,asian,males,males,,,1,0.09771768,11.972943,0.9022823
data\processed\bfw\asian\n003467\0130_03.jpg,data\processed\bfw\asian\n003467\0405_01.jpg,n003467,n003467,asian,asian,females,females,,,1,0.13770323,10.142481,0.86229676
data\processed\bfw\asian\n000872\0085_01.jpg,data\processed\bfw\asian\n000872\0098_01.jpg,n000872,n000872,asian,asian,males,males,,,1,0.41869187,10.3163595,0.5813081
data\processed\bfw\asian\n003449\0073_01.jpg,data\processed\bfw\asian\n004800\0866_03.jpg,n003449,n004800,asian,asian,females,males,,,0,0.15750256,11.076448,0.84249747
data\processed\bfw\asian\n004860\0018_02.jpg,data\processed\bfw\asian\n004860\0097_01.jpg,n004860,n004860,asian,asian,females,females,,,1,0.37235063,9.705132,0.62764937
data\processed\bfw\asian\n005069\0110_02.jpg,data\processed\bfw\asian\n005069\0578_01.jpg,n005069,n005069,asian,asian,females,females,,,1,0.16074872,12.329875,0.8392513
data\processed\bfw\asian\n004109\0554_02.jpg,data\processed\bfw\asian\n004469\0108_02.jpg,n004109,n004469,asian,asian,males,males,,,0,0.30618945,10.74278,0.6938106
data\processed\bfw\asian\n005078\0091_03.jpg,data\processed\bfw\asian\n000132\0238_02__face_0.jpg,n005078,n000132,asian,asian,males,males,,,0,0.1949268,11.406313,0.8050732
data\processed\bfw\asian\n008934\0111_01.jpg,data\processed\bfw\asian\n007089\0133_01.jpg,n008934,n007089,asian,asian,females,females,,,0,0.17851226,12.25557,0.8214877
data\processed\bfw\asian\n007664\0029_01.jpg,data\processed\bfw\asian\n007664\0817_01.jpg,n007664,n007664,asian,asian,females,females,,,1,0.26275945,11.351956,0.73724055
data\processed\bfw\asian\n009137\0047_02.jpg,data\processed\bfw\asian\n009137\0226_02.jpg,n009137,n009137,asian,asian,females,females,,,1,0.420152,8.730129,0.579848
data\processed\bfw\asian\n000872\0114_01.jpg,data\processed\bfw\asian\n000872\0200_01.jpg,n000872,n000872,asian,asian,males,males,,,1,0.4527176,9.611742,0.5472824
data\processed\bfw\asian\n004109\0525_02.jpg,data\processed\bfw\asian\n005078\0581_01.jpg,n004109,n005078,asian,asian,males,males,,,0,0.20430462,11.043839,0.79569536
data\processed\bfw\asian\n007372\0177_01.jpg,data\processed\bfw\asian\n004725\0041_01.jpg,n007372,n004725,asian,asian,females,males,,,0,0.038163982,12.512759,0.96183604
data\processed\bfw\asian\n003354\0047_01.jpg,data\processed\bfw\asian\n003354\0346_02.jpg,n003354,n003354,asian,asian,females,females,,,1,0.2658029,8.71848,0.73419714
data\processed\bfw\asian\n003167\0183_01.jpg,data\processed\bfw\asian\n003155\0989_02.jpg,n003167,n003155,asian,asian,males,males,,,0,0.15452005,12.047929,0.84547997
data\processed\bfw\asian\n005077\0005_01.jpg,data\processed\bfw\asian\n006223\0260_01.jpg,n005077,n006223,asian,asian,females,females,,,0,0.24797875,9.312807,0.75202125
data\processed\bfw\asian\n004805\0164_01.jpg,data\processed\bfw\asian\n004877\0145_01.jpg,n004805,n004877,asian,asian,males,females,,,0,0.14791784,10.198282,0.85208213
data\processed\bfw\asian\n004805\0441_05.jpg,data\processed\bfw\asian\n004805\0655_01.jpg,n004805,n004805,asian,asian,males,males,,,1,0.17015605,11.017256,0.82984394
data\processed\bfw\asian\n008148\0246_01.jpg,data\processed\bfw\asian\n008148\0251_01.jpg,n008148,n008148,asian,asian,females,females,,,1,-0.05512632,11.728244,1.0551263
data\processed\bfw\asian\n000161\0020_01.jpg,data\processed\bfw\asian\n007816\0281_01.jpg,n000161,n007816,asian,asian,males,females,,,0,0.012263848,12.62743,0.98773617
data\processed\bfw\asian\n004877\0317_02.jpg,data\processed\bfw\asian\n004794\0603_01.jpg,n004877,n004794,asian,asian,females,males,,,0,0.13226482,11.097829,0.86773515
data\processed\bfw\asian\n002775\0028_01.jpg,data\processed\bfw\asian\n004930\0389_01.jpg,n002775,n004930,asian,asian,males,females,,,0,0.010102943,14.215585,0.9898971
data\processed\bfw\asian\n000138\0347_01.jpg,data\processed\bfw\asian\n003162\0282_01.jpg,n000138,n003162,asian,asian,females,males,,,0,-0.018841507,12.774472,1.0188415
data\processed\bfw\asian\n004472\0205_01.jpg,data\processed\bfw\asian\n005085\0322_01.jpg,n004472,n005085,asian,asian,females,females,,,0,0.29330054,10.166222,0.7066995
data\processed\bfw\asian\n000137\0248_01.jpg,data\processed\bfw\asian\n003489\0102_01.jpg,n000137,n003489,asian,asian,females,males,,,0,-0.008127433,11.53318,1.0081275
data\processed\bfw\asian\n006358\0054_02.jpg,data\processed\bfw\asian\n006358\0094_01.jpg,n006358,n006358,asian,asian,females,females,,,1,0.38702396,10.82658,0.6129761
data\processed\bfw\asian\n004109\0204_01.jpg,data\processed\bfw\asian\n004109\0563_01.jpg,n004109,n004109,asian,asian,males,males,,,1,0.42030537,9.73212,0.5796946
data\processed\bfw\asian\n004549\0039_01.jpg,data\processed\bfw\asian\n003358\0316_01.jpg,n004549,n003358,asian,asian,females,females,,,0,0.23944584,10.935753,0.7605542
data\processed\bfw\asian\n000158\0404_01.jpg,data\processed\bfw\asian\n004870\0144_01.jpg,n000158,n004870,asian,asian,males,females,,,0,0.058991585,11.907261,0.9410084
data\processed\bfw\asian\n003491\0131_03.jpg,data\processed\bfw\asian\n000138\0087_03.jpg,n003491,n000138,asian,asian,males,females,,,0,0.2511783,10.3463545,0.74882174
data\processed\bfw\asian\n006203\0160_01.jpg,data\processed\bfw\asian\n006203\0654_01.jpg,n006203,n006203,asian,asian,females,females,,,1,0.73172224,5.955759,0.26827776
data\processed\bfw\asian\n009103\0067_02.jpg,data\processed\bfw\asian\n009103\0220_01.jpg,n009103,n009103,asian,asian,females,females,,,1,0.53402525,8.944543,0.46597475
data\processed\bfw\asian\n004686\0072_01.jpg,data\processed\bfw\asian\n005078\0298_01.jpg,n004686,n005078,asian,asian,males,males,,,0,0.12260482,9.896368,0.87739515
data\processed\bfw\asian\n000139\0016_01.jpg,data\processed\bfw\asian\n000139\0498_01.jpg,n000139,n000139,asian,asian,females,females,,,1,0.5155761,10.29575,0.48442388
data\processed\bfw\asian\n005078\0638_01.jpg,data\processed\bfw\asian\n005078\0679_01.jpg,n005078,n005078,asian,asian,males,males,,,1,0.12621814,10.151037,0.87378186
data\processed\bfw\asian\n003481\0245_01.jpg,data\processed\bfw\asian\n003481\0794_01.jpg,n003481,n003481,asian,asian,females,females,,,1,0.31272715,9.673169,0.68727285
data\processed\bfw\asian\n009042\0047_02.jpg,data\processed\bfw\asian\n009042\0250_01.jpg,n009042,n009042,asian,asian,females,females,,,1,0.48411518,10.897855,0.5158848
data\processed\bfw\asian\n000138\0347_01.jpg,data\processed\bfw\asian\n008148\0040_01.jpg,n000138,n008148,asian,asian,females,females,,,0,0.050778393,12.54106,0.9492216
data\processed\bfw\asian\n001682\0096_01.jpg,data\processed\bfw\asian\n001682\0177_01.jpg,n001682,n001682,asian,asian,males,males,,,1,0.07093794,13.744349,0.92906207
data\processed\bfw\asian\n001572\0238_01.jpg,data\processed\bfw\asian\n001572\0329_01.jpg,n001572,n001572,asian,asian,females,females,,,1,0.22804937,10.701514,0.7719506
data\processed\bfw\asian\n000009\0013_01.jpg,data\processed\bfw\asian\n000009\0354_03.jpg,n000009,n000009,asian,asian,females,females,,,1,0.31454304,11.543371,0.685457
data\processed\bfw\asian\n009275\0158_05.jpg,data\processed\bfw\asian\n009275\0161_01.jpg,n009275,n009275,asian,asian,females,females,,,1,0.5038318,8.347231,0.4961682
data\processed\bfw\asian\n009278\0031_02.jpg,data\processed\bfw\asian\n009278\0093_01.jpg,n009278,n009278,asian,asian,females,females,,,1,0.25130358,11.617311,0.74869645
data\processed\bfw\asian\n007372\0295_01.jpg,data\processed\bfw\asian\n004864\0056_01.jpg,n007372,n004864,asian,asian,females,females,,,0,0.27472654,9.571662,0.7252735
data\processed\bfw\asian\n004864\0029_01.jpg,data\processed\bfw\asian\n004864\0148_01.jpg,n004864,n004864,asian,asian,females,females,,,1,0.50657463,9.739656,0.49342537
data\processed\bfw\asian\n004930\0282_01.jpg,data\processed\bfw\asian\n002509\0007_01.jpg,n004930,n002509,asian,asian,females,females,,,0,0.22360288,12.363553,0.7763971
data\processed\bfw\asian\n000148\0136_01.jpg,data\processed\bfw\asian\n000148\0329_01.jpg,n000148,n000148,asian,asian,females,females,,,1,0.5239784,6.6851916,0.4760216
data\processed\bfw\asian\n009177\0005_01.jpg,data\processed\bfw\asian\n009177\0626_01.jpg,n009177,n009177,asian,asian,females,females,,,1,0.3811164,9.953187,0.6188836
data\processed\bfw\asian\n000837\0193_01.jpg,data\processed\bfw\asian\n000837\0199_01.jpg,n000837,n000837,asian,asian,females,females,,,1,0.38508022,10.982622,0.6149198
data\processed\bfw\asian\n005083\0190_01.jpg,data\processed\bfw\asian\n005083\0267_01.jpg,n005083,n005083,asian,asian,females,females,,,1,0.3824859,10.256841,0.61751413
data\processed\bfw\asian\n003489\0046_02.jpg,data\processed\bfw\asian\n003489\0061_01.jpg,n003489,n003489,asian,asian,males,males,,,1,0.63798076,8.465305,0.36201924
data\processed\bfw\asian\n004687\0151_01.jpg,data\processed\bfw\asian\n000132\0234_01__face_0.jpg,n004687,n000132,asian,asian,females,males,,,0,0.21061842,12.546641,0.78938156
data\processed\bfw\asian\n000160\0111_01.jpg,data\processed\bfw\asian\n000160\0285_03.jpg,n000160,n000160,asian,asian,females,females,,,1,0.026705403,9.474386,0.9732946
data\processed\bfw\asian\n004721\0096_01.jpg,data\processed\bfw\asian\n004721\0476_01.jpg,n004721,n004721,asian,asian,males,males,,,1,0.26121876,8.335418,0.7387812
data\processed\bfw\asian\n002552\0074_01.jpg,data\processed\bfw\asian\n006159\0076_04.jpg,n002552,n006159,asian,asian,males,females,,,0,0.019155178,14.227828,0.9808448
data\processed\bfw\asian\n000137\0012_01.jpg,data\processed\bfw\asian\n009287\0100_01.jpg,n000137,n009287,asian,asian,females,females,,,0,0.15271826,12.832918,0.84728175
data\processed\bfw\asian\n004935\0038_01.jpg,data\processed\bfw\asian\n003463\0223_02.jpg,n004935,n003463,asian,asian,males,males,,,0,-0.08922481,14.331334,1.0892248
data\processed\bfw\asian\n005072\0184_03.jpg,data\processed\bfw\asian\n005072\0254_01.jpg,n005072,n005072,asian,asian,males,males,,,1,0.5489238,8.336454,0.4510762
data\processed\bfw\asian\n001976\0237_01.jpg,data\processed\bfw\asian\n001496\0642_01.jpg,n001976,n001496,asian,asian,males,males,,,0,0.035440978,10.932167,0.964559
data\processed\bfw\asian\n004786\0021_01.jpg,data\processed\bfw\asian\n000436\0466_01.jpg,n004786,n000436,asian,asian,females,males,,,0,-0.030701103,12.85461,1.0307012
data\processed\bfw\asian\n004809\0149_01.jpg,data\processed\bfw\asian\n004809\0345_01.jpg,n004809,n004809,asian,asian,males,males,,,1,0.2667779,10.821486,0.7332221
data\processed\bfw\asian\n000143\0226_04.jpg,data\processed\bfw\asian\n000143\0734_02.jpg,n000143,n000143,asian,asian,females,females,,,1,0.28282017,10.287191,0.71717983
data\processed\bfw\asian\n000839\0407_01.jpg,data\processed\bfw\asian\n009137\0211_02.jpg,n000839,n009137,asian,asian,females,females,,,0,-0.05913702,11.569657,1.059137
data\processed\bfw\asian\n002509\0007_01.jpg,data\processed\bfw\asian\n004794\0612_01.jpg,n002509,n004794,asian,asian,females,males,,,0,0.123811685,11.764639,0.87618834
data\processed\bfw\asian\n008401\0278_01.jpg,data\processed\bfw\asian\n008401\0560_01.jpg,n008401,n008401,asian,asian,females,females,,,1,0.41229194,10.3181095,0.58770806
data\processed\bfw\asian\n009137\0492_01.jpg,data\processed\bfw\asian\n003223\0059_03.jpg,n009137,n003223,asian,asian,females,males,,,0,-0.046793785,11.231145,1.0467938
data\processed\bfw\asian\n008978\0035_01.jpg,data\processed\bfw\asian\n008978\0097_02.jpg,n008978,n008978,asian,asian,females,females,,,1,0.34311554,9.89599,0.65688443
data\processed\bfw\asian\n005077\0082_01.jpg,data\processed\bfw\asian\n005077\0129_01.jpg,n005077,n005077,asian,asian,females,females,,,1,0.5879723,8.82411,0.41202772
data\processed\bfw\asian\n004785\0621_02.jpg,data\processed\bfw\asian\n009294\0066_01.jpg,n004785,n009294,asian,asian,females,females,,,0,0.2574186,11.162207,0.74258137
data\processed\bfw\asian\n009103\0132_02.jpg,data\processed\bfw\asian\n003358\0139_01.jpg,n009103,n003358,asian,asian,females,females,,,0,0.26908198,9.934402,0.73091805
data\processed\bfw\asian\n000135\0045_01.jpg,data\processed\bfw\asian\n000135\0467_01.jpg,n000135,n000135,asian,asian,females,females,,,1,0.4044486,10.179994,0.5955514
data\processed\bfw\asian\n003482\0040_01.jpg,data\processed\bfw\asian\n003482\0090_02.jpg,n003482,n003482,asian,asian,males,males,,,1,0.581577,8.713062,0.418423
data\processed\bfw\asian\n000138\0067_01.jpg,data\processed\bfw\asian\n000138\0347_01.jpg,n000138,n000138,asian,asian,females,females,,,1,0.36299023,9.864736,0.63700974
data\processed\bfw\asian\n000135\0081_01.jpg,data\processed\bfw\asian\n000135\0228_01.jpg,n000135,n000135,asian,asian,females,females,,,1,0.2816743,11.405732,0.71832573
data\processed\bfw\asian\n003449\0083_01.jpg,data\processed\bfw\asian\n004930\0144_02.jpg,n003449,n004930,asian,asian,females,females,,,0,0.13747242,12.663323,0.8625276
data\processed\bfw\asian\n003167\0571_01.jpg,data\processed\bfw\asian\n009276\0172_02.jpg,n003167,n009276,asian,asian,males,females,,,0,-0.06443055,13.986417,1.0644306
data\processed\bfw\asian\n004472\0205_01.jpg,data\processed\bfw\asian\n004472\0206_01.jpg,n004472,n004472,asian,asian,females,females,,,1,0.30402374,10.65683,0.69597626
data\processed\bfw\asian\n003482\0231_01.jpg,data\processed\bfw\asian\n000161\0020_01.jpg,n003482,n000161,asian,asian,males,males,,,0,0.12348112,11.730507,0.8765189
data\processed\bfw\asian\n004681\0340_01.jpg,data\processed\bfw\asian\n004681\0592_01.jpg,n004681,n004681,asian,asian,males,males,,,1,0.065460876,8.755127,0.93453914
data\processed\bfw\asian\n003167\0141_01.jpg,data\processed\bfw\asian\n003167\0254_03.jpg,n003167,n003167,asian,asian,males,males,,,1,0.46511728,10.765959,0.5348827
data\processed\bfw\asian\n007380\0088_01.jpg,data\processed\bfw\asian\n000158\0667_01.jpg,n007380,n000158,asian,asian,females,males,,,0,-0.048168797,12.273324,1.0481688
data\processed\bfw\asian\n006418\0165_02.jpg,data\processed\bfw\asian\n005083\0358_01.jpg,n006418,n005083,asian,asian,females,females,,,0,0.18710524,11.14829,0.81289476
data\processed\bfw\asian\n004469\0019_02.jpg,data\processed\bfw\asian\n005216\0058_01.jpg,n004469,n005216,asian,asian,males,females,,,0,0.021321826,11.616886,0.97867817
data\processed\bfw\asian\n003533\0055_03.jpg,data\processed\bfw\asian\n003533\0573_01.jpg,n003533,n003533,asian,asian,males,males,,,1,0.66262805,8.318258,0.33737195
data\processed\bfw\asian\n009277\0051_01.jpg,data\processed\bfw\asian\n009175\0043_01.jpg,n009277,n009175,asian,asian,females,females,,,0,0.27916294,11.405824,0.72083706
data\processed\bfw\asian\n003155\0185_01.jpg,data\processed\bfw\asian\n003155\0989_02.jpg,n003155,n003155,asian,asian,males,males,,,1,0.37118188,10.590935,0.62881815
data\processed\bfw\asian\n009277\0201_01.jpg,data\processed\bfw\asian\n009277\0358_01.jpg,n009277,n009277,asian,asian,females,females,,,1,0.020036489,10.159797,0.97996354
data\processed\bfw\asian\n004467\0004_01.jpg,data\processed\bfw\asian\n004467\0656_01.jpg,n004467,n004467,asian,asian,males,males,,,1,0.5480794,9.107588,0.45192063
data\processed\bfw\asian\n006736\0169_01.jpg,data\processed\bfw\asian\n007814\0016_01.jpg,n006736,n007814,asian,asian,females,females,,,0,-0.0772357,13.001938,1.0772357
data\processed\bfw\asian\n004870\0098_01.jpg,data\processed\bfw\asian\n000160\0308_01.jpg,n004870,n000160,asian,asian,females,females,,,0,0.18476099,11.411295,0.815239
data\processed\bfw\asian\n004687\0058_01.jpg,data\processed\bfw\asian\n001976\0441_01.jpg,n004687,n001976,asian,asian,females,males,,,0,0.12515481,10.505221,0.8748452
data\processed\bfw\asian\n007089\0229_01.jpg,data\processed\bfw\asian\n009287\0221_03.jpg,n007089,n009287,asian,asian,females,females,,,0,0.1765291,13.20686,0.8234709
data\processed\bfw\asian\n004681\0101_01.jpg,data\processed\bfw\asian\n004681\0131_04.jpg,n004681,n004681,asian,asian,males,males,,,1,0.42188978,9.365098,0.5781102
data\processed\bfw\asian\n009276\0102_01.jpg,data\processed\bfw\asian\n000837\0233_03.jpg,n009276,n000837,asian,asian,females,females,,,0,0.1104967,10.804387,0.8895033
data\processed\bfw\asian\n005083\0046_01.jpg,data\processed\bfw\asian\n003027\0459_01.jpg,n005083,n003027,asian,asian,females,males,,,0,0.11655575,12.932227,0.88344425
data\processed\bfw\asian\n006125\0058_01.jpg,data\processed\bfw\asian\n007899\0017_01.jpg,n006125,n007899,asian,asian,females,females,,,0,0.4352816,10.63657,0.56471837
data\processed\bfw\asian\n003463\0023_01.jpg,data\processed\bfw\asian\n003463\0052_01.jpg,n003463,n003463,asian,asian,males,males,,,1,0.470417,7.4360943,0.529583
data\processed\bfw\asian\n008163\0609_02.jpg,data\processed\bfw\asian\n006148\0609_01.jpg,n008163,n006148,asian,asian,females,females,,,0,0.22875693,9.242199,0.7712431
data\processed\bfw\asian\n003489\0031_01.jpg,data\processed\bfw\asian\n003489\0137_01.jpg,n003489,n003489,asian,asian,males,males,,,1,0.3903236,9.618366,0.60967636
data\processed\bfw\asian\n003506\0115_01.jpg,data\processed\bfw\asian\n003506\0136_02.jpg,n003506,n003506,asian,asian,females,females,,,1,0.4557964,9.007443,0.54420364
data\processed\bfw\asian\n004109\0172_01.jpg,data\processed\bfw\asian\n004681\0558_01.jpg,n004109,n004681,asian,asian,males,males,,,0,0.19915545,10.411732,0.80084455
data\processed\bfw\asian\n000139\0280_01.jpg,data\processed\bfw\asian\n005072\0181_01.jpg,n000139,n005072,asian,asian,females,males,,,0,0.2170203,9.86867,0.7829797
data\processed\bfw\asian\n000158\0224_01.jpg,data\processed\bfw\asian\n000158\0404_01.jpg,n000158,n000158,asian,asian,males,males,,,1,0.6056929,6.785616,0.39430708
data\processed\bfw\asian\n009294\0036_01.jpg,data\processed\bfw\asian\n002552\0532_01.jpg,n009294,n002552,asian,asian,females,males,,,0,0.12862784,10.205394,0.87137216
data\processed\bfw\asian\n006634\0033_01.jpg,data\processed\bfw\asian\n006634\0101_01.jpg,n006634,n006634,asian,asian,females,females,,,1,0.6693719,8.170123,0.3306281
data\processed\bfw\asian\n003162\0118_01.jpg,data\processed\bfw\asian\n006774\0492_02.jpg,n003162,n006774,asian,asian,males,females,,,0,-0.08165679,12.845762,1.0816568
data\processed\bfw\asian\n007816\0543_01.jpg,data\processed\bfw\asian\n004687\0319_02.jpg,n007816,n004687,asian,asian,females,females,,,0,0.080216505,11.088634,0.9197835
data\processed\bfw\asian\n009137\0218_08.jpg,data\processed\bfw\asian\n009137\0221_05.jpg,n009137,n009137,asian,asian,females,females,,,1,0.22397521,9.325815,0.7760248
data\processed\bfw\asian\n004785\0381_02.jpg,data\processed\bfw\asian\n008934\0426_01.jpg,n004785,n008934,asian,asian,females,females,,,0,0.21709372,12.504342,0.7829063
data\processed\bfw\asian\n004785\0076_07.jpg,data\processed\bfw\asian\n003533\0573_01.jpg,n004785,n003533,asian,asian,females,males,,,0,0.14309295,11.418708,0.85690707
data\processed\bfw\asian\n004469\0038_01.jpg,data\processed\bfw\asian\n004108\0104_01.jpg,n004469,n004108,asian,asian,males,males,,,0,-0.16926762,12.379535,1.1692677
data\processed\bfw\asian\n003355\0145_04.jpg,data\processed\bfw\asian\n003355\0620_01.jpg,n003355,n003355,asian,asian,males,males,,,1,0.23826282,10.156213,0.76173717
data\processed\bfw\asian\n001976\0041_01.jpg,data\processed\bfw\asian\n005072\0159_01.jpg,n001976,n005072,asian,asian,males,males,,,0,0.19139424,11.537182,0.8086058
data\processed\bfw\asian\n004466\0052_01.jpg,data\processed\bfw\asian\n004935\0238_01.jpg,n004466,n004935,asian,asian,males,males,,,0,0.277622,10.529129,0.722378
data\processed\bfw\asian\n003824\0097_01.jpg,data\processed\bfw\asian\n003824\0122_01.jpg,n003824,n003824,asian,asian,females,females,,,1,0.44539005,9.524474,0.55460995
data\processed\bfw\asian\n004948\0667_01.jpg,data\processed\bfw\asian\n000132\0299_02__face_0.jpg,n004948,n000132,asian,asian,males,males,,,0,0.029102527,11.516839,0.9708975
data\processed\bfw\asian\n002320\0013_05.jpg,data\processed\bfw\asian\n002320\0170_01.jpg,n002320,n002320,asian,asian,males,males,,,1,0.30592504,9.226502,0.694075
data\processed\bfw\asian\n000139\0099_01.jpg,data\processed\bfw\asian\n000139\0233_01.jpg,n000139,n000139,asian,asian,females,females,,,1,0.40001532,9.792427,0.59998465
data\processed\bfw\asian\n002406\0534_02.jpg,data\processed\bfw\asian\n000148\0136_01.jpg,n002406,n000148,asian,asian,males,females,,,0,0.0747012,10.935007,0.9252988
data\processed\bfw\asian\n009287\0029_01.jpg,data\processed\bfw\asian\n009287\0250_04.jpg,n009287,n009287,asian,asian,females,females,,,1,0.17678288,13.263493,0.82321715
data\processed\bfw\asian\n005474\0298_05.jpg,data\processed\bfw\asian\n004466\0075_01.jpg,n005474,n004466,asian,asian,females,males,,,0,0.21316636,10.242882,0.78683364
data\processed\bfw\asian\n003357\0533_01.jpg,data\processed\bfw\asian\n004864\0607_01.jpg,n003357,n004864,asian,asian,females,females,,,0,0.31303397,9.54693,0.68696606
data\processed\bfw\asian\n008148\0025_01.jpg,data\processed\bfw\asian\n008148\0246_01.jpg,n008148,n008148,asian,asian,females,females,,,1,0.33023924,11.398924,0.66976076
data\processed\bfw\asian\n006634\0090_01.jpg,data\processed\bfw\asian\n006634\0166_01.jpg,n006634,n006634,asian,asian,females,females,,,1,0.55971783,9.001427,0.44028217
data\processed\bfw\asian\n001682\0074_01.jpg,data\processed\bfw\asian\n001682\0177_01.jpg,n001682,n001682,asian,asian,males,males,,,1,0.16130082,12.816854,0.83869916
data\processed\bfw\asian\n004686\0282_01.jpg,data\processed\bfw\asian\n004686\0302_01.jpg,n004686,n004686,asian,asian,males,males,,,1,0.21695544,11.6338825,0.7830446
data\processed\bfw\asian\n000854\0060_01.jpg,data\processed\bfw\asian\n000854\0522_01.jpg,n000854,n000854,asian,asian,females,females,,,1,0.06531736,10.151045,0.9346826
data\processed\bfw\asian\n009041\0025_01.jpg,data\processed\bfw\asian\n002509\0413_01.jpg,n009041,n002509,asian,asian,females,females,,,0,0.06581567,10.921278,0.9341843
data\processed\bfw\asian\n003482\0044_02.jpg,data\processed\bfw\asian\n003482\0178_02.jpg,n003482,n003482,asian,asian,males,males,,,1,0.5337208,9.5752945,0.4662792
data\processed\bfw\asian\n009279\0164_04.jpg,data\processed\bfw\asian\n002509\0023_01.jpg,n009279,n002509,asian,asian,females,females,,,0,0.18995012,12.258027,0.8100499
data\processed\bfw\asian\n000840\0012_01.jpg,data\processed\bfw\asian\n000840\0060_01.jpg,n000840,n000840,asian,asian,females,females,,,1,0.45338354,9.170406,0.54661644
data\processed\bfw\asian\n005071\0113_02.jpg,data\processed\bfw\asian\n005071\0254_01.jpg,n005071,n005071,asian,asian,males,males,,,1,0.45755878,10.041961,0.54244125
data\processed\bfw\asian\n005077\0006_01.jpg,data\processed\bfw\asian\n005077\0099_01.jpg,n005077,n005077,asian,asian,females,females,,,1,0.5169572,8.572731,0.48304278
data\processed\bfw\asian\n004864\0171_01.jpg,data\processed\bfw\asian\n000139\0304_02.jpg,n004864,n000139,asian,asian,females,females,,,0,-0.017611654,12.343363,1.0176116
data\processed\bfw\asian\n003288\0022_01.jpg,data\processed\bfw\asian\n003288\0300_01.jpg,n003288,n003288,asian,asian,females,females,,,1,0.43723696,9.446559,0.56276304
data\processed\bfw\asian\n003481\0202_01.jpg,data\processed\bfw\asian\n000838\0093_01.jpg,n003481,n000838,asian,asian,females,females,,,0,-0.0697708,10.990997,1.0697708
data\processed\bfw\asian\n004935\0124_01.jpg,data\processed\bfw\asian\n004935\0287_01.jpg,n004935,n004935,asian,asian,males,males,,,1,0.66507155,8.907394,0.33492845
data\processed\bfw\asian\n007385\0065_01.jpg,data\processed\bfw\asian\n007270\0289_01.jpg,n007385,n007270,asian,asian,females,females,,,0,0.20136766,10.404396,0.7986323
data\processed\bfw\asian\n003449\0027_01.jpg,data\processed\bfw\asian\n004549\0073_01.jpg,n003449,n004549,asian,asian,females,females,,,0,0.34346762,9.350731,0.6565324
data\processed\bfw\asian\n000839\0081_01.jpg,data\processed\bfw\asian\n000839\0407_01.jpg,n000839,n000839,asian,asian,females,females,,,1,0.11007969,10.788986,0.8899203
data\processed\bfw\asian\n006344\0025_02.jpg,data\processed\bfw\asian\n006344\0322_01.jpg,n006344,n006344,asian,asian,females,females,,,1,0.4677737,7.238568,0.5322263
data\processed\bfw\asian\n001572\0295_01.jpg,data\processed\bfw\asian\n001572\0326_01.jpg,n001572,n001572,asian,asian,females,females,,,1,0.34140116,10.043314,0.65859884
data\processed\bfw\asian\n006224\0053_01.jpg,data\processed\bfw\asian\n006224\0347_01.jpg,n006224,n006224,asian,asian,females,females,,,1,0.52868384,7.3200016,0.47131616
data\processed\bfw\asian\n009175\0019_01.jpg,data\processed\bfw\asian\n009175\0072_01.jpg,n009175,n009175,asian,asian,females,females,,,1,0.39705947,11.5884905,0.60294056
data\processed\bfw\asian\n004870\0069_01.jpg,data\processed\bfw\asian\n004870\0070_02.jpg,n004870,n004870,asian,asian,females,females,,,1,0.45038977,9.850416,0.54961026
data\processed\bfw\asian\n000839\0197_01.jpg,data\processed\bfw\asian\n004787\0278_01.jpg,n000839,n004787,asian,asian,females,females,,,0,-0.027564783,11.0831375,1.0275648
data\processed\bfw\asian\n006203\0148_03.jpg,data\processed\bfw\asian\n006203\0398_01.jpg,n006203,n006203,asian,asian,females,females,,,1,0.111831725,10.190009,0.8881683
data\processed\bfw\asian\n007372\0198_01.jpg,data\processed\bfw\asian\n004791\0591_01.jpg,n007372,n004791,asian,asian,females,males,,,0,-0.015557883,12.152329,1.0155579
data\processed\bfw\asian\n004681\0019_01.jpg,data\processed\bfw\asian\n004681\0204_02.jpg,n004681,n004681,asian,asian,males,males,,,1,0.53089666,8.776519,0.46910334
data\processed\bfw\asian\n004805\0127_01.jpg,data\processed\bfw\asian\n004805\0240_01.jpg,n004805,n004805,asian,asian,males,males,,,1,0.31134707,8.4282055,0.68865293
data\processed\bfw\asian\n005063\0439_01.jpg,data\processed\bfw\asian\n009277\0013_02.jpg,n005063,n009277,asian,asian,females,females,,,0,0.16736703,10.633316,0.83263296
data\processed\bfw\asian\n003635\0085_01.jpg,data\processed\bfw\asian\n003635\0177_02.jpg,n003635,n003635,asian,asian,males,males,,,1,0.48153272,7.1932397,0.5184673
data\processed\bfw\asian\n001562\0070_01.jpg,data\processed\bfw\asian\n005085\0240_01.jpg,n001562,n005085,asian,asian,males,females,,,0,-0.10564712,10.965054,1.1056471
data\processed\bfw\asian\n006736\0108_01.jpg,data\processed\bfw\asian\n006736\0438_01.jpg,n006736,n006736,asian,asian,females,females,,,1,0.22738089,12.542545,0.7726191
data\processed\bfw\asian\n003465\0161_02.jpg,data\processed\bfw\asian\n006634\0313_02.jpg,n003465,n006634,asian,asian,males,females,,,0,0.28324744,11.2324295,0.7167525
data\processed\bfw\asian\n009277\0018_01.jpg,data\processed\bfw\asian\n003506\0367_01.jpg,n009277,n003506,asian,asian,females,females,,,0,0.1991445,10.379236,0.8008555
data\processed\bfw\asian\n009277\0113_01.jpg,data\processed\bfw\asian\n009277\0285_01.jpg,n009277,n009277,asian,asian,females,females,,,1,0.28447887,10.841621,0.7155211
data\processed\bfw\asian\n003465\0413_01.jpg,data\processed\bfw\asian\n003465\0461_03.jpg,n003465,n003465,asian,asian,males,males,,,1,0.2170742,10.4555435,0.7829258
data\processed\bfw\asian\n000873\0042_01.jpg,data\processed\bfw\asian\n000873\0496_01.jpg,n000873,n000873,asian,asian,males,males,,,1,0.4827728,9.051245,0.5172272
data\processed\bfw\asian\n009042\0133_01.jpg,data\processed\bfw\asian\n006223\0531_01.jpg,n009042,n006223,asian,asian,females,females,,,0,0.0065134787,11.353684,0.9934865
data\processed\bfw\asian\n006126\0004_01.jpg,data\processed\bfw\asian\n006126\0039_01.jpg,n006126,n006126,asian,asian,females,females,,,1,0.18987277,9.283615,0.81012726
data\processed\bfw\asian\n003465\0195_01.jpg,data\processed\bfw\asian\n003357\0422_01.jpg,n003465,n003357,asian,asian,males,females,,,0,0.17397067,11.043905,0.8260293
data\processed\bfw\asian\n004687\0191_01.jpg,data\processed\bfw\asian\n004687\0243_01.jpg,n004687,n004687,asian,asian,females,females,,,1,0.40991464,9.352378,0.5900854
data\processed\bfw\asian\n006148\0014_03.jpg,data\processed\bfw\asian\n006148\0189_01.jpg,n006148,n006148,asian,asian,females,females,,,1,0.49028748,9.252514,0.5097125
data\processed\bfw\asian\n005063\0414_06.jpg,data\processed\bfw\asian\n004877\0122_01.jpg,n005063,n004877,asian,asian,females,females,,,0,0.083821304,13.039698,0.9161787
data\processed\bfw\asian\n005116\0172_01.jpg,data\processed\bfw\asian\n005116\0332_01.jpg,n005116,n005116,asian,asian,males,males,,,1,0.26455528,10.632646,0.7354447
data\processed\bfw\asian\n006223\0055_01.jpg,data\processed\bfw\asian\n006223\0160_01.jpg,n006223,n006223,asian,asian,females,females,,,1,0.4982264,8.221249,0.5017736
data\processed\bfw\asian\n000148\0136_01.jpg,data\processed\bfw\asian\n000148\0269_01.jpg,n000148,n000148,asian,asian,females,females,,,1,0.3325923,10.695855,0.6674077
data\processed\bfw\asian\n004805\0127_01.jpg,data\processed\bfw\asian\n004805\0566_01.jpg,n004805,n004805,asian,asian,males,males,,,1,0.34559008,8.952452,0.6544099
data\processed\bfw\asian\n007738\0306_02.jpg,data\processed\bfw\asian\n002644\0303_01.jpg,n007738,n002644,asian,asian,females,males,,,0,0.25269756,10.372298,0.7473024
data\processed\bfw\asian\n007089\0015_01.jpg,data\processed\bfw\asian\n005077\0082_01.jpg,n007089,n005077,asian,asian,females,females,,,0,0.2204142,11.800685,0.7795858
data\processed\bfw\asian\n004467\0293_01.jpg,data\processed\bfw\asian\n003449\0418_01.jpg,n004467,n003449,asian,asian,males,females,,,0,0.2812763,10.42179,0.7187237
data\processed\bfw\asian\n000143\0014_01.jpg,data\processed\bfw\asian\n000143\0171_01.jpg,n000143,n000143,asian,asian,females,females,,,1,0.5374844,7.6484823,0.4625156
data\processed\bfw\asian\n006223\0209_02.jpg,data\processed\bfw\asian\n006223\0260_01.jpg,n006223,n006223,asian,asian,females,females,,,1,0.2863881,10.228774,0.7136119
data\processed\bfw\asian\n007372\0247_01.jpg,data\processed\bfw\asian\n003489\0102_01.jpg,n007372,n003489,asian,asian,females,males,,,0,0.16399603,11.744008,0.83600396
data\processed\bfw\asian\n006736\0283_01.jpg,data\processed\bfw\asian\n006736\0349_01.jpg,n006736,n006736,asian,asian,females,females,,,1,0.4911769,9.579164,0.5088231
data\processed\bfw\asian\n001864\0169_01.jpg,data\processed\bfw\asian\n005216\0058_01.jpg,n001864,n005216,asian,asian,males,females,,,0,-0.04381105,10.783659,1.0438111
data\processed\bfw\asian\n004725\0118_02.jpg,data\processed\bfw\asian\n004725\0170_01.jpg,n004725,n004725,asian,asian,males,males,,,1,0.4161163,9.474658,0.5838837
data\processed\bfw\asian\n004935\0138_01.jpg,data\processed\bfw\asian\n004935\0327_01.jpg,n004935,n004935,asian,asian,males,males,,,1,0.24640824,11.598817,0.7535918
data\processed\bfw\asian\n000872\0188_01.jpg,data\processed\bfw\asian\n000872\0211_01.jpg,n000872,n000872,asian,asian,males,males,,,1,0.22938311,11.6021385,0.7706169
data\processed\bfw\asian\n004109\0273_01.jpg,data\processed\bfw\asian\n005378\0255_01.jpg,n004109,n005378,asian,asian,males,females,,,0,-0.0013138992,12.567446,1.0013139
data\processed\bfw\asian\n001682\0048_01.jpg,data\processed\bfw\asian\n000873\0176_01.jpg,n001682,n000873,asian,asian,males,males,,,0,0.049597718,13.393411,0.95040226
data\processed\bfw\asian\n004109\0015_01.jpg,data\processed\bfw\asian\n004109\0185_01.jpg,n004109,n004109,asian,asian,males,males,,,1,0.65672094,8.289352,0.34327906
data\processed\bfw\asian\n003481\0015_01.jpg,data\processed\bfw\asian\n004794\0015_01.jpg,n003481,n004794,asian,asian,females,males,,,0,0.07522552,11.916647,0.92477447
data\processed\bfw\asian\n009288\0068_01.jpg,data\processed\bfw\asian\n009288\0175_01.jpg,n009288,n009288,asian,asian,females,females,,,1,0.20292927,11.891053,0.79707074
data\processed\bfw\asian\n007270\0066_01.jpg,data\processed\bfw\asian\n007270\0471_01.jpg,n007270,n007270,asian,asian,females,females,,,1,0.4764248,9.101173,0.5235752
data\processed\bfw\asian\n006224\0158_01.jpg,data\processed\bfw\asian\n006224\0230_01.jpg,n006224,n006224,asian,asian,females,females,,,1,0.24073078,8.547658,0.75926924
data\processed\bfw\asian\n001496\0009_01.jpg,data\processed\bfw\asian\n001496\0302_01.jpg,n001496,n001496,asian,asian,males,males,,,1,0.2645515,10.118278,0.7354485
data\processed\bfw\asian\n006148\0254_01.jpg,data\processed\bfw\asian\n006148\0400_01.jpg,n006148,n006148,asian,asian,females,females,,,1,-0.029587824,13.631732,1.0295879
data\processed\bfw\asian\n000138\0087_03.jpg,data\processed\bfw\asian\n000138\0259_01.jpg,n000138,n000138,asian,asian,females,females,,,1,0.41829357,8.166165,0.5817064
data\processed\bfw\asian\n006358\0041_01.jpg,data\processed\bfw\asian\n005474\0162_02.jpg,n006358,n005474,asian,asian,females,females,,,0,0.31720304,10.748409,0.68279696
data\processed\bfw\asian\n000838\0144_06.jpg,data\processed\bfw\asian\n004809\0635_01.jpg,n000838,n004809,asian,asian,females,males,,,0,0.08128452,10.366914,0.9187155
data\processed\bfw\asian\n006358\0125_01.jpg,data\processed\bfw\asian\n009278\0061_02.jpg,n006358,n009278,asian,asian,females,females,,,0,0.153235,11.1663065,0.846765
data\processed\bfw\asian\n001976\0372_01.jpg,data\processed\bfw\asian\n007738\0094_01.jpg,n001976,n007738,asian,asian,males,females,,,0,0.015488571,11.351352,0.98451144
data\processed\bfw\asian\n000161\0119_02.jpg,data\processed\bfw\asian\n000161\0477_01.jpg,n000161,n000161,asian,asian,males,males,,,1,-0.102573164,11.578695,1.1025732
data\processed\bfw\asian\n001572\0127_01.jpg,data\processed\bfw\asian\n009125\0209_01.jpg,n001572,n009125,asian,asian,females,females,,,0,0.3017569,9.181596,0.69824314
data\processed\bfw\asian\n003481\0107_01.jpg,data\processed\bfw\asian\n003506\0627_01.jpg,n003481,n003506,asian,asian,females,females,,,0,0.27432182,10.967817,0.7256782
data\processed\bfw\asian\n005216\0084_01.jpg,data\processed\bfw\asian\n005216\0212_02.jpg,n005216,n005216,asian,asian,females,females,,,1,0.23505197,9.229912,0.764948
data\processed\bfw\asian\n003533\0067_01.jpg,data\processed\bfw\asian\n009042\0085_01.jpg,n003533,n009042,asian,asian,males,females,,,0,0.013842702,12.834294,0.9861573
data\processed\bfw\asian\n000840\0036_01.jpg,data\processed\bfw\asian\n000160\0127_01.jpg,n000840,n000160,asian,asian,females,females,,,0,0.28384903,9.692482,0.716151
data\processed\bfw\asian\n000135\0208_01.jpg,data\processed\bfw\asian\n009279\0227_01.jpg,n000135,n009279,asian,asian,females,females,,,0,0.13403961,10.896131,0.86596036
data\processed\bfw\asian\n003824\0160_01.jpg,data\processed\bfw\asian\n004864\0621_01.jpg,n003824,n004864,asian,asian,females,females,,,0,0.20908119,11.500503,0.7909188
data\processed\bfw\asian\n003155\0025_02.jpg,data\processed\bfw\asian\n007385\0072_09.jpg,n003155,n007385,asian,asian,males,females,,,0,-0.09736087,12.436916,1.0973608
data\processed\bfw\asian\n003481\0119_02.jpg,data\processed\bfw\asian\n004467\0677_01.jpg,n003481,n004467,asian,asian,females,males,,,0,0.10746157,11.059633,0.8925384
data\processed\bfw\asian\n009175\0066_01.jpg,data\processed\bfw\asian\n009175\0465_01.jpg,n009175,n009175,asian,asian,females,females,,,1,0.48755956,10.825871,0.51244044
data\processed\bfw\asian\n000838\0037_01.jpg,data\processed\bfw\asian\n000838\0187_02.jpg,n000838,n000838,asian,asian,females,females,,,1,0.41597897,10.100155,0.58402103
data\processed\bfw\asian\n003481\0109_01.jpg,data\processed\bfw\asian\n002406\0328_01.jpg,n003481,n002406,asian,asian,females,males,,,0,0.038829193,10.9050255,0.9611708
data\processed\bfw\asian\n009125\0064_01.jpg,data\processed\bfw\asian\n009125\0186_02.jpg,n009125,n009125,asian,asian,females,females,,,1,0.41362995,10.110633,0.58637005
data\processed\bfw\asian\n009175\0465_01.jpg,data\processed\bfw\asian\n008978\0134_01.jpg,n009175,n008978,asian,asian,females,females,,,0,0.030706348,14.6349,0.96929365
data\processed\bfw\asian\n004791\0209_01.jpg,data\processed\bfw\asian\n004791\0574_01.jpg,n004791,n004791,asian,asian,males,males,,,1,0.27343085,9.683977,0.7265692
data\processed\bfw\asian\n005474\0062_01.jpg,data\processed\bfw\asian\n006634\0039_01.jpg,n005474,n006634,asian,asian,females,females,,,0,0.28159916,11.176723,0.71840084
data\processed\bfw\asian\n004870\0069_01.jpg,data\processed\bfw\asian\n004870\0288_02.jpg,n004870,n004870,asian,asian,females,females,,,1,0.19790767,10.690545,0.8020923
data\processed\bfw\asian\n003491\0135_01.jpg,data\processed\bfw\asian\n004948\0345_02.jpg,n003491,n004948,asian,asian,males,males,,,0,0.07046901,11.585285,0.929531
data\processed\bfw\asian\n000161\0183_01.jpg,data\processed\bfw\asian\n000161\0237_01.jpg,n000161,n000161,asian,asian,males,males,,,1,0.44075924,10.497888,0.55924076
data\processed\bfw\asian\n006633\0063_04.jpg,data\processed\bfw\asian\n006633\0552_01.jpg,n006633,n006633,asian,asian,females,females,,,1,0.29338035,10.350233,0.7066196
data\processed\bfw\asian\n002725\0007_03.jpg,data\processed\bfw\asian\n005077\0129_01.jpg,n002725,n005077,asian,asian,females,females,,,0,0.20446523,13.401301,0.7955348
data\processed\bfw\asian\n007899\0154_01.jpg,data\processed\bfw\asian\n007899\0166_01.jpg,n007899,n007899,asian,asian,females,females,,,1,0.45436484,8.7120905,0.54563516
data\processed\bfw\asian\n003027\0459_01.jpg,data\processed\bfw\asian\n004786\0197_02.jpg,n003027,n004786,asian,asian,males,females,,,0,0.13729148,12.183527,0.8627085
data\processed\bfw\asian\n003824\0015_01.jpg,data\processed\bfw\asian\n003824\0160_01.jpg,n003824,n003824,asian,asian,females,females,,,1,0.34815815,10.517994,0.6518419
data\processed\bfw\asian\n002775\0064_01.jpg,data\processed\bfw\asian\n000839\0163_01.jpg,n002775,n000839,asian,asian,males,females,,,0,0.010607923,14.023495,0.9893921
data\processed\bfw\asian\n002331\0199_01.jpg,data\processed\bfw\asian\n003635\0449_01.jpg,n002331,n003635,asian,asian,males,males,,,0,0.18902843,9.958301,0.81097156
data\processed\bfw\asian\n009277\0020_01.jpg,data\processed\bfw\asian\n009277\0365_01.jpg,n009277,n009277,asian,asian,females,females,,,1,0.37292105,10.767886,0.62707895
data\processed\bfw\asian\n009103\0193_01.jpg,data\processed\bfw\asian\n006149\0117_01.jpg,n009103,n006149,asian,asian,females,females,,,0,0.23297562,9.502044,0.7670244
data\processed\bfw\asian\n002320\0006_01.jpg,data\processed\bfw\asian\n002320\0272_03.jpg,n002320,n002320,asian,asian,males,males,,,1,0.35732335,10.454534,0.64267665
data\processed\bfw\asian\n003167\0001_02.jpg,data\processed\bfw\asian\n003491\0019_01.jpg,n003167,n003491,asian,asian,males,males,,,0,-0.112483,14.940626,1.112483
data\processed\bfw\asian\n006619\0087_01.jpg,data\processed\bfw\asian\n006619\0288_01.jpg,n006619,n006619,asian,asian,females,females,,,1,0.45127007,8.906768,0.5487299
data\processed\bfw\asian\n004108\0341_01.jpg,data\processed\bfw\asian\n003449\0180_01.jpg,n004108,n003449,asian,asian,males,females,,,0,0.018169535,12.966734,0.9818305
data\processed\bfw\asian\n005474\0058_03.jpg,data\processed\bfw\asian\n005474\0210_02.jpg,n005474,n005474,asian,asian,females,females,,,1,0.32165045,10.38639,0.67834955
data\processed\bfw\asian\n006203\0090_01.jpg,data\processed\bfw\asian\n004472\0391_02.jpg,n006203,n004472,asian,asian,females,females,,,0,0.19063634,10.693435,0.80936366
data\processed\bfw\asian\n009279\0031_01.jpg,data\processed\bfw\asian\n009279\0187_01.jpg,n009279,n009279,asian,asian,females,females,,,1,0.42276463,9.362336,0.57723534
data\processed\bfw\asian\n006633\0262_02.jpg,data\processed\bfw\asian\n006633\0356_01.jpg,n006633,n006633,asian,asian,females,females,,,1,0.20079742,11.655207,0.79920256
data\processed\bfw\asian\n004108\0131_01.jpg,data\processed\bfw\asian\n000436\0056_04.jpg,n004108,n000436,asian,asian,males,males,,,0,0.039300606,9.94633,0.9606994
data\processed\bfw\asian\n007664\0065_01.jpg,data\processed\bfw\asian\n007664\0133_01.jpg,n007664,n007664,asian,asian,females,females,,,1,0.30581832,9.795506,0.6941817
data\processed\bfw\asian\n004809\0149_01.jpg,data\processed\bfw\asian\n004221\0450_01.jpg,n004809,n004221,asian,asian,males,males,,,0,0.14711349,12.576648,0.8528865
data\processed\bfw\asian\n008934\0029_02.jpg,data\processed\bfw\asian\n000160\0223_01.jpg,n008934,n000160,asian,asian,females,females,,,0,0.13499004,12.709019,0.86500996
data\processed\bfw\asian\n006358\0055_02.jpg,data\processed\bfw\asian\n006358\0094_01.jpg,n006358,n006358,asian,asian,females,females,,,1,0.3280257,11.182758,0.6719743
data\processed\bfw\asian\n008163\0640_01.jpg,data\processed\bfw\asian\n009275\0039_01.jpg,n008163,n009275,asian,asian,females,females,,,0,0.28249642,11.089411,0.71750355
data\processed\bfw\asian\n004109\0102_01.jpg,data\processed\bfw\asian\n009175\0082_01.jpg,n004109,n009175,asian,asian,males,females,,,0,0.058397047,11.587874,0.94160295
data\processed\bfw\asian\n000872\0085_01.jpg,data\processed\bfw\asian\n004472\0172_03.jpg,n000872,n004472,asian,asian,males,females,,,0,0.10323187,11.356473,0.89676815
data\processed\bfw\asian\n003533\0062_02.jpg,data\processed\bfw\asian\n003533\0128_01.jpg,n003533,n003533,asian,asian,males,males,,,1,0.3545063,9.778385,0.6454937
data\processed\bfw\asian\n002552\0020_01.jpg,data\processed\bfw\asian\n002552\0237_02.jpg,n002552,n002552,asian,asian,males,males,,,1,0.52352154,9.691021,0.47647846
data\processed\bfw\asian\n000158\0040_07.jpg,data\processed\bfw\asian\n000158\0158_01.jpg,n000158,n000158,asian,asian,males,males,,,1,0.5116048,9.900479,0.4883952
data\processed\bfw\asian\n004467\0047_01.jpg,data\processed\bfw\asian\n000839\0295_01.jpg,n004467,n000839,asian,asian,males,females,,,0,-0.0359031,14.695211,1.0359031
data\processed\bfw\asian\n006619\0098_01.jpg,data\processed\bfw\asian\n003354\0098_01.jpg,n006619,n003354,asian,asian,females,females,,,0,-0.012062549,12.354128,1.0120625
data\processed\bfw\asian\n006159\0113_02.jpg,data\processed\bfw\asian\n006159\0265_01.jpg,n006159,n006159,asian,asian,females,females,,,1,0.19890733,10.651329,0.8010927
data\processed\bfw\asian\n008163\0239_02.jpg,data\processed\bfw\asian\n008163\0609_02.jpg,n008163,n008163,asian,asian,females,females,,,1,-0.014739511,11.010889,1.0147395
data\processed\bfw\asian\n004466\0003_01.jpg,data\processed\bfw\asian\n004466\0123_01.jpg,n004466,n004466,asian,asian,males,males,,,1,0.32695362,7.8102975,0.67304635
data\processed\bfw\asian\n000148\0025_01.jpg,data\processed\bfw\asian\n009177\0602_01.jpg,n000148,n009177,asian,asian,females,females,,,0,0.20501795,12.565659,0.7949821
data\processed\bfw\asian\n001572\0242_01.jpg,data\processed\bfw\asian\n003824\0111_01.jpg,n001572,n003824,asian,asian,females,females,,,0,-0.10468585,12.147615,1.1046859
data\processed\bfw\asian\n009276\0006_08.jpg,data\processed\bfw\asian\n009276\0374_01.jpg,n009276,n009276,asian,asian,females,females,,,1,0.1967229,11.122068,0.80327713
data\processed\bfw\asian\n004681\0592_01.jpg,data\processed\bfw\asian\n005083\0100_01.jpg,n004681,n005083,asian,asian,males,females,,,0,0.20919462,9.695493,0.7908054
data\processed\bfw\asian\n003288\0572_01.jpg,data\processed\bfw\asian\n006203\0130_01.jpg,n003288,n006203,asian,asian,females,females,,,0,-0.036863852,11.079319,1.0368638
data\processed\bfw\asian\n009294\0002_01.jpg,data\processed\bfw\asian\n003162\0188_01.jpg,n009294,n003162,asian,asian,females,males,,,0,0.057549812,13.938702,0.94245017
data\processed\bfw\asian\n004794\0019_03.jpg,data\processed\bfw\asian\n004794\0367_01.jpg,n004794,n004794,asian,asian,males,males,,,1,0.37133807,10.581727,0.62866193
data\processed\bfw\asian\n004108\0267_02.jpg,data\processed\bfw\asian\n004108\0350_02.jpg,n004108,n004108,asian,asian,males,males,,,1,0.15448755,10.228661,0.84551245
data\processed\bfw\asian\n004805\0025_01.jpg,data\processed\bfw\asian\n005083\0252_01.jpg,n004805,n005083,asian,asian,males,females,,,0,0.108651906,11.416416,0.8913481
data\processed\bfw\asian\n000137\0248_01.jpg,data\processed\bfw\asian\n000137\0265_01.jpg,n000137,n000137,asian,asian,females,females,,,1,0.13882527,9.165074,0.8611747
data\processed\bfw\asian\n002725\0267_01.jpg,data\processed\bfw\asian\n002725\0329_03.jpg,n002725,n002725,asian,asian,females,females,,,1,0.3424599,10.7364025,0.6575401
data\processed\bfw\asian\n000837\0032_02.jpg,data\processed\bfw\asian\n000837\0193_01.jpg,n000837,n000837,asian,asian,females,females,,,1,0.51944757,9.970884,0.48055243
data\processed\bfw\asian\n007089\0066_01.jpg,data\processed\bfw\asian\n007089\0067_01.jpg,n007089,n007089,asian,asian,females,females,,,1,0.5229878,9.781321,0.47701222
data\processed\bfw\asian\n005085\0018_01.jpg,data\processed\bfw\asian\n005085\0069_01.jpg,n005085,n005085,asian,asian,females,females,,,1,0.6630749,7.7140827,0.3369251
data\processed\bfw\asian\n002644\0318_01.jpg,data\processed\bfw\asian\n002644\0497_02.jpg,n002644,n002644,asian,asian,males,males,,,1,0.17375013,8.712701,0.82624984
data\processed\bfw\asian\n000132\0707_01__face_0.jpg,data\processed\bfw\asian\n003155\1014_01.jpg,n000132,n003155,asian,asian,males,males,,,0,0.111209765,13.788754,0.88879025
data\processed\bfw\asian\n001976\0056_01.jpg,data\processed\bfw\asian\n001976\0336_02.jpg,n001976,n001976,asian,asian,males,males,,,1,0.35168174,10.030946,0.6483183
data\processed\bfw\asian\n000158\0367_01.jpg,data\processed\bfw\asian\n003223\0034_05.jpg,n000158,n003223,asian,asian,males,males,,,0,0.24091758,9.671362,0.75908244
data\processed\bfw\asian\n004786\0101_01.jpg,data\processed\bfw\asian\n004786\0203_01.jpg,n004786,n004786,asian,asian,females,females,,,1,0.4437225,9.592262,0.5562775
data\processed\bfw\asian\n004809\0220_03.jpg,data\processed\bfw\asian\n006634\0078_01.jpg,n004809,n006634,asian,asian,males,females,,,0,0.23697735,10.794643,0.76302266
data\processed\bfw\asian\n005378\0234_02.jpg,data\processed\bfw\asian\n005378\0237_01.jpg,n005378,n005378,asian,asian,females,females,,,1,0.11672953,12.026386,0.8832705
data\processed\bfw\asian\n005069\0135_01.jpg,data\processed\bfw\asian\n004721\0145_01.jpg,n005069,n004721,asian,asian,females,males,,,0,0.31265032,9.439793,0.6873497
data\processed\bfw\asian\n008163\0092_01.jpg,data\processed\bfw\asian\n008163\0389_01.jpg,n008163,n008163,asian,asian,females,females,,,1,0.38603738,9.060461,0.61396265
data\processed\bfw\asian\n004805\0385_01.jpg,data\processed\bfw\asian\n004805\0566_01.jpg,n004805,n004805,asian,asian,males,males,,,1,0.16420388,10.182851,0.8357961
data\processed\bfw\asian\n002775\0133_01.jpg,data\processed\bfw\asian\n000137\0187_01.jpg,n002775,n000137,asian,asian,males,females,,,0,0.057123274,11.112602,0.9428767
data\processed\bfw\asian\n004472\0485_01.jpg,data\processed\bfw\asian\n000139\0170_01.jpg,n004472,n000139,asian,asian,females,females,,,0,0.037096214,13.61726,0.9629038
data\processed\bfw\asian\n006148\0102_02.jpg,data\processed\bfw\asian\n006148\0165_01.jpg,n006148,n006148,asian,asian,females,females,,,1,0.42072713,9.546002,0.57927287
data\processed\bfw\asian\n004860\0059_01.jpg,data\processed\bfw\asian\n004721\0017_01.jpg,n004860,n004721,asian,asian,females,males,,,0,0.16549365,9.654888,0.83450633
data\processed\bfw\asian\n000436\0002_01.jpg,data\processed\bfw\asian\n000436\0560_01.jpg,n000436,n000436,asian,asian,males,males,,,1,0.20425022,12.232888,0.7957498
data\processed\bfw\asian\n004800\0541_01.jpg,data\processed\bfw\asian\n004800\0560_01.jpg,n004800,n004800,asian,asian,males,males,,,1,0.1465637,11.10608,0.8534363
data\processed\bfw\asian\n007664\0049_01.jpg,data\processed\bfw\asian\n007664\0130_01.jpg,n007664,n007664,asian,asian,females,females,,,1,0.45572752,8.964453,0.5442725
data\processed\bfw\asian\n004785\0169_01.jpg,data\processed\bfw\asian\n004864\0282_02.jpg,n004785,n004864,asian,asian,females,females,,,0,0.19334677,10.393712,0.80665326
data\processed\bfw\asian\n009042\0394_01.jpg,data\processed\bfw\asian\n009175\0043_01.jpg,n009042,n009175,asian,asian,females,females,,,0,0.093505464,14.318835,0.90649456
data\processed\bfw\asian\n003223\0033_02.jpg,data\processed\bfw\asian\n005078\0134_01.jpg,n003223,n005078,asian,asian,males,males,,,0,0.066191316,11.183263,0.9338087
data\processed\bfw\asian\n008383\0161_02.jpg,data\processed\bfw\asian\n008383\0550_01.jpg,n008383,n008383,asian,asian,females,females,,,1,0.3069884,9.8136215,0.69301164
data\processed\bfw\asian\n003489\0102_01.jpg,data\processed\bfw\asian\n003489\0247_01.jpg,n003489,n003489,asian,asian,males,males,,,1,0.19670436,10.148445,0.8032956
data\processed\bfw\asian\n007089\0055_01.jpg,data\processed\bfw\asian\n007089\0435_01.jpg,n007089,n007089,asian,asian,females,females,,,1,0.41108993,10.775254,0.5889101
data\processed\bfw\asian\n002725\0150_01.jpg,data\processed\bfw\asian\n009288\0270_01.jpg,n002725,n009288,asian,asian,females,females,,,0,-0.091719076,14.214003,1.091719
data\processed\bfw\asian\n007378\0124_01.jpg,data\processed\bfw\asian\n004809\0659_01.jpg,n007378,n004809,asian,asian,females,males,,,0,0.19519714,10.848045,0.8048029
data\processed\bfw\asian\n003358\0318_01.jpg,data\processed\bfw\asian\n004467\0049_01.jpg,n003358,n004467,asian,asian,females,males,,,0,0.24626169,10.077476,0.7537383
data\processed\bfw\asian\n007270\0064_01.jpg,data\processed\bfw\asian\n007270\0306_03.jpg,n007270,n007270,asian,asian,females,females,,,1,0.59229124,7.19383,0.40770876
data\processed\bfw\asian\n006149\0064_01.jpg,data\processed\bfw\asian\n006149\0075_01.jpg,n006149,n006149,asian,asian,females,females,,,1,0.33864886,11.333535,0.66135114
data\processed\bfw\asian\n000137\0265_01.jpg,data\processed\bfw\asian\n004108\0096_01.jpg,n000137,n004108,asian,asian,females,males,,,0,-0.020393126,11.920127,1.0203931
data\processed\bfw\asian\n003506\0177_01.jpg,data\processed\bfw\asian\n003506\0428_02.jpg,n003506,n003506,asian,asian,females,females,,,1,0.39542595,10.310771,0.6045741
data\processed\bfw\asian\n004935\0287_01.jpg,data\processed\bfw\asian\n004935\0501_03.jpg,n004935,n004935,asian,asian,males,males,,,1,-0.007629721,14.394545,1.0076298
data\processed\bfw\asian\n000872\0098_01.jpg,data\processed\bfw\asian\n006203\0130_01.jpg,n000872,n006203,asian,asian,males,females,,,0,-0.041497145,11.565238,1.0414971
data\processed\bfw\asian\n000873\0255_01.jpg,data\processed\bfw\asian\n000873\0542_01.jpg,n000873,n000873,asian,asian,males,males,,,1,0.14331622,9.931895,0.8566838
data\processed\bfw\asian\n000160\0109_01.jpg,data\processed\bfw\asian\n000160\0308_01.jpg,n000160,n000160,asian,asian,females,females,,,1,0.40330407,9.130028,0.5966959
data\processed\bfw\asian\n008163\0032_02.jpg,data\processed\bfw\asian\n008163\0041_01.jpg,n008163,n008163,asian,asian,females,females,,,1,0.5219319,8.413085,0.4780681
data\processed\bfw\asian\n003162\0046_01.jpg,data\processed\bfw\asian\n003162\0278_01.jpg,n003162,n003162,asian,asian,males,males,,,1,0.5776678,8.634167,0.42233223
data\processed\bfw\asian\n000138\0003_01.jpg,data\processed\bfw\asian\n000138\0395_01.jpg,n000138,n000138,asian,asian,females,females,,,1,0.22671887,9.248084,0.7732811
data\processed\bfw\asian\n004469\0170_01.jpg,data\processed\bfw\asian\n004469\0851_02.jpg,n004469,n004469,asian,asian,males,males,,,1,0.427452,10.174489,0.57254803
data\processed\bfw\asian\n002509\0041_01.jpg,data\processed\bfw\asian\n004860\0171_07.jpg,n002509,n004860,asian,asian,females,females,,,0,0.061944358,13.171633,0.93805563
data\processed\bfw\asian\n004681\0206_01.jpg,data\processed\bfw\asian\n009042\0394_01.jpg,n004681,n009042,asian,asian,males,females,,,0,0.088921726,13.5718565,0.9110783
data\processed\bfw\asian\n004805\0276_01.jpg,data\processed\bfw\asian\n004805\0341_01.jpg,n004805,n004805,asian,asian,males,males,,,1,0.22366372,9.380373,0.7763363
data\processed\bfw\asian\n001864\0077_01.jpg,data\processed\bfw\asian\n001864\0078_01.jpg,n001864,n001864,asian,asian,males,males,,,1,0.35552728,9.318987,0.6444727
data\processed\bfw\asian\n007378\0214_01.jpg,data\processed\bfw\asian\n007378\0248_01.jpg,n007378,n007378,asian,asian,females,females,,,1,0.10475366,10.399302,0.8952463
data\processed\bfw\asian\n006159\0073_01.jpg,data\processed\bfw\asian\n006159\0122_01.jpg,n006159,n006159,asian,asian,females,females,,,1,0.5090972,9.726262,0.49090278
data\processed\bfw\asian\n000138\0078_01.jpg,data\processed\bfw\asian\n009103\0657_02.jpg,n000138,n009103,asian,asian,females,females,,,0,0.33657545,10.366123,0.66342455
data\processed\bfw\asian\n009278\0049_02.jpg,data\processed\bfw\asian\n009278\0072_01.jpg,n009278,n009278,asian,asian,females,females,,,1,0.53730065,7.4377246,0.46269935
data\processed\bfw\asian\n000143\0226_04.jpg,data\processed\bfw\asian\n000132\0225_03__face_0.jpg,n000143,n000132,asian,asian,females,males,,,0,0.13875262,10.758321,0.86124736
data\processed\bfw\asian\n007816\0770_01.jpg,data\processed\bfw\asian\n006224\0030_01.jpg,n007816,n006224,asian,asian,females,females,,,0,0.16363169,10.636677,0.8363683
data\processed\bfw\asian\n000436\0161_02.jpg,data\processed\bfw\asian\n000436\0224_01.jpg,n000436,n000436,asian,asian,males,males,,,1,0.34818417,11.185256,0.65181583
data\processed\bfw\asian\n004549\0202_01.jpg,data\processed\bfw\asian\n001496\0076_01.jpg,n004549,n001496,asian,asian,females,males,,,0,-0.11832565,11.16841,1.1183257
data\processed\bfw\asian\n008934\0233_01.jpg,data\processed\bfw\asian\n008934\0353_01.jpg,n008934,n008934,asian,asian,females,females,,,1,0.42249316,9.226844,0.57750684
data\processed\bfw\asian\n003467\0176_02.jpg,data\processed\bfw\asian\n003467\0395_01.jpg,n003467,n003467,asian,asian,females,females,,,1,0.48488176,8.597695,0.51511824
data\processed\bfw\asian\n009287\0054_01.jpg,data\processed\bfw\asian\n009287\0191_01.jpg,n009287,n009287,asian,asian,females,females,,,1,0.49842352,9.666074,0.5015765
data\processed\bfw\asian\n004809\0013_10.jpg,data\processed\bfw\asian\n004809\0619_01.jpg,n004809,n004809,asian,asian,males,males,,,1,0.3452886,8.936731,0.65471137
data\processed\bfw\asian\n003463\0127_01.jpg,data\processed\bfw\asian\n003463\0517_02.jpg,n003463,n003463,asian,asian,males,males,,,1,0.43552968,9.569304,0.5644703
data\processed\bfw\asian\n009148\0051_01.jpg,data\processed\bfw\asian\n009148\0155_01.jpg,n009148,n009148,asian,asian,females,females,,,1,0.051091295,10.05012,0.9489087
data\processed\bfw\asian\n005078\0043_02.jpg,data\processed\bfw\asian\n005474\0039_02.jpg,n005078,n005474,asian,asian,males,females,,,0,-0.029583376,12.52843,1.0295833
data\processed\bfw\asian\n007816\0281_01.jpg,data\processed\bfw\asian\n007816\0543_01.jpg,n007816,n007816,asian,asian,females,females,,,1,0.24077007,9.993451,0.7592299
data\processed\bfw\asian\n006224\0096_01.jpg,data\processed\bfw\asian\n006224\0212_01.jpg,n006224,n006224,asian,asian,females,females,,,1,0.37989095,9.904628,0.6201091
data\processed\bfw\asian\n000132\0053_01__face_0.jpg,data\processed\bfw\asian\n000132\0091_01__face_0.jpg,n000132,n000132,asian,asian,males,males,,,1,0.6202996,8.224356,0.37970042
data\processed\bfw\asian\n002320\0186_02.jpg,data\processed\bfw\asian\n002320\0220_01.jpg,n002320,n002320,asian,asian,males,males,,,1,0.538909,9.399446,0.46109098
data\processed\bfw\asian\n004687\0191_01.jpg,data\processed\bfw\asian\n004687\0307_01.jpg,n004687,n004687,asian,asian,females,females,,,1,0.40162486,10.10985,0.59837514
data\processed\bfw\asian\n005378\0294_01.jpg,data\processed\bfw\asian\n005378\0354_01.jpg,n005378,n005378,asian,asian,females,females,,,1,0.059642933,10.441543,0.9403571
data\processed\bfw\asian\n003635\0614_01.jpg,data\processed\bfw\asian\n003635\0624_01.jpg,n003635,n003635,asian,asian,males,males,,,1,0.6131174,7.8336153,0.3868826
data\processed\bfw\asian\n003506\0041_01.jpg,data\processed\bfw\asian\n003506\0637_01.jpg,n003506,n003506,asian,asian,females,females,,,1,0.5866603,9.079787,0.41333967
data\processed\bfw\asian\n003355\0082_01.jpg,data\processed\bfw\asian\n004800\0419_04.jpg,n003355,n004800,asian,asian,males,males,,,0,0.26711366,11.734308,0.7328863
data\processed\bfw\asian\n004860\0059_01.jpg,data\processed\bfw\asian\n004860\0346_03.jpg,n004860,n004860,asian,asian,females,females,,,1,0.34024996,8.55302,0.65975004
data\processed\bfw\asian\n001682\0085_01.jpg,data\processed\bfw\asian\n004877\0076_01.jpg,n001682,n004877,asian,asian,males,females,,,0,0.07015726,13.294668,0.9298427
data\processed\bfw\asian\n004785\0145_01.jpg,data\processed\bfw\asian\n004785\0357_02.jpg,n004785,n004785,asian,asian,females,females,,,1,0.5071641,8.542839,0.49283588
data\processed\bfw\asian\n003156\0077_01.jpg,data\processed\bfw\asian\n003156\0084_01.jpg,n003156,n003156,asian,asian,males,males,,,1,0.3048998,10.203172,0.6951002
data\processed\bfw\asian\n001976\0336_02.jpg,data\processed\bfw\asian\n000148\0390_01.jpg,n001976,n000148,asian,asian,males,females,,,0,0.058289006,11.277411,0.941711
data\processed\bfw\asian\n006633\0063_04.jpg,data\processed\bfw\asian\n001682\0052_01.jpg,n006633,n001682,asian,asian,females,males,,,0,0.015197041,13.834946,0.98480296
data\processed\bfw\asian\n007664\0081_01.jpg,data\processed\bfw\asian\n005063\0414_06.jpg,n007664,n005063,asian,asian,females,females,,,0,0.26609236,11.174666,0.73390764
data\processed\bfw\asian\n007089\0431_01.jpg,data\processed\bfw\asian\n004791\0377_01.jpg,n007089,n004791,asian,asian,females,males,,,0,0.058706902,11.851801,0.9412931
data\processed\bfw\asian\n004930\0065_01.jpg,data\processed\bfw\asian\n008934\0119_01.jpg,n004930,n008934,asian,asian,females,females,,,0,0.06540465,13.623407,0.93459535
data\processed\bfw\asian\n001572\0025_01.jpg,data\processed\bfw\asian\n004800\0289_02.jpg,n001572,n004800,asian,asian,females,males,,,0,0.08002035,10.099908,0.91997963
data\processed\bfw\asian\n006149\0117_01.jpg,data\processed\bfw\asian\n006149\0349_01.jpg,n006149,n006149,asian,asian,females,females,,,1,0.51021695,7.735244,0.48978305
data\processed\bfw\asian\n006126\0097_01.jpg,data\processed\bfw\asian\n004936\0124_01.jpg,n006126,n004936,asian,asian,females,females,,,0,0.22225295,11.305079,0.77774704
data\processed\bfw\asian\n005446\0490_02.jpg,data\processed\bfw\asian\n001864\0283_01.jpg,n005446,n001864,asian,asian,females,males,,,0,0.17106329,11.602539,0.8289367
data\processed\bfw\asian\n003355\0082_01.jpg,data\processed\bfw\asian\n003355\0620_01.jpg,n003355,n003355,asian,asian,males,males,,,1,0.4575476,9.119938,0.5424524
data\processed\bfw\asian\n000135\0112_01.jpg,data\processed\bfw\asian\n005077\0002_01.jpg,n000135,n005077,asian,asian,females,females,,,0,0.044947024,10.387036,0.955053
data\processed\bfw\asian\n007814\0287_01.jpg,data\processed\bfw\asian\n000148\0153_01.jpg,n007814,n000148,asian,asian,females,females,,,0,0.24259816,9.533389,0.7574018
data\processed\bfw\asian\n002320\0006_01.jpg,data\processed\bfw\asian\n002320\0170_01.jpg,n002320,n002320,asian,asian,males,males,,,1,0.46090934,9.50035,0.53909063
data\processed\bfw\asian\n003355\0089_01.jpg,data\processed\bfw\asian\n004686\0077_01.jpg,n003355,n004686,asian,asian,males,males,,,0,0.110271,11.776246,0.889729
data\processed\bfw\asian\n001562\0110_02.jpg,data\processed\bfw\asian\n000854\0245_01.jpg,n001562,n000854,asian,asian,males,females,,,0,0.26423702,10.163816,0.73576295
data\processed\bfw\asian\n004877\0200_02.jpg,data\processed\bfw\asian\n002644\0257_01.jpg,n004877,n002644,asian,asian,females,males,,,0,0.20430684,10.621626,0.79569316
data\processed\bfw\asian\n008934\0164_01.jpg,data\processed\bfw\asian\n008934\0645_01.jpg,n008934,n008934,asian,asian,females,females,,,1,0.34666127,9.906935,0.65333873
data\processed\bfw\asian\n004687\0010_04.jpg,data\processed\bfw\asian\n009279\0193_01.jpg,n004687,n009279,asian,asian,females,females,,,0,0.20757808,10.689675,0.79242194
data\processed\bfw\asian\n006736\0099_01.jpg,data\processed\bfw\asian\n006736\0101_01.jpg,n006736,n006736,asian,asian,females,females,,,1,0.3956438,10.298222,0.60435617
data\processed\bfw\asian\n004936\0138_02.jpg,data\processed\bfw\asian\n004936\0757_01.jpg,n004936,n004936,asian,asian,females,females,,,1,-0.014520119,9.860243,1.0145202
data\processed\bfw\asian\n003223\0327_01.jpg,data\processed\bfw\asian\n002775\0069_01.jpg,n003223,n002775,asian,asian,males,males,,,0,-0.022948407,13.821137,1.0229484
data\processed\bfw\asian\n001496\0128_03.jpg,data\processed\bfw\asian\n001496\0219_01.jpg,n001496,n001496,asian,asian,males,males,,,1,0.15840882,10.979696,0.8415912
data\processed\bfw\asian\n003167\0183_01.jpg,data\processed\bfw\asian\n004108\0391_01.jpg,n003167,n004108,asian,asian,males,males,,,0,0.13106768,10.836223,0.8689323
data\processed\bfw\asian\n003465\0195_01.jpg,data\processed\bfw\asian\n003027\0374_01.jpg,n003465,n003027,asian,asian,males,males,,,0,0.09946597,12.664295,0.90053403
data\processed\bfw\asian\n006148\0189_01.jpg,data\processed\bfw\asian\n006148\0400_01.jpg,n006148,n006148,asian,asian,females,females,,,1,0.016469406,11.747258,0.9835306
data\processed\bfw\asian\n002320\0170_01.jpg,data\processed\bfw\asian\n008401\0160_02.jpg,n002320,n008401,asian,asian,males,females,,,0,-0.01407391,13.309229,1.014074
data\processed\bfw\asian\n004791\0190_01.jpg,data\processed\bfw\asian\n004791\0556_01.jpg,n004791,n004791,asian,asian,males,males,,,1,0.4063233,8.460921,0.5936767
data\processed\bfw\asian\n004935\0149_01.jpg,data\processed\bfw\asian\n006774\0391_01.jpg,n004935,n006774,asian,asian,males,females,,,0,0.08598754,11.8600235,0.91401243
data\processed\bfw\asian\n007378\0036_01.jpg,data\processed\bfw\asian\n007378\0146_03.jpg,n007378,n007378,asian,asian,females,females,,,1,0.52765334,8.2550955,0.47234666
data\processed\bfw\asian\n003824\0042_01.jpg,data\processed\bfw\asian\n006344\0147_02.jpg,n003824,n006344,asian,asian,females,females,,,0,0.36918405,9.826062,0.630816
data\processed\bfw\asian\n006148\0027_01.jpg,data\processed\bfw\asian\n006148\0242_02.jpg,n006148,n006148,asian,asian,females,females,,,1,0.54992867,8.490974,0.45007133
data\processed\bfw\asian\n009103\0161_01.jpg,data\processed\bfw\asian\n009103\0724_01.jpg,n009103,n009103,asian,asian,females,females,,,1,0.4952654,7.7376285,0.50473464
data\processed\bfw\asian\n009042\0115_01.jpg,data\processed\bfw\asian\n009276\0106_05.jpg,n009042,n009276,asian,asian,females,females,,,0,0.14558159,11.955268,0.8544184
data\processed\bfw\asian\n007378\0479_01.jpg,data\processed\bfw\asian\n006125\0247_01.jpg,n007378,n006125,asian,asian,females,females,,,0,-0.047117684,11.300343,1.0471177
data\processed\bfw\asian\n008978\0101_01.jpg,data\processed\bfw\asian\n000872\0101_01.jpg,n008978,n000872,asian,asian,females,males,,,0,0.082689874,13.041635,0.9173101
data\processed\bfw\asian\n000009\0102_01.jpg,data\processed\bfw\asian\n004800\0139_02.jpg,n000009,n004800,asian,asian,females,males,,,0,0.1440702,10.928859,0.8559298
data\processed\bfw\asian\n006126\0097_01.jpg,data\processed\bfw\asian\n003506\0367_01.jpg,n006126,n003506,asian,asian,females,females,,,0,0.18157944,10.562081,0.8184205
data\processed\bfw\asian\n006203\0092_06.jpg,data\processed\bfw\asian\n006203\0148_04.jpg,n006203,n006203,asian,asian,females,females,,,1,0.4957758,7.632065,0.5042242
data\processed\bfw\asian\n004785\0183_02.jpg,data\processed\bfw\asian\n004785\0381_02.jpg,n004785,n004785,asian,asian,females,females,,,1,0.36453313,9.536651,0.6354669
data\processed\bfw\asian\n004860\0196_01.jpg,data\processed\bfw\asian\n002406\0197_01.jpg,n004860,n002406,asian,asian,females,males,,,0,0.18045883,9.433891,0.81954116
data\processed\bfw\asian\n009042\0034_02.jpg,data\processed\bfw\asian\n009042\0383_02.jpg,n009042,n009042,asian,asian,females,females,,,1,0.066279516,13.211342,0.93372047
data\processed\bfw\asian\n000436\0002_01.jpg,data\processed\bfw\asian\n000436\0040_04.jpg,n000436,n000436,asian,asian,males,males,,,1,0.008622946,12.519451,0.99137706
data\processed\bfw\asian\n002331\0264_01.jpg,data\processed\bfw\asian\n002331\0348_01.jpg,n002331,n002331,asian,asian,males,males,,,1,0.18778522,10.071491,0.8122148
data\processed\bfw\asian\n005063\0044_03.jpg,data\processed\bfw\asian\n005063\0072_01.jpg,n005063,n005063,asian,asian,females,females,,,1,0.37293714,9.770493,0.62706286
data\processed\bfw\asian\n009287\0160_01.jpg,data\processed\bfw\asian\n000436\0348_01.jpg,n009287,n000436,asian,asian,females,males,,,0,0.040327486,11.398971,0.9596725
data\processed\bfw\asian\n009275\0049_01.jpg,data\processed\bfw\asian\n009275\0624_01.jpg,n009275,n009275,asian,asian,females,females,,,1,0.26238427,10.886888,0.7376157
data\processed\bfw\asian\n003358\0365_01.jpg,data\processed\bfw\asian\n000840\0023_01.jpg,n003358,n000840,asian,asian,females,females,,,0,0.32887566,8.341855,0.67112434
data\processed\bfw\asian\n004469\0111_03.jpg,data\processed\bfw\asian\n003288\0300_01.jpg,n004469,n003288,asian,asian,males,females,,,0,0.021716135,11.456762,0.9782839
data\processed\bfw\asian\n004108\0190_01.jpg,data\processed\bfw\asian\n004108\0383_01.jpg,n004108,n004108,asian,asian,males,males,,,1,0.07738688,11.247832,0.92261314
data\processed\bfw\asian\n005077\0104_01.jpg,data\processed\bfw\asian\n004466\0048_01.jpg,n005077,n004466,asian,asian,females,males,,,0,0.1270188,11.91126,0.8729812
data\processed\bfw\asian\n004786\0097_02.jpg,data\processed\bfw\asian\n004786\0241_02.jpg,n004786,n004786,asian,asian,females,females,,,1,0.47218207,9.096478,0.52781796
data\processed\bfw\asian\n005177\0155_01.jpg,data\processed\bfw\asian\n004935\0123_01.jpg,n005177,n004935,asian,asian,males,males,,,0,0.08754628,11.293606,0.9124537
data\processed\bfw\asian\n004221\0226_06.jpg,data\processed\bfw\asian\n009103\0700_03.jpg,n004221,n009103,asian,asian,males,females,,,0,-0.10891576,12.78426,1.1089158
data\processed\bfw\asian\n002725\0290_01.jpg,data\processed\bfw\asian\n002725\0330_02.jpg,n002725,n002725,asian,asian,females,females,,,1,0.18975762,10.462432,0.8102424
data\processed\bfw\asian\n003491\0019_01.jpg,data\processed\bfw\asian\n003491\0033_01.jpg,n003491,n003491,asian,asian,males,males,,,1,0.5831441,9.226535,0.41685587
data\processed\bfw\asian\n005177\0004_01.jpg,data\processed\bfw\asian\n005177\0096_01.jpg,n005177,n005177,asian,asian,males,males,,,1,0.60292995,8.517422,0.39707005
data\processed\bfw\asian\n004860\0018_02.jpg,data\processed\bfw\asian\n004860\0236_01.jpg,n004860,n004860,asian,asian,females,females,,,1,0.51753396,8.934528,0.48246604
data\processed\bfw\asian\n004785\0125_01.jpg,data\processed\bfw\asian\n004785\0211_01.jpg,n004785,n004785,asian,asian,females,females,,,1,0.37316185,10.068038,0.62683815
data\processed\bfw\asian\n000160\0139_01.jpg,data\processed\bfw\asian\n005072\0231_01.jpg,n000160,n005072,asian,asian,females,males,,,0,-0.14960285,12.78866,1.1496029
data\processed\bfw\asian\n002644\0105_01.jpg,data\processed\bfw\asian\n002644\0318_01.jpg,n002644,n002644,asian,asian,males,males,,,1,0.29486647,8.363627,0.70513356
data\processed\bfw\asian\n007385\0432_01.jpg,data\processed\bfw\asian\n007385\0691_01.jpg,n007385,n007385,asian,asian,females,females,,,1,0.0945525,11.422774,0.9054475
data\processed\bfw\asian\n004680\0211_01.jpg,data\processed\bfw\asian\n000839\0407_01.jpg,n004680,n000839,asian,asian,females,females,,,0,0.19190574,11.159116,0.80809426
data\processed\bfw\asian\n005072\0606_01.jpg,data\processed\bfw\asian\n003635\0648_02.jpg,n005072,n003635,asian,asian,males,males,,,0,0.039721288,13.1915,0.9602787
data\processed\bfw\asian\n000132\0148_01__face_0.jpg,data\processed\bfw\asian\n000132\0234_01__face_0.jpg,n000132,n000132,asian,asian,males,males,,,1,0.33953428,10.916175,0.6604657
data\processed\bfw\asian\n003533\0055_03.jpg,data\processed\bfw\asian\n003557\0241_03.jpg,n003533,n003557,asian,asian,males,females,,,0,0.093060985,13.248218,0.906939
data\processed\bfw\asian\n006159\0039_02.jpg,data\processed\bfw\asian\n004466\0045_01.jpg,n006159,n004466,asian,asian,females,males,,,0,0.08488573,13.08739,0.9151143
data\processed\bfw\asian\n004108\0239_01.jpg,data\processed\bfw\asian\n000838\0247_01.jpg,n004108,n000838,asian,asian,males,females,,,0,0.08134096,10.751272,0.91865903
data\processed\bfw\asian\n003167\0081_01.jpg,data\processed\bfw\asian\n000137\0100_01.jpg,n003167,n000137,asian,asian,males,females,,,0,-0.0056870934,14.290972,1.0056871
data\processed\bfw\asian\n006418\0040_01.jpg,data\processed\bfw\asian\n000161\0001_01.jpg,n006418,n000161,asian,asian,females,males,,,0,0.09219963,11.542217,0.9078004
data\processed\bfw\asian\n004472\0093_01.jpg,data\processed\bfw\asian\n003465\0036_01.jpg,n004472,n003465,asian,asian,females,males,,,0,0.21493277,10.956241,0.7850672
data\processed\bfw\asian\n004864\0588_04.jpg,data\processed\bfw\asian\n004864\0607_01.jpg,n004864,n004864,asian,asian,females,females,,,1,0.39030337,9.1466055,0.6096966
data\processed\bfw\asian\n003155\0185_01.jpg,data\processed\bfw\asian\n003155\0309_02.jpg,n003155,n003155,asian,asian,males,males,,,1,0.11951571,12.552125,0.8804843
data\processed\bfw\asian\n004469\0170_01.jpg,data\processed\bfw\asian\n004791\0269_01.jpg,n004469,n004791,asian,asian,males,males,,,0,0.16502228,10.545518,0.83497775
data\processed\bfw\asian\n006736\0145_01.jpg,data\processed\bfw\asian\n004785\0493_01.jpg,n006736,n004785,asian,asian,females,females,,,0,0.2485632,11.366559,0.7514368
data\processed\bfw\asian\n005116\0189_01.jpg,data\processed\bfw\asian\n005116\0332_01.jpg,n005116,n005116,asian,asian,males,males,,,1,0.40950295,9.919507,0.590497
data\processed\bfw\asian\n007372\0033_01.jpg,data\processed\bfw\asian\n000873\0191_01.jpg,n007372,n000873,asian,asian,females,males,,,0,-0.013114497,13.16049,1.0131145
data\processed\bfw\asian\n006125\0101_01.jpg,data\processed\bfw\asian\n006125\0129_01.jpg,n006125,n006125,asian,asian,females,females,,,1,0.37273026,10.418807,0.62726974
data\processed\bfw\asian\n007089\0066_01.jpg,data\processed\bfw\asian\n000854\0354_01.jpg,n007089,n000854,asian,asian,females,females,,,0,0.17143072,11.883526,0.8285693
data\processed\bfw\asian\n005177\0065_01.jpg,data\processed\bfw\asian\n007372\0216_03.jpg,n005177,n007372,asian,asian,males,females,,,0,0.012989187,11.233911,0.98701084
data\processed\bfw\asian\n004805\0012_02.jpg,data\processed\bfw\asian\n004805\0289_01.jpg,n004805,n004805,asian,asian,males,males,,,1,0.2542499,9.87007,0.74575007
data\processed\bfw\asian\n000139\0170_01.jpg,data\processed\bfw\asian\n006126\0351_01.jpg,n000139,n006126,asian,asian,females,females,,,0,-0.11486918,12.78547,1.1148691
data\processed\bfw\asian\n003156\0100_01.jpg,data\processed\bfw\asian\n005077\0020_01.jpg,n003156,n005077,asian,asian,males,females,,,0,0.042707644,10.534299,0.9572924
data\processed\bfw\asian\n003027\0210_01.jpg,data\processed\bfw\asian\n006774\0075_01.jpg,n003027,n006774,asian,asian,males,females,,,0,0.010389933,14.997705,0.9896101
data\processed\bfw\asian\n009175\0037_01.jpg,data\processed\bfw\asian\n009175\0072_01.jpg,n009175,n009175,asian,asian,females,females,,,1,0.57921064,9.336747,0.42078936
data\processed\bfw\asian\n009177\0112_01.jpg,data\processed\bfw\asian\n009177\0175_01.jpg,n009177,n009177,asian,asian,females,females,,,1,0.5524505,8.265442,0.44754952
data\processed\bfw\asian\n000837\0195_01.jpg,data\processed\bfw\asian\n000837\0288_01.jpg,n000837,n000837,asian,asian,females,females,,,1,0.42939916,7.4878683,0.57060087
data\processed\bfw\asian\n007380\0081_01.jpg,data\processed\bfw\asian\n007380\0268_01.jpg,n007380,n007380,asian,asian,females,females,,,1,0.16322653,10.842613,0.83677346
data\processed\bfw\asian\n003449\0129_01.jpg,data\processed\bfw\asian\n004786\0241_02.jpg,n003449,n004786,asian,asian,females,females,,,0,0.06301005,11.387675,0.93698996
data\processed\bfw\asian\n006344\0143_01.jpg,data\processed\bfw\asian\n000139\0300_03.jpg,n006344,n000139,asian,asian,females,females,,,0,0.23725492,11.672633,0.7627451
data\processed\bfw\asian\n004800\0111_01.jpg,data\processed\bfw\asian\n004800\0281_01.jpg,n004800,n004800,asian,asian,males,males,,,1,0.36556444,8.574862,0.63443553
data\processed\bfw\asian\n005069\0559_02.jpg,data\processed\bfw\asian\n007380\0081_01.jpg,n005069,n007380,asian,asian,females,females,,,0,0.08472244,12.297508,0.91527754
data\processed\bfw\asian\n000132\0091_01__face_0.jpg,data\processed\bfw\asian\n000132\0136_02__face_0.jpg,n000132,n000132,asian,asian,males,males,,,1,0.43091896,10.264055,0.56908107
data\processed\bfw\asian\n001864\0078_01.jpg,data\processed\bfw\asian\n003506\0367_01.jpg,n001864,n003506,asian,asian,males,females,,,0,-0.036613442,10.843656,1.0366135
data\processed\bfw\asian\n007814\0057_01.jpg,data\processed\bfw\asian\n005063\0072_01.jpg,n007814,n005063,asian,asian,females,females,,,0,0.1355784,11.3635645,0.8644216
data\processed\bfw\asian\n004930\0103_01.jpg,data\processed\bfw\asian\n007089\0229_01.jpg,n004930,n007089,asian,asian,females,females,,,0,0.34819677,10.689832,0.65180326
data\processed\bfw\asian\n009276\0036_01.jpg,data\processed\bfw\asian\n009276\0332_01.jpg,n009276,n009276,asian,asian,females,females,,,1,0.35447615,10.586885,0.64552385
data\processed\bfw\asian\n008978\0197_01.jpg,data\processed\bfw\asian\n000837\0075_01.jpg,n008978,n000837,asian,asian,females,females,,,0,0.07022757,11.993882,0.92977244
data\processed\bfw\asian\n005446\0051_01.jpg,data\processed\bfw\asian\n005446\0473_01.jpg,n005446,n005446,asian,asian,females,females,,,1,0.53623223,8.065421,0.46376777
data\processed\bfw\asian\n006619\0092_02.jpg,data\processed\bfw\asian\n006619\0572_01.jpg,n006619,n006619,asian,asian,females,females,,,1,0.52095705,7.601553,0.47904295
data\processed\bfw\asian\n000137\0059_01.jpg,data\processed\bfw\asian\n000137\0248_01.jpg,n000137,n000137,asian,asian,females,females,,,1,0.037840445,11.822181,0.9621596
data\processed\bfw\asian\n004877\0092_02.jpg,data\processed\bfw\asian\n002552\0074_01.jpg,n004877,n002552,asian,asian,females,males,,,0,0.061095573,10.505245,0.9389044
data\processed\bfw\asian\n004549\0065_01.jpg,data\processed\bfw\asian\n004549\0213_01.jpg,n004549,n004549,asian,asian,females,females,,,1,0.6170361,7.4150987,0.3829639
data\processed\bfw\asian\n000873\0556_01.jpg,data\processed\bfw\asian\n007899\0204_02.jpg,n000873,n007899,asian,asian,males,females,,,0,-0.023974897,11.474,1.0239749
data\processed\bfw\asian\n009125\0041_01.jpg,data\processed\bfw\asian\n009125\0363_01.jpg,n009125,n009125,asian,asian,females,females,,,1,0.30300507,10.293863,0.6969949
data\processed\bfw\asian\n004787\0147_01.jpg,data\processed\bfw\asian\n004787\0357_01.jpg,n004787,n004787,asian,asian,females,females,,,1,0.42971966,9.731569,0.5702803
data\processed\bfw\asian\n009287\0064_01.jpg,data\processed\bfw\asian\n009287\0089_01.jpg,n009287,n009287,asian,asian,females,females,,,1,0.6121652,9.373708,0.3878348
data\processed\bfw\asian\n006125\0185_01.jpg,data\processed\bfw\asian\n000854\0292_01.jpg,n006125,n000854,asian,asian,females,females,,,0,0.1857755,9.834376,0.8142245
data\processed\bfw\asian\n000009\0243_01.jpg,data\processed\bfw\asian\n000009\0354_03.jpg,n000009,n000009,asian,asian,females,females,,,1,0.1104328,13.161716,0.8895672
data\processed\bfw\asian\n007899\0077_01.jpg,data\processed\bfw\asian\n006222\0122_01.jpg,n007899,n006222,asian,asian,females,females,,,0,0.24410129,11.609434,0.7558987
data\processed\bfw\asian\n003491\0096_01.jpg,data\processed\bfw\asian\n003491\0147_05.jpg,n003491,n003491,asian,asian,males,males,,,1,0.3741547,8.295306,0.6258453
data\processed\bfw\asian\n004860\0107_01.jpg,data\processed\bfw\asian\n003153\0250_01.jpg,n004860,n003153,asian,asian,females,females,,,0,0.26225787,10.0345545,0.7377421
data\processed\bfw\asian\n002320\0025_01.jpg,data\processed\bfw\asian\n003481\0245_01.jpg,n002320,n003481,asian,asian,males,females,,,0,0.007892534,11.657796,0.99210745
data\processed\bfw\asian\n005069\0313_01.jpg,data\processed\bfw\asian\n000148\0390_01.jpg,n005069,n000148,asian,asian,females,females,,,0,0.25116995,9.21738,0.7488301
data\processed\bfw\asian\n000132\0153_01__face_0.jpg,data\processed\bfw\asian\n000132\0693_01__face_0.jpg,n000132,n000132,asian,asian,males,males,,,1,0.29417986,10.919275,0.70582014
data\processed\bfw\asian\n003167\0064_01.jpg,data\processed\bfw\asian\n004549\0202_01.jpg,n003167,n004549,asian,asian,males,females,,,0,-0.011370728,13.186717,1.0113708
data\processed\bfw\asian\n003358\0362_02.jpg,data\processed\bfw\asian\n003358\0437_01.jpg,n003358,n003358,asian,asian,females,females,,,1,0.47444552,8.711608,0.5255545
data\processed\bfw\asian\n005078\0289_01.jpg,data\processed\bfw\asian\n005446\0141_01.jpg,n005078,n005446,asian,asian,males,females,,,0,-0.018207408,12.478621,1.0182074
data\processed\bfw\asian\n007738\0188_02.jpg,data\processed\bfw\asian\n000838\0113_01.jpg,n007738,n000838,asian,asian,females,females,,,0,0.11551648,12.185706,0.8844835
data\processed\bfw\asian\n004864\0028_01.jpg,data\processed\bfw\asian\n002552\0237_02.jpg,n004864,n002552,asian,asian,females,males,,,0,-0.08993625,14.6100645,1.0899363
data\processed\bfw\asian\n004870\0112_02.jpg,data\processed\bfw\asian\n003467\0042_01.jpg,n004870,n003467,asian,asian,females,females,,,0,0.19286452,12.093778,0.80713546
data\processed\bfw\asian\n001864\0301_01.jpg,data\processed\bfw\asian\n005177\0004_01.jpg,n001864,n005177,asian,asian,males,males,,,0,0.19208284,12.483076,0.8079172
data\processed\bfw\asian\n005177\0004_01.jpg,data\processed\bfw\asian\n004936\0124_01.jpg,n005177,n004936,asian,asian,males,females,,,0,0.16155457,12.366058,0.8384454
data\processed\bfw\asian\n000135\0101_01.jpg,data\processed\bfw\asian\n000135\0465_01.jpg,n000135,n000135,asian,asian,females,females,,,1,0.090319894,11.615351,0.9096801
data\processed\bfw\asian\n008148\0137_01.jpg,data\processed\bfw\asian\n009042\0059_01.jpg,n008148,n009042,asian,asian,females,females,,,0,0.2739136,11.393828,0.7260864
data\processed\bfw\asian\n004787\0101_03.jpg,data\processed\bfw\asian\n006774\0430_02.jpg,n004787,n006774,asian,asian,females,females,,,0,0.25889912,10.850791,0.7411009
data\processed\bfw\asian\n005474\0162_02.jpg,data\processed\bfw\asian\n005072\0107_01.jpg,n005474,n005072,asian,asian,females,males,,,0,0.17990832,10.680823,0.82009166
data\processed\bfw\asian\n000872\0274_02.jpg,data\processed\bfw\asian\n000872\0581_01.jpg,n000872,n000872,asian,asian,males,males,,,1,0.6049352,7.5016837,0.39506477
data\processed\bfw\asian\n004466\0108_01.jpg,data\processed\bfw\asian\n004466\0238_01.jpg,n004466,n004466,asian,asian,males,males,,,1,0.23327638,10.252089,0.76672363
data\processed\bfw\asian\n008163\0218_01.jpg,data\processed\bfw\asian\n004221\0450_01.jpg,n008163,n004221,asian,asian,females,males,,,0,0.18278478,12.198927,0.8172152
data\processed\bfw\asian\n006358\0117_01.jpg,data\processed\bfw\asian\n006358\0126_01.jpg,n006358,n006358,asian,asian,females,females,,,1,0.1893253,9.909763,0.81067467
data\processed\bfw\asian\n006358\0101_06.jpg,data\processed\bfw\asian\n006358\0333_02.jpg,n006358,n006358,asian,asian,females,females,,,1,0.40203938,10.467644,0.5979606
data\processed\bfw\asian\n004787\0039_03.jpg,data\processed\bfw\asian\n004787\0101_02.jpg,n004787,n004787,asian,asian,females,females,,,1,0.47569498,8.422768,0.524305
data\processed\bfw\asian\n003489\0079_01.jpg,data\processed\bfw\asian\n003489\0112_01.jpg,n003489,n003489,asian,asian,males,males,,,1,0.484969,11.061132,0.515031
data\processed\bfw\asian\n008148\0008_02.jpg,data\processed\bfw\asian\n008148\0055_01.jpg,n008148,n008148,asian,asian,females,females,,,1,0.33126175,10.139142,0.66873825
data\processed\bfw\asian\n002406\0173_01.jpg,data\processed\bfw\asian\n004870\0020_01.jpg,n002406,n004870,asian,asian,males,females,,,0,0.017050473,12.828338,0.98294955
data\processed\bfw\asian\n008148\0137_01.jpg,data\processed\bfw\asian\n008148\0246_01.jpg,n008148,n008148,asian,asian,females,females,,,1,0.39248204,10.0869465,0.60751796
data\processed\bfw\asian\n004786\0031_01.jpg,data\processed\bfw\asian\n004786\0173_01.jpg,n004786,n004786,asian,asian,females,females,,,1,0.59581864,8.819574,0.40418136
data\processed\bfw\asian\n009294\0251_02.jpg,data\processed\bfw\asian\n009294\0279_02.jpg,n009294,n009294,asian,asian,females,females,,,1,0.3863912,9.626952,0.61360884
data\processed\bfw\asian\n001864\0105_01.jpg,data\processed\bfw\asian\n001864\0247_01.jpg,n001864,n001864,asian,asian,males,males,,,1,0.21608034,9.870382,0.7839197
data\processed\bfw\asian\n000840\0304_01.jpg,data\processed\bfw\asian\n000856\0053_01.jpg,n000840,n000856,asian,asian,females,females,,,0,0.10392842,11.974006,0.89607155
data\processed\bfw\asian\n002406\0176_01.jpg,data\processed\bfw\asian\n002406\0534_01.jpg,n002406,n002406,asian,asian,males,males,,,1,0.24994323,10.066384,0.75005674
data\processed\bfw\asian\n006418\0251_02.jpg,data\processed\bfw\asian\n006634\0101_01.jpg,n006418,n006634,asian,asian,females,females,,,0,0.2150929,11.937593,0.7849071
data\processed\bfw\asian\n004721\0145_01.jpg,data\processed\bfw\asian\n006126\0084_01.jpg,n004721,n006126,asian,asian,males,females,,,0,0.23381837,10.164172,0.76618165
data\processed\bfw\asian\n000143\0368_01.jpg,data\processed\bfw\asian\n000143\0406_01.jpg,n000143,n000143,asian,asian,females,females,,,1,0.039414383,9.419861,0.9605856
data\processed\bfw\asian\n004681\0117_01.jpg,data\processed\bfw\asian\n009275\0049_01.jpg,n004681,n009275,asian,asian,males,females,,,0,0.24408546,9.226729,0.75591457
data\processed\bfw\asian\n000839\0120_01.jpg,data\processed\bfw\asian\n000839\0399_01.jpg,n000839,n000839,asian,asian,females,females,,,1,0.3204621,9.590546,0.6795379
data\processed\bfw\asian\n004681\0314_01.jpg,data\processed\bfw\asian\n004681\0592_01.jpg,n004681,n004681,asian,asian,males,males,,,1,0.36777413,8.821364,0.6322259
data\processed\bfw\asian\n006774\0039_01.jpg,data\processed\bfw\asian\n006774\0105_01.jpg,n006774,n006774,asian,asian,females,females,,,1,0.553506,8.801596,0.44649398
data\processed\bfw\asian\n006126\0105_01.jpg,data\processed\bfw\asian\n006126\0197_01.jpg,n006126,n006126,asian,asian,females,females,,,1,0.40696603,8.574783,0.59303397
data\processed\bfw\asian\n000138\0541_01.jpg,data\processed\bfw\asian\n004791\0190_01.jpg,n000138,n004791,asian,asian,females,males,,,0,0.04861505,12.117217,0.95138496
data\processed\bfw\asian\n006125\0253_01.jpg,data\processed\bfw\asian\n006126\0084_01.jpg,n006125,n006126,asian,asian,females,females,,,0,0.16683385,9.855376,0.8331661
data\processed\bfw\asian\n003354\0082_01.jpg,data\processed\bfw\asian\n003354\0177_01.jpg,n003354,n003354,asian,asian,females,females,,,1,0.40698102,8.3112,0.593019
data\processed\bfw\asian\n001976\0056_01.jpg,data\processed\bfw\asian\n002725\0336_01.jpg,n001976,n002725,asian,asian,males,females,,,0,0.094397426,12.975787,0.9056026
data\processed\bfw\asian\n001682\0096_01.jpg,data\processed\bfw\asian\n001682\0097_01.jpg,n001682,n001682,asian,asian,males,males,,,1,0.41531706,10.216181,0.58468294
data\processed\bfw\asian\n002775\0072_01.jpg,data\processed\bfw\asian\n002775\0137_04.jpg,n002775,n002775,asian,asian,males,males,,,1,0.5540148,8.914943,0.4459852
data\processed\bfw\asian\n007089\0040_03.jpg,data\processed\bfw\asian\n003354\0227_01.jpg,n007089,n003354,asian,asian,females,females,,,0,0.2595054,11.2281065,0.7404946
data\processed\bfw\asian\n007089\0063_01.jpg,data\processed\bfw\asian\n006358\0126_01.jpg,n007089,n006358,asian,asian,females,females,,,0,0.058501314,10.437469,0.9414987
data\processed\bfw\asian\n004681\0131_04.jpg,data\processed\bfw\asian\n004680\0133_02.jpg,n004681,n004680,asian,asian,males,females,,,0,0.09650423,12.771126,0.9034958
data\processed\bfw\asian\n004469\0084_01.jpg,data\processed\bfw\asian\n004469\0851_02.jpg,n004469,n004469,asian,asian,males,males,,,1,0.5193425,9.389471,0.48065752
data\processed\bfw\asian\n003156\0073_02.jpg,data\processed\bfw\asian\n003156\0664_01.jpg,n003156,n003156,asian,asian,males,males,,,1,0.485969,9.124438,0.514031
data\processed\bfw\asian\n000856\0004_01.jpg,data\processed\bfw\asian\n006774\0048_01.jpg,n000856,n006774,asian,asian,females,females,,,0,0.04129673,12.775993,0.9587033
data\processed\bfw\asian\n004864\0173_01.jpg,data\processed\bfw\asian\n004864\0262_01.jpg,n004864,n004864,asian,asian,females,females,,,1,0.3949002,9.694376,0.6050998
data\processed\bfw\asian\n009125\0116_02.jpg,data\processed\bfw\asian\n009125\0186_02.jpg,n009125,n009125,asian,asian,females,females,,,1,0.52674073,9.055803,0.47325927
data\processed\bfw\asian\n003506\0241_02.jpg,data\processed\bfw\asian\n005378\0176_01.jpg,n003506,n005378,asian,asian,females,females,,,0,0.31885245,9.978416,0.6811476
data\processed\bfw\asian\n002552\0040_01.jpg,data\processed\bfw\asian\n002552\0185_01.jpg,n002552,n002552,asian,asian,males,males,,,1,0.4165051,9.332872,0.5834949
data\processed\bfw\asian\n009294\0104_01.jpg,data\processed\bfw\asian\n005216\0242_01.jpg,n009294,n005216,asian,asian,females,females,,,0,-0.06351004,10.960751,1.0635101
data\processed\bfw\asian\n000143\0014_01.jpg,data\processed\bfw\asian\n000873\0191_01.jpg,n000143,n000873,asian,asian,females,males,,,0,0.099739134,11.235867,0.90026087
data\processed\bfw\asian\n004870\0098_01.jpg,data\processed\bfw\asian\n003162\0350_02.jpg,n004870,n003162,asian,asian,females,males,,,0,-0.10008483,13.986217,1.1000848
data\processed\bfw\asian\n000138\0104_01.jpg,data\processed\bfw\asian\n004687\0250_01.jpg,n000138,n004687,asian,asian,females,females,,,0,0.17018302,10.373113,0.829817
data\processed\bfw\asian\n009177\0294_02.jpg,data\processed\bfw\asian\n009177\0626_01.jpg,n009177,n009177,asian,asian,females,females,,,1,0.5087112,7.711052,0.49128878
data\processed\bfw\asian\n003357\0074_01.jpg,data\processed\bfw\asian\n003357\0422_01.jpg,n003357,n003357,asian,asian,females,females,,,1,0.264198,9.342337,0.735802
data\processed\bfw\asian\n006125\0058_01.jpg,data\processed\bfw\asian\n004469\0853_02.jpg,n006125,n004469,asian,asian,females,males,,,0,0.17730454,13.310409,0.8226955
data\processed\bfw\asian\n006159\0008_01.jpg,data\processed\bfw\asian\n006159\0221_01.jpg,n006159,n006159,asian,asian,females,females,,,1,0.5229987,9.533082,0.4770013
data\processed\bfw\asian\n007372\0091_01.jpg,data\processed\bfw\asian\n009042\0043_01.jpg,n007372,n009042,asian,asian,females,females,,,0,0.103787966,12.646143,0.89621204
data\processed\bfw\asian\n000138\0131_01.jpg,data\processed\bfw\asian\n000138\0153_02.jpg,n000138,n000138,asian,asian,females,females,,,1,0.4469277,9.335374,0.55307233
data\processed\bfw\asian\n000138\0059_01.jpg,data\processed\bfw\asian\n000138\0541_01.jpg,n000138,n000138,asian,asian,females,females,,,1,0.27276573,11.101904,0.72723424
data\processed\bfw\asian\n007814\0048_01.jpg,data\processed\bfw\asian\n007814\0098_01.jpg,n007814,n007814,asian,asian,females,females,,,1,0.48179498,9.200758,0.51820505
data\processed\bfw\asian\n004791\0075_01.jpg,data\processed\bfw\asian\n005085\0658_01.jpg,n004791,n005085,asian,asian,males,females,,,0,-0.046066582,11.6843405,1.0460665
data\processed\bfw\asian\n007814\0076_01.jpg,data\processed\bfw\asian\n009125\0196_01.jpg,n007814,n009125,asian,asian,females,females,,,0,0.3455253,9.444693,0.65447474
data\processed\bfw\asian\n006148\0613_02.jpg,data\processed\bfw\asian\n006126\0258_01.jpg,n006148,n006126,asian,asian,females,females,,,0,0.25883192,10.948823,0.7411681
data\processed\bfw\asian\n009294\0251_02.jpg,data\processed\bfw\asian\n001496\0608_01.jpg,n009294,n001496,asian,asian,females,males,,,0,0.14072639,12.998751,0.8592736
data\processed\bfw\asian\n000436\0348_01.jpg,data\processed\bfw\asian\n000436\0659_01.jpg,n000436,n000436,asian,asian,males,males,,,1,0.30832204,10.231051,0.6916779
data\processed\bfw\asian\n000148\0306_01.jpg,data\processed\bfw\asian\n000148\0408_01.jpg,n000148,n000148,asian,asian,females,females,,,1,0.54830605,9.742571,0.45169395
data\processed\bfw\asian\n000840\0162_01.jpg,data\processed\bfw\asian\n000840\0680_01.jpg,n000840,n000840,asian,asian,females,females,,,1,0.56472075,10.145163,0.43527925
data\processed\bfw\asian\n004686\0034_01.jpg,data\processed\bfw\asian\n006126\0258_01.jpg,n004686,n006126,asian,asian,males,females,,,0,0.033358213,12.335982,0.9666418
data\processed\bfw\asian\n003153\0036_01.jpg,data\processed\bfw\asian\n003153\0287_01.jpg,n003153,n003153,asian,asian,females,females,,,1,0.56804174,8.956062,0.43195826
data\processed\bfw\asian\n000137\0082_02.jpg,data\processed\bfw\asian\n000137\0265_01.jpg,n000137,n000137,asian,asian,females,females,,,1,0.33319005,10.303305,0.6668099
data\processed\bfw\asian\n009287\0256_04.jpg,data\processed\bfw\asian\n006736\0318_01.jpg,n009287,n006736,asian,asian,females,females,,,0,0.09216006,14.745463,0.90783995
data\processed\bfw\asian\n001496\0302_01.jpg,data\processed\bfw\asian\n001496\0349_01.jpg,n001496,n001496,asian,asian,males,males,,,1,0.20104936,10.296518,0.7989507
data\processed\bfw\asian\n007089\0219_01.jpg,data\processed\bfw\asian\n003482\0145_02.jpg,n007089,n003482,asian,asian,females,males,,,0,0.3127986,8.175419,0.6872014
data\processed\bfw\asian\n001562\0110_02.jpg,data\processed\bfw\asian\n009175\0037_01.jpg,n001562,n009175,asian,asian,males,females,,,0,0.13369802,12.165603,0.866302
data\processed\bfw\asian\n001562\0070_01.jpg,data\processed\bfw\asian\n003027\0176_04.jpg,n001562,n003027,asian,asian,males,males,,,0,0.012291665,12.661195,0.98770833
data\processed\bfw\asian\n008934\0053_01.jpg,data\processed\bfw\asian\n008934\0211_01.jpg,n008934,n008934,asian,asian,females,females,,,1,0.57159656,9.276269,0.42840344
data\processed\bfw\asian\n009279\0004_01.jpg,data\processed\bfw\asian\n003449\0164_01.jpg,n009279,n003449,asian,asian,females,females,,,0,0.27163598,12.089654,0.728364
data\processed\bfw\asian\n004948\0034_01.jpg,data\processed\bfw\asian\n008383\0143_01.jpg,n004948,n008383,asian,asian,males,females,,,0,-0.05614317,10.890928,1.0561432
data\processed\bfw\asian\n006633\0288_01.jpg,data\processed\bfw\asian\n004221\0135_02.jpg,n006633,n004221,asian,asian,females,males,,,0,-0.10062667,13.777338,1.1006267
data\processed\bfw\asian\n004721\0476_01.jpg,data\processed\bfw\asian\n004721\0496_01.jpg,n004721,n004721,asian,asian,males,males,,,1,0.41506264,10.7119875,0.58493733
data\processed\bfw\asian\n007899\0073_01.jpg,data\processed\bfw\asian\n002509\0046_01.jpg,n007899,n002509,asian,asian,females,females,,,0,0.39839402,10.9527025,0.601606
data\processed\bfw\asian\n008401\0297_01.jpg,data\processed\bfw\asian\n007372\0013_01.jpg,n008401,n007372,asian,asian,females,females,,,0,0.2347321,11.989633,0.7652679
data\processed\bfw\asian\n004785\0353_01.jpg,data\processed\bfw\asian\n004785\0493_01.jpg,n004785,n004785,asian,asian,females,females,,,1,0.5091405,8.344187,0.4908595
data\processed\bfw\asian\n008934\0434_01.jpg,data\processed\bfw\asian\n004936\0625_01.jpg,n008934,n004936,asian,asian,females,females,,,0,0.23105,9.277887,0.76895
data\processed\bfw\asian\n000856\0001_01.jpg,data\processed\bfw\asian\n000856\0075_01.jpg,n000856,n000856,asian,asian,females,females,,,1,0.09791539,8.7791815,0.9020846
data\processed\bfw\asian\n007899\0166_01.jpg,data\processed\bfw\asian\n005069\0225_01.jpg,n007899,n005069,asian,asian,females,females,,,0,0.2588767,10.084447,0.7411233
data\processed\bfw\asian\n009148\0085_02.jpg,data\processed\bfw\asian\n009148\0155_01.jpg,n009148,n009148,asian,asian,females,females,,,1,0.22684371,8.553384,0.7731563
data\processed\bfw\asian\n007270\0375_01.jpg,data\processed\bfw\asian\n004809\0166_04.jpg,n007270,n004809,asian,asian,females,males,,,0,0.2699445,8.123554,0.7300555
data\processed\bfw\asian\n009279\0032_01.jpg,data\processed\bfw\asian\n009279\0254_03.jpg,n009279,n009279,asian,asian,females,females,,,1,0.486764,9.517232,0.513236
data\processed\bfw\asian\n009276\0025_04.jpg,data\processed\bfw\asian\n009276\0361_01.jpg,n009276,n009276,asian,asian,females,females,,,1,0.15967533,10.885446,0.84032464
data\processed\bfw\asian\n009277\0067_01.jpg,data\processed\bfw\asian\n009277\0201_01.jpg,n009277,n009277,asian,asian,females,females,,,1,0.14780456,11.323963,0.85219544
data\processed\bfw\asian\n005116\0072_01.jpg,data\processed\bfw\asian\n005116\0442_01.jpg,n005116,n005116,asian,asian,males,males,,,1,0.23005123,10.197997,0.7699488
data\processed\bfw\asian\n003288\0385_01.jpg,data\processed\bfw\asian\n003288\0579_02.jpg,n003288,n003288,asian,asian,females,females,,,1,0.06324833,11.641347,0.93675166
data\processed\bfw\asian\n000137\0051_02.jpg,data\processed\bfw\asian\n000137\0132_01.jpg,n000137,n000137,asian,asian,females,females,,,1,0.24295108,11.06314,0.7570489
data\processed\bfw\asian\n003162\0479_02.jpg,data\processed\bfw\asian\n007380\0088_01.jpg,n003162,n007380,asian,asian,males,females,,,0,-0.045884285,12.973791,1.0458843
data\processed\bfw\asian\n000837\0009_01.jpg,data\processed\bfw\asian\n000837\0193_01.jpg,n000837,n000837,asian,asian,females,females,,,1,0.39751723,10.989398,0.6024828
data\processed\bfw\asian\n004725\0170_01.jpg,data\processed\bfw\asian\n000161\0141_02.jpg,n004725,n000161,asian,asian,males,males,,,0,0.077941276,12.17785,0.9220587
data\processed\bfw\asian\n004805\0015_01.jpg,data\processed\bfw\asian\n007814\0652_01.jpg,n004805,n007814,asian,asian,males,females,,,0,0.14221111,10.575697,0.8577889
data\processed\bfw\asian\n005083\0148_01.jpg,data\processed\bfw\asian\n005083\0254_01.jpg,n005083,n005083,asian,asian,females,females,,,1,0.3521611,9.740492,0.6478389
data\processed\bfw\asian\n000143\0019_01.jpg,data\processed\bfw\asian\n004860\0236_01.jpg,n000143,n004860,asian,asian,females,females,,,0,0.28153926,10.674775,0.71846074
data\processed\bfw\asian\n009177\0010_01.jpg,data\processed\bfw\asian\n009177\0232_01.jpg,n009177,n009177,asian,asian,females,females,,,1,0.40365064,9.227351,0.59634936
data\processed\bfw\asian\n002406\0156_01.jpg,data\processed\bfw\asian\n002406\0165_03.jpg,n002406,n002406,asian,asian,males,males,,,1,0.34456643,9.69826,0.65543354
data\processed\bfw\asian\n002725\0336_01.jpg,data\processed\bfw\asian\n001976\0119_01.jpg,n002725,n001976,asian,asian,females,males,,,0,0.06407629,13.249854,0.9359237
data\processed\bfw\asian\n007814\0173_03.jpg,data\processed\bfw\asian\n004785\0145_01.jpg,n007814,n004785,asian,asian,females,females,,,0,0.12276492,11.348052,0.87723505
data\processed\bfw\asian\n000160\0150_01.jpg,data\processed\bfw\asian\n006774\0430_02.jpg,n000160,n006774,asian,asian,females,females,,,0,0.22434019,10.5415945,0.7756598
data\processed\bfw\asian\n003162\0459_01.jpg,data\processed\bfw\asian\n004469\0168_01.jpg,n003162,n004469,asian,asian,males,males,,,0,0.09359913,12.990961,0.90640086
data\processed\bfw\asian\n000161\0037_01.jpg,data\processed\bfw\asian\n005446\0135_01.jpg,n000161,n005446,asian,asian,males,females,,,0,0.18511721,11.913313,0.81488276
data\processed\bfw\asian\n004800\0740_01.jpg,data\processed\bfw\asian\n003354\0124_01.jpg,n004800,n003354,asian,asian,males,females,,,0,0.031113772,12.012455,0.96888626
data\processed\bfw\asian\n002331\0264_01.jpg,data\processed\bfw\asian\n001496\0349_01.jpg,n002331,n001496,asian,asian,males,males,,,0,0.2599785,9.54247,0.74002147
data\processed\bfw\asian\n009294\0018_02.jpg,data\processed\bfw\asian\n003355\0122_02.jpg,n009294,n003355,asian,asian,females,males,,,0,0.022024637,12.12009,0.97797537
data\processed\bfw\asian\n003354\0058_01.jpg,data\processed\bfw\asian\n006358\0094_01.jpg,n003354,n006358,asian,asian,females,females,,,0,0.19600703,10.647438,0.803993
data\processed\bfw\asian\n003463\0125_01.jpg,data\processed\bfw\asian\n000135\0114_01.jpg,n003463,n000135,asian,asian,males,females,,,0,0.30110422,11.482383,0.6988958
data\processed\bfw\asian\n009175\0066_01.jpg,data\processed\bfw\asian\n009175\0072_01.jpg,n009175,n009175,asian,asian,females,females,,,1,0.42333883,10.853027,0.57666117
data\processed\bfw\asian\n000873\0031_01.jpg,data\processed\bfw\asian\n000873\0050_02.jpg,n000873,n000873,asian,asian,males,males,,,1,0.46475273,8.824985,0.53524727
data\processed\bfw\asian\n002320\0072_01.jpg,data\processed\bfw\asian\n002320\0248_08.jpg,n002320,n002320,asian,asian,males,males,,,1,0.20959906,10.955999,0.7904009
data\processed\bfw\asian\n000148\0030_01.jpg,data\processed\bfw\asian\n000148\0408_01.jpg,n000148,n000148,asian,asian,females,females,,,1,0.53782743,8.883822,0.46217257
data\processed\bfw\asian\n005216\0220_01.jpg,data\processed\bfw\asian\n002406\0027_02.jpg,n005216,n002406,asian,asian,females,males,,,0,0.11607646,10.078524,0.88392353
data\processed\bfw\asian\n005474\0110_01.jpg,data\processed\bfw\asian\n009177\0060_01.jpg,n005474,n009177,asian,asian,females,females,,,0,0.24962254,11.2349615,0.7503775
data\processed\bfw\asian\n006619\0266_01.jpg,data\processed\bfw\asian\n006619\0334_03.jpg,n006619,n006619,asian,asian,females,females,,,1,0.36483386,10.501873,0.63516617
data\processed\bfw\asian\n000161\0255_01.jpg,data\processed\bfw\asian\n005072\0015_01.jpg,n000161,n005072,asian,asian,males,males,,,0,0.069195054,11.518237,0.93080497
data\processed\bfw\asian\n003223\0079_01.jpg,data\processed\bfw\asian\n006126\0004_01.jpg,n003223,n006126,asian,asian,males,females,,,0,-0.15964256,11.603584,1.1596426
data\processed\bfw\asian\n002406\0328_01.jpg,data\processed\bfw\asian\n007380\0070_01.jpg,n002406,n007380,asian,asian,males,females,,,0,0.043829225,11.7886505,0.9561708
data\processed\bfw\asian\n003482\0102_02.jpg,data\processed\bfw\asian\n004687\0254_01.jpg,n003482,n004687,asian,asian,males,females,,,0,0.24522473,10.066368,0.7547753
data\processed\bfw\asian\n009279\0004_01.jpg,data\processed\bfw\asian\n009279\0246_01.jpg,n009279,n009279,asian,asian,females,females,,,1,0.2656656,11.095954,0.7343344
data\processed\bfw\asian\n004472\0206_01.jpg,data\processed\bfw\asian\n004472\0485_01.jpg,n004472,n004472,asian,asian,females,females,,,1,0.2164901,11.381551,0.7835099
data\processed\bfw\asian\n000137\0032_01.jpg,data\processed\bfw\asian\n006634\0434_01.jpg,n000137,n006634,asian,asian,females,females,,,0,-0.051825725,11.176353,1.0518258
data\processed\bfw\asian\n001572\0166_01.jpg,data\processed\bfw\asian\n001572\0329_01.jpg,n001572,n001572,asian,asian,females,females,,,1,0.52903396,8.537821,0.47096604
data\processed\bfw\asian\n006619\0197_01.jpg,data\processed\bfw\asian\n004467\0418_01.jpg,n006619,n004467,asian,asian,females,males,,,0,0.09174452,11.589105,0.90825546
data\processed\bfw\asian\n003155\1012_07.jpg,data\processed\bfw\asian\n000873\0534_01.jpg,n003155,n000873,asian,asian,males,males,,,0,0.183987,10.422689,0.816013
data\processed\bfw\asian\n009275\0188_01.jpg,data\processed\bfw\asian\n000158\0013_01.jpg,n009275,n000158,asian,asian,females,males,,,0,-0.080958895,12.345521,1.0809588
data\processed\bfw\asian\n000856\0075_01.jpg,data\processed\bfw\asian\n000856\0110_02.jpg,n000856,n000856,asian,asian,females,females,,,1,0.32309195,8.777667,0.676908
data\processed\bfw\asian\n003288\0051_01.jpg,data\processed\bfw\asian\n003288\0093_01.jpg,n003288,n003288,asian,asian,females,females,,,1,0.51076376,8.282863,0.48923624
data\processed\bfw\asian\n003481\0441_01.jpg,data\processed\bfw\asian\n004221\0112_02.jpg,n003481,n004221,asian,asian,females,males,,,0,0.21080276,11.708323,0.7891972
data\processed\bfw\asian\n005378\0388_01.jpg,data\processed\bfw\asian\n002331\0029_01.jpg,n005378,n002331,asian,asian,females,males,,,0,0.13980903,13.000631,0.860191
data\processed\bfw\asian\n003155\0362_03.jpg,data\processed\bfw\asian\n004870\0144_01.jpg,n003155,n004870,asian,asian,males,females,,,0,-0.04725527,12.908376,1.0472553
data\processed\bfw\asian\n006125\0185_01.jpg,data\processed\bfw\asian\n007089\0033_01.jpg,n006125,n007089,asian,asian,females,females,,,0,0.20204024,11.0887165,0.79795974
data\processed\bfw\asian\n009279\0004_01.jpg,data\processed\bfw\asian\n009288\0101_01.jpg,n009279,n009288,asian,asian,females,females,,,0,0.04731296,11.937344,0.952687
data\processed\bfw\asian\n003465\0413_01.jpg,data\processed\bfw\asian\n004791\0411_01.jpg,n003465,n004791,asian,asian,males,males,,,0,0.07113344,11.348948,0.92886657
data\processed\bfw\asian\n001864\0316_01.jpg,data\processed\bfw\asian\n009125\0100_01.jpg,n001864,n009125,asian,asian,males,females,,,0,0.31928653,10.383078,0.6807135
data\processed\bfw\asian\n000873\0051_01.jpg,data\processed\bfw\asian\n003449\0210_03.jpg,n000873,n003449,asian,asian,males,females,,,0,0.1980603,12.863864,0.8019397
data\processed\bfw\asian\n004791\0378_01.jpg,data\processed\bfw\asian\n004791\0556_01.jpg,n004791,n004791,asian,asian,males,males,,,1,0.29773346,8.631536,0.7022666
data\processed\bfw\asian\n005063\0016_02.jpg,data\processed\bfw\asian\n005063\0072_01.jpg,n005063,n005063,asian,asian,females,females,,,1,0.28530726,9.477881,0.7146927
data\processed\bfw\asian\n000158\0260_01.jpg,data\processed\bfw\asian\n003354\0068_01.jpg,n000158,n003354,asian,asian,males,females,,,0,-0.04186128,10.607042,1.0418613
data\processed\bfw\asian\n006358\0041_01.jpg,data\processed\bfw\asian\n006358\0083_03.jpg,n006358,n006358,asian,asian,females,females,,,1,0.39772353,11.471779,0.60227644
data\processed\bfw\asian\n009125\0041_01.jpg,data\processed\bfw\asian\n009125\0100_01.jpg,n009125,n009125,asian,asian,females,females,,,1,0.5731084,8.770918,0.42689162
data\processed\bfw\asian\n009277\0128_01.jpg,data\processed\bfw\asian\n009277\0496_01.jpg,n009277,n009277,asian,asian,females,females,,,1,0.14180544,10.916116,0.8581946
data\processed\bfw\asian\n004877\0232_01.jpg,data\processed\bfw\asian\n000148\0247_01.jpg,n004877,n000148,asian,asian,females,females,,,0,0.04743933,10.418671,0.95256066
data\processed\bfw\asian\n004948\0016_01.jpg,data\processed\bfw\asian\n004785\0280_01.jpg,n004948,n004785,asian,asian,males,females,,,0,0.10836583,11.365947,0.89163417
data\processed\bfw\asian\n006223\0052_01.jpg,data\processed\bfw\asian\n003223\0033_02.jpg,n006223,n003223,asian,asian,females,males,,,0,-0.016156575,12.299891,1.0161566
data\processed\bfw\asian\n003467\0033_01.jpg,data\processed\bfw\asian\n008978\0178_01.jpg,n003467,n008978,asian,asian,females,females,,,0,0.25920996,11.489529,0.74079
data\processed\bfw\asian\n006203\0130_01.jpg,data\processed\bfw\asian\n006203\0378_01.jpg,n006203,n006203,asian,asian,females,females,,,1,0.086045384,9.761813,0.9139546
data\processed\bfw\asian\n002725\0037_01.jpg,data\processed\bfw\asian\n002725\0267_01.jpg,n002725,n002725,asian,asian,females,females,,,1,0.42422903,10.158001,0.575771
data\processed\bfw\asian\n003027\0223_01.jpg,data\processed\bfw\asian\n004935\0030_01.jpg,n003027,n004935,asian,asian,males,males,,,0,0.095567085,12.140532,0.9044329
data\processed\bfw\asian\n006149\0005_01.jpg,data\processed\bfw\asian\n006149\0026_01.jpg,n006149,n006149,asian,asian,females,females,,,1,0.62661564,7.9234986,0.37338436
data\processed\bfw\asian\n003162\0459_01.jpg,data\processed\bfw\asian\n006344\0253_01.jpg,n003162,n006344,asian,asian,males,females,,,0,0.020777088,11.667914,0.9792229
data\processed\bfw\asian\n006149\0022_01.jpg,data\processed\bfw\asian\n006149\0197_02.jpg,n006149,n006149,asian,asian,females,females,,,1,0.53100145,8.631108,0.46899855
data\processed\bfw\asian\n006203\0357_01.jpg,data\processed\bfw\asian\n005446\0118_01.jpg,n006203,n005446,asian,asian,females,females,,,0,0.20453766,10.520894,0.79546237
data\processed\bfw\asian\n007664\0087_03.jpg,data\processed\bfw\asian\n006149\0260_01.jpg,n007664,n006149,asian,asian,females,females,,,0,0.17390421,11.727033,0.8260958
data\processed\bfw\asian\n003467\0030_01.jpg,data\processed\bfw\asian\n008163\0223_01.jpg,n003467,n008163,asian,asian,females,females,,,0,0.14035143,13.431449,0.8596486
data\processed\bfw\asian\n004725\0036_01.jpg,data\processed\bfw\asian\n004725\0230_01.jpg,n004725,n004725,asian,asian,males,males,,,1,0.25352615,11.51117,0.74647385
data\processed\bfw\asian\n002320\0137_02.jpg,data\processed\bfw\asian\n003223\0084_01.jpg,n002320,n003223,asian,asian,males,males,,,0,0.04983344,9.338258,0.9501666
data\processed\bfw\asian\n008401\0139_02.jpg,data\processed\bfw\asian\n009137\0160_01.jpg,n008401,n009137,asian,asian,females,females,,,0,0.20818572,11.395047,0.79181427
data\processed\bfw\asian\n001496\0127_01.jpg,data\processed\bfw\asian\n001496\0176_01.jpg,n001496,n001496,asian,asian,males,males,,,1,0.34792343,10.357154,0.6520766
data\processed\bfw\asian\n006633\0356_01.jpg,data\processed\bfw\asian\n006633\0456_02.jpg,n006633,n006633,asian,asian,females,females,,,1,0.2532928,11.534802,0.7467072
data\processed\bfw\asian\n007270\0289_01.jpg,data\processed\bfw\asian\n007270\0605_01.jpg,n007270,n007270,asian,asian,females,females,,,1,0.22162563,8.786408,0.7783744
data\processed\bfw\asian\n007380\0073_01.jpg,data\processed\bfw\asian\n007380\0204_01.jpg,n007380,n007380,asian,asian,females,females,,,1,0.23838052,10.57136,0.76161945
data\processed\bfw\asian\n004787\0666_02.jpg,data\processed\bfw\asian\n008163\0229_01.jpg,n004787,n008163,asian,asian,females,females,,,0,0.19507983,11.485095,0.8049202
data\processed\bfw\asian\n000158\0133_01.jpg,data\processed\bfw\asian\n000158\0208_01.jpg,n000158,n000158,asian,asian,males,males,,,1,0.4549402,9.604965,0.5450598
data\processed\bfw\asian\n005063\0016_02.jpg,data\processed\bfw\asian\n005063\0302_06.jpg,n005063,n005063,asian,asian,females,females,,,1,0.32252666,9.434256,0.6774733
data\processed\bfw\asian\n006223\0260_01.jpg,data\processed\bfw\asian\n004877\0273_01.jpg,n006223,n004877,asian,asian,females,females,,,0,0.056239724,11.244257,0.9437603
data\processed\bfw\asian\n003481\0107_01.jpg,data\processed\bfw\asian\n003481\0345_01.jpg,n003481,n003481,asian,asian,females,females,,,1,0.31045282,9.741302,0.6895472
data\processed\bfw\asian\n003223\0059_03.jpg,data\processed\bfw\asian\n005116\0134_02.jpg,n003223,n005116,asian,asian,males,males,,,0,0.28024444,9.890727,0.71975553
data\processed\bfw\asian\n000138\0003_01.jpg,data\processed\bfw\asian\n006344\0350_01.jpg,n000138,n006344,asian,asian,females,females,,,0,0.19852057,10.084234,0.80147946
data\processed\bfw\asian\n004864\0173_01.jpg,data\processed\bfw\asian\n004864\0362_01.jpg,n004864,n004864,asian,asian,females,females,,,1,0.46998543,9.706158,0.5300146
data\processed\bfw\asian\n005116\0050_01.jpg,data\processed\bfw\asian\n006222\0104_01.jpg,n005116,n006222,asian,asian,males,females,,,0,0.02181684,13.394686,0.97818315
data\processed\bfw\asian\n009041\0069_01.jpg,data\processed\bfw\asian\n009041\0080_02.jpg,n009041,n009041,asian,asian,females,females,,,1,0.60524875,8.013553,0.39475125
data\processed\bfw\asian\n000132\0234_01__face_0.jpg,data\processed\bfw\asian\n009279\0076_01.jpg,n000132,n009279,asian,asian,males,females,,,0,0.098261386,14.525835,0.90173864
data\processed\bfw\asian\n002775\0069_01.jpg,data\processed\bfw\asian\n003467\0103_01.jpg,n002775,n003467,asian,asian,males,females,,,0,0.022194725,13.772684,0.97780526
data\processed\bfw\asian\n009279\0254_03.jpg,data\processed\bfw\asian\n009279\0393_04.jpg,n009279,n009279,asian,asian,females,females,,,1,0.23607089,10.895856,0.7639291
data\processed\bfw\asian\n006125\0041_01.jpg,data\processed\bfw\asian\n006125\0120_01.jpg,n006125,n006125,asian,asian,females,females,,,1,0.4190691,9.717536,0.5809309
data\processed\bfw\asian\n003557\0095_02.jpg,data\processed\bfw\asian\n003557\0234_01.jpg,n003557,n003557,asian,asian,females,females,,,1,0.55508035,8.58682,0.44491965
data\processed\bfw\asian\n005216\0154_03.jpg,data\processed\bfw\asian\n000135\0101_01.jpg,n005216,n000135,asian,asian,females,females,,,0,0.06949212,10.93635,0.9305079
data\processed\bfw\asian\n006633\0522_02.jpg,data\processed\bfw\asian\n006633\0718_02.jpg,n006633,n006633,asian,asian,females,females,,,1,0.3953624,10.976472,0.6046376
data\processed\bfw\asian\n001682\0267_02.jpg,data\processed\bfw\asian\n001682\0424_01.jpg,n001682,n001682,asian,asian,males,males,,,1,0.4831659,9.184583,0.51683414
data\processed\bfw\asian\n005116\0338_04.jpg,data\processed\bfw\asian\n005116\0442_01.jpg,n005116,n005116,asian,asian,males,males,,,1,0.29563594,7.3429403,0.70436406
data\processed\bfw\asian\n009276\0046_03.jpg,data\processed\bfw\asian\n006634\0135_01.jpg,n009276,n006634,asian,asian,females,females,,,0,0.12975897,12.292905,0.87024105
data\processed\bfw\asian\n006126\0128_01.jpg,data\processed\bfw\asian\n003162\0258_02.jpg,n006126,n003162,asian,asian,females,males,,,0,-0.0068411455,12.027826,1.0068412
data\processed\bfw\asian\n004794\0367_01.jpg,data\processed\bfw\asian\n004935\0061_01.jpg,n004794,n004935,asian,asian,males,males,,,0,0.22651596,12.064722,0.77348405
data\processed\bfw\asian\n002644\0123_02.jpg,data\processed\bfw\asian\n002644\0746_01.jpg,n002644,n002644,asian,asian,males,males,,,1,0.08847543,9.584294,0.9115246
data\processed\bfw\asian\n007378\0031_01.jpg,data\processed\bfw\asian\n007378\0248_01.jpg,n007378,n007378,asian,asian,females,females,,,1,0.14179702,9.413915,0.858203
data\processed\bfw\asian\n003167\0042_19.jpg,data\processed\bfw\asian\n003167\0081_01.jpg,n003167,n003167,asian,asian,males,males,,,1,0.6244836,8.919283,0.3755164
data\processed\bfw\asian\n003156\0069_01.jpg,data\processed\bfw\asian\n003156\0119_01.jpg,n003156,n003156,asian,asian,males,males,,,1,-0.13748392,12.57833,1.137484
data\processed\bfw\asian\n000158\0005_05.jpg,data\processed\bfw\asian\n004549\0073_01.jpg,n000158,n004549,asian,asian,males,females,,,0,0.004612153,12.905643,0.99538785
data\processed\bfw\asian\n009275\0188_01.jpg,data\processed\bfw\asian\n009275\0343_01.jpg,n009275,n009275,asian,asian,females,females,,,1,0.40769023,8.916217,0.5923098
data\processed\bfw\asian\n005063\0414_06.jpg,data\processed\bfw\asian\n005063\0421_03.jpg,n005063,n005063,asian,asian,females,females,,,1,0.4940299,9.8393135,0.5059701
data\processed\bfw\asian\n006148\0254_01.jpg,data\processed\bfw\asian\n009278\0176_01.jpg,n006148,n009278,asian,asian,females,females,,,0,0.14041457,13.584777,0.8595854
data\processed\bfw\asian\n003482\0059_01.jpg,data\processed\bfw\asian\n001976\0152_02.jpg,n003482,n001976,asian,asian,males,males,,,0,-0.06407676,12.01054,1.0640768
data\processed\bfw\asian\n007899\0082_01.jpg,data\processed\bfw\asian\n007899\0320_01.jpg,n007899,n007899,asian,asian,females,females,,,1,0.23931089,10.077455,0.76068914
data\processed\bfw\asian\n006774\0430_02.jpg,data\processed\bfw\asian\n001682\0177_01.jpg,n006774,n001682,asian,asian,females,males,,,0,0.08444378,12.506807,0.9155562
data\processed\bfw\asian\n003156\0069_01.jpg,data\processed\bfw\asian\n003027\0025_01.jpg,n003156,n003027,asian,asian,males,males,,,0,0.20813143,13.184171,0.79186857
data\processed\bfw\asian\n007814\0079_01.jpg,data\processed\bfw\asian\n007814\0270_01.jpg,n007814,n007814,asian,asian,females,females,,,1,0.5081062,8.606432,0.49189383
data\processed\bfw\asian\n007664\0087_03.jpg,data\processed\bfw\asian\n007664\0137_01.jpg,n007664,n007664,asian,asian,females,females,,,1,0.4647223,10.622844,0.5352777
data\processed\bfw\asian\n003156\0032_01.jpg,data\processed\bfw\asian\n004809\0013_12.jpg,n003156,n004809,asian,asian,males,males,,,0,0.07692502,11.269488,0.92307496
data\processed\bfw\asian\n004686\0072_01.jpg,data\processed\bfw\asian\n008383\0175_01.jpg,n004686,n008383,asian,asian,males,females,,,0,-0.13781655,12.658979,1.1378165
data\processed\bfw\asian\n006159\0180_01.jpg,data\processed\bfw\asian\n004472\0157_02.jpg,n006159,n004472,asian,asian,females,females,,,0,0.40897137,10.805716,0.59102863
data\processed\bfw\asian\n007385\0044_01.jpg,data\processed\bfw\asian\n007385\0691_01.jpg,n007385,n007385,asian,asian,females,females,,,1,0.2931382,10.995261,0.7068618
data\processed\bfw\asian\n000838\0025_01.jpg,data\processed\bfw\asian\n000838\0035_01.jpg,n000838,n000838,asian,asian,females,females,,,1,0.24788466,9.436747,0.75211537
data\processed\bfw\asian\n004549\0202_01.jpg,data\processed\bfw\asian\n005085\0243_03.jpg,n004549,n005085,asian,asian,females,females,,,0,0.15951847,12.490506,0.8404815
data\processed\bfw\asian\n005063\0064_01.jpg,data\processed\bfw\asian\n002509\0075_01.jpg,n005063,n002509,asian,asian,females,females,,,0,0.2448486,11.203864,0.7551514
data\processed\bfw\asian\n006774\0049_01.jpg,data\processed\bfw\asian\n006774\0710_01.jpg,n006774,n006774,asian,asian,females,females,,,1,0.42302606,9.8284855,0.5769739
data\processed\bfw\asian\n004809\0166_04.jpg,data\processed\bfw\asian\n004221\0114_02.jpg,n004809,n004221,asian,asian,males,males,,,0,0.16912165,10.87439,0.8308784
data\processed\bfw\asian\n005071\0114_03.jpg,data\processed\bfw\asian\n001976\0665_02.jpg,n005071,n001976,asian,asian,males,males,,,0,0.15370151,11.417492,0.84629846
data\processed\bfw\asian\n004809\0356_01.jpg,data\processed\bfw\asian\n004809\0482_01.jpg,n004809,n004809,asian,asian,males,males,,,1,0.680367,8.596653,0.319633
data\processed\bfw\asian\n009175\0084_01.jpg,data\processed\bfw\asian\n004786\0203_01.jpg,n009175,n004786,asian,asian,females,females,,,0,0.21328056,12.317335,0.78671944
data\processed\bfw\asian\n006418\0071_04.jpg,data\processed\bfw\asian\n006418\1052_03.jpg,n006418,n006418,asian,asian,females,females,,,1,0.17016402,10.141402,0.829836
data\processed\bfw\asian\n004870\0050_02.jpg,data\processed\bfw\asian\n004870\0264_01.jpg,n004870,n004870,asian,asian,females,females,,,1,0.41370216,9.988369,0.58629787
data\processed\bfw\asian\n009137\0104_01.jpg,data\processed\bfw\asian\n009137\0416_01.jpg,n009137,n009137,asian,asian,females,females,,,1,0.40839216,8.785694,0.5916078
data\processed\bfw\asian\n003489\0220_01.jpg,data\processed\bfw\asian\n003449\0083_01.jpg,n003489,n003449,asian,asian,males,females,,,0,0.14855687,12.0627165,0.8514431
data\processed\bfw\asian\n000009\0133_02.jpg,data\processed\bfw\asian\n008163\0276_01.jpg,n000009,n008163,asian,asian,females,females,,,0,0.088099174,10.708555,0.9119008
data\processed\bfw\asian\n009103\0030_01.jpg,data\processed\bfw\asian\n009103\0047_02.jpg,n009103,n009103,asian,asian,females,females,,,1,0.6028641,8.247875,0.3971359
data\processed\bfw\asian\n005446\0243_02.jpg,data\processed\bfw\asian\n009125\0363_01.jpg,n005446,n009125,asian,asian,females,females,,,0,0.15647493,11.137183,0.84352505
data\processed\bfw\asian\n009275\0286_03.jpg,data\processed\bfw\asian\n005071\0279_02.jpg,n009275,n005071,asian,asian,females,males,,,0,0.03789829,13.384314,0.9621017
data\processed\bfw\asian\n000132\0234_01__face_0.jpg,data\processed\bfw\asian\n000856\0075_01.jpg,n000132,n000856,asian,asian,males,females,,,0,0.0849494,11.84308,0.9150506
data\processed\bfw\asian\n009279\0025_01.jpg,data\processed\bfw\asian\n009279\0243_03.jpg,n009279,n009279,asian,asian,females,females,,,1,0.24403358,12.0414715,0.7559664
data\processed\bfw\asian\n003482\0059_01.jpg,data\processed\bfw\asian\n003167\0320_01.jpg,n003482,n003167,asian,asian,males,males,,,0,0.1685662,12.104488,0.8314338
data\processed\bfw\asian\n000838\0166_01.jpg,data\processed\bfw\asian\n004805\0025_01.jpg,n000838,n004805,asian,asian,females,males,,,0,0.31152996,9.521364,0.68847
data\processed\bfw\asian\n004721\0283_01.jpg,data\processed\bfw\asian\n004721\0505_01.jpg,n004721,n004721,asian,asian,males,males,,,1,0.20150703,11.483883,0.79849297
data\processed\bfw\asian\n004787\0158_01.jpg,data\processed\bfw\asian\n004787\0197_01.jpg,n004787,n004787,asian,asian,females,females,,,1,0.6265186,8.574393,0.3734814
data\processed\bfw\asian\n003288\0234_01.jpg,data\processed\bfw\asian\n003288\0628_01.jpg,n003288,n003288,asian,asian,females,females,,,1,0.2476753,9.6399975,0.7523247
data\processed\bfw\asian\n001562\0018_01.jpg,data\processed\bfw\asian\n001562\0092_02.jpg,n001562,n001562,asian,asian,males,males,,,1,0.51145834,6.2349544,0.48854166
data\processed\bfw\asian\n004805\0341_01.jpg,data\processed\bfw\asian\n002320\0248_08.jpg,n004805,n002320,asian,asian,males,males,,,0,0.2000638,10.829389,0.7999362
data\processed\bfw\asian\n007385\0691_01.jpg,data\processed\bfw\asian\n005077\0129_01.jpg,n007385,n005077,asian,asian,females,females,,,0,0.20931457,13.07737,0.7906854
data\processed\bfw\asian\n004549\0146_01.jpg,data\processed\bfw\asian\n004549\0667_01.jpg,n004549,n004549,asian,asian,females,females,,,1,0.19052745,10.55415,0.80947256
data\processed\bfw\asian\n000856\0012_01.jpg,data\processed\bfw\asian\n000856\0098_01.jpg,n000856,n000856,asian,asian,females,females,,,1,0.32969353,7.3613057,0.67030644
data\processed\bfw\asian\n003824\0270_01.jpg,data\processed\bfw\asian\n006344\0143_01.jpg,n003824,n006344,asian,asian,females,females,,,0,0.24272977,10.696011,0.7572702
data\processed\bfw\asian\n004935\0287_01.jpg,data\processed\bfw\asian\n003506\0041_01.jpg,n004935,n003506,asian,asian,males,females,,,0,0.07610076,14.262565,0.92389923
data\processed\bfw\asian\n002406\0310_02.jpg,data\processed\bfw\asian\n000856\0001_01.jpg,n002406,n000856,asian,asian,males,females,,,0,0.08197692,12.862342,0.9180231
data\processed\bfw\asian\n005063\0068_01.jpg,data\processed\bfw\asian\n009125\0116_02.jpg,n005063,n009125,asian,asian,females,females,,,0,0.27736965,11.923429,0.7226304
data\processed\bfw\asian\n009103\0657_02.jpg,data\processed\bfw\asian\n008978\0097_02.jpg,n009103,n008978,asian,asian,females,females,,,0,0.17906637,10.41637,0.82093364
data\processed\bfw\asian\n004791\0075_01.jpg,data\processed\bfw\asian\n004791\0416_01.jpg,n004791,n004791,asian,asian,males,males,,,1,0.39414346,8.010827,0.60585654
data\processed\bfw\asian\n006222\0047_01.jpg,data\processed\bfw\asian\n006619\0310_01.jpg,n006222,n006619,asian,asian,females,females,,,0,0.2455006,10.994987,0.75449944
data\processed\bfw\asian\n003824\0019_01.jpg,data\processed\bfw\asian\n003557\0116_01.jpg,n003824,n003557,asian,asian,females,females,,,0,0.1559404,11.6744585,0.8440596
data\processed\bfw\asian\n003355\0252_02.jpg,data\processed\bfw\asian\n009279\0246_01.jpg,n003355,n009279,asian,asian,males,females,,,0,0.1280698,10.908898,0.8719302
data\processed\bfw\asian\n004860\0068_01.jpg,data\processed\bfw\asian\n004930\0235_01.jpg,n004860,n004930,asian,asian,females,females,,,0,0.22323655,10.249311,0.77676344
data\processed\bfw\asian\n001976\0077_02.jpg,data\processed\bfw\asian\n001976\0372_01.jpg,n001976,n001976,asian,asian,males,males,,,1,0.09034434,10.343896,0.9096557
data\processed\bfw\asian\n004877\0007_01.jpg,data\processed\bfw\asian\n004877\0049_01.jpg,n004877,n004877,asian,asian,females,females,,,1,0.43142456,9.145538,0.56857544
data\processed\bfw\asian\n006418\0152_04.jpg,data\processed\bfw\asian\n006418\0165_02.jpg,n006418,n006418,asian,asian,females,females,,,1,0.33697516,9.141658,0.66302484
data\processed\bfw\asian\n004466\0091_01.jpg,data\processed\bfw\asian\n000840\0025_01.jpg,n004466,n000840,asian,asian,males,females,,,0,0.027715717,13.164775,0.97228426
data\processed\bfw\asian\n001976\0198_01.jpg,data\processed\bfw\asian\n000143\0272_01.jpg,n001976,n000143,asian,asian,males,females,,,0,0.04813463,10.869345,0.9518654
data\processed\bfw\asian\n003167\0042_18.jpg,data\processed\bfw\asian\n003167\0562_01.jpg,n003167,n003167,asian,asian,males,males,,,1,0.55166197,9.238548,0.44833803
data\processed\bfw\asian\n007816\0627_01.jpg,data\processed\bfw\asian\n008383\0539_01.jpg,n007816,n008383,asian,asian,females,females,,,0,-0.0017154355,13.304119,1.0017154
data\processed\bfw\asian\n005071\0115_02.jpg,data\processed\bfw\asian\n005071\0193_01.jpg,n005071,n005071,asian,asian,males,males,,,1,0.5467608,8.608627,0.4532392
data\processed\bfw\asian\n000143\0044_01.jpg,data\processed\bfw\asian\n000143\0406_01.jpg,n000143,n000143,asian,asian,females,females,,,1,0.36672255,7.7540197,0.6332774
data\processed\bfw\asian\n007372\0198_01.jpg,data\processed\bfw\asian\n006358\0117_01.jpg,n007372,n006358,asian,asian,females,females,,,0,-0.11910963,13.674952,1.1191096
data\processed\bfw\asian\n003481\0441_01.jpg,data\processed\bfw\asian\n003354\0346_02.jpg,n003481,n003354,asian,asian,females,females,,,0,0.42652285,7.645151,0.57347715
data\processed\bfw\asian\n006149\0139_02.jpg,data\processed\bfw\asian\n006149\0197_02.jpg,n006149,n006149,asian,asian,females,females,,,1,0.5378468,8.3131485,0.4621532
data\processed\bfw\asian\n008163\0223_01.jpg,data\processed\bfw\asian\n008163\0229_01.jpg,n008163,n008163,asian,asian,females,females,,,1,0.6113362,8.799132,0.38866383
data\processed\bfw\asian\n003533\0101_02.jpg,data\processed\bfw\asian\n000837\0193_01.jpg,n003533,n000837,asian,asian,males,females,,,0,-0.0704784,14.425849,1.0704784
data\processed\bfw\asian\n003482\0716_02.jpg,data\processed\bfw\asian\n003635\0177_02.jpg,n003482,n003635,asian,asian,males,males,,,0,0.14526242,10.396598,0.8547376
data\processed\bfw\asian\n003027\0098_01.jpg,data\processed\bfw\asian\n003027\0176_04.jpg,n003027,n003027,asian,asian,males,males,,,1,0.67426294,8.888258,0.32573706
data\processed\bfw\asian\n004680\0175_01.jpg,data\processed\bfw\asian\n004680\0211_01.jpg,n004680,n004680,asian,asian,females,females,,,1,0.636446,8.725224,0.363554
data\processed\bfw\asian\n003162\0330_01.jpg,data\processed\bfw\asian\n003162\0479_02.jpg,n003162,n003162,asian,asian,males,males,,,1,0.34234664,10.5006695,0.65765333
data\processed\bfw\asian\n006222\0075_01.jpg,data\processed\bfw\asian\n006222\0170_02.jpg,n006222,n006222,asian,asian,females,females,,,1,0.46692824,10.345096,0.53307176
data\processed\bfw\asian\n009041\0069_01.jpg,data\processed\bfw\asian\n009041\0118_01.jpg,n009041,n009041,asian,asian,females,females,,,1,0.40268648,9.254858,0.5973135
data\processed\bfw\asian\n007816\0091_01.jpg,data\processed\bfw\asian\n000873\0068_01.jpg,n007816,n000873,asian,asian,females,males,,,0,-0.10353179,12.965614,1.1035318
data\processed\bfw\asian\n000839\0454_01.jpg,data\processed\bfw\asian\n009288\0121_01.jpg,n000839,n009288,asian,asian,females,females,,,0,0.25137794,10.932579,0.74862206
data\processed\bfw\asian\n004794\0124_03.jpg,data\processed\bfw\asian\n004794\0540_01.jpg,n004794,n004794,asian,asian,males,males,,,1,0.37978902,9.97867,0.620211
data\processed\bfw\asian\n001572\0092_01.jpg,data\processed\bfw\asian\n001572\0295_01.jpg,n001572,n001572,asian,asian,females,females,,,1,0.25868094,10.365677,0.74131906
data\processed\bfw\asian\n003482\0178_02.jpg,data\processed\bfw\asian\n001682\0267_02.jpg,n003482,n001682,asian,asian,males,males,,,0,0.14052013,12.084394,0.8594799
data\processed\bfw\asian\n000160\0350_01.jpg,data\processed\bfw\asian\n000160\0435_02.jpg,n000160,n000160,asian,asian,females,females,,,1,0.21546008,9.015599,0.78453994
data\processed\bfw\asian\n005078\0279_02.jpg,data\processed\bfw\asian\n003357\0042_01.jpg,n005078,n003357,asian,asian,males,females,,,0,0.053926732,12.623973,0.9460733
data\processed\bfw\asian\n003449\0027_01.jpg,data\processed\bfw\asian\n004472\0166_01.jpg,n003449,n004472,asian,asian,females,females,,,0,0.11530488,10.417486,0.8846951
data\processed\bfw\asian\n002725\0253_02.jpg,data\processed\bfw\asian\n002725\0298_01.jpg,n002725,n002725,asian,asian,females,females,,,1,0.3253352,10.596518,0.6746648
data\processed\bfw\asian\n008383\0014_01.jpg,data\processed\bfw\asian\n009137\0104_01.jpg,n008383,n009137,asian,asian,females,females,,,0,0.3578577,8.599452,0.6421423
data\processed\bfw\asian\n006224\0145_04.jpg,data\processed\bfw\asian\n006224\0164_01.jpg,n006224,n006224,asian,asian,females,females,,,1,0.4291733,9.109783,0.5708267
data\processed\bfw\asian\n002775\0044_01.jpg,data\processed\bfw\asian\n003223\0143_01.jpg,n002775,n003223,asian,asian,males,males,,,0,0.17710525,11.914165,0.82289475
data\processed\bfw\asian\n009278\0068_01.jpg,data\processed\bfw\asian\n009278\0180_01.jpg,n009278,n009278,asian,asian,females,females,,,1,0.084004186,10.90289,0.91599584
data\processed\bfw\asian\n007385\0469_01.jpg,data\processed\bfw\asian\n007385\0674_01.jpg,n007385,n007385,asian,asian,females,females,,,1,0.13099824,11.119267,0.86900175
data\processed\bfw\asian\n009287\0026_01.jpg,data\processed\bfw\asian\n009287\0257_01.jpg,n009287,n009287,asian,asian,females,females,,,1,0.5220169,9.036614,0.47798312
data\processed\bfw\asian\n006633\0221_02.jpg,data\processed\bfw\asian\n006633\0489_03.jpg,n006633,n006633,asian,asian,females,females,,,1,0.19087985,10.745615,0.8091202
data\processed\bfw\asian\n000854\0019_02.jpg,data\processed\bfw\asian\n000854\0228_01.jpg,n000854,n000854,asian,asian,females,females,,,1,0.44221488,8.992961,0.55778515
data\processed\bfw\asian\n004786\0101_01.jpg,data\processed\bfw\asian\n004786\0173_01.jpg,n004786,n004786,asian,asian,females,females,,,1,0.5710959,8.46165,0.42890412
data\processed\bfw\asian\n005085\0376_01.jpg,data\processed\bfw\asian\n005085\0679_01.jpg,n005085,n005085,asian,asian,females,females,,,1,0.1104855,9.813598,0.8895145
data\processed\bfw\asian\n003506\0041_01.jpg,data\processed\bfw\asian\n003449\0027_01.jpg,n003506,n003449,asian,asian,females,females,,,0,0.21065962,11.332158,0.7893404
data\processed\bfw\asian\n003156\0004_01.jpg,data\processed\bfw\asian\n003156\0101_01.jpg,n003156,n003156,asian,asian,males,males,,,1,0.43064693,9.076443,0.5693531
data\processed\bfw\asian\n006149\0007_01.jpg,data\processed\bfw\asian\n004786\0135_01.jpg,n006149,n004786,asian,asian,females,females,,,0,0.18144894,11.011161,0.81855106
data\processed\bfw\asian\n009177\0085_02.jpg,data\processed\bfw\asian\n005378\0370_01.jpg,n009177,n005378,asian,asian,females,females,,,0,-0.0008960701,11.933913,1.0008961
data\processed\bfw\asian\n007738\0188_02.jpg,data\processed\bfw\asian\n007738\0239_01.jpg,n007738,n007738,asian,asian,females,females,,,1,0.28570417,11.857783,0.71429586
data\processed\bfw\asian\n002644\0557_01.jpg,data\processed\bfw\asian\n005216\0041_01.jpg,n002644,n005216,asian,asian,males,females,,,0,0.02157275,11.464843,0.97842723
data\processed\bfw\asian\n005378\0093_02.jpg,data\processed\bfw\asian\n005378\0232_01.jpg,n005378,n005378,asian,asian,females,females,,,1,0.36826083,9.496641,0.63173914
data\processed\bfw\asian\n009175\0072_01.jpg,data\processed\bfw\asian\n009175\0090_01.jpg,n009175,n009175,asian,asian,females,females,,,1,0.40658873,10.804164,0.59341127
data\processed\bfw\asian\n004870\0007_01.jpg,data\processed\bfw\asian\n004870\0129_01.jpg,n004870,n004870,asian,asian,females,females,,,1,0.53719896,9.587785,0.46280104
data\processed\bfw\asian\n007270\0053_01.jpg,data\processed\bfw\asian\n004467\0682_01.jpg,n007270,n004467,asian,asian,females,males,,,0,0.055141386,11.173004,0.9448586
data\processed\bfw\asian\n009103\0035_01.jpg,data\processed\bfw\asian\n004877\0084_01.jpg,n009103,n004877,asian,asian,females,females,,,0,0.23263493,11.878115,0.7673651
data\processed\bfw\asian\n009042\0133_01.jpg,data\processed\bfw\asian\n000873\0106_01.jpg,n009042,n000873,asian,asian,females,males,,,0,0.05654637,11.8105345,0.9434536
data\processed\bfw\asian\n004787\0009_01.jpg,data\processed\bfw\asian\n007816\0147_01.jpg,n004787,n007816,asian,asian,females,females,,,0,0.050402243,11.171459,0.9495978
data\processed\bfw\asian\n004686\0100_01.jpg,data\processed\bfw\asian\n004686\0271_01.jpg,n004686,n004686,asian,asian,males,males,,,1,0.42154932,8.596387,0.5784507
data\processed\bfw\asian\n007378\0173_02.jpg,data\processed\bfw\asian\n002331\0091_01.jpg,n007378,n002331,asian,asian,females,males,,,0,-0.19687355,14.269043,1.1968735
data\processed\bfw\asian\n003465\0036_01.jpg,data\processed\bfw\asian\n003465\0169_01.jpg,n003465,n003465,asian,asian,males,males,,,1,0.48411685,9.539191,0.51588315
data\processed\bfw\asian\n007380\0083_02.jpg,data\processed\bfw\asian\n007380\0195_01.jpg,n007380,n007380,asian,asian,females,females,,,1,0.101172715,11.284691,0.8988273
data\processed\bfw\asian\n005474\0072_02.jpg,data\processed\bfw\asian\n005474\0128_01.jpg,n005474,n005474,asian,asian,females,females,,,1,0.46108034,9.148695,0.5389197
data\processed\bfw\asian\n003489\0051_03.jpg,data\processed\bfw\asian\n003489\0247_01.jpg,n003489,n003489,asian,asian,males,males,,,1,0.34073853,10.75147,0.65926147
data\processed\bfw\asian\n009288\0236_01.jpg,data\processed\bfw\asian\n009288\0281_02.jpg,n009288,n009288,asian,asian,females,females,,,1,0.1173526,12.321909,0.8826474
data\processed\bfw\asian\n009041\0040_01.jpg,data\processed\bfw\asian\n009041\0092_01.jpg,n009041,n009041,asian,asian,females,females,,,1,0.33375975,10.012022,0.6662402
data\processed\bfw\asian\n009042\0020_01.jpg,data\processed\bfw\asian\n002725\0102_01.jpg,n009042,n002725,asian,asian,females,females,,,0,0.11816794,12.171121,0.88183206
data\processed\bfw\asian\n003155\0029_01.jpg,data\processed\bfw\asian\n003155\1030_04.jpg,n003155,n003155,asian,asian,males,males,,,1,0.022964185,12.330353,0.9770358
data\processed\bfw\asian\n004680\0190_01.jpg,data\processed\bfw\asian\n006418\0140_02.jpg,n004680,n006418,asian,asian,females,females,,,0,0.05056679,11.643399,0.9494332
data\processed\bfw\asian\n000839\0298_01.jpg,data\processed\bfw\asian\n003824\0262_01.jpg,n000839,n003824,asian,asian,females,females,,,0,0.07155057,13.092048,0.92844945
data\processed\bfw\asian\n006344\0431_07.jpg,data\processed\bfw\asian\n007738\0219_02.jpg,n006344,n007738,asian,asian,females,females,,,0,0.113503456,10.053155,0.88649654
data\processed\bfw\asian\n003463\0110_01.jpg,data\processed\bfw\asian\n003463\0127_01.jpg,n003463,n003463,asian,asian,males,males,,,1,0.5078363,8.787032,0.49216372
data\processed\bfw\asian\n003491\0033_01.jpg,data\processed\bfw\asian\n003482\0231_01.jpg,n003491,n003482,asian,asian,males,males,,,0,0.005284999,12.710571,0.994715
data\processed\bfw\asian\n007270\0066_01.jpg,data\processed\bfw\asian\n007270\0155_01.jpg,n007270,n007270,asian,asian,females,females,,,1,0.6380495,7.5490603,0.36195052
data\processed\bfw\asian\n000158\0066_01.jpg,data\processed\bfw\asian\n000158\0658_01.jpg,n000158,n000158,asian,asian,males,males,,,1,0.5986954,8.628991,0.4013046
data\processed\bfw\asian\n006222\0095_02.jpg,data\processed\bfw\asian\n003354\0047_01.jpg,n006222,n003354,asian,asian,females,females,,,0,0.25349575,10.584759,0.74650425
data\processed\bfw\asian\n004935\0021_01.jpg,data\processed\bfw\asian\n004935\0327_01.jpg,n004935,n004935,asian,asian,males,males,,,1,0.4116288,10.623278,0.58837116
data\processed\bfw\asian\n006224\0212_01.jpg,data\processed\bfw\asian\n009148\0103_01.jpg,n006224,n009148,asian,asian,females,females,,,0,0.36164406,9.983813,0.638356
data\processed\bfw\asian\n009041\0025_01.jpg,data\processed\bfw\asian\n009041\0114_01.jpg,n009041,n009041,asian,asian,females,females,,,1,0.4555418,8.20354,0.5444582
data\processed\bfw\asian\n008163\0451_03.jpg,data\processed\bfw\asian\n005083\0133_01.jpg,n008163,n005083,asian,asian,females,females,,,0,0.028111454,11.793274,0.97188854
data\processed\bfw\asian\n003463\0125_01.jpg,data\processed\bfw\asian\n003463\0165_01.jpg,n003463,n003463,asian,asian,males,males,,,1,0.4246816,9.449021,0.5753184
data\processed\bfw\asian\n005085\0061_01.jpg,data\processed\bfw\asian\n005085\0221_04.jpg,n005085,n005085,asian,asian,females,females,,,1,0.7590119,6.859576,0.24098808
data\processed\bfw\asian\n003288\0165_11.jpg,data\processed\bfw\asian\n001496\0622_01.jpg,n003288,n001496,asian,asian,females,males,,,0,0.039747015,10.85423,0.960253
data\processed\bfw\asian\n003467\0037_01.jpg,data\processed\bfw\asian\n003467\0082_01.jpg,n003467,n003467,asian,asian,females,females,,,1,0.50012714,9.285878,0.49987286
data\processed\bfw\asian\n004221\0135_02.jpg,data\processed\bfw\asian\n004221\0166_01.jpg,n004221,n004221,asian,asian,males,males,,,1,0.6013721,9.374604,0.39862788
data\processed\bfw\asian\n006774\0105_01.jpg,data\processed\bfw\asian\n006774\0111_01.jpg,n006774,n006774,asian,asian,females,females,,,1,0.39748627,10.795767,0.60251373
data\processed\bfw\asian\n004870\0112_02.jpg,data\processed\bfw\asian\n003489\0046_02.jpg,n004870,n003489,asian,asian,females,males,,,0,0.053905997,13.937187,0.946094
data\processed\bfw\asian\n005072\0151_01.jpg,data\processed\bfw\asian\n003162\0379_02.jpg,n005072,n003162,asian,asian,males,males,,,0,0.054123305,12.477064,0.9458767
data\processed\bfw\asian\n006344\0025_02.jpg,data\processed\bfw\asian\n006344\0413_01.jpg,n006344,n006344,asian,asian,females,females,,,1,0.24622397,8.576754,0.753776
data\processed\bfw\asian\n009042\0072_01.jpg,data\processed\bfw\asian\n009042\0372_01.jpg,n009042,n009042,asian,asian,females,females,,,1,0.60305834,7.921691,0.39694166
data\processed\bfw\asian\n000137\0110_01.jpg,data\processed\bfw\asian\n003162\0282_01.jpg,n000137,n003162,asian,asian,females,males,,,0,-0.026685515,13.599967,1.0266855
data\processed\bfw\asian\n008401\0294_01.jpg,data\processed\bfw\asian\n008401\0389_01.jpg,n008401,n008401,asian,asian,females,females,,,1,0.6114416,9.587776,0.3885584
data\processed\bfw\asian\n004948\0125_01.jpg,data\processed\bfw\asian\n000139\0112_02.jpg,n004948,n000139,asian,asian,males,females,,,0,0.11312453,11.463495,0.88687545
data\processed\bfw\asian\n000143\0171_01.jpg,data\processed\bfw\asian\n000143\0226_04.jpg,n000143,n000143,asian,asian,females,females,,,1,0.1498215,9.986578,0.8501785
data\processed\bfw\asian\n004721\0274_01.jpg,data\processed\bfw\asian\n002644\0182_09.jpg,n004721,n002644,asian,asian,males,males,,,0,0.18321075,11.073867,0.81678927
data\processed\bfw\asian\n003557\0086_01.jpg,data\processed\bfw\asian\n003557\0255_01.jpg,n003557,n003557,asian,asian,females,females,,,1,0.4192851,9.774851,0.58071494
data\processed\bfw\asian\n005083\0046_01.jpg,data\processed\bfw\asian\n005083\0100_01.jpg,n005083,n005083,asian,asian,females,females,,,1,0.41290528,9.758729,0.5870947
data\processed\bfw\asian\n005077\0054_01.jpg,data\processed\bfw\asian\n004466\0052_01.jpg,n005077,n004466,asian,asian,females,males,,,0,0.2534465,9.163009,0.74655354
data\processed\bfw\asian\n000143\0045_05.jpg,data\processed\bfw\asian\n000143\0080_02.jpg,n000143,n000143,asian,asian,females,females,,,1,0.51456857,9.152877,0.48543143
data\processed\bfw\asian\n004681\0016_01.jpg,data\processed\bfw\asian\n004681\0026_01.jpg,n004681,n004681,asian,asian,males,males,,,1,0.7220464,6.448533,0.27795362
data\processed\bfw\asian\n004794\0124_03.jpg,data\processed\bfw\asian\n004794\0640_01.jpg,n004794,n004794,asian,asian,males,males,,,1,0.51135886,8.195951,0.48864114
data\processed\bfw\asian\n004948\0651_01.jpg,data\processed\bfw\asian\n001864\0071_01.jpg,n004948,n001864,asian,asian,males,males,,,0,0.25958166,10.143572,0.7404183
data\processed\bfw\asian\n004870\0344_01.jpg,data\processed\bfw\asian\n000137\0117_01.jpg,n004870,n000137,asian,asian,females,females,,,0,0.14840202,10.793025,0.85159796
data\processed\bfw\asian\n005077\0006_01.jpg,data\processed\bfw\asian\n005077\0082_01.jpg,n005077,n005077,asian,asian,females,females,,,1,0.54378515,7.861432,0.45621485
data\processed\bfw\asian\n002406\0093_01.jpg,data\processed\bfw\asian\n004221\0166_01.jpg,n002406,n004221,asian,asian,males,males,,,0,0.19080696,11.300717,0.809193
data\processed\bfw\asian\n006774\0062_01.jpg,data\processed\bfw\asian\n006774\0282_01.jpg,n006774,n006774,asian,asian,females,females,,,1,0.18683395,12.396158,0.813166
data\processed\bfw\asian\n005085\0061_01.jpg,data\processed\bfw\asian\n005085\0464_01.jpg,n005085,n005085,asian,asian,females,females,,,1,0.18789455,11.154287,0.8121054
data\processed\bfw\asian\n004794\0019_03.jpg,data\processed\bfw\asian\n003167\0037_01.jpg,n004794,n003167,asian,asian,males,males,,,0,0.24126409,12.972725,0.7587359
data\processed\bfw\asian\n004549\0181_01.jpg,data\processed\bfw\asian\n004549\0213_01.jpg,n004549,n004549,asian,asian,females,females,,,1,0.3933271,9.343222,0.6066729
data\processed\bfw\asian\n000160\0150_01.jpg,data\processed\bfw\asian\n004870\0264_01.jpg,n000160,n004870,asian,asian,females,females,,,0,0.14159599,10.827201,0.85840404
data\processed\bfw\asian\n009276\0106_05.jpg,data\processed\bfw\asian\n007089\0097_04.jpg,n009276,n007089,asian,asian,females,females,,,0,0.34118456,9.532772,0.65881544
data\processed\bfw\asian\n004680\0175_01.jpg,data\processed\bfw\asian\n004805\0012_02.jpg,n004680,n004805,asian,asian,females,males,,,0,0.10903258,12.544855,0.8909674
data\processed\bfw\asian\n005378\0409_02.jpg,data\processed\bfw\asian\n006222\0095_02.jpg,n005378,n006222,asian,asian,females,females,,,0,0.26096454,11.534359,0.7390355
data\processed\bfw\asian\n000838\0040_02.jpg,data\processed\bfw\asian\n004721\0227_01.jpg,n000838,n004721,asian,asian,females,males,,,0,0.13639079,13.193461,0.8636092
data\processed\bfw\asian\n003155\0062_02.jpg,data\processed\bfw\asian\n003155\0185_01.jpg,n003155,n003155,asian,asian,males,males,,,1,0.10239021,10.260341,0.8976098
data\processed\bfw\asian\n006634\0033_01.jpg,data\processed\bfw\asian\n006634\0114_01.jpg,n006634,n006634,asian,asian,females,females,,,1,0.5333975,8.957813,0.4666025
data\processed\bfw\asian\n006358\0076_01.jpg,data\processed\bfw\asian\n006358\0117_01.jpg,n006358,n006358,asian,asian,females,females,,,1,0.511288,9.936428,0.488712
data\processed\bfw\asian\n000138\0188_01.jpg,data\processed\bfw\asian\n006203\0148_03.jpg,n000138,n006203,asian,asian,females,females,,,0,0.10415643,10.554099,0.89584357
data\processed\bfw\asian\n004466\0131_01.jpg,data\processed\bfw\asian\n004787\0692_01.jpg,n004466,n004787,asian,asian,males,females,,,0,0.28736195,9.9488945,0.712638
data\processed\bfw\asian\n000854\0045_01.jpg,data\processed\bfw\asian\n007899\0082_01.jpg,n000854,n007899,asian,asian,females,females,,,0,0.25657555,10.1220665,0.7434244
data\processed\bfw\asian\n006619\0216_01.jpg,data\processed\bfw\asian\n006619\0422_01.jpg,n006619,n006619,asian,asian,females,females,,,1,0.4275445,9.908944,0.5724555
data\processed\bfw\asian\n000137\0012_01.jpg,data\processed\bfw\asian\n000137\0055_01.jpg,n000137,n000137,asian,asian,females,females,,,1,0.43727294,7.7435164,0.5627271
data\processed\bfw\asian\n004469\0084_01.jpg,data\processed\bfw\asian\n004469\0098_02.jpg,n004469,n004469,asian,asian,males,males,,,1,0.45047227,9.880586,0.54952776
data\processed\bfw\asian\n007664\0053_01.jpg,data\processed\bfw\asian\n004864\0058_01.jpg,n007664,n004864,asian,asian,females,females,,,0,0.23016936,10.97989,0.76983064
data\processed\bfw\asian\n007372\0082_01.jpg,data\processed\bfw\asian\n003465\0158_01.jpg,n007372,n003465,asian,asian,females,males,,,0,0.26739964,11.805011,0.73260033
data\processed\bfw\asian\n000158\0199_03.jpg,data\processed\bfw\asian\n004930\0078_01.jpg,n000158,n004930,asian,asian,males,females,,,0,-0.017350074,13.684067,1.0173501
data\processed\bfw\asian\n003162\0188_01.jpg,data\processed\bfw\asian\n003162\0240_01.jpg,n003162,n003162,asian,asian,males,males,,,1,0.48832732,10.239003,0.5116727
data\processed\bfw\asian\n003288\0222_01.jpg,data\processed\bfw\asian\n003288\0230_01.jpg,n003288,n003288,asian,asian,females,females,,,1,0.24979016,9.779748,0.7502098
data\processed\bfw\asian\n004794\0062_01.jpg,data\processed\bfw\asian\n003465\0169_01.jpg,n004794,n003465,asian,asian,males,males,,,0,0.086778365,12.216086,0.91322166
data\processed\bfw\asian\n009041\0077_01.jpg,data\processed\bfw\asian\n009041\0080_02.jpg,n009041,n009041,asian,asian,females,females,,,1,0.558091,8.323898,0.44190902
data\processed\bfw\asian\n005069\0019_01.jpg,data\processed\bfw\asian\n000009\0133_02.jpg,n005069,n000009,asian,asian,females,females,,,0,0.2218235,11.242252,0.7781765
data\processed\bfw\asian\n003358\0055_01.jpg,data\processed\bfw\asian\n003358\0318_01.jpg,n003358,n003358,asian,asian,females,females,,,1,0.17230842,9.632787,0.82769156
data\processed\bfw\asian\n006222\0017_01.jpg,data\processed\bfw\asian\n006344\0112_01.jpg,n006222,n006344,asian,asian,females,females,,,0,0.1913973,11.108224,0.8086027
data\processed\bfw\asian\n003467\0036_01.jpg,data\processed\bfw\asian\n003357\0533_01.jpg,n003467,n003357,asian,asian,females,females,,,0,0.11774179,11.133132,0.8822582
data\processed\bfw\asian\n007814\0377_03.jpg,data\processed\bfw\asian\n007814\0485_01.jpg,n007814,n007814,asian,asian,females,females,,,1,0.025866594,11.115252,0.97413343
data\processed\bfw\asian\n004467\0677_01.jpg,data\processed\bfw\asian\n004680\0113_02.jpg,n004467,n004680,asian,asian,males,females,,,0,0.24532983,11.311211,0.75467014
data\processed\bfw\asian\n009278\0060_01.jpg,data\processed\bfw\asian\n009278\0066_01.jpg,n009278,n009278,asian,asian,females,females,,,1,0.43367204,9.234496,0.5663279
data\processed\bfw\asian\n009294\0031_03.jpg,data\processed\bfw\asian\n009294\0242_01.jpg,n009294,n009294,asian,asian,females,females,,,1,0.5215387,8.264544,0.47846133
data\processed\bfw\asian\n002406\0103_01.jpg,data\processed\bfw\asian\n006418\0152_04.jpg,n002406,n006418,asian,asian,males,females,,,0,-0.093294576,12.356845,1.0932946
data\processed\bfw\asian\n003027\0117_02.jpg,data\processed\bfw\asian\n005378\0020_01.jpg,n003027,n005378,asian,asian,males,females,,,0,0.2584212,12.719598,0.7415788
data\processed\bfw\asian\n003167\0141_01.jpg,data\processed\bfw\asian\n004680\0189_01.jpg,n003167,n004680,asian,asian,males,females,,,0,0.08227831,14.081194,0.9177217
data\processed\bfw\asian\n004467\0049_01.jpg,data\processed\bfw\asian\n001976\0100_02.jpg,n004467,n001976,asian,asian,males,males,,,0,0.15281948,10.753545,0.8471805
data\processed\bfw\asian\n000143\0098_01.jpg,data\processed\bfw\asian\n004681\0016_01.jpg,n000143,n004681,asian,asian,females,males,,,0,0.25669414,9.960047,0.74330586
data\processed\bfw\asian\n004800\0366_01.jpg,data\processed\bfw\asian\n004800\0537_01.jpg,n004800,n004800,asian,asian,males,males,,,1,0.17828417,10.487529,0.82171583
data\processed\bfw\asian\n003223\0185_01.jpg,data\processed\bfw\asian\n002509\0131_01.jpg,n003223,n002509,asian,asian,males,females,,,0,0.038631752,12.056056,0.96136826
data\processed\bfw\asian\n003533\0573_01.jpg,data\processed\bfw\asian\n003533\0574_01.jpg,n003533,n003533,asian,asian,males,males,,,1,0.54040587,8.851362,0.45959413
data\processed\bfw\asian\n007378\0113_01.jpg,data\processed\bfw\asian\n007378\0509_01.jpg,n007378,n007378,asian,asian,females,females,,,1,0.38170645,9.476838,0.6182935
data\processed\bfw\asian\n004686\0433_01.jpg,data\processed\bfw\asian\n004549\0213_01.jpg,n004686,n004549,asian,asian,males,females,,,0,0.08999841,9.941729,0.9100016
data\processed\bfw\asian\n001682\0051_01.jpg,data\processed\bfw\asian\n001682\0177_01.jpg,n001682,n001682,asian,asian,males,males,,,1,0.2906512,11.776212,0.7093488
data\processed\bfw\asian\n004549\0168_05.jpg,data\processed\bfw\asian\n004549\0222_02.jpg,n004549,n004549,asian,asian,females,females,,,1,0.22104038,9.056823,0.77895963
data\processed\bfw\asian\n004725\0036_01.jpg,data\processed\bfw\asian\n004725\0088_01.jpg,n004725,n004725,asian,asian,males,males,,,1,0.67496586,8.739664,0.32503414
data\processed\bfw\asian\n003288\0051_01.jpg,data\processed\bfw\asian\n003288\0228_01.jpg,n003288,n003288,asian,asian,females,females,,,1,0.33852866,9.922317,0.66147137
data\processed\bfw\asian\n002320\0240_01.jpg,data\processed\bfw\asian\n009137\0416_01.jpg,n002320,n009137,asian,asian,males,females,,,0,0.064238995,12.052458,0.935761
data\processed\bfw\asian\n000158\0012_01.jpg,data\processed\bfw\asian\n000158\0158_01.jpg,n000158,n000158,asian,asian,males,males,,,1,0.6695214,8.32658,0.3304786
data\processed\bfw\asian\n001496\0133_01.jpg,data\processed\bfw\asian\n001496\0219_01.jpg,n001496,n001496,asian,asian,males,males,,,1,0.3299631,8.948201,0.6700369
data\processed\bfw\asian\n009279\0025_01.jpg,data\processed\bfw\asian\n009279\0393_04.jpg,n009279,n009279,asian,asian,females,females,,,1,0.16207598,12.027096,0.837924
data\processed\bfw\asian\n000872\0296_06.jpg,data\processed\bfw\asian\n009278\0061_02.jpg,n000872,n009278,asian,asian,males,females,,,0,0.061490957,10.770161,0.93850905
data\processed\bfw\asian\n005446\0279_01.jpg,data\processed\bfw\asian\n005446\0480_01.jpg,n005446,n005446,asian,asian,females,females,,,1,0.33860114,9.382286,0.6613989
data\processed\bfw\asian\n004877\0076_01.jpg,data\processed\bfw\asian\n004877\0145_01.jpg,n004877,n004877,asian,asian,females,females,,,1,0.33920142,10.23674,0.66079855
data\processed\bfw\asian\n004467\0418_01.jpg,data\processed\bfw\asian\n004467\0638_01.jpg,n004467,n004467,asian,asian,males,males,,,1,0.4701048,9.407125,0.5298952
data\processed\bfw\asian\n007378\0071_01.jpg,data\processed\bfw\asian\n007378\0214_01.jpg,n007378,n007378,asian,asian,females,females,,,1,0.36954257,9.164525,0.6304574
data\processed\bfw\asian\n004469\0217_03.jpg,data\processed\bfw\asian\n004469\0832_01.jpg,n004469,n004469,asian,asian,males,males,,,1,0.11406577,12.465855,0.88593423
data\processed\bfw\asian\n003167\0274_01.jpg,data\processed\bfw\asian\n003167\0602_01.jpg,n003167,n003167,asian,asian,males,males,,,1,0.24146482,10.450406,0.75853515
data\processed\bfw\asian\n005069\0225_01.jpg,data\processed\bfw\asian\n005069\0246_01.jpg,n005069,n005069,asian,asian,females,females,,,1,0.3672502,10.234545,0.6327498
data\processed\bfw\asian\n003357\0006_01.jpg,data\processed\bfw\asian\n003357\0123_01.jpg,n003357,n003357,asian,asian,females,females,,,1,0.3373018,9.612963,0.6626982
data\processed\bfw\asian\n006203\0045_01.jpg,data\processed\bfw\asian\n006203\0430_01.jpg,n006203,n006203,asian,asian,females,females,,,1,0.178915,9.796733,0.821085
data\processed\bfw\asian\n007372\0210_01.jpg,data\processed\bfw\asian\n007372\0295_01.jpg,n007372,n007372,asian,asian,females,females,,,1,0.056788795,10.275987,0.9432112
data\processed\bfw\asian\n008383\0539_01.jpg,data\processed\bfw\asian\n000132\0112_01__face_0.jpg,n008383,n000132,asian,asian,females,males,,,0,0.15015076,11.866017,0.8498492
data\processed\bfw\asian\n008978\0026_01.jpg,data\processed\bfw\asian\n008978\0318_01.jpg,n008978,n008978,asian,asian,females,females,,,1,0.38667056,10.431345,0.6133294
data\processed\bfw\asian\n006774\0130_01.jpg,data\processed\bfw\asian\n006774\0393_01.jpg,n006774,n006774,asian,asian,females,females,,,1,0.23304191,10.823566,0.7669581
data\processed\bfw\asian\n004472\0332_01.jpg,data\processed\bfw\asian\n004472\0720_01.jpg,n004472,n004472,asian,asian,females,females,,,1,-0.065359816,12.673846,1.0653598
data\processed\bfw\asian\n009175\0077_01.jpg,data\processed\bfw\asian\n004109\0003_01.jpg,n009175,n004109,asian,asian,females,males,,,0,0.25282672,11.280238,0.7471733
data\processed\bfw\asian\n001572\0158_01.jpg,data\processed\bfw\asian\n006222\0032_01.jpg,n001572,n006222,asian,asian,females,females,,,0,0.30169523,9.413617,0.6983048
data\processed\bfw\asian\n005446\0141_01.jpg,data\processed\bfw\asian\n004786\0021_01.jpg,n005446,n004786,asian,asian,females,females,,,0,0.37488624,10.052046,0.6251137
data\processed\bfw\asian\n005069\0225_01.jpg,data\processed\bfw\asian\n000840\0160_02.jpg,n005069,n000840,asian,asian,females,females,,,0,0.11076027,10.440092,0.8892397
data\processed\bfw\asian\n004687\0113_01.jpg,data\processed\bfw\asian\n004687\0295_01.jpg,n004687,n004687,asian,asian,females,females,,,1,0.57856715,8.842945,0.42143285
data\processed\bfw\asian\n006149\0087_01.jpg,data\processed\bfw\asian\n005063\0577_01.jpg,n006149,n005063,asian,asian,females,females,,,0,0.08596677,13.060745,0.91403323
data\processed\bfw\asian\n005069\0019_01.jpg,data\processed\bfw\asian\n005069\0022_01.jpg,n005069,n005069,asian,asian,females,females,,,1,0.6771777,7.0667667,0.32282227
data\processed\bfw\asian\n004791\0030_01.jpg,data\processed\bfw\asian\n004791\0263_01.jpg,n004791,n004791,asian,asian,males,males,,,1,0.4903372,9.049898,0.5096628
data\processed\bfw\asian\n005085\0221_04.jpg,data\processed\bfw\asian\n003167\0141_01.jpg,n005085,n003167,asian,asian,females,males,,,0,-0.06645162,14.787456,1.0664517
data\processed\bfw\asian\n009275\0039_01.jpg,data\processed\bfw\asian\n002775\0044_01.jpg,n009275,n002775,asian,asian,females,males,,,0,0.0023613265,12.663504,0.9976387
data\processed\bfw\asian\n009125\0116_02.jpg,data\processed\bfw\asian\n009125\0270_01.jpg,n009125,n009125,asian,asian,females,females,,,1,0.44140545,9.618849,0.5585946
data\processed\bfw\asian\n008383\0279_06.jpg,data\processed\bfw\asian\n003482\0006_04.jpg,n008383,n003482,asian,asian,females,males,,,0,0.032880716,12.481968,0.9671193
data\processed\bfw\asian\n005177\0042_01.jpg,data\processed\bfw\asian\n005177\0152_01.jpg,n005177,n005177,asian,asian,males,males,,,1,0.45728552,8.621438,0.5427145
data\processed\bfw\asian\n006634\0120_01.jpg,data\processed\bfw\asian\n006634\0322_01.jpg,n006634,n006634,asian,asian,females,females,,,1,0.2859461,11.670187,0.71405387
data\processed\bfw\asian\n006619\0572_01.jpg,data\processed\bfw\asian\n009103\0274_01.jpg,n006619,n009103,asian,asian,females,females,,,0,0.17196235,10.852644,0.8280376
data\processed\bfw\asian\n009294\0031_03.jpg,data\processed\bfw\asian\n009294\0081_01.jpg,n009294,n009294,asian,asian,females,females,,,1,0.257206,10.0129385,0.74279404
data\processed\bfw\asian\n004467\0001_01.jpg,data\processed\bfw\asian\n000138\0129_03.jpg,n004467,n000138,asian,asian,males,females,,,0,-0.03822644,11.330029,1.0382265
data\processed\bfw\asian\n005083\0367_02.jpg,data\processed\bfw\asian\n003354\0243_01.jpg,n005083,n003354,asian,asian,females,females,,,0,0.17596151,9.34688,0.8240385
data\processed\bfw\asian\n004935\0021_01.jpg,data\processed\bfw\asian\n009294\0194_01.jpg,n004935,n009294,asian,asian,males,females,,,0,0.09824918,11.218405,0.9017508
data\processed\bfw\asian\n005071\0113_02.jpg,data\processed\bfw\asian\n004687\0019_01.jpg,n005071,n004687,asian,asian,males,females,,,0,0.007577755,13.12167,0.9924222
data\processed\bfw\asian\n001562\0130_01.jpg,data\processed\bfw\asian\n001562\0372_02.jpg,n001562,n001562,asian,asian,males,males,,,1,0.067347996,8.919501,0.932652
data\processed\bfw\asian\n000840\0023_01.jpg,data\processed\bfw\asian\n000840\0099_01.jpg,n000840,n000840,asian,asian,females,females,,,1,0.5154549,7.7093873,0.4845451
data\processed\bfw\asian\n009137\0070_01.jpg,data\processed\bfw\asian\n009137\0211_02.jpg,n009137,n009137,asian,asian,females,females,,,1,0.24064802,9.726875,0.75935197
data\processed\bfw\asian\n000143\0019_01.jpg,data\processed\bfw\asian\n000873\0111_01.jpg,n000143,n000873,asian,asian,females,males,,,0,-0.091189645,12.936162,1.0911896
data\processed\bfw\asian\n007814\0175_01.jpg,data\processed\bfw\asian\n004809\0013_10.jpg,n007814,n004809,asian,asian,females,males,,,0,0.116793334,9.436654,0.88320667
data\processed\bfw\asian\n009294\0002_01.jpg,data\processed\bfw\asian\n009294\0258_01.jpg,n009294,n009294,asian,asian,females,females,,,1,0.38404188,9.949352,0.6159581
data\processed\bfw\asian\n005474\0210_02.jpg,data\processed\bfw\asian\n005474\0769_01.jpg,n005474,n005474,asian,asian,females,females,,,1,0.44996002,8.3840275,0.55004
data\processed\bfw\asian\n004948\0111_01.jpg,data\processed\bfw\asian\n004948\0212_01.jpg,n004948,n004948,asian,asian,males,males,,,1,0.43588838,7.8087106,0.5641116
data\processed\bfw\asian\n009177\0370_01.jpg,data\processed\bfw\asian\n009177\0626_01.jpg,n009177,n009177,asian,asian,females,females,,,1,0.46580178,7.9143133,0.5341982
data\processed\bfw\asian\n000840\0025_01.jpg,data\processed\bfw\asian\n000161\0338_01.jpg,n000840,n000161,asian,asian,females,males,,,0,0.16881248,10.6993475,0.8311875
data\processed\bfw\asian\n006126\0423_01.jpg,data\processed\bfw\asian\n004469\0048_02.jpg,n006126,n004469,asian,asian,females,males,,,0,0.08826086,11.561028,0.9117391
data\processed\bfw\asian\n002644\0054_01.jpg,data\processed\bfw\asian\n002644\0319_01.jpg,n002644,n002644,asian,asian,males,males,,,1,0.225712,9.584654,0.774288
data\processed\bfw\asian\n003467\0094_01.jpg,data\processed\bfw\asian\n003467\0130_03.jpg,n003467,n003467,asian,asian,females,females,,,1,0.33661872,9.382043,0.6633813
data\processed\bfw\asian\n003824\0097_01.jpg,data\processed\bfw\asian\n008978\0138_01.jpg,n003824,n008978,asian,asian,females,females,,,0,0.24667953,12.71116,0.75332046
data\processed\bfw\asian\n004467\0226_01.jpg,data\processed\bfw\asian\n004467\0227_04.jpg,n004467,n004467,asian,asian,males,males,,,1,0.39873576,10.2401705,0.60126424
data\processed\bfw\asian\n009276\0046_16.jpg,data\processed\bfw\asian\n004864\0229_01.jpg,n009276,n004864,asian,asian,females,females,,,0,0.39044797,9.5056,0.609552
data\processed\bfw\asian\n004549\0027_02.jpg,data\processed\bfw\asian\n006774\0111_01.jpg,n004549,n006774,asian,asian,females,females,,,0,0.32695386,11.120464,0.6730461
data\processed\bfw\asian\n009103\0161_01.jpg,data\processed\bfw\asian\n009103\0291_01.jpg,n009103,n009103,asian,asian,females,females,,,1,0.45295045,8.131612,0.5470495
data\processed\bfw\asian\n006148\0040_01.jpg,data\processed\bfw\asian\n006223\0148_01.jpg,n006148,n006223,asian,asian,females,females,,,0,0.24106616,10.519086,0.75893384
data\processed\bfw\asian\n007664\0158_01.jpg,data\processed\bfw\asian\n003155\0052_02.jpg,n007664,n003155,asian,asian,females,males,,,0,0.07674965,11.9814005,0.9232503
data\processed\bfw\asian\n006222\0001_01.jpg,data\processed\bfw\asian\n006222\0312_01.jpg,n006222,n006222,asian,asian,females,females,,,1,0.15074137,12.609385,0.84925866
data\processed\bfw\asian\n003482\0155_05.jpg,data\processed\bfw\asian\n006203\0224_01.jpg,n003482,n006203,asian,asian,males,females,,,0,-0.07410567,12.381779,1.0741056
data\processed\bfw\asian\n009288\0063_01.jpg,data\processed\bfw\asian\n009288\0175_01.jpg,n009288,n009288,asian,asian,females,females,,,1,0.21468891,11.482556,0.7853111
data\processed\bfw\asian\n009275\0273_01.jpg,data\processed\bfw\asian\n006344\0166_01.jpg,n009275,n006344,asian,asian,females,females,,,0,0.21296678,11.056124,0.7870332
data\processed\bfw\asian\n004860\0567_02.jpg,data\processed\bfw\asian\n004467\0186_01.jpg,n004860,n004467,asian,asian,females,males,,,0,0.07526886,10.356124,0.92473114
data\processed\bfw\asian\n009137\0278_01.jpg,data\processed\bfw\asian\n009137\0521_02.jpg,n009137,n009137,asian,asian,females,females,,,1,0.33989406,9.259095,0.66010594
data\processed\bfw\asian\n009278\0026_01.jpg,data\processed\bfw\asian\n009278\0180_01.jpg,n009278,n009278,asian,asian,females,females,,,1,0.14358768,11.489249,0.8564123
data\processed\bfw\asian\n003463\0152_01.jpg,data\processed\bfw\asian\n001976\0221_02.jpg,n003463,n001976,asian,asian,males,males,,,0,0.22916168,9.702983,0.7708383
data\processed\bfw\asian\n009277\0018_01.jpg,data\processed\bfw\asian\n009277\0578_02.jpg,n009277,n009277,asian,asian,females,females,,,1,0.25944465,10.842321,0.74055535
data\processed\bfw\asian\n004785\0139_01.jpg,data\processed\bfw\asian\n004785\0211_01.jpg,n004785,n004785,asian,asian,females,females,,,1,0.483063,9.242756,0.516937
data\processed\bfw\asian\n008383\0068_01.jpg,data\processed\bfw\asian\n009278\0192_01.jpg,n008383,n009278,asian,asian,females,females,,,0,0.20822619,11.958106,0.7917738
data\processed\bfw\asian\n006222\0071_01.jpg,data\processed\bfw\asian\n006222\0177_02.jpg,n006222,n006222,asian,asian,females,females,,,1,0.4816879,9.153034,0.5183121
data\processed\bfw\asian\n004800\0419_04.jpg,data\processed\bfw\asian\n004800\0526_01.jpg,n004800,n004800,asian,asian,males,males,,,1,0.19704355,11.68868,0.80295646
data\processed\bfw\asian\n005378\0222_01.jpg,data\processed\bfw\asian\n005378\0370_01.jpg,n005378,n005378,asian,asian,females,females,,,1,0.3370098,10.1710415,0.6629902
data\processed\bfw\asian\n003357\0214_01.jpg,data\processed\bfw\asian\n009103\0724_01.jpg,n003357,n009103,asian,asian,females,females,,,0,0.12940767,9.522138,0.87059236
data\processed\bfw\asian\n004870\0063_01.jpg,data\processed\bfw\asian\n004805\0164_01.jpg,n004870,n004805,asian,asian,females,males,,,0,-0.009520745,11.406854,1.0095208
data\processed\bfw\asian\n003357\0168_01.jpg,data\processed\bfw\asian\n003357\0291_01.jpg,n003357,n003357,asian,asian,females,females,,,1,0.43935472,9.988871,0.5606453
data\processed\bfw\asian\n005085\0305_03.jpg,data\processed\bfw\asian\n001864\0078_01.jpg,n005085,n001864,asian,asian,females,males,,,0,0.110689245,11.82833,0.8893108
data\processed\bfw\asian\n004472\0206_01.jpg,data\processed\bfw\asian\n003156\0086_01.jpg,n004472,n003156,asian,asian,females,males,,,0,0.12647922,10.914789,0.8735208
data\processed\bfw\asian\n005216\0041_01.jpg,data\processed\bfw\asian\n001682\0251_02.jpg,n005216,n001682,asian,asian,females,males,,,0,0.070783935,12.22545,0.9292161
data\processed\bfw\asian\n009287\0250_04.jpg,data\processed\bfw\asian\n009287\0262_01.jpg,n009287,n009287,asian,asian,females,females,,,1,0.47376445,9.9751,0.5262356
data\processed\bfw\asian\n003355\0137_01.jpg,data\processed\bfw\asian\n002320\0224_01.jpg,n003355,n002320,asian,asian,males,males,,,0,0.15767355,11.042036,0.84232646
data\processed\bfw\asian\n003533\0101_02.jpg,data\processed\bfw\asian\n007816\0760_01.jpg,n003533,n007816,asian,asian,males,females,,,0,-0.09091533,12.150283,1.0909153
data\processed\bfw\asian\n005116\0002_01.jpg,data\processed\bfw\asian\n004930\0236_01.jpg,n005116,n004930,asian,asian,males,females,,,0,0.16607174,11.685864,0.8339282
data\processed\bfw\asian\n004936\0245_01.jpg,data\processed\bfw\asian\n000139\0311_01.jpg,n004936,n000139,asian,asian,females,females,,,0,-0.02229151,11.989044,1.0222915
data\processed\bfw\asian\n007738\0027_01.jpg,data\processed\bfw\asian\n003533\0062_02.jpg,n007738,n003533,asian,asian,females,males,,,0,0.058714934,12.661364,0.9412851
data\processed\bfw\asian\n007372\0078_01.jpg,data\processed\bfw\asian\n001496\0349_01.jpg,n007372,n001496,asian,asian,females,males,,,0,0.2205919,10.684307,0.7794081
data\processed\bfw\asian\n004108\0096_01.jpg,data\processed\bfw\asian\n004786\0088_03.jpg,n004108,n004786,asian,asian,males,females,,,0,0.1985976,12.069058,0.8014024
data\processed\bfw\asian\n003533\0100_02.jpg,data\processed\bfw\asian\n005216\0133_01.jpg,n003533,n005216,asian,asian,males,females,,,0,0.2542407,11.117451,0.7457593
data\processed\bfw\asian\n007270\0097_01.jpg,data\processed\bfw\asian\n007270\0682_01.jpg,n007270,n007270,asian,asian,females,females,,,1,0.58181953,7.8517084,0.41818047
data\processed\bfw\asian\n004467\0307_03.jpg,data\processed\bfw\asian\n003354\0058_01.jpg,n004467,n003354,asian,asian,males,females,,,0,-0.080309056,12.152482,1.080309
data\processed\bfw\asian\n004787\0101_03.jpg,data\processed\bfw\asian\n009042\0250_01.jpg,n004787,n009042,asian,asian,females,females,,,0,0.3044554,10.89479,0.6955446
data\processed\bfw\asian\n006633\0288_01.jpg,data\processed\bfw\asian\n006633\0489_03.jpg,n006633,n006633,asian,asian,females,females,,,1,0.38929638,8.309567,0.6107036
data\processed\bfw\asian\n009137\0492_01.jpg,data\processed\bfw\asian\n000158\0040_07.jpg,n009137,n000158,asian,asian,females,males,,,0,0.03922754,11.554604,0.96077245
data\processed\bfw\asian\n004725\0088_01.jpg,data\processed\bfw\asian\n004725\0341_01.jpg,n004725,n004725,asian,asian,males,males,,,1,0.25427836,12.132071,0.74572164
data\processed\bfw\asian\n006224\0067_01.jpg,data\processed\bfw\asian\n006224\0096_01.jpg,n006224,n006224,asian,asian,females,females,,,1,0.6516682,6.8287697,0.3483318
data\processed\bfw\asian\n003481\0053_02.jpg,data\processed\bfw\asian\n003481\0093_02.jpg,n003481,n003481,asian,asian,females,females,,,1,0.47426248,9.760664,0.5257375
data\processed\bfw\asian\n005116\0693_01.jpg,data\processed\bfw\asian\n006203\0009_04.jpg,n005116,n006203,asian,asian,males,females,,,0,0.22693418,9.875958,0.7730658
data\processed\bfw\asian\n004870\0033_01.jpg,data\processed\bfw\asian\n002775\0034_02.jpg,n004870,n002775,asian,asian,females,males,,,0,0.22086644,12.343745,0.77913356
data\processed\bfw\asian\n001682\0031_01.jpg,data\processed\bfw\asian\n001682\0041_01.jpg,n001682,n001682,asian,asian,males,males,,,1,0.7534322,7.427322,0.24656779
data\processed\bfw\asian\n001496\0149_01.jpg,data\processed\bfw\asian\n007899\0095_01.jpg,n001496,n007899,asian,asian,males,females,,,0,0.020597072,12.339887,0.9794029
data\processed\bfw\asian\n003465\0127_01.jpg,data\processed\bfw\asian\n003223\0006_01.jpg,n003465,n003223,asian,asian,males,males,,,0,0.08029272,11.913677,0.9197073
data\processed\bfw\asian\n003162\0034_01.jpg,data\processed\bfw\asian\n003162\0240_01.jpg,n003162,n003162,asian,asian,males,males,,,1,0.43798804,9.970376,0.56201196
data\processed\bfw\asian\n006418\0251_02.jpg,data\processed\bfw\asian\n006418\0377_02.jpg,n006418,n006418,asian,asian,females,females,,,1,0.1723909,10.399258,0.8276091
data\processed\bfw\asian\n004467\0227_04.jpg,data\processed\bfw\asian\n003167\0042_19.jpg,n004467,n003167,asian,asian,males,males,,,0,0.18381241,12.866656,0.8161876
data\processed\bfw\asian\n006774\0075_01.jpg,data\processed\bfw\asian\n004809\0506_01.jpg,n006774,n004809,asian,asian,females,males,,,0,0.18296489,11.675191,0.8170351
data\processed\bfw\asian\n003481\0054_01.jpg,data\processed\bfw\asian\n009294\0098_01.jpg,n003481,n009294,asian,asian,females,females,,,0,-0.012809618,13.170314,1.0128096
data\processed\bfw\asian\n008148\0137_01.jpg,data\processed\bfw\asian\n009041\0032_01.jpg,n008148,n009041,asian,asian,females,females,,,0,0.1299128,11.83018,0.8700872
data\processed\bfw\asian\n008163\0276_01.jpg,data\processed\bfw\asian\n003155\0989_02.jpg,n008163,n003155,asian,asian,females,males,,,0,0.0952263,11.879576,0.9047737
data\processed\bfw\asian\n005077\0052_01.jpg,data\processed\bfw\asian\n005077\0248_01.jpg,n005077,n005077,asian,asian,females,females,,,1,0.34360436,10.354849,0.6563957
data\processed\bfw\asian\n009103\0274_01.jpg,data\processed\bfw\asian\n001864\0112_03.jpg,n009103,n001864,asian,asian,females,males,,,0,0.18624103,10.762476,0.81375897
data\processed\bfw\asian\n003449\0073_01.jpg,data\processed\bfw\asian\n003449\0083_01.jpg,n003449,n003449,asian,asian,females,females,,,1,0.38256177,9.987143,0.6174382
data\processed\bfw\asian\n004785\0145_01.jpg,data\processed\bfw\asian\n004785\0167_02.jpg,n004785,n004785,asian,asian,females,females,,,1,0.47530633,9.10859,0.52469367
data\processed\bfw\asian\n003489\0005_01.jpg,data\processed\bfw\asian\n004721\0321_01.jpg,n003489,n004721,asian,asian,males,males,,,0,0.0670827,10.676676,0.9329173
data\processed\bfw\asian\n007899\0172_04.jpg,data\processed\bfw\asian\n007899\0212_01.jpg,n007899,n007899,asian,asian,females,females,,,1,0.3856866,9.485779,0.61431336
data\processed\bfw\asian\n004725\0041_01.jpg,data\processed\bfw\asian\n004725\0070_01.jpg,n004725,n004725,asian,asian,males,males,,,1,0.7046576,7.705295,0.2953424
data\processed\bfw\asian\n007372\0252_01.jpg,data\processed\bfw\asian\n000143\0272_01.jpg,n007372,n000143,asian,asian,females,females,,,0,0.04404986,9.809339,0.95595014
data\processed\bfw\asian\n000160\0111_01.jpg,data\processed\bfw\asian\n004549\0169_02.jpg,n000160,n004549,asian,asian,females,females,,,0,0.28739664,11.108825,0.71260333
data\processed\bfw\asian\n003635\0109_04.jpg,data\processed\bfw\asian\n002331\0029_01.jpg,n003635,n002331,asian,asian,males,males,,,0,0.037694365,13.682474,0.96230567
data\processed\bfw\asian\n003506\0319_01.jpg,data\processed\bfw\asian\n009287\0262_01.jpg,n003506,n009287,asian,asian,females,females,,,0,0.1646503,11.132188,0.8353497
data\processed\bfw\asian\n003824\0262_01.jpg,data\processed\bfw\asian\n004686\0271_01.jpg,n003824,n004686,asian,asian,females,males,,,0,-0.15466271,10.993254,1.1546627
data\processed\bfw\asian\n004687\0031_01.jpg,data\processed\bfw\asian\n004687\0319_02.jpg,n004687,n004687,asian,asian,females,females,,,1,0.33468613,10.563331,0.66531384
data\processed\bfw\asian\n001562\0165_02.jpg,data\processed\bfw\asian\n001562\0198_02.jpg,n001562,n001562,asian,asian,males,males,,,1,0.60428256,6.147118,0.39571744
data\processed\bfw\asian\n005083\0109_01.jpg,data\processed\bfw\asian\n005083\0358_01.jpg,n005083,n005083,asian,asian,females,females,,,1,0.678225,7.8667307,0.32177502
data\processed\bfw\asian\n003533\0172_01.jpg,data\processed\bfw\asian\n003533\0571_01.jpg,n003533,n003533,asian,asian,males,males,,,1,0.042184714,11.749317,0.9578153
data\processed\bfw\asian\n005078\0227_03.jpg,data\processed\bfw\asian\n005078\0663_03.jpg,n005078,n005078,asian,asian,males,males,,,1,0.068251215,12.089847,0.9317488
data\processed\bfw\asian\n007385\0432_01.jpg,data\processed\bfw\asian\n007385\0674_01.jpg,n007385,n007385,asian,asian,females,females,,,1,0.082269825,10.205462,0.91773015
data\processed\bfw\asian\n004686\0384_01.jpg,data\processed\bfw\asian\n005085\0401_01.jpg,n004686,n005085,asian,asian,males,females,,,0,0.044892184,10.785616,0.9551078
data\processed\bfw\asian\n003482\0021_02.jpg,data\processed\bfw\asian\n003482\0090_02.jpg,n003482,n003482,asian,asian,males,males,,,1,0.53941715,8.998153,0.46058285
data\processed\bfw\asian\n002552\0350_01.jpg,data\processed\bfw\asian\n000143\0406_01.jpg,n002552,n000143,asian,asian,males,females,,,0,0.083570264,10.898236,0.91642976
data\processed\bfw\asian\n004877\0317_02.jpg,data\processed\bfw\asian\n004785\0145_01.jpg,n004877,n004785,asian,asian,females,females,,,0,0.09006413,11.311534,0.9099359
data\processed\bfw\asian\n002725\0007_03.jpg,data\processed\bfw\asian\n003481\0215_01.jpg,n002725,n003481,asian,asian,females,females,,,0,0.26500344,12.354114,0.73499656
data\processed\bfw\asian\n004935\0038_01.jpg,data\processed\bfw\asian\n004935\0287_01.jpg,n004935,n004935,asian,asian,males,males,,,1,0.7351957,8.058476,0.2648043
data\processed\bfw\asian\n004930\0282_01.jpg,data\processed\bfw\asian\n007899\0084_02.jpg,n004930,n007899,asian,asian,females,females,,,0,0.21735579,11.5109005,0.7826442
data\processed\bfw\asian\n007380\0087_01.jpg,data\processed\bfw\asian\n004794\0015_01.jpg,n007380,n004794,asian,asian,females,males,,,0,0.14437652,10.099718,0.8556235
data\processed\bfw\asian\n003533\0574_01.jpg,data\processed\bfw\asian\n003533\0615_01.jpg,n003533,n003533,asian,asian,males,males,,,1,0.35682535,9.177329,0.64317465
data\processed\bfw\asian\n009279\0185_01.jpg,data\processed\bfw\asian\n009279\0393_04.jpg,n009279,n009279,asian,asian,females,females,,,1,0.18768974,10.684598,0.8123103
data\processed\bfw\asian\n005069\0022_01.jpg,data\processed\bfw\asian\n005069\0098_01.jpg,n005069,n005069,asian,asian,females,females,,,1,0.25904316,9.711736,0.74095684
data\processed\bfw\asian\n006203\0130_01.jpg,data\processed\bfw\asian\n006203\0148_03.jpg,n006203,n006203,asian,asian,females,females,,,1,0.0999794,9.489415,0.9000206
data\processed\bfw\asian\n004930\0044_01.jpg,data\processed\bfw\asian\n004930\0144_02.jpg,n004930,n004930,asian,asian,females,females,,,1,0.28894377,11.901189,0.71105623
data\processed\bfw\asian\n004108\0529_01.jpg,data\processed\bfw\asian\n008383\0138_01.jpg,n004108,n008383,asian,asian,males,females,,,0,0.15548806,10.424305,0.8445119
data\processed\bfw\asian\n000138\0067_01.jpg,data\processed\bfw\asian\n000840\0036_03.jpg,n000138,n000840,asian,asian,females,females,,,0,0.1325433,11.318894,0.8674567
data\processed\bfw\asian\n007380\0320_01.jpg,data\processed\bfw\asian\n007380\0525_01.jpg,n007380,n007380,asian,asian,females,females,,,1,0.24454994,7.837645,0.75545007
data\processed\bfw\asian\n004467\0504_01.jpg,data\processed\bfw\asian\n003357\0042_01.jpg,n004467,n003357,asian,asian,males,females,,,0,0.05271964,9.609495,0.94728035
data\processed\bfw\asian\n004794\0367_01.jpg,data\processed\bfw\asian\n004794\0644_01.jpg,n004794,n004794,asian,asian,males,males,,,1,0.19948822,10.684038,0.8005118
data\processed\bfw\asian\n000132\0234_01__face_0.jpg,data\processed\bfw\asian\n000132\0299_02__face_0.jpg,n000132,n000132,asian,asian,males,males,,,1,0.3836552,10.950112,0.6163448
data\processed\bfw\asian\n000839\0251_01.jpg,data\processed\bfw\asian\n003156\0119_01.jpg,n000839,n003156,asian,asian,females,males,,,0,-0.11602598,12.670627,1.1160259
data\processed\bfw\asian\n003358\0224_10.jpg,data\processed\bfw\asian\n001496\0133_01.jpg,n003358,n001496,asian,asian,females,males,,,0,0.11440402,9.975745,0.885596
data\processed\bfw\asian\n000838\0040_02.jpg,data\processed\bfw\asian\n000838\0066_01.jpg,n000838,n000838,asian,asian,females,females,,,1,0.2037408,10.117779,0.79625916
data\processed\bfw\asian\n000872\0109_01.jpg,data\processed\bfw\asian\n000872\0581_01.jpg,n000872,n000872,asian,asian,males,males,,,1,0.392726,10.264313,0.607274
data\processed\bfw\asian\n004108\0188_01.jpg,data\processed\bfw\asian\n004108\0239_01.jpg,n004108,n004108,asian,asian,males,males,,,1,0.08101747,11.065735,0.9189825
data\processed\bfw\asian\n008163\0035_02.jpg,data\processed\bfw\asian\n005078\0279_02.jpg,n008163,n005078,asian,asian,females,males,,,0,0.09831152,12.242218,0.90168846
data\processed\bfw\asian\n004791\0152_02.jpg,data\processed\bfw\asian\n006149\0086_01.jpg,n004791,n006149,asian,asian,males,females,,,0,0.12433196,9.420651,0.87566805
data\processed\bfw\asian\n007664\0065_01.jpg,data\processed\bfw\asian\n006223\0519_01.jpg,n007664,n006223,asian,asian,females,females,,,0,0.20980896,10.571016,0.79019105
data\processed\bfw\asian\n009148\0083_01.jpg,data\processed\bfw\asian\n007385\0469_01.jpg,n009148,n007385,asian,asian,females,females,,,0,0.17356233,11.174862,0.82643765
data\processed\bfw\asian\n002552\0040_01.jpg,data\processed\bfw\asian\n002552\0059_01.jpg,n002552,n002552,asian,asian,males,males,,,1,0.6275657,7.976731,0.37243432
data\processed\bfw\asian\n000840\0041_01.jpg,data\processed\bfw\asian\n004794\0019_03.jpg,n000840,n004794,asian,asian,females,males,,,0,-0.052261356,12.576356,1.0522614
data\processed\bfw\asian\n001562\0207_01.jpg,data\processed\bfw\asian\n000132\0054_01__face_0.jpg,n001562,n000132,asian,asian,males,males,,,0,0.008774851,12.744405,0.9912251
data\processed\bfw\asian\n004786\0795_01.jpg,data\processed\bfw\asian\n006148\0027_01.jpg,n004786,n006148,asian,asian,females,females,,,0,0.29228672,9.758056,0.70771325
data\processed\bfw\asian\n007372\0148_01.jpg,data\processed\bfw\asian\n007372\0247_01.jpg,n007372,n007372,asian,asian,females,females,,,1,0.4614352,9.239685,0.5385648
data\processed\bfw\asian\n006126\0179_01.jpg,data\processed\bfw\asian\n003467\0146_02.jpg,n006126,n003467,asian,asian,females,females,,,0,0.20767753,10.188629,0.79232246
data\processed\bfw\asian\n004785\0082_01.jpg,data\processed\bfw\asian\n004785\0357_02.jpg,n004785,n004785,asian,asian,females,females,,,1,0.5280149,9.050872,0.4719851
data\processed\bfw\asian\n009103\0291_01.jpg,data\processed\bfw\asian\n009103\0700_03.jpg,n009103,n009103,asian,asian,females,females,,,1,0.2574329,11.256304,0.74256706
data\processed\bfw\asian\n009125\0321_01.jpg,data\processed\bfw\asian\n009125\0363_01.jpg,n009125,n009125,asian,asian,females,females,,,1,0.43126428,8.231902,0.5687357
data\processed\bfw\asian\n004680\0175_01.jpg,data\processed\bfw\asian\n004680\0180_01.jpg,n004680,n004680,asian,asian,females,females,,,1,0.4995446,10.239841,0.5004554
data\processed\bfw\asian\n003162\0258_02.jpg,data\processed\bfw\asian\n003162\0459_01.jpg,n003162,n003162,asian,asian,males,males,,,1,-0.10755505,12.923773,1.107555
data\processed\bfw\asian\n005474\0110_01.jpg,data\processed\bfw\asian\n007664\0133_01.jpg,n005474,n007664,asian,asian,females,females,,,0,0.3114915,9.69786,0.6885085
data\processed\bfw\asian\n003162\0258_02.jpg,data\processed\bfw\asian\n003162\0508_01.jpg,n003162,n003162,asian,asian,males,males,,,1,-0.03624273,11.619719,1.0362427
data\processed\bfw\asian\n004786\0135_01.jpg,data\processed\bfw\asian\n004681\0233_01.jpg,n004786,n004681,asian,asian,females,males,,,0,-0.15552194,11.639403,1.155522
data\processed\bfw\asian\n003358\0149_01.jpg,data\processed\bfw\asian\n003167\0037_01.jpg,n003358,n003167,asian,asian,females,males,,,0,0.0044280184,14.218093,0.995572
data\processed\bfw\asian\n006148\0030_01.jpg,data\processed\bfw\asian\n006148\0595_02.jpg,n006148,n006148,asian,asian,females,females,,,1,0.44626734,8.995378,0.55373263
data\processed\bfw\asian\n000856\0012_01.jpg,data\processed\bfw\asian\n000856\0110_02.jpg,n000856,n000856,asian,asian,females,females,,,1,0.3820283,8.4518795,0.61797166
data\processed\bfw\asian\n009275\0238_02.jpg,data\processed\bfw\asian\n009275\0397_05.jpg,n009275,n009275,asian,asian,females,females,,,1,0.2585023,9.070484,0.7414977
data\processed\bfw\asian\n007738\0114_01.jpg,data\processed\bfw\asian\n007738\0158_02.jpg,n007738,n007738,asian,asian,females,females,,,1,0.41021997,10.208681,0.58978003
data\processed\bfw\asian\n007738\0158_02.jpg,data\processed\bfw\asian\n006634\0434_01.jpg,n007738,n006634,asian,asian,females,females,,,0,0.21012798,11.559208,0.78987205
data\processed\bfw\asian\n009103\0363_05.jpg,data\processed\bfw\asian\n009103\0657_02.jpg,n009103,n009103,asian,asian,females,females,,,1,0.35609534,10.441174,0.6439047
data\processed\bfw\asian\n004221\0081_01.jpg,data\processed\bfw\asian\n004221\0164_03.jpg,n004221,n004221,asian,asian,males,males,,,1,0.65503794,8.922115,0.34496206
data\processed\bfw\asian\n004948\0241_01.jpg,data\processed\bfw\asian\n000135\0045_01.jpg,n004948,n000135,asian,asian,males,females,,,0,0.23712152,10.6996355,0.7628785
data\processed\bfw\asian\n001572\0329_01.jpg,data\processed\bfw\asian\n004472\0053_01.jpg,n001572,n004472,asian,asian,females,females,,,0,0.29698345,10.370433,0.7030165
data\processed\bfw\asian\n007738\0058_02.jpg,data\processed\bfw\asian\n009279\0243_03.jpg,n007738,n009279,asian,asian,females,females,,,0,0.35306758,11.192122,0.6469324
data\processed\bfw\asian\n008934\0050_01.jpg,data\processed\bfw\asian\n008934\0128_01.jpg,n008934,n008934,asian,asian,females,females,,,1,0.42738724,9.923869,0.57261276
data\processed\bfw\asian\n006358\0054_02.jpg,data\processed\bfw\asian\n003557\0459_01.jpg,n006358,n003557,asian,asian,females,females,,,0,0.009183746,12.97586,0.99081624
data\processed\bfw\asian\n006774\0048_01.jpg,data\processed\bfw\asian\n006774\0156_01.jpg,n006774,n006774,asian,asian,females,females,,,1,0.27723825,12.603227,0.72276175
data\processed\bfw\asian\n002509\0095_01.jpg,data\processed\bfw\asian\n004860\0155_01.jpg,n002509,n004860,asian,asian,females,females,,,0,0.08068785,12.308115,0.9193121
data\processed\bfw\asian\n004681\0020_01.jpg,data\processed\bfw\asian\n005072\0606_01.jpg,n004681,n005072,asian,asian,males,males,,,0,0.2630089,11.885557,0.7369911
data\processed\bfw\asian\n004794\0019_03.jpg,data\processed\bfw\asian\n004794\0143_01.jpg,n004794,n004794,asian,asian,males,males,,,1,0.16296113,10.557948,0.8370389
data\processed\bfw\asian\n009177\0232_01.jpg,data\processed\bfw\asian\n009177\0294_02.jpg,n009177,n009177,asian,asian,females,females,,,1,0.42860335,7.9097924,0.57139665
data\processed\bfw\asian\n007814\0098_01.jpg,data\processed\bfw\asian\n007814\0135_01.jpg,n007814,n007814,asian,asian,females,females,,,1,0.4410821,9.504738,0.5589179
data\processed\bfw\asian\n000143\0368_01.jpg,data\processed\bfw\asian\n004794\0540_01.jpg,n000143,n004794,asian,asian,females,males,,,0,-0.08208988,12.330652,1.0820899
data\processed\bfw\asian\n003223\0070_02.jpg,data\processed\bfw\asian\n003223\0185_01.jpg,n003223,n003223,asian,asian,males,males,,,1,0.30487525,10.141698,0.69512475
data\processed\bfw\asian\n001976\0077_02.jpg,data\processed\bfw\asian\n001976\0198_01.jpg,n001976,n001976,asian,asian,males,males,,,1,0.57704073,7.985985,0.42295927
data\processed\bfw\asian\n000837\0046_02.jpg,data\processed\bfw\asian\n004469\0124_01.jpg,n000837,n004469,asian,asian,females,males,,,0,0.09683054,12.323216,0.90316945
data\processed\bfw\asian\n009148\0022_01.jpg,data\processed\bfw\asian\n009148\0063_01.jpg,n009148,n009148,asian,asian,females,females,,,1,0.6177865,8.538857,0.38221347
data\processed\bfw\asian\n001496\0127_01.jpg,data\processed\bfw\asian\n003167\0240_01.jpg,n001496,n003167,asian,asian,males,males,,,0,0.20235072,11.914824,0.79764926
data\processed\bfw\asian\n006634\0034_01.jpg,data\processed\bfw\asian\n006634\0090_01.jpg,n006634,n006634,asian,asian,females,females,,,1,0.5941453,8.338945,0.4058547
data\processed\bfw\asian\n006222\0122_01.jpg,data\processed\bfw\asian\n007270\0097_01.jpg,n006222,n007270,asian,asian,females,females,,,0,0.0952984,12.572588,0.9047016
data\processed\bfw\asian\n008934\0050_01.jpg,data\processed\bfw\asian\n008934\0108_01.jpg,n008934,n008934,asian,asian,females,females,,,1,0.7355823,7.588509,0.2644177
data\processed\bfw\asian\n003354\0036_01.jpg,data\processed\bfw\asian\n009276\0159_02.jpg,n003354,n009276,asian,asian,females,females,,,0,0.16122216,10.738652,0.83877784
data\processed\bfw\asian\n003635\0012_02.jpg,data\processed\bfw\asian\n003635\0624_01.jpg,n003635,n003635,asian,asian,males,males,,,1,0.681944,7.6487722,0.318056
data\processed\bfw\asian\n005085\0270_01.jpg,data\processed\bfw\asian\n005085\0285_01.jpg,n005085,n005085,asian,asian,females,females,,,1,0.21207726,9.812018,0.78792274
data\processed\bfw\asian\n003463\0125_01.jpg,data\processed\bfw\asian\n000873\0061_01.jpg,n003463,n000873,asian,asian,males,males,,,0,0.0303825,12.446429,0.9696175
data\processed\bfw\asian\n000856\0053_01.jpg,data\processed\bfw\asian\n007372\0152_01.jpg,n000856,n007372,asian,asian,females,females,,,0,0.23901251,10.853969,0.7609875
data\processed\bfw\asian\n004467\0638_01.jpg,data\processed\bfw\asian\n000135\0255_01.jpg,n004467,n000135,asian,asian,males,females,,,0,0.10433707,11.129399,0.8956629
data\processed\bfw\asian\n007089\0105_01.jpg,data\processed\bfw\asian\n003358\0318_01.jpg,n007089,n003358,asian,asian,females,females,,,0,0.10345154,12.001045,0.89654845
data\processed\bfw\asian\n000160\0075_01.jpg,data\processed\bfw\asian\n005116\0064_04.jpg,n000160,n005116,asian,asian,females,males,,,0,0.034584716,12.117717,0.9654153
data\processed\bfw\asian\n004721\0200_01.jpg,data\processed\bfw\asian\n004721\0505_01.jpg,n004721,n004721,asian,asian,males,males,,,1,0.44666854,9.335987,0.5533315
data\processed\bfw\asian\n006418\0023_01.jpg,data\processed\bfw\asian\n006418\0129_01.jpg,n006418,n006418,asian,asian,females,females,,,1,0.318333,9.342388,0.681667
data\processed\bfw\asian\n003465\0047_01.jpg,data\processed\bfw\asian\n001496\0128_03.jpg,n003465,n001496,asian,asian,males,males,,,0,0.19559443,11.4777355,0.80440557
data\processed\bfw\asian\n002331\0003_02.jpg,data\processed\bfw\asian\n002331\0035_03.jpg,n002331,n002331,asian,asian,males,males,,,1,0.59216005,8.948743,0.40783995
data\processed\bfw\asian\n009279\0185_01.jpg,data\processed\bfw\asian\n004725\0006_01.jpg,n009279,n004725,asian,asian,females,males,,,0,0.018105166,13.287726,0.98189485
data\processed\bfw\asian\n004680\0008_01.jpg,data\processed\bfw\asian\n004680\0185_01.jpg,n004680,n004680,asian,asian,females,females,,,1,0.48658907,8.600948,0.5134109
data\processed\bfw\asian\n009125\0051_02.jpg,data\processed\bfw\asian\n009125\0209_01.jpg,n009125,n009125,asian,asian,females,females,,,1,0.5096811,8.805805,0.4903189
data\processed\bfw\asian\n004472\0083_01.jpg,data\processed\bfw\asian\n009041\0118_01.jpg,n004472,n009041,asian,asian,females,females,,,0,0.21297345,10.435854,0.7870265
data\processed\bfw\asian\n000160\0111_01.jpg,data\processed\bfw\asian\n000160\0278_01.jpg,n000160,n000160,asian,asian,females,females,,,1,0.36649424,8.619375,0.63350576
data\processed\bfw\asian\n003027\0047_01.jpg,data\processed\bfw\asian\n004472\0295_03.jpg,n003027,n004472,asian,asian,males,females,,,0,0.11260214,13.740772,0.8873979
data\processed\bfw\asian\n004794\0124_03.jpg,data\processed\bfw\asian\n005063\0231_02.jpg,n004794,n005063,asian,asian,males,females,,,0,0.056770775,12.084398,0.9432292
data\processed\bfw\asian\n003467\0130_03.jpg,data\processed\bfw\asian\n003354\0098_01.jpg,n003467,n003354,asian,asian,females,females,,,0,0.13820434,11.811954,0.86179566
data\processed\bfw\asian\n000161\0338_01.jpg,data\processed\bfw\asian\n001976\0028_01.jpg,n000161,n001976,asian,asian,males,males,,,0,0.18756574,9.047188,0.81243426
data\processed\bfw\asian\n002552\0156_02.jpg,data\processed\bfw\asian\n006126\0197_01.jpg,n002552,n006126,asian,asian,males,females,,,0,0.096224345,12.309103,0.90377563
data\processed\bfw\asian\n002552\0400_01.jpg,data\processed\bfw\asian\n002552\0532_01.jpg,n002552,n002552,asian,asian,males,males,,,1,0.21801388,10.363176,0.7819861
data\processed\bfw\asian\n004870\0098_01.jpg,data\processed\bfw\asian\n006148\0074_01.jpg,n004870,n006148,asian,asian,females,females,,,0,-0.007101858,11.450631,1.0071019
data\processed\bfw\asian\n000158\0005_05.jpg,data\processed\bfw\asian\n000158\0211_05.jpg,n000158,n000158,asian,asian,males,males,,,1,0.48795658,9.972234,0.5120434
data\processed\bfw\asian\n009275\0323_03.jpg,data\processed\bfw\asian\n007664\0810_01.jpg,n009275,n007664,asian,asian,females,females,,,0,0.30069357,10.686486,0.6993064
data\processed\bfw\asian\n004469\0043_05.jpg,data\processed\bfw\asian\n004469\0140_03.jpg,n004469,n004469,asian,asian,males,males,,,1,0.68810993,8.183406,0.31189007
data\processed\bfw\asian\n003449\0118_08.jpg,data\processed\bfw\asian\n003449\0197_01.jpg,n003449,n003449,asian,asian,females,females,,,1,0.2561252,10.978529,0.7438748
data\processed\bfw\asian\n006418\0075_02.jpg,data\processed\bfw\asian\n006418\0377_02.jpg,n006418,n006418,asian,asian,females,females,,,1,0.3146116,9.019942,0.6853884
data\processed\bfw\asian\n003162\0188_01.jpg,data\processed\bfw\asian\n003162\0379_02.jpg,n003162,n003162,asian,asian,males,males,,,1,0.51630956,9.662126,0.48369044
data\processed\bfw\asian\n004469\0048_02.jpg,data\processed\bfw\asian\n002406\0253_01.jpg,n004469,n002406,asian,asian,males,males,,,0,-0.070707396,13.635276,1.0707074
data\processed\bfw\asian\n001496\0133_01.jpg,data\processed\bfw\asian\n006633\0489_04.jpg,n001496,n006633,asian,asian,males,females,,,0,0.1424687,9.844185,0.8575313
data\processed\bfw\asian\n000856\0044_01.jpg,data\processed\bfw\asian\n001562\0110_02.jpg,n000856,n001562,asian,asian,females,males,,,0,0.06174355,12.004619,0.93825644
data\processed\bfw\asian\n006149\0275_01.jpg,data\processed\bfw\asian\n006203\0088_01.jpg,n006149,n006203,asian,asian,females,females,,,0,0.23611513,9.111702,0.7638849
data\processed\bfw\asian\n000135\0039_04.jpg,data\processed\bfw\asian\n000135\0101_01.jpg,n000135,n000135,asian,asian,females,females,,,1,0.055923473,11.073557,0.94407654
data\processed\bfw\asian\n004800\0281_01.jpg,data\processed\bfw\asian\n004794\0143_01.jpg,n004800,n004794,asian,asian,males,males,,,0,0.1710733,8.884722,0.8289267
data\processed\bfw\asian\n003354\0078_01.jpg,data\processed\bfw\asian\n003354\0346_02.jpg,n003354,n003354,asian,asian,females,females,,,1,0.20752697,10.109078,0.792473
data\processed\bfw\asian\n000837\0233_03.jpg,data\processed\bfw\asian\n009288\0063_01.jpg,n000837,n009288,asian,asian,females,females,,,0,0.2027623,11.150018,0.7972377
data\processed\bfw\asian\n006418\1052_03.jpg,data\processed\bfw\asian\n005078\0091_03.jpg,n006418,n005078,asian,asian,females,males,,,0,0.14489645,12.363392,0.85510355
data\processed\bfw\asian\n004787\0692_01.jpg,data\processed\bfw\asian\n000161\0141_02.jpg,n004787,n000161,asian,asian,females,males,,,0,0.14585158,11.4534645,0.8541484
data\processed\bfw\asian\n007738\0172_01.jpg,data\processed\bfw\asian\n007738\0239_01.jpg,n007738,n007738,asian,asian,females,females,,,1,0.54505515,9.397447,0.45494485
data\processed\bfw\asian\n004787\0264_01.jpg,data\processed\bfw\asian\n004787\0357_01.jpg,n004787,n004787,asian,asian,females,females,,,1,0.51304835,9.527255,0.48695165
data\processed\bfw\asian\n004467\0227_04.jpg,data\processed\bfw\asian\n000139\0304_02.jpg,n004467,n000139,asian,asian,males,females,,,0,0.24894406,11.439296,0.75105596
data\processed\bfw\asian\n004936\0275_01.jpg,data\processed\bfw\asian\n004936\0469_01.jpg,n004936,n004936,asian,asian,females,females,,,1,0.22041455,9.987461,0.7795855
data\processed\bfw\asian\n002509\0243_01.jpg,data\processed\bfw\asian\n009177\0024_01.jpg,n002509,n009177,asian,asian,females,females,,,0,0.29457012,9.878616,0.7054299
data\processed\bfw\asian\n000839\0197_01.jpg,data\processed\bfw\asian\n004794\0255_01.jpg,n000839,n004794,asian,asian,females,males,,,0,0.21433617,11.30957,0.78566384
data\processed\bfw\asian\n004549\0213_01.jpg,data\processed\bfw\asian\n004936\0102_01.jpg,n004549,n004936,asian,asian,females,females,,,0,0.15728596,11.989523,0.8427141
data\processed\bfw\asian\n004860\0091_02.jpg,data\processed\bfw\asian\n004860\0107_01.jpg,n004860,n004860,asian,asian,females,females,,,1,0.39732936,9.09605,0.60267067
data\processed\bfw\asian\n000138\0078_01.jpg,data\processed\bfw\asian\n003482\0098_01.jpg,n000138,n003482,asian,asian,females,males,,,0,-0.06638384,13.40649,1.0663838
data\processed\bfw\asian\n005069\0135_01.jpg,data\processed\bfw\asian\n005069\0234_01.jpg,n005069,n005069,asian,asian,females,females,,,1,0.13126884,9.309837,0.86873114
data\processed\bfw\asian\n003027\0028_01.jpg,data\processed\bfw\asian\n003027\0098_01.jpg,n003027,n003027,asian,asian,males,males,,,1,0.61718386,9.74892,0.38281614
data\processed\bfw\asian\n004469\0092_01.jpg,data\processed\bfw\asian\n004681\0206_01.jpg,n004469,n004681,asian,asian,males,males,,,0,0.36226034,10.32533,0.63773966
data\processed\bfw\asian\n004472\0093_01.jpg,data\processed\bfw\asian\n004472\0485_01.jpg,n004472,n004472,asian,asian,females,females,,,1,0.28394845,10.29377,0.7160516
data\processed\bfw\asian\n007372\0091_01.jpg,data\processed\bfw\asian\n007372\0112_05.jpg,n007372,n007372,asian,asian,females,females,,,1,0.5935024,8.038247,0.4064976
data\processed\bfw\asian\n004948\0212_01.jpg,data\processed\bfw\asian\n004948\0401_02.jpg,n004948,n004948,asian,asian,males,males,,,1,0.07263025,9.2513685,0.9273698
data\processed\bfw\asian\n004800\0390_01.jpg,data\processed\bfw\asian\n003449\0072_01.jpg,n004800,n003449,asian,asian,males,females,,,0,0.3419891,9.099611,0.6580109
data\processed\bfw\asian\n009294\0031_03.jpg,data\processed\bfw\asian\n004108\0104_01.jpg,n009294,n004108,asian,asian,females,males,,,0,0.19204354,10.497421,0.80795646
data\processed\bfw\asian\n004467\0504_01.jpg,data\processed\bfw\asian\n000856\0079_01.jpg,n004467,n000856,asian,asian,males,females,,,0,-0.21037681,9.937936,1.2103769
data\processed\bfw\asian\n008401\0166_01.jpg,data\processed\bfw\asian\n008401\0334_01.jpg,n008401,n008401,asian,asian,females,females,,,1,0.42269924,10.417471,0.5773008
data\processed\bfw\asian\n006774\0048_01.jpg,data\processed\bfw\asian\n000132\0299_02__face_0.jpg,n006774,n000132,asian,asian,females,males,,,0,-0.070919864,14.25872,1.0709199
data\processed\bfw\asian\n009279\0021_01.jpg,data\processed\bfw\asian\n009279\0025_01.jpg,n009279,n009279,asian,asian,females,females,,,1,0.53610736,9.478671,0.46389264
data\processed\bfw\asian\n005071\0136_02.jpg,data\processed\bfw\asian\n005071\0258_01.jpg,n005071,n005071,asian,asian,males,males,,,1,0.24474362,11.516646,0.7552564
data\processed\bfw\asian\n005078\0202_01.jpg,data\processed\bfw\asian\n005078\0298_01.jpg,n005078,n005078,asian,asian,males,males,,,1,0.29740894,10.753145,0.70259106
data\processed\bfw\asian\n005063\0083_01.jpg,data\processed\bfw\asian\n005063\0085_01.jpg,n005063,n005063,asian,asian,females,females,,,1,0.63258564,7.178686,0.36741436
data\processed\bfw\asian\n000148\0306_01.jpg,data\processed\bfw\asian\n006149\0197_02.jpg,n000148,n006149,asian,asian,females,females,,,0,0.1954928,12.137768,0.8045072
data\processed\bfw\asian\n003153\0069_02.jpg,data\processed\bfw\asian\n003153\0250_01.jpg,n003153,n003153,asian,asian,females,females,,,1,0.57581806,9.00016,0.42418194
data\processed\bfw\asian\n000872\0188_01.jpg,data\processed\bfw\asian\n007814\0048_01.jpg,n000872,n007814,asian,asian,males,females,,,0,-0.008995975,12.337781,1.008996
data\processed\bfw\asian\n000148\0016_01.jpg,data\processed\bfw\asian\n000148\0207_01.jpg,n000148,n000148,asian,asian,females,females,,,1,0.15955168,10.7481985,0.8404483
data\processed\bfw\asian\n009288\0180_01.jpg,data\processed\bfw\asian\n009275\0049_01.jpg,n009288,n009275,asian,asian,females,females,,,0,0.12452053,11.410139,0.87547946
data\processed\bfw\asian\n006774\0084_01.jpg,data\processed\bfw\asian\n006126\0474_01.jpg,n006774,n006126,asian,asian,females,females,,,0,0.18400013,13.846771,0.81599987
data\processed\bfw\asian\n003506\0014_01.jpg,data\processed\bfw\asian\n003506\0177_01.jpg,n003506,n003506,asian,asian,females,females,,,1,0.55848193,8.891989,0.44151807
data\processed\bfw\asian\n009277\0031_01.jpg,data\processed\bfw\asian\n009277\0496_01.jpg,n009277,n009277,asian,asian,females,females,,,1,0.13807651,11.0590925,0.86192346
data\processed\bfw\asian\n009287\0029_01.jpg,data\processed\bfw\asian\n009287\0256_04.jpg,n009287,n009287,asian,asian,females,females,,,1,0.10814591,13.998649,0.8918541
data\processed\bfw\asian\n009288\0107_01.jpg,data\processed\bfw\asian\n003357\0001_01.jpg,n009288,n003357,asian,asian,females,females,,,0,0.05617208,12.126752,0.9438279
data\processed\bfw\asian\n000148\0306_01.jpg,data\processed\bfw\asian\n000148\0353_01.jpg,n000148,n000148,asian,asian,females,females,,,1,0.41958848,10.852627,0.58041155
data\processed\bfw\asian\n004860\0059_01.jpg,data\processed\bfw\asian\n004794\0163_01.jpg,n004860,n004794,asian,asian,females,males,,,0,0.12980223,10.25613,0.8701978
data\processed\bfw\asian\n004680\0007_01.jpg,data\processed\bfw\asian\n004680\0180_01.jpg,n004680,n004680,asian,asian,females,females,,,1,0.35018992,11.360073,0.6498101
data\processed\bfw\asian\n004860\0091_02.jpg,data\processed\bfw\asian\n004860\0171_07.jpg,n004860,n004860,asian,asian,females,females,,,1,0.39396515,9.343059,0.6060349
data\processed\bfw\asian\n000137\0051_02.jpg,data\processed\bfw\asian\n009041\0091_06.jpg,n000137,n009041,asian,asian,females,females,,,0,0.065775104,14.172935,0.9342249
data\processed\bfw\asian\n001864\0071_01.jpg,data\processed\bfw\asian\n004877\0073_01.jpg,n001864,n004877,asian,asian,males,females,,,0,0.016464466,11.390919,0.9835355
data\processed\bfw\asian\n003467\0118_01.jpg,data\processed\bfw\asian\n000139\0016_01.jpg,n003467,n000139,asian,asian,females,females,,,0,0.25131452,11.777139,0.7486855
data\processed\bfw\asian\n000854\0228_01.jpg,data\processed\bfw\asian\n000854\0543_01.jpg,n000854,n000854,asian,asian,females,females,,,1,0.19076,9.142504,0.80924
data\processed\bfw\asian\n006149\0153_01.jpg,data\processed\bfw\asian\n001976\0100_02.jpg,n006149,n001976,asian,asian,females,males,,,0,0.11197623,10.909903,0.8880238
data\processed\bfw\asian\n004948\0034_01.jpg,data\processed\bfw\asian\n003449\0210_04.jpg,n004948,n003449,asian,asian,males,females,,,0,0.09597971,12.306689,0.9040203
data\processed\bfw\asian\n009287\0143_01.jpg,data\processed\bfw\asian\n005077\0020_01.jpg,n009287,n005077,asian,asian,females,females,,,0,0.1566189,12.030054,0.8433811
data\processed\bfw\asian\n006774\0130_01.jpg,data\processed\bfw\asian\n006203\0092_06.jpg,n006774,n006203,asian,asian,females,females,,,0,0.14490497,11.429395,0.855095
data\processed\bfw\asian\n000143\0002_01.jpg,data\processed\bfw\asian\n005077\0052_01.jpg,n000143,n005077,asian,asian,females,females,,,0,0.43516383,9.803304,0.56483614
data\processed\bfw\asian\n004936\0469_01.jpg,data\processed\bfw\asian\n003506\0115_01.jpg,n004936,n003506,asian,asian,females,females,,,0,0.21179394,10.971374,0.78820604
data\processed\bfw\asian\n005378\0090_01.jpg,data\processed\bfw\asian\n005378\0222_01.jpg,n005378,n005378,asian,asian,females,females,,,1,0.627339,8.4924555,0.372661
data\processed\bfw\asian\n003533\0080_02.jpg,data\processed\bfw\asian\n003533\0574_01.jpg,n003533,n003533,asian,asian,males,males,,,1,0.5279791,9.807051,0.47202092
data\processed\bfw\asian\n003481\0194_01.jpg,data\processed\bfw\asian\n003481\0345_01.jpg,n003481,n003481,asian,asian,females,females,,,1,0.17095846,10.955561,0.82904154
data\processed\bfw\asian\n005378\0255_01.jpg,data\processed\bfw\asian\n004467\0087_01.jpg,n005378,n004467,asian,asian,females,males,,,0,0.08340283,12.194886,0.9165972
data\processed\bfw\asian\n004948\0241_01.jpg,data\processed\bfw\asian\n009103\0291_01.jpg,n004948,n009103,asian,asian,males,females,,,0,0.10098136,10.1175785,0.89901865
data\processed\bfw\asian\n006418\0377_02.jpg,data\processed\bfw\asian\n005177\0045_01.jpg,n006418,n005177,asian,asian,females,males,,,0,0.081337236,11.781513,0.9186628
data\processed\bfw\asian\n004472\0332_01.jpg,data\processed\bfw\asian\n002775\0121_01.jpg,n004472,n002775,asian,asian,females,males,,,0,-0.027376808,13.79984,1.0273768
data\processed\bfw\asian\n003533\0050_01.jpg,data\processed\bfw\asian\n000135\0034_01.jpg,n003533,n000135,asian,asian,males,females,,,0,0.023155542,12.753735,0.97684443
data\processed\bfw\asian\n005078\0024_01.jpg,data\processed\bfw\asian\n009279\0025_01.jpg,n005078,n009279,asian,asian,males,females,,,0,0.07722608,11.936899,0.9227739
data\processed\bfw\asian\n004469\0092_01.jpg,data\processed\bfw\asian\n003533\0100_02.jpg,n004469,n003533,asian,asian,males,males,,,0,0.23364396,11.89243,0.76635605
data\processed\bfw\asian\n003355\0056_01.jpg,data\processed\bfw\asian\n003355\0620_01.jpg,n003355,n003355,asian,asian,males,males,,,1,0.47931677,7.7219763,0.5206832
data\processed\bfw\asian\n007814\0079_01.jpg,data\processed\bfw\asian\n006126\0128_01.jpg,n007814,n006126,asian,asian,females,females,,,0,0.25419185,10.644776,0.7458081
data\processed\bfw\asian\n005063\0027_01.jpg,data\processed\bfw\asian\n006358\0347_02.jpg,n005063,n006358,asian,asian,females,females,,,0,0.25577235,10.78455,0.74422765
data\processed\bfw\asian\n003463\0223_02.jpg,data\processed\bfw\asian\n004472\0484_01.jpg,n003463,n004472,asian,asian,males,females,,,0,0.1030515,10.952022,0.8969485
data\processed\bfw\asian\n004805\0065_01.jpg,data\processed\bfw\asian\n004805\0612_01.jpg,n004805,n004805,asian,asian,males,males,,,1,0.3495551,9.281068,0.65044487
data\processed\bfw\asian\n005077\0094_01.jpg,data\processed\bfw\asian\n005077\0246_01.jpg,n005077,n005077,asian,asian,females,females,,,1,0.27973098,10.574899,0.720269
data\processed\bfw\asian\n000009\0010_01.jpg,data\processed\bfw\asian\n006223\0126_01.jpg,n000009,n006223,asian,asian,females,females,,,0,0.6078472,7.539692,0.3921528
data\processed\bfw\asian\n006148\0031_01.jpg,data\processed\bfw\asian\n006148\0400_01.jpg,n006148,n006148,asian,asian,females,females,,,1,-0.039711595,11.702218,1.0397116
data\processed\bfw\asian\n003557\0088_04.jpg,data\processed\bfw\asian\n003557\0118_01.jpg,n003557,n003557,asian,asian,females,females,,,1,0.4714765,8.353416,0.5285235
data\processed\bfw\asian\n002644\0298_01.jpg,data\processed\bfw\asian\n002644\0497_02.jpg,n002644,n002644,asian,asian,males,males,,,1,0.19908878,9.806288,0.8009112
data\processed\bfw\asian\n005077\0079_01.jpg,data\processed\bfw\asian\n005077\0199_01.jpg,n005077,n005077,asian,asian,females,females,,,1,0.29366255,9.073513,0.70633745
data\processed\bfw\asian\n007664\0053_01.jpg,data\processed\bfw\asian\n005216\0236_01.jpg,n007664,n005216,asian,asian,females,females,,,0,0.23452212,10.027871,0.7654779
data\processed\bfw\asian\n006358\0076_01.jpg,data\processed\bfw\asian\n006358\0125_01.jpg,n006358,n006358,asian,asian,females,females,,,1,0.34558132,11.485037,0.6544187
data\processed\bfw\asian\n005078\0295_03.jpg,data\processed\bfw\asian\n007816\0279_01.jpg,n005078,n007816,asian,asian,males,females,,,0,-0.02013192,10.119272,1.020132
data\processed\bfw\asian\n000148\0390_01.jpg,data\processed\bfw\asian\n000148\0408_01.jpg,n000148,n000148,asian,asian,females,females,,,1,0.010693191,12.283755,0.9893068
data\processed\bfw\asian\n003489\0046_02.jpg,data\processed\bfw\asian\n003489\0323_01.jpg,n003489,n003489,asian,asian,males,males,,,1,0.11046931,11.925065,0.88953066
data\processed\bfw\asian\n005085\0679_01.jpg,data\processed\bfw\asian\n004936\0757_01.jpg,n005085,n004936,asian,asian,females,females,,,0,0.13379033,10.056036,0.8662097
data\processed\bfw\asian\n008163\0022_02.jpg,data\processed\bfw\asian\n008163\0229_01.jpg,n008163,n008163,asian,asian,females,females,,,1,0.58489984,8.383027,0.41510016
data\processed\bfw\asian\n005063\0100_01.jpg,data\processed\bfw\asian\n006619\0098_01.jpg,n005063,n006619,asian,asian,females,females,,,0,0.19615011,9.225863,0.8038499
data\processed\bfw\asian\n000139\0112_02.jpg,data\processed\bfw\asian\n000139\0298_01.jpg,n000139,n000139,asian,asian,females,females,,,1,0.20424534,10.445767,0.7957547
data\processed\bfw\asian\n009277\0020_01.jpg,data\processed\bfw\asian\n000840\0036_01.jpg,n009277,n000840,asian,asian,females,females,,,0,0.24809912,9.425298,0.7519009
data\processed\bfw\asian\n002406\0048_02.jpg,data\processed\bfw\asian\n002406\0253_01.jpg,n002406,n002406,asian,asian,males,males,,,1,0.16565162,10.100224,0.8343484
data\processed\bfw\asian\n000873\0068_01.jpg,data\processed\bfw\asian\n000873\0119_01.jpg,n000873,n000873,asian,asian,males,males,,,1,0.37489876,9.910214,0.6251012
data\processed\bfw\asian\n004687\0226_01.jpg,data\processed\bfw\asian\n004221\0114_02.jpg,n004687,n004221,asian,asian,females,males,,,0,0.048613787,14.095146,0.9513862
data\processed\bfw\asian\n008148\0206_01.jpg,data\processed\bfw\asian\n008148\0246_01.jpg,n008148,n008148,asian,asian,females,females,,,1,0.4044724,11.076064,0.5955276
data\processed\bfw\asian\n005116\0041_01.jpg,data\processed\bfw\asian\n005116\0134_02.jpg,n005116,n005116,asian,asian,males,males,,,1,0.667637,6.942878,0.332363
data\processed\bfw\asian\n009148\0017_01.jpg,data\processed\bfw\asian\n009148\0141_02.jpg,n009148,n009148,asian,asian,females,females,,,1,0.06369202,12.540822,0.93630797
data\processed\bfw\asian\n005085\0061_01.jpg,data\processed\bfw\asian\n005085\0401_01.jpg,n005085,n005085,asian,asian,females,females,,,1,0.23605542,10.787154,0.76394457
data\processed\bfw\asian\n005072\0258_01.jpg,data\processed\bfw\asian\n006159\0007_01.jpg,n005072,n006159,asian,asian,males,females,,,0,-0.09481565,14.698173,1.0948156
data\processed\bfw\asian\n003465\0158_01.jpg,data\processed\bfw\asian\n003557\0217_01.jpg,n003465,n003557,asian,asian,males,females,,,0,0.19658487,11.507163,0.8034151
data\processed\bfw\asian\n007089\0040_03.jpg,data\processed\bfw\asian\n007089\0432_04.jpg,n007089,n007089,asian,asian,females,females,,,1,0.5552378,9.248502,0.44476217
data\processed\bfw\asian\n006633\0522_02.jpg,data\processed\bfw\asian\n006358\0085_04.jpg,n006633,n006358,asian,asian,females,females,,,0,0.24274819,11.938438,0.7572518
data\processed\bfw\asian\n005378\0294_01.jpg,data\processed\bfw\asian\n007378\0474_01.jpg,n005378,n007378,asian,asian,females,females,,,0,0.090971485,11.121149,0.90902853
data\processed\bfw\asian\n000161\0136_01.jpg,data\processed\bfw\asian\n003167\0240_01.jpg,n000161,n003167,asian,asian,males,males,,,0,-0.022689894,11.79661,1.0226899
data\processed\bfw\asian\n009103\0161_01.jpg,data\processed\bfw\asian\n009103\0274_01.jpg,n009103,n009103,asian,asian,females,females,,,1,0.32007673,9.915593,0.6799233
data\processed\bfw\asian\n000854\0019_02.jpg,data\processed\bfw\asian\n000854\0249_01.jpg,n000854,n000854,asian,asian,females,females,,,1,0.35171655,9.889712,0.6482835
data\processed\bfw\asian\n005077\0054_01.jpg,data\processed\bfw\asian\n005077\0212_01.jpg,n005077,n005077,asian,asian,females,females,,,1,0.23074265,10.220864,0.76925737
data\processed\bfw\asian\n004109\0032_02.jpg,data\processed\bfw\asian\n001976\0458_02.jpg,n004109,n001976,asian,asian,males,males,,,0,0.15716991,10.262004,0.84283006
data\processed\bfw\asian\n005077\0063_01.jpg,data\processed\bfw\asian\n007664\0153_01.jpg,n005077,n007664,asian,asian,females,females,,,0,0.27109346,11.22199,0.7289065
data\processed\bfw\asian\n003467\0118_01.jpg,data\processed\bfw\asian\n000009\0243_01.jpg,n003467,n000009,asian,asian,females,females,,,0,0.08102547,11.823227,0.9189745
data\processed\bfw\asian\n004469\0807_01.jpg,data\processed\bfw\asian\n000856\0044_01.jpg,n004469,n000856,asian,asian,males,females,,,0,0.16076276,11.226534,0.8392372
data\processed\bfw\asian\n000873\0556_01.jpg,data\processed\bfw\asian\n009125\0034_01.jpg,n000873,n009125,asian,asian,males,females,,,0,0.020306125,10.909383,0.9796939
data\processed\bfw\asian\n007664\0053_01.jpg,data\processed\bfw\asian\n001976\0077_02.jpg,n007664,n001976,asian,asian,females,males,,,0,0.18846057,10.967024,0.8115394
data\processed\bfw\asian\n000139\0216_01.jpg,data\processed\bfw\asian\n000139\0309_01.jpg,n000139,n000139,asian,asian,females,females,,,1,0.31844702,10.827445,0.681553
data\processed\bfw\asian\n004108\0401_02.jpg,data\processed\bfw\asian\n004469\0043_05.jpg,n004108,n004469,asian,asian,males,males,,,0,0.1692005,13.042688,0.8307995
data\processed\bfw\asian\n004805\0065_01.jpg,data\processed\bfw\asian\n004805\0263_06.jpg,n004805,n004805,asian,asian,males,males,,,1,0.039700937,10.556341,0.9602991
data\processed\bfw\asian\n004809\0013_12.jpg,data\processed\bfw\asian\n004809\0345_01.jpg,n004809,n004809,asian,asian,males,males,,,1,0.33633238,10.233067,0.6636676
data\processed\bfw\asian\n005474\0145_02.jpg,data\processed\bfw\asian\n005474\0162_02.jpg,n005474,n005474,asian,asian,females,females,,,1,0.38576955,8.637504,0.61423045
data\processed\bfw\asian\n006203\0092_06.jpg,data\processed\bfw\asian\n002320\0272_03.jpg,n006203,n002320,asian,asian,females,males,,,0,0.0076902644,11.580063,0.99230975
data\processed\bfw\asian\n004686\0085_01.jpg,data\processed\bfw\asian\n004686\0157_01.jpg,n004686,n004686,asian,asian,males,males,,,1,0.39824528,9.993139,0.6017547
data\processed\bfw\asian\n003481\0053_02.jpg,data\processed\bfw\asian\n006222\0339_01.jpg,n003481,n006222,asian,asian,females,females,,,0,0.10128733,13.004788,0.8987127
data\processed\bfw\asian\n000872\0137_01.jpg,data\processed\bfw\asian\n000837\0020_01.jpg,n000872,n000837,asian,asian,males,females,,,0,-0.08976817,13.809674,1.0897682
data\processed\bfw\asian\n002406\0253_01.jpg,data\processed\bfw\asian\n005474\0239_01.jpg,n002406,n005474,asian,asian,males,females,,,0,0.06648202,10.684176,0.933518
data\processed\bfw\asian\n008148\0029_01.jpg,data\processed\bfw\asian\n008148\0244_01.jpg,n008148,n008148,asian,asian,females,females,,,1,0.27891648,10.504347,0.7210835
data\processed\bfw\asian\n006222\0122_01.jpg,data\processed\bfw\asian\n003288\0446_01.jpg,n006222,n003288,asian,asian,females,females,,,0,0.0013336049,11.686464,0.9986664
data\processed\bfw\asian\n004870\0007_01.jpg,data\processed\bfw\asian\n005072\0151_01.jpg,n004870,n005072,asian,asian,females,males,,,0,0.2037909,12.396348,0.7962091
data\processed\bfw\asian\n009288\0293_01.jpg,data\processed\bfw\asian\n004809\0117_01.jpg,n009288,n004809,asian,asian,females,males,,,0,0.15590991,9.987333,0.8440901
data\processed\bfw\asian\n007738\0058_02.jpg,data\processed\bfw\asian\n007738\0499_01.jpg,n007738,n007738,asian,asian,females,females,,,1,0.64605993,8.388895,0.35394007
data\processed\bfw\asian\n004108\0188_01.jpg,data\processed\bfw\asian\n009103\0106_01.jpg,n004108,n009103,asian,asian,males,females,,,0,0.053843,12.817094,0.946157
data\processed\bfw\asian\n000838\0035_01.jpg,data\processed\bfw\asian\n009137\0182_02.jpg,n000838,n009137,asian,asian,females,females,,,0,0.22908737,10.760405,0.77091265
data\processed\bfw\asian\n006633\0025_05.jpg,data\processed\bfw\asian\n006633\0299_01.jpg,n006633,n006633,asian,asian,females,females,,,1,0.33832222,10.75686,0.6616778
data\processed\bfw\asian\n009041\0562_01.jpg,data\processed\bfw\asian\n009275\0238_02.jpg,n009041,n009275,asian,asian,females,females,,,0,0.010815713,10.838765,0.98918426
data\processed\bfw\asian\n002552\0532_01.jpg,data\processed\bfw\asian\n004785\0603_01.jpg,n002552,n004785,asian,asian,males,females,,,0,0.11697641,9.997221,0.8830236
data\processed\bfw\asian\n004472\0057_02.jpg,data\processed\bfw\asian\n004472\0258_01.jpg,n004472,n004472,asian,asian,females,females,,,1,0.2706339,9.924547,0.72936606
data\processed\bfw\asian\n004466\0137_01.jpg,data\processed\bfw\asian\n004221\0155_01.jpg,n004466,n004221,asian,asian,males,males,,,0,0.03341064,13.167103,0.96658933
data\processed\bfw\asian\n003449\0210_04.jpg,data\processed\bfw\asian\n007899\0172_04.jpg,n003449,n007899,asian,asian,females,females,,,0,0.4078063,11.043234,0.5921937
data\processed\bfw\asian\n008163\0041_01.jpg,data\processed\bfw\asian\n008163\0645_01.jpg,n008163,n008163,asian,asian,females,females,,,1,0.3781254,9.215088,0.6218746
data\processed\bfw\asian\n006125\0129_01.jpg,data\processed\bfw\asian\n006125\0215_01.jpg,n006125,n006125,asian,asian,females,females,,,1,0.29399127,9.237565,0.70600873
data\processed\bfw\asian\n005063\0249_05.jpg,data\processed\bfw\asian\n002320\0044_02.jpg,n005063,n002320,asian,asian,females,males,,,0,0.14480942,12.878966,0.8551906
data\processed\bfw\asian\n003358\0166_01.jpg,data\processed\bfw\asian\n003358\0224_10.jpg,n003358,n003358,asian,asian,females,females,,,1,0.514385,7.8908696,0.48561502
data\processed\bfw\asian\n004785\0153_01.jpg,data\processed\bfw\asian\n003506\0019_01.jpg,n004785,n003506,asian,asian,females,females,,,0,0.29967564,11.042879,0.70032436
data\processed\bfw\asian\n000143\0069_01.jpg,data\processed\bfw\asian\n000839\0251_01.jpg,n000143,n000839,asian,asian,females,females,,,0,0.116670564,11.925899,0.88332945
data\processed\bfw\asian\n000856\0044_01.jpg,data\processed\bfw\asian\n000856\0098_01.jpg,n000856,n000856,asian,asian,females,females,,,1,0.43454978,8.529782,0.5654502
data\processed\bfw\asian\n004680\0158_01.jpg,data\processed\bfw\asian\n006148\0074_01.jpg,n004680,n006148,asian,asian,females,females,,,0,0.043220844,8.855852,0.9567792
data\processed\bfw\asian\n006159\0085_01.jpg,data\processed\bfw\asian\n006159\0113_02.jpg,n006159,n006159,asian,asian,females,females,,,1,0.6703592,8.842456,0.3296408
data\processed\bfw\asian\n004681\0206_01.jpg,data\processed\bfw\asian\n005378\0409_02.jpg,n004681,n005378,asian,asian,males,females,,,0,-0.01646775,13.220384,1.0164678
data\processed\bfw\asian\n004109\0032_02.jpg,data\processed\bfw\asian\n004109\0100_01.jpg,n004109,n004109,asian,asian,males,males,,,1,0.18777643,11.4065895,0.81222355
data\processed\bfw\asian\n002406\0103_01.jpg,data\processed\bfw\asian\n002406\0156_01.jpg,n002406,n002406,asian,asian,males,males,,,1,0.5883326,7.669015,0.4116674
data\processed\bfw\asian\n006224\0053_01.jpg,data\processed\bfw\asian\n006224\0116_01.jpg,n006224,n006224,asian,asian,females,females,,,1,0.38052666,7.67504,0.61947334
data\processed\bfw\asian\n008148\0040_01.jpg,data\processed\bfw\asian\n003357\0074_01.jpg,n008148,n003357,asian,asian,females,females,,,0,0.12483697,11.179506,0.875163
data\processed\bfw\asian\n004948\0651_01.jpg,data\processed\bfw\asian\n009294\0083_01.jpg,n004948,n009294,asian,asian,males,females,,,0,-0.019147651,12.341108,1.0191476
data\processed\bfw\asian\n003162\0188_01.jpg,data\processed\bfw\asian\n004877\0084_01.jpg,n003162,n004877,asian,asian,males,females,,,0,0.1564579,13.493281,0.8435421
data\processed\bfw\asian\n005078\0134_01.jpg,data\processed\bfw\asian\n009288\0068_01.jpg,n005078,n009288,asian,asian,males,females,,,0,0.21857262,10.771806,0.7814274
data\processed\bfw\asian\n000160\0007_01.jpg,data\processed\bfw\asian\n004800\0866_03.jpg,n000160,n004800,asian,asian,females,males,,,0,0.22493319,11.140679,0.7750668
data\processed\bfw\asian\n005063\0302_06.jpg,data\processed\bfw\asian\n005063\0414_06.jpg,n005063,n005063,asian,asian,females,females,,,1,0.29458088,11.45749,0.7054191
data\processed\bfw\asian\n000856\0134_02.jpg,data\processed\bfw\asian\n008401\0097_02.jpg,n000856,n008401,asian,asian,females,females,,,0,-0.046752304,12.998911,1.0467523
data\processed\bfw\asian\n003449\0001_01.jpg,data\processed\bfw\asian\n003449\0180_01.jpg,n003449,n003449,asian,asian,females,females,,,1,0.2954261,11.038323,0.70457387
data\processed\bfw\asian\n006418\0140_02.jpg,data\processed\bfw\asian\n006418\1052_03.jpg,n006418,n006418,asian,asian,females,females,,,1,0.2808287,9.547761,0.7191713
data\processed\bfw\asian\n003557\0086_01.jpg,data\processed\bfw\asian\n000160\0075_01.jpg,n003557,n000160,asian,asian,females,females,,,0,0.011381166,12.063721,0.98861885
data\processed\bfw\asian\n006224\0053_01.jpg,data\processed\bfw\asian\n006224\0164_01.jpg,n006224,n006224,asian,asian,females,females,,,1,0.44620398,8.167079,0.55379605
data\processed\bfw\asian\n004680\0175_01.jpg,data\processed\bfw\asian\n006418\0165_02.jpg,n004680,n006418,asian,asian,females,females,,,0,0.0527774,12.675957,0.9472226
data\processed\bfw\asian\n003489\0094_01.jpg,data\processed\bfw\asian\n003489\0109_01.jpg,n003489,n003489,asian,asian,males,males,,,1,0.46828333,9.508797,0.5317167
data\processed\bfw\asian\n005069\0019_01.jpg,data\processed\bfw\asian\n005069\0502_02.jpg,n005069,n005069,asian,asian,females,females,,,1,-0.007876291,11.443175,1.0078763
data\processed\bfw\asian\n000009\0012_01.jpg,data\processed\bfw\asian\n000009\0188_01.jpg,n000009,n000009,asian,asian,females,females,,,1,0.20723167,11.422436,0.79276836
data\processed\bfw\asian\n003635\0089_02.jpg,data\processed\bfw\asian\n003635\0156_01.jpg,n003635,n003635,asian,asian,males,males,,,1,0.5238458,8.387419,0.4761542
data\processed\bfw\asian\n006344\0314_01.jpg,data\processed\bfw\asian\n006344\0413_01.jpg,n006344,n006344,asian,asian,females,females,,,1,0.39016291,8.670504,0.60983706
data\processed\bfw\asian\n000873\0075_01.jpg,data\processed\bfw\asian\n009288\0293_01.jpg,n000873,n009288,asian,asian,males,females,,,0,0.16848512,10.733244,0.8315149
data\processed\bfw\asian\n006633\0056_01.jpg,data\processed\bfw\asian\n009148\0033_01.jpg,n006633,n009148,asian,asian,females,females,,,0,0.2547253,9.8959465,0.74527466
data\processed\bfw\asian\n008148\0025_01.jpg,data\processed\bfw\asian\n008148\0073_01.jpg,n008148,n008148,asian,asian,females,females,,,1,0.503701,9.346001,0.49629903
data\processed\bfw\asian\n003465\0023_06.jpg,data\processed\bfw\asian\n003465\0303_01.jpg,n003465,n003465,asian,asian,males,males,,,1,0.24028982,6.974517,0.7597102
data\processed\bfw\asian\n004467\0016_01.jpg,data\processed\bfw\asian\n003465\0234_01.jpg,n004467,n003465,asian,asian,males,males,,,0,0.13778988,11.230989,0.86221015
data\processed\bfw\asian\n000138\0129_03.jpg,data\processed\bfw\asian\n005063\0042_01.jpg,n000138,n005063,asian,asian,females,females,,,0,0.24909663,10.151791,0.75090337
data\processed\bfw\asian\n003288\0078_01.jpg,data\processed\bfw\asian\n003288\0165_11.jpg,n003288,n003288,asian,asian,females,females,,,1,0.4582471,7.868556,0.54175293
data\processed\bfw\asian\n006203\0430_01.jpg,data\processed\bfw\asian\n006203\0663_02.jpg,n006203,n006203,asian,asian,females,females,,,1,0.41034806,8.214418,0.58965194
data\processed\bfw\asian\n007380\0168_01.jpg,data\processed\bfw\asian\n005071\0182_01.jpg,n007380,n005071,asian,asian,females,males,,,0,0.03755022,12.440163,0.9624498
data\processed\bfw\asian\n004877\0441_01.jpg,data\processed\bfw\asian\n003155\0362_03.jpg,n004877,n003155,asian,asian,females,males,,,0,0.04236931,12.56124,0.9576307
data\processed\bfw\asian\n003027\0028_01.jpg,data\processed\bfw\asian\n003027\0223_01.jpg,n003027,n003027,asian,asian,males,males,,,1,0.49759966,10.633964,0.50240034
data\processed\bfw\asian\n009148\0003_01.jpg,data\processed\bfw\asian\n005085\0224_01.jpg,n009148,n005085,asian,asian,females,females,,,0,0.028201472,13.132736,0.97179854
data\processed\bfw\asian\n007738\0329_02.jpg,data\processed\bfw\asian\n007738\0336_02.jpg,n007738,n007738,asian,asian,females,females,,,1,0.09113363,11.994618,0.90886635
data\processed\bfw\asian\n003357\0117_01.jpg,data\processed\bfw\asian\n003357\0422_01.jpg,n003357,n003357,asian,asian,females,females,,,1,0.2443421,9.984705,0.7556579
data\processed\bfw\asian\n008401\0294_01.jpg,data\processed\bfw\asian\n002644\0997_01.jpg,n008401,n002644,asian,asian,females,males,,,0,0.12459539,13.729786,0.8754046
data\processed\bfw\asian\n006634\0279_02.jpg,data\processed\bfw\asian\n004786\0097_02.jpg,n006634,n004786,asian,asian,females,females,,,0,0.044435784,12.032152,0.9555642
data\processed\bfw\asian\n003288\0446_01.jpg,data\processed\bfw\asian\n003288\0572_01.jpg,n003288,n003288,asian,asian,females,females,,,1,0.21566638,9.54862,0.7843336
data\processed\bfw\asian\n000143\0044_01.jpg,data\processed\bfw\asian\n005378\0421_01.jpg,n000143,n005378,asian,asian,females,females,,,0,0.22788528,10.140795,0.77211475
data\processed\bfw\asian\n007899\0126_03.jpg,data\processed\bfw\asian\n001682\0029_01.jpg,n007899,n001682,asian,asian,females,males,,,0,-0.042406548,14.794015,1.0424066
data\processed\bfw\asian\n008148\0029_01.jpg,data\processed\bfw\asian\n008148\0251_01.jpg,n008148,n008148,asian,asian,females,females,,,1,0.054632105,11.726312,0.9453679
data\processed\bfw\asian\n007089\0016_01.jpg,data\processed\bfw\asian\n007089\0229_01.jpg,n007089,n007089,asian,asian,females,females,,,1,0.38175774,11.054432,0.61824226
data\processed\bfw\asian\n000837\0182_01.jpg,data\processed\bfw\asian\n000837\0193_01.jpg,n000837,n000837,asian,asian,females,females,,,1,0.25472453,11.562599,0.7452755
data\processed\bfw\asian\n006203\0022_01.jpg,data\processed\bfw\asian\n006203\0066_01.jpg,n006203,n006203,asian,asian,females,females,,,1,0.54149944,7.8530297,0.45850056
data\processed\bfw\asian\n004109\0199_01.jpg,data\processed\bfw\asian\n004109\0273_01.jpg,n004109,n004109,asian,asian,males,males,,,1,0.51021546,9.547181,0.48978454
data\processed\bfw\asian\n000009\0013_01.jpg,data\processed\bfw\asian\n000009\0216_01.jpg,n000009,n000009,asian,asian,females,females,,,1,0.19205908,12.606405,0.8079409
data\processed\bfw\asian\n007378\0019_01.jpg,data\processed\bfw\asian\n006736\0438_01.jpg,n007378,n006736,asian,asian,females,females,,,0,0.23879711,10.294364,0.7612029
data\processed\bfw\asian\n003481\0194_01.jpg,data\processed\bfw\asian\n003481\0407_04.jpg,n003481,n003481,asian,asian,females,females,,,1,0.4946203,8.767466,0.5053797
data\processed\bfw\asian\n002725\0086_01.jpg,data\processed\bfw\asian\n002725\0486_03.jpg,n002725,n002725,asian,asian,females,females,,,1,0.4597819,9.872567,0.5402181
data\processed\bfw\asian\n003557\0206_01.jpg,data\processed\bfw\asian\n004785\0357_02.jpg,n003557,n004785,asian,asian,females,females,,,0,0.3626209,9.898294,0.6373791
data\processed\bfw\asian\n003481\0022_02.jpg,data\processed\bfw\asian\n003481\0107_01.jpg,n003481,n003481,asian,asian,females,females,,,1,0.55905163,8.819411,0.44094837
data\processed\bfw\asian\n006736\0099_01.jpg,data\processed\bfw\asian\n006736\0367_01.jpg,n006736,n006736,asian,asian,females,females,,,1,0.55176127,8.633792,0.44823873
data\processed\bfw\asian\n004108\0024_02.jpg,data\processed\bfw\asian\n009276\0034_09.jpg,n004108,n009276,asian,asian,males,females,,,0,0.250262,11.420625,0.749738
data\processed\bfw\asian\n006125\0058_01.jpg,data\processed\bfw\asian\n006125\0113_01.jpg,n006125,n006125,asian,asian,females,females,,,1,0.33528405,10.017373,0.66471595
data\processed\bfw\asian\n005446\0205_02.jpg,data\processed\bfw\asian\n005446\0473_01.jpg,n005446,n005446,asian,asian,females,females,,,1,0.4824651,8.965935,0.5175349
data\processed\bfw\asian\n005177\0004_01.jpg,data\processed\bfw\asian\n005177\0032_01.jpg,n005177,n005177,asian,asian,males,males,,,1,0.69585353,7.2990522,0.30414647
data\processed\bfw\asian\n003506\0324_01.jpg,data\processed\bfw\asian\n000148\0365_01.jpg,n003506,n000148,asian,asian,females,females,,,0,0.1575948,12.822682,0.8424052
data\processed\bfw\asian\n000158\0066_01.jpg,data\processed\bfw\asian\n000158\0211_05.jpg,n000158,n000158,asian,asian,males,males,,,1,0.6334811,8.064282,0.3665189
data\processed\bfw\asian\n005083\0120_01.jpg,data\processed\bfw\asian\n006736\0203_01.jpg,n005083,n006736,asian,asian,females,females,,,0,0.08753484,12.538621,0.91246516
data\processed\bfw\asian\n005446\0279_01.jpg,data\processed\bfw\asian\n009277\0013_02.jpg,n005446,n009277,asian,asian,females,females,,,0,0.22951807,10.321031,0.77048194
data\processed\bfw\asian\n003465\0553_01.jpg,data\processed\bfw\asian\n003162\0259_01.jpg,n003465,n003162,asian,asian,males,males,,,0,0.09518097,12.105699,0.904819
data\processed\bfw\asian\n001562\0081_01.jpg,data\processed\bfw\asian\n001562\0092_02.jpg,n001562,n001562,asian,asian,males,males,,,1,0.2741109,9.424507,0.7258891
data\processed\bfw\asian\n004469\0038_01.jpg,data\processed\bfw\asian\n004805\0157_04.jpg,n004469,n004805,asian,asian,males,males,,,0,-0.023681479,11.996873,1.0236815
data\processed\bfw\asian\n000873\0052_01.jpg,data\processed\bfw\asian\n004860\0155_01.jpg,n000873,n004860,asian,asian,males,females,,,0,0.15155753,10.206902,0.84844244
data\processed\bfw\asian\n000143\0014_01.jpg,data\processed\bfw\asian\n000143\0709_01.jpg,n000143,n000143,asian,asian,females,females,,,1,0.46700287,7.9960184,0.53299713
data\processed\bfw\asian\n006736\0108_01.jpg,data\processed\bfw\asian\n006736\0367_01.jpg,n006736,n006736,asian,asian,females,females,,,1,0.5756417,9.73279,0.4243583
data\processed\bfw\asian\n004800\0111_01.jpg,data\processed\bfw\asian\n003355\0145_04.jpg,n004800,n003355,asian,asian,males,males,,,0,0.25194487,10.256051,0.7480551
data\processed\bfw\asian\n005063\0302_06.jpg,data\processed\bfw\asian\n005063\0577_01.jpg,n005063,n005063,asian,asian,females,females,,,1,0.17097071,11.7891655,0.8290293
data\processed\bfw\asian\n003027\0223_01.jpg,data\processed\bfw\asian\n003027\0374_01.jpg,n003027,n003027,asian,asian,males,males,,,1,0.57861316,9.209578,0.42138684
data\processed\bfw\asian\n006344\0012_01.jpg,data\processed\bfw\asian\n006344\0051_03.jpg,n006344,n006344,asian,asian,females,females,,,1,0.4056257,9.177567,0.5943743
data\processed\bfw\asian\n004935\0287_01.jpg,data\processed\bfw\asian\n003162\0289_01.jpg,n004935,n003162,asian,asian,males,males,,,0,0.018564148,13.339761,0.98143584
data\processed\bfw\asian\n004725\0088_01.jpg,data\processed\bfw\asian\n004725\0230_01.jpg,n004725,n004725,asian,asian,males,males,,,1,0.22101876,13.05982,0.7789812
data\processed\bfw\asian\n002320\0248_06.jpg,data\processed\bfw\asian\n002320\0316_02.jpg,n002320,n002320,asian,asian,males,males,,,1,0.14296237,10.356165,0.85703766
data\processed\bfw\asian\n004787\0101_02.jpg,data\processed\bfw\asian\n004787\0657_03.jpg,n004787,n004787,asian,asian,females,females,,,1,0.41375485,10.211605,0.5862452
data\processed\bfw\asian\n004860\0097_01.jpg,data\processed\bfw\asian\n004860\0346_03.jpg,n004860,n004860,asian,asian,females,females,,,1,0.24897352,10.007193,0.7510265
data\processed\bfw\asian\n006125\0179_13.jpg,data\processed\bfw\asian\n003491\0114_03.jpg,n006125,n003491,asian,asian,females,males,,,0,-0.08497019,12.045432,1.0849702
data\processed\bfw\asian\n005069\0559_02.jpg,data\processed\bfw\asian\n000838\0247_01.jpg,n005069,n000838,asian,asian,females,females,,,0,0.10085878,11.497227,0.8991412
data\processed\bfw\asian\n003223\0398_02.jpg,data\processed\bfw\asian\n003027\0170_01.jpg,n003223,n003027,asian,asian,males,males,,,0,0.0007613384,15.091154,0.99923867
data\processed\bfw\asian\n004787\0128_01.jpg,data\processed\bfw\asian\n004791\0416_01.jpg,n004787,n004791,asian,asian,females,males,,,0,0.11507444,10.563458,0.88492554
data\processed\bfw\asian\n007899\0126_03.jpg,data\processed\bfw\asian\n002406\0536_04.jpg,n007899,n002406,asian,asian,females,males,,,0,0.23217918,11.597664,0.76782084
data\processed\bfw\asian\n000856\0102_01.jpg,data\processed\bfw\asian\n009125\0371_01.jpg,n000856,n009125,asian,asian,females,females,,,0,0.0632092,10.963614,0.9367908
data\processed\bfw\asian\n007385\0124_02.jpg,data\processed\bfw\asian\n003557\0086_01.jpg,n007385,n003557,asian,asian,females,females,,,0,0.3238411,10.581811,0.6761589
data\processed\bfw\asian\n005085\0001_01.jpg,data\processed\bfw\asian\n005216\0220_01.jpg,n005085,n005216,asian,asian,females,females,,,0,0.2774134,10.494097,0.72258663
data\processed\bfw\asian\n006358\0094_01.jpg,data\processed\bfw\asian\n006358\0327_02.jpg,n006358,n006358,asian,asian,females,females,,,1,0.40326688,9.472448,0.5967331
data\processed\bfw\asian\n004680\0008_01.jpg,data\processed\bfw\asian\n004680\0178_01.jpg,n004680,n004680,asian,asian,females,females,,,1,0.20485477,11.048972,0.7951452
data\processed\bfw\asian\n003027\0161_01.jpg,data\processed\bfw\asian\n003027\0470_01.jpg,n003027,n003027,asian,asian,males,males,,,1,0.5894335,8.852925,0.4105665
data\processed\bfw\asian\n002775\0015_01.jpg,data\processed\bfw\asian\n002775\0066_04.jpg,n002775,n002775,asian,asian,males,males,,,1,0.47396174,10.904364,0.5260383
data\processed\bfw\asian\n006203\0398_01.jpg,data\processed\bfw\asian\n006203\0724_01.jpg,n006203,n006203,asian,asian,females,females,,,1,0.3945724,8.718779,0.6054276
data\processed\bfw\asian\n004930\0078_01.jpg,data\processed\bfw\asian\n004930\0155_01.jpg,n004930,n004930,asian,asian,females,females,,,1,0.5972243,9.065967,0.4027757
data\processed\bfw\asian\n004930\0027_01.jpg,data\processed\bfw\asian\n004725\0061_02.jpg,n004930,n004725,asian,asian,females,males,,,0,0.0011116032,14.833077,0.9988884
data\processed\bfw\asian\n007899\0071_01.jpg,data\processed\bfw\asian\n007899\0172_04.jpg,n007899,n007899,asian,asian,females,females,,,1,0.23204923,10.192828,0.7679508
data\processed\bfw\asian\n003635\0606_02.jpg,data\processed\bfw\asian\n006634\0114_01.jpg,n003635,n006634,asian,asian,males,females,,,0,0.15281016,11.6363535,0.84718984
data\processed\bfw\asian\n003155\0362_03.jpg,data\processed\bfw\asian\n003155\1011_01.jpg,n003155,n003155,asian,asian,males,males,,,1,0.25846848,8.582629,0.7415315
data\processed\bfw\asian\n003357\0008_01.jpg,data\processed\bfw\asian\n007814\0175_01.jpg,n003357,n007814,asian,asian,females,females,,,0,0.2606716,9.086368,0.7393284
data\processed\bfw\asian\n000872\0181_01.jpg,data\processed\bfw\asian\n004466\0321_01.jpg,n000872,n004466,asian,asian,males,males,,,0,0.08098967,12.024128,0.91901034
data\processed\bfw\asian\n009277\0561_01.jpg,data\processed\bfw\asian\n002331\0035_03.jpg,n009277,n002331,asian,asian,females,males,,,0,0.12807612,11.454071,0.87192386
data\processed\bfw\asian\n009277\0091_01.jpg,data\processed\bfw\asian\n009277\0113_01.jpg,n009277,n009277,asian,asian,females,females,,,1,0.35634038,10.1595545,0.6436596
data\processed\bfw\asian\n007270\0682_01.jpg,data\processed\bfw\asian\n003557\0259_01.jpg,n007270,n003557,asian,asian,females,females,,,0,0.15742587,11.127261,0.8425741
data\processed\bfw\asian\n006418\0165_02.jpg,data\processed\bfw\asian\n006418\0235_01.jpg,n006418,n006418,asian,asian,females,females,,,1,0.35656598,9.531224,0.64343405
data\processed\bfw\asian\n009042\0015_01.jpg,data\processed\bfw\asian\n002775\0034_02.jpg,n009042,n002775,asian,asian,females,males,,,0,0.20985149,13.713147,0.7901485
data\processed\bfw\asian\n006358\0094_01.jpg,data\processed\bfw\asian\n006358\0148_01.jpg,n006358,n006358,asian,asian,females,females,,,1,0.46823457,9.440609,0.53176546
data\processed\bfw\asian\n003465\0127_01.jpg,data\processed\bfw\asian\n003465\0174_01.jpg,n003465,n003465,asian,asian,males,males,,,1,0.21907026,10.359328,0.78092974
data\processed\bfw\asian\n005077\0005_01.jpg,data\processed\bfw\asian\n005077\0054_01.jpg,n005077,n005077,asian,asian,females,females,,,1,0.5672692,6.541924,0.4327308
data\processed\bfw\asian\n004686\0085_01.jpg,data\processed\bfw\asian\n007814\0291_01.jpg,n004686,n007814,asian,asian,males,females,,,0,-0.07002333,11.003294,1.0700233
data\processed\bfw\asian\n008934\0119_01.jpg,data\processed\bfw\asian\n009125\0186_02.jpg,n008934,n009125,asian,asian,females,females,,,0,0.16020915,12.5953665,0.8397908
data\processed\bfw\asian\n007378\0036_01.jpg,data\processed\bfw\asian\n000436\0156_02.jpg,n007378,n000436,asian,asian,females,males,,,0,-0.102708444,12.0822525,1.1027085
data\processed\bfw\asian\n003463\0127_01.jpg,data\processed\bfw\asian\n006634\0118_01.jpg,n003463,n006634,asian,asian,males,females,,,0,0.05630006,9.034876,0.94369996
data\processed\bfw\asian\n000135\0039_04.jpg,data\processed\bfw\asian\n000135\0060_01.jpg,n000135,n000135,asian,asian,females,females,,,1,0.44982418,9.426904,0.5501758
data\processed\bfw\asian\n004467\0504_01.jpg,data\processed\bfw\asian\n004467\0656_01.jpg,n004467,n004467,asian,asian,males,males,,,1,0.14935362,9.464404,0.8506464
data\processed\bfw\asian\n008148\0110_01.jpg,data\processed\bfw\asian\n000135\0081_01.jpg,n008148,n000135,asian,asian,females,females,,,0,0.1803912,12.115446,0.8196088
data\processed\bfw\asian\n004109\0185_03.jpg,data\processed\bfw\asian\n004109\0525_02.jpg,n004109,n004109,asian,asian,males,males,,,1,0.5898308,8.25172,0.41016918
data\processed\bfw\asian\n006224\0069_07.jpg,data\processed\bfw\asian\n006224\0086_01.jpg,n006224,n006224,asian,asian,females,females,,,1,0.36109623,8.669109,0.63890374
data\processed\bfw\asian\n003357\0246_01.jpg,data\processed\bfw\asian\n004467\0228_01.jpg,n003357,n004467,asian,asian,females,males,,,0,0.3565055,9.898512,0.6434945
data\processed\bfw\asian\n008978\0059_01.jpg,data\processed\bfw\asian\n002406\0310_02.jpg,n008978,n002406,asian,asian,females,males,,,0,0.21911635,13.421317,0.78088367
data\processed\bfw\asian\n000856\0018_01.jpg,data\processed\bfw\asian\n004681\0064_01.jpg,n000856,n004681,asian,asian,females,males,,,0,0.1661122,9.594722,0.8338878
data\processed\bfw\asian\n009177\0004_01.jpg,data\processed\bfw\asian\n003358\0096_02.jpg,n009177,n003358,asian,asian,females,females,,,0,0.29730946,9.909023,0.70269054
data\processed\bfw\asian\n003167\0074_01.jpg,data\processed\bfw\asian\n003167\0320_01.jpg,n003167,n003167,asian,asian,males,males,,,1,0.4971761,11.338766,0.5028239
data\processed\bfw\asian\n000838\0060_04.jpg,data\processed\bfw\asian\n000137\0033_01.jpg,n000838,n000137,asian,asian,females,females,,,0,0.13263363,10.695885,0.8673664
data\processed\bfw\asian\n000839\0168_01.jpg,data\processed\bfw\asian\n000839\0497_02.jpg,n000839,n000839,asian,asian,females,females,,,1,0.29530522,9.932504,0.70469475
data\processed\bfw\asian\n000837\0054_01.jpg,data\processed\bfw\asian\n000837\0199_01.jpg,n000837,n000837,asian,asian,females,females,,,1,0.45204046,9.467657,0.54795957
data\processed\bfw\asian\n000160\0367_03.jpg,data\processed\bfw\asian\n006159\0073_01.jpg,n000160,n006159,asian,asian,females,females,,,0,0.13640587,10.658296,0.8635941
data\processed\bfw\asian\n002320\0208_01.jpg,data\processed\bfw\asian\n004800\0419_04.jpg,n002320,n004800,asian,asian,males,males,,,0,0.11847284,11.2754345,0.8815272
data\processed\bfw\asian\n004870\0070_02.jpg,data\processed\bfw\asian\n004870\0178_06.jpg,n004870,n004870,asian,asian,females,females,,,1,0.4298116,10.471308,0.5701884
data\processed\bfw\asian\n004109\0130_01.jpg,data\processed\bfw\asian\n004109\0550_02.jpg,n004109,n004109,asian,asian,males,males,,,1,0.54307103,9.763699,0.45692897
data\processed\bfw\asian\n009279\0015_01.jpg,data\processed\bfw\asian\n000160\0338_01.jpg,n009279,n000160,asian,asian,females,females,,,0,0.06764042,11.166991,0.9323596
data\processed\bfw\asian\n005072\0173_01.jpg,data\processed\bfw\asian\n005072\0184_03.jpg,n005072,n005072,asian,asian,males,males,,,1,0.41205817,9.034249,0.5879418
data\processed\bfw\asian\n003357\0020_01.jpg,data\processed\bfw\asian\n003357\0368_01.jpg,n003357,n003357,asian,asian,females,females,,,1,0.4289481,9.388046,0.5710519
data\processed\bfw\asian\n005063\0030_01.jpg,data\processed\bfw\asian\n001496\0349_01.jpg,n005063,n001496,asian,asian,females,males,,,0,0.09592568,10.311174,0.9040743
data\processed\bfw\asian\n003557\0088_04.jpg,data\processed\bfw\asian\n003557\0234_01.jpg,n003557,n003557,asian,asian,females,females,,,1,0.54201907,8.201241,0.45798093
data\processed\bfw\asian\n009177\0010_01.jpg,data\processed\bfw\asian\n003463\0304_01.jpg,n009177,n003463,asian,asian,females,males,,,0,0.010009667,11.662297,0.98999035
data\processed\bfw\asian\n005474\0005_01.jpg,data\processed\bfw\asian\n006223\0189_01.jpg,n005474,n006223,asian,asian,females,females,,,0,0.34655863,10.841619,0.65344137
data\processed\bfw\asian\n003355\0137_01.jpg,data\processed\bfw\asian\n009294\0133_04.jpg,n003355,n009294,asian,asian,males,females,,,0,0.09103321,10.784288,0.9089668
data\processed\bfw\asian\n006125\0043_01.jpg,data\processed\bfw\asian\n006125\0163_01.jpg,n006125,n006125,asian,asian,females,females,,,1,0.31586874,11.886586,0.68413126
data\processed\bfw\asian\n009103\0657_02.jpg,data\processed\bfw\asian\n008163\0527_03.jpg,n009103,n008163,asian,asian,females,females,,,0,0.21058084,10.50815,0.7894192
data\processed\bfw\asian\n007372\0190_01.jpg,data\processed\bfw\asian\n007372\0252_01.jpg,n007372,n007372,asian,asian,females,females,,,1,0.028140917,11.85625,0.9718591
data\processed\bfw\asian\n003354\0011_01.jpg,data\processed\bfw\asian\n004681\0366_01.jpg,n003354,n004681,asian,asian,females,males,,,0,0.07163661,9.8637905,0.9283634
data\processed\bfw\asian\n004805\0015_01.jpg,data\processed\bfw\asian\n004805\0108_01.jpg,n004805,n004805,asian,asian,males,males,,,1,0.5063716,8.562928,0.49362838
data\processed\bfw\asian\n007816\0407_01.jpg,data\processed\bfw\asian\n007816\0436_01.jpg,n007816,n007816,asian,asian,females,females,,,1,0.27081513,9.250768,0.72918487
data\processed\bfw\asian\n002725\0015_01.jpg,data\processed\bfw\asian\n002725\0267_01.jpg,n002725,n002725,asian,asian,females,females,,,1,0.30972856,12.064536,0.69027144
data\processed\bfw\asian\n004936\0218_01.jpg,data\processed\bfw\asian\n004936\0324_01.jpg,n004936,n004936,asian,asian,females,females,,,1,0.20398381,10.317812,0.7960162
data\processed\bfw\asian\n003355\0008_01.jpg,data\processed\bfw\asian\n004721\0066_01.jpg,n003355,n004721,asian,asian,males,males,,,0,0.36183468,10.655599,0.63816535
data\processed\bfw\asian\n007385\0119_01.jpg,data\processed\bfw\asian\n004786\0212_02.jpg,n007385,n004786,asian,asian,females,females,,,0,0.18268035,12.116437,0.81731963
data\processed\bfw\asian\n007385\0320_03.jpg,data\processed\bfw\asian\n007385\0469_01.jpg,n007385,n007385,asian,asian,females,females,,,1,0.4249871,8.503426,0.5750129
data\processed\bfw\asian\n002406\0148_01.jpg,data\processed\bfw\asian\n002406\0534_01.jpg,n002406,n002406,asian,asian,males,males,,,1,0.49446136,7.849096,0.50553864
data\processed\bfw\asian\n004800\0526_01.jpg,data\processed\bfw\asian\n003153\0624_01.jpg,n004800,n003153,asian,asian,males,females,,,0,0.29993623,10.754344,0.70006377
data\processed\bfw\asian\n009175\0077_01.jpg,data\processed\bfw\asian\n008383\0139_02.jpg,n009175,n008383,asian,asian,females,females,,,0,0.15750708,10.715092,0.84249294
data\processed\bfw\asian\n003557\0006_06.jpg,data\processed\bfw\asian\n003557\0013_01.jpg,n003557,n003557,asian,asian,females,females,,,1,0.39945284,9.40137,0.6005472
data\processed\bfw\asian\n003357\0108_01.jpg,data\processed\bfw\asian\n003357\0538_01.jpg,n003357,n003357,asian,asian,females,females,,,1,0.4688858,8.369801,0.5311142
data\processed\bfw\asian\n004930\0082_01.jpg,data\processed\bfw\asian\n004930\0236_01.jpg,n004930,n004930,asian,asian,females,females,,,1,0.5916816,8.682478,0.4083184
data\processed\bfw\asian\n009287\0033_01.jpg,data\processed\bfw\asian\n006125\0414_01.jpg,n009287,n006125,asian,asian,females,females,,,0,0.28439507,11.460901,0.7156049
data\processed\bfw\asian\n003824\0019_01.jpg,data\processed\bfw\asian\n003824\0148_01.jpg,n003824,n003824,asian,asian,females,females,,,1,0.21588805,11.283738,0.784112
data\processed\bfw\asian\n006418\0129_01.jpg,data\processed\bfw\asian\n006418\1023_02.jpg,n006418,n006418,asian,asian,females,females,,,1,0.33377245,9.546769,0.6662276
data\processed\bfw\asian\n003156\0100_01.jpg,data\processed\bfw\asian\n003481\0107_01.jpg,n003156,n003481,asian,asian,males,females,,,0,0.1662919,9.9541,0.8337081
data\processed\bfw\asian\n007089\0015_01.jpg,data\processed\bfw\asian\n007089\0066_01.jpg,n007089,n007089,asian,asian,females,females,,,1,0.36625123,11.057829,0.63374877
data\processed\bfw\asian\n003355\0016_01.jpg,data\processed\bfw\asian\n001976\0082_01.jpg,n003355,n001976,asian,asian,males,males,,,0,0.083271645,11.426475,0.9167284
data\processed\bfw\asian\n000135\0009_01.jpg,data\processed\bfw\asian\n000135\0013_02.jpg,n000135,n000135,asian,asian,females,females,,,1,0.370231,9.971604,0.62976897
data\processed\bfw\asian\n000139\0216_01.jpg,data\processed\bfw\asian\n000139\0253_01.jpg,n000139,n000139,asian,asian,females,females,,,1,0.2146709,11.886621,0.7853291
data\processed\bfw\asian\n007816\0281_01.jpg,data\processed\bfw\asian\n007816\0627_01.jpg,n007816,n007816,asian,asian,females,females,,,1,0.39417732,10.086237,0.6058227
data\processed\bfw\asian\n002331\0207_01.jpg,data\processed\bfw\asian\n002331\0317_02.jpg,n002331,n002331,asian,asian,males,males,,,1,0.2253393,10.573761,0.7746607
data\processed\bfw\asian\n006224\0067_01.jpg,data\processed\bfw\asian\n007738\0140_01.jpg,n006224,n007738,asian,asian,females,females,,,0,0.29421434,9.588548,0.70578563
data\processed\bfw\asian\n003223\0327_01.jpg,data\processed\bfw\asian\n008383\0352_01.jpg,n003223,n008383,asian,asian,males,females,,,0,-0.013193651,11.582748,1.0131936
data\processed\bfw\asian\n000161\0223_01.jpg,data\processed\bfw\asian\n000161\0461_01.jpg,n000161,n000161,asian,asian,males,males,,,1,0.4181454,10.558523,0.5818546
data\processed\bfw\asian\n003824\0085_02.jpg,data\processed\bfw\asian\n003354\0047_01.jpg,n003824,n003354,asian,asian,females,females,,,0,0.122139886,11.072917,0.8778601
data\processed\bfw\asian\n006736\0145_01.jpg,data\processed\bfw\asian\n006736\0273_03.jpg,n006736,n006736,asian,asian,females,females,,,1,0.5347502,9.483279,0.46524978
data\processed\bfw\asian\n006633\0120_03.jpg,data\processed\bfw\asian\n006633\0356_01.jpg,n006633,n006633,asian,asian,females,females,,,1,0.082596615,13.177092,0.9174034
data\processed\bfw\asian\n000135\0017_01.jpg,data\processed\bfw\asian\n000135\0082_02.jpg,n000135,n000135,asian,asian,females,females,,,1,0.39323714,9.5858555,0.6067629
data\processed\bfw\asian\n001682\0080_01.jpg,data\processed\bfw\asian\n005177\0013_01.jpg,n001682,n005177,asian,asian,males,males,,,0,0.22230011,11.898524,0.7776999
data\processed\bfw\asian\n009125\0012_01.jpg,data\processed\bfw\asian\n007372\0148_01.jpg,n009125,n007372,asian,asian,females,females,,,0,0.19001453,12.497227,0.80998546
data\processed\bfw\asian\n004466\0223_01.jpg,data\processed\bfw\asian\n004466\0261_01.jpg,n004466,n004466,asian,asian,males,males,,,1,-0.059266638,12.075069,1.0592667
data\processed\bfw\asian\n007372\0039_01.jpg,data\processed\bfw\asian\n007372\0177_01.jpg,n007372,n007372,asian,asian,females,females,,,1,0.27842468,9.876742,0.7215753
data\processed\bfw\asian\n003481\0119_02.jpg,data\processed\bfw\asian\n008163\0034_04.jpg,n003481,n008163,asian,asian,females,females,,,0,0.32015786,10.746779,0.6798421
data\processed\bfw\asian\n006149\0349_01.jpg,data\processed\bfw\asian\n005116\0228_03.jpg,n006149,n005116,asian,asian,females,males,,,0,0.07062868,11.54722,0.9293713
data\processed\bfw\asian\n000856\0075_01.jpg,data\processed\bfw\asian\n008934\0211_01.jpg,n000856,n008934,asian,asian,females,females,,,0,0.07915856,10.625154,0.92084146
data\processed\bfw\asian\n003449\0129_01.jpg,data\processed\bfw\asian\n005474\0239_01.jpg,n003449,n005474,asian,asian,females,females,,,0,0.0098495055,10.665529,0.9901505
data\processed\bfw\asian\n004787\0197_01.jpg,data\processed\bfw\asian\n004787\0679_05.jpg,n004787,n004787,asian,asian,females,females,,,1,0.45910513,9.398333,0.54089487
data\processed\bfw\asian\n003358\0202_01.jpg,data\processed\bfw\asian\n009294\0081_01.jpg,n003358,n009294,asian,asian,females,females,,,0,-0.0648432,12.352824,1.0648432
data\processed\bfw\asian\n009287\0262_01.jpg,data\processed\bfw\asian\n004948\0004_02.jpg,n009287,n004948,asian,asian,females,males,,,0,0.06957567,11.79528,0.93042433
data\processed\bfw\asian\n004785\0280_01.jpg,data\processed\bfw\asian\n004786\0056_01.jpg,n004785,n004786,asian,asian,females,females,,,0,0.40786797,10.321463,0.59213203
data\processed\bfw\asian\n000138\0066_09.jpg,data\processed\bfw\asian\n000138\0493_01.jpg,n000138,n000138,asian,asian,females,females,,,1,0.4393328,7.185941,0.56066716
data\processed\bfw\asian\n004787\0657_03.jpg,data\processed\bfw\asian\n004787\0692_01.jpg,n004787,n004787,asian,asian,females,females,,,1,0.514215,9.06781,0.485785
data\processed\bfw\asian\n003027\0459_01.jpg,data\processed\bfw\asian\n009294\0139_02.jpg,n003027,n009294,asian,asian,males,females,,,0,-0.022004874,13.647068,1.0220048
data\processed\bfw\asian\n004108\0391_01.jpg,data\processed\bfw\asian\n004108\0401_02.jpg,n004108,n004108,asian,asian,males,males,,,1,0.45904508,9.455485,0.54095495
data\processed\bfw\asian\n001864\0003_01.jpg,data\processed\bfw\asian\n001864\0038_01.jpg,n001864,n001864,asian,asian,males,males,,,1,0.5322479,8.780463,0.4677521
data\processed\bfw\asian\n005085\0192_01.jpg,data\processed\bfw\asian\n007814\0382_01.jpg,n005085,n007814,asian,asian,females,females,,,0,0.23971145,11.01344,0.76028854
data\processed\bfw\asian\n005446\0205_02.jpg,data\processed\bfw\asian\n009294\0098_01.jpg,n005446,n009294,asian,asian,females,females,,,0,0.014375095,11.887441,0.9856249
data\processed\bfw\asian\n007664\0023_02.jpg,data\processed\bfw\asian\n002644\0418_01.jpg,n007664,n002644,asian,asian,females,males,,,0,0.11170171,12.263869,0.8882983
data\processed\bfw\asian\n000148\0016_01.jpg,data\processed\bfw\asian\n000148\0579_01.jpg,n000148,n000148,asian,asian,females,females,,,1,0.31315297,9.289769,0.68684703
data\processed\bfw\asian\n004877\0004_01.jpg,data\processed\bfw\asian\n005474\0074_01.jpg,n004877,n005474,asian,asian,females,females,,,0,0.29223117,11.939546,0.7077688
data\processed\bfw\asian\n004681\0266_02.jpg,data\processed\bfw\asian\n004681\0287_01.jpg,n004681,n004681,asian,asian,males,males,,,1,0.40378836,9.849495,0.5962117
data\processed\bfw\asian\n004686\0079_01.jpg,data\processed\bfw\asian\n004686\0540_01.jpg,n004686,n004686,asian,asian,males,males,,,1,0.5805434,8.180043,0.4194566
data\processed\bfw\asian\n004785\0353_01.jpg,data\processed\bfw\asian\n004221\0135_02.jpg,n004785,n004221,asian,asian,females,males,,,0,0.01128944,13.861698,0.9887106
data\processed\bfw\asian\n007664\0023_02.jpg,data\processed\bfw\asian\n007664\0066_01.jpg,n007664,n007664,asian,asian,females,females,,,1,0.5565724,8.560476,0.44342762
data\processed\bfw\asian\n000839\0162_01.jpg,data\processed\bfw\asian\n000839\0210_01.jpg,n000839,n000839,asian,asian,females,females,,,1,0.4367566,7.700939,0.5632434
data\processed\bfw\asian\n005116\0333_03.jpg,data\processed\bfw\asian\n000132\0110_01__face_0.jpg,n005116,n000132,asian,asian,males,males,,,0,0.25944218,12.138608,0.7405578
data\processed\bfw\asian\n009277\0051_01.jpg,data\processed\bfw\asian\n009277\0150_01.jpg,n009277,n009277,asian,asian,females,females,,,1,0.466682,9.810984,0.53331804
data\processed\bfw\asian\n003156\0086_01.jpg,data\processed\bfw\asian\n001562\0159_02.jpg,n003156,n001562,asian,asian,males,males,,,0,0.23760751,9.790694,0.7623925
data\processed\bfw\asian\n000143\0044_01.jpg,data\processed\bfw\asian\n004785\0167_02.jpg,n000143,n004785,asian,asian,females,females,,,0,0.116637304,10.935397,0.8833627
data\processed\bfw\asian\n009042\0036_01.jpg,data\processed\bfw\asian\n004221\0060_01.jpg,n009042,n004221,asian,asian,females,males,,,0,0.090641305,12.615319,0.9093587
data\processed\bfw\asian\n002509\0180_01.jpg,data\processed\bfw\asian\n009277\0018_01.jpg,n002509,n009277,asian,asian,females,females,,,0,0.24268667,10.4022875,0.7573133
data\processed\bfw\asian\n003027\0374_01.jpg,data\processed\bfw\asian\n001682\0151_01.jpg,n003027,n001682,asian,asian,males,males,,,0,0.23518832,11.810235,0.7648117
data\processed\bfw\asian\n009288\0293_01.jpg,data\processed\bfw\asian\n007385\0358_01.jpg,n009288,n007385,asian,asian,females,females,,,0,0.0056976513,12.53298,0.99430233
data\processed\bfw\asian\n004860\0040_01.jpg,data\processed\bfw\asian\n004860\0048_01.jpg,n004860,n004860,asian,asian,females,females,,,1,0.49964747,8.955231,0.5003525
data\processed\bfw\asian\n005216\0236_01.jpg,data\processed\bfw\asian\n000148\0016_01.jpg,n005216,n000148,asian,asian,females,females,,,0,0.1591953,10.050059,0.8408047
data\processed\bfw\asian\n003354\0058_01.jpg,data\processed\bfw\asian\n003354\0068_01.jpg,n003354,n003354,asian,asian,females,females,,,1,0.58242524,7.398106,0.41757476
data\processed\bfw\asian\n007816\0407_01.jpg,data\processed\bfw\asian\n007816\0543_01.jpg,n007816,n007816,asian,asian,females,females,,,1,0.15437515,9.795718,0.84562486
data\processed\bfw\asian\n003358\0233_01.jpg,data\processed\bfw\asian\n004864\0353_02.jpg,n003358,n004864,asian,asian,females,females,,,0,0.15444288,10.896296,0.8455571
data\processed\bfw\asian\n004466\0332_01.jpg,data\processed\bfw\asian\n006224\0069_07.jpg,n004466,n006224,asian,asian,males,females,,,0,0.19751163,11.846788,0.8024884
data\processed\bfw\asian\n001572\0115_01.jpg,data\processed\bfw\asian\n001572\0129_01.jpg,n001572,n001572,asian,asian,females,females,,,1,0.334758,9.700937,0.66524196
data\processed\bfw\asian\n006203\0047_01.jpg,data\processed\bfw\asian\n009137\0416_01.jpg,n006203,n009137,asian,asian,females,females,,,0,0.3786333,9.477824,0.62136674
data\processed\bfw\asian\n008978\0062_01.jpg,data\processed\bfw\asian\n008978\0100_01.jpg,n008978,n008978,asian,asian,females,females,,,1,0.48711416,9.442383,0.5128858
data\processed\bfw\asian\n004794\0135_01.jpg,data\processed\bfw\asian\n004794\0203_02.jpg,n004794,n004794,asian,asian,males,males,,,1,0.3410194,8.719351,0.6589806
data\processed\bfw\asian\n000838\0025_01.jpg,data\processed\bfw\asian\n000838\0160_01.jpg,n000838,n000838,asian,asian,females,females,,,1,0.18140872,9.164039,0.8185913
data\processed\bfw\asian\n004948\0378_02.jpg,data\processed\bfw\asian\n004948\0667_01.jpg,n004948,n004948,asian,asian,males,males,,,1,0.026383584,9.957683,0.9736164
data\processed\bfw\asian\n009137\0182_02.jpg,data\processed\bfw\asian\n009137\0226_02.jpg,n009137,n009137,asian,asian,females,females,,,1,0.31376424,9.671807,0.6862358
data\processed\bfw\asian\n000837\0020_01.jpg,data\processed\bfw\asian\n000837\0032_02.jpg,n000837,n000837,asian,asian,females,females,,,1,0.6484037,7.747741,0.3515963
data\processed\bfw\asian\n003162\0508_01.jpg,data\processed\bfw\asian\n004935\0165_02.jpg,n003162,n004935,asian,asian,males,males,,,0,0.047261536,12.873111,0.95273846
data\processed\bfw\asian\n009041\0046_02.jpg,data\processed\bfw\asian\n009125\0064_01.jpg,n009041,n009125,asian,asian,females,females,,,0,0.29562962,11.31931,0.7043704
data\processed\bfw\asian\n005085\0061_01.jpg,data\processed\bfw\asian\n005085\0192_01.jpg,n005085,n005085,asian,asian,females,females,,,1,0.53465813,9.07425,0.46534187
data\processed\bfw\asian\n000160\0150_01.jpg,data\processed\bfw\asian\n000160\0308_01.jpg,n000160,n000160,asian,asian,females,females,,,1,0.3995096,9.113061,0.6004904
data\processed\bfw\asian\n005077\0002_01.jpg,data\processed\bfw\asian\n005077\0104_01.jpg,n005077,n005077,asian,asian,females,females,,,1,0.45069334,9.393015,0.54930663
data\processed\bfw\asian\n003557\0053_01.jpg,data\processed\bfw\asian\n006203\0241_05.jpg,n003557,n006203,asian,asian,females,females,,,0,0.46634534,8.434052,0.5336547
data\processed\bfw\asian\n002406\0070_01.jpg,data\processed\bfw\asian\n002406\0137_01.jpg,n002406,n002406,asian,asian,males,males,,,1,0.322383,10.417395,0.677617
data\processed\bfw\asian\n008401\0097_02.jpg,data\processed\bfw\asian\n008401\0380_01.jpg,n008401,n008401,asian,asian,females,females,,,1,0.46447515,10.550252,0.53552485
data\processed\bfw\asian\n001682\0251_02.jpg,data\processed\bfw\asian\n003167\0045_01.jpg,n001682,n003167,asian,asian,males,males,,,0,0.16176823,13.335612,0.8382318
data\processed\bfw\asian\n002644\0208_01.jpg,data\processed\bfw\asian\n002644\0319_01.jpg,n002644,n002644,asian,asian,males,males,,,1,0.32860643,9.177375,0.6713936
data\processed\bfw\asian\n000139\0099_01.jpg,data\processed\bfw\asian\n000139\0309_01.jpg,n000139,n000139,asian,asian,females,females,,,1,0.4837379,10.234748,0.5162621
data\processed\bfw\asian\n009148\0017_01.jpg,data\processed\bfw\asian\n009148\0083_01.jpg,n009148,n009148,asian,asian,females,females,,,1,0.5545194,9.550046,0.44548059
data\processed\bfw\asian\n004681\0019_01.jpg,data\processed\bfw\asian\n005446\0141_01.jpg,n004681,n005446,asian,asian,males,females,,,0,0.04686374,11.451385,0.95313627
data\processed\bfw\asian\n004877\0004_01.jpg,data\processed\bfw\asian\n004681\0340_01.jpg,n004877,n004681,asian,asian,females,males,,,0,0.10483326,11.193855,0.89516675
data\processed\bfw\asian\n005083\0252_01.jpg,data\processed\bfw\asian\n003533\0615_01.jpg,n005083,n003533,asian,asian,females,males,,,0,-0.025454717,10.910574,1.0254548
data\processed\bfw\asian\n009278\0006_01.jpg,data\processed\bfw\asian\n009278\0228_01.jpg,n009278,n009278,asian,asian,females,females,,,1,0.29046962,11.16914,0.70953035
data\processed\bfw\asian\n004680\0053_01.jpg,data\processed\bfw\asian\n004680\0241_01.jpg,n004680,n004680,asian,asian,females,females,,,1,0.33156103,10.139571,0.668439
data\processed\bfw\asian\n003162\0191_01.jpg,data\processed\bfw\asian\n003162\0459_01.jpg,n003162,n003162,asian,asian,males,males,,,1,0.50299954,9.0559025,0.49700046
data\processed\bfw\asian\n009288\0172_01.jpg,data\processed\bfw\asian\n009288\0236_01.jpg,n009288,n009288,asian,asian,females,females,,,1,0.11517003,11.194686,0.88483
data\processed\bfw\asian\n004687\0104_02.jpg,data\processed\bfw\asian\n004687\0307_01.jpg,n004687,n004687,asian,asian,females,females,,,1,0.39459148,10.745359,0.60540855
data\processed\bfw\asian\n006224\0053_01.jpg,data\processed\bfw\asian\n006224\0086_01.jpg,n006224,n006224,asian,asian,females,females,,,1,0.45439053,7.023458,0.5456095
data\processed\bfw\asian\n000139\0184_01.jpg,data\processed\bfw\asian\n008978\0026_01.jpg,n000139,n008978,asian,asian,females,females,,,0,0.14558701,12.551156,0.854413
data\processed\bfw\asian\n005063\0027_01.jpg,data\processed\bfw\asian\n005063\0439_01.jpg,n005063,n005063,asian,asian,females,females,,,1,0.17081665,10.302407,0.82918334
data\processed\bfw\asian\n003557\0006_06.jpg,data\processed\bfw\asian\n009177\0053_02.jpg,n003557,n009177,asian,asian,females,females,,,0,0.17605533,10.941892,0.8239447
data\processed\bfw\asian\n005116\0676_01.jpg,data\processed\bfw\asian\n007378\0289_01.jpg,n005116,n007378,asian,asian,males,females,,,0,-0.08432474,11.168656,1.0843247
data\processed\bfw\asian\n006344\0431_07.jpg,data\processed\bfw\asian\n006126\0124_01.jpg,n006344,n006126,asian,asian,females,females,,,0,0.494811,7.7462387,0.505189
data\processed\bfw\asian\n006222\0015_01.jpg,data\processed\bfw\asian\n006222\0151_01.jpg,n006222,n006222,asian,asian,females,females,,,1,0.45613045,10.077022,0.54386955
data\processed\bfw\asian\n004948\0194_01.jpg,data\processed\bfw\asian\n000138\0131_01.jpg,n004948,n000138,asian,asian,males,females,,,0,0.14734489,10.912148,0.8526551
data\processed\bfw\asian\n004870\0144_01.jpg,data\processed\bfw\asian\n006418\0504_01.jpg,n004870,n006418,asian,asian,females,females,,,0,0.13386463,11.537536,0.86613536
data\processed\bfw\asian\n005078\0250_01.jpg,data\processed\bfw\asian\n005078\0295_03.jpg,n005078,n005078,asian,asian,males,males,,,1,-0.066009805,10.537179,1.0660098
data\processed\bfw\asian\n000161\0183_01.jpg,data\processed\bfw\asian\n009177\0456_01.jpg,n000161,n009177,asian,asian,males,females,,,0,0.0387857,12.846001,0.9612143
data\processed\bfw\asian\n007385\0118_01.jpg,data\processed\bfw\asian\n000840\0624_03.jpg,n007385,n000840,asian,asian,females,females,,,0,0.10284097,12.244717,0.89715904
data\processed\bfw\asian\n003635\0072_03.jpg,data\processed\bfw\asian\n003635\0089_02.jpg,n003635,n003635,asian,asian,males,males,,,1,0.5212718,8.727994,0.47872818
data\processed\bfw\asian\n003467\0094_01.jpg,data\processed\bfw\asian\n000161\0101_01.jpg,n003467,n000161,asian,asian,females,males,,,0,-0.009463385,12.643796,1.0094634
data\processed\bfw\asian\n005116\0332_01.jpg,data\processed\bfw\asian\n007814\0185_02.jpg,n005116,n007814,asian,asian,males,females,,,0,0.12650971,11.308253,0.8734903
data\processed\bfw\asian\n005071\0175_01.jpg,data\processed\bfw\asian\n004870\0288_02.jpg,n005071,n004870,asian,asian,males,females,,,0,0.15801679,11.500005,0.8419832
data\processed\bfw\asian\n005063\0016_02.jpg,data\processed\bfw\asian\n005063\0089_02.jpg,n005063,n005063,asian,asian,females,females,,,1,0.23514053,9.251359,0.76485944
data\processed\bfw\asian\n003491\0113_03.jpg,data\processed\bfw\asian\n004680\0260_01.jpg,n003491,n004680,asian,asian,males,females,,,0,0.20267613,10.725013,0.7973239
data\processed\bfw\asian\n005446\0279_01.jpg,data\processed\bfw\asian\n006149\0087_01.jpg,n005446,n006149,asian,asian,females,females,,,0,0.1741582,11.15871,0.8258418
data\processed\bfw\asian\n006125\0185_01.jpg,data\processed\bfw\asian\n000143\0122_01.jpg,n006125,n000143,asian,asian,females,females,,,0,0.31958422,9.251048,0.68041575
data\processed\bfw\asian\n006358\0325_01.jpg,data\processed\bfw\asian\n000856\0046_01.jpg,n006358,n000856,asian,asian,females,females,,,0,-0.021054776,12.566724,1.0210547
data\processed\bfw\asian\n000139\0210_01.jpg,data\processed\bfw\asian\n000139\0501_01.jpg,n000139,n000139,asian,asian,females,females,,,1,0.18051948,11.74827,0.81948054
data\processed\bfw\asian\n004948\0018_01.jpg,data\processed\bfw\asian\n003533\0062_02.jpg,n004948,n003533,asian,asian,males,males,,,0,0.03973519,11.537131,0.9602648
data\processed\bfw\asian\n009287\0278_01.jpg,data\processed\bfw\asian\n003357\0006_01.jpg,n009287,n003357,asian,asian,females,females,,,0,-0.14183788,12.862044,1.1418378
data\processed\bfw\asian\n000161\0037_01.jpg,data\processed\bfw\asian\n000161\0223_01.jpg,n000161,n000161,asian,asian,males,males,,,1,0.4632005,10.835069,0.5367995
data\processed\bfw\asian\n003354\0047_01.jpg,data\processed\bfw\asian\n003354\0098_01.jpg,n003354,n003354,asian,asian,females,females,,,1,0.4209399,9.770835,0.5790601
data\processed\bfw\asian\n007664\0066_01.jpg,data\processed\bfw\asian\n007664\0810_01.jpg,n007664,n007664,asian,asian,females,females,,,1,0.43704957,9.6781025,0.56295043
data\processed\bfw\asian\n000160\0105_01.jpg,data\processed\bfw\asian\n000160\0139_01.jpg,n000160,n000160,asian,asian,females,females,,,1,0.5996461,7.007892,0.4003539
data\processed\bfw\asian\n007378\0214_01.jpg,data\processed\bfw\asian\n004935\0519_01.jpg,n007378,n004935,asian,asian,females,males,,,0,0.20766981,11.443105,0.7923302
data\processed\bfw\asian\n007380\0019_01.jpg,data\processed\bfw\asian\n006125\0058_01.jpg,n007380,n006125,asian,asian,females,females,,,0,0.24544461,12.326909,0.7545554
data\processed\bfw\asian\n005077\0199_01.jpg,data\processed\bfw\asian\n008383\0068_01.jpg,n005077,n008383,asian,asian,females,females,,,0,0.09201527,11.430002,0.90798473
data\processed\bfw\asian\n006149\0009_01.jpg,data\processed\bfw\asian\n000132\0148_01__face_0.jpg,n006149,n000132,asian,asian,females,males,,,0,-0.10499262,11.7553625,1.1049926
data\processed\bfw\asian\n007664\0066_01.jpg,data\processed\bfw\asian\n000148\0229_01.jpg,n007664,n000148,asian,asian,females,females,,,0,-0.006831555,12.376874,1.0068315
data\processed\bfw\asian\n009294\0031_03.jpg,data\processed\bfw\asian\n009294\0139_02.jpg,n009294,n009294,asian,asian,females,females,,,1,0.6296825,7.588065,0.37031752
data\processed\bfw\asian\n004791\0030_01.jpg,data\processed\bfw\asian\n003482\0155_05.jpg,n004791,n003482,asian,asian,males,males,,,0,0.15213591,11.178894,0.8478641
data\processed\bfw\asian\n006222\0135_01.jpg,data\processed\bfw\asian\n009287\0115_01.jpg,n006222,n009287,asian,asian,females,females,,,0,0.033598855,11.973133,0.96640116
data\processed\bfw\asian\n003354\0175_01.jpg,data\processed\bfw\asian\n006634\0039_01.jpg,n003354,n006634,asian,asian,females,females,,,0,0.18985172,12.117403,0.8101483
data\processed\bfw\asian\n004809\0200_02.jpg,data\processed\bfw\asian\n009137\0047_02.jpg,n004809,n009137,asian,asian,males,females,,,0,0.11834115,12.272749,0.88165885
data\processed\bfw\asian\n003288\0628_01.jpg,data\processed\bfw\asian\n002406\0156_01.jpg,n003288,n002406,asian,asian,females,males,,,0,0.2246461,9.865141,0.7753539
data\processed\bfw\asian\n001572\0091_01.jpg,data\processed\bfw\asian\n001572\0242_01.jpg,n001572,n001572,asian,asian,females,females,,,1,0.3783332,9.570285,0.6216668
data\processed\bfw\asian\n003153\0075_01.jpg,data\processed\bfw\asian\n003153\0157_01.jpg,n003153,n003153,asian,asian,females,females,,,1,0.32804137,10.94637,0.6719586
data\processed\bfw\asian\n003463\0005_01.jpg,data\processed\bfw\asian\n003506\0014_01.jpg,n003463,n003506,asian,asian,males,females,,,0,-0.088049896,12.515939,1.0880499
data\processed\bfw\asian\n006736\0121_03.jpg,data\processed\bfw\asian\n006736\0367_01.jpg,n006736,n006736,asian,asian,females,females,,,1,0.4739593,10.372903,0.5260407
data\processed\bfw\asian\n000872\0085_01.jpg,data\processed\bfw\asian\n000872\0101_01.jpg,n000872,n000872,asian,asian,males,males,,,1,0.24762289,11.320868,0.7523771
data\processed\bfw\asian\n001562\0065_01.jpg,data\processed\bfw\asian\n003533\0326_02.jpg,n001562,n003533,asian,asian,males,males,,,0,0.13730054,9.827868,0.86269945
data\processed\bfw\asian\n009103\0179_03.jpg,data\processed\bfw\asian\n005116\0083_01.jpg,n009103,n005116,asian,asian,females,males,,,0,0.17660816,11.362536,0.82339185
data\processed\bfw\asian\n005063\0016_02.jpg,data\processed\bfw\asian\n005077\0153_01.jpg,n005063,n005077,asian,asian,females,females,,,0,0.21325248,9.741783,0.7867475
data\processed\bfw\asian\n003155\0062_02.jpg,data\processed\bfw\asian\n004721\0177_01.jpg,n003155,n004721,asian,asian,males,males,,,0,0.05479498,12.489608,0.94520503
data\processed\bfw\asian\n005071\0154_01.jpg,data\processed\bfw\asian\n004466\0153_01.jpg,n005071,n004466,asian,asian,males,males,,,0,0.052846394,13.031598,0.9471536
data\processed\bfw\asian\n004800\0111_01.jpg,data\processed\bfw\asian\n004800\0828_02.jpg,n004800,n004800,asian,asian,males,males,,,1,0.40092176,8.930422,0.59907824
data\processed\bfw\asian\n009288\0028_01.jpg,data\processed\bfw\asian\n008148\0202_01.jpg,n009288,n008148,asian,asian,females,females,,,0,-0.08117709,14.23975,1.0811771
data\processed\bfw\asian\n008163\0032_02.jpg,data\processed\bfw\asian\n009042\0250_01.jpg,n008163,n009042,asian,asian,females,females,,,0,0.19662744,11.510336,0.80337256
data\processed\bfw\asian\n004721\0227_01.jpg,data\processed\bfw\asian\n006126\0197_01.jpg,n004721,n006126,asian,asian,males,females,,,0,0.085942805,13.056769,0.9140572
data\processed\bfw\asian\n002509\0104_02.jpg,data\processed\bfw\asian\n002509\0139_03.jpg,n002509,n002509,asian,asian,females,females,,,1,0.12755041,11.958525,0.8724496
data\processed\bfw\asian\n007380\0204_01.jpg,data\processed\bfw\asian\n007380\0268_01.jpg,n007380,n007380,asian,asian,females,females,,,1,0.11332273,11.348331,0.88667727
data\processed\bfw\asian\n009288\0107_01.jpg,data\processed\bfw\asian\n009288\0175_01.jpg,n009288,n009288,asian,asian,females,females,,,1,0.3616519,10.62562,0.6383481
data\processed\bfw\asian\n004549\0168_05.jpg,data\processed\bfw\asian\n004549\0656_02.jpg,n004549,n004549,asian,asian,females,females,,,1,0.29623348,9.831879,0.7037665
data\processed\bfw\asian\n000873\0176_01.jpg,data\processed\bfw\asian\n008401\0166_01.jpg,n000873,n008401,asian,asian,males,females,,,0,-0.062240295,14.492479,1.0622402
data\processed\bfw\asian\n000840\0003_02.jpg,data\processed\bfw\asian\n000840\0025_01.jpg,n000840,n000840,asian,asian,females,females,,,1,0.3357608,11.190407,0.66423917
data\processed\bfw\asian\n007816\0760_01.jpg,data\processed\bfw\asian\n007385\0500_01.jpg,n007816,n007385,asian,asian,females,females,,,0,0.19476078,9.861696,0.8052392
data\processed\bfw\asian\n000135\0009_01.jpg,data\processed\bfw\asian\n000135\0039_04.jpg,n000135,n000135,asian,asian,females,females,,,1,0.49957788,8.716327,0.5004221
data\processed\bfw\asian\n001976\0090_01.jpg,data\processed\bfw\asian\n001976\0441_01.jpg,n001976,n001976,asian,asian,males,males,,,1,0.35745892,9.312599,0.64254105
data\processed\bfw\asian\n009177\0175_01.jpg,data\processed\bfw\asian\n003156\0086_01.jpg,n009177,n003156,asian,asian,females,males,,,0,0.30161786,9.63431,0.69838214
data\processed\bfw\asian\n009275\0323_03.jpg,data\processed\bfw\asian\n003481\0345_01.jpg,n009275,n003481,asian,asian,females,females,,,0,0.15671179,10.531773,0.8432882
data\processed\bfw\asian\n007816\0627_01.jpg,data\processed\bfw\asian\n006159\0073_01.jpg,n007816,n006159,asian,asian,females,females,,,0,0.25681385,11.908317,0.7431861
data\processed\bfw\asian\n003481\0141_01.jpg,data\processed\bfw\asian\n003481\0202_01.jpg,n003481,n003481,asian,asian,females,females,,,1,0.41753596,9.590453,0.58246404
data\processed\bfw\asian\n002775\0069_01.jpg,data\processed\bfw\asian\n002775\0088_02.jpg,n002775,n002775,asian,asian,males,males,,,1,0.6035936,9.191137,0.3964064
data\processed\bfw\asian\n007380\0268_01.jpg,data\processed\bfw\asian\n004785\0357_02.jpg,n007380,n004785,asian,asian,females,females,,,0,0.1313434,10.64163,0.86865664
data\processed\bfw\asian\n004809\0561_01.jpg,data\processed\bfw\asian\n002644\0257_01.jpg,n004809,n002644,asian,asian,males,males,,,0,0.050594743,11.714634,0.94940525
data\processed\bfw\asian\n002775\0086_03.jpg,data\processed\bfw\asian\n002775\0119_01.jpg,n002775,n002775,asian,asian,males,males,,,1,0.46838066,10.240272,0.5316193
data\processed\bfw\asian\n004687\0104_02.jpg,data\processed\bfw\asian\n002552\0400_01.jpg,n004687,n002552,asian,asian,females,males,,,0,-0.0872378,13.812451,1.0872378
data\processed\bfw\asian\n009277\0365_01.jpg,data\processed\bfw\asian\n006203\0088_01.jpg,n009277,n006203,asian,asian,females,females,,,0,0.035083473,13.09153,0.9649165
data\processed\bfw\asian\n003463\0008_01.jpg,data\processed\bfw\asian\n000143\0014_01.jpg,n003463,n000143,asian,asian,males,females,,,0,0.10416635,10.905219,0.8958337
data\processed\bfw\asian\n006358\0046_01.jpg,data\processed\bfw\asian\n006358\0094_01.jpg,n006358,n006358,asian,asian,females,females,,,1,0.34441966,10.453144,0.65558034
data\processed\bfw\asian\n006344\0025_02.jpg,data\processed\bfw\asian\n006344\0498_03.jpg,n006344,n006344,asian,asian,females,females,,,1,0.0959877,10.436982,0.9040123
data\processed\bfw\asian\n008163\0239_02.jpg,data\processed\bfw\asian\n005072\0235_01.jpg,n008163,n005072,asian,asian,females,males,,,0,0.015417039,11.711961,0.98458296
data\processed\bfw\asian\n003467\0096_01.jpg,data\processed\bfw\asian\n003467\0188_03.jpg,n003467,n003467,asian,asian,females,females,,,1,0.50884235,8.842355,0.49115765
data\processed\bfw\asian\n006149\0005_01.jpg,data\processed\bfw\asian\n006149\0086_01.jpg,n006149,n006149,asian,asian,females,females,,,1,-0.12225626,11.611401,1.1222563
data\processed\bfw\asian\n000838\0129_01.jpg,data\processed\bfw\asian\n000838\0247_01.jpg,n000838,n000838,asian,asian,females,females,,,1,0.3585932,9.653541,0.6414068
data\processed\bfw\asian\n006125\0247_01.jpg,data\processed\bfw\asian\n004469\0114_01.jpg,n006125,n004469,asian,asian,females,males,,,0,0.13011068,12.189041,0.8698893
data\processed\bfw\asian\n007738\0017_01.jpg,data\processed\bfw\asian\n003482\0338_02.jpg,n007738,n003482,asian,asian,females,males,,,0,-0.10443694,11.440634,1.104437
data\processed\bfw\asian\n004785\0145_01.jpg,data\processed\bfw\asian\n004785\0211_01.jpg,n004785,n004785,asian,asian,females,females,,,1,0.37300348,9.62352,0.6269965
data\processed\bfw\asian\n008383\0161_02.jpg,data\processed\bfw\asian\n008383\0532_01.jpg,n008383,n008383,asian,asian,females,females,,,1,0.39947185,9.96098,0.6005281
data\processed\bfw\asian\n009103\0657_02.jpg,data\processed\bfw\asian\n002775\0137_04.jpg,n009103,n002775,asian,asian,females,males,,,0,0.09674106,12.242483,0.9032589
data\processed\bfw\asian\n008148\0110_01.jpg,data\processed\bfw\asian\n009276\0049_01.jpg,n008148,n009276,asian,asian,females,females,,,0,0.10717551,10.942505,0.8928245
data\processed\bfw\asian\n002552\0530_01.jpg,data\processed\bfw\asian\n000009\0011_01.jpg,n002552,n000009,asian,asian,males,females,,,0,-0.12980343,9.939149,1.1298034
data\processed\bfw\asian\n004948\0318_02.jpg,data\processed\bfw\asian\n004948\0381_01.jpg,n004948,n004948,asian,asian,males,males,,,1,0.31256282,8.77618,0.6874372
data\processed\bfw\asian\n000854\0060_01.jpg,data\processed\bfw\asian\n008148\0123_01.jpg,n000854,n008148,asian,asian,females,females,,,0,0.060988322,11.518299,0.9390117
data\processed\bfw\asian\n006203\0022_01.jpg,data\processed\bfw\asian\n006203\0357_01.jpg,n006203,n006203,asian,asian,females,females,,,1,0.4376073,7.5545416,0.5623927
data\processed\bfw\asian\n000139\0079_01.jpg,data\processed\bfw\asian\n003463\0005_01.jpg,n000139,n003463,asian,asian,females,males,,,0,0.109953284,10.655502,0.8900467
data\processed\bfw\asian\n007814\0135_01.jpg,data\processed\bfw\asian\n007814\0175_01.jpg,n007814,n007814,asian,asian,females,females,,,1,0.37367138,8.676289,0.6263286
data\processed\bfw\asian\n003167\0042_19.jpg,data\processed\bfw\asian\n004785\0082_01.jpg,n003167,n004785,asian,asian,males,females,,,0,0.26537675,11.896404,0.73462325
data\processed\bfw\asian\n007372\0190_01.jpg,data\processed\bfw\asian\n003467\0112_01.jpg,n007372,n003467,asian,asian,females,females,,,0,0.19158189,11.412003,0.8084181
data\processed\bfw\asian\n009277\0018_01.jpg,data\processed\bfw\asian\n009277\0026_01.jpg,n009277,n009277,asian,asian,females,females,,,1,0.74559003,5.888696,0.25440997
data\processed\bfw\asian\n009175\0004_01.jpg,data\processed\bfw\asian\n009175\0486_01.jpg,n009175,n009175,asian,asian,females,females,,,1,0.601306,9.791837,0.39869398
data\processed\bfw\asian\n007816\0627_01.jpg,data\processed\bfw\asian\n003467\0112_01.jpg,n007816,n003467,asian,asian,females,females,,,0,0.24133824,11.214723,0.75866175
data\processed\bfw\asian\n004877\0121_01.jpg,data\processed\bfw\asian\n004877\0441_01.jpg,n004877,n004877,asian,asian,females,females,,,1,0.5204367,8.812485,0.4795633
data\processed\bfw\asian\n000872\0274_02.jpg,data\processed\bfw\asian\n006222\0032_01.jpg,n000872,n006222,asian,asian,males,females,,,0,0.16384424,10.670106,0.8361558
data\processed\bfw\asian\n003463\0110_01.jpg,data\processed\bfw\asian\n003463\0152_01.jpg,n003463,n003463,asian,asian,males,males,,,1,0.3033169,10.051174,0.6966831
data\processed\bfw\asian\n008148\0110_01.jpg,data\processed\bfw\asian\n008148\0195_01.jpg,n008148,n008148,asian,asian,females,females,,,1,0.498047,8.632802,0.501953
data\processed\bfw\asian\n004791\0361_01.jpg,data\processed\bfw\asian\n007814\0485_01.jpg,n004791,n007814,asian,asian,males,females,,,0,0.11418954,11.686361,0.88581043
data\processed\bfw\asian\n003533\0615_01.jpg,data\processed\bfw\asian\n009287\0034_01.jpg,n003533,n009287,asian,asian,males,females,,,0,0.11209199,10.399469,0.887908
data\processed\bfw\asian\n009042\0057_01.jpg,data\processed\bfw\asian\n006774\0105_01.jpg,n009042,n006774,asian,asian,females,females,,,0,0.28567538,9.874708,0.7143246
data\processed\bfw\asian\n000839\0163_01.jpg,data\processed\bfw\asian\n003467\0358_01.jpg,n000839,n003467,asian,asian,females,females,,,0,-0.018760744,11.394513,1.0187608
data\processed\bfw\asian\n004864\0059_01.jpg,data\processed\bfw\asian\n006224\0053_01.jpg,n004864,n006224,asian,asian,females,females,,,0,0.20457023,9.876269,0.79542977
data\processed\bfw\asian\n002406\0148_01.jpg,data\processed\bfw\asian\n000143\0064_01.jpg,n002406,n000143,asian,asian,males,females,,,0,0.076284654,10.860188,0.92371535
data\processed\bfw\asian\n003467\0030_01.jpg,data\processed\bfw\asian\n005078\0092_02.jpg,n003467,n005078,asian,asian,females,males,,,0,-0.0029519487,14.171493,1.002952
data\processed\bfw\asian\n006223\0055_01.jpg,data\processed\bfw\asian\n001682\0074_01.jpg,n006223,n001682,asian,asian,females,males,,,0,0.001697448,13.107319,0.9983026
data\processed\bfw\asian\n004108\0383_01.jpg,data\processed\bfw\asian\n004108\0391_01.jpg,n004108,n004108,asian,asian,males,males,,,1,0.27457783,10.40986,0.72542214
data\processed\bfw\asian\n004680\0053_01.jpg,data\processed\bfw\asian\n004680\0427_01.jpg,n004680,n004680,asian,asian,females,females,,,1,0.42460355,9.994008,0.5753964
data\processed\bfw\asian\n007385\0124_02.jpg,data\processed\bfw\asian\n005083\0077_01.jpg,n007385,n005083,asian,asian,females,females,,,0,0.19085434,11.3292055,0.8091457
data\processed\bfw\asian\n008383\0175_01.jpg,data\processed\bfw\asian\n000838\0037_01.jpg,n008383,n000838,asian,asian,females,females,,,0,0.13795884,12.835005,0.8620412
data\processed\bfw\asian\n001682\0029_01.jpg,data\processed\bfw\asian\n001682\0074_01.jpg,n001682,n001682,asian,asian,males,males,,,1,0.70395863,7.901387,0.29604137
data\processed\bfw\asian\n006736\0283_01.jpg,data\processed\bfw\asian\n004681\0126_01.jpg,n006736,n004681,asian,asian,females,males,,,0,0.096981995,12.474055,0.903018
data\processed\bfw\asian\n000132\0148_01__face_0.jpg,data\processed\bfw\asian\n006159\0235_01.jpg,n000132,n006159,asian,asian,males,females,,,0,0.0988278,7.631686,0.9011722
data\processed\bfw\asian\n001976\0071_01.jpg,data\processed\bfw\asian\n001976\0237_01.jpg,n001976,n001976,asian,asian,males,males,,,1,0.36322477,9.311052,0.63677526
data\processed\bfw\asian\n000139\0281_01.jpg,data\processed\bfw\asian\n004791\0075_01.jpg,n000139,n004791,asian,asian,females,males,,,0,-0.06906727,11.773899,1.0690672
data\processed\bfw\asian\n000436\0348_01.jpg,data\processed\bfw\asian\n000436\0400_01.jpg,n000436,n000436,asian,asian,males,males,,,1,-0.063840896,12.397979,1.0638409
data\processed\bfw\asian\n005071\0154_01.jpg,data\processed\bfw\asian\n003357\0406_01.jpg,n005071,n003357,asian,asian,males,females,,,0,0.08268804,13.278792,0.91731197
data\processed\bfw\asian\n006634\0118_01.jpg,data\processed\bfw\asian\n003162\0176_01.jpg,n006634,n003162,asian,asian,females,males,,,0,0.14776234,11.0849495,0.85223764
data\processed\bfw\asian\n003467\0176_02.jpg,data\processed\bfw\asian\n009276\0079_01.jpg,n003467,n009276,asian,asian,females,females,,,0,0.11764139,10.143822,0.8823586
data\processed\bfw\asian\n002331\0153_01.jpg,data\processed\bfw\asian\n005071\0096_01.jpg,n002331,n005071,asian,asian,males,males,,,0,0.15081394,11.788856,0.84918606
data\processed\bfw\asian\n003155\0052_02.jpg,data\processed\bfw\asian\n002644\0123_02.jpg,n003155,n002644,asian,asian,males,males,,,0,0.23280977,10.0755625,0.7671902
data\processed\bfw\asian\n005085\0201_01.jpg,data\processed\bfw\asian\n005085\0464_01.jpg,n005085,n005085,asian,asian,females,females,,,1,0.25125247,11.079989,0.7487475
data\processed\bfw\asian\n004108\0153_01.jpg,data\processed\bfw\asian\n004686\0503_01.jpg,n004108,n004686,asian,asian,males,males,,,0,0.18942304,11.5498495,0.810577
data\processed\bfw\asian\n003824\0122_01.jpg,data\processed\bfw\asian\n003824\0166_01.jpg,n003824,n003824,asian,asian,females,females,,,1,0.43935046,8.946029,0.5606495
data\processed\bfw\asian\n003824\0111_01.jpg,data\processed\bfw\asian\n003824\0697_01.jpg,n003824,n003824,asian,asian,females,females,,,1,0.3950808,10.240845,0.6049192
data\processed\bfw\asian\n004791\0263_01.jpg,data\processed\bfw\asian\n004791\0591_01.jpg,n004791,n004791,asian,asian,males,males,,,1,0.15330502,11.107206,0.84669495
data\processed\bfw\asian\n007270\0337_01.jpg,data\processed\bfw\asian\n007270\0410_01.jpg,n007270,n007270,asian,asian,females,females,,,1,0.5820438,8.142055,0.41795617
data\processed\bfw\asian\n001864\0038_01.jpg,data\processed\bfw\asian\n006774\0039_01.jpg,n001864,n006774,asian,asian,males,females,,,0,0.11570781,12.411695,0.8842922
data\processed\bfw\asian\n006159\0011_01.jpg,data\processed\bfw\asian\n008148\0108_01.jpg,n006159,n008148,asian,asian,females,females,,,0,0.13660243,14.407036,0.8633976
data\processed\bfw\asian\n005474\0183_02.jpg,data\processed\bfw\asian\n009278\0192_01.jpg,n005474,n009278,asian,asian,females,females,,,0,0.36713195,10.8043585,0.63286805
data\processed\bfw\asian\n007270\0060_01.jpg,data\processed\bfw\asian\n007270\0155_01.jpg,n007270,n007270,asian,asian,females,females,,,1,0.6780767,6.528033,0.32192332
data\processed\bfw\asian\n001496\0642_01.jpg,data\processed\bfw\asian\n003027\0176_04.jpg,n001496,n003027,asian,asian,males,males,,,0,0.14490347,12.020021,0.8550965
data\processed\bfw\asian\n005072\0173_01.jpg,data\processed\bfw\asian\n005072\0258_01.jpg,n005072,n005072,asian,asian,males,males,,,1,0.31141654,9.106629,0.6885835
data\processed\bfw\asian\n006125\0058_01.jpg,data\processed\bfw\asian\n006125\0151_01.jpg,n006125,n006125,asian,asian,females,females,,,1,0.39571014,10.208078,0.6042899
data\processed\bfw\asian\n007899\0213_01.jpg,data\processed\bfw\asian\n007372\0252_01.jpg,n007899,n007372,asian,asian,females,females,,,0,0.13668917,10.58711,0.8633108
data\processed\bfw\asian\n004809\0220_03.jpg,data\processed\bfw\asian\n004809\0221_01.jpg,n004809,n004809,asian,asian,males,males,,,1,0.6109121,9.183441,0.38908792
data\processed\bfw\asian\n000009\0080_02.jpg,data\processed\bfw\asian\n008163\0429_01.jpg,n000009,n008163,asian,asian,females,females,,,0,0.18385595,11.184715,0.81614405
data\processed\bfw\asian\n004109\0070_01.jpg,data\processed\bfw\asian\n003155\0178_01.jpg,n004109,n003155,asian,asian,males,males,,,0,0.19159408,12.454534,0.80840594
data\processed\bfw\asian\n003489\0271_01.jpg,data\processed\bfw\asian\n009294\0098_01.jpg,n003489,n009294,asian,asian,males,females,,,0,-0.13765402,13.57876,1.1376541
data\processed\bfw\asian\n006203\0663_02.jpg,data\processed\bfw\asian\n005216\0127_01.jpg,n006203,n005216,asian,asian,females,females,,,0,0.28648025,9.373256,0.71351975
data\processed\bfw\asian\n008934\0029_02.jpg,data\processed\bfw\asian\n008934\0209_01.jpg,n008934,n008934,asian,asian,females,females,,,1,0.2517886,11.680112,0.7482114
data\processed\bfw\asian\n003153\0194_03.jpg,data\processed\bfw\asian\n003153\0250_01.jpg,n003153,n003153,asian,asian,females,females,,,1,0.35806572,10.819815,0.6419343
data\processed\bfw\asian\n008978\0035_01.jpg,data\processed\bfw\asian\n008978\0236_01.jpg,n008978,n008978,asian,asian,females,females,,,1,0.4836878,9.413842,0.51631224
data\processed\bfw\asian\n003354\0027_01.jpg,data\processed\bfw\asian\n003354\0346_02.jpg,n003354,n003354,asian,asian,females,females,,,1,0.11121901,9.360849,0.888781
data\processed\bfw\asian\n007738\0219_02.jpg,data\processed\bfw\asian\n006619\0172_01.jpg,n007738,n006619,asian,asian,females,females,,,0,0.13342254,11.197482,0.86657745
data\processed\bfw\asian\n000837\0075_01.jpg,data\processed\bfw\asian\n004680\0053_01.jpg,n000837,n004680,asian,asian,females,females,,,0,0.44873926,9.786209,0.5512607
data\processed\bfw\asian\n007372\0078_01.jpg,data\processed\bfw\asian\n004877\0075_01.jpg,n007372,n004877,asian,asian,females,females,,,0,0.2180226,11.352544,0.7819774
data\processed\bfw\asian\n003489\0084_02.jpg,data\processed\bfw\asian\n003489\0271_01.jpg,n003489,n003489,asian,asian,males,males,,,1,0.10784207,14.881507,0.8921579
data\processed\bfw\asian\n000872\0241_04.jpg,data\processed\bfw\asian\n004109\0003_01.jpg,n000872,n004109,asian,asian,males,males,,,0,0.20538962,10.955669,0.7946104
data\processed\bfw\asian\n009125\0172_01.jpg,data\processed\bfw\asian\n008401\0353_02.jpg,n009125,n008401,asian,asian,females,females,,,0,0.33379632,10.41215,0.6662037
data\processed\bfw\asian\n004469\0807_01.jpg,data\processed\bfw\asian\n004472\0295_03.jpg,n004469,n004472,asian,asian,males,females,,,0,0.080522254,12.839982,0.91947776
data\processed\bfw\asian\n007270\0060_01.jpg,data\processed\bfw\asian\n004721\0017_01.jpg,n007270,n004721,asian,asian,females,males,,,0,0.15371294,10.436188,0.8462871
data\processed\bfw\asian\n002552\0059_01.jpg,data\processed\bfw\asian\n002552\0569_01.jpg,n002552,n002552,asian,asian,males,males,,,1,0.3092893,10.480286,0.69071066
data\processed\bfw\asian\n000856\0538_01.jpg,data\processed\bfw\asian\n007738\0306_02.jpg,n000856,n007738,asian,asian,females,females,,,0,0.112867534,10.127751,0.88713247
data\processed\bfw\asian\n003358\0145_01.jpg,data\processed\bfw\asian\n003358\0216_01.jpg,n003358,n003358,asian,asian,females,females,,,1,0.53654844,7.949914,0.46345156
data\processed\bfw\asian\n005474\0128_01.jpg,data\processed\bfw\asian\n003162\0267_01.jpg,n005474,n003162,asian,asian,females,males,,,0,0.13656849,11.711568,0.8634315
data\processed\bfw\asian\n006619\0572_01.jpg,data\processed\bfw\asian\n009279\0077_01.jpg,n006619,n009279,asian,asian,females,females,,,0,-0.018832056,11.970379,1.0188321
data\processed\bfw\asian\n003449\0183_01.jpg,data\processed\bfw\asian\n003449\0210_03.jpg,n003449,n003449,asian,asian,females,females,,,1,0.11599089,12.9879055,0.8840091
data\processed\bfw\asian\n004686\0034_01.jpg,data\processed\bfw\asian\n004686\0302_01.jpg,n004686,n004686,asian,asian,males,males,,,1,0.35259706,10.653891,0.64740294
data\processed\bfw\asian\n001496\0076_01.jpg,data\processed\bfw\asian\n004725\0006_01.jpg,n001496,n004725,asian,asian,males,males,,,0,-0.011843401,12.759809,1.0118434
data\processed\bfw\asian\n006344\0147_02.jpg,data\processed\bfw\asian\n006344\0204_01.jpg,n006344,n006344,asian,asian,females,females,,,1,0.3672807,9.225049,0.6327193
data\processed\bfw\asian\n004935\0210_01.jpg,data\processed\bfw\asian\n004935\0213_01.jpg,n004935,n004935,asian,asian,males,males,,,1,0.34537297,9.953201,0.654627
data\processed\bfw\asian\n004930\0200_01.jpg,data\processed\bfw\asian\n004680\0050_02.jpg,n004930,n004680,asian,asian,females,females,,,0,0.3464945,11.183444,0.6535055
data\processed\bfw\asian\n000009\0125_01.jpg,data\processed\bfw\asian\n000009\0195_01.jpg,n000009,n000009,asian,asian,females,females,,,1,-0.06485001,12.134878,1.06485
data\processed\bfw\asian\n002725\0446_01.jpg,data\processed\bfw\asian\n007380\0131_01.jpg,n002725,n007380,asian,asian,females,females,,,0,0.060275465,13.22988,0.93972456
data\processed\bfw\asian\n009175\0007_01.jpg,data\processed\bfw\asian\n009175\0084_01.jpg,n009175,n009175,asian,asian,females,females,,,1,0.6312142,9.032479,0.3687858
data\processed\bfw\asian\n008978\0001_01.jpg,data\processed\bfw\asian\n008978\0097_02.jpg,n008978,n008978,asian,asian,females,females,,,1,0.21949339,11.487991,0.7805066
data\processed\bfw\asian\n002331\0371_01.jpg,data\processed\bfw\asian\n004472\0093_01.jpg,n002331,n004472,asian,asian,males,females,,,0,0.033095706,13.0076275,0.9669043
data\processed\bfw\asian\n004809\0482_01.jpg,data\processed\bfw\asian\n003449\0180_01.jpg,n004809,n003449,asian,asian,males,females,,,0,0.184947,12.630476,0.815053
data\processed\bfw\asian\n004785\0169_01.jpg,data\processed\bfw\asian\n004785\0364_01.jpg,n004785,n004785,asian,asian,females,females,,,1,0.4300596,8.508623,0.5699404
data\processed\bfw\asian\n000143\0187_01.jpg,data\processed\bfw\asian\n000143\0321_01.jpg,n000143,n000143,asian,asian,females,females,,,1,0.40670457,9.075434,0.59329545
data\processed\bfw\asian\n004809\0149_01.jpg,data\processed\bfw\asian\n004786\0021_01.jpg,n004809,n004786,asian,asian,males,females,,,0,0.067216486,12.285942,0.9327835
data\processed\bfw\asian\n005177\0065_01.jpg,data\processed\bfw\asian\n009287\0185_01.jpg,n005177,n009287,asian,asian,males,females,,,0,0.1884539,11.342427,0.8115461
data\processed\bfw\asian\n004864\0378_01.jpg,data\processed\bfw\asian\n003557\0086_01.jpg,n004864,n003557,asian,asian,females,females,,,0,0.063321315,12.716184,0.9366787
data\processed\bfw\asian\n004809\0117_01.jpg,data\processed\bfw\asian\n004809\0482_01.jpg,n004809,n004809,asian,asian,males,males,,,1,0.37483066,10.355205,0.62516934
data\processed\bfw\asian\n006126\0124_01.jpg,data\processed\bfw\asian\n004948\0536_02.jpg,n006126,n004948,asian,asian,females,males,,,0,0.099650614,11.062294,0.9003494
data\processed\bfw\asian\n004870\0264_01.jpg,data\processed\bfw\asian\n004870\0266_01.jpg,n004870,n004870,asian,asian,females,females,,,1,0.38855395,9.1377735,0.611446
data\processed\bfw\asian\n005177\0042_01.jpg,data\processed\bfw\asian\n005177\0294_01.jpg,n005177,n005177,asian,asian,males,males,,,1,0.66993594,7.7429624,0.33006406
data\processed\bfw\asian\n003449\0027_01.jpg,data\processed\bfw\asian\n003449\0083_01.jpg,n003449,n003449,asian,asian,females,females,,,1,0.32250625,10.639719,0.67749375
data\processed\bfw\asian\n001864\0171_01.jpg,data\processed\bfw\asian\n001864\0283_01.jpg,n001864,n001864,asian,asian,males,males,,,1,0.39267367,10.066909,0.6073263
data\processed\bfw\asian\n002320\0200_01.jpg,data\processed\bfw\asian\n002320\0210_02.jpg,n002320,n002320,asian,asian,males,males,,,1,0.4893983,9.80555,0.5106017
data\processed\bfw\asian\n007814\0144_01.jpg,data\processed\bfw\asian\n003167\0602_01.jpg,n007814,n003167,asian,asian,females,males,,,0,-0.09380913,11.962146,1.0938091
data\processed\bfw\asian\n007089\0105_01.jpg,data\processed\bfw\asian\n007089\0144_02.jpg,n007089,n007089,asian,asian,females,females,,,1,0.5058702,9.3092,0.49412978
data\processed\bfw\asian\n004860\0068_01.jpg,data\processed\bfw\asian\n004805\0241_01.jpg,n004860,n004805,asian,asian,females,males,,,0,0.009267495,11.539423,0.9907325
data\processed\bfw\asian\n007664\0066_01.jpg,data\processed\bfw\asian\n000148\0579_01.jpg,n007664,n000148,asian,asian,females,females,,,0,0.09053808,11.107034,0.9094619
data\processed\bfw\asian\n009148\0054_01.jpg,data\processed\bfw\asian\n009148\0087_01.jpg,n009148,n009148,asian,asian,females,females,,,1,0.44140247,10.572197,0.55859756
data\processed\bfw\asian\n007664\0104_01.jpg,data\processed\bfw\asian\n007664\0367_01.jpg,n007664,n007664,asian,asian,females,females,,,1,0.38450268,9.745942,0.61549735
data\processed\bfw\asian\n003358\0166_01.jpg,data\processed\bfw\asian\n003358\0318_02.jpg,n003358,n003358,asian,asian,females,females,,,1,0.38468552,9.605765,0.6153145
data\processed\bfw\asian\n007664\0029_01.jpg,data\processed\bfw\asian\n007664\0796_01.jpg,n007664,n007664,asian,asian,females,females,,,1,0.6158534,7.8735905,0.38414657
data\processed\bfw\asian\n005072\0068_02.jpg,data\processed\bfw\asian\n005072\0151_01.jpg,n005072,n005072,asian,asian,males,males,,,1,0.52601105,9.317047,0.47398895
data\processed\bfw\asian\n002331\0001_01.jpg,data\processed\bfw\asian\n002331\0183_01.jpg,n002331,n002331,asian,asian,males,males,,,1,0.4439332,7.8495684,0.5560668
data\processed\bfw\asian\n003467\0188_03.jpg,data\processed\bfw\asian\n003467\0400_03.jpg,n003467,n003467,asian,asian,females,females,,,1,0.42542547,9.619058,0.57457453
data\processed\bfw\asian\n008163\0001_02.jpg,data\processed\bfw\asian\n008163\0609_02.jpg,n008163,n008163,asian,asian,females,females,,,1,-0.047565773,12.281669,1.0475658
data\processed\bfw\asian\n004936\0469_01.jpg,data\processed\bfw\asian\n004936\0757_01.jpg,n004936,n004936,asian,asian,females,females,,,1,0.1863417,10.94713,0.8136583
data\processed\bfw\asian\n004467\0004_01.jpg,data\processed\bfw\asian\n004467\0677_01.jpg,n004467,n004467,asian,asian,males,males,,,1,0.4231206,10.2101965,0.5768794
data\processed\bfw\asian\n002775\0160_02.jpg,data\processed\bfw\asian\n000436\0001_03.jpg,n002775,n000436,asian,asian,males,males,,,0,0.20356713,9.754965,0.79643285
data\processed\bfw\asian\n004686\0077_01.jpg,data\processed\bfw\asian\n004686\0423_01.jpg,n004686,n004686,asian,asian,males,males,,,1,0.43991226,10.145644,0.56008774
data\processed\bfw\asian\n003467\0146_02.jpg,data\processed\bfw\asian\n003467\0405_01.jpg,n003467,n003467,asian,asian,females,females,,,1,0.2516529,10.119064,0.7483471
data\processed\bfw\asian\n005446\0051_01.jpg,data\processed\bfw\asian\n002725\0295_01.jpg,n005446,n002725,asian,asian,females,females,,,0,0.17242758,11.928548,0.8275724
data\processed\bfw\asian\n009041\0040_01.jpg,data\processed\bfw\asian\n009279\0185_01.jpg,n009041,n009279,asian,asian,females,females,,,0,0.3066378,10.477276,0.69336224
data\processed\bfw\asian\n006736\0068_01.jpg,data\processed\bfw\asian\n006736\0121_03.jpg,n006736,n006736,asian,asian,females,females,,,1,0.69172287,8.166335,0.30827713
data\processed\bfw\asian\n008383\0107_01.jpg,data\processed\bfw\asian\n008383\0268_01.jpg,n008383,n008383,asian,asian,females,females,,,1,0.45049605,9.5784445,0.5495039
data\processed\bfw\asian\n000839\0480_03.jpg,data\processed\bfw\asian\n009287\0115_01.jpg,n000839,n009287,asian,asian,females,females,,,0,0.15701133,12.812353,0.84298867
data\processed\bfw\asian\n006224\0185_01.jpg,data\processed\bfw\asian\n006224\0212_01.jpg,n006224,n006224,asian,asian,females,females,,,1,0.1377884,10.184942,0.8622116
data\processed\bfw\asian\n003223\0143_01.jpg,data\processed\bfw\asian\n003223\0258_03.jpg,n003223,n003223,asian,asian,males,males,,,1,0.27747324,10.920612,0.7225268
data\processed\bfw\asian\n000143\0226_04.jpg,data\processed\bfw\asian\n007378\0217_01.jpg,n000143,n007378,asian,asian,females,females,,,0,0.42952582,7.884072,0.57047415
data\processed\bfw\asian\n006203\0022_01.jpg,data\processed\bfw\asian\n006203\0663_02.jpg,n006203,n006203,asian,asian,females,females,,,1,0.48612717,7.7245183,0.51387286
data\processed\bfw\asian\n007372\0054_01.jpg,data\processed\bfw\asian\n007372\0189_01.jpg,n007372,n007372,asian,asian,females,females,,,1,0.54290223,9.582842,0.45709777
data\processed\bfw\asian\n004809\0013_12.jpg,data\processed\bfw\asian\n004809\0178_02.jpg,n004809,n004809,asian,asian,males,males,,,1,0.4155435,8.149955,0.5844565
data\processed\bfw\asian\n007380\0070_01.jpg,data\processed\bfw\asian\n007380\0207_01.jpg,n007380,n007380,asian,asian,females,females,,,1,0.46203426,9.399621,0.5379658
data\processed\bfw\asian\n002331\0139_01.jpg,data\processed\bfw\asian\n004800\0526_01.jpg,n002331,n004800,asian,asian,males,males,,,0,0.19104353,11.736693,0.8089565
data\processed\bfw\asian\n009177\0010_01.jpg,data\processed\bfw\asian\n005474\0210_02.jpg,n009177,n005474,asian,asian,females,females,,,0,0.12858458,11.485195,0.87141544
data\processed\bfw\asian\n001572\0076_01.jpg,data\processed\bfw\asian\n001572\0138_01.jpg,n001572,n001572,asian,asian,females,females,,,1,0.4411623,8.994019,0.5588377
data\processed\bfw\asian\n009137\0070_01.jpg,data\processed\bfw\asian\n009137\0104_01.jpg,n009137,n009137,asian,asian,females,females,,,1,0.46348107,7.243476,0.53651893
data\processed\bfw\asian\n009103\0274_01.jpg,data\processed\bfw\asian\n009103\0724_01.jpg,n009103,n009103,asian,asian,females,females,,,1,0.21012601,10.832913,0.78987396
data\processed\bfw\asian\n008934\0141_01.jpg,data\processed\bfw\asian\n006159\0127_02.jpg,n008934,n006159,asian,asian,females,females,,,0,0.10541783,13.950124,0.89458215
data\processed\bfw\asian\n003489\0261_01.jpg,data\processed\bfw\asian\n003557\0217_01.jpg,n003489,n003557,asian,asian,males,females,,,0,0.24860339,9.099829,0.7513966
data\processed\bfw\asian\n006224\0083_01.jpg,data\processed\bfw\asian\n006224\0293_01.jpg,n006224,n006224,asian,asian,females,females,,,1,0.30458015,9.117493,0.69541985
data\processed\bfw\asian\n001496\0149_01.jpg,data\processed\bfw\asian\n001496\0218_01.jpg,n001496,n001496,asian,asian,males,males,,,1,0.5344181,8.493097,0.4655819
data\processed\bfw\asian\n000135\0208_01.jpg,data\processed\bfw\asian\n003463\0367_01.jpg,n000135,n003463,asian,asian,females,males,,,0,0.092851005,11.426478,0.907149
data\processed\bfw\asian\n004809\0166_04.jpg,data\processed\bfw\asian\n004809\0328_01.jpg,n004809,n004809,asian,asian,males,males,,,1,0.36504486,8.961679,0.63495517
data\processed\bfw\asian\n000143\0014_01.jpg,data\processed\bfw\asian\n000143\0069_01.jpg,n000143,n000143,asian,asian,females,females,,,1,0.5012712,7.5673995,0.4987288
data\processed\bfw\asian\n000837\0085_01.jpg,data\processed\bfw\asian\n004680\0158_01.jpg,n000837,n004680,asian,asian,females,females,,,0,0.11996721,9.422675,0.8800328
data\processed\bfw\asian\n003463\0005_01.jpg,data\processed\bfw\asian\n003463\0129_01.jpg,n003463,n003463,asian,asian,males,males,,,1,0.31425327,9.070365,0.6857467
data\processed\bfw\asian\n002775\0034_02.jpg,data\processed\bfw\asian\n003482\0050_01.jpg,n002775,n003482,asian,asian,males,males,,,0,0.15215087,13.626437,0.84784913
data\processed\bfw\asian\n006159\0174_01.jpg,data\processed\bfw\asian\n003467\0176_02.jpg,n006159,n003467,asian,asian,females,females,,,0,0.14638048,12.566313,0.8536195
data\processed\bfw\asian\n004108\0077_01.jpg,data\processed\bfw\asian\n004108\0239_01.jpg,n004108,n004108,asian,asian,males,males,,,1,0.069391854,11.460372,0.93060815
data\processed\bfw\asian\n005085\0376_01.jpg,data\processed\bfw\asian\n005085\0464_01.jpg,n005085,n005085,asian,asian,females,females,,,1,0.25979406,9.159087,0.74020594
data\processed\bfw\asian\n003465\0303_01.jpg,data\processed\bfw\asian\n004794\0043_01.jpg,n003465,n004794,asian,asian,males,males,,,0,0.04146376,8.762744,0.95853627
data\processed\bfw\asian\n009148\0155_01.jpg,data\processed\bfw\asian\n008163\0223_01.jpg,n009148,n008163,asian,asian,females,females,,,0,0.26470086,10.062429,0.7352991
data\processed\bfw\asian\n001496\0664_01.jpg,data\processed\bfw\asian\n000143\0081_01.jpg,n001496,n000143,asian,asian,males,females,,,0,0.005215847,11.187253,0.9947842
data\processed\bfw\asian\n004108\0350_02.jpg,data\processed\bfw\asian\n004108\0529_01.jpg,n004108,n004108,asian,asian,males,males,,,1,0.29367843,8.777736,0.7063216
data\processed\bfw\asian\n008163\0451_03.jpg,data\processed\bfw\asian\n000143\0734_02.jpg,n008163,n000143,asian,asian,females,females,,,0,0.13983981,11.319749,0.8601602
data\processed\bfw\asian\n006159\0011_01.jpg,data\processed\bfw\asian\n006159\0113_02.jpg,n006159,n006159,asian,asian,females,females,,,1,0.67354983,9.162446,0.32645017
data\processed\bfw\asian\n001682\0080_01.jpg,data\processed\bfw\asian\n007372\0238_01.jpg,n001682,n007372,asian,asian,males,females,,,0,0.10560712,11.600294,0.89439285
data\processed\bfw\asian\n003482\0098_01.jpg,data\processed\bfw\asian\n004680\0027_01.jpg,n003482,n004680,asian,asian,males,females,,,0,-0.0831111,13.1379,1.083111
data\processed\bfw\asian\n002331\0054_02.jpg,data\processed\bfw\asian\n000856\0014_01.jpg,n002331,n000856,asian,asian,males,females,,,0,-0.010595833,13.336888,1.0105958
data\processed\bfw\asian\n005078\0107_01.jpg,data\processed\bfw\asian\n001496\0171_01.jpg,n005078,n001496,asian,asian,males,males,,,0,0.2012353,11.334522,0.7987647
data\processed\bfw\asian\n009276\0036_01.jpg,data\processed\bfw\asian\n009276\0172_02.jpg,n009276,n009276,asian,asian,females,females,,,1,0.23233925,10.90797,0.76766074
data\processed\bfw\asian\n004725\0006_01.jpg,data\processed\bfw\asian\n004725\0197_01.jpg,n004725,n004725,asian,asian,males,males,,,1,0.70812744,7.5494747,0.29187256
data\processed\bfw\asian\n003162\0350_02.jpg,data\processed\bfw\asian\n007814\0016_01.jpg,n003162,n007814,asian,asian,males,females,,,0,-0.055336893,12.443707,1.055337
data\processed\bfw\asian\n008978\0003_01.jpg,data\processed\bfw\asian\n009278\0031_02.jpg,n008978,n009278,asian,asian,females,females,,,0,0.2503296,11.592233,0.7496704
data\processed\bfw\asian\n004472\0258_01.jpg,data\processed\bfw\asian\n004870\0050_02.jpg,n004472,n004870,asian,asian,females,females,,,0,0.18278885,11.56437,0.81721115
data\processed\bfw\asian\n007372\0113_01.jpg,data\processed\bfw\asian\n007372\0238_01.jpg,n007372,n007372,asian,asian,females,females,,,1,0.33613062,10.537405,0.6638694
data\processed\bfw\asian\n009148\0054_01.jpg,data\processed\bfw\asian\n009148\0097_01.jpg,n009148,n009148,asian,asian,females,females,,,1,0.5517813,8.7090025,0.4482187
data\processed\bfw\asian\n006125\0101_01.jpg,data\processed\bfw\asian\n006125\0179_13.jpg,n006125,n006125,asian,asian,females,females,,,1,0.2862682,11.649008,0.71373177
data\processed\bfw\asian\n003481\0055_01.jpg,data\processed\bfw\asian\n005116\0172_01.jpg,n003481,n005116,asian,asian,females,males,,,0,0.10757537,12.289923,0.89242464
data\processed\bfw\asian\n003506\0177_01.jpg,data\processed\bfw\asian\n009288\0270_01.jpg,n003506,n009288,asian,asian,females,females,,,0,0.092083775,12.751908,0.90791625
data\processed\bfw\asian\n009103\0331_01.jpg,data\processed\bfw\asian\n006633\0718_02.jpg,n009103,n006633,asian,asian,females,females,,,0,0.0714938,11.413374,0.9285062
data\processed\bfw\asian\n002644\0054_01.jpg,data\processed\bfw\asian\n000139\0233_01.jpg,n002644,n000139,asian,asian,males,females,,,0,0.25962833,8.989731,0.7403717
data\processed\bfw\asian\n005069\0098_01.jpg,data\processed\bfw\asian\n005069\0225_01.jpg,n005069,n005069,asian,asian,females,females,,,1,0.24909797,9.869591,0.75090206
data\processed\bfw\asian\n000840\0036_03.jpg,data\processed\bfw\asian\n000840\0541_02.jpg,n000840,n000840,asian,asian,females,females,,,1,0.09758652,10.029056,0.9024135
data\processed\bfw\asian\n001976\0221_02.jpg,data\processed\bfw\asian\n003156\0058_01.jpg,n001976,n003156,asian,asian,males,males,,,0,-0.025813123,11.681316,1.0258131
data\processed\bfw\asian\n000436\0056_06.jpg,data\processed\bfw\asian\n004680\0241_01.jpg,n000436,n004680,asian,asian,males,females,,,0,0.012753599,11.925833,0.9872464
data\processed\bfw\asian\n004809\0482_01.jpg,data\processed\bfw\asian\n004809\0561_01.jpg,n004809,n004809,asian,asian,males,males,,,1,0.5078516,9.904462,0.4921484
data\processed\bfw\asian\n003355\0056_01.jpg,data\processed\bfw\asian\n003355\0252_02.jpg,n003355,n003355,asian,asian,males,males,,,1,0.39301175,9.121606,0.60698825
data\processed\bfw\asian\n006358\0136_02.jpg,data\processed\bfw\asian\n006358\0333_02.jpg,n006358,n006358,asian,asian,females,females,,,1,0.5352804,7.672167,0.4647196
data\processed\bfw\asian\n006633\0489_04.jpg,data\processed\bfw\asian\n006633\0688_01.jpg,n006633,n006633,asian,asian,females,females,,,1,0.26616573,8.628348,0.73383427
data\processed\bfw\asian\n004935\0061_01.jpg,data\processed\bfw\asian\n004935\0259_01.jpg,n004935,n004935,asian,asian,males,males,,,1,0.54106295,9.607443,0.45893705
data\processed\bfw\asian\n009276\0102_01.jpg,data\processed\bfw\asian\n003467\0400_03.jpg,n009276,n003467,asian,asian,females,females,,,0,-0.013653409,11.989816,1.0136534
data\processed\bfw\asian\n007270\0055_01.jpg,data\processed\bfw\asian\n007270\0155_01.jpg,n007270,n007270,asian,asian,females,females,,,1,0.5149423,7.706397,0.4850577
data\processed\bfw\asian\n000839\0185_01.jpg,data\processed\bfw\asian\n002406\0534_02.jpg,n000839,n002406,asian,asian,females,males,,,0,0.09088357,12.804096,0.90911645
data\processed\bfw\asian\n000158\0012_01.jpg,data\processed\bfw\asian\n000158\0066_01.jpg,n000158,n000158,asian,asian,males,males,,,1,0.7643928,6.450868,0.2356072
data\processed\bfw\asian\n009277\0051_01.jpg,data\processed\bfw\asian\n004108\0267_02.jpg,n009277,n004108,asian,asian,females,males,,,0,0.05669553,11.533834,0.9433045
data\processed\bfw\asian\n003489\0020_01.jpg,data\processed\bfw\asian\n003489\0112_01.jpg,n003489,n003489,asian,asian,males,males,,,1,0.57866484,10.00519,0.42133516
data\processed\bfw\asian\n003357\0008_01.jpg,data\processed\bfw\asian\n005378\0409_02.jpg,n003357,n005378,asian,asian,females,females,,,0,0.18622828,11.022999,0.8137717
data\processed\bfw\asian\n003533\0101_02.jpg,data\processed\bfw\asian\n006203\0022_01.jpg,n003533,n006203,asian,asian,males,females,,,0,0.015760561,11.652353,0.98423946
data\processed\bfw\asian\n004467\0191_01.jpg,data\processed\bfw\asian\n004467\0656_01.jpg,n004467,n004467,asian,asian,males,males,,,1,0.31122616,9.3676815,0.6887739
data\processed\bfw\asian\n006634\0010_01.jpg,data\processed\bfw\asian\n004549\0656_02.jpg,n006634,n004549,asian,asian,females,females,,,0,0.36564434,10.441645,0.63435566
data\processed\bfw\asian\n006223\0183_01.jpg,data\processed\bfw\asian\n006223\0385_01.jpg,n006223,n006223,asian,asian,females,females,,,1,0.30500218,9.989476,0.6949978
data\processed\bfw\asian\n006774\0070_01.jpg,data\processed\bfw\asian\n006774\0393_01.jpg,n006774,n006774,asian,asian,females,females,,,1,0.24589665,12.010115,0.75410336
data\processed\bfw\asian\n002320\0316_02.jpg,data\processed\bfw\asian\n004786\0041_02.jpg,n002320,n004786,asian,asian,males,females,,,0,0.10067465,10.251229,0.8993254
data\processed\bfw\asian\n009288\0121_01.jpg,data\processed\bfw\asian\n009288\0156_02.jpg,n009288,n009288,asian,asian,females,females,,,1,0.6557887,8.434617,0.34421128
data\processed\bfw\asian\n007089\0033_01.jpg,data\processed\bfw\asian\n003449\0073_01.jpg,n007089,n003449,asian,asian,females,females,,,0,0.14215708,11.149275,0.8578429
data\processed\bfw\asian\n003027\0173_01.jpg,data\processed\bfw\asian\n003027\0470_01.jpg,n003027,n003027,asian,asian,males,males,,,1,0.51845866,9.489133,0.48154134
data\processed\bfw\asian\n003288\0230_01.jpg,data\processed\bfw\asian\n003288\0572_01.jpg,n003288,n003288,asian,asian,females,females,,,1,0.30514687,9.473635,0.6948531
data\processed\bfw\asian\n002725\0013_01.jpg,data\processed\bfw\asian\n004785\0211_01.jpg,n002725,n004785,asian,asian,females,females,,,0,0.054552224,13.394173,0.9454478
data\processed\bfw\asian\n007899\0169_01.jpg,data\processed\bfw\asian\n001682\0048_01.jpg,n007899,n001682,asian,asian,females,males,,,0,-0.06550379,14.3836975,1.0655038
data\processed\bfw\asian\n003465\0248_01.jpg,data\processed\bfw\asian\n007385\0129_01.jpg,n003465,n007385,asian,asian,males,females,,,0,0.38028407,9.534393,0.6197159
data\processed\bfw\asian\n009287\0027_01.jpg,data\processed\bfw\asian\n009287\0064_01.jpg,n009287,n009287,asian,asian,females,females,,,1,0.50325835,9.397166,0.49674165
data\processed\bfw\asian\n004805\0083_01.jpg,data\processed\bfw\asian\n004805\0263_06.jpg,n004805,n004805,asian,asian,males,males,,,1,0.19247779,8.6308775,0.8075222
data\processed\bfw\asian\n001572\0158_01.jpg,data\processed\bfw\asian\n001572\0329_01.jpg,n001572,n001572,asian,asian,females,females,,,1,0.47452283,8.742187,0.5254772
data\processed\bfw\asian\n009148\0078_01.jpg,data\processed\bfw\asian\n009103\0220_01.jpg,n009148,n009103,asian,asian,females,females,,,0,0.2905174,11.1017475,0.7094826
data\processed\bfw\asian\n003223\0062_01.jpg,data\processed\bfw\asian\n003223\0327_01.jpg,n003223,n003223,asian,asian,males,males,,,1,0.41555113,9.34366,0.5844489
data\processed\bfw\asian\n000854\0428_01.jpg,data\processed\bfw\asian\n004221\0226_06.jpg,n000854,n004221,asian,asian,females,males,,,0,0.15875307,9.517298,0.84124696
data\processed\bfw\asian\n003467\0030_01.jpg,data\processed\bfw\asian\n003467\0096_01.jpg,n003467,n003467,asian,asian,females,females,,,1,0.5074156,9.8916445,0.4925844
data\processed\bfw\asian\n003355\0266_01.jpg,data\processed\bfw\asian\n003355\0620_01.jpg,n003355,n003355,asian,asian,males,males,,,1,0.27085906,9.547287,0.72914094
data\processed\bfw\asian\n000160\0308_01.jpg,data\processed\bfw\asian\n000160\0350_01.jpg,n000160,n000160,asian,asian,females,females,,,1,0.32617086,9.329076,0.67382914
data\processed\bfw\asian\n000139\0216_01.jpg,data\processed\bfw\asian\n000139\0261_01.jpg,n000139,n000139,asian,asian,females,females,,,1,0.16537276,9.865743,0.8346273
data\processed\bfw\asian\n000873\0176_01.jpg,data\processed\bfw\asian\n000873\0348_02.jpg,n000873,n000873,asian,asian,males,males,,,1,0.13611072,10.539383,0.8638893
data\processed\bfw\asian\n006634\0010_01.jpg,data\processed\bfw\asian\n006634\0679_01.jpg,n006634,n006634,asian,asian,females,females,,,1,0.48359376,10.234389,0.51640624
data\processed\bfw\asian\n004948\0241_01.jpg,data\processed\bfw\asian\n000856\0110_02.jpg,n004948,n000856,asian,asian,males,females,,,0,0.06587492,10.895783,0.93412507
data\processed\bfw\asian\n005378\0092_01.jpg,data\processed\bfw\asian\n005378\0326_01.jpg,n005378,n005378,asian,asian,females,females,,,1,0.149261,11.533402,0.850739
data\processed\bfw\asian\n000139\0216_01.jpg,data\processed\bfw\asian\n007899\0169_01.jpg,n000139,n007899,asian,asian,females,females,,,0,0.33009815,10.0397625,0.66990185
data\processed\bfw\asian\n000161\0133_01.jpg,data\processed\bfw\asian\n000838\0058_01.jpg,n000161,n000838,asian,asian,males,females,,,0,0.17762278,11.327653,0.8223772
data\processed\bfw\asian\n001562\0198_02.jpg,data\processed\bfw\asian\n001562\0360_02.jpg,n001562,n001562,asian,asian,males,males,,,1,0.5502151,7.3645573,0.44978487
data\processed\bfw\asian\n006159\0122_01.jpg,data\processed\bfw\asian\n006159\0265_01.jpg,n006159,n006159,asian,asian,females,females,,,1,0.19544138,9.859281,0.80455863
data\processed\bfw\asian\n004936\0111_04.jpg,data\processed\bfw\asian\n004936\0136_02.jpg,n004936,n004936,asian,asian,females,females,,,1,0.29450858,10.786223,0.7054914
data\processed\bfw\asian\n005116\0283_01.jpg,data\processed\bfw\asian\n005474\0058_03.jpg,n005116,n005474,asian,asian,males,females,,,0,0.19172916,12.144711,0.8082708
data\processed\bfw\asian\n004935\0138_01.jpg,data\processed\bfw\asian\n001976\0283_01.jpg,n004935,n001976,asian,asian,males,males,,,0,0.11097266,11.113188,0.88902736
data\processed\bfw\asian\n003355\0008_01.jpg,data\processed\bfw\asian\n003355\0184_01.jpg,n003355,n003355,asian,asian,males,males,,,1,0.49797475,8.8916445,0.50202525
data\processed\bfw\asian\n009137\0521_02.jpg,data\processed\bfw\asian\n006619\0417_01.jpg,n009137,n006619,asian,asian,females,females,,,0,0.25703093,9.824065,0.74296904
data\processed\bfw\asian\n007899\0212_01.jpg,data\processed\bfw\asian\n007899\0250_01.jpg,n007899,n007899,asian,asian,females,females,,,1,0.4351886,8.630648,0.5648114
data\processed\bfw\asian\n003153\0624_01.jpg,data\processed\bfw\asian\n008934\0264_01.jpg,n003153,n008934,asian,asian,females,females,,,0,0.15476324,12.8273535,0.8452368
data\processed\bfw\asian\n004860\0040_01.jpg,data\processed\bfw\asian\n004860\0346_03.jpg,n004860,n004860,asian,asian,females,females,,,1,0.14199568,11.381113,0.85800433
data\processed\bfw\asian\n004877\0092_02.jpg,data\processed\bfw\asian\n004877\0472_01.jpg,n004877,n004877,asian,asian,females,females,,,1,0.0893102,11.797847,0.91068983
data\processed\bfw\asian\n000436\0675_01.jpg,data\processed\bfw\asian\n003506\0319_01.jpg,n000436,n003506,asian,asian,males,females,,,0,0.1954787,12.249117,0.8045213
data\processed\bfw\asian\n003449\0001_01.jpg,data\processed\bfw\asian\n005072\0272_01.jpg,n003449,n005072,asian,asian,females,males,,,0,0.00817725,12.811704,0.9918228
data\processed\bfw\asian\n009287\0115_01.jpg,data\processed\bfw\asian\n009294\0018_02.jpg,n009287,n009294,asian,asian,females,females,,,0,0.19024608,13.341877,0.8097539
data\processed\bfw\asian\n006619\0142_01.jpg,data\processed\bfw\asian\n009041\0569_01.jpg,n006619,n009041,asian,asian,females,females,,,0,-0.05109925,11.431468,1.0510993
data\processed\bfw\asian\n005177\0235_01.jpg,data\processed\bfw\asian\n005116\0442_01.jpg,n005177,n005116,asian,asian,males,males,,,0,0.14599663,10.492713,0.85400337
data\processed\bfw\asian\n005071\0630_01.jpg,data\processed\bfw\asian\n006149\0275_01.jpg,n005071,n006149,asian,asian,males,females,,,0,0.15677656,11.464649,0.84322345
data\processed\bfw\asian\n006774\0391_01.jpg,data\processed\bfw\asian\n006774\0696_01.jpg,n006774,n006774,asian,asian,females,females,,,1,0.24000086,11.5153265,0.75999916
data\processed\bfw\asian\n006633\0056_01.jpg,data\processed\bfw\asian\n005083\0198_01.jpg,n006633,n005083,asian,asian,females,females,,,0,0.30893826,10.311108,0.69106174
data\processed\bfw\asian\n004686\0271_01.jpg,data\processed\bfw\asian\n004686\0302_01.jpg,n004686,n004686,asian,asian,males,males,,,1,0.32300976,10.13663,0.6769903
data\processed\bfw\asian\n007899\0064_01.jpg,data\processed\bfw\asian\n004809\0200_02.jpg,n007899,n004809,asian,asian,females,males,,,0,0.24651946,12.172505,0.75348055
data\processed\bfw\asian\n005378\0370_01.jpg,data\processed\bfw\asian\n002406\0093_01.jpg,n005378,n002406,asian,asian,females,males,,,0,0.06498573,10.147052,0.93501425
data\processed\bfw\asian\n002331\0243_01.jpg,data\processed\bfw\asian\n000148\0025_01.jpg,n002331,n000148,asian,asian,males,females,,,0,0.13881575,11.410238,0.86118424
data\processed\bfw\asian\n005069\0135_01.jpg,data\processed\bfw\asian\n005378\0242_02.jpg,n005069,n005378,asian,asian,females,females,,,0,0.12077691,12.003084,0.8792231
data\processed\bfw\asian\n003449\0073_01.jpg,data\processed\bfw\asian\n003449\0180_01.jpg,n003449,n003449,asian,asian,females,females,,,1,0.2729733,10.666482,0.7270267
data\processed\bfw\asian\n004221\0158_03.jpg,data\processed\bfw\asian\n004221\0173_01.jpg,n004221,n004221,asian,asian,males,males,,,1,0.44646168,9.888891,0.5535383
data\processed\bfw\asian\n009279\0255_01.jpg,data\processed\bfw\asian\n004109\0172_01.jpg,n009279,n004109,asian,asian,females,males,,,0,0.058776464,11.5372505,0.94122356
data\processed\bfw\asian\n006126\0012_01.jpg,data\processed\bfw\asian\n005078\0091_03.jpg,n006126,n005078,asian,asian,females,males,,,0,-0.025691742,12.574636,1.0256917
data\processed\bfw\asian\n005083\0046_01.jpg,data\processed\bfw\asian\n005083\0190_01.jpg,n005083,n005083,asian,asian,females,females,,,1,0.5583275,8.951734,0.4416725
data\processed\bfw\asian\n004109\0125_01.jpg,data\processed\bfw\asian\n003491\0081_04.jpg,n004109,n003491,asian,asian,males,males,,,0,0.051708333,12.339781,0.94829166
data\processed\bfw\asian\n006203\0009_04.jpg,data\processed\bfw\asian\n006203\0085_03.jpg,n006203,n006203,asian,asian,females,females,,,1,0.35348043,8.386325,0.64651954
data\processed\bfw\asian\n004794\0203_02.jpg,data\processed\bfw\asian\n004794\0603_01.jpg,n004794,n004794,asian,asian,males,males,,,1,0.4516101,8.663902,0.5483899
data\processed\bfw\asian\n007378\0509_01.jpg,data\processed\bfw\asian\n004877\0055_01.jpg,n007378,n004877,asian,asian,females,females,,,0,0.18045706,11.64235,0.81954294
data\processed\bfw\asian\n004466\0137_01.jpg,data\processed\bfw\asian\n007380\0268_01.jpg,n004466,n007380,asian,asian,males,females,,,0,0.14917742,11.553233,0.85082257
data\processed\bfw\asian\n000837\0023_02.jpg,data\processed\bfw\asian\n000837\0046_02.jpg,n000837,n000837,asian,asian,females,females,,,1,0.67932534,7.1705966,0.32067466
data\processed\bfw\asian\n003027\0037_01.jpg,data\processed\bfw\asian\n003027\0085_01.jpg,n003027,n003027,asian,asian,males,males,,,1,0.56129265,9.46699,0.43870735
data\processed\bfw\asian\n006774\0364_02.jpg,data\processed\bfw\asian\n004466\0225_01.jpg,n006774,n004466,asian,asian,females,males,,,0,-0.054744124,11.280778,1.0547441
data\processed\bfw\asian\n004687\0295_01.jpg,data\processed\bfw\asian\n006149\0009_01.jpg,n004687,n006149,asian,asian,females,females,,,0,0.2827613,11.09167,0.71723866
data\processed\bfw\asian\n007816\0329_01.jpg,data\processed\bfw\asian\n007816\0375_01.jpg,n007816,n007816,asian,asian,females,females,,,1,0.28675827,9.650927,0.7132417
data\processed\bfw\asian\n003635\0648_02.jpg,data\processed\bfw\asian\n005071\0182_01.jpg,n003635,n005071,asian,asian,males,males,,,0,0.18875946,12.175576,0.81124055
data\processed\bfw\asian\n002644\0557_01.jpg,data\processed\bfw\asian\n006223\0033_01.jpg,n002644,n006223,asian,asian,males,females,,,0,-0.11238633,11.910497,1.1123863
data\processed\bfw\asian\n004936\0324_01.jpg,data\processed\bfw\asian\n007899\0082_01.jpg,n004936,n007899,asian,asian,females,females,,,0,0.28003395,9.895803,0.71996605
data\processed\bfw\asian\n004687\0019_01.jpg,data\processed\bfw\asian\n004687\0113_01.jpg,n004687,n004687,asian,asian,females,females,,,1,0.6082864,7.8366303,0.39171362
data\processed\bfw\asian\n004721\0046_01.jpg,data\processed\bfw\asian\n004721\0200_01.jpg,n004721,n004721,asian,asian,males,males,,,1,0.4519357,9.73469,0.5480643
data\processed\bfw\asian\n000137\0097_01.jpg,data\processed\bfw\asian\n003153\0610_04.jpg,n000137,n003153,asian,asian,females,females,,,0,-0.10448874,10.3405075,1.1044887
data\processed\bfw\asian\n004794\0015_05.jpg,data\processed\bfw\asian\n004794\0313_02.jpg,n004794,n004794,asian,asian,males,males,,,1,0.22212002,9.925658,0.77787995
data\processed\bfw\asian\n006125\0058_01.jpg,data\processed\bfw\asian\n006125\0163_01.jpg,n006125,n006125,asian,asian,females,females,,,1,0.33660856,11.697061,0.6633915
data\processed\bfw\asian\n000161\0175_05.jpg,data\processed\bfw\asian\n006222\0103_01.jpg,n000161,n006222,asian,asian,males,females,,,0,0.07271791,11.917383,0.9272821
data\processed\bfw\asian\n000009\0012_01.jpg,data\processed\bfw\asian\n008934\0039_01.jpg,n000009,n008934,asian,asian,females,females,,,0,0.2181872,11.294649,0.7818128
data\processed\bfw\asian\n009148\0017_01.jpg,data\processed\bfw\asian\n000838\0027_01.jpg,n009148,n000838,asian,asian,females,females,,,0,0.12751119,12.599489,0.8724888
data\processed\bfw\asian\n005077\0006_01.jpg,data\processed\bfw\asian\n005116\0050_01.jpg,n005077,n005116,asian,asian,females,males,,,0,0.074112915,11.486798,0.9258871
data\processed\bfw\asian\n009175\0007_01.jpg,data\processed\bfw\asian\n004681\0366_01.jpg,n009175,n004681,asian,asian,females,males,,,0,0.14832559,11.9594145,0.85167444
data\processed\bfw\asian\n004109\0047_02.jpg,data\processed\bfw\asian\n004109\0199_01.jpg,n004109,n004109,asian,asian,males,males,,,1,0.205977,10.718152,0.79402304
data\processed\bfw\asian\n006224\0030_01.jpg,data\processed\bfw\asian\n006224\0212_01.jpg,n006224,n006224,asian,asian,females,females,,,1,0.48456332,8.785964,0.51543665
data\processed\bfw\asian\n007270\0197_01.jpg,data\processed\bfw\asian\n004948\0378_02.jpg,n007270,n004948,asian,asian,females,males,,,0,0.16139337,9.4605465,0.8386066
data\processed\bfw\asian\n006222\0104_01.jpg,data\processed\bfw\asian\n006222\0135_01.jpg,n006222,n006222,asian,asian,females,females,,,1,0.00092770375,11.833161,0.9990723
data\processed\bfw\asian\n005083\0254_01.jpg,data\processed\bfw\asian\n004870\0266_01.jpg,n005083,n004870,asian,asian,females,females,,,0,0.15514062,10.987972,0.84485936
data\processed\bfw\asian\n007378\0217_01.jpg,data\processed\bfw\asian\n004800\0289_02.jpg,n007378,n004800,asian,asian,females,males,,,0,0.20627823,9.35371,0.7937218
data\processed\bfw\asian\n004466\0045_01.jpg,data\processed\bfw\asian\n004466\0321_01.jpg,n004466,n004466,asian,asian,males,males,,,1,0.42661083,8.965143,0.5733892
data\processed\bfw\asian\n003288\0385_01.jpg,data\processed\bfw\asian\n003288\0495_01.jpg,n003288,n003288,asian,asian,females,females,,,1,0.26096824,10.238157,0.7390318
data\processed\bfw\asian\n003463\0075_01.jpg,data\processed\bfw\asian\n000839\0163_01.jpg,n003463,n000839,asian,asian,males,females,,,0,0.00084684865,12.952516,0.99915314
data\processed\bfw\asian\n008148\0206_01.jpg,data\processed\bfw\asian\n008148\0244_01.jpg,n008148,n008148,asian,asian,females,females,,,1,0.30708626,10.694193,0.6929138
data\processed\bfw\asian\n009175\0020_01.jpg,data\processed\bfw\asian\n006223\0189_01.jpg,n009175,n006223,asian,asian,females,females,,,0,0.15323591,12.969294,0.8467641
data\processed\bfw\asian\n003489\0061_01.jpg,data\processed\bfw\asian\n003489\0220_01.jpg,n003489,n003489,asian,asian,males,males,,,1,0.54865724,8.63605,0.45134276
data\processed\bfw\asian\n009294\0110_02.jpg,data\processed\bfw\asian\n006736\0030_01.jpg,n009294,n006736,asian,asian,females,females,,,0,-0.07593223,12.86984,1.0759323
data\processed\bfw\asian\n004721\0203_01.jpg,data\processed\bfw\asian\n004721\0478_01.jpg,n004721,n004721,asian,asian,males,males,,,1,0.2512837,11.680345,0.7487163
data\processed\bfw\asian\n006358\0083_03.jpg,data\processed\bfw\asian\n003491\0086_01.jpg,n006358,n003491,asian,asian,females,males,,,0,0.06390151,12.564131,0.9360985
data\processed\bfw\asian\n001496\0219_01.jpg,data\processed\bfw\asian\n001496\0444_01.jpg,n001496,n001496,asian,asian,males,males,,,1,0.22115949,8.342858,0.77884054
data\processed\bfw\asian\n007270\0128_01.jpg,data\processed\bfw\asian\n007270\0289_01.jpg,n007270,n007270,asian,asian,females,females,,,1,0.50737286,7.6102667,0.49262714
data\processed\bfw\asian\n000160\0347_01.jpg,data\processed\bfw\asian\n003463\0023_01.jpg,n000160,n003463,asian,asian,females,males,,,0,0.33264518,8.896386,0.6673548
data\processed\bfw\asian\n000148\0365_01.jpg,data\processed\bfw\asian\n008978\0083_01.jpg,n000148,n008978,asian,asian,females,females,,,0,0.31273577,11.043647,0.6872642
data\processed\bfw\asian\n008163\0645_01.jpg,data\processed\bfw\asian\n003491\0019_01.jpg,n008163,n003491,asian,asian,females,males,,,0,0.19925033,11.940197,0.80074966
data\processed\bfw\asian\n005069\0313_01.jpg,data\processed\bfw\asian\n005069\0502_02.jpg,n005069,n005069,asian,asian,females,females,,,1,0.021093998,10.169336,0.978906
data\processed\bfw\asian\n003465\0023_06.jpg,data\processed\bfw\asian\n003465\0413_01.jpg,n003465,n003465,asian,asian,males,males,,,1,0.15897483,9.955001,0.8410252
data\processed\bfw\asian\n000139\0498_01.jpg,data\processed\bfw\asian\n004549\0357_03.jpg,n000139,n004549,asian,asian,females,females,,,0,0.27805024,12.137089,0.72194976
data\processed\bfw\asian\n008934\0053_01.jpg,data\processed\bfw\asian\n000135\0255_01.jpg,n008934,n000135,asian,asian,females,females,,,0,0.2244744,11.918476,0.77552557
data\processed\bfw\asian\n000436\0088_03.jpg,data\processed\bfw\asian\n000436\0407_01.jpg,n000436,n000436,asian,asian,males,males,,,1,0.11057316,10.518015,0.8894268
data\processed\bfw\asian\n009177\0363_01.jpg,data\processed\bfw\asian\n008163\0429_01.jpg,n009177,n008163,asian,asian,females,females,,,0,0.23660085,10.932319,0.7633991
data\processed\bfw\asian\n003533\0128_01.jpg,data\processed\bfw\asian\n003533\0138_01.jpg,n003533,n003533,asian,asian,males,males,,,1,0.3849342,10.462095,0.6150658
data\processed\bfw\asian\n001682\0041_01.jpg,data\processed\bfw\asian\n000873\0050_02.jpg,n001682,n000873,asian,asian,males,males,,,0,0.19368467,12.564022,0.8063153
data\processed\bfw\asian\n000138\0066_09.jpg,data\processed\bfw\asian\n005069\0225_01.jpg,n000138,n005069,asian,asian,females,females,,,0,0.29322603,8.7604885,0.706774
data\processed\bfw\asian\n004864\0148_01.jpg,data\processed\bfw\asian\n006774\0111_01.jpg,n004864,n006774,asian,asian,females,females,,,0,0.29805428,12.3535795,0.7019457
data\processed\bfw\asian\n004472\0155_01.jpg,data\processed\bfw\asian\n004472\0295_03.jpg,n004472,n004472,asian,asian,females,females,,,1,0.39492604,10.655283,0.6050739
data\processed\bfw\asian\n004681\0101_01.jpg,data\processed\bfw\asian\n006159\0178_01.jpg,n004681,n006159,asian,asian,males,females,,,0,0.149493,10.85083,0.850507
data\processed\bfw\asian\n008978\0236_01.jpg,data\processed\bfw\asian\n009294\0282_03.jpg,n008978,n009294,asian,asian,females,females,,,0,0.41130126,10.270005,0.58869874
data\processed\bfw\asian\n000872\0200_01.jpg,data\processed\bfw\asian\n000872\0241_04.jpg,n000872,n000872,asian,asian,males,males,,,1,0.13093995,10.0101185,0.86906004
data\processed\bfw\asian\n007372\0177_01.jpg,data\processed\bfw\asian\n000856\0134_02.jpg,n007372,n000856,asian,asian,females,females,,,0,0.19992425,8.811492,0.80007577
data\processed\bfw\asian\n003824\0019_01.jpg,data\processed\bfw\asian\n004800\0428_01.jpg,n003824,n004800,asian,asian,females,males,,,0,0.020602277,12.515454,0.9793977
data\processed\bfw\asian\n009287\0256_04.jpg,data\processed\bfw\asian\n007378\0458_01.jpg,n009287,n007378,asian,asian,females,females,,,0,0.28497288,12.138898,0.7150271
data\processed\bfw\asian\n006223\0126_01.jpg,data\processed\bfw\asian\n006223\0250_01.jpg,n006223,n006223,asian,asian,females,females,,,1,0.3786581,8.902368,0.62134194
data\processed\bfw\asian\n000158\0066_01.jpg,data\processed\bfw\asian\n000158\0161_01.jpg,n000158,n000158,asian,asian,males,males,,,1,0.5538351,9.130142,0.4461649
data\processed\bfw\asian\n007378\0175_01.jpg,data\processed\bfw\asian\n007378\0500_02.jpg,n007378,n007378,asian,asian,females,females,,,1,0.6821285,7.248932,0.3178715
data\processed\bfw\asian\n004870\0094_04.jpg,data\processed\bfw\asian\n001572\0393_01.jpg,n004870,n001572,asian,asian,females,females,,,0,0.2240364,8.743065,0.7759636
data\processed\bfw\asian\n003355\0016_01.jpg,data\processed\bfw\asian\n000840\0053_01.jpg,n003355,n000840,asian,asian,males,females,,,0,0.31305334,9.389998,0.68694663
data\processed\bfw\asian\n003467\0395_01.jpg,data\processed\bfw\asian\n003467\0405_01.jpg,n003467,n003467,asian,asian,females,females,,,1,0.15786931,10.6377325,0.84213066
data\processed\bfw\asian\n006418\0165_02.jpg,data\processed\bfw\asian\n006418\0386_01.jpg,n006418,n006418,asian,asian,females,females,,,1,0.5663612,7.690141,0.4336388
data\processed\bfw\asian\n000137\0050_01.jpg,data\processed\bfw\asian\n000137\0110_01.jpg,n000137,n000137,asian,asian,females,females,,,1,0.43615797,9.061911,0.56384206
data\processed\bfw\asian\n009275\0238_02.jpg,data\processed\bfw\asian\n009275\0343_01.jpg,n009275,n009275,asian,asian,females,females,,,1,0.08087024,10.206626,0.9191297
data\processed\bfw\asian\n006126\0128_01.jpg,data\processed\bfw\asian\n005378\0176_01.jpg,n006126,n005378,asian,asian,females,females,,,0,0.22180532,10.978482,0.77819467
data\processed\bfw\asian\n003156\0004_01.jpg,data\processed\bfw\asian\n003156\0103_01.jpg,n003156,n003156,asian,asian,males,males,,,1,0.34784,9.418273,0.65216
data\processed\bfw\asian\n000143\0406_01.jpg,data\processed\bfw\asian\n007380\0525_01.jpg,n000143,n007380,asian,asian,females,females,,,0,-0.15248556,9.101393,1.1524856
data\processed\bfw\asian\n003358\0139_01.jpg,data\processed\bfw\asian\n004680\0175_01.jpg,n003358,n004680,asian,asian,females,females,,,0,0.16989449,11.801208,0.83010554
data\processed\bfw\asian\n003489\0220_01.jpg,data\processed\bfw\asian\n008383\0118_01.jpg,n003489,n008383,asian,asian,males,females,,,0,0.2766044,10.672767,0.7233956
data\processed\bfw\asian\n009277\0178_01.jpg,data\processed\bfw\asian\n009277\0365_01.jpg,n009277,n009277,asian,asian,females,females,,,1,0.16745543,12.551123,0.83254457
data\processed\bfw\asian\n001562\0052_01.jpg,data\processed\bfw\asian\n001562\0070_01.jpg,n001562,n001562,asian,asian,males,males,,,1,0.21079701,8.34335,0.789203
data\processed\bfw\asian\n006418\0075_02.jpg,data\processed\bfw\asian\n006418\0129_01.jpg,n006418,n006418,asian,asian,females,females,,,1,0.3418966,8.834721,0.6581034
data\processed\bfw\asian\n005078\0079_01.jpg,data\processed\bfw\asian\n005078\0202_01.jpg,n005078,n005078,asian,asian,males,males,,,1,0.6221117,8.339039,0.37788832
data\processed\bfw\asian\n006125\0217_01.jpg,data\processed\bfw\asian\n004948\0401_02.jpg,n006125,n004948,asian,asian,females,males,,,0,0.042124044,9.591912,0.95787597
data\processed\bfw\asian\n004108\0188_01.jpg,data\processed\bfw\asian\n004108\0337_02.jpg,n004108,n004108,asian,asian,males,males,,,1,0.52722704,8.964558,0.47277296
data\processed\bfw\asian\n002406\0027_02.jpg,data\processed\bfw\asian\n009277\0026_01.jpg,n002406,n009277,asian,asian,males,females,,,0,0.11490405,10.400201,0.88509595
data\processed\bfw\asian\n008934\0053_01.jpg,data\processed\bfw\asian\n008934\0128_01.jpg,n008934,n008934,asian,asian,females,females,,,1,0.40914074,10.332883,0.5908593
data\processed\bfw\asian\n004686\0100_01.jpg,data\processed\bfw\asian\n004686\0544_01.jpg,n004686,n004686,asian,asian,males,males,,,1,0.5726553,8.50539,0.42734468
data\processed\bfw\asian\n009288\0107_01.jpg,data\processed\bfw\asian\n009288\0156_02.jpg,n009288,n009288,asian,asian,females,females,,,1,0.6053931,8.869769,0.3946069
data\processed\bfw\asian\n005474\0125_04.jpg,data\processed\bfw\asian\n005474\0298_05.jpg,n005474,n005474,asian,asian,females,females,,,1,0.29945296,10.099656,0.70054704
data\processed\bfw\asian\n009041\0553_01.jpg,data\processed\bfw\asian\n009103\0286_01.jpg,n009041,n009103,asian,asian,females,females,,,0,0.20345363,12.069867,0.79654634
data\processed\bfw\asian\n005083\0057_02.jpg,data\processed\bfw\asian\n005083\0108_01.jpg,n005083,n005083,asian,asian,females,females,,,1,0.5684077,8.517169,0.4315923
data\processed\bfw\asian\n000139\0309_01.jpg,data\processed\bfw\asian\n000139\0501_01.jpg,n000139,n000139,asian,asian,females,females,,,1,0.2749886,11.722204,0.7250114
data\processed\bfw\asian\n004864\0171_01.jpg,data\processed\bfw\asian\n004864\0179_01.jpg,n004864,n004864,asian,asian,females,females,,,1,0.30071157,10.054734,0.6992884
data\processed\bfw\asian\n006125\0185_01.jpg,data\processed\bfw\asian\n006125\0253_01.jpg,n006125,n006125,asian,asian,females,females,,,1,0.16963555,10.315296,0.83036447
data\processed\bfw\asian\n004930\0235_01.jpg,data\processed\bfw\asian\n004930\0282_01.jpg,n004930,n004930,asian,asian,females,females,,,1,0.102901556,11.792694,0.8970984
data\processed\bfw\asian\n004800\0740_01.jpg,data\processed\bfw\asian\n007380\0333_01.jpg,n004800,n007380,asian,asian,males,females,,,0,0.11569196,12.625822,0.88430804
data\processed\bfw\asian\n008148\0013_01.jpg,data\processed\bfw\asian\n008148\0183_01.jpg,n008148,n008148,asian,asian,females,females,,,1,0.47975108,8.744896,0.5202489
data\processed\bfw\asian\n000135\0081_01.jpg,data\processed\bfw\asian\n000135\0138_10.jpg,n000135,n000135,asian,asian,females,females,,,1,0.5696873,8.265537,0.4303127
data\processed\bfw\asian\n000158\0069_01.jpg,data\processed\bfw\asian\n004472\0312_02.jpg,n000158,n004472,asian,asian,males,females,,,0,-0.10557787,13.174162,1.1055778
data\processed\bfw\asian\n009288\0101_01.jpg,data\processed\bfw\asian\n003355\0266_01.jpg,n009288,n003355,asian,asian,females,males,,,0,0.027914084,10.13669,0.9720859
data\processed\bfw\asian\n006223\0055_01.jpg,data\processed\bfw\asian\n006223\0260_01.jpg,n006223,n006223,asian,asian,females,females,,,1,0.37429702,9.291513,0.625703
data\processed\bfw\asian\n001976\0458_02.jpg,data\processed\bfw\asian\n008163\0527_03.jpg,n001976,n008163,asian,asian,males,females,,,0,-0.022998348,11.090529,1.0229983
data\processed\bfw\asian\n009137\0278_01.jpg,data\processed\bfw\asian\n002509\0432_01.jpg,n009137,n002509,asian,asian,females,females,,,0,0.2640498,11.10224,0.73595023
data\processed\bfw\asian\n009042\0144_01.jpg,data\processed\bfw\asian\n009042\0250_01.jpg,n009042,n009042,asian,asian,females,females,,,1,0.28768972,10.93902,0.7123103
data\processed\bfw\asian\n009277\0020_01.jpg,data\processed\bfw\asian\n008978\0264_01.jpg,n009277,n008978,asian,asian,females,females,,,0,0.26600397,10.008025,0.73399603
data\processed\bfw\asian\n000139\0109_03.jpg,data\processed\bfw\asian\n003489\0220_01.jpg,n000139,n003489,asian,asian,females,males,,,0,-0.029433964,12.838127,1.029434
data\processed\bfw\asian\n004108\0190_01.jpg,data\processed\bfw\asian\n004108\0401_02.jpg,n004108,n004108,asian,asian,males,males,,,1,0.17922932,11.1718025,0.8207707
data\processed\bfw\asian\n004936\0304_02.jpg,data\processed\bfw\asian\n004936\0345_01.jpg,n004936,n004936,asian,asian,females,females,,,1,0.23136657,9.2505045,0.7686334
data\processed\bfw\asian\n004681\0026_01.jpg,data\processed\bfw\asian\n004681\0133_01.jpg,n004681,n004681,asian,asian,males,males,,,1,0.5655824,8.511823,0.4344176
data\processed\bfw\asian\n004466\0154_01.jpg,data\processed\bfw\asian\n000838\0037_01.jpg,n004466,n000838,asian,asian,males,females,,,0,0.10909282,12.564985,0.89090717
data\processed\bfw\asian\n005069\0148_01.jpg,data\processed\bfw\asian\n005069\0225_01.jpg,n005069,n005069,asian,asian,females,females,,,1,0.43242478,9.119113,0.5675752
data\processed\bfw\asian\n004936\0124_01.jpg,data\processed\bfw\asian\n004936\0324_01.jpg,n004936,n004936,asian,asian,females,females,,,1,0.3253766,9.816301,0.67462337
data\processed\bfw\asian\n009041\0066_01.jpg,data\processed\bfw\asian\n006634\0679_01.jpg,n009041,n006634,asian,asian,females,females,,,0,0.230185,12.548394,0.76981497
data\processed\bfw\asian\n000158\0250_02.jpg,data\processed\bfw\asian\n000838\0066_01.jpg,n000158,n000838,asian,asian,males,females,,,0,0.16535676,8.492096,0.83464324
data\processed\bfw\asian\n004725\0121_01.jpg,data\processed\bfw\asian\n004725\0147_01.jpg,n004725,n004725,asian,asian,males,males,,,1,0.35974377,10.831223,0.6402562
data\processed\bfw\asian\n000840\0053_01.jpg,data\processed\bfw\asian\n000840\0624_03.jpg,n000840,n000840,asian,asian,females,females,,,1,0.21689855,11.34771,0.78310144
data\processed\bfw\asian\n007270\0471_01.jpg,data\processed\bfw\asian\n004785\0211_01.jpg,n007270,n004785,asian,asian,females,females,,,0,0.1683172,10.7659855,0.8316828
data\processed\bfw\asian\n004794\0313_02.jpg,data\processed\bfw\asian\n004472\0093_01.jpg,n004794,n004472,asian,asian,males,females,,,0,0.11798145,10.947289,0.88201857
data\processed\bfw\asian\n004466\0030_01.jpg,data\processed\bfw\asian\n004466\0048_01.jpg,n004466,n004466,asian,asian,males,males,,,1,0.44930702,7.9031467,0.550693
data\processed\bfw\asian\n005083\0120_01.jpg,data\processed\bfw\asian\n003506\0342_01.jpg,n005083,n003506,asian,asian,females,females,,,0,0.12767364,11.419232,0.8723264
data\processed\bfw\asian\n009288\0165_01.jpg,data\processed\bfw\asian\n009288\0172_01.jpg,n009288,n009288,asian,asian,females,females,,,1,0.17123605,12.270653,0.82876396
data\processed\bfw\asian\n006126\0141_01.jpg,data\processed\bfw\asian\n006126\0329_01.jpg,n006126,n006126,asian,asian,females,females,,,1,0.42392495,8.503552,0.5760751
data\processed\bfw\asian\n009279\0015_01.jpg,data\processed\bfw\asian\n004680\0113_02.jpg,n009279,n004680,asian,asian,females,females,,,0,0.23771365,11.801337,0.76228637
data\processed\bfw\asian\n008978\0064_01.jpg,data\processed\bfw\asian\n004930\0236_01.jpg,n008978,n004930,asian,asian,females,females,,,0,0.13531584,11.672997,0.86468416
data\processed\bfw\asian\n001496\0145_01.jpg,data\processed\bfw\asian\n001496\0468_02.jpg,n001496,n001496,asian,asian,males,males,,,1,0.59659076,7.8630285,0.40340924
data\processed\bfw\asian\n001976\0038_01.jpg,data\processed\bfw\asian\n009103\0179_03.jpg,n001976,n009103,asian,asian,males,females,,,0,0.23716135,10.993395,0.76283866
data\processed\bfw\asian\n007380\0195_01.jpg,data\processed\bfw\asian\n003506\0115_01.jpg,n007380,n003506,asian,asian,females,females,,,0,0.22128871,11.270275,0.7787113
data\processed\bfw\asian\n004549\0351_02.jpg,data\processed\bfw\asian\n000009\0102_01.jpg,n004549,n000009,asian,asian,females,females,,,0,0.11466323,11.342315,0.88533676
data\processed\bfw\asian\n005474\0128_01.jpg,data\processed\bfw\asian\n005474\0145_02.jpg,n005474,n005474,asian,asian,females,females,,,1,0.22390792,10.1334505,0.77609205
data\processed\bfw\asian\n009175\0021_01.jpg,data\processed\bfw\asian\n009175\0061_01.jpg,n009175,n009175,asian,asian,females,females,,,1,0.6458344,8.675923,0.3541656
data\processed\bfw\asian\n008383\0068_01.jpg,data\processed\bfw\asian\n008383\0138_01.jpg,n008383,n008383,asian,asian,females,females,,,1,0.43392456,9.269864,0.56607544
data\processed\bfw\asian\n005078\0227_03.jpg,data\processed\bfw\asian\n005078\0679_01.jpg,n005078,n005078,asian,asian,males,males,,,1,0.30375612,10.609311,0.6962439
data\processed\bfw\asian\n003358\0365_01.jpg,data\processed\bfw\asian\n009175\0072_01.jpg,n003358,n009175,asian,asian,females,females,,,0,0.019041365,12.570907,0.98095864
data\processed\bfw\asian\n003358\0304_01.jpg,data\processed\bfw\asian\n003358\0306_01.jpg,n003358,n003358,asian,asian,females,females,,,1,0.47572073,8.840267,0.52427924
data\processed\bfw\asian\n005177\0294_01.jpg,data\processed\bfw\asian\n007664\0066_01.jpg,n005177,n007664,asian,asian,males,females,,,0,0.16059768,12.40573,0.8394023
data\processed\bfw\asian\n007380\0052_01.jpg,data\processed\bfw\asian\n007380\0271_01.jpg,n007380,n007380,asian,asian,females,females,,,1,0.39115146,8.879914,0.6088486
data\processed\bfw\asian\n005446\0144_01.jpg,data\processed\bfw\asian\n005446\0412_01.jpg,n005446,n005446,asian,asian,females,females,,,1,-0.0482737,11.678373,1.0482737
data\processed\bfw\asian\n002644\0497_02.jpg,data\processed\bfw\asian\n008163\0645_01.jpg,n002644,n008163,asian,asian,males,females,,,0,0.09349787,10.288824,0.9065021
data\processed\bfw\asian\n003027\0384_01.jpg,data\processed\bfw\asian\n003027\0397_01.jpg,n003027,n003027,asian,asian,males,males,,,1,0.13095659,10.049326,0.8690434
data\processed\bfw\asian\n007814\0114_02.jpg,data\processed\bfw\asian\n007814\0144_01.jpg,n007814,n007814,asian,asian,females,females,,,1,0.0936416,9.883633,0.9063584
data\processed\bfw\asian\n003167\0240_01.jpg,data\processed\bfw\asian\n003167\0562_01.jpg,n003167,n003167,asian,asian,males,males,,,1,0.749552,6.87216,0.250448
data\processed\bfw\asian\n003482\0022_01.jpg,data\processed\bfw\asian\n009287\0173_01.jpg,n003482,n009287,asian,asian,males,females,,,0,0.06940456,13.346672,0.93059546
data\processed\bfw\asian\n003635\0072_03.jpg,data\processed\bfw\asian\n003635\0177_02.jpg,n003635,n003635,asian,asian,males,males,,,1,0.19663163,10.622588,0.8033684
data\processed\bfw\asian\n003357\0493_01.jpg,data\processed\bfw\asian\n003027\0448_07.jpg,n003357,n003027,asian,asian,females,males,,,0,0.04710542,12.486228,0.95289457
data\processed\bfw\asian\n002331\0277_01.jpg,data\processed\bfw\asian\n003489\0109_01.jpg,n002331,n003489,asian,asian,males,males,,,0,0.17363134,11.765799,0.8263687
data\processed\bfw\asian\n002406\0253_01.jpg,data\processed\bfw\asian\n009279\0216_01.jpg,n002406,n009279,asian,asian,males,females,,,0,0.12911744,9.630205,0.8708826
data\processed\bfw\asian\n006159\0073_01.jpg,data\processed\bfw\asian\n006159\0235_01.jpg,n006159,n006159,asian,asian,females,females,,,1,0.06079797,10.056961,0.939202
data\processed\bfw\asian\n001976\0041_01.jpg,data\processed\bfw\asian\n001976\0090_01.jpg,n001976,n001976,asian,asian,males,males,,,1,0.52164316,7.4809766,0.47835684
data\processed\bfw\asian\n009279\0031_01.jpg,data\processed\bfw\asian\n009279\0439_01.jpg,n009279,n009279,asian,asian,females,females,,,1,0.18774216,10.434661,0.8122578
data\processed\bfw\asian\n003354\0177_01.jpg,data\processed\bfw\asian\n004930\0282_01.jpg,n003354,n004930,asian,asian,females,females,,,0,0.021903358,12.199097,0.97809666
data\processed\bfw\asian\n000839\0298_01.jpg,data\processed\bfw\asian\n008401\0139_02.jpg,n000839,n008401,asian,asian,females,females,,,0,0.11201381,13.938884,0.8879862
data\processed\bfw\asian\n005072\0001_03.jpg,data\processed\bfw\asian\n005072\0606_01.jpg,n005072,n005072,asian,asian,males,males,,,1,0.58495945,8.960658,0.41504055
data\processed\bfw\asian\n004791\0152_02.jpg,data\processed\bfw\asian\n004791\0204_01.jpg,n004791,n004791,asian,asian,males,males,,,1,0.5005478,8.149502,0.49945217
data\processed\bfw\asian\n004877\0007_01.jpg,data\processed\bfw\asian\n004877\0273_01.jpg,n004877,n004877,asian,asian,females,females,,,1,0.29386595,10.420127,0.7061341
data\processed\bfw\asian\n003288\0089_01.jpg,data\processed\bfw\asian\n003288\0255_01.jpg,n003288,n003288,asian,asian,females,females,,,1,0.2660613,10.170728,0.7339387
data\processed\bfw\asian\n002644\0024_02.jpg,data\processed\bfw\asian\n002644\0418_01.jpg,n002644,n002644,asian,asian,males,males,,,1,0.38099635,9.320185,0.61900365
data\processed\bfw\asian\n007385\0193_01.jpg,data\processed\bfw\asian\n007385\0320_03.jpg,n007385,n007385,asian,asian,females,females,,,1,0.31791535,9.808856,0.6820847
data\processed\bfw\asian\n000838\0044_01.jpg,data\processed\bfw\asian\n000837\0195_01.jpg,n000838,n000837,asian,asian,females,females,,,0,-0.05388526,13.337196,1.0538852
data\processed\bfw\asian\n003027\0176_04.jpg,data\processed\bfw\asian\n003027\0501_01.jpg,n003027,n003027,asian,asian,males,males,,,1,0.42825314,12.074995,0.5717468
data\processed\bfw\asian\n003449\0066_01.jpg,data\processed\bfw\asian\n003449\0418_01.jpg,n003449,n003449,asian,asian,females,females,,,1,0.09444566,9.996046,0.90555435
data\processed\bfw\asian\n007816\0329_01.jpg,data\processed\bfw\asian\n001562\0070_01.jpg,n007816,n001562,asian,asian,females,males,,,0,-0.028110461,10.748891,1.0281105
data\processed\bfw\asian\n009294\0002_01.jpg,data\processed\bfw\asian\n009294\0036_01.jpg,n009294,n009294,asian,asian,females,females,,,1,0.18896599,11.227132,0.811034
data\processed\bfw\asian\n003463\0129_01.jpg,data\processed\bfw\asian\n003463\0179_02.jpg,n003463,n003463,asian,asian,males,males,,,1,0.5070065,8.725298,0.49299347
data\processed\bfw\asian\n007738\0034_01.jpg,data\processed\bfw\asian\n007738\0172_01.jpg,n007738,n007738,asian,asian,females,females,,,1,0.48951316,9.725519,0.51048684
data\processed\bfw\asian\n006126\0141_01.jpg,data\processed\bfw\asian\n002331\0371_01.jpg,n006126,n002331,asian,asian,females,males,,,0,-0.0058070496,13.047267,1.005807
data\processed\bfw\asian\n000838\0037_01.jpg,data\processed\bfw\asian\n005177\0075_01.jpg,n000838,n005177,asian,asian,females,males,,,0,0.08819495,13.045149,0.91180503
data\processed\bfw\asian\n004791\0134_01.jpg,data\processed\bfw\asian\n008383\0193_12.jpg,n004791,n008383,asian,asian,males,females,,,0,0.17577974,10.3563795,0.82422024
data\processed\bfw\asian\n006126\0039_01.jpg,data\processed\bfw\asian\n004549\0018_01.jpg,n006126,n004549,asian,asian,females,females,,,0,0.3013864,9.609155,0.69861364
data\processed\bfw\asian\n005216\0020_01.jpg,data\processed\bfw\asian\n005216\0220_01.jpg,n005216,n005216,asian,asian,females,females,,,1,0.08095085,11.357407,0.91904914
data\processed\bfw\asian\n001976\0071_01.jpg,data\processed\bfw\asian\n001976\0077_02.jpg,n001976,n001976,asian,asian,males,males,,,1,0.4262374,8.598734,0.5737626
data\processed\bfw\asian\n007089\0067_01.jpg,data\processed\bfw\asian\n009148\0054_01.jpg,n007089,n009148,asian,asian,females,females,,,0,0.24483198,12.441379,0.755168
data\processed\bfw\asian\n000854\0239_01.jpg,data\processed\bfw\asian\n000854\0560_01.jpg,n000854,n000854,asian,asian,females,females,,,1,0.37423187,11.181853,0.6257681
data\processed\bfw\asian\n009042\0098_05.jpg,data\processed\bfw\asian\n006358\0101_06.jpg,n009042,n006358,asian,asian,females,females,,,0,0.13332182,13.553634,0.8666782
data\processed\bfw\asian\n004935\0035_02.jpg,data\processed\bfw\asian\n004935\0327_01.jpg,n004935,n004935,asian,asian,males,males,,,1,0.32134163,11.412277,0.67865837
data\processed\bfw\asian\n006634\0279_02.jpg,data\processed\bfw\asian\n006634\0726_04.jpg,n006634,n006634,asian,asian,females,females,,,1,0.074204065,10.949154,0.9257959
data\processed\bfw\asian\n009103\0421_01.jpg,data\processed\bfw\asian\n009288\0114_01.jpg,n009103,n009288,asian,asian,females,females,,,0,0.044896513,12.527306,0.9551035
data\processed\bfw\asian\n003489\0084_02.jpg,data\processed\bfw\asian\n003489\0091_01.jpg,n003489,n003489,asian,asian,males,males,,,1,0.537223,10.784923,0.46277702
data\processed\bfw\asian\n002406\0076_01.jpg,data\processed\bfw\asian\n002406\0148_01.jpg,n002406,n002406,asian,asian,males,males,,,1,0.37734082,8.866364,0.6226592
data\processed\bfw\asian\n004786\0030_01.jpg,data\processed\bfw\asian\n003489\0031_01.jpg,n004786,n003489,asian,asian,females,males,,,0,0.021010883,12.72246,0.9789891
data\processed\bfw\asian\n007380\0562_01.jpg,data\processed\bfw\asian\n006222\0071_01.jpg,n007380,n006222,asian,asian,females,females,,,0,0.005279762,11.932392,0.9947202
data\processed\bfw\asian\n002406\0310_02.jpg,data\processed\bfw\asian\n002406\0328_01.jpg,n002406,n002406,asian,asian,males,males,,,1,0.15824422,12.277286,0.84175575
data\processed\bfw\asian\n003162\0023_01.jpg,data\processed\bfw\asian\n004469\0832_01.jpg,n003162,n004469,asian,asian,males,males,,,0,0.01612737,14.858335,0.98387265
data\processed\bfw\asian\n007270\0434_01.jpg,data\processed\bfw\asian\n000135\0138_10.jpg,n007270,n000135,asian,asian,females,females,,,0,0.28362998,9.936525,0.71637
data\processed\bfw\asian\n009148\0050_05.jpg,data\processed\bfw\asian\n009148\0103_01.jpg,n009148,n009148,asian,asian,females,females,,,1,0.4565753,9.743593,0.5434247
data\processed\bfw\asian\n004786\0030_01.jpg,data\processed\bfw\asian\n009103\0286_01.jpg,n004786,n009103,asian,asian,females,females,,,0,0.36275485,9.884356,0.6372452
data\processed\bfw\asian\n005077\0082_01.jpg,data\processed\bfw\asian\n005077\0153_01.jpg,n005077,n005077,asian,asian,females,females,,,1,0.58686197,7.539599,0.41313803
data\processed\bfw\asian\n004809\0178_02.jpg,data\processed\bfw\asian\n004809\0659_01.jpg,n004809,n004809,asian,asian,males,males,,,1,0.29938355,9.217867,0.7006165
data\processed\bfw\asian\n003223\0645_01.jpg,data\processed\bfw\asian\n004787\0101_03.jpg,n003223,n004787,asian,asian,males,females,,,0,0.1547327,11.397491,0.8452673
data\processed\bfw\asian\n002320\0027_01.jpg,data\processed\bfw\asian\n002320\0072_01.jpg,n002320,n002320,asian,asian,males,males,,,1,0.53985083,7.6143284,0.46014917
data\processed\bfw\asian\n004469\0114_01.jpg,data\processed\bfw\asian\n004221\0450_01.jpg,n004469,n004221,asian,asian,males,males,,,0,0.1748884,13.634553,0.8251116
data\processed\bfw\asian\n000436\0224_01.jpg,data\processed\bfw\asian\n000436\0654_02.jpg,n000436,n000436,asian,asian,males,males,,,1,0.23642218,11.662948,0.7635778
data\processed\bfw\asian\n000837\0009_01.jpg,data\processed\bfw\asian\n000837\0206_02.jpg,n000837,n000837,asian,asian,females,females,,,1,0.38736942,10.668422,0.6126306
data\processed\bfw\asian\n002509\0041_01.jpg,data\processed\bfw\asian\n004221\0157_03.jpg,n002509,n004221,asian,asian,females,males,,,0,-0.010850629,14.869592,1.0108507
data\processed\bfw\asian\n005072\0027_01.jpg,data\processed\bfw\asian\n005072\0107_01.jpg,n005072,n005072,asian,asian,males,males,,,1,0.48152825,8.66183,0.5184717
data\processed\bfw\asian\n004721\0125_01.jpg,data\processed\bfw\asian\n006126\0119_01.jpg,n004721,n006126,asian,asian,males,females,,,0,-0.008393321,13.0569935,1.0083933
data\processed\bfw\asian\n007816\0281_01.jpg,data\processed\bfw\asian\n007816\0770_01.jpg,n007816,n007816,asian,asian,females,females,,,1,0.5064387,8.553643,0.49356133
data\processed\bfw\asian\n002406\0176_01.jpg,data\processed\bfw\asian\n003463\0005_01.jpg,n002406,n003463,asian,asian,males,males,,,0,0.30727792,9.539778,0.6927221
data\processed\bfw\asian\n003635\0177_02.jpg,data\processed\bfw\asian\n006344\0322_01.jpg,n003635,n006344,asian,asian,males,females,,,0,-0.13296033,10.898963,1.1329603
data\processed\bfw\asian\n004109\0015_01.jpg,data\processed\bfw\asian\n004109\0554_02.jpg,n004109,n004109,asian,asian,males,males,,,1,0.42288488,9.761861,0.5771151
data\processed\bfw\asian\n003027\0084_02.jpg,data\processed\bfw\asian\n003027\0501_01.jpg,n003027,n003027,asian,asian,males,males,,,1,0.37859884,11.635729,0.6214012
data\processed\bfw\asian\n009276\0166_01.jpg,data\processed\bfw\asian\n003155\1054_06.jpg,n009276,n003155,asian,asian,females,males,,,0,-0.10692017,13.308563,1.1069201
data\processed\bfw\asian\n004681\0019_01.jpg,data\processed\bfw\asian\n004681\0234_01.jpg,n004681,n004681,asian,asian,males,males,,,1,0.40386152,9.21216,0.5961385
data\processed\bfw\asian\n000436\0123_01.jpg,data\processed\bfw\asian\n000436\0156_02.jpg,n000436,n000436,asian,asian,males,males,,,1,0.14825514,11.928898,0.8517449
data\processed\bfw\asian\n007899\0084_02.jpg,data\processed\bfw\asian\n007899\0136_01.jpg,n007899,n007899,asian,asian,females,females,,,1,0.49389675,8.238349,0.5061033
data\processed\bfw\asian\n002331\0009_05.jpg,data\processed\bfw\asian\n002331\0153_01.jpg,n002331,n002331,asian,asian,males,males,,,1,0.5891807,8.035349,0.4108193
data\processed\bfw\asian\n003354\0029_01.jpg,data\processed\bfw\asian\n003354\0227_01.jpg,n003354,n003354,asian,asian,females,females,,,1,0.17132132,9.651143,0.82867867
data\processed\bfw\asian\n009294\0139_02.jpg,data\processed\bfw\asian\n004791\0204_01.jpg,n009294,n004791,asian,asian,females,males,,,0,0.18360202,10.977599,0.81639796
data\processed\bfw\asian\n007378\0289_01.jpg,data\processed\bfw\asian\n004467\0293_01.jpg,n007378,n004467,asian,asian,females,males,,,0,0.09878709,10.791301,0.90121293
data\processed\bfw\asian\n003482\0059_01.jpg,data\processed\bfw\asian\n003482\0284_06.jpg,n003482,n003482,asian,asian,males,males,,,1,0.1286126,10.67337,0.8713874
data\processed\bfw\asian\n004467\0307_03.jpg,data\processed\bfw\asian\n004467\0677_01.jpg,n004467,n004467,asian,asian,males,males,,,1,0.4315481,8.842027,0.5684519
data\processed\bfw\asian\n002406\0328_01.jpg,data\processed\bfw\asian\n009137\0163_02.jpg,n002406,n009137,asian,asian,males,females,,,0,-0.0073336647,10.529563,1.0073336
data\processed\bfw\asian\n005069\0578_01.jpg,data\processed\bfw\asian\n008383\0225_02.jpg,n005069,n008383,asian,asian,females,females,,,0,0.11112297,10.569848,0.88887703
data\processed\bfw\asian\n009125\0181_01.jpg,data\processed\bfw\asian\n002320\0272_03.jpg,n009125,n002320,asian,asian,females,males,,,0,0.04938412,11.785962,0.9506159
data\processed\bfw\asian\n005083\0038_01.jpg,data\processed\bfw\asian\n005083\0053_03.jpg,n005083,n005083,asian,asian,females,females,,,1,0.71229124,6.9482946,0.28770876
data\processed\bfw\asian\n003635\0072_03.jpg,data\processed\bfw\asian\n003635\0099_01.jpg,n003635,n003635,asian,asian,males,males,,,1,0.5852654,8.458532,0.4147346
data\processed\bfw\asian\n003357\0422_01.jpg,data\processed\bfw\asian\n009103\0703_02.jpg,n003357,n009103,asian,asian,females,females,,,0,0.38608056,9.510055,0.61391944
data\processed\bfw\asian\n002331\0065_02.jpg,data\processed\bfw\asian\n002331\0139_01.jpg,n002331,n002331,asian,asian,males,males,,,1,0.3619029,12.289329,0.6380971
data\processed\bfw\asian\n003153\0315_02.jpg,data\processed\bfw\asian\n003467\0096_01.jpg,n003153,n003467,asian,asian,females,females,,,0,0.19881003,11.140911,0.80118996
data\processed\bfw\asian\n003481\0015_01.jpg,data\processed\bfw\asian\n003481\0441_01.jpg,n003481,n003481,asian,asian,females,females,,,1,0.2905099,11.18038,0.70949006
data\processed\bfw\asian\n004549\0303_01.jpg,data\processed\bfw\asian\n000138\0259_01.jpg,n004549,n000138,asian,asian,females,females,,,0,0.25033388,8.965948,0.7496661
data\processed\bfw\asian\n004549\0027_02.jpg,data\processed\bfw\asian\n004549\0065_01.jpg,n004549,n004549,asian,asian,females,females,,,1,0.49506855,8.891376,0.50493145
data\processed\bfw\asian\n008163\0218_01.jpg,data\processed\bfw\asian\n006149\0026_01.jpg,n008163,n006149,asian,asian,females,females,,,0,-0.06510831,11.984915,1.0651083
data\processed\bfw\asian\n006736\0438_01.jpg,data\processed\bfw\asian\n006736\0537_01.jpg,n006736,n006736,asian,asian,females,females,,,1,0.14460555,12.846205,0.8553945
data\processed\bfw\asian\n004680\0175_01.jpg,data\processed\bfw\asian\n004864\0607_01.jpg,n004680,n004864,asian,asian,females,females,,,0,0.3145609,10.920257,0.6854391
data\processed\bfw\asian\n003824\0103_01.jpg,data\processed\bfw\asian\n000135\0465_01.jpg,n003824,n000135,asian,asian,females,females,,,0,0.038113587,12.771319,0.9618864
data\processed\bfw\asian\n006203\0009_04.jpg,data\processed\bfw\asian\n003481\0141_01.jpg,n006203,n003481,asian,asian,females,females,,,0,0.25957254,10.338769,0.7404275
data\processed\bfw\asian\n008401\0297_01.jpg,data\processed\bfw\asian\n008401\0334_01.jpg,n008401,n008401,asian,asian,females,females,,,1,0.512338,9.124753,0.48766202
data\processed\bfw\asian\n005063\0414_06.jpg,data\processed\bfw\asian\n009278\0066_01.jpg,n005063,n009278,asian,asian,females,females,,,0,0.14074719,12.861078,0.8592528
data\processed\bfw\asian\n000143\0044_01.jpg,data\processed\bfw\asian\n000143\0734_02.jpg,n000143,n000143,asian,asian,females,females,,,1,0.315315,10.1095085,0.684685
data\processed\bfw\asian\n002331\0054_02.jpg,data\processed\bfw\asian\n002331\0207_01.jpg,n002331,n002331,asian,asian,males,males,,,1,0.41567004,9.895916,0.58432996
data\processed\bfw\asian\n000139\0109_03.jpg,data\processed\bfw\asian\n000139\0170_01.jpg,n000139,n000139,asian,asian,females,females,,,1,0.48581582,10.079294,0.5141842
data\processed\bfw\asian\n004791\0209_01.jpg,data\processed\bfw\asian\n006126\0105_01.jpg,n004791,n006126,asian,asian,males,females,,,0,0.24692595,9.287468,0.75307405
data\processed\bfw\asian\n009279\0004_01.jpg,data\processed\bfw\asian\n004725\0225_01.jpg,n009279,n004725,asian,asian,females,males,,,0,0.0035477353,12.294119,0.9964523
data\processed\bfw\asian\n003027\0028_01.jpg,data\processed\bfw\asian\n003027\0176_04.jpg,n003027,n003027,asian,asian,males,males,,,1,0.6364202,9.453101,0.3635798
data\processed\bfw\asian\n005063\0439_01.jpg,data\processed\bfw\asian\n001682\0127_01.jpg,n005063,n001682,asian,asian,females,males,,,0,-0.02544057,9.777331,1.0254406
data\processed\bfw\asian\n000856\0012_01.jpg,data\processed\bfw\asian\n000856\0285_01.jpg,n000856,n000856,asian,asian,females,females,,,1,0.2106682,8.926732,0.7893318
data\processed\bfw\asian\n004877\0317_02.jpg,data\processed\bfw\asian\n004877\0441_01.jpg,n004877,n004877,asian,asian,females,females,,,1,0.27346754,10.75322,0.72653246
data\processed\bfw\asian\n003635\0449_01.jpg,data\processed\bfw\asian\n003635\0624_01.jpg,n003635,n003635,asian,asian,males,males,,,1,-0.063015796,12.3514185,1.0630158
data\processed\bfw\asian\n005378\0222_01.jpg,data\processed\bfw\asian\n005378\0446_01.jpg,n005378,n005378,asian,asian,females,females,,,1,0.49512628,10.091956,0.50487375
data\processed\bfw\asian\n001864\0077_01.jpg,data\processed\bfw\asian\n003156\0058_01.jpg,n001864,n003156,asian,asian,males,males,,,0,0.083914444,11.600423,0.91608554
data\processed\bfw\asian\n004809\0178_02.jpg,data\processed\bfw\asian\n002509\0023_01.jpg,n004809,n002509,asian,asian,males,females,,,0,0.07157774,11.39047,0.9284223
data\processed\bfw\asian\n006633\0063_04.jpg,data\processed\bfw\asian\n006148\0242_02.jpg,n006633,n006148,asian,asian,females,females,,,0,0.3370046,10.234664,0.6629954
data\processed\bfw\asian\n002331\0003_02.jpg,data\processed\bfw\asian\n002331\0029_01.jpg,n002331,n002331,asian,asian,males,males,,,1,0.59844005,9.678105,0.40155995
data\processed\bfw\asian\n005083\0133_01.jpg,data\processed\bfw\asian\n005083\0267_01.jpg,n005083,n005083,asian,asian,females,females,,,1,0.33963448,10.61821,0.6603655
data\processed\bfw\asian\n004930\0214_05.jpg,data\processed\bfw\asian\n004930\0290_01.jpg,n004930,n004930,asian,asian,females,females,,,1,0.057051837,11.960352,0.94294816
data\processed\bfw\asian\n000138\0066_09.jpg,data\processed\bfw\asian\n000137\0120_01.jpg,n000138,n000137,asian,asian,females,females,,,0,-0.010191149,10.100259,1.0101912
data\processed\bfw\asian\n006222\0035_01.jpg,data\processed\bfw\asian\n002725\0253_02.jpg,n006222,n002725,asian,asian,females,females,,,0,0.13320813,10.209095,0.86679184
data\processed\bfw\asian\n007380\0168_01.jpg,data\processed\bfw\asian\n007380\0195_01.jpg,n007380,n007380,asian,asian,females,females,,,1,0.35446298,9.615457,0.645537
data\processed\bfw\asian\n004472\0045_02.jpg,data\processed\bfw\asian\n009278\0259_01.jpg,n004472,n009278,asian,asian,females,females,,,0,0.41176546,10.31589,0.58823454
data\processed\bfw\asian\n005216\0084_01.jpg,data\processed\bfw\asian\n005216\0236_01.jpg,n005216,n005216,asian,asian,females,females,,,1,0.21989727,9.589251,0.7801027
data\processed\bfw\asian\n009276\0106_05.jpg,data\processed\bfw\asian\n009276\0298_01.jpg,n009276,n009276,asian,asian,females,females,,,1,0.31601924,9.9662895,0.68398076
data\processed\bfw\asian\n003506\0011_01.jpg,data\processed\bfw\asian\n003506\0256_01.jpg,n003506,n003506,asian,asian,females,females,,,1,0.3514713,11.063885,0.6485287
data\processed\bfw\asian\n006619\0092_02.jpg,data\processed\bfw\asian\n006619\0216_01.jpg,n006619,n006619,asian,asian,females,females,,,1,0.307848,9.991558,0.692152
data\processed\bfw\asian\n004472\0146_01.jpg,data\processed\bfw\asian\n004472\0332_01.jpg,n004472,n004472,asian,asian,females,females,,,1,0.24027976,10.981205,0.7597202
data\processed\bfw\asian\n009042\0026_01.jpg,data\processed\bfw\asian\n009042\0372_01.jpg,n009042,n009042,asian,asian,females,females,,,1,0.6485497,8.039614,0.35145032
data\processed\bfw\asian\n000137\0429_01.jpg,data\processed\bfw\asian\n009275\0343_01.jpg,n000137,n009275,asian,asian,females,females,,,0,0.116667524,9.79487,0.8833325
data\processed\bfw\asian\n003465\0248_01.jpg,data\processed\bfw\asian\n005446\0103_01.jpg,n003465,n005446,asian,asian,males,females,,,0,0.0034748442,12.443307,0.99652517
data\processed\bfw\asian\n009279\0439_01.jpg,data\processed\bfw\asian\n003449\0180_01.jpg,n009279,n003449,asian,asian,females,females,,,0,0.0869659,11.111222,0.9130341
data\processed\bfw\asian\n000132\0091_01__face_0.jpg,data\processed\bfw\asian\n000132\0693_01__face_0.jpg,n000132,n000132,asian,asian,males,males,,,1,0.5213623,8.962071,0.4786377
data\processed\bfw\asian\n006418\1023_02.jpg,data\processed\bfw\asian\n008934\0050_01.jpg,n006418,n008934,asian,asian,females,females,,,0,0.14374857,12.500672,0.8562514
data\processed\bfw\asian\n006222\0095_02.jpg,data\processed\bfw\asian\n006222\0104_01.jpg,n006222,n006222,asian,asian,females,females,,,1,0.5591944,9.317891,0.4408056
data\processed\bfw\asian\n004725\0001_01.jpg,data\processed\bfw\asian\n004725\0152_01.jpg,n004725,n004725,asian,asian,males,males,,,1,0.47443736,9.445783,0.52556264
data\processed\bfw\asian\n002552\0059_01.jpg,data\processed\bfw\asian\n004936\0757_01.jpg,n002552,n004936,asian,asian,males,females,,,0,0.22250807,11.012885,0.7774919
data\processed\bfw\asian\n005077\0020_01.jpg,data\processed\bfw\asian\n001572\0156_01.jpg,n005077,n001572,asian,asian,females,females,,,0,0.020297617,11.265948,0.97970235
data\processed\bfw\asian\n004864\0621_01.jpg,data\processed\bfw\asian\n007378\0140_01.jpg,n004864,n007378,asian,asian,females,females,,,0,0.20294477,10.646855,0.79705524
data\processed\bfw\asian\n004721\0021_01.jpg,data\processed\bfw\asian\n004721\0041_01.jpg,n004721,n004721,asian,asian,males,males,,,1,0.6395782,6.9975004,0.36042178
data\processed\bfw\asian\n007380\0019_01.jpg,data\processed\bfw\asian\n004221\0169_02.jpg,n007380,n004221,asian,asian,females,males,,,0,0.15752767,12.401465,0.8424723
data\processed\bfw\asian\n009175\0066_01.jpg,data\processed\bfw\asian\n002552\0530_01.jpg,n009175,n002552,asian,asian,females,males,,,0,0.026952773,10.799321,0.97304726
data\processed\bfw\asian\n000139\0305_02.jpg,data\processed\bfw\asian\n003162\0024_01.jpg,n000139,n003162,asian,asian,females,males,,,0,0.0736046,13.481499,0.9263954
data\processed\bfw\asian\n004681\0117_01.jpg,data\processed\bfw\asian\n004681\0234_01.jpg,n004681,n004681,asian,asian,males,males,,,1,0.46093896,8.184824,0.53906107
data\processed\bfw\asian\n000143\0045_05.jpg,data\processed\bfw\asian\n004549\0065_01.jpg,n000143,n004549,asian,asian,females,females,,,0,0.33073315,10.357917,0.6692668
data\processed\bfw\asian\n004936\0111_04.jpg,data\processed\bfw\asian\n004936\0469_01.jpg,n004936,n004936,asian,asian,females,females,,,1,0.47427347,9.384608,0.52572656
data\processed\bfw\asian\n009279\0216_01.jpg,data\processed\bfw\asian\n003358\0055_01.jpg,n009279,n003358,asian,asian,females,females,,,0,-0.0007519658,9.966851,1.000752
data\processed\bfw\asian\n006159\0180_01.jpg,data\processed\bfw\asian\n000840\0025_01.jpg,n006159,n000840,asian,asian,females,females,,,0,0.21476,12.147141,0.78524
data\processed\bfw\asian\n004877\0135_01.jpg,data\processed\bfw\asian\n005216\0242_01.jpg,n004877,n005216,asian,asian,females,females,,,0,0.035666093,11.700765,0.9643339
data\processed\bfw\asian\n009275\0150_01.jpg,data\processed\bfw\asian\n006774\0282_01.jpg,n009275,n006774,asian,asian,females,females,,,0,0.31359354,10.397958,0.6864065
data\processed\bfw\asian\n004948\0106_01.jpg,data\processed\bfw\asian\n004930\0389_01.jpg,n004948,n004930,asian,asian,males,females,,,0,0.12116979,11.247242,0.8788302
data\processed\bfw\asian\n004466\0075_01.jpg,data\processed\bfw\asian\n006633\0056_01.jpg,n004466,n006633,asian,asian,males,females,,,0,0.20272903,9.5060425,0.79727095
data\processed\bfw\asian\n006148\0120_01.jpg,data\processed\bfw\asian\n005446\0141_01.jpg,n006148,n005446,asian,asian,females,females,,,0,0.30724546,9.639212,0.6927545
data\processed\bfw\asian\n000839\0072_01.jpg,data\processed\bfw\asian\n000839\0162_01.jpg,n000839,n000839,asian,asian,females,females,,,1,0.31132585,10.077732,0.68867415
data\processed\bfw\asian\n001496\0239_01.jpg,data\processed\bfw\asian\n006149\0117_01.jpg,n001496,n006149,asian,asian,males,females,,,0,0.08490528,12.085814,0.91509473
data\processed\bfw\asian\n003635\0012_02.jpg,data\processed\bfw\asian\n003635\0449_01.jpg,n003635,n003635,asian,asian,males,males,,,1,-0.010890523,12.451815,1.0108905
data\processed\bfw\asian\n004809\0166_04.jpg,data\processed\bfw\asian\n007738\0219_02.jpg,n004809,n007738,asian,asian,males,females,,,0,0.029384604,10.076081,0.9706154
data\processed\bfw\asian\n003635\0647_01.jpg,data\processed\bfw\asian\n009277\0496_01.jpg,n003635,n009277,asian,asian,males,females,,,0,-0.022869015,11.926412,1.022869
data\processed\bfw\asian\n005063\0297_04.jpg,data\processed\bfw\asian\n003027\0470_01.jpg,n005063,n003027,asian,asian,females,males,,,0,0.0075223576,13.761354,0.99247766
data\processed\bfw\asian\n004860\0040_01.jpg,data\processed\bfw\asian\n004877\0145_01.jpg,n004860,n004877,asian,asian,females,females,,,0,0.07681571,12.27821,0.9231843
data\processed\bfw\asian\n006774\0075_01.jpg,data\processed\bfw\asian\n006774\0492_02.jpg,n006774,n006774,asian,asian,females,females,,,1,0.13880466,10.696515,0.8611953
data\processed\bfw\asian\n003153\0186_01.jpg,data\processed\bfw\asian\n003153\0287_01.jpg,n003153,n003153,asian,asian,females,females,,,1,0.48085943,10.319311,0.5191406
data\processed\bfw\asian\n004466\0112_01.jpg,data\processed\bfw\asian\n004466\0261_01.jpg,n004466,n004466,asian,asian,males,males,,,1,0.16157788,10.164559,0.8384221
data\processed\bfw\asian\n001864\0192_02.jpg,data\processed\bfw\asian\n004687\0058_01.jpg,n001864,n004687,asian,asian,males,females,,,0,0.3184861,9.905869,0.6815139
data\processed\bfw\asian\n002406\0070_01.jpg,data\processed\bfw\asian\n002406\0176_01.jpg,n002406,n002406,asian,asian,males,males,,,1,0.31144008,9.9056635,0.6885599
data\processed\bfw\asian\n004870\0028_10.jpg,data\processed\bfw\asian\n004870\0069_01.jpg,n004870,n004870,asian,asian,females,females,,,1,0.4444053,8.078084,0.5555947
data\processed\bfw\asian\n006159\0083_01.jpg,data\processed\bfw\asian\n006159\0174_01.jpg,n006159,n006159,asian,asian,females,females,,,1,0.54986405,9.365098,0.45013595
data\processed\bfw\asian\n008383\0143_01.jpg,data\processed\bfw\asian\n004221\0158_03.jpg,n008383,n004221,asian,asian,females,males,,,0,0.17291456,11.559293,0.82708544
data\processed\bfw\asian\n003465\0161_02.jpg,data\processed\bfw\asian\n003465\0461_03.jpg,n003465,n003465,asian,asian,males,males,,,1,0.22660364,10.838195,0.7733964
data\processed\bfw\asian\n004785\0167_02.jpg,data\processed\bfw\asian\n004785\0183_02.jpg,n004785,n004785,asian,asian,females,females,,,1,0.5258371,8.776467,0.47416288
data\processed\bfw\asian\n004864\0004_01.jpg,data\processed\bfw\asian\n004864\0058_01.jpg,n004864,n004864,asian,asian,females,females,,,1,0.515739,9.172536,0.48426098
data\processed\bfw\asian\n000132\0400_01__face_0.jpg,data\processed\bfw\asian\n003223\0034_05.jpg,n000132,n003223,asian,asian,males,males,,,0,0.006539177,10.537629,0.99346083
data\processed\bfw\asian\n009041\0037_01.jpg,data\processed\bfw\asian\n000837\0249_01.jpg,n009041,n000837,asian,asian,females,females,,,0,0.13702837,11.648244,0.86297166
data\processed\bfw\asian\n009294\0110_02.jpg,data\processed\bfw\asian\n000872\0320_01.jpg,n009294,n000872,asian,asian,females,males,,,0,0.12798035,11.741117,0.87201965
data\processed\bfw\asian\n004935\0165_02.jpg,data\processed\bfw\asian\n004935\0703_01.jpg,n004935,n004935,asian,asian,males,males,,,1,0.3935522,10.700625,0.6064478
data\processed\bfw\asian\n003167\0562_01.jpg,data\processed\bfw\asian\n009294\0084_01.jpg,n003167,n009294,asian,asian,males,females,,,0,0.023734476,11.200853,0.97626555
data\processed\bfw\asian\n009125\0321_01.jpg,data\processed\bfw\asian\n005083\0100_01.jpg,n009125,n005083,asian,asian,females,females,,,0,0.23423721,9.724615,0.7657628
data\processed\bfw\asian\n006126\0293_01.jpg,data\processed\bfw\asian\n006126\0423_01.jpg,n006126,n006126,asian,asian,females,females,,,1,0.12674658,9.418093,0.8732534
data\processed\bfw\asian\n003506\0115_01.jpg,data\processed\bfw\asian\n000854\0249_01.jpg,n003506,n000854,asian,asian,females,females,,,0,0.2369072,10.536766,0.7630928
data\processed\bfw\asian\n005177\0012_01.jpg,data\processed\bfw\asian\n005177\0196_01.jpg,n005177,n005177,asian,asian,males,males,,,1,0.2297265,11.401861,0.7702735
data\processed\bfw\asian\n005116\0143_01.jpg,data\processed\bfw\asian\n008978\0037_01.jpg,n005116,n008978,asian,asian,males,females,,,0,0.20878032,11.7915125,0.7912197
data\processed\bfw\asian\n000837\0254_01.jpg,data\processed\bfw\asian\n000856\0285_01.jpg,n000837,n000856,asian,asian,females,females,,,0,0.21817319,10.419411,0.7818268
data\processed\bfw\asian\n000160\0111_01.jpg,data\processed\bfw\asian\n003167\0001_02.jpg,n000160,n003167,asian,asian,females,males,,,0,0.004301935,11.777064,0.9956981
data\processed\bfw\asian\n006619\0417_01.jpg,data\processed\bfw\asian\n000872\0274_02.jpg,n006619,n000872,asian,asian,females,males,,,0,0.15226175,10.6886835,0.84773827
data\processed\bfw\asian\n009279\0265_01.jpg,data\processed\bfw\asian\n009288\0215_02.jpg,n009279,n009288,asian,asian,females,females,,,0,0.28077006,9.687389,0.71922994
data\processed\bfw\asian\n004549\0222_02.jpg,data\processed\bfw\asian\n002644\0303_01.jpg,n004549,n002644,asian,asian,females,males,,,0,0.120899074,9.851956,0.8791009
data\processed\bfw\asian\n004687\0091_01.jpg,data\processed\bfw\asian\n005069\0234_01.jpg,n004687,n005069,asian,asian,females,females,,,0,-0.07916427,12.393834,1.0791643
data\processed\bfw\asian\n004469\0114_01.jpg,data\processed\bfw\asian\n006344\0431_07.jpg,n004469,n006344,asian,asian,males,females,,,0,0.041521706,12.411868,0.9584783
data\processed\bfw\asian\n004467\0186_01.jpg,data\processed\bfw\asian\n009277\0091_01.jpg,n004467,n009277,asian,asian,males,females,,,0,0.06270091,11.673024,0.9372991
data\processed\bfw\asian\n003355\0234_01.jpg,data\processed\bfw\asian\n006224\0145_04.jpg,n003355,n006224,asian,asian,males,females,,,0,0.1801465,11.5109,0.8198535
data\processed\bfw\asian\n005116\0143_01.jpg,data\processed\bfw\asian\n005116\0442_01.jpg,n005116,n005116,asian,asian,males,males,,,1,0.1287504,10.334959,0.8712496
data\processed\bfw\asian\n002644\0226_01.jpg,data\processed\bfw\asian\n003482\0019_01.jpg,n002644,n003482,asian,asian,males,males,,,0,0.2119173,9.669162,0.7880827
data\processed\bfw\asian\n000840\0036_01.jpg,data\processed\bfw\asian\n004785\0183_02.jpg,n000840,n004785,asian,asian,females,females,,,0,0.34457672,9.896198,0.6554233
data\processed\bfw\asian\n009287\0160_01.jpg,data\processed\bfw\asian\n009287\0262_01.jpg,n009287,n009287,asian,asian,females,females,,,1,0.53737307,8.300195,0.46262693
data\processed\bfw\asian\n005077\0063_01.jpg,data\processed\bfw\asian\n003635\0606_02.jpg,n005077,n003635,asian,asian,females,males,,,0,0.24209388,11.399424,0.75790614
data\processed\bfw\asian\n000160\0350_01.jpg,data\processed\bfw\asian\n000160\0430_01.jpg,n000160,n000160,asian,asian,females,females,,,1,0.30180827,10.379307,0.69819176
data\processed\bfw\asian\n003288\0022_01.jpg,data\processed\bfw\asian\n003288\0230_01.jpg,n003288,n003288,asian,asian,females,females,,,1,0.35787565,9.203577,0.64212435
data\processed\bfw\asian\n009275\0162_01.jpg,data\processed\bfw\asian\n000838\0144_06.jpg,n009275,n000838,asian,asian,females,females,,,0,0.12509297,11.143245,0.874907
data\processed\bfw\asian\n009294\0036_01.jpg,data\processed\bfw\asian\n009294\0111_02.jpg,n009294,n009294,asian,asian,females,females,,,1,0.4471703,9.330556,0.55282974
data\processed\bfw\asian\n004785\0082_01.jpg,data\processed\bfw\asian\n004785\0125_01.jpg,n004785,n004785,asian,asian,females,females,,,1,0.66099745,7.932823,0.33900255
data\processed\bfw\asian\n003465\0036_01.jpg,data\processed\bfw\asian\n003465\0461_03.jpg,n003465,n003465,asian,asian,males,males,,,1,0.3437374,9.816778,0.65626264
data\processed\bfw\asian\n004108\0190_01.jpg,data\processed\bfw\asian\n004108\0276_01.jpg,n004108,n004108,asian,asian,males,males,,,1,0.383189,8.607016,0.61681104
data\processed\bfw\asian\n005216\0133_01.jpg,data\processed\bfw\asian\n005216\0212_02.jpg,n005216,n005216,asian,asian,females,females,,,1,0.2122148,9.404201,0.7877852
data\processed\bfw\asian\n006149\0018_01.jpg,data\processed\bfw\asian\n006149\0075_01.jpg,n006149,n006149,asian,asian,females,females,,,1,0.47759914,10.1138935,0.52240086
data\processed\bfw\asian\n004785\0021_03.jpg,data\processed\bfw\asian\n008934\0053_01.jpg,n004785,n008934,asian,asian,females,females,,,0,0.38615128,10.978416,0.6138487
data\processed\bfw\asian\n000137\0032_01.jpg,data\processed\bfw\asian\n003481\0407_04.jpg,n000137,n003481,asian,asian,females,females,,,0,0.057762336,9.854163,0.9422377
data\processed\bfw\asian\n007814\0057_01.jpg,data\processed\bfw\asian\n007814\0173_03.jpg,n007814,n007814,asian,asian,females,females,,,1,0.44579974,9.124302,0.5542003
data\processed\bfw\asian\n000840\0012_01.jpg,data\processed\bfw\asian\n000840\0023_01.jpg,n000840,n000840,asian,asian,females,females,,,1,0.47639143,8.533379,0.52360857
data\processed\bfw\asian\n001864\0028_01.jpg,data\processed\bfw\asian\n001864\0147_01.jpg,n001864,n001864,asian,asian,males,males,,,1,0.4953183,7.7886934,0.5046817
data\processed\bfw\asian\n004549\0275_01.jpg,data\processed\bfw\asian\n004549\0667_01.jpg,n004549,n004549,asian,asian,females,females,,,1,0.39844096,9.783112,0.60155904
data\processed\bfw\asian\n008163\0034_04.jpg,data\processed\bfw\asian\n008163\0239_02.jpg,n008163,n008163,asian,asian,females,females,,,1,0.4934568,9.392786,0.50654316
data\processed\bfw\asian\n004472\0007_01.jpg,data\processed\bfw\asian\n003354\0346_02.jpg,n004472,n003354,asian,asian,females,females,,,0,0.22706142,9.187305,0.7729386
data\processed\bfw\asian\n000837\0009_01.jpg,data\processed\bfw\asian\n000837\0085_01.jpg,n000837,n000837,asian,asian,females,females,,,1,0.26011163,10.364372,0.73988837
data\processed\bfw\asian\n000873\0042_01.jpg,data\processed\bfw\asian\n000873\0556_01.jpg,n000873,n000873,asian,asian,males,males,,,1,0.21883312,9.965918,0.7811669
data\processed\bfw\asian\n006619\0572_01.jpg,data\processed\bfw\asian\n005072\0258_01.jpg,n006619,n005072,asian,asian,females,males,,,0,-0.006374754,11.178981,1.0063747
data\processed\bfw\asian\n002775\0069_01.jpg,data\processed\bfw\asian\n004870\0070_02.jpg,n002775,n004870,asian,asian,males,females,,,0,0.020927716,14.589857,0.9790723
data\processed\bfw\asian\n000872\0203_01.jpg,data\processed\bfw\asian\n007738\0059_01.jpg,n000872,n007738,asian,asian,males,females,,,0,0.057612404,12.304116,0.9423876
data\processed\bfw\asian\n008401\0228_01.jpg,data\processed\bfw\asian\n008401\0353_02.jpg,n008401,n008401,asian,asian,females,females,,,1,0.47025385,8.910018,0.5297462
data\processed\bfw\asian\n002775\0074_01.jpg,data\processed\bfw\asian\n009287\0175_01.jpg,n002775,n009287,asian,asian,males,females,,,0,0.02898519,14.032444,0.9710148
data\processed\bfw\asian\n009148\0051_01.jpg,data\processed\bfw\asian\n009148\0078_01.jpg,n009148,n009148,asian,asian,females,females,,,1,0.5569011,8.697403,0.4430989
data\processed\bfw\asian\n003481\0053_02.jpg,data\processed\bfw\asian\n003481\0215_01.jpg,n003481,n003481,asian,asian,females,females,,,1,0.37327284,10.758959,0.62672716
data\processed\bfw\asian\n003153\0186_01.jpg,data\processed\bfw\asian\n003153\0470_01.jpg,n003153,n003153,asian,asian,females,females,,,1,-0.024214944,12.121802,1.024215
data\processed\bfw\asian\n003354\0036_01.jpg,data\processed\bfw\asian\n003354\0068_01.jpg,n003354,n003354,asian,asian,females,females,,,1,0.3189737,9.177126,0.68102634
data\processed\bfw\asian\n007089\0058_01.jpg,data\processed\bfw\asian\n004469\0108_02.jpg,n007089,n004469,asian,asian,females,males,,,0,0.15294388,13.745679,0.84705615
data\processed\bfw\asian\n003491\0086_01.jpg,data\processed\bfw\asian\n003491\0115_03.jpg,n003491,n003491,asian,asian,males,males,,,1,0.1966308,9.1851845,0.80336916
data\processed\bfw\asian\n009287\0030_01.jpg,data\processed\bfw\asian\n000161\0241_01.jpg,n009287,n000161,asian,asian,females,males,,,0,0.20859219,11.550797,0.7914078
data\processed\bfw\asian\n007899\0222_01.jpg,data\processed\bfw\asian\n002320\0171_01.jpg,n007899,n002320,asian,asian,females,males,,,0,0.058922675,14.112875,0.94107735
data\processed\bfw\asian\n004686\0023_01.jpg,data\processed\bfw\asian\n004686\0302_01.jpg,n004686,n004686,asian,asian,males,males,,,1,0.39615178,10.312681,0.6038482
data\processed\bfw\asian\n005446\0037_01.jpg,data\processed\bfw\asian\n005446\0051_01.jpg,n005446,n005446,asian,asian,females,females,,,1,0.65056777,7.0504794,0.34943223
data\processed\bfw\asian\n003463\0367_01.jpg,data\processed\bfw\asian\n006159\0265_01.jpg,n003463,n006159,asian,asian,males,females,,,0,0.0059123817,9.509813,0.99408764
data\processed\bfw\asian\n000138\0188_01.jpg,data\processed\bfw\asian\n000138\0213_01.jpg,n000138,n000138,asian,asian,females,females,,,1,0.3932288,8.330848,0.60677123
data\processed\bfw\asian\n003557\0118_01.jpg,data\processed\bfw\asian\n004870\0144_01.jpg,n003557,n004870,asian,asian,females,females,,,0,0.21417306,10.619132,0.7858269
data\processed\bfw\asian\n004109\0131_01.jpg,data\processed\bfw\asian\n007385\0691_01.jpg,n004109,n007385,asian,asian,males,females,,,0,0.2607983,11.541055,0.73920166
data\processed\bfw\asian\n005378\0234_02.jpg,data\processed\bfw\asian\n005378\0388_01.jpg,n005378,n005378,asian,asian,females,females,,,1,0.01182641,12.278332,0.9881736
data\processed\bfw\asian\n009103\0217_02.jpg,data\processed\bfw\asian\n000161\0038_01.jpg,n009103,n000161,asian,asian,females,males,,,0,0.12185672,11.846985,0.8781433
data\processed\bfw\asian\n005177\0012_01.jpg,data\processed\bfw\asian\n005177\0075_01.jpg,n005177,n005177,asian,asian,males,males,,,1,0.7044281,7.298961,0.29557192
data\processed\bfw\asian\n000436\0156_02.jpg,data\processed\bfw\asian\n004681\0133_01.jpg,n000436,n004681,asian,asian,males,males,,,0,-0.08329152,12.876367,1.0832915
data\processed\bfw\asian\n004800\0013_01.jpg,data\processed\bfw\asian\n004800\0111_01.jpg,n004800,n004800,asian,asian,males,males,,,1,0.47356626,8.157959,0.5264337
data\processed\bfw\asian\n002509\0104_02.jpg,data\processed\bfw\asian\n007738\0440_01.jpg,n002509,n007738,asian,asian,females,females,,,0,-0.10827028,12.289785,1.1082703
data\processed\bfw\asian\n004725\0118_02.jpg,data\processed\bfw\asian\n006736\0203_01.jpg,n004725,n006736,asian,asian,males,females,,,0,0.045077592,13.018866,0.95492244
data\processed\bfw\asian\n004948\0401_02.jpg,data\processed\bfw\asian\n006148\0074_01.jpg,n004948,n006148,asian,asian,males,females,,,0,0.28570512,7.831694,0.7142949
data\processed\bfw\asian\n003467\0096_01.jpg,data\processed\bfw\asian\n003467\0395_01.jpg,n003467,n003467,asian,asian,females,females,,,1,0.4416333,9.447214,0.55836666
data\processed\bfw\asian\n007378\0479_01.jpg,data\processed\bfw\asian\n006125\0204_01.jpg,n007378,n006125,asian,asian,females,females,,,0,0.12741065,11.408293,0.87258935
data\processed\bfw\asian\n004786\0021_01.jpg,data\processed\bfw\asian\n004786\0795_01.jpg,n004786,n004786,asian,asian,females,females,,,1,0.4614634,9.405222,0.5385366
data\processed\bfw\asian\n005077\0002_01.jpg,data\processed\bfw\asian\n005077\0005_01.jpg,n005077,n005077,asian,asian,females,females,,,1,0.62437946,6.350871,0.37562054
data\processed\bfw\asian\n003155\0178_01.jpg,data\processed\bfw\asian\n009287\0262_01.jpg,n003155,n009287,asian,asian,males,females,,,0,0.09006962,12.228364,0.90993035
data\processed\bfw\asian\n003167\0042_18.jpg,data\processed\bfw\asian\n006149\0002_01.jpg,n003167,n006149,asian,asian,males,females,,,0,0.0958076,13.30406,0.9041924
data\processed\bfw\asian\n003153\0250_01.jpg,data\processed\bfw\asian\n000840\0130_08.jpg,n003153,n000840,asian,asian,females,females,,,0,0.16208349,10.973129,0.8379165
data\processed\bfw\asian\n001496\0171_01.jpg,data\processed\bfw\asian\n001496\0608_01.jpg,n001496,n001496,asian,asian,males,males,,,1,0.5250432,9.965504,0.4749568
data\processed\bfw\asian\n007089\0121_01.jpg,data\processed\bfw\asian\n007089\0229_01.jpg,n007089,n007089,asian,asian,females,females,,,1,0.12375417,11.723994,0.87624586
data\processed\bfw\asian\n009042\0026_01.jpg,data\processed\bfw\asian\n009042\0098_05.jpg,n009042,n009042,asian,asian,females,females,,,1,0.5444629,9.43009,0.45553708
data\processed\bfw\asian\n004864\0057_01.jpg,data\processed\bfw\asian\n004864\0179_01.jpg,n004864,n004864,asian,asian,females,females,,,1,0.24146101,9.880643,0.75853896
data\processed\bfw\asian\n005474\0062_01.jpg,data\processed\bfw\asian\n005474\0342_02.jpg,n005474,n005474,asian,asian,females,females,,,1,-0.031198917,10.853357,1.0311989
data\processed\bfw\asian\n006126\0012_01.jpg,data\processed\bfw\asian\n006126\0055_01.jpg,n006126,n006126,asian,asian,females,females,,,1,0.5430473,7.4483027,0.4569527
data\processed\bfw\asian\n004870\0264_01.jpg,data\processed\bfw\asian\n000837\0085_01.jpg,n004870,n000837,asian,asian,females,females,,,0,0.11767605,10.689332,0.882324
data\processed\bfw\asian\n006634\0033_01.jpg,data\processed\bfw\asian\n006634\0434_01.jpg,n006634,n006634,asian,asian,females,females,,,1,0.3258509,10.870162,0.6741491
data\processed\bfw\asian\n004687\0268_01.jpg,data\processed\bfw\asian\n004687\0295_01.jpg,n004687,n004687,asian,asian,females,females,,,1,0.35274628,10.076411,0.64725375
data\processed\bfw\asian\n000856\0079_01.jpg,data\processed\bfw\asian\n003153\0610_04.jpg,n000856,n003153,asian,asian,females,females,,,0,-0.054974597,11.274121,1.0549746
data\processed\bfw\asian\n004930\0103_01.jpg,data\processed\bfw\asian\n004680\0185_01.jpg,n004930,n004680,asian,asian,females,females,,,0,0.34194854,10.053403,0.6580515
data\processed\bfw\asian\n000132\0332_01__face_0.jpg,data\processed\bfw\asian\n007816\0272_01.jpg,n000132,n007816,asian,asian,males,females,,,0,0.28381908,9.0593,0.7161809
data\processed\bfw\asian\n005177\0023_01.jpg,data\processed\bfw\asian\n004681\0266_02.jpg,n005177,n004681,asian,asian,males,males,,,0,0.20063941,11.334043,0.7993606
data\processed\bfw\asian\n009175\0073_01.jpg,data\processed\bfw\asian\n003156\0073_02.jpg,n009175,n003156,asian,asian,females,males,,,0,0.1713866,12.045499,0.8286134
data\processed\bfw\asian\n002406\0614_01.jpg,data\processed\bfw\asian\n005177\0012_01.jpg,n002406,n005177,asian,asian,males,males,,,0,0.11333845,11.903262,0.8866615
data\processed\bfw\asian\n004930\0046_01.jpg,data\processed\bfw\asian\n004930\0236_01.jpg,n004930,n004930,asian,asian,females,females,,,1,0.47357762,9.089561,0.5264224
data\processed\bfw\asian\n004680\0131_01.jpg,data\processed\bfw\asian\n004680\0185_01.jpg,n004680,n004680,asian,asian,females,females,,,1,0.37487864,10.337258,0.62512136
data\processed\bfw\asian\n000135\0013_02.jpg,data\processed\bfw\asian\n000135\0082_02.jpg,n000135,n000135,asian,asian,females,females,,,1,0.43185514,9.480565,0.56814486
data\processed\bfw\asian\n002406\0156_01.jpg,data\processed\bfw\asian\n000839\0081_01.jpg,n002406,n000839,asian,asian,males,females,,,0,0.03815393,11.896391,0.96184605
data\processed\bfw\asian\n009278\0012_01.jpg,data\processed\bfw\asian\n009278\0039_02.jpg,n009278,n009278,asian,asian,females,females,,,1,0.55371165,8.746893,0.44628835
data\processed\bfw\asian\n002775\0166_02.jpg,data\processed\bfw\asian\n002644\0231_02.jpg,n002775,n002644,asian,asian,males,males,,,0,0.088053785,9.764357,0.91194624
data\processed\bfw\asian\n009125\0172_01.jpg,data\processed\bfw\asian\n007738\0017_01.jpg,n009125,n007738,asian,asian,females,females,,,0,0.06937181,12.762317,0.9306282
data\processed\bfw\asian\n003533\0067_01.jpg,data\processed\bfw\asian\n007385\0469_01.jpg,n003533,n007385,asian,asian,males,females,,,0,0.05685895,12.258076,0.94314104
data\processed\bfw\asian\n005474\0769_01.jpg,data\processed\bfw\asian\n005072\0173_01.jpg,n005474,n005072,asian,asian,females,males,,,0,0.1851015,9.535176,0.8148985
data\processed\bfw\asian\n003491\0047_04.jpg,data\processed\bfw\asian\n001682\0031_01.jpg,n003491,n001682,asian,asian,males,males,,,0,0.012919869,12.858495,0.98708016
data\processed\bfw\asian\n002509\0157_01.jpg,data\processed\bfw\asian\n005474\0162_02.jpg,n002509,n005474,asian,asian,females,females,,,0,0.11843793,10.279614,0.88156205
data\processed\bfw\asian\n003463\0104_01.jpg,data\processed\bfw\asian\n007816\0543_01.jpg,n003463,n007816,asian,asian,males,females,,,0,0.35923517,8.48745,0.64076483
data\processed\bfw\asian\n004935\0688_01.jpg,data\processed\bfw\asian\n000160\0338_01.jpg,n004935,n000160,asian,asian,males,females,,,0,0.09082261,10.935931,0.9091774
data\processed\bfw\asian\n005378\0147_01.jpg,data\processed\bfw\asian\n005378\0176_01.jpg,n005378,n005378,asian,asian,females,females,,,1,0.37500358,9.931672,0.6249964
data\processed\bfw\asian\n009279\0021_01.jpg,data\processed\bfw\asian\n009279\0185_01.jpg,n009279,n009279,asian,asian,females,females,,,1,0.44582692,9.495185,0.5541731
data\processed\bfw\asian\n009041\0118_01.jpg,data\processed\bfw\asian\n003824\0026_01.jpg,n009041,n003824,asian,asian,females,females,,,0,0.32849196,10.689879,0.6715081
data\processed\bfw\asian\n002509\0041_01.jpg,data\processed\bfw\asian\n002509\0319_01.jpg,n002509,n002509,asian,asian,females,females,,,1,0.36837515,11.199301,0.6316248
data\processed\bfw\asian\n000838\0040_02.jpg,data\processed\bfw\asian\n004860\0156_01.jpg,n000838,n004860,asian,asian,females,females,,,0,0.12248643,10.486093,0.8775136
data\processed\bfw\asian\n003223\0143_01.jpg,data\processed\bfw\asian\n004805\0083_01.jpg,n003223,n004805,asian,asian,males,males,,,0,0.23197456,10.437198,0.76802546
data\processed\bfw\asian\n003223\0185_01.jpg,data\processed\bfw\asian\n004787\0418_02.jpg,n003223,n004787,asian,asian,males,females,,,0,-0.039430395,13.589399,1.0394304
data\processed\bfw\asian\n004686\0055_01.jpg,data\processed\bfw\asian\n004686\0064_01.jpg,n004686,n004686,asian,asian,males,males,,,1,0.5873396,8.436843,0.41266042
data\processed\bfw\asian\n005116\0150_01.jpg,data\processed\bfw\asian\n005071\0196_01.jpg,n005116,n005071,asian,asian,males,males,,,0,0.29556876,10.838783,0.70443124
data\processed\bfw\asian\n006149\0139_02.jpg,data\processed\bfw\asian\n004800\0526_01.jpg,n006149,n004800,asian,asian,females,males,,,0,0.07296337,11.630625,0.92703664
data\processed\bfw\asian\n000872\0026_03.jpg,data\processed\bfw\asian\n002552\0530_01.jpg,n000872,n002552,asian,asian,males,males,,,0,0.19141215,8.891997,0.80858785
data\processed\bfw\asian\n007089\0011_04.jpg,data\processed\bfw\asian\n007089\0066_01.jpg,n007089,n007089,asian,asian,females,females,,,1,0.59163576,8.442901,0.40836424
data\processed\bfw\asian\n003354\0047_01.jpg,data\processed\bfw\asian\n005446\0144_01.jpg,n003354,n005446,asian,asian,females,females,,,0,0.19122408,10.812703,0.8087759
data\processed\bfw\asian\n000160\0075_01.jpg,data\processed\bfw\asian\n000160\0105_01.jpg,n000160,n000160,asian,asian,females,females,,,1,0.29795992,8.848928,0.7020401
data\processed\bfw\asian\n006774\0391_01.jpg,data\processed\bfw\asian\n006736\0438_01.jpg,n006774,n006736,asian,asian,females,females,,,0,0.22363144,10.500127,0.77636856
data\processed\bfw\asian\n009177\0606_02.jpg,data\processed\bfw\asian\n009177\0626_01.jpg,n009177,n009177,asian,asian,females,females,,,1,0.32919225,9.6778345,0.6708077
data\processed\bfw\asian\n004948\0004_02.jpg,data\processed\bfw\asian\n004948\0401_02.jpg,n004948,n004948,asian,asian,males,males,,,1,0.06891299,11.069283,0.931087
data\processed\bfw\asian\n004936\0304_02.jpg,data\processed\bfw\asian\n005083\0021_01.jpg,n004936,n005083,asian,asian,females,females,,,0,0.2990871,10.936394,0.7009129
data\processed\bfw\asian\n006634\0114_01.jpg,data\processed\bfw\asian\n006634\0434_01.jpg,n006634,n006634,asian,asian,females,females,,,1,0.38004953,9.840251,0.6199505
data\processed\bfw\asian\n006159\0073_01.jpg,data\processed\bfw\asian\n006159\0178_01.jpg,n006159,n006159,asian,asian,females,females,,,1,0.20571496,11.366862,0.79428506
data\processed\bfw\asian\n009275\0049_01.jpg,data\processed\bfw\asian\n009275\0397_05.jpg,n009275,n009275,asian,asian,females,females,,,1,0.21301517,10.06035,0.7869848
data\processed\bfw\asian\n000838\0249_01.jpg,data\processed\bfw\asian\n000838\0251_02.jpg,n000838,n000838,asian,asian,females,females,,,1,0.15425865,11.02379,0.84574133
data\processed\bfw\asian\n003223\0059_03.jpg,data\processed\bfw\asian\n000839\0454_01.jpg,n003223,n000839,asian,asian,males,females,,,0,0.077701665,10.546555,0.9222983
data\processed\bfw\asian\n008401\0389_01.jpg,data\processed\bfw\asian\n003491\0114_03.jpg,n008401,n003491,asian,asian,females,males,,,0,-0.04435782,12.52187,1.0443578
data\processed\bfw\asian\n004221\0075_01.jpg,data\processed\bfw\asian\n006736\0099_01.jpg,n004221,n006736,asian,asian,males,females,,,0,-0.060596935,12.371495,1.060597
data\processed\bfw\asian\n009042\0036_01.jpg,data\processed\bfw\asian\n000160\0182_01.jpg,n009042,n000160,asian,asian,females,females,,,0,0.15403341,12.094087,0.8459666
data\processed\bfw\asian\n009276\0049_01.jpg,data\processed\bfw\asian\n009276\0361_01.jpg,n009276,n009276,asian,asian,females,females,,,1,0.33239007,8.742668,0.66760993
data\processed\bfw\asian\n004686\0030_01.jpg,data\processed\bfw\asian\n004686\0282_01.jpg,n004686,n004686,asian,asian,males,males,,,1,0.40524617,8.718262,0.59475386
data\processed\bfw\asian\n004467\0186_01.jpg,data\processed\bfw\asian\n004467\0677_01.jpg,n004467,n004467,asian,asian,males,males,,,1,0.1847674,10.282542,0.81523263
data\processed\bfw\asian\n001562\0159_02.jpg,data\processed\bfw\asian\n004469\0108_02.jpg,n001562,n004469,asian,asian,males,males,,,0,0.14526786,12.705414,0.85473216
data\processed\bfw\asian\n006418\0023_01.jpg,data\processed\bfw\asian\n006418\0140_02.jpg,n006418,n006418,asian,asian,females,females,,,1,0.13119946,10.301839,0.8688005
data\processed\bfw\asian\n004948\0057_01.jpg,data\processed\bfw\asian\n004948\0401_02.jpg,n004948,n004948,asian,asian,males,males,,,1,0.20118661,9.171089,0.7988134
data\processed\bfw\asian\n000838\0076_01.jpg,data\processed\bfw\asian\n000838\0500_01.jpg,n000838,n000838,asian,asian,females,females,,,1,0.15174319,10.641271,0.8482568
data\processed\bfw\asian\n000148\0306_01.jpg,data\processed\bfw\asian\n007664\0045_01.jpg,n000148,n007664,asian,asian,females,females,,,0,0.27682102,11.95196,0.723179
data\processed\bfw\asian\n003354\0124_01.jpg,data\processed\bfw\asian\n003354\0243_01.jpg,n003354,n003354,asian,asian,females,females,,,1,0.25037575,9.534707,0.74962425
data\processed\bfw\asian\n006149\0018_01.jpg,data\processed\bfw\asian\n006149\0022_01.jpg,n006149,n006149,asian,asian,females,females,,,1,0.5532636,8.091767,0.4467364
data\processed\bfw\asian\n003463\0127_01.jpg,data\processed\bfw\asian\n000839\0163_01.jpg,n003463,n000839,asian,asian,males,females,,,0,0.040625732,11.737827,0.95937425
data\processed\bfw\asian\n000856\0104_01.jpg,data\processed\bfw\asian\n009177\0011_01.jpg,n000856,n009177,asian,asian,females,females,,,0,0.13815187,10.700206,0.8618481
data\processed\bfw\asian\n002509\0005_02.jpg,data\processed\bfw\asian\n002509\0432_01.jpg,n002509,n002509,asian,asian,females,females,,,1,0.66082203,8.992423,0.33917797
data\processed\bfw\asian\n008383\0090_01.jpg,data\processed\bfw\asian\n008383\0244_02.jpg,n008383,n008383,asian,asian,females,females,,,1,0.40278867,10.0681,0.59721136
data\processed\bfw\asian\n004785\0357_02.jpg,data\processed\bfw\asian\n004785\0493_01.jpg,n004785,n004785,asian,asian,females,females,,,1,0.4362417,8.983746,0.5637583
data\processed\bfw\asian\n009175\0043_01.jpg,data\processed\bfw\asian\n007385\0056_07.jpg,n009175,n007385,asian,asian,females,females,,,0,0.15457019,12.387607,0.8454298
data\processed\bfw\asian\n004549\0018_01.jpg,data\processed\bfw\asian\n004786\0173_01.jpg,n004549,n004786,asian,asian,females,females,,,0,0.29058492,10.977565,0.7094151
data\processed\bfw\asian\n003288\0573_01.jpg,data\processed\bfw\asian\n005085\0679_01.jpg,n003288,n005085,asian,asian,females,females,,,0,0.13603671,10.447613,0.8639633
data\processed\bfw\asian\n004109\0070_01.jpg,data\processed\bfw\asian\n000137\0082_02.jpg,n004109,n000137,asian,asian,males,females,,,0,0.24675156,12.245845,0.75324845
data\processed\bfw\asian\n000158\0133_01.jpg,data\processed\bfw\asian\n000135\0036_01.jpg,n000158,n000135,asian,asian,males,females,,,0,-0.0793104,13.3101845,1.0793104
data\processed\bfw\asian\n003155\0261_01.jpg,data\processed\bfw\asian\n003155\1012_07.jpg,n003155,n003155,asian,asian,males,males,,,1,0.20628898,10.823102,0.793711
data\processed\bfw\asian\n003467\0405_01.jpg,data\processed\bfw\asian\n004108\0131_01.jpg,n003467,n004108,asian,asian,females,males,,,0,0.057845686,9.525809,0.9421543
data\processed\bfw\asian\n007385\0086_01.jpg,data\processed\bfw\asian\n007385\0432_01.jpg,n007385,n007385,asian,asian,females,females,,,1,0.12102243,9.959647,0.87897754
data\processed\bfw\asian\n006148\0607_02.jpg,data\processed\bfw\asian\n006619\0342_01.jpg,n006148,n006619,asian,asian,females,females,,,0,0.019751538,11.393731,0.98024845
data\processed\bfw\asian\n005072\0254_01.jpg,data\processed\bfw\asian\n008978\0101_01.jpg,n005072,n008978,asian,asian,males,females,,,0,0.08352203,12.863065,0.916478
data\processed\bfw\asian\n006774\0048_01.jpg,data\processed\bfw\asian\n006774\0119_01.jpg,n006774,n006774,asian,asian,females,females,,,1,0.66846144,8.339931,0.33153856
data\processed\bfw\asian\n003482\0716_02.jpg,data\processed\bfw\asian\n000135\0119_01.jpg,n003482,n000135,asian,asian,males,females,,,0,-0.11998567,11.911939,1.1199857
data\processed\bfw\asian\n000148\0317_02.jpg,data\processed\bfw\asian\n004687\0102_01.jpg,n000148,n004687,asian,asian,females,females,,,0,0.015956378,12.580413,0.9840436
data\processed\bfw\asian\n004472\0057_02.jpg,data\processed\bfw\asian\n004870\0129_01.jpg,n004472,n004870,asian,asian,females,females,,,0,0.23218514,11.571036,0.7678149
data\processed\bfw\asian\n001864\0092_01.jpg,data\processed\bfw\asian\n005378\0128_01.jpg,n001864,n005378,asian,asian,males,females,,,0,0.11935955,12.444854,0.88064045
data\processed\bfw\asian\n005069\0046_06.jpg,data\processed\bfw\asian\n005069\0062_01.jpg,n005069,n005069,asian,asian,females,females,,,1,0.37556502,9.474289,0.62443495
data\processed\bfw\asian\n003355\0089_01.jpg,data\processed\bfw\asian\n003355\0485_01.jpg,n003355,n003355,asian,asian,males,males,,,1,0.268286,9.654174,0.731714
data\processed\bfw\asian\n004930\0106_01.jpg,data\processed\bfw\asian\n004930\0144_02.jpg,n004930,n004930,asian,asian,females,females,,,1,0.42111093,9.810365,0.5788891
data\processed\bfw\asian\n006222\0095_02.jpg,data\processed\bfw\asian\n006224\0145_04.jpg,n006222,n006224,asian,asian,females,females,,,0,0.08941148,12.360322,0.9105885
data\processed\bfw\asian\n003167\0029_01.jpg,data\processed\bfw\asian\n003167\0045_01.jpg,n003167,n003167,asian,asian,males,males,,,1,0.7971632,7.1388993,0.20283681
data\processed\bfw\asian\n007089\0144_02.jpg,data\processed\bfw\asian\n007089\0229_01.jpg,n007089,n007089,asian,asian,females,females,,,1,0.31284326,10.9499235,0.68715674
data\processed\bfw\asian\n000161\0119_02.jpg,data\processed\bfw\asian\n004948\0057_01.jpg,n000161,n004948,asian,asian,males,males,,,0,0.06416691,12.642424,0.9358331
data\processed\bfw\asian\n006126\0054_01.jpg,data\processed\bfw\asian\n006126\0105_01.jpg,n006126,n006126,asian,asian,females,females,,,1,0.35604817,8.850598,0.64395183
data\processed\bfw\asian\n000838\0044_01.jpg,data\processed\bfw\asian\n009294\0031_03.jpg,n000838,n009294,asian,asian,females,females,,,0,0.035601605,13.119983,0.9643984
data\processed\bfw\asian\n000138\0087_03.jpg,data\processed\bfw\asian\n005474\0118_02.jpg,n000138,n005474,asian,asian,females,females,,,0,0.18886158,11.32608,0.8111384
data\processed\bfw\asian\n000160\0139_01.jpg,data\processed\bfw\asian\n004680\0053_01.jpg,n000160,n004680,asian,asian,females,females,,,0,0.09505304,11.802334,0.904947
data\processed\bfw\asian\n001976\0119_01.jpg,data\processed\bfw\asian\n001976\0665_02.jpg,n001976,n001976,asian,asian,males,males,,,1,0.57733756,7.2720647,0.42266244
data\processed\bfw\asian\n005116\0442_01.jpg,data\processed\bfw\asian\n003358\0080_01.jpg,n005116,n003358,asian,asian,males,females,,,0,0.004307435,10.141253,0.99569255
data\processed\bfw\asian\n006736\0178_02.jpg,data\processed\bfw\asian\n006736\0273_03.jpg,n006736,n006736,asian,asian,females,females,,,1,0.5301015,8.903815,0.46989852
data\processed\bfw\asian\n006633\0288_01.jpg,data\processed\bfw\asian\n009288\0175_01.jpg,n006633,n009288,asian,asian,females,females,,,0,0.28401735,10.099711,0.7159827
data\processed\bfw\asian\n000856\0046_01.jpg,data\processed\bfw\asian\n000856\0285_01.jpg,n000856,n000856,asian,asian,females,females,,,1,0.19104919,10.133543,0.8089508
data\processed\bfw\asian\n005116\0150_01.jpg,data\processed\bfw\asian\n005116\0270_01.jpg,n005116,n005116,asian,asian,males,males,,,1,0.34271714,10.002791,0.6572828
data\processed\bfw\asian\n000135\0013_02.jpg,data\processed\bfw\asian\n000135\0036_01.jpg,n000135,n000135,asian,asian,females,females,,,1,0.55547136,8.105826,0.44452864
data\processed\bfw\asian\n003467\0096_01.jpg,data\processed\bfw\asian\n006148\0074_01.jpg,n003467,n006148,asian,asian,females,females,,,0,-0.02728522,11.410467,1.0272852
data\processed\bfw\asian\n008383\0126_02.jpg,data\processed\bfw\asian\n008383\0251_01.jpg,n008383,n008383,asian,asian,females,females,,,1,0.24302174,9.532167,0.7569783
data\processed\bfw\asian\n008383\0193_12.jpg,data\processed\bfw\asian\n009279\0193_01.jpg,n008383,n009279,asian,asian,females,females,,,0,0.17268847,11.474681,0.8273115
data\processed\bfw\asian\n003506\0136_02.jpg,data\processed\bfw\asian\n003506\0177_01.jpg,n003506,n003506,asian,asian,females,females,,,1,0.43243733,9.563159,0.5675627
data\processed\bfw\asian\n000856\0026_01.jpg,data\processed\bfw\asian\n004864\0045_01.jpg,n000856,n004864,asian,asian,females,females,,,0,-0.020591116,10.36051,1.0205911
data\processed\bfw\asian\n003533\0067_01.jpg,data\processed\bfw\asian\n003533\0573_01.jpg,n003533,n003533,asian,asian,males,males,,,1,0.4794277,9.617933,0.5205723
data\processed\bfw\asian\n004109\0172_01.jpg,data\processed\bfw\asian\n005071\0334_01.jpg,n004109,n005071,asian,asian,males,males,,,0,0.03689972,11.367121,0.96310025
data\processed\bfw\asian\n003162\0246_01.jpg,data\processed\bfw\asian\n003467\0030_01.jpg,n003162,n003467,asian,asian,males,females,,,0,0.075418465,12.426447,0.9245815
data\processed\bfw\asian\n006224\0160_01.jpg,data\processed\bfw\asian\n005072\0001_03.jpg,n006224,n005072,asian,asian,females,males,,,0,0.08987295,11.541671,0.91012704
data\processed\bfw\asian\n003506\0115_01.jpg,data\processed\bfw\asian\n003506\0324_01.jpg,n003506,n003506,asian,asian,females,females,,,1,0.3837792,10.274171,0.61622083
data\processed\bfw\asian\n000856\0075_01.jpg,data\processed\bfw\asian\n000856\0285_01.jpg,n000856,n000856,asian,asian,females,females,,,1,0.21565391,8.875927,0.7843461
data\processed\bfw\asian\n008978\0097_02.jpg,data\processed\bfw\asian\n005116\0086_01.jpg,n008978,n005116,asian,asian,females,males,,,0,0.2161582,9.695286,0.7838418
data\processed\bfw\asian\n003156\0068_01.jpg,data\processed\bfw\asian\n003162\0186_01.jpg,n003156,n003162,asian,asian,males,males,,,0,0.22817121,10.387474,0.7718288
data\processed\bfw\asian\n009276\0159_02.jpg,data\processed\bfw\asian\n004785\0493_01.jpg,n009276,n004785,asian,asian,females,females,,,0,0.11654585,11.145941,0.88345414
data\processed\bfw\asian\n003223\0034_05.jpg,data\processed\bfw\asian\n003824\0085_02.jpg,n003223,n003824,asian,asian,males,females,,,0,0.015009927,11.761858,0.98499006
data\processed\bfw\asian\n004680\0185_01.jpg,data\processed\bfw\asian\n001562\0198_02.jpg,n004680,n001562,asian,asian,females,males,,,0,0.009770709,11.0162325,0.9902293
data\processed\bfw\asian\n000838\0058_01.jpg,data\processed\bfw\asian\n000838\0251_02.jpg,n000838,n000838,asian,asian,females,females,,,1,0.2712541,10.676079,0.72874594
data\processed\bfw\asian\n004935\0287_01.jpg,data\processed\bfw\asian\n004935\0548_01.jpg,n004935,n004935,asian,asian,males,males,,,1,0.18241413,11.766472,0.8175859
data\processed\bfw\asian\n009177\0053_02.jpg,data\processed\bfw\asian\n003153\0215_01.jpg,n009177,n003153,asian,asian,females,females,,,0,0.15809362,11.886461,0.84190637
data\processed\bfw\asian\n006148\0195_01.jpg,data\processed\bfw\asian\n006148\0339_01.jpg,n006148,n006148,asian,asian,females,females,,,1,0.29539457,12.280819,0.70460546
data\processed\bfw\asian\n005177\0013_01.jpg,data\processed\bfw\asian\n005177\0062_01.jpg,n005177,n005177,asian,asian,males,males,,,1,0.72418445,6.9297967,0.27581555
data\processed\bfw\asian\n003557\0013_01.jpg,data\processed\bfw\asian\n003481\0215_01.jpg,n003557,n003481,asian,asian,females,females,,,0,0.24329637,10.930701,0.7567036
data\processed\bfw\asian\n000132\0048_08__face_0.jpg,data\processed\bfw\asian\n000132\0112_01__face_0.jpg,n000132,n000132,asian,asian,males,males,,,1,0.21765861,11.347287,0.78234136
data\processed\bfw\asian\n008148\0013_01.jpg,data\processed\bfw\asian\n008148\0389_02.jpg,n008148,n008148,asian,asian,females,females,,,1,0.4416092,9.116511,0.5583908
data\processed\bfw\asian\n004687\0268_01.jpg,data\processed\bfw\asian\n009279\0185_01.jpg,n004687,n009279,asian,asian,females,females,,,0,0.22908874,9.732285,0.7709113
data\processed\bfw\asian\n005216\0059_01.jpg,data\processed\bfw\asian\n005216\0119_01.jpg,n005216,n005216,asian,asian,females,females,,,1,0.554341,7.1899343,0.44565898
data\processed\bfw\asian\n000854\0275_01.jpg,data\processed\bfw\asian\n003824\0015_01.jpg,n000854,n003824,asian,asian,females,females,,,0,0.18671711,12.003826,0.8132829
data\processed\bfw\asian\n004794\0644_01.jpg,data\processed\bfw\asian\n004800\0245_01.jpg,n004794,n004800,asian,asian,males,males,,,0,0.12325151,9.792478,0.8767485
data\processed\bfw\asian\n004930\0236_01.jpg,data\processed\bfw\asian\n004864\0057_01.jpg,n004930,n004864,asian,asian,females,females,,,0,0.09270008,11.403512,0.90729994
data\processed\bfw\asian\n005446\0012_01.jpg,data\processed\bfw\asian\n005446\0265_01.jpg,n005446,n005446,asian,asian,females,females,,,1,0.51082075,8.080524,0.48917925
data\processed\bfw\asian\n004721\0041_01.jpg,data\processed\bfw\asian\n004721\0283_01.jpg,n004721,n004721,asian,asian,males,males,,,1,0.12299575,11.926533,0.87700427
data\processed\bfw\asian\n000839\0120_01.jpg,data\processed\bfw\asian\n000839\0454_01.jpg,n000839,n000839,asian,asian,females,females,,,1,0.4128498,8.682132,0.5871502
data\processed\bfw\asian\n004466\0003_01.jpg,data\processed\bfw\asian\n004466\0131_01.jpg,n004466,n004466,asian,asian,males,males,,,1,0.33716002,9.231575,0.66284
data\processed\bfw\asian\n005063\0068_01.jpg,data\processed\bfw\asian\n005063\0297_04.jpg,n005063,n005063,asian,asian,females,females,,,1,0.1418834,12.960281,0.8581166
data\processed\bfw\asian\n005071\0260_01.jpg,data\processed\bfw\asian\n005071\0280_01.jpg,n005071,n005071,asian,asian,males,males,,,1,0.10060702,10.434063,0.89939296
data\processed\bfw\asian\n004930\0044_01.jpg,data\processed\bfw\asian\n004930\0106_01.jpg,n004930,n004930,asian,asian,females,females,,,1,0.48275304,9.762109,0.51724696
data\processed\bfw\asian\n009103\0047_02.jpg,data\processed\bfw\asian\n009103\0179_03.jpg,n009103,n009103,asian,asian,females,females,,,1,0.5057814,9.525623,0.4942186
data\processed\bfw\asian\n005077\0140_01.jpg,data\processed\bfw\asian\n009042\0372_01.jpg,n005077,n009042,asian,asian,females,females,,,0,0.25501898,9.864468,0.74498105
data\processed\bfw\asian\n009277\0128_01.jpg,data\processed\bfw\asian\n009288\0028_01.jpg,n009277,n009288,asian,asian,females,females,,,0,0.074622214,12.386335,0.9253778
data\processed\bfw\asian\n003358\0316_01.jpg,data\processed\bfw\asian\n003358\0702_01.jpg,n003358,n003358,asian,asian,females,females,,,1,0.5293358,8.37717,0.4706642
data\processed\bfw\asian\n006634\0091_04.jpg,data\processed\bfw\asian\n003465\0158_01.jpg,n006634,n003465,asian,asian,females,males,,,0,0.14735013,12.22249,0.85264987
data\processed\bfw\asian\n008148\0202_01.jpg,data\processed\bfw\asian\n008383\0068_01.jpg,n008148,n008383,asian,asian,females,females,,,0,0.21782632,11.561176,0.7821737
data\processed\bfw\asian\n002775\0069_01.jpg,data\processed\bfw\asian\n002775\0072_01.jpg,n002775,n002775,asian,asian,males,males,,,1,0.47708964,10.192789,0.52291036
data\processed\bfw\asian\n005116\0012_01.jpg,data\processed\bfw\asian\n006736\0169_01.jpg,n005116,n006736,asian,asian,males,females,,,0,0.102367595,12.955929,0.8976324
data\processed\bfw\asian\n003824\0037_01.jpg,data\processed\bfw\asian\n004786\0011_02.jpg,n003824,n004786,asian,asian,females,females,,,0,0.16743283,12.045906,0.83256716
data\processed\bfw\asian\n002644\0231_02.jpg,data\processed\bfw\asian\n002644\0492_01.jpg,n002644,n002644,asian,asian,males,males,,,1,0.40423587,8.743618,0.59576416
data\processed\bfw\asian\n006149\0075_01.jpg,data\processed\bfw\asian\n003533\0574_01.jpg,n006149,n003533,asian,asian,females,males,,,0,-0.06102565,14.86132,1.0610256
data\processed\bfw\asian\n004467\0158_01.jpg,data\processed\bfw\asian\n004467\0226_01.jpg,n004467,n004467,asian,asian,males,males,,,1,0.23350684,10.859151,0.76649314
data\processed\bfw\asian\n003482\0227_01.jpg,data\processed\bfw\asian\n002320\0186_02.jpg,n003482,n002320,asian,asian,males,males,,,0,0.057479914,11.095238,0.9425201
data\processed\bfw\asian\n007899\0071_01.jpg,data\processed\bfw\asian\n005177\0235_01.jpg,n007899,n005177,asian,asian,females,males,,,0,0.072853945,11.30356,0.9271461
data\processed\bfw\asian\n005446\0412_01.jpg,data\processed\bfw\asian\n005116\0333_03.jpg,n005446,n005116,asian,asian,females,males,,,0,-0.04117916,13.11978,1.0411792
data\processed\bfw\asian\n007378\0173_02.jpg,data\processed\bfw\asian\n007378\0479_01.jpg,n007378,n007378,asian,asian,females,females,,,1,0.4433341,8.005058,0.5566659
data\processed\bfw\asian\n006633\0298_01.jpg,data\processed\bfw\asian\n007385\0432_01.jpg,n006633,n007385,asian,asian,females,females,,,0,0.2331362,8.035974,0.7668638
data\processed\bfw\asian\n005446\0009_02.jpg,data\processed\bfw\asian\n005446\0185_01.jpg,n005446,n005446,asian,asian,females,females,,,1,0.21711548,9.872101,0.78288454
data\processed\bfw\asian\n003156\0004_01.jpg,data\processed\bfw\asian\n003156\0068_01.jpg,n003156,n003156,asian,asian,males,males,,,1,0.31835294,9.023983,0.68164706
data\processed\bfw\asian\n009148\0022_01.jpg,data\processed\bfw\asian\n009148\0097_01.jpg,n009148,n009148,asian,asian,females,females,,,1,0.43850008,10.333346,0.56149995
data\processed\bfw\asian\n002331\0035_03.jpg,data\processed\bfw\asian\n005446\0012_01.jpg,n002331,n005446,asian,asian,males,females,,,0,0.21668978,11.088854,0.78331023
data\processed\bfw\asian\n000873\0050_02.jpg,data\processed\bfw\asian\n000873\0348_02.jpg,n000873,n000873,asian,asian,males,males,,,1,0.20847288,9.686183,0.79152715
data\processed\bfw\asian\n008163\0032_01.jpg,data\processed\bfw\asian\n008163\0389_01.jpg,n008163,n008163,asian,asian,females,females,,,1,0.30891147,10.18649,0.69108856
data\processed\bfw\asian\n003153\0397_02.jpg,data\processed\bfw\asian\n003354\0027_01.jpg,n003153,n003354,asian,asian,females,females,,,0,0.034672465,11.334146,0.96532756
data\processed\bfw\asian\n004786\0128_03.jpg,data\processed\bfw\asian\n003167\0183_01.jpg,n004786,n003167,asian,asian,females,males,,,0,-0.022106662,13.446526,1.0221066
data\processed\bfw\asian\n000138\0541_01.jpg,data\processed\bfw\asian\n004687\0307_01.jpg,n000138,n004687,asian,asian,females,females,,,0,0.104213625,13.005265,0.8957864
data\processed\bfw\asian\n003635\0047_02.jpg,data\processed\bfw\asian\n000872\0581_01.jpg,n003635,n000872,asian,asian,males,males,,,0,-0.074741565,13.519346,1.0747416
data\processed\bfw\asian\n003465\0116_01.jpg,data\processed\bfw\asian\n003465\0241_01.jpg,n003465,n003465,asian,asian,males,males,,,1,0.43103865,8.738548,0.5689614
data\processed\bfw\asian\n007089\0066_01.jpg,data\processed\bfw\asian\n007089\0229_01.jpg,n007089,n007089,asian,asian,females,females,,,1,0.37667736,10.679777,0.6233226
data\processed\bfw\asian\n006148\0135_01.jpg,data\processed\bfw\asian\n004860\0055_01.jpg,n006148,n004860,asian,asian,females,females,,,0,0.47099236,8.888852,0.5290077
data\processed\bfw\asian\n004466\0349_01.jpg,data\processed\bfw\asian\n003557\0241_03.jpg,n004466,n003557,asian,asian,males,females,,,0,0.2102435,10.031903,0.78975654
data\processed\bfw\asian\n004877\0073_01.jpg,data\processed\bfw\asian\n004877\0145_01.jpg,n004877,n004877,asian,asian,females,females,,,1,0.24240097,10.108774,0.757599
data\processed\bfw\asian\n006126\0054_01.jpg,data\processed\bfw\asian\n006126\0474_01.jpg,n006126,n006126,asian,asian,females,females,,,1,0.46960407,10.850817,0.5303959
data\processed\bfw\asian\n000838\0040_02.jpg,data\processed\bfw\asian\n000838\0113_01.jpg,n000838,n000838,asian,asian,females,females,,,1,0.50240594,8.954586,0.49759406
data\processed\bfw\asian\n000436\0040_04.jpg,data\processed\bfw\asian\n007089\0431_01.jpg,n000436,n007089,asian,asian,males,females,,,0,-0.0997427,12.966792,1.0997427
data\processed\bfw\asian\n002320\0219_01.jpg,data\processed\bfw\asian\n003635\0050_01.jpg,n002320,n003635,asian,asian,males,males,,,0,0.08857875,11.007678,0.91142124
data\processed\bfw\asian\n000840\0042_01.jpg,data\processed\bfw\asian\n000840\0060_01.jpg,n000840,n000840,asian,asian,females,females,,,1,0.42771703,8.956888,0.57228297
data\processed\bfw\asian\n004681\0101_01.jpg,data\processed\bfw\asian\n004681\0117_01.jpg,n004681,n004681,asian,asian,males,males,,,1,0.48522225,8.287157,0.5147778
data\processed\bfw\asian\n009137\0070_01.jpg,data\processed\bfw\asian\n009137\0151_01.jpg,n009137,n009137,asian,asian,females,females,,,1,0.3870949,9.108642,0.61290514
data\processed\bfw\asian\n003481\0015_01.jpg,data\processed\bfw\asian\n003481\0407_04.jpg,n003481,n003481,asian,asian,females,females,,,1,0.33110422,11.050809,0.6688958
data\processed\bfw\asian\n003355\0620_01.jpg,data\processed\bfw\asian\n000143\0122_01.jpg,n003355,n000143,asian,asian,males,females,,,0,0.20743148,9.3006115,0.7925685
data\processed\bfw\asian\n001864\0026_01.jpg,data\processed\bfw\asian\n001864\0092_01.jpg,n001864,n001864,asian,asian,males,males,,,1,0.3703284,10.034279,0.6296716
data\processed\bfw\asian\n003357\0168_01.jpg,data\processed\bfw\asian\n003557\0259_01.jpg,n003357,n003557,asian,asian,females,females,,,0,0.3702515,10.134886,0.62974846
data\processed\bfw\asian\n004860\0196_01.jpg,data\processed\bfw\asian\n000138\0066_09.jpg,n004860,n000138,asian,asian,females,females,,,0,0.24535288,8.54659,0.75464714
data\processed\bfw\asian\n000854\0026_03.jpg,data\processed\bfw\asian\n000854\0239_01.jpg,n000854,n000854,asian,asian,females,females,,,1,0.48891163,9.340536,0.5110884
data\processed\bfw\asian\n005474\0298_05.jpg,data\processed\bfw\asian\n004864\0057_01.jpg,n005474,n004864,asian,asian,females,females,,,0,0.11772903,11.11439,0.882271
data\processed\bfw\asian\n004108\0401_02.jpg,data\processed\bfw\asian\n003557\0007_02.jpg,n004108,n003557,asian,asian,males,females,,,0,0.07125246,12.959574,0.92874753
data\processed\bfw\asian\n004725\0001_01.jpg,data\processed\bfw\asian\n000856\0617_01.jpg,n004725,n000856,asian,asian,males,females,,,0,0.06348158,13.167791,0.93651843
data\processed\bfw\asian\n005063\0271_01.jpg,data\processed\bfw\asian\n005063\0373_01.jpg,n005063,n005063,asian,asian,females,females,,,1,0.04683833,10.761364,0.95316166
data\processed\bfw\asian\n003027\0448_07.jpg,data\processed\bfw\asian\n002644\0418_01.jpg,n003027,n002644,asian,asian,males,males,,,0,0.19622074,12.473961,0.80377924
data\processed\bfw\asian\n002331\0348_01.jpg,data\processed\bfw\asian\n003465\0158_01.jpg,n002331,n003465,asian,asian,males,males,,,0,0.17972834,11.650368,0.8202717
data\processed\bfw\asian\n003467\0082_01.jpg,data\processed\bfw\asian\n003467\0400_03.jpg,n003467,n003467,asian,asian,females,females,,,1,0.66355526,7.325352,0.33644474
data\processed\bfw\asian\n003156\0069_01.jpg,data\processed\bfw\asian\n003156\0100_01.jpg,n003156,n003156,asian,asian,males,males,,,1,0.06572661,11.360999,0.93427336
data\processed\bfw\asian\n003533\0062_02.jpg,data\processed\bfw\asian\n003533\0574_01.jpg,n003533,n003533,asian,asian,males,males,,,1,0.48306298,9.384128,0.516937
data\processed\bfw\asian\n003354\0227_01.jpg,data\processed\bfw\asian\n006149\0096_01.jpg,n003354,n006149,asian,asian,females,females,,,0,0.19728635,9.520042,0.80271363
data\processed\bfw\asian\n003824\0130_02.jpg,data\processed\bfw\asian\n003824\0262_01.jpg,n003824,n003824,asian,asian,females,females,,,1,0.31001508,10.963852,0.6899849
data\processed\bfw\asian\n000148\0083_01.jpg,data\processed\bfw\asian\n008148\0108_01.jpg,n000148,n008148,asian,asian,females,females,,,0,0.14240976,11.467915,0.85759026
data\processed\bfw\asian\n003223\0034_05.jpg,data\processed\bfw\asian\n003223\0143_01.jpg,n003223,n003223,asian,asian,males,males,,,1,0.4312742,9.221619,0.5687258
data\processed\bfw\asian\n006125\0151_01.jpg,data\processed\bfw\asian\n006125\0204_01.jpg,n006125,n006125,asian,asian,females,females,,,1,0.26957163,11.052562,0.73042834
data\processed\bfw\asian\n003489\0005_01.jpg,data\processed\bfw\asian\n003481\0054_01.jpg,n003489,n003481,asian,asian,males,females,,,0,0.14779317,12.774072,0.8522068
data\processed\bfw\asian\n000161\0170_01.jpg,data\processed\bfw\asian\n005069\0019_01.jpg,n000161,n005069,asian,asian,males,females,,,0,-0.058882054,13.496323,1.058882
data\processed\bfw\asian\n003357\0214_01.jpg,data\processed\bfw\asian\n003357\0422_01.jpg,n003357,n003357,asian,asian,females,females,,,1,0.12697138,10.070272,0.87302864
data\processed\bfw\asian\n009148\0079_01.jpg,data\processed\bfw\asian\n001976\0119_01.jpg,n009148,n001976,asian,asian,females,males,,,0,0.11766885,12.465511,0.88233113
data\processed\bfw\asian\n000139\0253_01.jpg,data\processed\bfw\asian\n000139\0501_01.jpg,n000139,n000139,asian,asian,females,females,,,1,0.3648699,11.236737,0.6351301
data\processed\bfw\asian\n004687\0019_01.jpg,data\processed\bfw\asian\n004687\0254_01.jpg,n004687,n004687,asian,asian,females,females,,,1,0.33879763,9.667175,0.6612024
data\processed\bfw\asian\n000160\0109_01.jpg,data\processed\bfw\asian\n004864\0282_02.jpg,n000160,n004864,asian,asian,females,females,,,0,0.18690261,10.52415,0.81309736
data\processed\bfw\asian\n006126\0097_01.jpg,data\processed\bfw\asian\n007385\0065_01.jpg,n006126,n007385,asian,asian,females,females,,,0,0.4457614,9.278029,0.55423856
data\processed\bfw\asian\n005077\0073_01.jpg,data\processed\bfw\asian\n005077\0199_01.jpg,n005077,n005077,asian,asian,females,females,,,1,0.41348267,9.609819,0.58651733
data\processed\bfw\asian\n004686\0023_01.jpg,data\processed\bfw\asian\n004686\0433_01.jpg,n004686,n004686,asian,asian,males,males,,,1,0.32407847,9.436706,0.67592156
data\processed\bfw\asian\n000873\0061_01.jpg,data\processed\bfw\asian\n000132\0046_01__face_0.jpg,n000873,n000132,asian,asian,males,males,,,0,-0.00945938,13.704459,1.0094594
data\processed\bfw\asian\n000856\0008_01.jpg,data\processed\bfw\asian\n009041\0069_01.jpg,n000856,n009041,asian,asian,females,females,,,0,0.16521917,9.600831,0.8347808
data\processed\bfw\asian\n004930\0282_01.jpg,data\processed\bfw\asian\n004930\0389_01.jpg,n004930,n004930,asian,asian,females,females,,,1,0.26653576,11.861129,0.73346424
data\processed\bfw\asian\n006125\0081_01.jpg,data\processed\bfw\asian\n006125\0082_01.jpg,n006125,n006125,asian,asian,females,females,,,1,0.4598198,9.291345,0.5401802
data\processed\bfw\asian\n004721\0112_01.jpg,data\processed\bfw\asian\n004721\0200_01.jpg,n004721,n004721,asian,asian,males,males,,,1,0.29810002,10.549828,0.7019
data\processed\bfw\asian\n007738\0118_02.jpg,data\processed\bfw\asian\n007738\0219_02.jpg,n007738,n007738,asian,asian,females,females,,,1,0.42777106,10.231648,0.5722289
data\processed\bfw\asian\n004794\0603_01.jpg,data\processed\bfw\asian\n004794\0612_01.jpg,n004794,n004794,asian,asian,males,males,,,1,0.3446241,9.22711,0.6553759
data\processed\bfw\asian\n008163\0261_04.jpg,data\processed\bfw\asian\n008163\0451_03.jpg,n008163,n008163,asian,asian,females,females,,,1,0.20271431,12.15062,0.7972857
data\processed\bfw\asian\n004686\0078_01.jpg,data\processed\bfw\asian\n004686\0373_01.jpg,n004686,n004686,asian,asian,males,males,,,1,0.50606513,8.379749,0.49393487
data\processed\bfw\asian\n009279\0125_03.jpg,data\processed\bfw\asian\n009279\0179_01.jpg,n009279,n009279,asian,asian,females,females,,,1,0.29095128,9.752777,0.70904875
data\processed\bfw\asian\n003533\0061_01.jpg,data\processed\bfw\asian\n007664\0104_01.jpg,n003533,n007664,asian,asian,males,females,,,0,-0.13440399,14.286798,1.134404
data\processed\bfw\asian\n005116\0086_01.jpg,data\processed\bfw\asian\n005116\0168_01.jpg,n005116,n005116,asian,asian,males,males,,,1,0.48657846,7.841031,0.51342154
data\processed\bfw\asian\n006736\0099_01.jpg,data\processed\bfw\asian\n009042\0048_01.jpg,n006736,n009042,asian,asian,females,females,,,0,0.046062805,11.687015,0.9539372
data\processed\bfw\asian\n003467\0037_01.jpg,data\processed\bfw\asian\n005077\0199_01.jpg,n003467,n005077,asian,asian,females,females,,,0,0.3297874,10.610344,0.6702126
data\processed\bfw\asian\n001864\0123_01.jpg,data\processed\bfw\asian\n006125\0388_01.jpg,n001864,n006125,asian,asian,males,females,,,0,-0.0009221353,12.739976,1.0009221
data\processed\bfw\asian\n006149\0064_01.jpg,data\processed\bfw\asian\n006126\0067_01.jpg,n006149,n006126,asian,asian,females,females,,,0,0.2270069,10.555224,0.7729931
data\processed\bfw\asian\n001562\0130_01.jpg,data\processed\bfw\asian\n001562\0359_01.jpg,n001562,n001562,asian,asian,males,males,,,1,0.17750199,9.450976,0.822498
data\processed\bfw\asian\n009041\0040_01.jpg,data\processed\bfw\asian\n000873\0255_01.jpg,n009041,n000873,asian,asian,females,males,,,0,0.0050227516,12.040635,0.99497724
data\processed\bfw\asian\n000158\0404_01.jpg,data\processed\bfw\asian\n000840\0580_01.jpg,n000158,n000840,asian,asian,males,females,,,0,-0.0019010925,11.9614935,1.0019011
data\processed\bfw\asian\n004681\0016_01.jpg,data\processed\bfw\asian\n004681\0314_01.jpg,n004681,n004681,asian,asian,males,males,,,1,0.4657573,8.984281,0.5342427
data\processed\bfw\asian\n008934\0209_01.jpg,data\processed\bfw\asian\n001864\0078_01.jpg,n008934,n001864,asian,asian,females,males,,,0,-0.03811811,10.82438,1.0381181
data\processed\bfw\asian\n003557\0240_01.jpg,data\processed\bfw\asian\n003557\0459_01.jpg,n003557,n003557,asian,asian,females,females,,,1,0.41010797,8.373855,0.589892
data\processed\bfw\asian\n004800\0385_03.jpg,data\processed\bfw\asian\n000856\0053_01.jpg,n004800,n000856,asian,asian,males,females,,,0,0.1099955,12.63257,0.8900045
data\processed\bfw\asian\n003482\0258_02.jpg,data\processed\bfw\asian\n003482\0338_02.jpg,n003482,n003482,asian,asian,males,males,,,1,0.32923463,8.055722,0.6707654
data\processed\bfw\asian\n006222\0004_01.jpg,data\processed\bfw\asian\n006222\0017_01.jpg,n006222,n006222,asian,asian,females,females,,,1,0.53070647,9.141328,0.46929353
data\processed\bfw\asian\n002725\0023_01.jpg,data\processed\bfw\asian\n002725\0267_01.jpg,n002725,n002725,asian,asian,females,females,,,1,0.38490722,10.849361,0.61509275
data\processed\bfw\asian\n000138\0014_01.jpg,data\processed\bfw\asian\n006633\0056_01.jpg,n000138,n006633,asian,asian,females,females,,,0,0.11643849,9.56666,0.8835615
data\processed\bfw\asian\n004721\0096_01.jpg,data\processed\bfw\asian\n004721\0283_01.jpg,n004721,n004721,asian,asian,males,males,,,1,-0.13662371,12.67953,1.1366237
data\processed\bfw\asian\n002552\0530_01.jpg,data\processed\bfw\asian\n004800\0108_01.jpg,n002552,n004800,asian,asian,males,males,,,0,0.08608146,8.892511,0.91391855
data\processed\bfw\asian\n006149\0117_01.jpg,data\processed\bfw\asian\n006149\0260_01.jpg,n006149,n006149,asian,asian,females,females,,,1,0.33874655,8.70749,0.66125345
data\processed\bfw\asian\n008148\0075_01.jpg,data\processed\bfw\asian\n008148\0315_01.jpg,n008148,n008148,asian,asian,females,females,,,1,0.3573507,11.440124,0.6426493
data\processed\bfw\asian\n000143\0119_01.jpg,data\processed\bfw\asian\n000143\0156_04.jpg,n000143,n000143,asian,asian,females,females,,,1,0.18873167,10.312423,0.8112683
data\processed\bfw\asian\n006149\0032_01.jpg,data\processed\bfw\asian\n003167\0254_03.jpg,n006149,n003167,asian,asian,females,males,,,0,-0.1281461,14.110045,1.128146
data\processed\bfw\asian\n001562\0009_02.jpg,data\processed\bfw\asian\n007270\0471_01.jpg,n001562,n007270,asian,asian,males,females,,,0,0.113216475,10.823095,0.88678354
data\processed\bfw\asian\n004935\0124_01.jpg,data\processed\bfw\asian\n004794\0043_01.jpg,n004935,n004794,asian,asian,males,males,,,0,0.11245804,11.895492,0.88754195
data\processed\bfw\asian\n003027\0459_01.jpg,data\processed\bfw\asian\n000873\0255_01.jpg,n003027,n000873,asian,asian,males,males,,,0,-0.066483706,12.91488,1.0664837
data\processed\bfw\asian\n006222\0103_01.jpg,data\processed\bfw\asian\n006222\0135_01.jpg,n006222,n006222,asian,asian,females,females,,,1,0.1687379,8.82463,0.8312621
data\processed\bfw\asian\n009294\0083_01.jpg,data\processed\bfw\asian\n003167\0042_07.jpg,n009294,n003167,asian,asian,females,males,,,0,0.094764225,12.400998,0.90523577
data\processed\bfw\asian\n003482\0050_01.jpg,data\processed\bfw\asian\n003482\0098_01.jpg,n003482,n003482,asian,asian,males,males,,,1,0.62100935,8.586881,0.37899065
data\processed\bfw\asian\n002406\0048_02.jpg,data\processed\bfw\asian\n002406\0173_01.jpg,n002406,n002406,asian,asian,males,males,,,1,0.5920209,7.575373,0.40797907
data\processed\bfw\asian\n002331\0054_02.jpg,data\processed\bfw\asian\n002331\0153_01.jpg,n002331,n002331,asian,asian,males,males,,,1,0.39112398,10.672379,0.608876
data\processed\bfw\asian\n009175\0008_01.jpg,data\processed\bfw\asian\n009175\0082_01.jpg,n009175,n009175,asian,asian,females,females,,,1,0.46569893,10.053501,0.53430104
data\processed\bfw\asian\n003635\0021_01.jpg,data\processed\bfw\asian\n003635\0077_01.jpg,n003635,n003635,asian,asian,males,males,,,1,0.6021419,8.024885,0.39785808
data\processed\bfw\asian\n006224\0067_01.jpg,data\processed\bfw\asian\n004467\0221_02.jpg,n006224,n004467,asian,asian,females,males,,,0,0.30411807,8.975487,0.69588196
data\processed\bfw\asian\n003153\0157_01.jpg,data\processed\bfw\asian\n005216\0059_01.jpg,n003153,n005216,asian,asian,females,females,,,0,0.35692546,9.17158,0.6430745
data\processed\bfw\asian\n006159\0064_02.jpg,data\processed\bfw\asian\n003156\0134_01.jpg,n006159,n003156,asian,asian,females,males,,,0,0.19445221,9.936845,0.8055478
data\processed\bfw\asian\n005378\0232_01.jpg,data\processed\bfw\asian\n000161\0001_01.jpg,n005378,n000161,asian,asian,females,males,,,0,0.103556395,11.762487,0.8964436
data\processed\bfw\asian\n000839\0251_01.jpg,data\processed\bfw\asian\n004725\0036_01.jpg,n000839,n004725,asian,asian,females,males,,,0,-0.00016281921,14.058375,1.0001628
data\processed\bfw\asian\n002509\0007_01.jpg,data\processed\bfw\asian\n002509\0046_01.jpg,n002509,n002509,asian,asian,females,females,,,1,0.6415702,8.702321,0.3584298
data\processed\bfw\asian\n004787\0158_01.jpg,data\processed\bfw\asian\n004787\0342_01.jpg,n004787,n004787,asian,asian,females,females,,,1,0.33999294,11.128204,0.66000706
data\processed\bfw\asian\n004870\0050_02.jpg,data\processed\bfw\asian\n008401\0297_01.jpg,n004870,n008401,asian,asian,females,females,,,0,0.15250856,13.047342,0.84749144
data\processed\bfw\asian\n004681\0133_01.jpg,data\processed\bfw\asian\n009177\0456_01.jpg,n004681,n009177,asian,asian,males,females,,,0,0.16033128,11.448034,0.83966875
data\processed\bfw\asian\n004791\0075_01.jpg,data\processed\bfw\asian\n004791\0152_02.jpg,n004791,n004791,asian,asian,males,males,,,1,0.5287325,7.702718,0.47126752
data\processed\bfw\asian\n003357\0123_01.jpg,data\processed\bfw\asian\n003357\0168_01.jpg,n003357,n003357,asian,asian,females,females,,,1,0.545292,8.784837,0.45470798
data\processed\bfw\asian\n002644\0319_01.jpg,data\processed\bfw\asian\n008148\0202_01.jpg,n002644,n008148,asian,asian,males,females,,,0,-0.047090694,13.055494,1.0470906
data\processed\bfw\asian\n006634\0313_02.jpg,data\processed\bfw\asian\n003355\0137_01.jpg,n006634,n003355,asian,asian,females,males,,,0,0.23701036,10.117238,0.76298964
data\processed\bfw\asian\n006149\0007_01.jpg,data\processed\bfw\asian\n006149\0260_01.jpg,n006149,n006149,asian,asian,females,females,,,1,0.2914867,9.730775,0.70851326
data\processed\bfw\asian\n000138\0164_01.jpg,data\processed\bfw\asian\n007372\0086_01.jpg,n000138,n007372,asian,asian,females,females,,,0,0.17225738,9.900564,0.82774264
data\processed\bfw\asian\n000160\0127_01.jpg,data\processed\bfw\asian\n000160\0338_01.jpg,n000160,n000160,asian,asian,females,females,,,1,0.19075963,9.313204,0.80924034
data\processed\bfw\asian\n009175\0024_03.jpg,data\processed\bfw\asian\n009175\0077_01.jpg,n009175,n009175,asian,asian,females,females,,,1,0.55461735,8.950381,0.44538265
data\processed\bfw\asian\n003465\0047_01.jpg,data\processed\bfw\asian\n000148\0136_01.jpg,n003465,n000148,asian,asian,males,females,,,0,0.07497043,10.590902,0.9250296
data\processed\bfw\asian\n004936\0256_01.jpg,data\processed\bfw\asian\n004936\0625_01.jpg,n004936,n004936,asian,asian,females,females,,,1,0.3789558,7.4962406,0.62104416
data\processed\bfw\asian\n004809\0013_10.jpg,data\processed\bfw\asian\n004809\0220_03.jpg,n004809,n004809,asian,asian,males,males,,,1,0.24287924,9.9519825,0.7571207
data\processed\bfw\asian\n006634\0726_04.jpg,data\processed\bfw\asian\n007385\0118_01.jpg,n006634,n007385,asian,asian,females,females,,,0,-0.029718054,10.961542,1.029718
data\processed\bfw\asian\n003489\0051_03.jpg,data\processed\bfw\asian\n003489\0135_01.jpg,n003489,n003489,asian,asian,males,males,,,1,0.4534648,10.536149,0.5465352
data\processed\bfw\asian\n009288\0165_01.jpg,data\processed\bfw\asian\n002725\0062_01.jpg,n009288,n002725,asian,asian,females,females,,,0,0.33083755,11.590765,0.66916245
data\processed\bfw\asian\n009279\0032_01.jpg,data\processed\bfw\asian\n004466\0052_01.jpg,n009279,n004466,asian,asian,females,males,,,0,0.17397457,11.229175,0.8260254
data\processed\bfw\asian\n001496\0149_01.jpg,data\processed\bfw\asian\n001496\0239_01.jpg,n001496,n001496,asian,asian,males,males,,,1,0.52270025,9.388957,0.47729975
data\processed\bfw\asian\n005071\0114_03.jpg,data\processed\bfw\asian\n005071\0630_01.jpg,n005071,n005071,asian,asian,males,males,,,1,0.5048388,9.847941,0.49516118
data\processed\bfw\asian\n009175\0073_01.jpg,data\processed\bfw\asian\n008163\0218_01.jpg,n009175,n008163,asian,asian,females,females,,,0,0.2790184,10.245278,0.7209816
data\processed\bfw\asian\n002331\0009_05.jpg,data\processed\bfw\asian\n002331\0264_01.jpg,n002331,n002331,asian,asian,males,males,,,1,0.25518116,10.281253,0.7448188
data\processed\bfw\asian\n009275\0397_03.jpg,data\processed\bfw\asian\n007270\0124_01.jpg,n009275,n007270,asian,asian,females,females,,,0,0.19334325,10.706141,0.8066567
data\processed\bfw\asian\n003491\0194_02.jpg,data\processed\bfw\asian\n005446\0118_01.jpg,n003491,n005446,asian,asian,males,females,,,0,-0.0002754804,11.878704,1.0002755
data\processed\bfw\asian\n009278\0228_01.jpg,data\processed\bfw\asian\n004466\0153_01.jpg,n009278,n004466,asian,asian,females,males,,,0,0.16756651,11.930135,0.83243346
data\processed\bfw\asian\n005216\0042_01.jpg,data\processed\bfw\asian\n005216\0220_01.jpg,n005216,n005216,asian,asian,females,females,,,1,0.25691742,10.59484,0.7430826
data\processed\bfw\asian\n003355\0008_01.jpg,data\processed\bfw\asian\n003355\0156_01.jpg,n003355,n003355,asian,asian,males,males,,,1,0.53600156,9.485479,0.46399844
data\processed\bfw\asian\n002725\0086_01.jpg,data\processed\bfw\asian\n002725\0298_01.jpg,n002725,n002725,asian,asian,females,females,,,1,0.44108975,10.811088,0.55891025
data\processed\bfw\asian\n009041\0037_01.jpg,data\processed\bfw\asian\n009041\0112_01.jpg,n009041,n009041,asian,asian,females,females,,,1,0.43007764,10.385064,0.5699223
data\processed\bfw\asian\n003489\0112_01.jpg,data\processed\bfw\asian\n001682\0267_02.jpg,n003489,n001682,asian,asian,males,males,,,0,-0.0664413,14.944234,1.0664413
data\processed\bfw\asian\n006149\0260_01.jpg,data\processed\bfw\asian\n004469\0083_02.jpg,n006149,n004469,asian,asian,females,males,,,0,0.06661173,11.337219,0.9333883
data\processed\bfw\asian\n004794\0640_01.jpg,data\processed\bfw\asian\n000138\0493_01.jpg,n004794,n000138,asian,asian,males,females,,,0,-0.16501154,11.60719,1.1650115
data\processed\bfw\asian\n006633\0683_01.jpg,data\processed\bfw\asian\n005063\0439_01.jpg,n006633,n005063,asian,asian,females,females,,,0,0.04844983,12.453908,0.9515502
data\processed\bfw\asian\n004687\0031_01.jpg,data\processed\bfw\asian\n004687\0268_01.jpg,n004687,n004687,asian,asian,females,females,,,1,0.27448568,10.2043,0.7255143
data\processed\bfw\asian\n003156\0119_01.jpg,data\processed\bfw\asian\n003156\0134_01.jpg,n003156,n003156,asian,asian,males,males,,,1,0.059371535,8.421151,0.94062847
data\processed\bfw\asian\n006619\0310_01.jpg,data\processed\bfw\asian\n006619\0333_01.jpg,n006619,n006619,asian,asian,females,females,,,1,0.26353812,9.028431,0.7364619
data\processed\bfw\asian\n002320\0186_02.jpg,data\processed\bfw\asian\n008934\0111_01.jpg,n002320,n008934,asian,asian,males,females,,,0,0.21962996,11.422905,0.78037006
data\processed\bfw\asian\n004800\0419_04.jpg,data\processed\bfw\asian\n007380\0131_01.jpg,n004800,n007380,asian,asian,males,females,,,0,0.077114426,12.592788,0.9228856
data\processed\bfw\asian\n004805\0263_06.jpg,data\processed\bfw\asian\n009103\0700_03.jpg,n004805,n009103,asian,asian,males,females,,,0,-0.057234205,12.303877,1.0572342
data\processed\bfw\asian\n007816\0770_01.jpg,data\processed\bfw\asian\n005177\0152_01.jpg,n007816,n005177,asian,asian,females,males,,,0,0.05741509,11.682437,0.94258493
data\processed\bfw\asian\n009278\0065_01.jpg,data\processed\bfw\asian\n004472\0295_03.jpg,n009278,n004472,asian,asian,females,females,,,0,0.24234684,12.149076,0.7576532
data\processed\bfw\asian\n005072\0107_01.jpg,data\processed\bfw\asian\n006633\0195_02.jpg,n005072,n006633,asian,asian,males,females,,,0,0.1976332,11.3580065,0.8023668
data\processed\bfw\asian\n002644\0116_01.jpg,data\processed\bfw\asian\n002644\1010_01.jpg,n002644,n002644,asian,asian,males,males,,,1,0.077319056,10.76443,0.922681
data\processed\bfw\asian\n003355\0008_01.jpg,data\processed\bfw\asian\n003355\0376_01.jpg,n003355,n003355,asian,asian,males,males,,,1,0.49553165,9.122658,0.5044683
data\processed\bfw\asian\n001562\0080_02.jpg,data\processed\bfw\asian\n000873\0348_02.jpg,n001562,n000873,asian,asian,males,males,,,0,0.116668984,10.632565,0.883331
data\processed\bfw\asian\n003491\0181_02.jpg,data\processed\bfw\asian\n004870\0094_04.jpg,n003491,n004870,asian,asian,males,females,,,0,-0.06690214,9.809007,1.0669022
data\processed\bfw\asian\n009277\0167_01.jpg,data\processed\bfw\asian\n006634\0090_01.jpg,n009277,n006634,asian,asian,females,females,,,0,0.15528245,11.724465,0.84471756
data\processed\bfw\asian\n008401\0139_02.jpg,data\processed\bfw\asian\n008401\0521_02.jpg,n008401,n008401,asian,asian,females,females,,,1,0.20948304,10.446282,0.790517
data\processed\bfw\asian\n004860\0055_01.jpg,data\processed\bfw\asian\n004860\0155_01.jpg,n004860,n004860,asian,asian,females,females,,,1,0.4436686,8.690519,0.5563314
data\processed\bfw\asian\n002725\0037_01.jpg,data\processed\bfw\asian\n004680\0053_01.jpg,n002725,n004680,asian,asian,females,females,,,0,0.26831096,11.877358,0.73168904
data\processed\bfw\asian\n002320\0208_01.jpg,data\processed\bfw\asian\n002320\0272_03.jpg,n002320,n002320,asian,asian,males,males,,,1,0.3745911,8.95866,0.6254089
data\processed\bfw\asian\n007380\0052_01.jpg,data\processed\bfw\asian\n007380\0131_01.jpg,n007380,n007380,asian,asian,females,females,,,1,0.34623808,9.649722,0.6537619
data\processed\bfw\asian\n002725\0233_02.jpg,data\processed\bfw\asian\n009278\0087_02.jpg,n002725,n009278,asian,asian,females,females,,,0,0.21946849,11.523085,0.7805315
data\processed\bfw\asian\n007738\0499_01.jpg,data\processed\bfw\asian\n002406\0197_01.jpg,n007738,n002406,asian,asian,females,males,,,0,0.05140367,12.036269,0.94859636
data\processed\bfw\asian\n004681\0366_01.jpg,data\processed\bfw\asian\n007738\0027_01.jpg,n004681,n007738,asian,asian,males,females,,,0,0.018466014,11.339347,0.981534
data\processed\bfw\asian\n008934\0426_01.jpg,data\processed\bfw\asian\n000161\0020_01.jpg,n008934,n000161,asian,asian,females,males,,,0,0.0893793,14.128882,0.9106207
data\processed\bfw\asian\n004864\0052_01.jpg,data\processed\bfw\asian\n003824\0042_01.jpg,n004864,n003824,asian,asian,females,females,,,0,0.2105837,11.42862,0.7894163
data\processed\bfw\asian\n006774\0048_01.jpg,data\processed\bfw\asian\n006774\0049_01.jpg,n006774,n006774,asian,asian,females,females,,,1,0.6406211,8.817835,0.35937887
data\processed\bfw\asian\n008401\0297_01.jpg,data\processed\bfw\asian\n000873\0176_01.jpg,n008401,n000873,asian,asian,females,males,,,0,0.2612648,11.611037,0.7387352
data\processed\bfw\asian\n009288\0215_02.jpg,data\processed\bfw\asian\n009288\0341_01.jpg,n009288,n009288,asian,asian,females,females,,,1,0.09516256,11.202306,0.9048374
data\processed\bfw\asian\n005063\0297_04.jpg,data\processed\bfw\asian\n005063\0414_06.jpg,n005063,n005063,asian,asian,females,females,,,1,0.3490426,11.186684,0.6509574
data\processed\bfw\asian\n003155\0135_01.jpg,data\processed\bfw\asian\n003155\1014_01.jpg,n003155,n003155,asian,asian,males,males,,,1,0.23752378,11.3648405,0.7624762
data\processed\bfw\asian\n003357\0493_01.jpg,data\processed\bfw\asian\n003467\0091_01.jpg,n003357,n003467,asian,asian,females,females,,,0,0.3527981,8.982001,0.6472019
data\processed\bfw\asian\n001572\0295_01.jpg,data\processed\bfw\asian\n007899\0212_01.jpg,n001572,n007899,asian,asian,females,females,,,0,0.2764942,10.199172,0.7235058
data\processed\bfw\asian\n003491\0024_01.jpg,data\processed\bfw\asian\n003491\0164_03.jpg,n003491,n003491,asian,asian,males,males,,,1,0.26697344,9.498968,0.73302656
data\processed\bfw\asian\n003489\0005_01.jpg,data\processed\bfw\asian\n003489\0020_01.jpg,n003489,n003489,asian,asian,males,males,,,1,0.56970793,9.219189,0.43029207
data\processed\bfw\asian\n004786\0115_02.jpg,data\processed\bfw\asian\n003481\0194_01.jpg,n004786,n003481,asian,asian,females,females,,,0,0.31532535,11.46815,0.6846746
data\processed\bfw\asian\n007270\0128_01.jpg,data\processed\bfw\asian\n007270\0155_01.jpg,n007270,n007270,asian,asian,females,females,,,1,0.64575666,6.708203,0.35424334
data\processed\bfw\asian\n002644\0208_01.jpg,data\processed\bfw\asian\n004108\0529_01.jpg,n002644,n004108,asian,asian,males,males,,,0,0.13857262,9.710043,0.86142737
data\processed\bfw\asian\n004681\0026_01.jpg,data\processed\bfw\asian\n003824\0148_01.jpg,n004681,n003824,asian,asian,males,females,,,0,0.21516067,10.764352,0.78483933
data\processed\bfw\asian\n009175\0019_01.jpg,data\processed\bfw\asian\n000148\0271_01.jpg,n009175,n000148,asian,asian,females,females,,,0,0.24256745,12.071951,0.7574326
data\processed\bfw\asian\n004721\0021_01.jpg,data\processed\bfw\asian\n004721\0145_01.jpg,n004721,n004721,asian,asian,males,males,,,1,0.5252757,8.281169,0.4747243
data\processed\bfw\asian\n009287\0030_01.jpg,data\processed\bfw\asian\n005116\0041_01.jpg,n009287,n005116,asian,asian,females,males,,,0,0.20932692,12.063484,0.7906731
data\processed\bfw\asian\n004549\0146_01.jpg,data\processed\bfw\asian\n004549\0222_02.jpg,n004549,n004549,asian,asian,females,females,,,1,0.21584058,9.274727,0.7841594
data\processed\bfw\asian\n004467\0418_01.jpg,data\processed\bfw\asian\n004467\0682_01.jpg,n004467,n004467,asian,asian,males,males,,,1,0.3557596,10.299023,0.6442404
data\processed\bfw\asian\n002775\0074_01.jpg,data\processed\bfw\asian\n002775\0812_02.jpg,n002775,n002775,asian,asian,males,males,,,1,0.53204936,10.324356,0.46795064
data\processed\bfw\asian\n003489\0112_01.jpg,data\processed\bfw\asian\n003489\0191_01.jpg,n003489,n003489,asian,asian,males,males,,,1,0.48337644,9.86805,0.51662356
data\processed\bfw\asian\n009125\0006_01.jpg,data\processed\bfw\asian\n009125\0041_01.jpg,n009125,n009125,asian,asian,females,females,,,1,0.47553888,10.108554,0.52446115
data\processed\bfw\asian\n000837\0009_01.jpg,data\processed\bfw\asian\n000837\0288_01.jpg,n000837,n000837,asian,asian,females,females,,,1,0.32673517,9.153085,0.67326486
data\processed\bfw\asian\n003533\0075_04.jpg,data\processed\bfw\asian\n004800\0866_03.jpg,n003533,n004800,asian,asian,males,males,,,0,-0.057036933,12.640518,1.0570369
data\processed\bfw\asian\n004935\0716_01.jpg,data\processed\bfw\asian\n006634\0118_01.jpg,n004935,n006634,asian,asian,males,females,,,0,0.09348499,8.555353,0.906515
data\processed\bfw\asian\n004794\0163_01.jpg,data\processed\bfw\asian\n006203\0022_01.jpg,n004794,n006203,asian,asian,males,females,,,0,0.17249033,10.194678,0.82750964
data\processed\bfw\asian\n003463\0298_01.jpg,data\processed\bfw\asian\n004800\0537_01.jpg,n003463,n004800,asian,asian,males,males,,,0,0.043592196,12.206137,0.9564078
data\processed\bfw\asian\n009275\0034_02.jpg,data\processed\bfw\asian\n009275\0272_01.jpg,n009275,n009275,asian,asian,females,females,,,1,0.19183223,9.631083,0.80816776
data\processed\bfw\asian\n005072\0225_01.jpg,data\processed\bfw\asian\n000148\0271_01.jpg,n005072,n000148,asian,asian,males,females,,,0,0.018740527,12.73056,0.98125947
data\processed\bfw\asian\n000856\0026_01.jpg,data\processed\bfw\asian\n006633\0456_02.jpg,n000856,n006633,asian,asian,females,females,,,0,0.07243031,11.307533,0.9275697
data\processed\bfw\asian\n004680\0178_01.jpg,data\processed\bfw\asian\n002406\0176_01.jpg,n004680,n002406,asian,asian,females,males,,,0,0.077078134,12.215781,0.9229219
data\processed\bfw\asian\n004800\0169_01.jpg,data\processed\bfw\asian\n004800\0335_01.jpg,n004800,n004800,asian,asian,males,males,,,1,0.49101713,6.747637,0.5089829
data\processed\bfw\asian\n002331\0371_01.jpg,data\processed\bfw\asian\n003027\0047_01.jpg,n002331,n003027,asian,asian,males,males,,,0,0.13933608,13.545453,0.8606639
data\processed\bfw\asian\n004809\0149_01.jpg,data\processed\bfw\asian\n000132\0094_02__face_0.jpg,n004809,n000132,asian,asian,males,males,,,0,0.23027019,10.366059,0.7697298
data\processed\bfw\asian\n003489\0084_02.jpg,data\processed\bfw\asian\n000837\0073_01.jpg,n003489,n000837,asian,asian,males,females,,,0,0.00095928047,14.79435,0.9990407
data\processed\bfw\asian\n003482\0044_02.jpg,data\processed\bfw\asian\n003482\0284_06.jpg,n003482,n003482,asian,asian,males,males,,,1,0.30956617,11.377054,0.69043386
data\processed\bfw\asian\n006619\0334_03.jpg,data\processed\bfw\asian\n006619\0572_01.jpg,n006619,n006619,asian,asian,females,females,,,1,0.31640738,9.979204,0.6835926
data\processed\bfw\asian\n007385\0086_01.jpg,data\processed\bfw\asian\n007385\0691_01.jpg,n007385,n007385,asian,asian,females,females,,,1,0.17020544,12.183097,0.8297945
data\processed\bfw\asian\n005078\0092_02.jpg,data\processed\bfw\asian\n009279\0255_01.jpg,n005078,n009279,asian,asian,males,females,,,0,0.17068417,11.749808,0.82931584
data\processed\bfw\asian\n006619\0216_01.jpg,data\processed\bfw\asian\n006774\0080_01.jpg,n006619,n006774,asian,asian,females,females,,,0,0.058958884,12.40968,0.9410411
data\processed\bfw\asian\n000872\0026_03.jpg,data\processed\bfw\asian\n009275\0238_02.jpg,n000872,n009275,asian,asian,males,females,,,0,0.050075907,9.970274,0.9499241
data\processed\bfw\asian\n004936\0245_01.jpg,data\processed\bfw\asian\n004936\0324_01.jpg,n004936,n004936,asian,asian,females,females,,,1,0.3970313,8.304126,0.6029687
data\processed\bfw\asian\n003153\0075_01.jpg,data\processed\bfw\asian\n003153\0172_02.jpg,n003153,n003153,asian,asian,females,females,,,1,0.44044653,9.637596,0.5595535
data\processed\bfw\asian\n001562\0165_02.jpg,data\processed\bfw\asian\n001562\0175_01.jpg,n001562,n001562,asian,asian,males,males,,,1,0.37670505,8.667022,0.62329495
data\processed\bfw\asian\n005446\0490_02.jpg,data\processed\bfw\asian\n003288\0572_01.jpg,n005446,n003288,asian,asian,females,females,,,0,0.2548429,10.527869,0.7451571
data\processed\bfw\asian\n009276\0025_04.jpg,data\processed\bfw\asian\n009276\0374_01.jpg,n009276,n009276,asian,asian,females,females,,,1,0.3427753,9.81899,0.6572247
data\processed\bfw\asian\n007089\0015_01.jpg,data\processed\bfw\asian\n007089\0435_01.jpg,n007089,n007089,asian,asian,females,females,,,1,0.30678928,10.817027,0.6932107
data\processed\bfw\asian\n005216\0091_01.jpg,data\processed\bfw\asian\n009288\0165_01.jpg,n005216,n009288,asian,asian,females,females,,,0,0.2939261,11.730581,0.7060739
data\processed\bfw\asian\n009137\0321_02.jpg,data\processed\bfw\asian\n003354\0082_01.jpg,n009137,n003354,asian,asian,females,females,,,0,0.1322361,10.611186,0.8677639
data\processed\bfw\asian\n000873\0111_01.jpg,data\processed\bfw\asian\n009175\0077_01.jpg,n000873,n009175,asian,asian,males,females,,,0,0.07412762,11.906272,0.9258724
data\processed\bfw\asian\n004221\0111_02.jpg,data\processed\bfw\asian\n004221\0243_01.jpg,n004221,n004221,asian,asian,males,males,,,1,0.2607686,11.907578,0.7392314
data\processed\bfw\asian\n004794\0540_01.jpg,data\processed\bfw\asian\n004794\0612_01.jpg,n004794,n004794,asian,asian,males,males,,,1,0.268019,10.419329,0.73198104
data\processed\bfw\asian\n006344\0147_02.jpg,data\processed\bfw\asian\n006344\0413_01.jpg,n006344,n006344,asian,asian,females,females,,,1,0.48265645,7.738119,0.5173435
data\processed\bfw\asian\n002406\0137_01.jpg,data\processed\bfw\asian\n002406\0173_01.jpg,n002406,n002406,asian,asian,males,males,,,1,0.2769725,11.002414,0.72302747
data\processed\bfw\asian\n005063\0089_02.jpg,data\processed\bfw\asian\n004860\0779_01.jpg,n005063,n004860,asian,asian,females,females,,,0,0.42874187,9.080962,0.5712581
data\processed\bfw\asian\n004936\0038_03.jpg,data\processed\bfw\asian\n004936\0345_01.jpg,n004936,n004936,asian,asian,females,females,,,1,0.32533225,8.889762,0.6746677
data\processed\bfw\asian\n000854\0346_03.jpg,data\processed\bfw\asian\n000854\0461_01.jpg,n000854,n000854,asian,asian,females,females,,,1,0.21150813,9.622354,0.78849185
data\processed\bfw\asian\n004469\0111_03.jpg,data\processed\bfw\asian\n004469\0853_02.jpg,n004469,n004469,asian,asian,males,males,,,1,0.29457217,11.213817,0.7054278
data\processed\bfw\asian\n005085\0001_01.jpg,data\processed\bfw\asian\n004805\0065_01.jpg,n005085,n004805,asian,asian,females,males,,,0,0.2596623,11.188265,0.7403377
data\processed\bfw\asian\n006633\0036_02.jpg,data\processed\bfw\asian\n006633\0688_01.jpg,n006633,n006633,asian,asian,females,females,,,1,0.3763935,8.503819,0.6236065
data\processed\bfw\asian\n000138\0326_01.jpg,data\processed\bfw\asian\n009125\0034_01.jpg,n000138,n009125,asian,asian,females,females,,,0,0.17354503,10.133262,0.826455
data\processed\bfw\asian\n002644\0497_02.jpg,data\processed\bfw\asian\n002320\0013_05.jpg,n002644,n002320,asian,asian,males,males,,,0,0.2651696,8.364674,0.7348304
data\processed\bfw\asian\n009294\0139_02.jpg,data\processed\bfw\asian\n003465\0303_01.jpg,n009294,n003465,asian,asian,females,males,,,0,0.092546634,10.105327,0.90745336
data\processed\bfw\asian\n004549\0086_02.jpg,data\processed\bfw\asian\n004549\0303_01.jpg,n004549,n004549,asian,asian,females,females,,,1,0.37641835,8.816557,0.62358165
data\processed\bfw\asian\n009278\0259_01.jpg,data\processed\bfw\asian\n007664\0029_01.jpg,n009278,n007664,asian,asian,females,females,,,0,0.34136918,11.133424,0.65863085
data\processed\bfw\asian\n002406\0148_01.jpg,data\processed\bfw\asian\n002406\0328_01.jpg,n002406,n002406,asian,asian,males,males,,,1,0.2860215,8.965308,0.7139785
data\processed\bfw\asian\n006125\0081_01.jpg,data\processed\bfw\asian\n006125\0424_01.jpg,n006125,n006125,asian,asian,females,females,,,1,0.26605752,11.356792,0.7339425
data\processed\bfw\asian\n009137\0031_03.jpg,data\processed\bfw\asian\n009137\0264_01.jpg,n009137,n009137,asian,asian,females,females,,,1,0.31527302,9.036152,0.68472695
data\processed\bfw\asian\n005446\0243_02.jpg,data\processed\bfw\asian\n005446\0490_02.jpg,n005446,n005446,asian,asian,females,females,,,1,0.56243527,8.234059,0.43756473
data\processed\bfw\asian\n002509\0041_01.jpg,data\processed\bfw\asian\n003467\0042_01.jpg,n002509,n003467,asian,asian,females,females,,,0,0.27823403,12.217462,0.721766
data\processed\bfw\asian\n003449\0060_01.jpg,data\processed\bfw\asian\n003355\0056_01.jpg,n003449,n003355,asian,asian,females,males,,,0,0.13617137,9.522474,0.86382866
data\processed\bfw\asian\n005063\0042_01.jpg,data\processed\bfw\asian\n005063\0439_01.jpg,n005063,n005063,asian,asian,females,females,,,1,0.18860371,10.731921,0.8113963
data\processed\bfw\asian\n004466\0223_01.jpg,data\processed\bfw\asian\n008148\0137_01.jpg,n004466,n008148,asian,asian,males,females,,,0,-0.06726271,12.013823,1.0672626
data\processed\bfw\asian\n005078\0250_01.jpg,data\processed\bfw\asian\n005078\0338_01.jpg,n005078,n005078,asian,asian,males,males,,,1,0.1721862,11.58814,0.8278138
data\processed\bfw\asian\n009137\0321_02.jpg,data\processed\bfw\asian\n000856\0042_01.jpg,n009137,n000856,asian,asian,females,females,,,0,0.005303577,10.945132,0.99469644
data\processed\bfw\asian\n000135\0208_01.jpg,data\processed\bfw\asian\n000135\0228_01.jpg,n000135,n000135,asian,asian,females,females,,,1,0.3071142,10.635885,0.69288576
data\processed\bfw\asian\n002406\0208_07.jpg,data\processed\bfw\asian\n002406\0328_01.jpg,n002406,n002406,asian,asian,males,males,,,1,0.22514594,8.9991665,0.77485406
data\processed\bfw\asian\n003489\0031_01.jpg,data\processed\bfw\asian\n003489\0102_01.jpg,n003489,n003489,asian,asian,males,males,,,1,0.46847805,9.635819,0.5315219
data\processed\bfw\asian\n004930\0082_01.jpg,data\processed\bfw\asian\n004860\0091_02.jpg,n004930,n004860,asian,asian,females,females,,,0,0.21301666,12.163314,0.7869834
data\processed\bfw\asian\n002331\0264_01.jpg,data\processed\bfw\asian\n002331\0357_01.jpg,n002331,n002331,asian,asian,males,males,,,1,0.29636952,10.022505,0.70363045
data\processed\bfw\asian\n004467\0068_01.jpg,data\processed\bfw\asian\n004467\0702_01.jpg,n004467,n004467,asian,asian,males,males,,,1,0.2685753,11.42952,0.7314247
data\processed\bfw\asian\n003463\0075_01.jpg,data\processed\bfw\asian\n003463\0076_01.jpg,n003463,n003463,asian,asian,males,males,,,1,0.6008611,7.901192,0.39913893
data\processed\bfw\asian\n005216\0119_01.jpg,data\processed\bfw\asian\n005216\0189_01.jpg,n005216,n005216,asian,asian,females,females,,,1,0.34261325,8.838902,0.6573868
data\processed\bfw\asian\n009103\0220_01.jpg,data\processed\bfw\asian\n009103\0256_01.jpg,n009103,n009103,asian,asian,females,females,,,1,0.40437075,8.832905,0.5956292
data\processed\bfw\asian\n000138\0188_01.jpg,data\processed\bfw\asian\n000138\0347_01.jpg,n000138,n000138,asian,asian,females,females,,,1,0.38537046,9.116067,0.6146295
data\processed\bfw\asian\n008401\0399_01.jpg,data\processed\bfw\asian\n009275\0039_01.jpg,n008401,n009275,asian,asian,females,females,,,0,0.15883024,10.4574795,0.8411698
data\processed\bfw\asian\n005071\0154_01.jpg,data\processed\bfw\asian\n005085\0069_01.jpg,n005071,n005085,asian,asian,males,females,,,0,-5.5557168e-05,14.271164,1.0000556
data\processed\bfw\asian\n000160\0139_01.jpg,data\processed\bfw\asian\n004936\0111_04.jpg,n000160,n004936,asian,asian,females,females,,,0,-0.02256752,12.651234,1.0225675
data\processed\bfw\asian\n003153\0157_01.jpg,data\processed\bfw\asian\n003153\0624_01.jpg,n003153,n003153,asian,asian,females,females,,,1,0.32390228,10.610358,0.67609775
data\processed\bfw\asian\n005071\0115_02.jpg,data\processed\bfw\asian\n001572\0138_01.jpg,n005071,n001572,asian,asian,males,females,,,0,0.008433139,12.498653,0.99156684
data\processed\bfw\asian\n009137\0057_01.jpg,data\processed\bfw\asian\n009137\0151_01.jpg,n009137,n009137,asian,asian,females,females,,,1,0.57270384,8.228281,0.42729616
data\processed\bfw\asian\n003358\0365_01.jpg,data\processed\bfw\asian\n003358\0408_01.jpg,n003358,n003358,asian,asian,females,females,,,1,0.36035073,8.251314,0.6396493
data\processed\bfw\asian\n005078\0202_01.jpg,data\processed\bfw\asian\n005078\0250_01.jpg,n005078,n005078,asian,asian,males,males,,,1,0.51425827,9.0959835,0.48574173
data\processed\bfw\asian\n006159\0113_02.jpg,data\processed\bfw\asian\n000009\0012_01.jpg,n006159,n000009,asian,asian,females,females,,,0,0.22664869,12.04159,0.7733513
data\processed\bfw\asian\n000138\0213_01.jpg,data\processed\bfw\asian\n005063\0439_01.jpg,n000138,n005063,asian,asian,females,females,,,0,-0.0038587602,9.860896,1.0038588
data\processed\bfw\asian\n000161\0001_01.jpg,data\processed\bfw\asian\n000161\0087_02.jpg,n000161,n000161,asian,asian,males,males,,,1,0.4955654,8.943567,0.5044346
data\processed\bfw\asian\n002644\0997_01.jpg,data\processed\bfw\asian\n003467\0146_02.jpg,n002644,n003467,asian,asian,males,females,,,0,0.08951162,12.021271,0.91048837
data\processed\bfw\asian\n006634\0023_08.jpg,data\processed\bfw\asian\n000840\0042_01.jpg,n006634,n000840,asian,asian,females,females,,,0,0.29318666,10.34306,0.70681334
data\processed\bfw\asian\n000838\0058_01.jpg,data\processed\bfw\asian\n000838\0160_01.jpg,n000838,n000838,asian,asian,females,females,,,1,0.41532147,9.050397,0.58467853
data\processed\bfw\asian\n002320\0044_02.jpg,data\processed\bfw\asian\n002320\0086_03.jpg,n002320,n002320,asian,asian,males,males,,,1,0.53218853,9.412565,0.46781147
data\processed\bfw\asian\n007814\0382_01.jpg,data\processed\bfw\asian\n004472\0485_01.jpg,n007814,n004472,asian,asian,females,females,,,0,-0.031486385,13.227191,1.0314864
data\processed\bfw\asian\n000158\0013_01.jpg,data\processed\bfw\asian\n000158\0245_02.jpg,n000158,n000158,asian,asian,males,males,,,1,0.478992,9.433984,0.521008
data\processed\bfw\asian\n007664\0029_01.jpg,data\processed\bfw\asian\n007664\0094_03.jpg,n007664,n007664,asian,asian,females,females,,,1,0.5948118,7.87393,0.4051882
data\processed\bfw\asian\n009277\0113_01.jpg,data\processed\bfw\asian\n009277\0395_02.jpg,n009277,n009277,asian,asian,females,females,,,1,0.22666654,10.258871,0.77333343
data\processed\bfw\asian\n009041\0040_01.jpg,data\processed\bfw\asian\n009041\0114_01.jpg,n009041,n009041,asian,asian,females,females,,,1,0.39438462,9.722218,0.6056154
data\processed\bfw\asian\n009294\0194_01.jpg,data\processed\bfw\asian\n000160\0150_01.jpg,n009294,n000160,asian,asian,females,females,,,0,0.027506636,10.866259,0.97249335
data\processed\bfw\asian\n005077\0054_01.jpg,data\processed\bfw\asian\n009125\0100_01.jpg,n005077,n009125,asian,asian,females,females,,,0,0.1720279,10.989683,0.8279721
data\processed\bfw\asian\n007089\0040_03.jpg,data\processed\bfw\asian\n007089\0121_01.jpg,n007089,n007089,asian,asian,females,females,,,1,0.28273365,10.876445,0.7172663
data\processed\bfw\asian\n000009\0205_01.jpg,data\processed\bfw\asian\n003155\0156_01.jpg,n000009,n003155,asian,asian,females,males,,,0,-0.07536802,14.059802,1.075368
data\processed\bfw\asian\n005063\0030_01.jpg,data\processed\bfw\asian\n004686\0034_01.jpg,n005063,n004686,asian,asian,females,males,,,0,-0.027340502,11.424368,1.0273405
data\processed\bfw\asian\n008934\0426_01.jpg,data\processed\bfw\asian\n005078\0202_01.jpg,n008934,n005078,asian,asian,females,males,,,0,0.038167328,15.049062,0.96183264
data\processed\bfw\asian\n009103\0067_02.jpg,data\processed\bfw\asian\n003156\0073_02.jpg,n009103,n003156,asian,asian,females,males,,,0,0.24702497,11.765517,0.75297505
data\processed\bfw\asian\n004870\0007_01.jpg,data\processed\bfw\asian\n001864\0192_02.jpg,n004870,n001864,asian,asian,females,males,,,0,0.058802273,13.449184,0.94119775
data\processed\bfw\asian\n003155\0309_02.jpg,data\processed\bfw\asian\n003463\0017_01.jpg,n003155,n003463,asian,asian,males,males,,,0,0.09016652,12.679018,0.9098335
data\processed\bfw\asian\n004870\0070_02.jpg,data\processed\bfw\asian\n004870\0112_02.jpg,n004870,n004870,asian,asian,females,females,,,1,0.5808031,9.25369,0.4191969
data\processed\bfw\asian\n005216\0127_01.jpg,data\processed\bfw\asian\n005216\0133_01.jpg,n005216,n005216,asian,asian,females,females,,,1,0.36753976,9.078585,0.63246024
data\processed\bfw\asian\n006344\0350_01.jpg,data\processed\bfw\asian\n006344\0413_01.jpg,n006344,n006344,asian,asian,females,females,,,1,0.28277186,8.773215,0.7172282
data\processed\bfw\asian\n003824\0335_01.jpg,data\processed\bfw\asian\n002406\0137_01.jpg,n003824,n002406,asian,asian,females,males,,,0,0.3769822,10.5106735,0.6230178
data\processed\bfw\asian\n001976\0121_02.jpg,data\processed\bfw\asian\n001976\0152_02.jpg,n001976,n001976,asian,asian,males,males,,,1,0.56502795,7.8664865,0.43497205
data\processed\bfw\asian\n005083\0120_01.jpg,data\processed\bfw\asian\n003355\0008_01.jpg,n005083,n003355,asian,asian,females,males,,,0,0.37158662,10.33193,0.6284134
data\processed\bfw\asian\n002509\0243_01.jpg,data\processed\bfw\asian\n002509\0319_01.jpg,n002509,n002509,asian,asian,females,females,,,1,0.25155145,9.573606,0.74844855
data\processed\bfw\asian\n009276\0102_01.jpg,data\processed\bfw\asian\n009276\0106_07.jpg,n009276,n009276,asian,asian,females,females,,,1,0.16899242,10.048489,0.8310076
data\processed\bfw\asian\n006619\0216_01.jpg,data\processed\bfw\asian\n006619\0266_01.jpg,n006619,n006619,asian,asian,females,females,,,1,0.40302888,9.89359,0.59697115
data\processed\bfw\asian\n009137\0163_02.jpg,data\processed\bfw\asian\n009137\0321_02.jpg,n009137,n009137,asian,asian,females,females,,,1,0.39607024,8.926559,0.60392976
data\processed\bfw\asian\n000856\0026_01.jpg,data\processed\bfw\asian\n000856\0053_01.jpg,n000856,n000856,asian,asian,females,females,,,1,0.3986143,8.603378,0.6013857
data\processed\bfw\asian\n003162\0511_01.jpg,data\processed\bfw\asian\n000840\0541_02.jpg,n003162,n000840,asian,asian,males,females,,,0,0.02193189,11.894407,0.9780681
data\processed\bfw\asian\n006633\0221_02.jpg,data\processed\bfw\asian\n007899\0174_01.jpg,n006633,n007899,asian,asian,females,females,,,0,0.3664336,10.764015,0.6335664
data\processed\bfw\asian\n008401\0391_01.jpg,data\processed\bfw\asian\n000840\0003_02.jpg,n008401,n000840,asian,asian,females,females,,,0,0.070432104,12.10622,0.9295679
data\processed\bfw\asian\n009177\0175_01.jpg,data\processed\bfw\asian\n009177\0294_02.jpg,n009177,n009177,asian,asian,females,females,,,1,0.29782578,9.715659,0.7021742
data\processed\bfw\asian\n003355\0184_01.jpg,data\processed\bfw\asian\n003355\0203_01.jpg,n003355,n003355,asian,asian,males,males,,,1,0.43663973,9.661439,0.5633603
data\processed\bfw\asian\n004877\0100_01.jpg,data\processed\bfw\asian\n004877\0135_01.jpg,n004877,n004877,asian,asian,females,females,,,1,0.13325651,11.458341,0.8667435
data\processed\bfw\asian\n007814\0079_01.jpg,data\processed\bfw\asian\n007814\0382_01.jpg,n007814,n007814,asian,asian,females,females,,,1,0.37542272,9.979386,0.6245773
data\processed\bfw\asian\n005446\0103_01.jpg,data\processed\bfw\asian\n000436\0653_01.jpg,n005446,n000436,asian,asian,females,males,,,0,0.120086275,12.46838,0.87991375
data\processed\bfw\asian\n005083\0053_03.jpg,data\processed\bfw\asian\n005083\0108_01.jpg,n005083,n005083,asian,asian,females,females,,,1,0.5658335,8.517869,0.4341665
data\processed\bfw\asian\n004467\0191_01.jpg,data\processed\bfw\asian\n000837\0020_01.jpg,n004467,n000837,asian,asian,males,females,,,0,0.08357117,10.97993,0.9164288
data\processed\bfw\asian\n000161\0001_01.jpg,data\processed\bfw\asian\n000161\0445_03.jpg,n000161,n000161,asian,asian,males,males,,,1,0.46237856,9.52531,0.53762144
data\processed\bfw\asian\n006344\0143_01.jpg,data\processed\bfw\asian\n006344\0413_01.jpg,n006344,n006344,asian,asian,females,females,,,1,0.29893026,9.369507,0.7010697
data\processed\bfw\asian\n004687\0092_01.jpg,data\processed\bfw\asian\n004687\0104_02.jpg,n004687,n004687,asian,asian,females,females,,,1,0.3987722,9.842277,0.60122776
data\processed\bfw\asian\n003463\0367_01.jpg,data\processed\bfw\asian\n006344\0025_02.jpg,n003463,n006344,asian,asian,males,females,,,0,0.144506,10.165808,0.855494
data\processed\bfw\asian\n009275\0323_03.jpg,data\processed\bfw\asian\n009275\0344_01.jpg,n009275,n009275,asian,asian,females,females,,,1,0.43356007,9.318374,0.5664399
data\processed\bfw\asian\n003167\0074_01.jpg,data\processed\bfw\asian\n003167\0595_01.jpg,n003167,n003167,asian,asian,males,males,,,1,0.6916046,8.52843,0.3083954
data\processed\bfw\asian\n009288\0068_01.jpg,data\processed\bfw\asian\n001562\0018_01.jpg,n009288,n001562,asian,asian,females,males,,,0,0.10693493,10.768131,0.8930651
data\processed\bfw\asian\n006418\0021_02.jpg,data\processed\bfw\asian\n006418\0040_01.jpg,n006418,n006418,asian,asian,females,females,,,1,0.40812725,9.060062,0.59187275
data\processed\bfw\asian\n004686\0055_01.jpg,data\processed\bfw\asian\n004877\0441_01.jpg,n004686,n004877,asian,asian,males,females,,,0,-0.024271453,13.641417,1.0242715
data\processed\bfw\asian\n004787\0028_01.jpg,data\processed\bfw\asian\n006634\0120_01.jpg,n004787,n006634,asian,asian,females,females,,,0,0.24062526,12.293858,0.75937474
data\processed\bfw\asian\n009042\0047_02.jpg,data\processed\bfw\asian\n009042\0085_01.jpg,n009042,n009042,asian,asian,females,females,,,1,0.2579821,12.653423,0.74201787
data\processed\bfw\asian\n005116\0442_01.jpg,data\processed\bfw\asian\n004948\0212_01.jpg,n005116,n004948,asian,asian,males,males,,,0,-0.103816085,9.937739,1.103816
data\processed\bfw\asian\n009177\0005_01.jpg,data\processed\bfw\asian\n009177\0232_01.jpg,n009177,n009177,asian,asian,females,females,,,1,0.5456507,8.344585,0.45434928
data\processed\bfw\asian\n009103\0286_01.jpg,data\processed\bfw\asian\n009279\0393_04.jpg,n009103,n009279,asian,asian,females,females,,,0,0.2409689,10.773233,0.7590311
data\processed\bfw\asian\n004791\0416_01.jpg,data\processed\bfw\asian\n006774\0268_01.jpg,n004791,n006774,asian,asian,males,females,,,0,0.22043486,9.352935,0.77956516
data\processed\bfw\asian\n003463\0127_01.jpg,data\processed\bfw\asian\n002509\0013_01.jpg,n003463,n002509,asian,asian,males,females,,,0,0.14375326,9.548066,0.8562467
data\processed\bfw\asian\n007380\0052_01.jpg,data\processed\bfw\asian\n007380\0204_01.jpg,n007380,n007380,asian,asian,females,females,,,1,0.45635808,9.24939,0.5436419
data\processed\bfw\asian\n000137\0055_01.jpg,data\processed\bfw\asian\n009177\0606_02.jpg,n000137,n009177,asian,asian,females,females,,,0,0.050915495,11.030861,0.9490845
data\processed\bfw\asian\n007816\0164_01.jpg,data\processed\bfw\asian\n007816\0811_03.jpg,n007816,n007816,asian,asian,females,females,,,1,0.4264131,8.668636,0.57358694
data\processed\bfw\asian\n008383\0139_02.jpg,data\processed\bfw\asian\n008383\0251_01.jpg,n008383,n008383,asian,asian,females,females,,,1,0.22629555,9.287869,0.77370447
data\processed\bfw\asian\n003357\0034_01.jpg,data\processed\bfw\asian\n003357\0168_01.jpg,n003357,n003357,asian,asian,females,females,,,1,0.35899457,9.811691,0.6410054
data\processed\bfw\asian\n000854\0262_01.jpg,data\processed\bfw\asian\n007664\0045_01.jpg,n000854,n007664,asian,asian,females,females,,,0,0.0030237304,11.749342,0.99697626
data\processed\bfw\asian\n007372\0099_01.jpg,data\processed\bfw\asian\n007372\0238_01.jpg,n007372,n007372,asian,asian,females,females,,,1,0.21935688,9.954478,0.7806431
data\processed\bfw\asian\n004864\0282_02.jpg,data\processed\bfw\asian\n004864\0607_01.jpg,n004864,n004864,asian,asian,females,females,,,1,0.3820379,9.083149,0.6179621
data\processed\bfw\asian\n005063\0027_01.jpg,data\processed\bfw\asian\n004687\0037_01.jpg,n005063,n004687,asian,asian,females,females,,,0,0.22398195,10.4623375,0.776018
data\processed\bfw\asian\n009125\0321_01.jpg,data\processed\bfw\asian\n004721\0110_01.jpg,n009125,n004721,asian,asian,females,males,,,0,0.09474387,9.813818,0.90525615
data\processed\bfw\asian\n003533\0019_01.jpg,data\processed\bfw\asian\n003533\0078_01.jpg,n003533,n003533,asian,asian,males,males,,,1,0.6505994,7.790322,0.34940058
data\processed\bfw\asian\n004680\0113_02.jpg,data\processed\bfw\asian\n004680\0143_02.jpg,n004680,n004680,asian,asian,females,females,,,1,0.55205804,8.922359,0.44794196
data\processed\bfw\asian\n004948\0057_01.jpg,data\processed\bfw\asian\n004948\0381_01.jpg,n004948,n004948,asian,asian,males,males,,,1,0.32436463,9.332508,0.67563534
data\processed\bfw\asian\n003506\0177_01.jpg,data\processed\bfw\asian\n006774\0391_01.jpg,n003506,n006774,asian,asian,females,females,,,0,0.42122862,9.641878,0.57877135
data\processed\bfw\asian\n003449\0001_01.jpg,data\processed\bfw\asian\n005072\0302_01.jpg,n003449,n005072,asian,asian,females,males,,,0,0.12854555,12.0029,0.8714545
data\processed\bfw\asian\n003449\0072_01.jpg,data\processed\bfw\asian\n003449\0129_01.jpg,n003449,n003449,asian,asian,females,females,,,1,0.13449034,10.154451,0.8655096
data\processed\bfw\asian\n005063\0249_05.jpg,data\processed\bfw\asian\n003153\0157_01.jpg,n005063,n003153,asian,asian,females,females,,,0,0.2517101,11.539745,0.74828994
data\processed\bfw\asian\n005378\0335_01.jpg,data\processed\bfw\asian\n005378\0388_01.jpg,n005378,n005378,asian,asian,females,females,,,1,0.37230256,10.658103,0.62769747
data\processed\bfw\asian\n009041\0077_01.jpg,data\processed\bfw\asian\n003481\0096_02.jpg,n009041,n003481,asian,asian,females,females,,,0,0.06548114,11.438657,0.9345189
data\processed\bfw\asian\n002406\0173_01.jpg,data\processed\bfw\asian\n009041\0560_01.jpg,n002406,n009041,asian,asian,males,females,,,0,0.035250172,12.6801,0.9647498
data\processed\bfw\asian\n003824\0262_01.jpg,data\processed\bfw\asian\n007378\0474_01.jpg,n003824,n007378,asian,asian,females,females,,,0,0.14338095,10.141149,0.85661906
data\processed\bfw\asian\n006223\0093_01.jpg,data\processed\bfw\asian\n006223\0126_01.jpg,n006223,n006223,asian,asian,females,females,,,1,0.4859269,8.21668,0.51407313
data\processed\bfw\asian\n009042\0015_01.jpg,data\processed\bfw\asian\n009042\0057_01.jpg,n009042,n009042,asian,asian,females,females,,,1,0.3602579,11.035903,0.63974214
data\processed\bfw\asian\n007738\0140_01.jpg,data\processed\bfw\asian\n007738\0329_02.jpg,n007738,n007738,asian,asian,females,females,,,1,0.0080792215,10.534248,0.99192077
data\processed\bfw\asian\n006418\0061_04.jpg,data\processed\bfw\asian\n006418\0090_06.jpg,n006418,n006418,asian,asian,females,females,,,1,0.31783614,9.6369505,0.68216383
data\processed\bfw\asian\n008934\0141_01.jpg,data\processed\bfw\asian\n008934\0211_01.jpg,n008934,n008934,asian,asian,females,females,,,1,0.58346295,8.303279,0.41653705
data\processed\bfw\asian\n004870\0063_01.jpg,data\processed\bfw\asian\n004870\0094_04.jpg,n004870,n004870,asian,asian,females,females,,,1,0.47637677,8.265239,0.5236232
data\processed\bfw\asian\n007270\0124_01.jpg,data\processed\bfw\asian\n006224\0160_01.jpg,n007270,n006224,asian,asian,females,females,,,0,0.08915135,10.506458,0.9108486
data\processed\bfw\asian\n000840\0162_01.jpg,data\processed\bfw\asian\n000840\0213_03.jpg,n000840,n000840,asian,asian,females,females,,,1,0.07749876,12.205924,0.92250127
data\processed\bfw\asian\n009125\0043_01.jpg,data\processed\bfw\asian\n009125\0172_01.jpg,n009125,n009125,asian,asian,females,females,,,1,0.4854496,9.7392845,0.5145504
data\processed\bfw\asian\n004805\0157_04.jpg,data\processed\bfw\asian\n004805\0612_01.jpg,n004805,n004805,asian,asian,males,males,,,1,0.10199012,10.849434,0.8980099
data\processed\bfw\asian\n000840\0036_01.jpg,data\processed\bfw\asian\n000840\0541_02.jpg,n000840,n000840,asian,asian,females,females,,,1,0.07609139,10.491119,0.9239086
data\processed\bfw\asian\n005216\0084_01.jpg,data\processed\bfw\asian\n009041\0091_06.jpg,n005216,n009041,asian,asian,females,females,,,0,0.076023124,12.917463,0.9239769
data\processed\bfw\asian\n008383\0193_12.jpg,data\processed\bfw\asian\n005072\0231_01.jpg,n008383,n005072,asian,asian,females,males,,,0,0.06456847,12.088304,0.93543154
data\processed\bfw\asian\n007899\0077_01.jpg,data\processed\bfw\asian\n007899\0166_01.jpg,n007899,n007899,asian,asian,females,females,,,1,0.5809197,8.075466,0.41908032
data\processed\bfw\asian\n000138\0153_02.jpg,data\processed\bfw\asian\n000138\0326_01.jpg,n000138,n000138,asian,asian,females,females,,,1,0.13738489,10.454862,0.8626151
data\processed\bfw\asian\n003824\0035_01.jpg,data\processed\bfw\asian\n008934\0029_02.jpg,n003824,n008934,asian,asian,females,females,,,0,0.27972966,12.420188,0.72027034
data\processed\bfw\asian\n003027\0470_01.jpg,data\processed\bfw\asian\n006619\0333_01.jpg,n003027,n006619,asian,asian,males,females,,,0,-0.13915895,13.39316,1.139159
data\processed\bfw\asian\n008383\0104_02.jpg,data\processed\bfw\asian\n008383\0268_01.jpg,n008383,n008383,asian,asian,females,females,,,1,0.36885563,10.654826,0.6311444
data\processed\bfw\asian\n000838\0463_01.jpg,data\processed\bfw\asian\n004469\0114_01.jpg,n000838,n004469,asian,asian,females,males,,,0,0.17227885,11.884104,0.8277211
data\processed\bfw\asian\n005216\0009_01.jpg,data\processed\bfw\asian\n001496\0311_01.jpg,n005216,n001496,asian,asian,females,males,,,0,0.080773704,11.748457,0.9192263
data\processed\bfw\asian\n005063\0064_01.jpg,data\processed\bfw\asian\n005063\0249_05.jpg,n005063,n005063,asian,asian,females,females,,,1,0.15541542,11.757517,0.8445846
data\processed\bfw\asian\n004809\0328_01.jpg,data\processed\bfw\asian\n004809\0659_01.jpg,n004809,n004809,asian,asian,males,males,,,1,0.54967815,8.158283,0.45032185
data\processed\bfw\asian\n004466\0223_01.jpg,data\processed\bfw\asian\n000436\0466_01.jpg,n004466,n000436,asian,asian,males,males,,,0,-0.011387738,11.116966,1.0113877
data\processed\bfw\asian\n001976\0038_01.jpg,data\processed\bfw\asian\n001562\0334_01.jpg,n001976,n001562,asian,asian,males,males,,,0,0.04682542,12.625676,0.9531746
data\processed\bfw\asian\n006634\0089_03.jpg,data\processed\bfw\asian\n000873\0542_01.jpg,n006634,n000873,asian,asian,females,males,,,0,0.06882007,11.777441,0.93117994
data\processed\bfw\asian\n009177\0248_02.jpg,data\processed\bfw\asian\n009177\0626_01.jpg,n009177,n009177,asian,asian,females,females,,,1,0.47952014,10.734619,0.52047986
data\processed\bfw\asian\n000436\0407_01.jpg,data\processed\bfw\asian\n008401\0141_01.jpg,n000436,n008401,asian,asian,males,females,,,0,-0.045431137,12.732599,1.0454311
data\processed\bfw\asian\n004469\0170_01.jpg,data\processed\bfw\asian\n004469\0853_02.jpg,n004469,n004469,asian,asian,males,males,,,1,0.39960274,10.8951435,0.6003972
data\processed\bfw\asian\n005216\0017_01.jpg,data\processed\bfw\asian\n005216\0046_01.jpg,n005216,n005216,asian,asian,females,females,,,1,0.37077036,10.150427,0.62922966
data\processed\bfw\asian\n004791\0204_01.jpg,data\processed\bfw\asian\n004791\0315_02.jpg,n004791,n004791,asian,asian,males,males,,,1,0.16349356,10.29647,0.8365064
data\processed\bfw\asian\n003824\0037_01.jpg,data\processed\bfw\asian\n003824\0091_01.jpg,n003824,n003824,asian,asian,females,females,,,1,0.6168488,8.550431,0.38315117
data\processed\bfw\asian\n009278\0026_01.jpg,data\processed\bfw\asian\n009278\0066_01.jpg,n009278,n009278,asian,asian,females,females,,,1,0.40874305,9.6464615,0.591257
data\processed\bfw\asian\n004864\0056_01.jpg,data\processed\bfw\asian\n004864\0179_01.jpg,n004864,n004864,asian,asian,females,females,,,1,0.4176069,8.833124,0.5823931
data\processed\bfw\asian\n003491\0081_04.jpg,data\processed\bfw\asian\n003491\0096_01.jpg,n003491,n003491,asian,asian,males,males,,,1,0.5591614,8.0355,0.44083858
data\processed\bfw\asian\n004877\0004_01.jpg,data\processed\bfw\asian\n004935\0238_01.jpg,n004877,n004935,asian,asian,females,males,,,0,0.112259135,13.172632,0.88774085
data\processed\bfw\asian\n005077\0002_01.jpg,data\processed\bfw\asian\n005077\0094_01.jpg,n005077,n005077,asian,asian,females,females,,,1,0.55100185,8.09239,0.44899815
data\processed\bfw\asian\n007089\0162_01.jpg,data\processed\bfw\asian\n004680\0027_01.jpg,n007089,n004680,asian,asian,females,females,,,0,0.28260937,10.835818,0.71739066
data\processed\bfw\asian\n005072\0027_01.jpg,data\processed\bfw\asian\n000436\0002_01.jpg,n005072,n000436,asian,asian,males,males,,,0,0.20783801,11.227645,0.792162
data\processed\bfw\asian\n004109\0122_01.jpg,data\processed\bfw\asian\n000158\0245_02.jpg,n004109,n000158,asian,asian,males,males,,,0,0.08375915,13.372222,0.9162409
data\processed\bfw\asian\n006149\0075_01.jpg,data\processed\bfw\asian\n006149\0162_01.jpg,n006149,n006149,asian,asian,females,females,,,1,0.4857923,10.297638,0.5142077
data\processed\bfw\asian\n003288\0222_01.jpg,data\processed\bfw\asian\n003288\0628_01.jpg,n003288,n003288,asian,asian,females,females,,,1,0.4192467,8.87711,0.5807533
data\processed\bfw\asian\n004467\0293_01.jpg,data\processed\bfw\asian\n005474\0072_02.jpg,n004467,n005474,asian,asian,males,females,,,0,0.017599639,12.520252,0.98240036
data\processed\bfw\asian\n000854\0275_01.jpg,data\processed\bfw\asian\n007899\0073_01.jpg,n000854,n007899,asian,asian,females,females,,,0,0.27358532,11.861231,0.7264147
data\processed\bfw\asian\n004466\0102_01.jpg,data\processed\bfw\asian\n006774\0070_01.jpg,n004466,n006774,asian,asian,males,females,,,0,-0.050644662,14.513841,1.0506446
data\processed\bfw\asian\n009279\0227_01.jpg,data\processed\bfw\asian\n009279\0243_03.jpg,n009279,n009279,asian,asian,females,females,,,1,0.23003246,10.888886,0.76996756
data\processed\bfw\asian\n009275\0272_01.jpg,data\processed\bfw\asian\n009275\0376_01.jpg,n009275,n009275,asian,asian,females,females,,,1,0.36123648,9.147265,0.63876355
data\processed\bfw\asian\n009294\0124_01.jpg,data\processed\bfw\asian\n009294\0222_01.jpg,n009294,n009294,asian,asian,females,females,,,1,0.506092,8.196859,0.493908
data\processed\bfw\asian\n006222\0071_01.jpg,data\processed\bfw\asian\n006222\0244_04.jpg,n006222,n006222,asian,asian,females,females,,,1,0.46043816,10.294046,0.53956187
data\processed\bfw\asian\n004549\0222_02.jpg,data\processed\bfw\asian\n004549\0656_02.jpg,n004549,n004549,asian,asian,females,females,,,1,0.40073377,8.613655,0.59926623
data\processed\bfw\asian\n005116\0228_03.jpg,data\processed\bfw\asian\n003506\0019_01.jpg,n005116,n003506,asian,asian,males,females,,,0,0.10536033,12.571259,0.8946397
data\processed\bfw\asian\n000161\0136_01.jpg,data\processed\bfw\asian\n000161\0237_01.jpg,n000161,n000161,asian,asian,males,males,,,1,-0.012020952,11.081317,1.012021
data\processed\bfw\asian\n005474\0118_02.jpg,data\processed\bfw\asian\n005474\0210_02.jpg,n005474,n005474,asian,asian,females,females,,,1,0.37870386,10.047664,0.62129617
data\processed\bfw\asian\n003156\0100_01.jpg,data\processed\bfw\asian\n006224\0138_01.jpg,n003156,n006224,asian,asian,males,females,,,0,0.11181639,7.1014667,0.8881836
data\processed\bfw\asian\n009175\0054_01.jpg,data\processed\bfw\asian\n005071\0182_01.jpg,n009175,n005071,asian,asian,females,males,,,0,0.06776168,13.338542,0.93223834
data\processed\bfw\asian\n003489\0112_01.jpg,data\processed\bfw\asian\n004870\0112_02.jpg,n003489,n004870,asian,asian,males,females,,,0,0.10164511,14.082569,0.8983549
data\processed\bfw\asian\n006203\0092_06.jpg,data\processed\bfw\asian\n004935\0123_01.jpg,n006203,n004935,asian,asian,females,males,,,0,0.044915013,11.851182,0.955085
data\processed\bfw\asian\n000137\0055_01.jpg,data\processed\bfw\asian\n000137\0120_01.jpg,n000137,n000137,asian,asian,females,females,,,1,0.28864673,8.851432,0.7113533
data\processed\bfw\asian\n009148\0027_01.jpg,data\processed\bfw\asian\n003155\1012_07.jpg,n009148,n003155,asian,asian,females,males,,,0,-0.05062172,13.884272,1.0506217
data\processed\bfw\asian\n003167\0064_01.jpg,data\processed\bfw\asian\n003167\0141_01.jpg,n003167,n003167,asian,asian,males,males,,,1,0.63452476,9.115243,0.36547524
data\processed\bfw\asian\n004785\0167_02.jpg,data\processed\bfw\asian\n004785\0211_01.jpg,n004785,n004785,asian,asian,females,females,,,1,0.32860774,10.297753,0.67139226
data\processed\bfw\asian\n004469\0048_02.jpg,data\processed\bfw\asian\n004469\0083_02.jpg,n004469,n004469,asian,asian,males,males,,,1,0.49872154,10.120217,0.50127846
data\processed\bfw\asian\n007372\0177_01.jpg,data\processed\bfw\asian\n007372\0315_01.jpg,n007372,n007372,asian,asian,females,females,,,1,0.24382317,9.308413,0.7561768
data\processed\bfw\asian\n003167\0001_02.jpg,data\processed\bfw\asian\n004794\0135_01.jpg,n003167,n004794,asian,asian,males,males,,,0,0.20037824,10.778011,0.79962176
data\processed\bfw\asian\n007372\0039_01.jpg,data\processed\bfw\asian\n007372\0252_01.jpg,n007372,n007372,asian,asian,females,females,,,1,0.17638552,10.559821,0.8236145
data\processed\bfw\asian\n004680\0241_01.jpg,data\processed\bfw\asian\n007380\0601_01.jpg,n004680,n007380,asian,asian,females,females,,,0,0.39708766,8.454478,0.6029123
data\processed\bfw\asian\n003167\0210_01.jpg,data\processed\bfw\asian\n004467\0221_02.jpg,n003167,n004467,asian,asian,males,males,,,0,0.15976022,10.938662,0.84023976
data\processed\bfw\asian\n006222\0071_01.jpg,data\processed\bfw\asian\n006222\0339_01.jpg,n006222,n006222,asian,asian,females,females,,,1,0.5396518,9.082066,0.4603482
data\processed\bfw\asian\n006344\0166_01.jpg,data\processed\bfw\asian\n006344\0350_01.jpg,n006344,n006344,asian,asian,females,females,,,1,0.20959994,11.209659,0.7904
data\processed\bfw\asian\n001496\0047_02.jpg,data\processed\bfw\asian\n001496\0239_01.jpg,n001496,n001496,asian,asian,males,males,,,1,0.48925838,9.219408,0.5107416
data\processed\bfw\asian\n003533\0138_01.jpg,data\processed\bfw\asian\n003533\0616_01.jpg,n003533,n003533,asian,asian,males,males,,,1,0.5306772,9.401791,0.4693228
data\processed\bfw\asian\n003635\0085_01.jpg,data\processed\bfw\asian\n000148\0013_01.jpg,n003635,n000148,asian,asian,males,females,,,0,-0.138822,10.907155,1.138822
data\processed\bfw\asian\n005063\0249_05.jpg,data\processed\bfw\asian\n003491\0181_02.jpg,n005063,n003491,asian,asian,females,males,,,0,-0.027232435,12.0999775,1.0272324
data\processed\bfw\asian\n007664\0087_03.jpg,data\processed\bfw\asian\n000138\0403_01.jpg,n007664,n000138,asian,asian,females,females,,,0,0.095233746,13.9697275,0.90476626
data\processed\bfw\asian\n001572\0377_01.jpg,data\processed\bfw\asian\n003358\0202_01.jpg,n001572,n003358,asian,asian,females,females,,,0,0.29069385,10.264252,0.7093061
data\processed\bfw\asian\n007664\0153_01.jpg,data\processed\bfw\asian\n007664\0817_01.jpg,n007664,n007664,asian,asian,females,females,,,1,0.10471618,12.588477,0.8952838
data\processed\bfw\asian\n003533\0101_02.jpg,data\processed\bfw\asian\n003824\0122_01.jpg,n003533,n003824,asian,asian,males,females,,,0,-0.14248051,13.0453825,1.1424805
data\processed\bfw\asian\n000160\0007_01.jpg,data\processed\bfw\asian\n000160\0278_01.jpg,n000160,n000160,asian,asian,females,females,,,1,0.41384372,9.308715,0.58615625
data\processed\bfw\asian\n000160\0150_01.jpg,data\processed\bfw\asian\n002775\0086_03.jpg,n000160,n002775,asian,asian,females,males,,,0,0.06222472,12.342538,0.93777525
data\processed\bfw\asian\n000137\0059_01.jpg,data\processed\bfw\asian\n000137\0097_01.jpg,n000137,n000137,asian,asian,females,females,,,1,0.18042305,10.128567,0.819577
data\processed\bfw\asian\n002509\0315_04.jpg,data\processed\bfw\asian\n003223\0398_02.jpg,n002509,n003223,asian,asian,females,males,,,0,0.2530193,11.48391,0.74698067
data\processed\bfw\asian\n000838\0251_02.jpg,data\processed\bfw\asian\n005378\0294_01.jpg,n000838,n005378,asian,asian,females,females,,,0,0.12365987,11.551737,0.87634015
data\processed\bfw\asian\n004948\0091_01.jpg,data\processed\bfw\asian\n004948\0125_01.jpg,n004948,n004948,asian,asian,males,males,,,1,0.3063448,9.751037,0.6936552
data\processed\bfw\asian\n004860\0196_01.jpg,data\processed\bfw\asian\n005078\0032_01.jpg,n004860,n005078,asian,asian,females,males,,,0,0.006392552,12.614309,0.99360746
data\processed\bfw\asian\n008163\0609_02.jpg,data\processed\bfw\asian\n008163\0670_01.jpg,n008163,n008163,asian,asian,females,females,,,1,-0.042600065,13.016003,1.0426
data\processed\bfw\asian\n000138\0014_01.jpg,data\processed\bfw\asian\n000138\0066_09.jpg,n000138,n000138,asian,asian,females,females,,,1,0.18484381,9.055038,0.8151562
data\processed\bfw\asian\n000838\0044_01.jpg,data\processed\bfw\asian\n005177\0303_01.jpg,n000838,n005177,asian,asian,females,males,,,0,0.1491766,12.367158,0.8508234
data\processed\bfw\asian\n002775\0136_01.jpg,data\processed\bfw\asian\n004930\0044_01.jpg,n002775,n004930,asian,asian,males,females,,,0,-0.080091685,14.176303,1.0800917
data\processed\bfw\asian\n009041\0069_01.jpg,data\processed\bfw\asian\n009041\0091_06.jpg,n009041,n009041,asian,asian,females,females,,,1,0.4483367,10.1214695,0.5516633
data\processed\bfw\asian\n009148\0036_01.jpg,data\processed\bfw\asian\n004721\0476_01.jpg,n009148,n004721,asian,asian,females,males,,,0,0.0141207045,12.144992,0.9858793
data\processed\bfw\asian\n005077\0140_01.jpg,data\processed\bfw\asian\n000838\0113_01.jpg,n005077,n000838,asian,asian,females,females,,,0,0.16472211,10.227482,0.8352779
data\processed\bfw\asian\n004930\0078_01.jpg,data\processed\bfw\asian\n005063\0030_01.jpg,n004930,n005063,asian,asian,females,females,,,0,0.017982464,12.084247,0.9820175
data\processed\bfw\asian\n000854\0193_01.jpg,data\processed\bfw\asian\n000854\0461_01.jpg,n000854,n000854,asian,asian,females,females,,,1,0.067043446,10.420003,0.9329566
data\processed\bfw\asian\n004935\0357_01.jpg,data\processed\bfw\asian\n006203\0654_01.jpg,n004935,n006203,asian,asian,males,females,,,0,0.22948529,10.284256,0.7705147
data\processed\bfw\asian\n006774\0070_01.jpg,data\processed\bfw\asian\n006774\0364_02.jpg,n006774,n006774,asian,asian,females,females,,,1,0.21695378,12.99071,0.78304625
data\processed\bfw\asian\n004786\0088_03.jpg,data\processed\bfw\asian\n004786\0129_01.jpg,n004786,n004786,asian,asian,females,females,,,1,0.5787619,8.485576,0.42123812
data\processed\bfw\asian\n003167\0274_01.jpg,data\processed\bfw\asian\n009042\0057_01.jpg,n003167,n009042,asian,asian,males,females,,,0,0.018457409,11.303123,0.9815426
data\processed\bfw\asian\n001976\0198_01.jpg,data\processed\bfw\asian\n001976\0694_01.jpg,n001976,n001976,asian,asian,males,males,,,1,0.5138566,9.1224165,0.4861434
data\processed\bfw\asian\n003467\0112_01.jpg,data\processed\bfw\asian\n009288\0299_01.jpg,n003467,n009288,asian,asian,females,females,,,0,0.06034764,12.090024,0.9396524
data\processed\bfw\asian\n006774\0062_01.jpg,data\processed\bfw\asian\n006774\0156_01.jpg,n006774,n006774,asian,asian,females,females,,,1,0.2460556,12.516475,0.7539444
data\processed\bfw\asian\n009125\0064_01.jpg,data\processed\bfw\asian\n005378\0100_01.jpg,n009125,n005378,asian,asian,females,females,,,0,0.24126256,11.596141,0.75873744
data\processed\bfw\asian\n000436\0678_02.jpg,data\processed\bfw\asian\n005071\0334_01.jpg,n000436,n005071,asian,asian,males,males,,,0,0.080603495,10.617247,0.9193965
data\processed\bfw\asian\n003482\0059_01.jpg,data\processed\bfw\asian\n003482\0227_01.jpg,n003482,n003482,asian,asian,males,males,,,1,0.23128088,9.376486,0.76871914
data\processed\bfw\asian\n000840\0042_01.jpg,data\processed\bfw\asian\n004109\0525_02.jpg,n000840,n004109,asian,asian,females,males,,,0,0.03249812,12.239732,0.9675019
data\processed\bfw\asian\n005085\0652_01.jpg,data\processed\bfw\asian\n000138\0189_01.jpg,n005085,n000138,asian,asian,females,females,,,0,0.35330752,8.746789,0.6466925
data\processed\bfw\asian\n004725\0225_01.jpg,data\processed\bfw\asian\n005085\0005_01.jpg,n004725,n005085,asian,asian,males,females,,,0,-0.013567885,11.583095,1.0135679
data\processed\bfw\asian\n003223\0154_01.jpg,data\processed\bfw\asian\n009277\0091_01.jpg,n003223,n009277,asian,asian,males,females,,,0,-0.12058611,13.4604645,1.1205862
data\processed\bfw\asian\n003167\0081_01.jpg,data\processed\bfw\asian\n003167\0533_01.jpg,n003167,n003167,asian,asian,males,males,,,1,0.63550776,9.272378,0.36449224
data\processed\bfw\asian\n003027\0170_01.jpg,data\processed\bfw\asian\n003027\0223_01.jpg,n003027,n003027,asian,asian,males,males,,,1,0.5073387,10.419826,0.4926613
data\processed\bfw\asian\n003491\0070_06.jpg,data\processed\bfw\asian\n008401\0297_01.jpg,n003491,n008401,asian,asian,males,females,,,0,0.16267058,12.426084,0.8373294
data\processed\bfw\asian\n004785\0280_01.jpg,data\processed\bfw\asian\n003481\0564_02.jpg,n004785,n003481,asian,asian,females,females,,,0,0.21748723,11.698182,0.7825128
data\processed\bfw\asian\n005069\0234_01.jpg,data\processed\bfw\asian\n003162\0259_01.jpg,n005069,n003162,asian,asian,females,males,,,0,0.123701595,11.130237,0.8762984
data\processed\bfw\asian\n009294\0079_01.jpg,data\processed\bfw\asian\n006418\0386_01.jpg,n009294,n006418,asian,asian,females,females,,,0,0.20602068,11.525782,0.7939793
data\processed\bfw\asian\n003156\0103_01.jpg,data\processed\bfw\asian\n003156\0119_01.jpg,n003156,n003156,asian,asian,males,males,,,1,-0.20087746,11.54571,1.2008774
data\processed\bfw\asian\n002552\0142_01.jpg,data\processed\bfw\asian\n002552\0350_01.jpg,n002552,n002552,asian,asian,males,males,,,1,0.5222066,9.052166,0.4777934
data\processed\bfw\asian\n002775\0133_01.jpg,data\processed\bfw\asian\n002775\0187_04.jpg,n002775,n002775,asian,asian,males,males,,,1,0.35170063,9.090024,0.64829934
data\processed\bfw\asian\n001682\0096_01.jpg,data\processed\bfw\asian\n001682\0267_02.jpg,n001682,n001682,asian,asian,males,males,,,1,0.62349635,8.608659,0.37650365
data\processed\bfw\asian\n004681\0592_01.jpg,data\processed\bfw\asian\n006148\0400_01.jpg,n004681,n006148,asian,asian,males,females,,,0,0.100705415,9.945887,0.8992946
data\processed\bfw\asian\n000161\0136_01.jpg,data\processed\bfw\asian\n000161\0461_01.jpg,n000161,n000161,asian,asian,males,males,,,1,-0.055697598,9.924944,1.0556976
data\processed\bfw\asian\n004935\0123_01.jpg,data\processed\bfw\asian\n004935\0210_01.jpg,n004935,n004935,asian,asian,males,males,,,1,0.37437475,10.217572,0.62562525
data\processed\bfw\asian\n003467\0055_01.jpg,data\processed\bfw\asian\n003482\0157_02.jpg,n003467,n003482,asian,asian,females,males,,,0,0.013313548,12.953554,0.98668647
data\processed\bfw\asian\n009125\0069_01.jpg,data\processed\bfw\asian\n008383\0143_01.jpg,n009125,n008383,asian,asian,females,females,,,0,0.22592415,10.691795,0.77407587
data\processed\bfw\asian\n001682\0172_02.jpg,data\processed\bfw\asian\n004864\0056_01.jpg,n001682,n004864,asian,asian,males,females,,,0,0.012041492,13.130037,0.9879585
data\processed\bfw\asian\n005078\0295_03.jpg,data\processed\bfw\asian\n000143\0013_01.jpg,n005078,n000143,asian,asian,males,females,,,0,0.00074685836,11.359516,0.99925315
data\processed\bfw\asian\n006148\0129_01.jpg,data\processed\bfw\asian\n006203\0663_02.jpg,n006148,n006203,asian,asian,females,females,,,0,0.2664407,10.264437,0.7335593
data\processed\bfw\asian\n005446\0185_01.jpg,data\processed\bfw\asian\n008934\0433_01.jpg,n005446,n008934,asian,asian,females,females,,,0,0.14732641,10.072015,0.8526736
data\processed\bfw\asian\n009288\0068_01.jpg,data\processed\bfw\asian\n009288\0341_01.jpg,n009288,n009288,asian,asian,females,females,,,1,0.58382756,8.286404,0.41617244
data\processed\bfw\asian\n005474\0058_03.jpg,data\processed\bfw\asian\n005474\0129_02.jpg,n005474,n005474,asian,asian,females,females,,,1,0.2872204,10.607187,0.71277964
data\processed\bfw\asian\n007899\0017_01.jpg,data\processed\bfw\asian\n000161\0255_01.jpg,n007899,n000161,asian,asian,females,males,,,0,0.1038647,11.086765,0.89613533
data\processed\bfw\asian\n002320\0027_01.jpg,data\processed\bfw\asian\n002320\0186_02.jpg,n002320,n002320,asian,asian,males,males,,,1,0.525775,8.199332,0.47422498
data\processed\bfw\asian\n009177\0060_01.jpg,data\processed\bfw\asian\n009177\0231_01.jpg,n009177,n009177,asian,asian,females,females,,,1,0.49629563,9.255993,0.50370437
data\processed\bfw\asian\n007380\0089_01.jpg,data\processed\bfw\asian\n007380\0173_01.jpg,n007380,n007380,asian,asian,females,females,,,1,0.029027054,11.412041,0.97097296
data\processed\bfw\asian\n009148\0079_01.jpg,data\processed\bfw\asian\n009148\0103_01.jpg,n009148,n009148,asian,asian,females,females,,,1,0.42535046,10.108062,0.5746496
data\processed\bfw\asian\n004472\0007_01.jpg,data\processed\bfw\asian\n004472\0295_03.jpg,n004472,n004472,asian,asian,females,females,,,1,0.35329056,10.626921,0.64670944
data\processed\bfw\asian\n003557\0165_01.jpg,data\processed\bfw\asian\n003557\0181_03.jpg,n003557,n003557,asian,asian,females,females,,,1,0.4545977,9.148872,0.5454023
data\processed\bfw\asian\n006203\0333_01.jpg,data\processed\bfw\asian\n009103\0106_01.jpg,n006203,n009103,asian,asian,females,females,,,0,0.09195308,10.942546,0.9080469
data\processed\bfw\asian\n006224\0067_01.jpg,data\processed\bfw\asian\n006224\0198_01.jpg,n006224,n006224,asian,asian,females,females,,,1,0.35824648,9.462212,0.64175355
data\processed\bfw\asian\n005446\0141_01.jpg,data\processed\bfw\asian\n004864\0056_01.jpg,n005446,n004864,asian,asian,females,females,,,0,0.3480114,9.449759,0.6519886
data\processed\bfw\asian\n005378\0176_01.jpg,data\processed\bfw\asian\n006634\0118_01.jpg,n005378,n006634,asian,asian,females,females,,,0,0.08441227,9.367257,0.9155877
data\processed\bfw\asian\n007899\0097_01.jpg,data\processed\bfw\asian\n007664\0047_01.jpg,n007899,n007664,asian,asian,females,females,,,0,0.21774043,12.463481,0.7822596
data\processed\bfw\asian\n004787\0101_02.jpg,data\processed\bfw\asian\n004787\0398_01.jpg,n004787,n004787,asian,asian,females,females,,,1,0.3521945,9.485078,0.6478055
data\processed\bfw\asian\n000137\0187_01.jpg,data\processed\bfw\asian\n000137\0265_01.jpg,n000137,n000137,asian,asian,females,females,,,1,0.16811977,8.655516,0.8318802
data\processed\bfw\asian\n006344\0051_03.jpg,data\processed\bfw\asian\n006344\0253_01.jpg,n006344,n006344,asian,asian,females,females,,,1,0.4530217,8.219116,0.5469783
data\processed\bfw\asian\n008401\0166_01.jpg,data\processed\bfw\asian\n008401\0247_01.jpg,n008401,n008401,asian,asian,females,females,,,1,0.5746048,10.053518,0.4253952
data\processed\bfw\asian\n003824\0148_01.jpg,data\processed\bfw\asian\n003824\0262_01.jpg,n003824,n003824,asian,asian,females,females,,,1,0.22203983,10.122155,0.7779602
data\processed\bfw\asian\n004221\0164_03.jpg,data\processed\bfw\asian\n007814\0175_01.jpg,n004221,n007814,asian,asian,males,females,,,0,-0.08500626,13.69808,1.0850062
data\processed\bfw\asian\n003824\0037_01.jpg,data\processed\bfw\asian\n003824\0697_01.jpg,n003824,n003824,asian,asian,females,females,,,1,0.45879924,10.250474,0.54120076
data\processed\bfw\asian\n009148\0005_01.jpg,data\processed\bfw\asian\n000160\0109_01.jpg,n009148,n000160,asian,asian,females,females,,,0,0.1824799,12.421035,0.8175201
data\processed\bfw\asian\n004472\0172_03.jpg,data\processed\bfw\asian\n004472\0295_02.jpg,n004472,n004472,asian,asian,females,females,,,1,0.3554362,10.606443,0.6445638
data\processed\bfw\asian\n008934\0029_02.jpg,data\processed\bfw\asian\n008934\0050_01.jpg,n008934,n008934,asian,asian,females,females,,,1,0.5141269,10.309225,0.4858731
data\processed\bfw\asian\n003449\0242_01.jpg,data\processed\bfw\asian\n000158\0034_01.jpg,n003449,n000158,asian,asian,females,males,,,0,-0.041540075,13.793716,1.04154
data\processed\bfw\asian\n007899\0222_01.jpg,data\processed\bfw\asian\n009041\0091_06.jpg,n007899,n009041,asian,asian,females,females,,,0,0.01096448,14.742982,0.98903555
data\processed\bfw\asian\n009148\0050_05.jpg,data\processed\bfw\asian\n004725\0079_01.jpg,n009148,n004725,asian,asian,females,males,,,0,-0.17437898,16.17542,1.174379
data\processed\bfw\asian\n000838\0044_01.jpg,data\processed\bfw\asian\n000838\0070_01.jpg,n000838,n000838,asian,asian,females,females,,,1,0.49363703,9.649265,0.506363
data\processed\bfw\asian\n001976\0235_03.jpg,data\processed\bfw\asian\n007378\0175_01.jpg,n001976,n007378,asian,asian,males,females,,,0,0.21539463,10.6852865,0.7846054
data\processed\bfw\asian\n007814\0185_02.jpg,data\processed\bfw\asian\n004680\0133_02.jpg,n007814,n004680,asian,asian,females,females,,,0,0.1586946,11.951624,0.8413054
data\processed\bfw\asian\n000009\0216_01.jpg,data\processed\bfw\asian\n000009\0244_01.jpg,n000009,n000009,asian,asian,females,females,,,1,-0.17019127,13.40456,1.1701913
data\processed\bfw\asian\n003449\0183_01.jpg,data\processed\bfw\asian\n004794\0043_01.jpg,n003449,n004794,asian,asian,females,males,,,0,0.27376035,8.515018,0.7262397
data\processed\bfw\asian\n000148\0153_01.jpg,data\processed\bfw\asian\n009103\0724_01.jpg,n000148,n009103,asian,asian,females,females,,,0,0.20465252,9.811049,0.79534745
data\processed\bfw\asian\n002552\0074_01.jpg,data\processed\bfw\asian\n002552\0106_01.jpg,n002552,n002552,asian,asian,males,males,,,1,0.4332217,9.072585,0.5667783
data\processed\bfw\asian\n000137\0012_01.jpg,data\processed\bfw\asian\n000158\0404_01.jpg,n000137,n000158,asian,asian,females,males,,,0,-0.062539294,11.050059,1.0625393
data\processed\bfw\asian\n004935\0143_02.jpg,data\processed\bfw\asian\n003223\0398_02.jpg,n004935,n003223,asian,asian,males,males,,,0,0.18612279,14.114256,0.8138772
data\processed\bfw\asian\n000138\0153_02.jpg,data\processed\bfw\asian\n000138\0189_01.jpg,n000138,n000138,asian,asian,females,females,,,1,0.26147425,10.103668,0.73852575
data\processed\bfw\asian\n002644\0116_01.jpg,data\processed\bfw\asian\n005071\0096_01.jpg,n002644,n005071,asian,asian,males,males,,,0,0.0033848824,12.383864,0.9966151
data\processed\bfw\asian\n000132\0027_01__face_0.jpg,data\processed\bfw\asian\n000132\0153_01__face_0.jpg,n000132,n000132,asian,asian,males,males,,,1,0.5239229,8.730302,0.47607708
data\processed\bfw\asian\n008401\0053_01.jpg,data\processed\bfw\asian\n008401\0137_01.jpg,n008401,n008401,asian,asian,females,females,,,1,0.62344253,9.39826,0.37655747
data\processed\bfw\asian\n009103\0106_01.jpg,data\processed\bfw\asian\n009103\0421_01.jpg,n009103,n009103,asian,asian,females,females,,,1,0.23727,10.552715,0.76273
data\processed\bfw\asian\n006736\0367_01.jpg,data\processed\bfw\asian\n005216\0220_01.jpg,n006736,n005216,asian,asian,females,females,,,0,0.11907765,11.455563,0.8809223
data\processed\bfw\asian\n000135\0272_01.jpg,data\processed\bfw\asian\n008163\0035_02.jpg,n000135,n008163,asian,asian,females,females,,,0,0.227199,9.866359,0.772801
data\processed\bfw\asian\n008163\0609_02.jpg,data\processed\bfw\asian\n004800\0139_02.jpg,n008163,n004800,asian,asian,females,males,,,0,0.23767193,10.160673,0.7623281
data\processed\bfw\asian\n007378\0071_01.jpg,data\processed\bfw\asian\n007378\0082_07.jpg,n007378,n007378,asian,asian,females,females,,,1,0.4084842,8.919428,0.5915158
data\processed\bfw\asian\n000143\0156_04.jpg,data\processed\bfw\asian\n000143\0187_01.jpg,n000143,n000143,asian,asian,females,females,,,1,0.21301877,10.133568,0.7869812
data\processed\bfw\asian\n000138\0067_01.jpg,data\processed\bfw\asian\n000138\0082_01.jpg,n000138,n000138,asian,asian,females,females,,,1,0.4862093,9.236006,0.5137907
data\processed\bfw\asian\n006125\0120_01.jpg,data\processed\bfw\asian\n006125\0253_01.jpg,n006125,n006125,asian,asian,females,females,,,1,0.38214004,8.76948,0.61785996
data\processed\bfw\asian\n007899\0031_01.jpg,data\processed\bfw\asian\n000132\0299_02__face_0.jpg,n007899,n000132,asian,asian,females,males,,,0,0.17784663,10.802767,0.8221534
data\processed\bfw\asian\n004687\0037_01.jpg,data\processed\bfw\asian\n004687\0307_01.jpg,n004687,n004687,asian,asian,females,females,,,1,0.4021252,9.955946,0.59787476
data\processed\bfw\asian\n000837\0206_02.jpg,data\processed\bfw\asian\n007385\0044_01.jpg,n000837,n007385,asian,asian,females,females,,,0,0.36912772,10.300648,0.63087225
data\processed\bfw\asian\n003288\0579_02.jpg,data\processed\bfw\asian\n003533\0612_01.jpg,n003288,n003533,asian,asian,females,males,,,0,0.008553962,11.147562,0.991446
data\processed\bfw\asian\n004791\0205_02.jpg,data\processed\bfw\asian\n001562\0080_02.jpg,n004791,n001562,asian,asian,males,males,,,0,0.2621469,10.3431425,0.7378531
data\processed\bfw\asian\n000873\0061_01.jpg,data\processed\bfw\asian\n005069\0017_02.jpg,n000873,n005069,asian,asian,males,females,,,0,0.2554166,10.257838,0.74458337
data\processed\bfw\asian\n000137\0050_01.jpg,data\processed\bfw\asian\n000137\0120_01.jpg,n000137,n000137,asian,asian,females,females,,,1,0.4357734,7.827417,0.5642266
data\processed\bfw\asian\n004466\0108_01.jpg,data\processed\bfw\asian\n000839\0295_01.jpg,n004466,n000839,asian,asian,males,females,,,0,0.043385025,14.531117,0.956615
data\processed\bfw\asian\n004467\0186_01.jpg,data\processed\bfw\asian\n004467\0656_01.jpg,n004467,n004467,asian,asian,males,males,,,1,0.14674592,10.591609,0.8532541
data\processed\bfw\asian\n001496\0133_01.jpg,data\processed\bfw\asian\n001496\0149_01.jpg,n001496,n001496,asian,asian,males,males,,,1,0.5214772,8.654402,0.47852278
data\processed\bfw\asian\n004549\0065_01.jpg,data\processed\bfw\asian\n004549\0198_04.jpg,n004549,n004549,asian,asian,females,females,,,1,0.4641189,9.31213,0.5358811
data\processed\bfw\asian\n003153\0219_02.jpg,data\processed\bfw\asian\n003358\0216_01.jpg,n003153,n003358,asian,asian,females,females,,,0,0.17567314,10.0831,0.8243269
data\processed\bfw\asian\n004466\0153_01.jpg,data\processed\bfw\asian\n004466\0184_01.jpg,n004466,n004466,asian,asian,males,males,,,1,0.15859702,9.609446,0.841403
data\processed\bfw\asian\n009275\0039_01.jpg,data\processed\bfw\asian\n009275\0397_03.jpg,n009275,n009275,asian,asian,females,females,,,1,0.67003673,7.0660677,0.32996327
data\processed\bfw\asian\n006633\0120_03.jpg,data\processed\bfw\asian\n006633\0283_02.jpg,n006633,n006633,asian,asian,females,females,,,1,0.5503268,8.737811,0.44967318
data\processed\bfw\asian\n005216\0154_03.jpg,data\processed\bfw\asian\n008383\0014_01.jpg,n005216,n008383,asian,asian,females,females,,,0,0.12715928,11.058138,0.8728407
data\processed\bfw\asian\n005069\0559_02.jpg,data\processed\bfw\asian\n007378\0071_01.jpg,n005069,n007378,asian,asian,females,females,,,0,0.12572034,11.111374,0.8742797
data\processed\bfw\asian\n006344\0012_01.jpg,data\processed\bfw\asian\n006344\0282_01.jpg,n006344,n006344,asian,asian,females,females,,,1,0.34999114,9.369097,0.65000886
data\processed\bfw\asian\n006634\0679_01.jpg,data\processed\bfw\asian\n005378\0388_01.jpg,n006634,n005378,asian,asian,females,females,,,0,0.1545376,12.308382,0.8454624
data\processed\bfw\asian\n009275\0188_01.jpg,data\processed\bfw\asian\n009275\0397_05.jpg,n009275,n009275,asian,asian,females,females,,,1,0.47854072,8.235804,0.5214593
data\processed\bfw\asian\n009294\0084_01.jpg,data\processed\bfw\asian\n009294\0251_02.jpg,n009294,n009294,asian,asian,females,females,,,1,0.22222632,9.231339,0.7777737
data\processed\bfw\asian\n000161\0461_01.jpg,data\processed\bfw\asian\n003491\0181_02.jpg,n000161,n003491,asian,asian,males,males,,,0,0.16911983,9.056525,0.83088017
data\processed\bfw\asian\n008401\0023_01.jpg,data\processed\bfw\asian\n008401\0399_01.jpg,n008401,n008401,asian,asian,females,females,,,1,0.47854596,9.938499,0.52145404
data\processed\bfw\asian\n004108\0176_01.jpg,data\processed\bfw\asian\n004108\0337_02.jpg,n004108,n004108,asian,asian,males,males,,,1,0.324728,10.115217,0.675272
data\processed\bfw\asian\n000161\0125_01.jpg,data\processed\bfw\asian\n003288\0230_01.jpg,n000161,n003288,asian,asian,males,females,,,0,0.08621414,12.412281,0.9137859
data\processed\bfw\asian\n004864\0148_01.jpg,data\processed\bfw\asian\n004864\0588_04.jpg,n004864,n004864,asian,asian,females,females,,,1,0.43188196,10.172452,0.56811804
data\processed\bfw\asian\n005072\0043_05.jpg,data\processed\bfw\asian\n005072\0235_01.jpg,n005072,n005072,asian,asian,males,males,,,1,0.48869815,8.963654,0.5113019
data\processed\bfw\asian\n006344\0577_01.jpg,data\processed\bfw\asian\n002509\0139_03.jpg,n006344,n002509,asian,asian,females,females,,,0,0.14601757,10.640695,0.85398245
data\processed\bfw\asian\n008934\0053_01.jpg,data\processed\bfw\asian\n004472\0295_02.jpg,n008934,n004472,asian,asian,females,females,,,0,0.44787496,11.257728,0.55212504
data\processed\bfw\asian\n003358\0437_01.jpg,data\processed\bfw\asian\n005216\0026_01.jpg,n003358,n005216,asian,asian,females,females,,,0,0.2721443,10.496175,0.7278557
data\processed\bfw\asian\n001976\0441_01.jpg,data\processed\bfw\asian\n001976\0458_02.jpg,n001976,n001976,asian,asian,males,males,,,1,0.3825052,9.244214,0.6174948
data\processed\bfw\asian\n001562\0111_01.jpg,data\processed\bfw\asian\n006633\0036_02.jpg,n001562,n006633,asian,asian,males,females,,,0,0.19059083,9.668884,0.80940914
data\processed\bfw\asian\n004935\0061_01.jpg,data\processed\bfw\asian\n006125\0101_01.jpg,n004935,n006125,asian,asian,males,females,,,0,0.0789667,13.656138,0.9210333
data\processed\bfw\asian\n006774\0058_01.jpg,data\processed\bfw\asian\n004791\0253_01.jpg,n006774,n004791,asian,asian,females,males,,,0,0.17597441,11.807152,0.8240256
data\processed\bfw\asian\n006126\0055_01.jpg,data\processed\bfw\asian\n006634\0114_01.jpg,n006126,n006634,asian,asian,females,females,,,0,0.31580514,9.943984,0.68419486
data\processed\bfw\asian\n001976\0119_01.jpg,data\processed\bfw\asian\n001976\0622_02.jpg,n001976,n001976,asian,asian,males,males,,,1,0.31694114,9.092487,0.68305886
data\processed\bfw\asian\n006148\0030_01.jpg,data\processed\bfw\asian\n006148\0165_01.jpg,n006148,n006148,asian,asian,females,females,,,1,0.47104934,9.203946,0.5289507
data\processed\bfw\asian\n003358\0149_02.jpg,data\processed\bfw\asian\n003358\0702_01.jpg,n003358,n003358,asian,asian,females,females,,,1,0.3474363,8.68418,0.6525637
data\processed\bfw\asian\n005063\0089_02.jpg,data\processed\bfw\asian\n003027\0470_01.jpg,n005063,n003027,asian,asian,females,males,,,0,-0.010321362,12.946612,1.0103214
data\processed\bfw\asian\n002644\0123_02.jpg,data\processed\bfw\asian\n002644\0319_01.jpg,n002644,n002644,asian,asian,males,males,,,1,0.31729814,9.262325,0.6827018
data\processed\bfw\asian\n007738\0265_01.jpg,data\processed\bfw\asian\n003506\0307_01.jpg,n007738,n003506,asian,asian,females,females,,,0,0.14490286,11.641816,0.8550972
data\processed\bfw\asian\n001976\0121_02.jpg,data\processed\bfw\asian\n001976\0665_02.jpg,n001976,n001976,asian,asian,males,males,,,1,0.3823036,8.389159,0.6176964
data\processed\bfw\asian\n009137\0521_02.jpg,data\processed\bfw\asian\n002331\0054_02.jpg,n009137,n002331,asian,asian,females,males,,,0,0.09087122,12.710265,0.9091288
data\processed\bfw\asian\n003167\0532_01.jpg,data\processed\bfw\asian\n004936\0345_01.jpg,n003167,n004936,asian,asian,males,females,,,0,0.20557658,10.617894,0.7944234
data\processed\bfw\asian\n004680\0113_02.jpg,data\processed\bfw\asian\n004786\0011_02.jpg,n004680,n004786,asian,asian,females,females,,,0,0.24157435,11.589044,0.75842565
data\processed\bfw\asian\n001976\0622_02.jpg,data\processed\bfw\asian\n000839\0497_02.jpg,n001976,n000839,asian,asian,males,females,,,0,0.0071726693,11.094849,0.99282736
data\processed\bfw\asian\n005378\0093_02.jpg,data\processed\bfw\asian\n005378\0354_01.jpg,n005378,n005378,asian,asian,females,females,,,1,0.16247104,9.776264,0.83752894
data\processed\bfw\asian\n003027\0161_01.jpg,data\processed\bfw\asian\n009041\0077_01.jpg,n003027,n009041,asian,asian,males,females,,,0,-0.044708338,11.994677,1.0447084
data\processed\bfw\asian\n003557\0007_02.jpg,data\processed\bfw\asian\n002775\0133_01.jpg,n003557,n002775,asian,asian,females,males,,,0,0.14699763,11.992773,0.85300237
data\processed\bfw\asian\n003355\0056_01.jpg,data\processed\bfw\asian\n002406\0126_01.jpg,n003355,n002406,asian,asian,males,males,,,0,0.13740073,10.467065,0.86259925
data\processed\bfw\asian\n004686\0072_01.jpg,data\processed\bfw\asian\n004686\0085_01.jpg,n004686,n004686,asian,asian,males,males,,,1,0.561462,7.1522985,0.438538
data\processed\bfw\asian\n008401\0391_01.jpg,data\processed\bfw\asian\n008401\0405_01.jpg,n008401,n008401,asian,asian,females,females,,,1,0.2656515,10.0220585,0.73434854
data\processed\bfw\asian\n006222\0015_01.jpg,data\processed\bfw\asian\n006222\0047_01.jpg,n006222,n006222,asian,asian,females,females,,,1,0.57904536,8.850128,0.42095464
data\processed\bfw\asian\n002320\0013_05.jpg,data\processed\bfw\asian\n001864\0021_01.jpg,n002320,n001864,asian,asian,males,males,,,0,0.22443867,9.493236,0.77556133
data\processed\bfw\asian\n002320\0072_01.jpg,data\processed\bfw\asian\n005071\0279_02.jpg,n002320,n005071,asian,asian,males,males,,,0,0.19225283,10.927858,0.8077472
data\processed\bfw\asian\n003355\0024_07.jpg,data\processed\bfw\asian\n003355\0620_01.jpg,n003355,n003355,asian,asian,males,males,,,1,0.4999568,7.563186,0.5000432
data\processed\bfw\asian\n004948\0091_01.jpg,data\processed\bfw\asian\n004948\0378_02.jpg,n004948,n004948,asian,asian,males,males,,,1,0.033023603,10.853828,0.9669764
data\processed\bfw\asian\n006418\0140_02.jpg,data\processed\bfw\asian\n006418\0235_01.jpg,n006418,n006418,asian,asian,females,females,,,1,0.37060517,9.015954,0.6293948
data\processed\bfw\asian\n000854\0060_01.jpg,data\processed\bfw\asian\n000854\0239_01.jpg,n000854,n000854,asian,asian,females,females,,,1,0.2661118,10.190266,0.7338882
data\processed\bfw\asian\n004680\0260_01.jpg,data\processed\bfw\asian\n003357\0469_01.jpg,n004680,n003357,asian,asian,females,females,,,0,0.22046202,10.577456,0.779538
data\processed\bfw\asian\n003557\0017_02.jpg,data\processed\bfw\asian\n003557\0165_01.jpg,n003557,n003557,asian,asian,females,females,,,1,0.5171642,8.814652,0.48283583
data\processed\bfw\asian\n005071\0115_02.jpg,data\processed\bfw\asian\n005071\0483_01.jpg,n005071,n005071,asian,asian,males,males,,,1,0.37222862,10.162383,0.6277714
data\processed\bfw\asian\n001976\0458_02.jpg,data\processed\bfw\asian\n003357\0538_01.jpg,n001976,n003357,asian,asian,males,females,,,0,-0.009666043,11.408131,1.0096661
data\processed\bfw\asian\n003481\0345_01.jpg,data\processed\bfw\asian\n003481\0431_01.jpg,n003481,n003481,asian,asian,females,females,,,1,0.06578343,11.009574,0.93421656
data\processed\bfw\asian\n003533\0128_01.jpg,data\processed\bfw\asian\n004785\0603_01.jpg,n003533,n004785,asian,asian,males,females,,,0,0.10777128,10.437869,0.8922287
data\processed\bfw\asian\n003491\0019_01.jpg,data\processed\bfw\asian\n003491\0081_04.jpg,n003491,n003491,asian,asian,males,males,,,1,0.51947796,9.754463,0.48052204
data\processed\bfw\asian\n005063\0042_01.jpg,data\processed\bfw\asian\n005063\0044_03.jpg,n005063,n005063,asian,asian,females,females,,,1,0.54692024,8.7813835,0.45307976
data\processed\bfw\asian\n003463\0017_01.jpg,data\processed\bfw\asian\n002552\0237_02.jpg,n003463,n002552,asian,asian,males,males,,,0,0.14544588,11.761164,0.8545541
data\processed\bfw\asian\n000138\0078_01.jpg,data\processed\bfw\asian\n009294\0124_01.jpg,n000138,n009294,asian,asian,females,females,,,0,-0.24163507,13.168808,1.2416351
data\processed\bfw\asian\n004930\0103_01.jpg,data\processed\bfw\asian\n004930\0155_01.jpg,n004930,n004930,asian,asian,females,females,,,1,0.38878635,10.602047,0.6112137
data\processed\bfw\asian\n002552\0530_01.jpg,data\processed\bfw\asian\n007664\0053_01.jpg,n002552,n007664,asian,asian,males,females,,,0,-0.009619037,10.23982,1.009619
data\processed\bfw\asian\n000856\0046_01.jpg,data\processed\bfw\asian\n000856\0070_01.jpg,n000856,n000856,asian,asian,females,females,,,1,0.43134046,7.442517,0.56865954
data\processed\bfw\asian\n004469\0038_01.jpg,data\processed\bfw\asian\n004469\0083_02.jpg,n004469,n004469,asian,asian,males,males,,,1,0.48894995,8.751878,0.51105005
data\processed\bfw\asian\n009294\0018_02.jpg,data\processed\bfw\asian\n009294\0081_01.jpg,n009294,n009294,asian,asian,females,females,,,1,0.33904105,10.725659,0.66095895
data\processed\bfw\asian\n004549\0202_01.jpg,data\processed\bfw\asian\n006418\1023_02.jpg,n004549,n006418,asian,asian,females,females,,,0,0.2912073,9.942411,0.7087927
data\processed\bfw\asian\n004809\0013_10.jpg,data\processed\bfw\asian\n004805\0357_01.jpg,n004809,n004805,asian,asian,males,males,,,0,0.28545016,8.811795,0.71454984
data\processed\bfw\asian\n006159\0045_01.jpg,data\processed\bfw\asian\n004108\0229_02.jpg,n006159,n004108,asian,asian,females,males,,,0,0.0018128593,12.623194,0.9981871
data\processed\bfw\asian\n008163\0034_04.jpg,data\processed\bfw\asian\n008163\0645_01.jpg,n008163,n008163,asian,asian,females,females,,,1,0.50216097,9.294989,0.49783903
data\processed\bfw\asian\n005177\0076_01.jpg,data\processed\bfw\asian\n005177\0321_01.jpg,n005177,n005177,asian,asian,males,males,,,1,0.5063051,9.619829,0.4936949
data\processed\bfw\asian\n006148\0014_03.jpg,data\processed\bfw\asian\n006148\0609_01.jpg,n006148,n006148,asian,asian,females,females,,,1,0.39951333,9.449741,0.60048664
data\processed\bfw\asian\n001976\0198_01.jpg,data\processed\bfw\asian\n004680\0180_01.jpg,n001976,n004680,asian,asian,males,females,,,0,0.16378021,12.394909,0.8362198
data\processed\bfw\asian\n001562\0009_02.jpg,data\processed\bfw\asian\n001562\0111_01.jpg,n001562,n001562,asian,asian,males,males,,,1,0.5786228,7.239574,0.42137718
data\processed\bfw\asian\n007899\0172_04.jpg,data\processed\bfw\asian\n003491\0147_05.jpg,n007899,n003491,asian,asian,females,males,,,0,0.19047277,10.492492,0.8095272
data\processed\bfw\asian\n006222\0002_01.jpg,data\processed\bfw\asian\n004930\0286_01.jpg,n006222,n004930,asian,asian,females,females,,,0,0.21413201,12.036728,0.785868
data\processed\bfw\asian\n009275\0034_02.jpg,data\processed\bfw\asian\n009275\0158_05.jpg,n009275,n009275,asian,asian,females,females,,,1,0.45455194,8.748423,0.54544806
data\processed\bfw\asian\n009277\0091_01.jpg,data\processed\bfw\asian\n002331\0029_01.jpg,n009277,n002331,asian,asian,females,males,,,0,-0.050898347,14.950544,1.0508983
data\processed\bfw\asian\n003463\0008_01.jpg,data\processed\bfw\asian\n003463\0110_01.jpg,n003463,n003463,asian,asian,males,males,,,1,0.504201,9.05848,0.495799
data\processed\bfw\asian\n004466\0349_01.jpg,data\processed\bfw\asian\n004948\0536_02.jpg,n004466,n004948,asian,asian,males,males,,,0,0.15042624,10.147111,0.84957373
data\processed\bfw\asian\n009125\0193_01.jpg,data\processed\bfw\asian\n009125\0196_01.jpg,n009125,n009125,asian,asian,females,females,,,1,0.5212768,8.756532,0.47872323
data\processed\bfw\asian\n009294\0063_01.jpg,data\processed\bfw\asian\n009294\0079_01.jpg,n009294,n009294,asian,asian,females,females,,,1,0.416523,9.455344,0.583477
data\processed\bfw\asian\n003288\0562_01.jpg,data\processed\bfw\asian\n007270\0471_01.jpg,n003288,n007270,asian,asian,females,females,,,0,0.30089837,8.93722,0.6991016
data\processed\bfw\asian\n003162\0024_01.jpg,data\processed\bfw\asian\n000838\0247_01.jpg,n003162,n000838,asian,asian,males,females,,,0,0.03311296,12.945762,0.96688706
data\processed\bfw\asian\n009042\0036_01.jpg,data\processed\bfw\asian\n009042\0043_01.jpg,n009042,n009042,asian,asian,females,females,,,1,0.38716424,11.120132,0.61283576
data\processed\bfw\asian\n000137\0032_01.jpg,data\processed\bfw\asian\n004860\0068_01.jpg,n000137,n004860,asian,asian,females,females,,,0,0.035594143,10.455716,0.96440583
data\processed\bfw\asian\n003167\0571_01.jpg,data\processed\bfw\asian\n003167\0595_01.jpg,n003167,n003167,asian,asian,males,males,,,1,0.4372306,10.828237,0.5627694
data\processed\bfw\asian\n009042\0250_01.jpg,data\processed\bfw\asian\n000872\0200_01.jpg,n009042,n000872,asian,asian,females,males,,,0,0.0062616183,12.443072,0.99373835
data\processed\bfw\asian\n004469\0107_01.jpg,data\processed\bfw\asian\n004469\0124_01.jpg,n004469,n004469,asian,asian,males,males,,,1,0.17613667,12.124482,0.8238633
data\processed\bfw\asian\n004686\0282_01.jpg,data\processed\bfw\asian\n008148\0195_01.jpg,n004686,n008148,asian,asian,males,females,,,0,0.021193858,11.337414,0.97880614
data\processed\bfw\asian\n009042\0402_02.jpg,data\processed\bfw\asian\n009175\0486_01.jpg,n009042,n009175,asian,asian,females,females,,,0,0.120590754,12.503366,0.87940925
data\processed\bfw\asian\n001682\0088_01.jpg,data\processed\bfw\asian\n001682\0177_01.jpg,n001682,n001682,asian,asian,males,males,,,1,0.10922936,11.851751,0.8907706
data\processed\bfw\asian\n004469\0019_02.jpg,data\processed\bfw\asian\n004469\0108_02.jpg,n004469,n004469,asian,asian,males,males,,,1,0.6584514,8.176939,0.34154862
data\processed\bfw\asian\n002644\0231_02.jpg,data\processed\bfw\asian\n007814\0287_01.jpg,n002644,n007814,asian,asian,males,females,,,0,0.15502246,10.175404,0.84497756
data\processed\bfw\asian\n009277\0067_01.jpg,data\processed\bfw\asian\n000436\0466_01.jpg,n009277,n000436,asian,asian,females,males,,,0,-0.04191994,12.841551,1.04192
data\processed\bfw\asian\n008383\0268_01.jpg,data\processed\bfw\asian\n009041\0562_01.jpg,n008383,n009041,asian,asian,females,females,,,0,0.132534,11.797273,0.867466
data\processed\bfw\asian\n006203\0654_01.jpg,data\processed\bfw\asian\n004687\0037_01.jpg,n006203,n004687,asian,asian,females,females,,,0,0.29906404,9.199355,0.70093596
data\processed\bfw\asian\n005446\0480_01.jpg,data\processed\bfw\asian\n003489\0068_01.jpg,n005446,n003489,asian,asian,females,males,,,0,0.04768586,12.755786,0.95231414
data\processed\bfw\asian\n006159\0011_01.jpg,data\processed\bfw\asian\n006159\0064_02.jpg,n006159,n006159,asian,asian,females,females,,,1,0.53712213,10.431617,0.46287787
data\processed\bfw\asian\n009287\0160_01.jpg,data\processed\bfw\asian\n007899\0213_01.jpg,n009287,n007899,asian,asian,females,females,,,0,0.26860538,10.744839,0.73139465
data\processed\bfw\asian\n009175\0007_01.jpg,data\processed\bfw\asian\n009175\0028_01.jpg,n009175,n009175,asian,asian,females,females,,,1,0.5062434,9.77663,0.4937566
data\processed\bfw\asian\n006125\0120_01.jpg,data\processed\bfw\asian\n005069\0110_02.jpg,n006125,n005069,asian,asian,females,females,,,0,0.3240791,10.923669,0.6759209
data\processed\bfw\asian\n006148\0242_02.jpg,data\processed\bfw\asian\n009103\0291_01.jpg,n006148,n009103,asian,asian,females,females,,,0,0.10765551,11.666029,0.8923445
data\processed\bfw\asian\n005071\0581_01.jpg,data\processed\bfw\asian\n004805\0441_05.jpg,n005071,n004805,asian,asian,males,males,,,0,-0.0062033,12.284612,1.0062033
data\processed\bfw\asian\n009042\0017_03.jpg,data\processed\bfw\asian\n009042\0020_01.jpg,n009042,n009042,asian,asian,females,females,,,1,0.21832268,12.933956,0.7816773
data\processed\bfw\asian\n009278\0259_01.jpg,data\processed\bfw\asian\n004870\0112_02.jpg,n009278,n004870,asian,asian,females,females,,,0,0.1594469,13.033641,0.8405531
data\processed\bfw\asian\n007899\0082_01.jpg,data\processed\bfw\asian\n004805\0015_01.jpg,n007899,n004805,asian,asian,females,males,,,0,0.04418776,12.088761,0.9558122
data\processed\bfw\asian\n007664\0053_01.jpg,data\processed\bfw\asian\n003533\0050_01.jpg,n007664,n003533,asian,asian,females,males,,,0,0.02198039,12.963371,0.9780196
data\processed\bfw\asian\n005078\0092_02.jpg,data\processed\bfw\asian\n003506\0637_01.jpg,n005078,n003506,asian,asian,males,females,,,0,0.09974202,13.310705,0.900258
data\processed\bfw\asian\n001562\0070_01.jpg,data\processed\bfw\asian\n001562\0092_02.jpg,n001562,n001562,asian,asian,males,males,,,1,0.25251284,7.8383756,0.7474872
data\processed\bfw\asian\n009103\0035_01.jpg,data\processed\bfw\asian\n009103\0365_05.jpg,n009103,n009103,asian,asian,females,females,,,1,0.5329381,8.949981,0.46706188
data\processed\bfw\asian\n003354\0104_01.jpg,data\processed\bfw\asian\n003354\0243_01.jpg,n003354,n003354,asian,asian,females,females,,,1,0.2742731,9.908382,0.7257269
data\processed\bfw\asian\n005446\0201_01.jpg,data\processed\bfw\asian\n005446\0279_01.jpg,n005446,n005446,asian,asian,females,females,,,1,0.4093527,8.282417,0.59064734
data\processed\bfw\asian\n007664\0066_01.jpg,data\processed\bfw\asian\n007664\0106_01.jpg,n007664,n007664,asian,asian,females,females,,,1,0.9356796,3.2937555,0.064320385
data\processed\bfw\asian\n009175\0066_01.jpg,data\processed\bfw\asian\n000856\0079_01.jpg,n009175,n000856,asian,asian,females,females,,,0,0.11205792,11.416679,0.8879421
data\processed\bfw\asian\n001572\0349_01.jpg,data\processed\bfw\asian\n004721\0046_01.jpg,n001572,n004721,asian,asian,females,males,,,0,0.07437099,11.901875,0.925629
data\processed\bfw\asian\n000872\0098_01.jpg,data\processed\bfw\asian\n000872\0581_01.jpg,n000872,n000872,asian,asian,males,males,,,1,0.45620084,9.320194,0.54379916
data\processed\bfw\asian\n003489\0323_01.jpg,data\processed\bfw\asian\n007380\0525_01.jpg,n003489,n007380,asian,asian,males,females,,,0,0.2535153,7.724345,0.7464847
data\processed\bfw\asian\n006148\0165_01.jpg,data\processed\bfw\asian\n006148\0254_01.jpg,n006148,n006148,asian,asian,females,females,,,1,0.42623308,10.706028,0.57376695
data\processed\bfw\asian\n004805\0012_02.jpg,data\processed\bfw\asian\n000872\0137_01.jpg,n004805,n000872,asian,asian,males,males,,,0,0.31392905,10.704125,0.6860709
data\processed\bfw\asian\n004680\0116_01.jpg,data\processed\bfw\asian\n003489\0020_01.jpg,n004680,n003489,asian,asian,females,males,,,0,0.04210714,14.442779,0.95789284
data\processed\bfw\asian\n005078\0278_01.jpg,data\processed\bfw\asian\n005078\0289_01.jpg,n005078,n005078,asian,asian,males,males,,,1,0.21991765,10.867676,0.78008235
data\processed\bfw\asian\n004680\0175_01.jpg,data\processed\bfw\asian\n004680\0260_01.jpg,n004680,n004680,asian,asian,females,females,,,1,0.41078332,10.137327,0.5892167
data\processed\bfw\asian\n007089\0011_04.jpg,data\processed\bfw\asian\n007089\0033_01.jpg,n007089,n007089,asian,asian,females,females,,,1,0.5821961,8.410585,0.41780388
data\processed\bfw\asian\n006774\0070_01.jpg,data\processed\bfw\asian\n006224\0023_01.jpg,n006774,n006224,asian,asian,females,females,,,0,0.10604203,12.542524,0.893958
data\processed\bfw\asian\n003153\0246_01.jpg,data\processed\bfw\asian\n003153\0397_02.jpg,n003153,n003153,asian,asian,females,females,,,1,0.29393387,10.941368,0.70606613
data\processed\bfw\asian\n003027\0173_01.jpg,data\processed\bfw\asian\n006633\0283_02.jpg,n003027,n006633,asian,asian,males,females,,,0,0.05142851,11.703808,0.9485715
data\processed\bfw\asian\n004936\0245_01.jpg,data\processed\bfw\asian\n004800\0139_02.jpg,n004936,n004800,asian,asian,females,males,,,0,0.06560098,11.762592,0.934399
data\processed\bfw\asian\n006358\0004_01.jpg,data\processed\bfw\asian\n004786\0097_02.jpg,n006358,n004786,asian,asian,females,females,,,0,0.4303478,10.370311,0.5696522
data\processed\bfw\asian\n000840\0014_01.jpg,data\processed\bfw\asian\n000840\0580_01.jpg,n000840,n000840,asian,asian,females,females,,,1,0.21710002,11.236032,0.7829
data\processed\bfw\asian\n008163\0239_02.jpg,data\processed\bfw\asian\n008934\0276_01.jpg,n008163,n008934,asian,asian,females,females,,,0,0.17554463,10.507659,0.8244554
data\processed\bfw\asian\n003481\0109_01.jpg,data\processed\bfw\asian\n002775\0047_05.jpg,n003481,n002775,asian,asian,females,males,,,0,0.089042075,13.00868,0.91095793
data\processed\bfw\asian\n006224\0053_01.jpg,data\processed\bfw\asian\n004809\0356_01.jpg,n006224,n004809,asian,asian,females,males,,,0,0.08069227,12.784586,0.9193077
data\processed\bfw\asian\n005116\0041_01.jpg,data\processed\bfw\asian\n005116\0332_01.jpg,n005116,n005116,asian,asian,males,males,,,1,0.43064785,9.224653,0.56935215
data\processed\bfw\asian\n000161\0170_01.jpg,data\processed\bfw\asian\n005116\0086_01.jpg,n000161,n005116,asian,asian,males,males,,,0,0.019293685,11.924636,0.98070633
data\processed\bfw\asian\n005116\0228_03.jpg,data\processed\bfw\asian\n005116\0333_03.jpg,n005116,n005116,asian,asian,males,males,,,1,0.4653334,10.501729,0.5346666
data\processed\bfw\asian\n003288\0495_01.jpg,data\processed\bfw\asian\n004725\0121_01.jpg,n003288,n004725,asian,asian,females,males,,,0,0.04735655,12.532079,0.95264345
data\processed\bfw\asian\n005216\0154_03.jpg,data\processed\bfw\asian\n005216\0189_01.jpg,n005216,n005216,asian,asian,females,females,,,1,0.30297554,9.782415,0.69702446
data\processed\bfw\asian\n007372\0086_01.jpg,data\processed\bfw\asian\n004870\0094_04.jpg,n007372,n004870,asian,asian,females,females,,,0,0.3709288,7.9412103,0.62907124
data\processed\bfw\asian\n009041\0560_01.jpg,data\processed\bfw\asian\n000139\0109_03.jpg,n009041,n000139,asian,asian,females,females,,,0,0.10935824,12.5001335,0.89064175
data\processed\bfw\asian\n002552\0142_01.jpg,data\processed\bfw\asian\n002552\0375_01.jpg,n002552,n002552,asian,asian,males,males,,,1,0.38302645,10.016732,0.6169735
data\processed\bfw\asian\n006634\0002_01.jpg,data\processed\bfw\asian\n006634\0039_01.jpg,n006634,n006634,asian,asian,females,females,,,1,0.6326706,8.524404,0.36732942
data\processed\bfw\asian\n004549\0275_01.jpg,data\processed\bfw\asian\n003506\0115_01.jpg,n004549,n003506,asian,asian,females,females,,,0,0.26055485,11.0387335,0.73944515
data\processed\bfw\asian\n003223\0258_03.jpg,data\processed\bfw\asian\n003223\0327_01.jpg,n003223,n003223,asian,asian,males,males,,,1,0.56562334,8.161432,0.43437666
data\processed\bfw\asian\n003223\0033_02.jpg,data\processed\bfw\asian\n003223\0059_03.jpg,n003223,n003223,asian,asian,males,males,,,1,0.29277748,9.772649,0.7072225
data\processed\bfw\asian\n009148\0087_01.jpg,data\processed\bfw\asian\n006159\0174_01.jpg,n009148,n006159,asian,asian,females,females,,,0,0.11144101,14.083668,0.888559
data\processed\bfw\asian\n000009\0010_01.jpg,data\processed\bfw\asian\n000009\0080_02.jpg,n000009,n000009,asian,asian,females,females,,,1,0.21737798,11.002017,0.78262204
data\processed\bfw\asian\n002775\0133_01.jpg,data\processed\bfw\asian\n002775\0812_02.jpg,n002775,n002775,asian,asian,males,males,,,1,0.64356625,8.666983,0.35643375
data\processed\bfw\asian\n004877\0014_03.jpg,data\processed\bfw\asian\n009041\0037_01.jpg,n004877,n009041,asian,asian,females,females,,,0,0.17501384,9.878373,0.82498616
data\processed\bfw\asian\n003533\0078_01.jpg,data\processed\bfw\asian\n003533\0138_01.jpg,n003533,n003533,asian,asian,males,males,,,1,0.49875256,9.976403,0.5012474
data\processed\bfw\asian\n004870\0170_01.jpg,data\processed\bfw\asian\n004870\0623_02.jpg,n004870,n004870,asian,asian,females,females,,,1,0.30829152,9.81006,0.69170845
data\processed\bfw\asian\n003481\0002_01.jpg,data\processed\bfw\asian\n009041\0066_01.jpg,n003481,n009041,asian,asian,females,females,,,0,0.26497298,11.386688,0.735027
data\processed\bfw\asian\n007372\0113_01.jpg,data\processed\bfw\asian\n007372\0216_03.jpg,n007372,n007372,asian,asian,females,females,,,1,0.39470735,9.793397,0.6052927
data\processed\bfw\asian\n005083\0108_01.jpg,data\processed\bfw\asian\n005083\0385_01.jpg,n005083,n005083,asian,asian,females,females,,,1,0.024368873,11.465413,0.9756311
data\processed\bfw\asian\n000158\0211_05.jpg,data\processed\bfw\asian\n000139\0501_01.jpg,n000158,n000139,asian,asian,males,females,,,0,0.10650758,12.32828,0.8934924
data\processed\bfw\asian\n003354\0177_01.jpg,data\processed\bfw\asian\n004686\0079_01.jpg,n003354,n004686,asian,asian,females,males,,,0,0.23412122,10.593152,0.7658788
data\processed\bfw\asian\n003357\0368_01.jpg,data\processed\bfw\asian\n003357\0493_01.jpg,n003357,n003357,asian,asian,females,females,,,1,0.26690137,9.677128,0.7330986
data\processed\bfw\asian\n007738\0034_01.jpg,data\processed\bfw\asian\n007738\0336_02.jpg,n007738,n007738,asian,asian,females,females,,,1,0.32779428,11.974156,0.6722057
data\processed\bfw\asian\n008978\0101_01.jpg,data\processed\bfw\asian\n003167\0274_01.jpg,n008978,n003167,asian,asian,females,males,,,0,0.15403552,12.698955,0.8459645
data\processed\bfw\asian\n006223\0172_01.jpg,data\processed\bfw\asian\n006223\0385_01.jpg,n006223,n006223,asian,asian,females,females,,,1,0.3108192,9.213234,0.6891808
data\processed\bfw\asian\n004800\0560_01.jpg,data\processed\bfw\asian\n004800\0828_02.jpg,n004800,n004800,asian,asian,males,males,,,1,0.16214095,8.99344,0.83785903
data\processed\bfw\asian\n004221\0164_03.jpg,data\processed\bfw\asian\n006224\0083_01.jpg,n004221,n006224,asian,asian,males,females,,,0,0.027256519,13.445756,0.9727435
data\processed\bfw\asian\n007270\0017_01.jpg,data\processed\bfw\asian\n007270\0605_01.jpg,n007270,n007270,asian,asian,females,females,,,1,0.35261306,9.094384,0.6473869
data\processed\bfw\asian\n005077\0140_01.jpg,data\processed\bfw\asian\n004860\0107_01.jpg,n005077,n004860,asian,asian,females,females,,,0,0.2580926,8.638037,0.74190736
data\processed\bfw\asian\n003635\0089_02.jpg,data\processed\bfw\asian\n003506\0307_01.jpg,n003635,n003506,asian,asian,males,females,,,0,-0.06285177,12.560792,1.0628518
data\processed\bfw\asian\n007816\0164_01.jpg,data\processed\bfw\asian\n009294\0098_01.jpg,n007816,n009294,asian,asian,females,females,,,0,0.049900927,11.006399,0.95009905
data\processed\bfw\asian\n003481\0022_02.jpg,data\processed\bfw\asian\n003481\0215_01.jpg,n003481,n003481,asian,asian,females,females,,,1,0.4472815,10.2377615,0.5527185
data\processed\bfw\asian\n004472\0057_02.jpg,data\processed\bfw\asian\n004472\0146_01.jpg,n004472,n004472,asian,asian,females,females,,,1,0.47952664,8.388107,0.52047336
data\processed\bfw\asian\n000143\0734_02.jpg,data\processed\bfw\asian\n004860\0820_01.jpg,n000143,n004860,asian,asian,females,females,,,0,0.054281075,10.910963,0.94571894
data\processed\bfw\asian\n000132\0400_01__face_0.jpg,data\processed\bfw\asian\n007816\0407_01.jpg,n000132,n007816,asian,asian,males,females,,,0,0.044429857,10.200007,0.95557016
data\processed\bfw\asian\n003824\0111_01.jpg,data\processed\bfw\asian\n004680\0113_02.jpg,n003824,n004680,asian,asian,females,females,,,0,0.2513899,11.218293,0.74861014
data\processed\bfw\asian\n005116\0064_04.jpg,data\processed\bfw\asian\n005116\0210_01.jpg,n005116,n005116,asian,asian,males,males,,,1,0.4915461,9.087112,0.5084539
data\processed\bfw\asian\n004800\0111_01.jpg,data\processed\bfw\asian\n003533\0080_02.jpg,n004800,n003533,asian,asian,males,males,,,0,0.06270287,13.041561,0.9372971
data\processed\bfw\asian\n000009\0188_01.jpg,data\processed\bfw\asian\n004687\0151_01.jpg,n000009,n004687,asian,asian,females,females,,,0,0.33329564,10.668398,0.66670436
data\processed\bfw\asian\n007089\0015_01.jpg,data\processed\bfw\asian\n007089\0040_03.jpg,n007089,n007089,asian,asian,females,females,,,1,0.50749934,10.205362,0.49250066
data\processed\bfw\asian\n004785\0183_02.jpg,data\processed\bfw\asian\n004785\0280_01.jpg,n004785,n004785,asian,asian,females,females,,,1,0.530019,9.283208,0.469981
data\processed\bfw\asian\n009276\0006_08.jpg,data\processed\bfw\asian\n002775\0843_02.jpg,n009276,n002775,asian,asian,females,males,,,0,0.055304762,10.938217,0.94469523
data\processed\bfw\asian\n004787\0075_01.jpg,data\processed\bfw\asian\n004787\0485_01.jpg,n004787,n004787,asian,asian,females,females,,,1,0.48780763,9.680444,0.51219237
data\processed\bfw\asian\n002331\0292_01.jpg,data\processed\bfw\asian\n004787\0485_01.jpg,n002331,n004787,asian,asian,males,females,,,0,-0.13502061,14.702077,1.1350206
data\processed\bfw\asian\n009177\0011_01.jpg,data\processed\bfw\asian\n009177\0626_01.jpg,n009177,n009177,asian,asian,females,females,,,1,0.3855322,9.632641,0.6144678
data\processed\bfw\asian\n001976\0071_01.jpg,data\processed\bfw\asian\n007816\0091_01.jpg,n001976,n007816,asian,asian,males,females,,,0,0.051766817,11.117352,0.9482332
data\processed\bfw\asian\n008934\0426_01.jpg,data\processed\bfw\asian\n004466\0223_01.jpg,n008934,n004466,asian,asian,females,males,,,0,-0.030855076,14.021353,1.0308551
data\processed\bfw\asian\n007385\0137_01.jpg,data\processed\bfw\asian\n007385\0208_01.jpg,n007385,n007385,asian,asian,females,females,,,1,0.30357158,10.040298,0.6964284
data\processed\bfw\asian\n002552\0400_01.jpg,data\processed\bfw\asian\n002552\0569_01.jpg,n002552,n002552,asian,asian,males,males,,,1,0.45004934,9.39507,0.54995066
data\processed\bfw\asian\n003463\0017_01.jpg,data\processed\bfw\asian\n007380\0087_01.jpg,n003463,n007380,asian,asian,males,females,,,0,0.09271659,11.795582,0.9072834
data\processed\bfw\asian\n005083\0100_01.jpg,data\processed\bfw\asian\n005083\0367_02.jpg,n005083,n005083,asian,asian,females,females,,,1,0.35502338,9.394386,0.6449766
data\processed\bfw\asian\n002644\0054_01.jpg,data\processed\bfw\asian\n002775\0066_04.jpg,n002644,n002775,asian,asian,males,males,,,0,0.052345477,11.958131,0.94765455
data\processed\bfw\asian\n003357\0285_01.jpg,data\processed\bfw\asian\n003357\0533_01.jpg,n003357,n003357,asian,asian,females,females,,,1,0.41978526,8.606229,0.58021474
data\processed\bfw\asian\n000856\0110_02.jpg,data\processed\bfw\asian\n006619\0092_02.jpg,n000856,n006619,asian,asian,females,females,,,0,-0.15621582,12.809715,1.1562158
data\processed\bfw\asian\n005069\0068_01.jpg,data\processed\bfw\asian\n005069\0586_01.jpg,n005069,n005069,asian,asian,females,females,,,1,0.27084404,9.220167,0.72915596
data\processed\bfw\asian\n003489\0271_01.jpg,data\processed\bfw\asian\n007380\0168_01.jpg,n003489,n007380,asian,asian,males,females,,,0,-0.04680861,12.964596,1.0468086
data\processed\bfw\asian\n007089\0015_01.jpg,data\processed\bfw\asian\n007089\0432_04.jpg,n007089,n007089,asian,asian,females,females,,,1,0.49455813,9.9456215,0.5054419
data\processed\bfw\asian\n009041\0112_01.jpg,data\processed\bfw\asian\n002552\0063_02.jpg,n009041,n002552,asian,asian,females,males,,,0,0.079314075,13.529741,0.92068595
data\processed\bfw\asian\n000148\0025_01.jpg,data\processed\bfw\asian\n000148\0317_02.jpg,n000148,n000148,asian,asian,females,females,,,1,0.38950127,8.997744,0.6104987
data\processed\bfw\asian\n000872\0114_01.jpg,data\processed\bfw\asian\n000872\0137_01.jpg,n000872,n000872,asian,asian,males,males,,,1,0.5538865,9.304383,0.44611353
data\processed\bfw\asian\n004721\0505_01.jpg,data\processed\bfw\asian\n000139\0065_01.jpg,n004721,n000139,asian,asian,males,females,,,0,0.14767547,11.309259,0.85232455
data\processed\bfw\asian\n000135\0036_01.jpg,data\processed\bfw\asian\n000135\0255_01.jpg,n000135,n000135,asian,asian,females,females,,,1,0.32076824,9.454141,0.67923176
data\processed\bfw\asian\n000137\0082_02.jpg,data\processed\bfw\asian\n000137\0248_01.jpg,n000137,n000137,asian,asian,females,females,,,1,0.1263193,11.954184,0.8736807
data\processed\bfw\asian\n000148\0329_01.jpg,data\processed\bfw\asian\n000148\0353_01.jpg,n000148,n000148,asian,asian,females,females,,,1,0.23741402,10.463028,0.762586
data\processed\bfw\asian\n008163\0429_01.jpg,data\processed\bfw\asian\n005446\0118_01.jpg,n008163,n005446,asian,asian,females,females,,,0,0.19752811,11.762738,0.8024719
data\processed\bfw\asian\n005216\0017_01.jpg,data\processed\bfw\asian\n005216\0242_01.jpg,n005216,n005216,asian,asian,females,females,,,1,0.20594604,11.2243185,0.794054
data\processed\bfw\asian\n004805\0127_02.jpg,data\processed\bfw\asian\n004805\0341_01.jpg,n004805,n004805,asian,asian,males,males,,,1,0.2021791,11.080476,0.7978209
data\processed\bfw\asian\n004935\0061_01.jpg,data\processed\bfw\asian\n009137\0104_01.jpg,n004935,n009137,asian,asian,males,females,,,0,0.14083527,11.408797,0.8591647
data\processed\bfw\asian\n009287\0100_01.jpg,data\processed\bfw\asian\n005078\0663_03.jpg,n009287,n005078,asian,asian,females,males,,,0,0.05383324,13.68723,0.94616675
data\processed\bfw\asian\n003449\0183_01.jpg,data\processed\bfw\asian\n003449\0242_01.jpg,n003449,n003449,asian,asian,females,females,,,1,0.19894706,10.082503,0.8010529
data\processed\bfw\asian\n009103\0256_01.jpg,data\processed\bfw\asian\n009103\0724_01.jpg,n009103,n009103,asian,asian,females,females,,,1,0.17820852,9.664518,0.82179147
data\processed\bfw\asian\n004870\0050_02.jpg,data\processed\bfw\asian\n004870\0170_01.jpg,n004870,n004870,asian,asian,females,females,,,1,0.46912807,9.7689085,0.5308719
data\processed\bfw\asian\n004860\0091_02.jpg,data\processed\bfw\asian\n004860\0236_01.jpg,n004860,n004860,asian,asian,females,females,,,1,0.37638074,10.322407,0.62361926
data\processed\bfw\asian\n004108\0153_01.jpg,data\processed\bfw\asian\n004108\0391_01.jpg,n004108,n004108,asian,asian,males,males,,,1,0.36862317,10.558348,0.63137686
data\processed\bfw\asian\n005078\0092_02.jpg,data\processed\bfw\asian\n000148\0365_01.jpg,n005078,n000148,asian,asian,males,females,,,0,0.07939809,13.286183,0.9206019
data\processed\bfw\asian\n007814\0287_01.jpg,data\processed\bfw\asian\n007270\0060_01.jpg,n007814,n007270,asian,asian,females,females,,,0,0.22624376,10.0652,0.77375627
data\processed\bfw\asian\n002725\0290_01.jpg,data\processed\bfw\asian\n002725\0452_04.jpg,n002725,n002725,asian,asian,females,females,,,1,0.5126364,10.792569,0.48736358
data\processed\bfw\asian\n000839\0049_01.jpg,data\processed\bfw\asian\n003635\0660_01.jpg,n000839,n003635,asian,asian,females,males,,,0,0.10984464,11.238332,0.8901554
data\processed\bfw\asian\n006619\0092_02.jpg,data\processed\bfw\asian\n007738\0306_02.jpg,n006619,n007738,asian,asian,females,females,,,0,0.046447385,11.682934,0.9535526
data\processed\bfw\asian\n007378\0474_01.jpg,data\processed\bfw\asian\n007378\0509_01.jpg,n007378,n007378,asian,asian,females,females,,,1,0.3156109,9.454238,0.6843891
data\processed\bfw\asian\n000148\0053_02.jpg,data\processed\bfw\asian\n000148\0579_01.jpg,n000148,n000148,asian,asian,females,females,,,1,0.46441972,8.445845,0.5355803
data\processed\bfw\asian\n000137\0033_01.jpg,data\processed\bfw\asian\n007372\0177_01.jpg,n000137,n007372,asian,asian,females,females,,,0,0.29371992,8.58679,0.7062801
data\processed\bfw\asian\n000132\0046_01__face_0.jpg,data\processed\bfw\asian\n000132\0707_01__face_0.jpg,n000132,n000132,asian,asian,males,males,,,1,0.46178812,10.759416,0.5382119
data\processed\bfw\asian\n000839\0007_01.jpg,data\processed\bfw\asian\n000839\0049_01.jpg,n000839,n000839,asian,asian,females,females,,,1,0.66923225,7.4459457,0.33076775
data\processed\bfw\asian\n004936\0218_01.jpg,data\processed\bfw\asian\n005077\0002_01.jpg,n004936,n005077,asian,asian,females,females,,,0,0.27873522,10.215305,0.7212648
data\processed\bfw\asian\n004930\0027_01.jpg,data\processed\bfw\asian\n006203\0148_03.jpg,n004930,n006203,asian,asian,females,females,,,0,0.31073323,10.360931,0.6892668
data\processed\bfw\asian\n004108\0401_02.jpg,data\processed\bfw\asian\n003288\0573_01.jpg,n004108,n003288,asian,asian,males,females,,,0,0.25249127,11.573515,0.74750876
data\processed\bfw\asian\n003491\0004_01.jpg,data\processed\bfw\asian\n003491\0147_05.jpg,n003491,n003491,asian,asian,males,males,,,1,0.4419994,8.207495,0.55800056
data\processed\bfw\asian\n007385\0193_01.jpg,data\processed\bfw\asian\n007385\0258_01.jpg,n007385,n007385,asian,asian,females,females,,,1,0.4789721,8.223016,0.5210279
data\processed\bfw\asian\n009103\0331_01.jpg,data\processed\bfw\asian\n009103\0363_05.jpg,n009103,n009103,asian,asian,females,females,,,1,0.05326401,11.532573,0.946736
data\processed\bfw\asian\n004864\0045_01.jpg,data\processed\bfw\asian\n004864\0607_01.jpg,n004864,n004864,asian,asian,females,females,,,1,0.37596858,8.72404,0.6240314
data\processed\bfw\asian\n009294\0242_01.jpg,data\processed\bfw\asian\n009294\0282_03.jpg,n009294,n009294,asian,asian,females,females,,,1,0.33732736,10.632675,0.66267264
data\processed\bfw\asian\n003824\0019_01.jpg,data\processed\bfw\asian\n005071\0254_01.jpg,n003824,n005071,asian,asian,females,males,,,0,0.19316006,11.735884,0.80683994
data\processed\bfw\asian\n001496\0218_01.jpg,data\processed\bfw\asian\n001496\0642_01.jpg,n001496,n001496,asian,asian,males,males,,,1,0.32256317,8.798363,0.6774368
data\processed\bfw\asian\n007378\0140_01.jpg,data\processed\bfw\asian\n007378\0217_01.jpg,n007378,n007378,asian,asian,females,females,,,1,0.11593553,10.71448,0.8840645
data\processed\bfw\asian\n003156\0069_01.jpg,data\processed\bfw\asian\n003156\0086_01.jpg,n003156,n003156,asian,asian,males,males,,,1,0.47098923,9.11251,0.5290108
data\processed\bfw\asian\n001976\0038_01.jpg,data\processed\bfw\asian\n001976\0336_02.jpg,n001976,n001976,asian,asian,males,males,,,1,0.51150686,8.847669,0.48849314
data\processed\bfw\asian\n003467\0103_01.jpg,data\processed\bfw\asian\n000436\0653_01.jpg,n003467,n000436,asian,asian,females,males,,,0,-0.014454721,13.794348,1.0144547
data\processed\bfw\asian\n004109\0130_01.jpg,data\processed\bfw\asian\n003027\0459_01.jpg,n004109,n003027,asian,asian,males,males,,,0,0.24225248,12.976461,0.75774753
data\processed\bfw\asian\n003557\0007_02.jpg,data\processed\bfw\asian\n003557\0128_01.jpg,n003557,n003557,asian,asian,females,females,,,1,0.3584491,9.703721,0.6415509
data\processed\bfw\asian\n003635\0012_02.jpg,data\processed\bfw\asian\n006223\0284_01.jpg,n003635,n006223,asian,asian,males,females,,,0,0.025648009,12.467689,0.974352
data\processed\bfw\asian\n001682\0096_01.jpg,data\processed\bfw\asian\n003167\0602_01.jpg,n001682,n003167,asian,asian,males,males,,,0,0.0849482,12.642005,0.9150518
data\processed\bfw\asian\n002552\0375_01.jpg,data\processed\bfw\asian\n006148\0344_01.jpg,n002552,n006148,asian,asian,males,females,,,0,-0.08605318,12.589517,1.0860531
data\processed\bfw\asian\n003491\0086_01.jpg,data\processed\bfw\asian\n003491\0096_01.jpg,n003491,n003491,asian,asian,males,males,,,1,0.46559563,7.4563575,0.5344044
data\processed\bfw\asian\n003557\0128_01.jpg,data\processed\bfw\asian\n003635\0047_02.jpg,n003557,n003635,asian,asian,females,males,,,0,-0.024492366,12.728226,1.0244924
data\processed\bfw\asian\n003155\1014_01.jpg,data\processed\bfw\asian\n008401\0137_01.jpg,n003155,n008401,asian,asian,males,females,,,0,0.21614587,13.6338625,0.7838541
data\processed\bfw\asian\n005069\0559_02.jpg,data\processed\bfw\asian\n005063\0271_01.jpg,n005069,n005063,asian,asian,females,females,,,0,0.23991351,11.119841,0.7600865
data\processed\bfw\asian\n007270\0605_01.jpg,data\processed\bfw\asian\n000856\0134_02.jpg,n007270,n000856,asian,asian,females,females,,,0,0.08339885,9.014399,0.9166012
data\processed\bfw\asian\n006633\0552_01.jpg,data\processed\bfw\asian\n008148\0244_01.jpg,n006633,n008148,asian,asian,females,females,,,0,0.11674809,10.572802,0.8832519
data\processed\bfw\asian\n005216\0093_01.jpg,data\processed\bfw\asian\n009175\0066_01.jpg,n005216,n009175,asian,asian,females,females,,,0,0.3154521,11.52753,0.6845479
data\processed\bfw\asian\n006634\0313_02.jpg,data\processed\bfw\asian\n006634\0679_01.jpg,n006634,n006634,asian,asian,females,females,,,1,0.59926957,8.836775,0.40073043
data\processed\bfw\asian\n009279\0021_01.jpg,data\processed\bfw\asian\n009279\0031_01.jpg,n009279,n009279,asian,asian,females,females,,,1,0.5218109,9.240242,0.4781891
data\processed\bfw\asian\n003354\0047_01.jpg,data\processed\bfw\asian\n003824\0091_01.jpg,n003354,n003824,asian,asian,females,females,,,0,0.24760611,10.893676,0.7523939
data\processed\bfw\asian\n006126\0197_01.jpg,data\processed\bfw\asian\n006126\0293_01.jpg,n006126,n006126,asian,asian,females,females,,,1,0.58289725,7.6708736,0.41710275
data\processed\bfw\asian\n000856\0044_01.jpg,data\processed\bfw\asian\n000856\0538_01.jpg,n000856,n000856,asian,asian,females,females,,,1,0.40462655,8.461244,0.59537345
data\processed\bfw\asian\n004800\0184_01.jpg,data\processed\bfw\asian\n004681\0206_01.jpg,n004800,n004681,asian,asian,males,males,,,0,0.10890613,10.171381,0.89109385
data\processed\bfw\asian\n001572\0076_01.jpg,data\processed\bfw\asian\n001572\0129_01.jpg,n001572,n001572,asian,asian,females,females,,,1,0.42761686,8.97726,0.57238317
data\processed\bfw\asian\n005474\0074_01.jpg,data\processed\bfw\asian\n005474\0152_01.jpg,n005474,n005474,asian,asian,females,females,,,1,0.35582832,10.381938,0.6441717
data\processed\bfw\asian\n009279\0031_01.jpg,data\processed\bfw\asian\n009279\0185_01.jpg,n009279,n009279,asian,asian,females,females,,,1,0.45330387,9.354171,0.5466961
data\processed\bfw\asian\n005085\0001_01.jpg,data\processed\bfw\asian\n006125\0081_01.jpg,n005085,n006125,asian,asian,females,females,,,0,0.10027334,12.2726755,0.8997266
data\processed\bfw\asian\n000137\0023_01.jpg,data\processed\bfw\asian\n000137\0187_01.jpg,n000137,n000137,asian,asian,females,females,,,1,0.39175728,7.297121,0.60824275
data\processed\bfw\asian\n006634\0039_01.jpg,data\processed\bfw\asian\n006634\0135_01.jpg,n006634,n006634,asian,asian,females,females,,,1,0.4990818,9.755824,0.5009182
data\processed\bfw\asian\n003824\0091_01.jpg,data\processed\bfw\asian\n003824\0097_01.jpg,n003824,n003824,asian,asian,females,females,,,1,0.60687715,8.649659,0.39312285
data\processed\bfw\asian\n005378\0232_01.jpg,data\processed\bfw\asian\n000135\0005_01.jpg,n005378,n000135,asian,asian,females,females,,,0,0.23387213,11.4015045,0.7661279
data\processed\bfw\asian\n003162\0118_01.jpg,data\processed\bfw\asian\n002725\0295_01.jpg,n003162,n002725,asian,asian,males,females,,,0,0.17295836,13.052363,0.8270416
data\processed\bfw\asian\n003223\0089_01.jpg,data\processed\bfw\asian\n003223\0139_06.jpg,n003223,n003223,asian,asian,males,males,,,1,0.596609,7.3685975,0.403391
data\processed\bfw\asian\n003162\0508_01.jpg,data\processed\bfw\asian\n000873\0106_01.jpg,n003162,n000873,asian,asian,males,males,,,0,0.1050587,11.010471,0.89494133
data\processed\bfw\asian\n003533\0053_01.jpg,data\processed\bfw\asian\n003533\0100_02.jpg,n003533,n003533,asian,asian,males,males,,,1,0.5418684,9.724728,0.4581316
data\processed\bfw\asian\n004786\0021_01.jpg,data\processed\bfw\asian\n009042\0017_03.jpg,n004786,n009042,asian,asian,females,females,,,0,0.15393943,13.314474,0.8460606
data\processed\bfw\asian\n004864\0148_01.jpg,data\processed\bfw\asian\n004864\0378_01.jpg,n004864,n004864,asian,asian,females,females,,,1,0.40688193,10.562061,0.5931181
data\processed\bfw\asian\n003463\0223_02.jpg,data\processed\bfw\asian\n006619\0328_01.jpg,n003463,n006619,asian,asian,males,females,,,0,0.09813896,11.414919,0.9018611
data\processed\bfw\asian\n007372\0039_01.jpg,data\processed\bfw\asian\n009275\0007_01.jpg,n007372,n009275,asian,asian,females,females,,,0,0.2924258,10.363875,0.7075742
data\processed\bfw\asian\n003465\0580_03.jpg,data\processed\bfw\asian\n005216\0133_01.jpg,n003465,n005216,asian,asian,males,females,,,0,0.012436228,13.301507,0.9875638
data\processed\bfw\asian\n003491\0047_04.jpg,data\processed\bfw\asian\n003491\0081_04.jpg,n003491,n003491,asian,asian,males,males,,,1,0.41087753,9.693221,0.5891225
data\processed\bfw\asian\n003463\0517_02.jpg,data\processed\bfw\asian\n003358\0304_01.jpg,n003463,n003358,asian,asian,males,females,,,0,0.075245544,12.71685,0.92475444
data\processed\bfw\asian\n009288\0235_01.jpg,data\processed\bfw\asian\n009042\0015_01.jpg,n009288,n009042,asian,asian,females,females,,,0,0.13705665,13.3625145,0.86294335
data\processed\bfw\asian\n004686\0077_01.jpg,data\processed\bfw\asian\n005077\0129_01.jpg,n004686,n005077,asian,asian,males,females,,,0,0.0773759,13.849677,0.9226241
data\processed\bfw\asian\n001976\0100_02.jpg,data\processed\bfw\asian\n007385\0358_01.jpg,n001976,n007385,asian,asian,males,females,,,0,-0.0836992,13.42427,1.0836992
data\processed\bfw\asian\n002775\0015_01.jpg,data\processed\bfw\asian\n005085\0401_01.jpg,n002775,n005085,asian,asian,males,females,,,0,0.12801288,12.248087,0.8719871
data\processed\bfw\asian\n009177\0232_01.jpg,data\processed\bfw\asian\n009177\0626_01.jpg,n009177,n009177,asian,asian,females,females,,,1,0.3793416,8.786375,0.6206584
data\processed\bfw\asian\n002775\0069_01.jpg,data\processed\bfw\asian\n002775\0086_03.jpg,n002775,n002775,asian,asian,males,males,,,1,0.50836986,10.072477,0.49163014
data\processed\bfw\asian\n001864\0192_02.jpg,data\processed\bfw\asian\n006619\0065_01.jpg,n001864,n006619,asian,asian,males,females,,,0,-0.095685706,12.851437,1.0956857
data\processed\bfw\asian\n003491\0131_03.jpg,data\processed\bfw\asian\n003357\0368_01.jpg,n003491,n003357,asian,asian,males,females,,,0,0.22531949,10.9547415,0.7746805
data\processed\bfw\asian\n004870\0070_02.jpg,data\processed\bfw\asian\n001572\0238_01.jpg,n004870,n001572,asian,asian,females,females,,,0,0.20655057,11.685197,0.7934494
data\processed\bfw\asian\n000148\0025_01.jpg,data\processed\bfw\asian\n005069\0046_06.jpg,n000148,n005069,asian,asian,females,females,,,0,0.2618677,9.975543,0.7381323
data\processed\bfw\asian\n008978\0059_01.jpg,data\processed\bfw\asian\n008978\0138_01.jpg,n008978,n008978,asian,asian,females,females,,,1,0.41278082,11.513424,0.5872192
data\processed\bfw\asian\n003155\0062_02.jpg,data\processed\bfw\asian\n003155\0309_02.jpg,n003155,n003155,asian,asian,males,males,,,1,0.15027387,11.237097,0.84972614
data\processed\bfw\asian\n009276\0049_01.jpg,data\processed\bfw\asian\n009276\0298_01.jpg,n009276,n009276,asian,asian,females,females,,,1,0.20522423,9.727704,0.7947758
data\processed\bfw\asian\n000837\0021_01.jpg,data\processed\bfw\asian\n003358\0318_01.jpg,n000837,n003358,asian,asian,females,females,,,0,0.25174338,9.823507,0.7482566
data\processed\bfw\asian\n003824\0026_01.jpg,data\processed\bfw\asian\n003824\0097_01.jpg,n003824,n003824,asian,asian,females,females,,,1,0.55915236,9.010896,0.44084764
data\processed\bfw\asian\n002725\0295_01.jpg,data\processed\bfw\asian\n002725\0336_01.jpg,n002725,n002725,asian,asian,females,females,,,1,0.39688376,11.504873,0.6031163
data\processed\bfw\asian\n005446\0135_01.jpg,data\processed\bfw\asian\n003463\0298_01.jpg,n005446,n003463,asian,asian,females,males,,,0,-0.09549572,14.115667,1.0954957
data\processed\bfw\asian\n003481\0794_01.jpg,data\processed\bfw\asian\n009275\0323_03.jpg,n003481,n009275,asian,asian,females,females,,,0,0.19750652,10.719777,0.80249345
data\processed\bfw\asian\n003358\0080_01.jpg,data\processed\bfw\asian\n003358\0149_01.jpg,n003358,n003358,asian,asian,females,females,,,1,0.069584504,11.077891,0.9304155
data\processed\bfw\asian\n003449\0197_01.jpg,data\processed\bfw\asian\n008401\0560_01.jpg,n003449,n008401,asian,asian,females,females,,,0,0.30710694,11.573789,0.692893
data\processed\bfw\asian\n003449\0047_01.jpg,data\processed\bfw\asian\n003449\0101_01.jpg,n003449,n003449,asian,asian,females,females,,,1,0.29354888,9.776915,0.7064511
data\processed\bfw\asian\n003155\0004_01.jpg,data\processed\bfw\asian\n007380\0562_01.jpg,n003155,n007380,asian,asian,males,females,,,0,-0.1459648,13.858797,1.1459649
data\processed\bfw\asian\n009278\0049_02.jpg,data\processed\bfw\asian\n009278\0121_02.jpg,n009278,n009278,asian,asian,females,females,,,1,0.22027618,11.6103325,0.7797238
data\processed\bfw\asian\n000854\0060_01.jpg,data\processed\bfw\asian\n006344\0413_01.jpg,n000854,n006344,asian,asian,females,females,,,0,-0.010028668,10.439438,1.0100287
data\processed\bfw\asian\n009042\0072_01.jpg,data\processed\bfw\asian\n009148\0063_01.jpg,n009042,n009148,asian,asian,females,females,,,0,0.31516057,10.109303,0.6848394
data\processed\bfw\asian\n003354\0011_01.jpg,data\processed\bfw\asian\n003354\0346_02.jpg,n003354,n003354,asian,asian,females,females,,,1,0.24426697,8.824104,0.755733
data\processed\bfw\asian\n004109\0100_01.jpg,data\processed\bfw\asian\n004109\0297_01.jpg,n004109,n004109,asian,asian,males,males,,,1,0.29249662,10.467272,0.7075034
data\processed\bfw\asian\n000840\0160_02.jpg,data\processed\bfw\asian\n003557\0574_01.jpg,n000840,n003557,asian,asian,females,females,,,0,0.13287106,11.357665,0.86712897
data\processed\bfw\asian\n008934\0645_01.jpg,data\processed\bfw\asian\n006344\0557_01.jpg,n008934,n006344,asian,asian,females,females,,,0,0.08778093,10.57546,0.91221905
data\processed\bfw\asian\n000872\0098_01.jpg,data\processed\bfw\asian\n009125\0172_01.jpg,n000872,n009125,asian,asian,males,females,,,0,0.20623231,12.300349,0.7937677
data\processed\bfw\asian\n005071\0128_02.jpg,data\processed\bfw\asian\n005071\0254_01.jpg,n005071,n005071,asian,asian,males,males,,,1,0.5718615,8.654867,0.4281385
data\processed\bfw\asian\n009042\0144_01.jpg,data\processed\bfw\asian\n009175\0077_01.jpg,n009042,n009175,asian,asian,females,females,,,0,0.17043917,11.081483,0.8295608
data\processed\bfw\asian\n006358\0041_01.jpg,data\processed\bfw\asian\n006358\0046_01.jpg,n006358,n006358,asian,asian,females,females,,,1,0.26490432,11.901154,0.7350957
data\processed\bfw\asian\n003489\0031_01.jpg,data\processed\bfw\asian\n003489\0323_01.jpg,n003489,n003489,asian,asian,males,males,,,1,0.08178508,11.619855,0.9182149
data\processed\bfw\asian\n002509\0041_01.jpg,data\processed\bfw\asian\n007385\0500_01.jpg,n002509,n007385,asian,asian,females,females,,,0,0.21770178,12.1687,0.7822982
data\processed\bfw\asian\n008978\0026_01.jpg,data\processed\bfw\asian\n008978\0035_01.jpg,n008978,n008978,asian,asian,females,females,,,1,0.71690995,7.2615266,0.28309005
data\processed\bfw\asian\n004877\0050_01.jpg,data\processed\bfw\asian\n004877\0075_01.jpg,n004877,n004877,asian,asian,females,females,,,1,0.45739865,9.875697,0.54260135
data\processed\bfw\asian\n004936\0038_03.jpg,data\processed\bfw\asian\n004936\0202_01.jpg,n004936,n004936,asian,asian,females,females,,,1,0.64601547,7.883753,0.35398453
data\processed\bfw\asian\n005378\0234_02.jpg,data\processed\bfw\asian\n006774\0062_01.jpg,n005378,n006774,asian,asian,females,females,,,0,-0.006830512,13.741882,1.0068305
data\processed\bfw\asian\n002406\0126_01.jpg,data\processed\bfw\asian\n000840\0036_01.jpg,n002406,n000840,asian,asian,males,females,,,0,0.120824724,11.199139,0.8791753
data\processed\bfw\asian\n009137\0092_01.jpg,data\processed\bfw\asian\n009175\0028_01.jpg,n009137,n009175,asian,asian,females,females,,,0,0.08476631,10.8635845,0.9152337
data\processed\bfw\asian\n001562\0130_01.jpg,data\processed\bfw\asian\n001562\0165_02.jpg,n001562,n001562,asian,asian,males,males,,,1,0.19613892,8.205042,0.8038611
data\processed\bfw\asian\n004109\0185_03.jpg,data\processed\bfw\asian\n004109\0563_01.jpg,n004109,n004109,asian,asian,males,males,,,1,0.59379214,8.206207,0.40620786
data\processed\bfw\asian\n000856\0018_01.jpg,data\processed\bfw\asian\n006224\0023_01.jpg,n000856,n006224,asian,asian,females,females,,,0,0.37326956,7.759378,0.62673044
data\processed\bfw\asian\n004936\0304_02.jpg,data\processed\bfw\asian\n008978\0114_02.jpg,n004936,n008978,asian,asian,females,females,,,0,0.26904416,10.6278715,0.73095584
data\processed\bfw\asian\n005446\0042_05.jpg,data\processed\bfw\asian\n003167\0081_01.jpg,n005446,n003167,asian,asian,females,males,,,0,-0.030270815,14.978705,1.0302708
data\processed\bfw\asian\n004221\0155_01.jpg,data\processed\bfw\asian\n004221\0196_05.jpg,n004221,n004221,asian,asian,males,males,,,1,0.4452259,9.201129,0.5547741
data\processed\bfw\asian\n000137\0023_01.jpg,data\processed\bfw\asian\n006344\0112_01.jpg,n000137,n006344,asian,asian,females,females,,,0,0.107084714,9.855339,0.8929153
data\processed\bfw\asian\n004109\0100_01.jpg,data\processed\bfw\asian\n004109\0185_03.jpg,n004109,n004109,asian,asian,males,males,,,1,0.5607052,8.652803,0.43929482
data\processed\bfw\asian\n003354\0078_01.jpg,data\processed\bfw\asian\n002775\0843_02.jpg,n003354,n002775,asian,asian,females,males,,,0,0.17991859,10.354815,0.8200814
data\processed\bfw\asian\n008978\0082_01.jpg,data\processed\bfw\asian\n006344\0413_01.jpg,n008978,n006344,asian,asian,females,females,,,0,0.316272,9.790114,0.683728
data\processed\bfw\asian\n000854\0026_03.jpg,data\processed\bfw\asian\n000854\0275_01.jpg,n000854,n000854,asian,asian,females,females,,,1,0.40520176,10.69138,0.5947982
data\processed\bfw\asian\n004800\0276_03.jpg,data\processed\bfw\asian\n004800\0740_01.jpg,n004800,n004800,asian,asian,males,males,,,1,0.027494786,10.568189,0.9725052
data\processed\bfw\asian\n001976\0121_02.jpg,data\processed\bfw\asian\n001976\0372_01.jpg,n001976,n001976,asian,asian,males,males,,,1,0.160421,9.480504,0.839579
data\processed\bfw\asian\n006358\0055_02.jpg,data\processed\bfw\asian\n000158\0114_01.jpg,n006358,n000158,asian,asian,females,males,,,0,0.20058188,12.950246,0.7994181
data\processed\bfw\asian\n000436\0040_04.jpg,data\processed\bfw\asian\n000436\0088_03.jpg,n000436,n000436,asian,asian,males,males,,,1,0.2741291,9.889045,0.7258709
data\processed\bfw\asian\n005216\0017_01.jpg,data\processed\bfw\asian\n005216\0041_01.jpg,n005216,n005216,asian,asian,females,females,,,1,0.47822228,9.4991455,0.52177775
data\processed\bfw\asian\n009278\0237_01.jpg,data\processed\bfw\asian\n005085\0001_01.jpg,n009278,n005085,asian,asian,females,females,,,0,0.30315322,11.037247,0.6968468
data\processed\bfw\asian\n007814\0246_01.jpg,data\processed\bfw\asian\n003489\0137_01.jpg,n007814,n003489,asian,asian,females,males,,,0,0.02886649,10.436818,0.97113353
data\processed\bfw\asian\n003463\0017_01.jpg,data\processed\bfw\asian\n000160\0338_01.jpg,n003463,n000160,asian,asian,males,females,,,0,0.15872785,10.040836,0.8412721
data\processed\bfw\asian\n006736\0218_01.jpg,data\processed\bfw\asian\n006736\0367_01.jpg,n006736,n006736,asian,asian,females,females,,,1,0.46823797,9.611096,0.531762
data\processed\bfw\asian\n001864\0038_01.jpg,data\processed\bfw\asian\n001864\0078_01.jpg,n001864,n001864,asian,asian,males,males,,,1,0.35862562,9.320808,0.64137435
data\processed\bfw\asian\n004786\0101_01.jpg,data\processed\bfw\asian\n004786\0156_03.jpg,n004786,n004786,asian,asian,females,females,,,1,0.49869728,8.682735,0.5013027
data\processed\bfw\asian\n008383\0372_01.jpg,data\processed\bfw\asian\n002644\0418_01.jpg,n008383,n002644,asian,asian,females,males,,,0,-0.014077521,13.291981,1.0140775
data\processed\bfw\asian\n003506\0110_01.jpg,data\processed\bfw\asian\n003506\0367_01.jpg,n003506,n003506,asian,asian,females,females,,,1,0.4664115,8.886137,0.5335885
data\processed\bfw\asian\n009276\0102_01.jpg,data\processed\bfw\asian\n009276\0140_04.jpg,n009276,n009276,asian,asian,females,females,,,1,0.3412459,9.554093,0.6587541
data\processed\bfw\asian\n000143\0080_02.jpg,data\processed\bfw\asian\n007899\0154_01.jpg,n000143,n007899,asian,asian,females,females,,,0,0.1578198,11.554221,0.8421802
