image1,image2,identity1,identity2,demographic1,demographic2,gender1,gender2,age1,age2,label,cosine_similarity,euclidean_distance,cosine_distance
data\processed\bfw\asian\n009279\0185_01.jpg,data\processed\bfw\asian\n004935\0165_02.jpg,n009279,n004935,asian,asian,females,males,,,0,0.19287793,27.56835,0.80712205
data\processed\bfw\asian\n000135\0081_01.jpg,data\processed\bfw\asian\n000135\0208_01.jpg,n000135,n000135,asian,asian,females,females,,,1,0.501986,23.789026,0.49801397
data\processed\bfw\asian\n004870\0028_10.jpg,data\processed\bfw\asian\n004870\0156_01.jpg,n004870,n004870,asian,asian,females,females,,,1,0.513718,23.715832,0.486282
data\processed\bfw\asian\n007899\0095_01.jpg,data\processed\bfw\asian\n007899\0213_01.jpg,n007899,n007899,asian,asian,females,females,,,1,0.6218309,19.927137,0.37816912
data\processed\bfw\asian\n008978\0035_01.jpg,data\processed\bfw\asian\n003355\0252_02.jpg,n008978,n003355,asian,asian,females,males,,,0,0.065076835,31.534489,0.9349232
data\processed\bfw\asian\n003557\0053_01.jpg,data\processed\bfw\asian\n003557\0088_04.jpg,n003557,n003557,asian,asian,females,females,,,1,0.7870505,14.787718,0.21294951
data\processed\bfw\asian\n003489\0138_01.jpg,data\processed\bfw\asian\n004681\0233_01.jpg,n003489,n004681,asian,asian,males,males,,,0,0.09402651,32.403683,0.9059735
data\processed\bfw\asian\n006358\0054_02.jpg,data\processed\bfw\asian\n006358\0125_01.jpg,n006358,n006358,asian,asian,females,females,,,1,0.6688448,19.477976,0.33115518
data\processed\bfw\asian\n004860\0107_01.jpg,data\processed\bfw\asian\n003635\0109_04.jpg,n004860,n003635,asian,asian,females,males,,,0,0.08609866,31.764399,0.9139013
data\processed\bfw\asian\n004800\0390_01.jpg,data\processed\bfw\asian\n003463\0165_01.jpg,n004800,n003463,asian,asian,males,males,,,0,0.39682654,24.18009,0.6031735
data\processed\bfw\asian\n005177\0321_01.jpg,data\processed\bfw\asian\n001496\0642_01.jpg,n005177,n001496,asian,asian,males,males,,,0,0.23374689,28.997559,0.7662531
data\processed\bfw\asian\n003449\0418_01.jpg,data\processed\bfw\asian\n004109\0554_02.jpg,n003449,n004109,asian,asian,females,males,,,0,0.2823083,27.384386,0.71769166
data\processed\bfw\asian\n003357\0034_01.jpg,data\processed\bfw\asian\n000132\0094_02__face_0.jpg,n003357,n000132,asian,asian,females,males,,,0,0.12916155,29.676239,0.87083846
data\processed\bfw\asian\n007738\0058_02.jpg,data\processed\bfw\asian\n007738\0440_01.jpg,n007738,n007738,asian,asian,females,females,,,1,0.63417464,19.71583,0.36582536
data\processed\bfw\asian\n005216\0017_01.jpg,data\processed\bfw\asian\n005216\0119_01.jpg,n005216,n005216,asian,asian,females,females,,,1,0.70522445,17.376854,0.29477555
data\processed\bfw\asian\n000009\0188_01.jpg,data\processed\bfw\asian\n000009\0244_01.jpg,n000009,n000009,asian,asian,females,females,,,1,0.47078052,22.20085,0.5292195
data\processed\bfw\asian\n008148\0102_01.jpg,data\processed\bfw\asian\n004549\0073_01.jpg,n008148,n004549,asian,asian,females,females,,,0,0.4625992,23.464117,0.53740084
data\processed\bfw\asian\n000856\0285_01.jpg,data\processed\bfw\asian\n000856\0538_01.jpg,n000856,n000856,asian,asian,females,females,,,1,0.46649587,22.968283,0.5335041
data\processed\bfw\asian\n006619\0334_03.jpg,data\processed\bfw\asian\n001572\0349_01.jpg,n006619,n001572,asian,asian,females,females,,,0,0.42953247,24.195065,0.57046753
data\processed\bfw\asian\n006418\0071_04.jpg,data\processed\bfw\asian\n003467\0188_03.jpg,n006418,n003467,asian,asian,females,females,,,0,0.3598583,27.11502,0.6401417
data\processed\bfw\asian\n004791\0208_01.jpg,data\processed\bfw\asian\n004791\0440_01.jpg,n004791,n004791,asian,asian,males,males,,,1,0.6877808,16.766575,0.3122192
data\processed\bfw\asian\n003155\0043_01.jpg,data\processed\bfw\asian\n003155\1012_07.jpg,n003155,n003155,asian,asian,males,males,,,1,0.44960988,24.088478,0.5503901
data\processed\bfw\asian\n009279\0179_01.jpg,data\processed\bfw\asian\n009279\0193_01.jpg,n009279,n009279,asian,asian,females,females,,,1,0.58877283,21.41341,0.41122717
data\processed\bfw\asian\n004794\0015_05.jpg,data\processed\bfw\asian\n004794\0043_01.jpg,n004794,n004794,asian,asian,males,males,,,1,0.7010126,16.734177,0.2989874
data\processed\bfw\asian\n000873\0085_02.jpg,data\processed\bfw\asian\n000873\0257_02.jpg,n000873,n000873,asian,asian,males,males,,,1,0.4690468,25.556149,0.53095317
data\processed\bfw\asian\n007385\0500_01.jpg,data\processed\bfw\asian\n005474\0176_04.jpg,n007385,n005474,asian,asian,females,females,,,0,0.52021945,22.31973,0.47978055
data\processed\bfw\asian\n006223\0167_01.jpg,data\processed\bfw\asian\n004877\0100_01.jpg,n006223,n004877,asian,asian,females,females,,,0,0.29694965,27.519354,0.7030504
data\processed\bfw\asian\n001976\0237_01.jpg,data\processed\bfw\asian\n006634\0023_08.jpg,n001976,n006634,asian,asian,males,females,,,0,0.1258575,27.838251,0.8741425
data\processed\bfw\asian\n003463\0179_02.jpg,data\processed\bfw\asian\n005077\0104_01.jpg,n003463,n005077,asian,asian,males,females,,,0,-0.08959912,32.02266,1.0895991
data\processed\bfw\asian\n005078\0183_01.jpg,data\processed\bfw\asian\n005078\0638_01.jpg,n005078,n005078,asian,asian,males,males,,,1,0.7811383,16.007702,0.2188617
data\processed\bfw\asian\n000873\0106_01.jpg,data\processed\bfw\asian\n000840\0060_01.jpg,n000873,n000840,asian,asian,males,females,,,0,0.4359408,23.95219,0.5640592
data\processed\bfw\asian\n000009\0122_02.jpg,data\processed\bfw\asian\n000009\0244_01.jpg,n000009,n000009,asian,asian,females,females,,,1,0.4155798,24.211853,0.5844202
data\processed\bfw\asian\n000872\0085_01.jpg,data\processed\bfw\asian\n000872\0203_01.jpg,n000872,n000872,asian,asian,males,males,,,1,0.6610381,18.242628,0.3389619
data\processed\bfw\asian\n006634\0135_01.jpg,data\processed\bfw\asian\n006149\0005_01.jpg,n006634,n006149,asian,asian,females,females,,,0,0.11118408,30.090254,0.88881594
data\processed\bfw\asian\n007664\0085_01.jpg,data\processed\bfw\asian\n002725\0007_03.jpg,n007664,n002725,asian,asian,females,females,,,0,0.2175736,28.594212,0.7824264
data\processed\bfw\asian\n003357\0074_01.jpg,data\processed\bfw\asian\n007378\0049_01.jpg,n003357,n007378,asian,asian,females,females,,,0,0.4880346,22.498388,0.5119654
data\processed\bfw\asian\n000139\0261_01.jpg,data\processed\bfw\asian\n005116\0072_01.jpg,n000139,n005116,asian,asian,females,males,,,0,0.047762323,31.569986,0.95223767
data\processed\bfw\asian\n006148\0040_01.jpg,data\processed\bfw\asian\n006148\0607_02.jpg,n006148,n006148,asian,asian,females,females,,,1,0.51737624,21.715656,0.48262376
data\processed\bfw\asian\n000160\0367_03.jpg,data\processed\bfw\asian\n006619\0553_01.jpg,n000160,n006619,asian,asian,females,females,,,0,0.36003533,25.03281,0.6399647
data\processed\bfw\asian\n002320\0006_01.jpg,data\processed\bfw\asian\n004469\0019_02.jpg,n002320,n004469,asian,asian,males,males,,,0,0.24057092,27.843481,0.7594291
data\processed\bfw\asian\n000138\0164_01.jpg,data\processed\bfw\asian\n000138\0326_01.jpg,n000138,n000138,asian,asian,females,females,,,1,0.77465606,14.871316,0.22534394
data\processed\bfw\asian\n004725\0341_01.jpg,data\processed\bfw\asian\n006634\0166_01.jpg,n004725,n006634,asian,asian,males,females,,,0,-0.002936904,32.549294,1.002937
data\processed\bfw\asian\n007380\0070_01.jpg,data\processed\bfw\asian\n007380\0525_01.jpg,n007380,n007380,asian,asian,females,females,,,1,0.5974189,20.095848,0.4025811
data\processed\bfw\asian\n009287\0160_01.jpg,data\processed\bfw\asian\n009287\0185_01.jpg,n009287,n009287,asian,asian,females,females,,,1,0.85298896,12.061307,0.14701104
data\processed\bfw\asian\n005071\0055_02.jpg,data\processed\bfw\asian\n005063\0030_01.jpg,n005071,n005063,asian,asian,males,females,,,0,0.013556536,31.939304,0.98644346
data\processed\bfw\asian\n004681\0101_01.jpg,data\processed\bfw\asian\n005216\0307_01.jpg,n004681,n005216,asian,asian,males,females,,,0,0.21829264,26.146553,0.78170735
data\processed\bfw\asian\n008934\0108_01.jpg,data\processed\bfw\asian\n000840\0036_03.jpg,n008934,n000840,asian,asian,females,females,,,0,0.13002357,29.268404,0.8699764
data\processed\bfw\asian\n000873\0111_01.jpg,data\processed\bfw\asian\n000873\0496_01.jpg,n000873,n000873,asian,asian,males,males,,,1,0.7120135,17.476234,0.28798652
data\processed\bfw\asian\n002320\0171_01.jpg,data\processed\bfw\asian\n000135\0272_01.jpg,n002320,n000135,asian,asian,males,females,,,0,-0.18126136,35.43093,1.1812613
data\processed\bfw\asian\n000138\0067_01.jpg,data\processed\bfw\asian\n000138\0087_03.jpg,n000138,n000138,asian,asian,females,females,,,1,0.664174,18.242535,0.33582598
data\processed\bfw\asian\n008401\0399_01.jpg,data\processed\bfw\asian\n009287\0033_01.jpg,n008401,n009287,asian,asian,females,females,,,0,0.29166752,27.200825,0.7083325
data\processed\bfw\asian\n000161\0241_01.jpg,data\processed\bfw\asian\n006634\0135_01.jpg,n000161,n006634,asian,asian,males,females,,,0,0.01622436,32.594067,0.9837756
data\processed\bfw\asian\n004935\0061_01.jpg,data\processed\bfw\asian\n009277\0113_01.jpg,n004935,n009277,asian,asian,males,females,,,0,0.13324791,28.709053,0.8667521
data\processed\bfw\asian\n004221\0243_01.jpg,data\processed\bfw\asian\n004221\0421_02.jpg,n004221,n004221,asian,asian,males,males,,,1,0.52287835,23.195972,0.47712165
data\processed\bfw\asian\n006203\0109_03.jpg,data\processed\bfw\asian\n004466\0052_01.jpg,n006203,n004466,asian,asian,females,males,,,0,0.45396963,23.865896,0.5460304
data\processed\bfw\asian\n000132\0238_02__face_0.jpg,data\processed\bfw\asian\n005474\0239_01.jpg,n000132,n005474,asian,asian,males,females,,,0,0.20168908,29.44077,0.79831094
data\processed\bfw\asian\n004467\0677_01.jpg,data\processed\bfw\asian\n006203\0088_01.jpg,n004467,n006203,asian,asian,males,females,,,0,0.3526039,24.596693,0.6473961
data\processed\bfw\asian\n004686\0030_01.jpg,data\processed\bfw\asian\n004686\0458_01.jpg,n004686,n004686,asian,asian,males,males,,,1,0.6051794,21.613548,0.39482057
data\processed\bfw\asian\n005116\0172_01.jpg,data\processed\bfw\asian\n005116\0228_03.jpg,n005116,n005116,asian,asian,males,males,,,1,0.7680779,15.640924,0.23192209
data\processed\bfw\asian\n009042\0017_03.jpg,data\processed\bfw\asian\n009042\0059_01.jpg,n009042,n009042,asian,asian,females,females,,,1,0.9061494,9.792838,0.09385061
data\processed\bfw\asian\n003288\0022_01.jpg,data\processed\bfw\asian\n003288\0078_01.jpg,n003288,n003288,asian,asian,females,females,,,1,0.71429336,16.737349,0.28570664
data\processed\bfw\asian\n007089\0066_01.jpg,data\processed\bfw\asian\n006633\0056_01.jpg,n007089,n006633,asian,asian,females,females,,,0,0.13611737,28.06076,0.86388266
data\processed\bfw\asian\n006159\0007_01.jpg,data\processed\bfw\asian\n005177\0321_01.jpg,n006159,n005177,asian,asian,females,males,,,0,0.3168142,26.823774,0.6831858
data\processed\bfw\asian\n000840\0041_01.jpg,data\processed\bfw\asian\n000135\0114_01.jpg,n000840,n000135,asian,asian,females,females,,,0,0.4661621,24.401884,0.5338379
data\processed\bfw\asian\n003288\0022_01.jpg,data\processed\bfw\asian\n009177\0294_02.jpg,n003288,n009177,asian,asian,females,females,,,0,0.26162452,27.577446,0.7383755
data\processed\bfw\asian\n004725\0230_01.jpg,data\processed\bfw\asian\n002775\0034_02.jpg,n004725,n002775,asian,asian,males,males,,,0,0.17593004,29.866316,0.82407
data\processed\bfw\asian\n000872\0227_01.jpg,data\processed\bfw\asian\n004221\0158_03.jpg,n000872,n004221,asian,asian,males,males,,,0,0.22783978,29.6798,0.77216023
data\processed\bfw\asian\n004948\0016_01.jpg,data\processed\bfw\asian\n004948\0091_01.jpg,n004948,n004948,asian,asian,males,males,,,1,0.753504,15.933206,0.24649602
data\processed\bfw\asian\n003489\0323_01.jpg,data\processed\bfw\asian\n005378\0234_02.jpg,n003489,n005378,asian,asian,males,females,,,0,0.16478013,23.89567,0.83521986
data\processed\bfw\asian\n000009\0063_01.jpg,data\processed\bfw\asian\n000009\0160_01.jpg,n000009,n000009,asian,asian,females,females,,,1,0.69178677,17.171204,0.30821323
data\processed\bfw\asian\n000009\0043_01.jpg,data\processed\bfw\asian\n000161\0255_01.jpg,n000009,n000161,asian,asian,females,males,,,0,0.3197192,26.709702,0.6802808
data\processed\bfw\asian\n005063\0302_06.jpg,data\processed\bfw\asian\n007385\0469_01.jpg,n005063,n007385,asian,asian,females,females,,,0,0.105944544,30.521923,0.8940555
data\processed\bfw\asian\n009042\0020_01.jpg,data\processed\bfw\asian\n000137\0187_01.jpg,n009042,n000137,asian,asian,females,females,,,0,0.36911643,26.508234,0.6308836
data\processed\bfw\asian\n000135\0112_01.jpg,data\processed\bfw\asian\n006619\0216_01.jpg,n000135,n006619,asian,asian,females,females,,,0,0.5172463,23.342081,0.4827537
data\processed\bfw\asian\n004725\0001_01.jpg,data\processed\bfw\asian\n004725\0183_04.jpg,n004725,n004725,asian,asian,males,males,,,1,0.74980235,16.470411,0.25019765
data\processed\bfw\asian\n003354\0020_01.jpg,data\processed\bfw\asian\n003482\0044_02.jpg,n003354,n003482,asian,asian,females,males,,,0,0.22465117,27.660074,0.77534884
data\processed\bfw\asian\n005378\0388_01.jpg,data\processed\bfw\asian\n005378\0409_02.jpg,n005378,n005378,asian,asian,females,females,,,1,0.44264218,23.102623,0.5573578
data\processed\bfw\asian\n004935\0548_01.jpg,data\processed\bfw\asian\n009278\0072_01.jpg,n004935,n009278,asian,asian,males,females,,,0,0.31856015,26.005259,0.6814399
data\processed\bfw\asian\n006223\0096_01.jpg,data\processed\bfw\asian\n006223\0172_01.jpg,n006223,n006223,asian,asian,females,females,,,1,0.79286784,14.015011,0.20713216
data\processed\bfw\asian\n008383\0014_01.jpg,data\processed\bfw\asian\n008383\0139_02.jpg,n008383,n008383,asian,asian,females,females,,,1,0.8251899,13.334333,0.17481011
data\processed\bfw\asian\n008163\0041_01.jpg,data\processed\bfw\asian\n008163\0213_01.jpg,n008163,n008163,asian,asian,females,females,,,1,0.8446069,12.000392,0.15539312
data\processed\bfw\asian\n000139\0311_01.jpg,data\processed\bfw\asian\n003223\0084_01.jpg,n000139,n003223,asian,asian,females,males,,,0,0.055838298,32.65918,0.9441617
data\processed\bfw\asian\n003354\0346_02.jpg,data\processed\bfw\asian\n006633\0299_01.jpg,n003354,n006633,asian,asian,females,females,,,0,0.23855774,28.664686,0.76144224
data\processed\bfw\asian\n002725\0086_01.jpg,data\processed\bfw\asian\n009125\0100_01.jpg,n002725,n009125,asian,asian,females,females,,,0,0.48749965,22.16716,0.51250035
data\processed\bfw\asian\n006736\0121_03.jpg,data\processed\bfw\asian\n006736\0537_01.jpg,n006736,n006736,asian,asian,females,females,,,1,0.7403318,16.868195,0.25966817
data\processed\bfw\asian\n004877\0004_01.jpg,data\processed\bfw\asian\n003167\0042_18.jpg,n004877,n003167,asian,asian,females,males,,,0,0.20622407,27.700466,0.7937759
data\processed\bfw\asian\n003354\0027_01.jpg,data\processed\bfw\asian\n009177\0136_01.jpg,n003354,n009177,asian,asian,females,females,,,0,0.09756875,30.685461,0.90243125
data\processed\bfw\asian\n004787\0158_01.jpg,data\processed\bfw\asian\n003358\0306_01.jpg,n004787,n003358,asian,asian,females,females,,,0,0.40342233,26.176954,0.59657764
data\processed\bfw\asian\n004108\0131_01.jpg,data\processed\bfw\asian\n004930\0135_01.jpg,n004108,n004930,asian,asian,males,females,,,0,0.2524666,28.987053,0.74753344
data\processed\bfw\asian\n003027\0037_01.jpg,data\processed\bfw\asian\n000856\0004_01.jpg,n003027,n000856,asian,asian,males,females,,,0,0.1650771,28.546928,0.8349229
data\processed\bfw\asian\n005216\0026_01.jpg,data\processed\bfw\asian\n004809\0221_01.jpg,n005216,n004809,asian,asian,females,males,,,0,0.07349428,29.398623,0.92650574
data\processed\bfw\asian\n004786\0128_03.jpg,data\processed\bfw\asian\n002331\0255_01.jpg,n004786,n002331,asian,asian,females,males,,,0,0.082611844,31.606647,0.91738814
data\processed\bfw\asian\n006634\0039_01.jpg,data\processed\bfw\asian\n006634\0114_01.jpg,n006634,n006634,asian,asian,females,females,,,1,0.83262086,13.071136,0.16737914
data\processed\bfw\asian\n006125\0215_01.jpg,data\processed\bfw\asian\n004936\0254_01.jpg,n006125,n004936,asian,asian,females,females,,,0,0.20211403,28.61365,0.79788595
data\processed\bfw\asian\n007372\0086_01.jpg,data\processed\bfw\asian\n007372\0252_01.jpg,n007372,n007372,asian,asian,females,females,,,1,0.5141972,23.442356,0.48580283
data\processed\bfw\asian\n003463\0132_01.jpg,data\processed\bfw\asian\n000856\0014_01.jpg,n003463,n000856,asian,asian,males,females,,,0,0.41486347,25.808283,0.58513653
data\processed\bfw\asian\n003155\0004_01.jpg,data\processed\bfw\asian\n006223\0033_01.jpg,n003155,n006223,asian,asian,males,females,,,0,0.112819366,31.62406,0.8871806
data\processed\bfw\asian\n003162\0050_01.jpg,data\processed\bfw\asian\n003162\0508_01.jpg,n003162,n003162,asian,asian,males,males,,,1,0.78759986,14.763274,0.21240014
data\processed\bfw\asian\n004785\0125_01.jpg,data\processed\bfw\asian\n004785\0275_01.jpg,n004785,n004785,asian,asian,females,females,,,1,0.75216484,14.985686,0.24783516
data\processed\bfw\asian\n005446\0042_05.jpg,data\processed\bfw\asian\n005446\0141_01.jpg,n005446,n005446,asian,asian,females,females,,,1,0.6076127,19.238892,0.39238727
data\processed\bfw\asian\n003288\0078_01.jpg,data\processed\bfw\asian\n007899\0073_01.jpg,n003288,n007899,asian,asian,females,females,,,0,0.49765655,22.146603,0.5023434
data\processed\bfw\asian\n006203\0160_01.jpg,data\processed\bfw\asian\n006203\0430_01.jpg,n006203,n006203,asian,asian,females,females,,,1,0.6311308,19.674477,0.3688692
data\processed\bfw\asian\n007814\0485_01.jpg,data\processed\bfw\asian\n004930\0290_01.jpg,n007814,n004930,asian,asian,females,females,,,0,0.17085336,29.47957,0.8291466
data\processed\bfw\asian\n002552\0185_01.jpg,data\processed\bfw\asian\n009177\0162_02.jpg,n002552,n009177,asian,asian,males,females,,,0,-0.0024950723,33.149185,1.002495
data\processed\bfw\asian\n004786\0197_02.jpg,data\processed\bfw\asian\n004860\0236_01.jpg,n004786,n004860,asian,asian,females,females,,,0,0.34445715,24.855057,0.65554285
data\processed\bfw\asian\n001562\0360_02.jpg,data\processed\bfw\asian\n004681\0020_01.jpg,n001562,n004681,asian,asian,males,males,,,0,0.07986514,29.500805,0.92013484
data\processed\bfw\asian\n004108\0096_01.jpg,data\processed\bfw\asian\n004108\0267_02.jpg,n004108,n004108,asian,asian,males,males,,,1,0.5559231,21.118235,0.4440769
data\processed\bfw\asian\n004787\0128_01.jpg,data\processed\bfw\asian\n000158\0367_01.jpg,n004787,n000158,asian,asian,females,males,,,0,-0.04613488,35.19746,1.0461348
data\processed\bfw\asian\n008401\0294_01.jpg,data\processed\bfw\asian\n008401\0521_02.jpg,n008401,n008401,asian,asian,females,females,,,1,0.6064682,21.035334,0.3935318
data\processed\bfw\asian\n005078\0278_01.jpg,data\processed\bfw\asian\n001572\0242_01.jpg,n005078,n001572,asian,asian,males,females,,,0,0.17171344,29.530918,0.8282865
data\processed\bfw\asian\n007814\0652_01.jpg,data\processed\bfw\asian\n001864\0071_01.jpg,n007814,n001864,asian,asian,females,males,,,0,0.26773685,27.776857,0.73226315
data\processed\bfw\asian\n000158\0199_03.jpg,data\processed\bfw\asian\n005069\0017_02.jpg,n000158,n005069,asian,asian,males,females,,,0,0.29756784,28.118845,0.70243216
data\processed\bfw\asian\n006358\0010_01.jpg,data\processed\bfw\asian\n006358\0085_04.jpg,n006358,n006358,asian,asian,females,females,,,1,0.7966626,15.941041,0.20333737
data\processed\bfw\asian\n002552\0252_02.jpg,data\processed\bfw\asian\n002552\0368_01.jpg,n002552,n002552,asian,asian,males,males,,,1,0.74785507,15.889976,0.25214493
data\processed\bfw\asian\n004109\0047_02.jpg,data\processed\bfw\asian\n004930\0290_01.jpg,n004109,n004930,asian,asian,males,females,,,0,0.38014406,26.091734,0.61985594
data\processed\bfw\asian\n004681\0232_01.jpg,data\processed\bfw\asian\n004681\0398_01.jpg,n004681,n004681,asian,asian,males,males,,,1,0.6231257,18.76717,0.37687433
data\processed\bfw\asian\n002775\0069_01.jpg,data\processed\bfw\asian\n000009\0356_06.jpg,n002775,n000009,asian,asian,males,females,,,0,0.019521283,31.533285,0.9804787
data\processed\bfw\asian\n007664\0153_01.jpg,data\processed\bfw\asian\n001864\0078_01.jpg,n007664,n001864,asian,asian,females,males,,,0,0.14206913,30.49164,0.8579309
data\processed\bfw\asian\n002644\0105_01.jpg,data\processed\bfw\asian\n002644\0966_01.jpg,n002644,n002644,asian,asian,males,males,,,1,0.67063105,17.462936,0.32936895
data\processed\bfw\asian\n003288\0120_01.jpg,data\processed\bfw\asian\n001864\0112_03.jpg,n003288,n001864,asian,asian,females,males,,,0,0.34943673,25.620037,0.65056324
data\processed\bfw\asian\n009277\0358_01.jpg,data\processed\bfw\asian\n005077\0020_01.jpg,n009277,n005077,asian,asian,females,females,,,0,0.26248047,27.630527,0.7375195
data\processed\bfw\asian\n004809\0356_01.jpg,data\processed\bfw\asian\n000854\0045_01.jpg,n004809,n000854,asian,asian,males,females,,,0,0.15118352,28.430088,0.8488165
data\processed\bfw\asian\n004864\0003_01.jpg,data\processed\bfw\asian\n007814\0016_01.jpg,n004864,n007814,asian,asian,females,females,,,0,0.43365723,24.418417,0.5663428
data\processed\bfw\asian\n003355\0082_01.jpg,data\processed\bfw\asian\n009137\0321_02.jpg,n003355,n009137,asian,asian,males,females,,,0,0.2632932,27.507915,0.7367068
data\processed\bfw\asian\n005072\0302_01.jpg,data\processed\bfw\asian\n000873\0176_01.jpg,n005072,n000873,asian,asian,males,males,,,0,0.5355452,23.489285,0.46445483
data\processed\bfw\asian\n004549\0303_01.jpg,data\processed\bfw\asian\n003489\0191_01.jpg,n004549,n003489,asian,asian,females,males,,,0,0.07473833,30.364962,0.9252617
data\processed\bfw\asian\n005072\0043_05.jpg,data\processed\bfw\asian\n005072\0184_03.jpg,n005072,n005072,asian,asian,males,males,,,1,0.6990959,17.436993,0.3009041
data\processed\bfw\asian\n007816\0375_01.jpg,data\processed\bfw\asian\n007816\0442_03.jpg,n007816,n007816,asian,asian,females,females,,,1,0.6059102,19.608976,0.39408982
data\processed\bfw\asian\n006418\0021_02.jpg,data\processed\bfw\asian\n006418\0251_02.jpg,n006418,n006418,asian,asian,females,females,,,1,0.5144022,22.755505,0.4855978
data\processed\bfw\asian\n002406\0173_01.jpg,data\processed\bfw\asian\n001496\0171_01.jpg,n002406,n001496,asian,asian,males,males,,,0,0.09415738,28.436817,0.9058426
data\processed\bfw\asian\n004800\0111_01.jpg,data\processed\bfw\asian\n009137\0070_01.jpg,n004800,n009137,asian,asian,males,females,,,0,0.29923382,25.097092,0.7007662
data\processed\bfw\asian\n004935\0061_01.jpg,data\processed\bfw\asian\n004935\0124_01.jpg,n004935,n004935,asian,asian,males,males,,,1,0.8054135,13.392906,0.19458652
data\processed\bfw\asian\n007372\0112_05.jpg,data\processed\bfw\asian\n003824\0190_03.jpg,n007372,n003824,asian,asian,females,females,,,0,0.39052197,25.46629,0.609478
data\processed\bfw\asian\n003467\0042_01.jpg,data\processed\bfw\asian\n003467\0094_01.jpg,n003467,n003467,asian,asian,females,females,,,1,0.7167626,17.16941,0.2832374
data\processed\bfw\asian\n007814\0057_01.jpg,data\processed\bfw\asian\n004809\0208_01.jpg,n007814,n004809,asian,asian,females,males,,,0,0.17323305,29.011621,0.82676697
data\processed\bfw\asian\n004725\0121_01.jpg,data\processed\bfw\asian\n004725\0230_01.jpg,n004725,n004725,asian,asian,males,males,,,1,0.47109324,24.131857,0.52890676
data\processed\bfw\asian\n000840\0015_01.jpg,data\processed\bfw\asian\n006159\0122_01.jpg,n000840,n006159,asian,asian,females,females,,,0,0.0783949,32.424183,0.9216051
data\processed\bfw\asian\n003156\0077_01.jpg,data\processed\bfw\asian\n003156\0105_01.jpg,n003156,n003156,asian,asian,males,males,,,1,0.3492815,26.886831,0.6507185
data\processed\bfw\asian\n004948\0199_02.jpg,data\processed\bfw\asian\n003533\0574_01.jpg,n004948,n003533,asian,asian,males,males,,,0,0.06931531,31.357296,0.9306847
data\processed\bfw\asian\n003463\0485_01.jpg,data\processed\bfw\asian\n000161\0241_01.jpg,n003463,n000161,asian,asian,males,males,,,0,0.056109358,32.555244,0.94389063
data\processed\bfw\asian\n004786\0097_02.jpg,data\processed\bfw\asian\n004786\0129_01.jpg,n004786,n004786,asian,asian,females,females,,,1,0.7630526,15.331298,0.23694742
data\processed\bfw\asian\n004469\0083_02.jpg,data\processed\bfw\asian\n000132\0027_01__face_0.jpg,n004469,n000132,asian,asian,males,males,,,0,0.5435473,21.897467,0.45645273
data\processed\bfw\asian\n006203\0085_03.jpg,data\processed\bfw\asian\n004809\0013_04.jpg,n006203,n004809,asian,asian,females,males,,,0,0.38348132,25.19252,0.6165187
data\processed\bfw\asian\n004800\0702_02.jpg,data\processed\bfw\asian\n004800\0828_02.jpg,n004800,n004800,asian,asian,males,males,,,1,0.47092023,23.852575,0.5290798
data\processed\bfw\asian\n001976\0077_02.jpg,data\processed\bfw\asian\n001976\0441_01.jpg,n001976,n001976,asian,asian,males,males,,,1,0.64623517,20.815548,0.35376483
data\processed\bfw\asian\n008401\0097_02.jpg,data\processed\bfw\asian\n003355\0145_04.jpg,n008401,n003355,asian,asian,females,males,,,0,0.2950402,24.489584,0.7049598
data\processed\bfw\asian\n006619\0098_01.jpg,data\processed\bfw\asian\n004725\0152_01.jpg,n006619,n004725,asian,asian,females,males,,,0,-0.019682465,34.11762,1.0196824
data\processed\bfw\asian\n005474\0298_05.jpg,data\processed\bfw\asian\n004805\0566_01.jpg,n005474,n004805,asian,asian,females,males,,,0,0.36311224,26.438677,0.6368878
data\processed\bfw\asian\n000137\0248_01.jpg,data\processed\bfw\asian\n000138\0078_01.jpg,n000137,n000138,asian,asian,females,females,,,0,0.053074118,32.30412,0.9469259
data\processed\bfw\asian\n005177\0063_01.jpg,data\processed\bfw\asian\n004680\0427_01.jpg,n005177,n004680,asian,asian,males,females,,,0,0.3399332,26.577623,0.66006684
data\processed\bfw\asian\n005378\0421_01.jpg,data\processed\bfw\asian\n006736\0318_01.jpg,n005378,n006736,asian,asian,females,females,,,0,0.53094363,22.388142,0.46905637
data\processed\bfw\asian\n004221\0196_05.jpg,data\processed\bfw\asian\n004221\0243_01.jpg,n004221,n004221,asian,asian,males,males,,,1,0.76067305,16.99391,0.23932695
data\processed\bfw\asian\n004472\0312_02.jpg,data\processed\bfw\asian\n005083\0367_02.jpg,n004472,n005083,asian,asian,females,females,,,0,0.4072679,25.08619,0.5927321
data\processed\bfw\asian\n003481\0794_01.jpg,data\processed\bfw\asian\n003153\0624_01.jpg,n003481,n003153,asian,asian,females,females,,,0,0.4872866,24.536022,0.51271343
data\processed\bfw\asian\n001976\0152_02.jpg,data\processed\bfw\asian\n000872\0227_01.jpg,n001976,n000872,asian,asian,males,males,,,0,0.21763241,27.751919,0.7823676
data\processed\bfw\asian\n004680\0430_01.jpg,data\processed\bfw\asian\n006223\0349_01.jpg,n004680,n006223,asian,asian,females,females,,,0,0.54475325,22.489843,0.45524675
data\processed\bfw\asian\n001864\0039_02.jpg,data\processed\bfw\asian\n001864\0301_01.jpg,n001864,n001864,asian,asian,males,males,,,1,0.87442195,11.22328,0.12557805
data\processed\bfw\asian\n007372\0086_01.jpg,data\processed\bfw\asian\n007372\0148_01.jpg,n007372,n007372,asian,asian,females,females,,,1,0.50229406,22.90759,0.49770594
data\processed\bfw\asian\n004466\0045_01.jpg,data\processed\bfw\asian\n004466\0154_01.jpg,n004466,n004466,asian,asian,males,males,,,1,0.6362835,19.403795,0.36371648
data\processed\bfw\asian\n000135\0138_10.jpg,data\processed\bfw\asian\n005116\0168_01.jpg,n000135,n005116,asian,asian,females,males,,,0,0.16545583,30.104946,0.8345442
data\processed\bfw\asian\n004930\0027_01.jpg,data\processed\bfw\asian\n004930\0046_01.jpg,n004930,n004930,asian,asian,females,females,,,1,0.66671705,18.674072,0.33328295
data\processed\bfw\asian\n002406\0534_02.jpg,data\processed\bfw\asian\n009103\0047_02.jpg,n002406,n009103,asian,asian,males,females,,,0,0.26633742,27.989769,0.7336626
data\processed\bfw\asian\n006774\0268_01.jpg,data\processed\bfw\asian\n004794\0124_03.jpg,n006774,n004794,asian,asian,females,males,,,0,0.08618015,31.921333,0.91381985
data\processed\bfw\asian\n003223\0185_01.jpg,data\processed\bfw\asian\n006736\0068_01.jpg,n003223,n006736,asian,asian,males,females,,,0,0.048086796,31.481895,0.9519132
data\processed\bfw\asian\n000873\0344_01.jpg,data\processed\bfw\asian\n006344\0431_07.jpg,n000873,n006344,asian,asian,males,females,,,0,0.0101118805,31.97421,0.98988813
data\processed\bfw\asian\n003027\0210_01.jpg,data\processed\bfw\asian\n003027\0501_01.jpg,n003027,n003027,asian,asian,males,males,,,1,0.77270633,13.8786125,0.22729367
data\processed\bfw\asian\n003489\0271_01.jpg,data\processed\bfw\asian\n004221\0216_01.jpg,n003489,n004221,asian,asian,males,males,,,0,0.5021354,22.757689,0.4978646
data\processed\bfw\asian\n000158\0005_05.jpg,data\processed\bfw\asian\n000158\0012_01.jpg,n000158,n000158,asian,asian,males,males,,,1,0.91236776,9.099545,0.08763224
data\processed\bfw\asian\n005177\0013_01.jpg,data\processed\bfw\asian\n006125\0414_01.jpg,n005177,n006125,asian,asian,males,females,,,0,0.30255193,27.07952,0.6974481
data\processed\bfw\asian\n000158\0013_01.jpg,data\processed\bfw\asian\n000158\0199_03.jpg,n000158,n000158,asian,asian,males,males,,,1,0.9181483,9.238303,0.08185172
data\processed\bfw\asian\n003506\0307_01.jpg,data\processed\bfw\asian\n003506\0347_01.jpg,n003506,n003506,asian,asian,females,females,,,1,0.58990777,21.147072,0.41009223
data\processed\bfw\asian\n002775\0137_04.jpg,data\processed\bfw\asian\n007089\0133_01.jpg,n002775,n007089,asian,asian,males,females,,,0,0.21046664,29.074717,0.7895334
data\processed\bfw\asian\n003481\0770_01.jpg,data\processed\bfw\asian\n004785\0082_01.jpg,n003481,n004785,asian,asian,females,females,,,0,0.43374118,23.930597,0.5662588
data\processed\bfw\asian\n003167\0028_02.jpg,data\processed\bfw\asian\n005085\0032_01.jpg,n003167,n005085,asian,asian,males,females,,,0,0.050277963,30.21284,0.94972205
data\processed\bfw\asian\n006418\0386_01.jpg,data\processed\bfw\asian\n005083\0358_01.jpg,n006418,n005083,asian,asian,females,females,,,0,0.35139564,25.412754,0.6486044
data\processed\bfw\asian\n003482\0284_06.jpg,data\processed\bfw\asian\n003482\0672_03.jpg,n003482,n003482,asian,asian,males,males,,,1,0.65032095,18.93403,0.34967905
data\processed\bfw\asian\n001572\0115_01.jpg,data\processed\bfw\asian\n001572\0164_01.jpg,n001572,n001572,asian,asian,females,females,,,1,0.6602007,18.69781,0.33979928
data\processed\bfw\asian\n007816\0322_02.jpg,data\processed\bfw\asian\n007816\0329_01.jpg,n007816,n007816,asian,asian,females,females,,,1,0.6753157,17.864279,0.32468432
data\processed\bfw\asian\n008383\0268_01.jpg,data\processed\bfw\asian\n003482\0059_01.jpg,n008383,n003482,asian,asian,females,males,,,0,-0.024663469,33.083767,1.0246634
data\processed\bfw\asian\n003491\0194_02.jpg,data\processed\bfw\asian\n000138\0395_01.jpg,n003491,n000138,asian,asian,males,females,,,0,-0.034896225,33.07599,1.0348963
data\processed\bfw\asian\n004549\0168_05.jpg,data\processed\bfw\asian\n004864\0179_01.jpg,n004549,n004864,asian,asian,females,females,,,0,0.57192653,20.06578,0.42807347
data\processed\bfw\asian\n000135\0035_01.jpg,data\processed\bfw\asian\n000132\0110_01__face_0.jpg,n000135,n000132,asian,asian,females,males,,,0,0.17222187,27.626123,0.8277781
data\processed\bfw\asian\n003482\0155_05.jpg,data\processed\bfw\asian\n003482\0408_02.jpg,n003482,n003482,asian,asian,males,males,,,1,0.7433955,17.335133,0.2566045
data\processed\bfw\asian\n007814\0291_01.jpg,data\processed\bfw\asian\n007814\0652_01.jpg,n007814,n007814,asian,asian,females,females,,,1,0.65726906,18.271624,0.34273094
data\processed\bfw\asian\n006633\0036_02.jpg,data\processed\bfw\asian\n000138\0003_01.jpg,n006633,n000138,asian,asian,females,females,,,0,0.08052071,32.114616,0.9194793
data\processed\bfw\asian\n003491\0033_01.jpg,data\processed\bfw\asian\n003491\0131_03.jpg,n003491,n003491,asian,asian,males,males,,,1,0.82116604,14.198729,0.17883396
data\processed\bfw\asian\n003482\0044_02.jpg,data\processed\bfw\asian\n003482\0716_02.jpg,n003482,n003482,asian,asian,males,males,,,1,0.71550494,16.461515,0.28449506
data\processed\bfw\asian\n009277\0043_01.jpg,data\processed\bfw\asian\n009277\0178_01.jpg,n009277,n009277,asian,asian,females,females,,,1,0.69143426,17.646536,0.30856574
data\processed\bfw\asian\n004786\0241_02.jpg,data\processed\bfw\asian\n004786\0856_02.jpg,n004786,n004786,asian,asian,females,females,,,1,0.6690088,17.519033,0.3309912
data\processed\bfw\asian\n006619\0034_01.jpg,data\processed\bfw\asian\n006619\0333_01.jpg,n006619,n006619,asian,asian,females,females,,,1,0.55739385,22.847565,0.44260615
data\processed\bfw\asian\n004877\0472_01.jpg,data\processed\bfw\asian\n009287\0256_04.jpg,n004877,n009287,asian,asian,females,females,,,0,0.098648794,30.794275,0.9013512
data\processed\bfw\asian\n006203\0724_01.jpg,data\processed\bfw\asian\n004864\0588_04.jpg,n006203,n004864,asian,asian,females,females,,,0,0.52412397,22.5173,0.47587603
data\processed\bfw\asian\n006619\0405_01.jpg,data\processed\bfw\asian\n003162\0508_01.jpg,n006619,n003162,asian,asian,females,males,,,0,-0.06434789,33.73117,1.0643479
data\processed\bfw\asian\n009175\0073_01.jpg,data\processed\bfw\asian\n009175\0077_01.jpg,n009175,n009175,asian,asian,females,females,,,1,0.72448003,17.051855,0.27551997
data\processed\bfw\asian\n003506\0342_01.jpg,data\processed\bfw\asian\n003506\0367_01.jpg,n003506,n003506,asian,asian,females,females,,,1,0.6256169,20.543066,0.3743831
data\processed\bfw\asian\n006223\0148_01.jpg,data\processed\bfw\asian\n005446\0118_01.jpg,n006223,n005446,asian,asian,females,females,,,0,0.46972412,21.78396,0.5302759
data\processed\bfw\asian\n006148\0102_02.jpg,data\processed\bfw\asian\n000838\0463_01.jpg,n006148,n000838,asian,asian,females,females,,,0,0.16434327,27.794718,0.83565676
data\processed\bfw\asian\n000839\0480_03.jpg,data\processed\bfw\asian\n001572\0120_01.jpg,n000839,n001572,asian,asian,females,females,,,0,0.4417589,23.919226,0.5582411
data\processed\bfw\asian\n000839\0168_01.jpg,data\processed\bfw\asian\n003358\0316_01.jpg,n000839,n003358,asian,asian,females,females,,,0,0.2833189,26.410078,0.7166811
data\processed\bfw\asian\n006344\0350_01.jpg,data\processed\bfw\asian\n006344\0557_01.jpg,n006344,n006344,asian,asian,females,females,,,1,0.31183994,25.788883,0.68816006
data\processed\bfw\asian\n004935\0123_01.jpg,data\processed\bfw\asian\n004686\0433_01.jpg,n004935,n004686,asian,asian,males,males,,,0,0.48645002,23.758644,0.51355
data\processed\bfw\asian\n003449\0101_01.jpg,data\processed\bfw\asian\n003449\0194_01.jpg,n003449,n003449,asian,asian,females,females,,,1,0.6521109,19.100317,0.34788913
data\processed\bfw\asian\n008401\0166_01.jpg,data\processed\bfw\asian\n008401\0377_01.jpg,n008401,n008401,asian,asian,females,females,,,1,0.5434556,22.262697,0.4565444
data\processed\bfw\asian\n004860\0097_01.jpg,data\processed\bfw\asian\n004860\0178_01.jpg,n004860,n004860,asian,asian,females,females,,,1,0.44195822,23.357285,0.5580418
data\processed\bfw\asian\n002509\0040_01.jpg,data\processed\bfw\asian\n002509\0046_01.jpg,n002509,n002509,asian,asian,females,females,,,1,0.7097441,16.93086,0.2902559
data\processed\bfw\asian\n004870\0098_01.jpg,data\processed\bfw\asian\n000160\0150_01.jpg,n004870,n000160,asian,asian,females,females,,,0,0.3783344,25.162016,0.6216656
data\processed\bfw\asian\n003506\0319_01.jpg,data\processed\bfw\asian\n009041\0018_01.jpg,n003506,n009041,asian,asian,females,females,,,0,0.6119049,20.805243,0.38809508
data\processed\bfw\asian\n006633\0298_01.jpg,data\processed\bfw\asian\n009277\0360_01.jpg,n006633,n009277,asian,asian,females,females,,,0,0.582654,22.315622,0.417346
data\processed\bfw\asian\n000143\0693_01.jpg,data\processed\bfw\asian\n005078\0202_01.jpg,n000143,n005078,asian,asian,females,males,,,0,0.09737202,29.346327,0.902628
data\processed\bfw\asian\n002775\0166_02.jpg,data\processed\bfw\asian\n002775\0305_01.jpg,n002775,n002775,asian,asian,males,males,,,1,0.63807905,19.79146,0.36192095
data\processed\bfw\asian\n000839\0081_01.jpg,data\processed\bfw\asian\n000839\0295_01.jpg,n000839,n000839,asian,asian,females,females,,,1,0.6793488,18.567013,0.32065117
data\processed\bfw\asian\n000148\0016_01.jpg,data\processed\bfw\asian\n003467\0217_01.jpg,n000148,n003467,asian,asian,females,females,,,0,0.16458371,29.416546,0.8354163
data\processed\bfw\asian\n003824\0122_01.jpg,data\processed\bfw\asian\n003155\0261_01.jpg,n003824,n003155,asian,asian,females,males,,,0,0.057312682,30.786434,0.94268733
data\processed\bfw\asian\n004791\0253_01.jpg,data\processed\bfw\asian\n002725\0086_01.jpg,n004791,n002725,asian,asian,males,females,,,0,0.18280217,27.449236,0.8171978
data\processed\bfw\asian\n006159\0011_01.jpg,data\processed\bfw\asian\n002552\0223_01.jpg,n006159,n002552,asian,asian,females,males,,,0,0.01378904,33.20387,0.98621094
data\processed\bfw\asian\n000158\0667_01.jpg,data\processed\bfw\asian\n004466\0038_03.jpg,n000158,n004466,asian,asian,males,males,,,0,0.050488424,31.465427,0.9495116
data\processed\bfw\asian\n006418\0071_04.jpg,data\processed\bfw\asian\n009041\0080_02.jpg,n006418,n009041,asian,asian,females,females,,,0,0.23009193,30.125923,0.7699081
data\processed\bfw\asian\n004687\0087_01.jpg,data\processed\bfw\asian\n004687\0216_01.jpg,n004687,n004687,asian,asian,females,females,,,1,0.7883663,14.670438,0.21163368
data\processed\bfw\asian\n006358\0085_04.jpg,data\processed\bfw\asian\n000160\0150_01.jpg,n006358,n000160,asian,asian,females,females,,,0,0.24956727,29.616646,0.7504327
data\processed\bfw\asian\n007378\0036_01.jpg,data\processed\bfw\asian\n003482\0284_06.jpg,n007378,n003482,asian,asian,females,males,,,0,0.015263978,33.05639,0.984736
data\processed\bfw\asian\n006149\0005_01.jpg,data\processed\bfw\asian\n006149\0060_01.jpg,n006149,n006149,asian,asian,females,females,,,1,0.8153511,14.26738,0.18464887
data\processed\bfw\asian\n005446\0185_01.jpg,data\processed\bfw\asian\n005446\0265_01.jpg,n005446,n005446,asian,asian,females,females,,,1,0.74231696,16.15955,0.25768304
data\processed\bfw\asian\n007372\0112_05.jpg,data\processed\bfw\asian\n004221\0196_05.jpg,n007372,n004221,asian,asian,females,males,,,0,0.051901802,32.699654,0.9480982
data\processed\bfw\asian\n003027\0117_02.jpg,data\processed\bfw\asian\n003027\0166_01.jpg,n003027,n003027,asian,asian,males,males,,,1,0.91075253,8.730356,0.089247465
data\processed\bfw\asian\n007380\0334_01.jpg,data\processed\bfw\asian\n005474\0210_02.jpg,n007380,n005474,asian,asian,females,females,,,0,0.32949045,25.502516,0.6705096
data\processed\bfw\asian\n008163\0010_01.jpg,data\processed\bfw\asian\n008163\0276_01.jpg,n008163,n008163,asian,asian,females,females,,,1,0.7691009,14.689182,0.2308991
data\processed\bfw\asian\n004860\0107_01.jpg,data\processed\bfw\asian\n001496\0622_01.jpg,n004860,n001496,asian,asian,females,males,,,0,0.12948163,29.710833,0.8705184
data\processed\bfw\asian\n006774\0029_04.jpg,data\processed\bfw\asian\n006774\0080_01.jpg,n006774,n006774,asian,asian,females,females,,,1,0.6635972,17.866402,0.33640277
data\processed\bfw\asian\n004467\0004_01.jpg,data\processed\bfw\asian\n004467\0221_02.jpg,n004467,n004467,asian,asian,males,males,,,1,0.715463,16.840237,0.28453702
data\processed\bfw\asian\n004877\0145_01.jpg,data\processed\bfw\asian\n004805\0289_01.jpg,n004877,n004805,asian,asian,females,males,,,0,0.2038749,29.3447,0.7961251
data\processed\bfw\asian\n006223\0519_01.jpg,data\processed\bfw\asian\n001572\0091_01.jpg,n006223,n001572,asian,asian,females,females,,,0,0.33237693,27.11193,0.66762304
data\processed\bfw\asian\n004466\0238_01.jpg,data\processed\bfw\asian\n004466\0321_01.jpg,n004466,n004466,asian,asian,males,males,,,1,0.5723244,21.124008,0.4276756
data\processed\bfw\asian\n009278\0172_01.jpg,data\processed\bfw\asian\n004870\0610_03.jpg,n009278,n004870,asian,asian,females,females,,,0,0.26554036,27.63174,0.73445964
data\processed\bfw\asian\n000854\0166_03.jpg,data\processed\bfw\asian\n000854\0354_01.jpg,n000854,n000854,asian,asian,females,females,,,1,0.44021308,25.035301,0.5597869
data\processed\bfw\asian\n004472\0699_01.jpg,data\processed\bfw\asian\n003449\0072_01.jpg,n004472,n003449,asian,asian,females,females,,,0,0.4570593,22.428446,0.54294074
data\processed\bfw\asian\n007378\0289_01.jpg,data\processed\bfw\asian\n006223\0122_01.jpg,n007378,n006223,asian,asian,females,females,,,0,0.4521122,24.159191,0.5478878
data\processed\bfw\asian\n003288\0234_01.jpg,data\processed\bfw\asian\n003288\0562_01.jpg,n003288,n003288,asian,asian,females,females,,,1,0.67028046,17.92666,0.32971954
data\processed\bfw\asian\n005071\0589_02.jpg,data\processed\bfw\asian\n005177\0155_01.jpg,n005071,n005177,asian,asian,males,males,,,0,0.3189332,27.660397,0.6810668
data\processed\bfw\asian\n006736\0121_03.jpg,data\processed\bfw\asian\n000158\0224_01.jpg,n006736,n000158,asian,asian,females,males,,,0,0.16806568,30.826445,0.83193433
data\processed\bfw\asian\n004680\0158_01.jpg,data\processed\bfw\asian\n006125\0185_01.jpg,n004680,n006125,asian,asian,females,females,,,0,0.4444771,24.369823,0.5555229
data\processed\bfw\asian\n004785\0139_01.jpg,data\processed\bfw\asian\n004785\0603_01.jpg,n004785,n004785,asian,asian,females,females,,,1,0.7138989,17.299458,0.2861011
data\processed\bfw\asian\n001864\0038_01.jpg,data\processed\bfw\asian\n009288\0172_01.jpg,n001864,n009288,asian,asian,males,females,,,0,0.22071387,29.627998,0.77928615
data\processed\bfw\asian\n004681\0366_01.jpg,data\processed\bfw\asian\n002552\0532_01.jpg,n004681,n002552,asian,asian,males,males,,,0,0.33790913,26.284298,0.6620909
data\processed\bfw\asian\n009148\0054_01.jpg,data\processed\bfw\asian\n009148\0063_01.jpg,n009148,n009148,asian,asian,females,females,,,1,0.79101735,13.57236,0.20898265
data\processed\bfw\asian\n003506\0347_01.jpg,data\processed\bfw\asian\n003506\0627_01.jpg,n003506,n003506,asian,asian,females,females,,,1,0.6591064,18.380781,0.34089363
data\processed\bfw\asian\n002775\0812_02.jpg,data\processed\bfw\asian\n009137\0492_01.jpg,n002775,n009137,asian,asian,males,females,,,0,0.0051973076,31.387684,0.9948027
data\processed\bfw\asian\n000009\0040_01.jpg,data\processed\bfw\asian\n000009\0356_06.jpg,n000009,n000009,asian,asian,females,females,,,1,0.6350036,18.98747,0.36499637
data\processed\bfw\asian\n000158\0260_01.jpg,data\processed\bfw\asian\n000158\0658_01.jpg,n000158,n000158,asian,asian,males,males,,,1,0.76183844,15.890384,0.23816156
data\processed\bfw\asian\n008383\0126_02.jpg,data\processed\bfw\asian\n003824\0130_02.jpg,n008383,n003824,asian,asian,females,females,,,0,0.31038406,27.32848,0.68961596
data\processed\bfw\asian\n006633\0195_02.jpg,data\processed\bfw\asian\n003354\0029_01.jpg,n006633,n003354,asian,asian,females,females,,,0,0.47577623,22.638884,0.5242238
data\processed\bfw\asian\n003533\0019_01.jpg,data\processed\bfw\asian\n003533\0045_01.jpg,n003533,n003533,asian,asian,males,males,,,1,0.86212754,11.788159,0.13787246
data\processed\bfw\asian\n000143\0081_01.jpg,data\processed\bfw\asian\n000143\0122_01.jpg,n000143,n000143,asian,asian,females,females,,,1,0.69284326,17.614317,0.30715674
data\processed\bfw\asian\n003162\0118_01.jpg,data\processed\bfw\asian\n009278\0068_01.jpg,n003162,n009278,asian,asian,males,females,,,0,0.082147576,29.586155,0.9178524
data\processed\bfw\asian\n004472\0045_02.jpg,data\processed\bfw\asian\n004472\0141_01.jpg,n004472,n004472,asian,asian,females,females,,,1,0.7407763,15.749515,0.2592237
data\processed\bfw\asian\n005116\0191_01.jpg,data\processed\bfw\asian\n002509\0040_01.jpg,n005116,n002509,asian,asian,males,females,,,0,0.1414,30.868845,0.8586
data\processed\bfw\asian\n003482\0022_01.jpg,data\processed\bfw\asian\n003482\0155_05.jpg,n003482,n003482,asian,asian,males,males,,,1,0.6973169,18.02995,0.30268312
data\processed\bfw\asian\n003027\0384_01.jpg,data\processed\bfw\asian\n000132\0707_01__face_0.jpg,n003027,n000132,asian,asian,males,males,,,0,0.5225765,22.814322,0.4774235
data\processed\bfw\asian\n002644\0116_01.jpg,data\processed\bfw\asian\n002644\0557_01.jpg,n002644,n002644,asian,asian,males,males,,,1,0.7351192,16.552982,0.26488078
data\processed\bfw\asian\n000132\0225_03__face_0.jpg,data\processed\bfw\asian\n003288\0300_01.jpg,n000132,n003288,asian,asian,males,females,,,0,0.3984234,25.730223,0.60157657
data\processed\bfw\asian\n003506\0136_02.jpg,data\processed\bfw\asian\n000840\0012_01.jpg,n003506,n000840,asian,asian,females,females,,,0,0.28852957,27.08378,0.7114704
data\processed\bfw\asian\n007270\0066_01.jpg,data\processed\bfw\asian\n007270\0375_01.jpg,n007270,n007270,asian,asian,females,females,,,1,0.7875118,14.074856,0.21248817
data\processed\bfw\asian\n004935\0688_01.jpg,data\processed\bfw\asian\n004860\0097_01.jpg,n004935,n004860,asian,asian,males,females,,,0,0.246094,26.517044,0.753906
data\processed\bfw\asian\n003155\1054_06.jpg,data\processed\bfw\asian\n004809\0051_03.jpg,n003155,n004809,asian,asian,males,males,,,0,-0.11231804,35.081085,1.112318
data\processed\bfw\asian\n000856\0008_01.jpg,data\processed\bfw\asian\n000856\0075_01.jpg,n000856,n000856,asian,asian,females,females,,,1,0.7825747,17.121265,0.21742529
data\processed\bfw\asian\n003288\0120_01.jpg,data\processed\bfw\asian\n003288\0562_01.jpg,n003288,n003288,asian,asian,females,females,,,1,0.7171867,16.733639,0.2828133
data\processed\bfw\asian\n000854\0275_01.jpg,data\processed\bfw\asian\n000854\0338_01.jpg,n000854,n000854,asian,asian,females,females,,,1,0.5591891,22.620611,0.44081092
data\processed\bfw\asian\n005071\0589_02.jpg,data\processed\bfw\asian\n004472\0093_01.jpg,n005071,n004472,asian,asian,males,females,,,0,0.026002632,32.010864,0.97399735
data\processed\bfw\asian\n003533\0052_01.jpg,data\processed\bfw\asian\n009175\0007_01.jpg,n003533,n009175,asian,asian,males,females,,,0,0.37085038,25.604404,0.6291496
data\processed\bfw\asian\n003223\0258_03.jpg,data\processed\bfw\asian\n003223\0291_01.jpg,n003223,n003223,asian,asian,males,males,,,1,0.6090742,20.718527,0.39092582
data\processed\bfw\asian\n006222\0103_01.jpg,data\processed\bfw\asian\n004864\0229_01.jpg,n006222,n004864,asian,asian,females,females,,,0,0.59134465,20.811987,0.40865535
data\processed\bfw\asian\n006149\0096_01.jpg,data\processed\bfw\asian\n000139\0311_01.jpg,n006149,n000139,asian,asian,females,females,,,0,0.12703437,32.0733,0.87296563
data\processed\bfw\asian\n004800\0315_01.jpg,data\processed\bfw\asian\n004800\0419_04.jpg,n004800,n004800,asian,asian,males,males,,,1,0.5661633,20.291468,0.4338367
data\processed\bfw\asian\n004794\0015_05.jpg,data\processed\bfw\asian\n004794\0079_01.jpg,n004794,n004794,asian,asian,males,males,,,1,0.6899747,17.688686,0.31002527
data\processed\bfw\asian\n003506\0041_01.jpg,data\processed\bfw\asian\n004948\0034_01.jpg,n003506,n004948,asian,asian,females,males,,,0,0.2217778,27.254848,0.7782222
data\processed\bfw\asian\n004948\0440_01.jpg,data\processed\bfw\asian\n009177\0232_01.jpg,n004948,n009177,asian,asian,males,females,,,0,-0.12223271,33.2713,1.1222327
data\processed\bfw\asian\n001864\0171_01.jpg,data\processed\bfw\asian\n001864\0281_01.jpg,n001864,n001864,asian,asian,males,males,,,1,0.78208256,15.070351,0.21791744
data\processed\bfw\asian\n000139\0065_01.jpg,data\processed\bfw\asian\n009275\0455_01.jpg,n000139,n009275,asian,asian,females,females,,,0,0.15895581,30.975397,0.8410442
data\processed\bfw\asian\n007814\0048_01.jpg,data\processed\bfw\asian\n007814\0227_01.jpg,n007814,n007814,asian,asian,females,females,,,1,0.7888297,14.709256,0.21117032
data\processed\bfw\asian\n000873\0257_02.jpg,data\processed\bfw\asian\n004681\0016_01.jpg,n000873,n004681,asian,asian,males,males,,,0,-0.10095668,34.512764,1.1009567
data\processed\bfw\asian\n000009\0010_01.jpg,data\processed\bfw\asian\n003167\0001_02.jpg,n000009,n003167,asian,asian,females,males,,,0,-0.050876085,29.730976,1.0508761
data\processed\bfw\asian\n002406\0165_03.jpg,data\processed\bfw\asian\n002406\0176_01.jpg,n002406,n002406,asian,asian,males,males,,,1,0.34890977,24.513266,0.65109026
data\processed\bfw\asian\n000132\0693_01__face_0.jpg,data\processed\bfw\asian\n000132\0707_01__face_0.jpg,n000132,n000132,asian,asian,males,males,,,1,0.7053058,18.542912,0.2946942
data\processed\bfw\asian\n003467\0188_03.jpg,data\processed\bfw\asian\n005083\0198_01.jpg,n003467,n005083,asian,asian,females,females,,,0,0.19706704,28.996632,0.802933
data\processed\bfw\asian\n009294\0222_01.jpg,data\processed\bfw\asian\n005378\0092_01.jpg,n009294,n005378,asian,asian,females,females,,,0,0.2873347,26.841692,0.7126653
data\processed\bfw\asian\n001682\0127_01.jpg,data\processed\bfw\asian\n006149\0260_01.jpg,n001682,n006149,asian,asian,males,females,,,0,0.08952303,32.07719,0.910477
data\processed\bfw\asian\n003162\0191_01.jpg,data\processed\bfw\asian\n003162\0350_02.jpg,n003162,n003162,asian,asian,males,males,,,1,0.64595646,20.137102,0.35404354
data\processed\bfw\asian\n001562\0081_01.jpg,data\processed\bfw\asian\n001562\0207_01.jpg,n001562,n001562,asian,asian,males,males,,,1,0.58138543,20.459208,0.41861457
data\processed\bfw\asian\n002725\0295_01.jpg,data\processed\bfw\asian\n002725\0452_04.jpg,n002725,n002725,asian,asian,females,females,,,1,0.6682917,18.977524,0.3317083
data\processed\bfw\asian\n004681\0101_01.jpg,data\processed\bfw\asian\n003635\0648_02.jpg,n004681,n003635,asian,asian,males,males,,,0,-0.07994498,31.864233,1.079945
data\processed\bfw\asian\n006633\0124_06.jpg,data\processed\bfw\asian\n000837\0144_01.jpg,n006633,n000837,asian,asian,females,females,,,0,0.048032917,32.255283,0.95196706
data\processed\bfw\asian\n003156\0487_01.jpg,data\processed\bfw\asian\n003156\0684_01.jpg,n003156,n003156,asian,asian,males,males,,,1,0.63030505,19.87383,0.36969495
data\processed\bfw\asian\n003354\0036_01.jpg,data\processed\bfw\asian\n003354\0136_01.jpg,n003354,n003354,asian,asian,females,females,,,1,0.715197,18.193617,0.28480297
data\processed\bfw\asian\n003463\0179_02.jpg,data\processed\bfw\asian\n003491\0019_01.jpg,n003463,n003491,asian,asian,males,males,,,0,0.094819956,30.080893,0.90518004
data\processed\bfw\asian\n000856\0098_01.jpg,data\processed\bfw\asian\n006148\0040_01.jpg,n000856,n006148,asian,asian,females,females,,,0,0.26647872,29.349735,0.7335213
data\processed\bfw\asian\n004791\0190_01.jpg,data\processed\bfw\asian\n004791\0197_01.jpg,n004791,n004791,asian,asian,males,males,,,1,0.65550596,18.378782,0.34449404
data\processed\bfw\asian\n006159\0083_01.jpg,data\processed\bfw\asian\n006159\0379_01.jpg,n006159,n006159,asian,asian,females,females,,,1,0.77467483,15.681115,0.22532517
data\processed\bfw\asian\n009175\0020_01.jpg,data\processed\bfw\asian\n009175\0090_01.jpg,n009175,n009175,asian,asian,females,females,,,1,0.7749468,15.734239,0.22505319
data\processed\bfw\asian\n001864\0105_01.jpg,data\processed\bfw\asian\n000873\0176_01.jpg,n001864,n000873,asian,asian,males,males,,,0,0.13942288,30.654522,0.8605771
data\processed\bfw\asian\n004680\0158_01.jpg,data\processed\bfw\asian\n003288\0051_01.jpg,n004680,n003288,asian,asian,females,females,,,0,0.4106478,25.123161,0.5893522
data\processed\bfw\asian\n004864\0004_01.jpg,data\processed\bfw\asian\n004864\0059_01.jpg,n004864,n004864,asian,asian,females,females,,,1,0.8142758,13.757865,0.1857242
data\processed\bfw\asian\n000143\0045_05.jpg,data\processed\bfw\asian\n008163\0034_04.jpg,n000143,n008163,asian,asian,females,females,,,0,0.12838139,28.027748,0.8716186
data\processed\bfw\asian\n003489\0051_03.jpg,data\processed\bfw\asian\n004791\0440_01.jpg,n003489,n004791,asian,asian,males,males,,,0,0.42338,23.145144,0.57662
data\processed\bfw\asian\n005083\0133_01.jpg,data\processed\bfw\asian\n005083\0252_01.jpg,n005083,n005083,asian,asian,females,females,,,1,0.73085386,16.247164,0.26914614
data\processed\bfw\asian\n006148\0014_03.jpg,data\processed\bfw\asian\n006148\0344_01.jpg,n006148,n006148,asian,asian,females,females,,,1,0.6700647,17.726723,0.3299353
data\processed\bfw\asian\n003465\0333_02.jpg,data\processed\bfw\asian\n005216\0059_01.jpg,n003465,n005216,asian,asian,males,females,,,0,-0.007280471,31.480257,1.0072805
data\processed\bfw\asian\n004935\0030_01.jpg,data\processed\bfw\asian\n000138\0153_02.jpg,n004935,n000138,asian,asian,males,females,,,0,-0.06621715,32.95238,1.0662172
data\processed\bfw\asian\n000873\0138_01.jpg,data\processed\bfw\asian\n004800\0366_01.jpg,n000873,n004800,asian,asian,males,males,,,0,0.3664204,25.640924,0.6335796
data\processed\bfw\asian\n005116\0228_03.jpg,data\processed\bfw\asian\n004221\0190_03.jpg,n005116,n004221,asian,asian,males,males,,,0,0.16144511,29.22163,0.83855486
data\processed\bfw\asian\n009137\0182_02.jpg,data\processed\bfw\asian\n009137\0264_01.jpg,n009137,n009137,asian,asian,females,females,,,1,0.7240794,16.395203,0.27592063
data\processed\bfw\asian\n004800\0139_02.jpg,data\processed\bfw\asian\n004800\0184_01.jpg,n004800,n004800,asian,asian,males,males,,,1,0.61047834,18.649607,0.38952166
data\processed\bfw\asian\n000139\0311_01.jpg,data\processed\bfw\asian\n009042\0048_01.jpg,n000139,n009042,asian,asian,females,females,,,0,0.034031004,33.656906,0.96596897
data\processed\bfw\asian\n004864\0059_01.jpg,data\processed\bfw\asian\n006149\0139_02.jpg,n004864,n006149,asian,asian,females,females,,,0,0.38196936,25.325417,0.61803067
data\processed\bfw\asian\n000873\0085_02.jpg,data\processed\bfw\asian\n000873\0105_01.jpg,n000873,n000873,asian,asian,males,males,,,1,0.76385516,16.277962,0.23614484
data\processed\bfw\asian\n000160\0105_01.jpg,data\processed\bfw\asian\n000160\0430_01.jpg,n000160,n000160,asian,asian,females,females,,,1,0.5723034,21.176401,0.4276966
data\processed\bfw\asian\n009294\0111_02.jpg,data\processed\bfw\asian\n009294\0279_02.jpg,n009294,n009294,asian,asian,females,females,,,1,0.75576913,15.850048,0.24423087
data\processed\bfw\asian\n005474\0003_01.jpg,data\processed\bfw\asian\n002406\0126_01.jpg,n005474,n002406,asian,asian,females,males,,,0,0.236512,27.065624,0.763488
data\processed\bfw\asian\n008148\0008_02.jpg,data\processed\bfw\asian\n008148\0195_01.jpg,n008148,n008148,asian,asian,females,females,,,1,0.6993447,16.280851,0.3006553
data\processed\bfw\asian\n007270\0605_01.jpg,data\processed\bfw\asian\n003463\0097_02.jpg,n007270,n003463,asian,asian,females,males,,,0,0.35138315,27.275993,0.64861685
data\processed\bfw\asian\n001562\0081_01.jpg,data\processed\bfw\asian\n001562\0341_01.jpg,n001562,n001562,asian,asian,males,males,,,1,0.8430568,13.136794,0.1569432
data\processed\bfw\asian\n002775\0088_02.jpg,data\processed\bfw\asian\n002775\0812_02.jpg,n002775,n002775,asian,asian,males,males,,,1,0.8287722,13.703385,0.17122781
data\processed\bfw\asian\n007270\0155_01.jpg,data\processed\bfw\asian\n001976\0458_02.jpg,n007270,n001976,asian,asian,females,males,,,0,-0.09604845,35.72886,1.0960485
data\processed\bfw\asian\n004860\0052_01.jpg,data\processed\bfw\asian\n003489\0020_01.jpg,n004860,n003489,asian,asian,females,males,,,0,-0.024938853,32.14673,1.0249388
data\processed\bfw\asian\n000839\0197_01.jpg,data\processed\bfw\asian\n009276\0332_01.jpg,n000839,n009276,asian,asian,females,females,,,0,0.5682503,21.270819,0.4317497
data\processed\bfw\asian\n000143\0019_01.jpg,data\processed\bfw\asian\n005378\0176_01.jpg,n000143,n005378,asian,asian,females,females,,,0,0.22858702,28.116348,0.77141297
data\processed\bfw\asian\n004109\0070_01.jpg,data\processed\bfw\asian\n004687\0497_01.jpg,n004109,n004687,asian,asian,males,females,,,0,0.08071568,30.840553,0.91928434
data\processed\bfw\asian\n004467\0228_01.jpg,data\processed\bfw\asian\n004725\0147_01.jpg,n004467,n004725,asian,asian,males,males,,,0,0.33281893,25.65681,0.6671811
data\processed\bfw\asian\n003482\0044_02.jpg,data\processed\bfw\asian\n003482\0102_02.jpg,n003482,n003482,asian,asian,males,males,,,1,0.63206494,18.645771,0.36793506
data\processed\bfw\asian\n006203\0109_03.jpg,data\processed\bfw\asian\n003482\0408_02.jpg,n006203,n003482,asian,asian,females,males,,,0,0.039919402,33.20297,0.9600806
data\processed\bfw\asian\n000137\0059_01.jpg,data\processed\bfw\asian\n007816\0279_01.jpg,n000137,n007816,asian,asian,females,females,,,0,0.021061258,33.75484,0.97893876
data\processed\bfw\asian\n003557\0574_01.jpg,data\processed\bfw\asian\n003533\0616_01.jpg,n003557,n003533,asian,asian,females,males,,,0,0.041611478,30.145325,0.9583885
data\processed\bfw\asian\n004794\0015_01.jpg,data\processed\bfw\asian\n000148\0390_01.jpg,n004794,n000148,asian,asian,males,females,,,0,0.31798515,25.436163,0.6820148
data\processed\bfw\asian\n009177\0248_02.jpg,data\processed\bfw\asian\n004721\0125_01.jpg,n009177,n004721,asian,asian,females,males,,,0,0.12690552,28.15021,0.8730945
data\processed\bfw\asian\n001682\0143_02.jpg,data\processed\bfw\asian\n001682\0172_02.jpg,n001682,n001682,asian,asian,males,males,,,1,0.6222041,20.337622,0.37779588
data\processed\bfw\asian\n004870\0007_01.jpg,data\processed\bfw\asian\n004870\0094_04.jpg,n004870,n004870,asian,asian,females,females,,,1,0.47407234,23.582897,0.52592766
data\processed\bfw\asian\n003027\0098_01.jpg,data\processed\bfw\asian\n007378\0019_01.jpg,n003027,n007378,asian,asian,males,females,,,0,0.039280076,29.56311,0.96071994
data\processed\bfw\asian\n004860\0018_02.jpg,data\processed\bfw\asian\n006222\0312_01.jpg,n004860,n006222,asian,asian,females,females,,,0,0.33235344,25.839165,0.6676465
data\processed\bfw\asian\n004680\0180_01.jpg,data\processed\bfw\asian\n001572\0326_01.jpg,n004680,n001572,asian,asian,females,females,,,0,0.34272218,26.690548,0.6572778
data\processed\bfw\asian\n007270\0197_01.jpg,data\processed\bfw\asian\n007270\0434_01.jpg,n007270,n007270,asian,asian,females,females,,,1,0.81382066,13.870359,0.18617934
data\processed\bfw\asian\n006418\0377_02.jpg,data\processed\bfw\asian\n003533\0050_01.jpg,n006418,n003533,asian,asian,females,males,,,0,-0.16575913,34.77156,1.1657591
data\processed\bfw\asian\n005063\0421_03.jpg,data\processed\bfw\asian\n005063\0577_01.jpg,n005063,n005063,asian,asian,females,females,,,1,0.70569116,16.032969,0.29430884
data\processed\bfw\asian\n008401\0397_01.jpg,data\processed\bfw\asian\n008401\0560_01.jpg,n008401,n008401,asian,asian,females,females,,,1,0.6967592,16.611534,0.30324078
data\processed\bfw\asian\n002644\0123_02.jpg,data\processed\bfw\asian\n002644\0208_01.jpg,n002644,n002644,asian,asian,males,males,,,1,0.7989633,13.024073,0.20103669
data\processed\bfw\asian\n007089\0162_01.jpg,data\processed\bfw\asian\n007089\0432_04.jpg,n007089,n007089,asian,asian,females,females,,,1,0.7331797,17.03579,0.2668203
data\processed\bfw\asian\n009279\0265_01.jpg,data\processed\bfw\asian\n003155\0135_01.jpg,n009279,n003155,asian,asian,females,males,,,0,0.13560776,30.057287,0.8643922
data\processed\bfw\asian\n003465\0116_01.jpg,data\processed\bfw\asian\n003465\0580_03.jpg,n003465,n003465,asian,asian,males,males,,,1,0.8427748,11.979272,0.15722519
data\processed\bfw\asian\n001562\0009_02.jpg,data\processed\bfw\asian\n001562\0137_01.jpg,n001562,n001562,asian,asian,males,males,,,1,0.8174575,14.203077,0.1825425
data\processed\bfw\asian\n003155\0362_03.jpg,data\processed\bfw\asian\n003155\0994_03.jpg,n003155,n003155,asian,asian,males,males,,,1,0.22498414,29.147713,0.77501583
data\processed\bfw\asian\n007378\0146_03.jpg,data\processed\bfw\asian\n007378\0289_01.jpg,n007378,n007378,asian,asian,females,females,,,1,0.56692475,21.551579,0.43307525
data\processed\bfw\asian\n003162\0191_01.jpg,data\processed\bfw\asian\n003162\0278_01.jpg,n003162,n003162,asian,asian,males,males,,,1,0.6776234,18.909697,0.3223766
data\processed\bfw\asian\n002320\0013_03.jpg,data\processed\bfw\asian\n002320\0137_02.jpg,n002320,n002320,asian,asian,males,males,,,1,0.63925695,19.638235,0.36074305
data\processed\bfw\asian\n004681\0133_01.jpg,data\processed\bfw\asian\n004681\0366_01.jpg,n004681,n004681,asian,asian,males,males,,,1,0.67002064,17.60948,0.32997936
data\processed\bfw\asian\n008934\0353_01.jpg,data\processed\bfw\asian\n006633\0489_03.jpg,n008934,n006633,asian,asian,females,females,,,0,0.24797004,29.00819,0.75202996
data\processed\bfw\asian\n003156\0666_01.jpg,data\processed\bfw\asian\n009137\0182_02.jpg,n003156,n009137,asian,asian,males,females,,,0,0.14744791,28.78424,0.85255206
data\processed\bfw\asian\n003463\0097_02.jpg,data\processed\bfw\asian\n007738\0219_02.jpg,n003463,n007738,asian,asian,males,females,,,0,0.34305567,27.497738,0.65694433
data\processed\bfw\asian\n001682\0142_01.jpg,data\processed\bfw\asian\n005216\0133_01.jpg,n001682,n005216,asian,asian,males,females,,,0,0.088461734,31.836256,0.91153824
data\processed\bfw\asian\n008401\0097_02.jpg,data\processed\bfw\asian\n008401\0297_01.jpg,n008401,n008401,asian,asian,females,females,,,1,0.66887766,17.89992,0.33112234
data\processed\bfw\asian\n005474\0183_02.jpg,data\processed\bfw\asian\n005474\0298_05.jpg,n005474,n005474,asian,asian,females,females,,,1,0.5817553,21.91535,0.41824472
data\processed\bfw\asian\n007385\0056_07.jpg,data\processed\bfw\asian\n008934\0630_01.jpg,n007385,n008934,asian,asian,females,females,,,0,0.36341363,26.513243,0.63658637
data\processed\bfw\asian\n009042\0059_01.jpg,data\processed\bfw\asian\n009042\0122_03.jpg,n009042,n009042,asian,asian,females,females,,,1,0.4038313,25.420902,0.5961687
data\processed\bfw\asian\n004809\0356_01.jpg,data\processed\bfw\asian\n005085\0666_02.jpg,n004809,n005085,asian,asian,males,females,,,0,0.06376707,30.03958,0.9362329
data\processed\bfw\asian\n004469\0083_02.jpg,data\processed\bfw\asian\n004469\0851_02.jpg,n004469,n004469,asian,asian,males,males,,,1,0.7374938,16.34054,0.2625062
data\processed\bfw\asian\n004809\0220_03.jpg,data\processed\bfw\asian\n009175\0090_01.jpg,n004809,n009175,asian,asian,males,females,,,0,0.23201588,29.20273,0.76798415
data\processed\bfw\asian\n005077\0063_01.jpg,data\processed\bfw\asian\n005077\0073_01.jpg,n005077,n005077,asian,asian,females,females,,,1,0.75759304,14.973661,0.24240696
data\processed\bfw\asian\n006619\0368_01.jpg,data\processed\bfw\asian\n006619\0417_01.jpg,n006619,n006619,asian,asian,females,females,,,1,0.6357861,18.9566,0.36421388
data\processed\bfw\asian\n003467\0055_01.jpg,data\processed\bfw\asian\n003467\0111_02.jpg,n003467,n003467,asian,asian,females,females,,,1,0.5795886,20.81941,0.4204114
data\processed\bfw\asian\n000132\0114_06__face_0.jpg,data\processed\bfw\asian\n004785\0493_01.jpg,n000132,n004785,asian,asian,males,females,,,0,0.25879785,27.357775,0.7412021
data\processed\bfw\asian\n000838\0129_01.jpg,data\processed\bfw\asian\n000838\0166_01.jpg,n000838,n000838,asian,asian,females,females,,,1,0.577745,20.177383,0.42225498
data\processed\bfw\asian\n000160\0127_01.jpg,data\processed\bfw\asian\n000160\0350_01.jpg,n000160,n000160,asian,asian,females,females,,,1,0.453945,23.429855,0.54605496
data\processed\bfw\asian\n007816\0375_01.jpg,data\processed\bfw\asian\n007385\0193_01.jpg,n007816,n007385,asian,asian,females,females,,,0,0.65886605,18.387815,0.34113395
data\processed\bfw\asian\n005077\0079_01.jpg,data\processed\bfw\asian\n008934\0039_01.jpg,n005077,n008934,asian,asian,females,females,,,0,0.60547864,18.58731,0.39452136
data\processed\bfw\asian\n000436\0161_02.jpg,data\processed\bfw\asian\n003824\0160_01.jpg,n000436,n003824,asian,asian,males,females,,,0,0.058865987,29.802608,0.94113404
data\processed\bfw\asian\n000854\0262_01.jpg,data\processed\bfw\asian\n004469\0168_01.jpg,n000854,n004469,asian,asian,females,males,,,0,-0.044173498,34.097336,1.0441735
data\processed\bfw\asian\n006358\0076_01.jpg,data\processed\bfw\asian\n000436\0035_01.jpg,n006358,n000436,asian,asian,females,males,,,0,0.060209494,31.24089,0.9397905
data\processed\bfw\asian\n006222\0177_02.jpg,data\processed\bfw\asian\n000009\0063_01.jpg,n006222,n000009,asian,asian,females,females,,,0,0.2221842,27.629637,0.7778158
data\processed\bfw\asian\n000854\0282_01.jpg,data\processed\bfw\asian\n000854\0461_01.jpg,n000854,n000854,asian,asian,females,females,,,1,0.69337916,18.446957,0.30662084
data\processed\bfw\asian\n003489\0051_03.jpg,data\processed\bfw\asian\n003506\0367_01.jpg,n003489,n003506,asian,asian,males,females,,,0,0.33701783,26.759241,0.66298217
data\processed\bfw\asian\n008978\0030_01.jpg,data\processed\bfw\asian\n008978\0101_01.jpg,n008978,n008978,asian,asian,females,females,,,1,0.81652784,13.914823,0.18347216
data\processed\bfw\asian\n004472\0146_01.jpg,data\processed\bfw\asian\n004936\0304_02.jpg,n004472,n004936,asian,asian,females,females,,,0,0.3601375,27.450441,0.63986254
data\processed\bfw\asian\n000436\0662_02.jpg,data\processed\bfw\asian\n000436\0675_01.jpg,n000436,n000436,asian,asian,males,males,,,1,0.7472091,14.727218,0.25279093
data\processed\bfw\asian\n000132\0238_02__face_0.jpg,data\processed\bfw\asian\n004935\0351_01.jpg,n000132,n004935,asian,asian,males,males,,,0,0.22570053,27.830828,0.7742995
data\processed\bfw\asian\n000856\0053_01.jpg,data\processed\bfw\asian\n000856\0075_01.jpg,n000856,n000856,asian,asian,females,females,,,1,0.746318,17.977242,0.25368202
data\processed\bfw\asian\n002725\0298_01.jpg,data\processed\bfw\asian\n002725\0329_03.jpg,n002725,n002725,asian,asian,females,females,,,1,0.60458547,21.495684,0.39541453
data\processed\bfw\asian\n007378\0479_01.jpg,data\processed\bfw\asian\n005446\0361_01.jpg,n007378,n005446,asian,asian,females,females,,,0,0.46510315,23.811975,0.53489685
data\processed\bfw\asian\n006223\0172_01.jpg,data\processed\bfw\asian\n008934\0128_01.jpg,n006223,n008934,asian,asian,females,females,,,0,0.15369414,29.500656,0.84630585
data\processed\bfw\asian\n004466\0102_01.jpg,data\processed\bfw\asian\n003358\0306_01.jpg,n004466,n003358,asian,asian,males,females,,,0,0.16530636,32.624672,0.8346937
data\processed\bfw\asian\n009294\0111_02.jpg,data\processed\bfw\asian\n006358\0055_02.jpg,n009294,n006358,asian,asian,females,females,,,0,0.32734847,27.51923,0.6726515
data\processed\bfw\asian\n003167\0562_01.jpg,data\processed\bfw\asian\n004687\0058_01.jpg,n003167,n004687,asian,asian,males,females,,,0,-0.066282436,31.743605,1.0662824
data\processed\bfw\asian\n003491\0011_01.jpg,data\processed\bfw\asian\n003491\0017_01.jpg,n003491,n003491,asian,asian,males,males,,,1,0.84294575,12.521308,0.15705425
data\processed\bfw\asian\n004809\0026_01.jpg,data\processed\bfw\asian\n004809\0208_01.jpg,n004809,n004809,asian,asian,males,males,,,1,0.5676293,20.755468,0.43237072
data\processed\bfw\asian\n009148\0033_01.jpg,data\processed\bfw\asian\n009148\0039_05.jpg,n009148,n009148,asian,asian,females,females,,,1,0.68847835,17.00708,0.31152165
data\processed\bfw\asian\n009137\0057_01.jpg,data\processed\bfw\asian\n009137\0160_01.jpg,n009137,n009137,asian,asian,females,females,,,1,0.81384784,13.489372,0.18615216
data\processed\bfw\asian\n002775\0133_01.jpg,data\processed\bfw\asian\n002775\0818_07.jpg,n002775,n002775,asian,asian,males,males,,,1,0.67785406,18.554335,0.32214594
data\processed\bfw\asian\n000854\0249_01.jpg,data\processed\bfw\asian\n000854\0275_01.jpg,n000854,n000854,asian,asian,females,females,,,1,0.565893,21.80838,0.434107
data\processed\bfw\asian\n002406\0113_01.jpg,data\processed\bfw\asian\n002406\0176_01.jpg,n002406,n002406,asian,asian,males,males,,,1,0.58307815,20.908493,0.41692185
data\processed\bfw\asian\n009276\0036_01.jpg,data\processed\bfw\asian\n009042\0020_01.jpg,n009276,n009042,asian,asian,females,females,,,0,0.16309655,29.036402,0.83690345
data\processed\bfw\asian\n003155\0029_01.jpg,data\processed\bfw\asian\n000148\0390_01.jpg,n003155,n000148,asian,asian,males,females,,,0,0.06003796,30.584318,0.939962
data\processed\bfw\asian\n007378\0113_01.jpg,data\processed\bfw\asian\n003358\0702_01.jpg,n007378,n003358,asian,asian,females,females,,,0,0.43477032,23.71263,0.56522965
data\processed\bfw\asian\n004948\0016_01.jpg,data\processed\bfw\asian\n004948\0057_01.jpg,n004948,n004948,asian,asian,males,males,,,1,0.76318854,16.99801,0.23681146
data\processed\bfw\asian\n004687\0199_03.jpg,data\processed\bfw\asian\n006344\0557_01.jpg,n004687,n006344,asian,asian,females,females,,,0,0.16544107,28.329918,0.83455896
data\processed\bfw\asian\n006203\0045_01.jpg,data\processed\bfw\asian\n006203\0724_01.jpg,n006203,n006203,asian,asian,females,females,,,1,0.88994646,10.793415,0.11005354
data\processed\bfw\asian\n006774\0268_01.jpg,data\processed\bfw\asian\n006774\0430_02.jpg,n006774,n006774,asian,asian,females,females,,,1,0.43214622,25.029251,0.5678538
data\processed\bfw\asian\n003449\0164_01.jpg,data\processed\bfw\asian\n003449\0418_01.jpg,n003449,n003449,asian,asian,females,females,,,1,0.44658175,23.353043,0.5534183
data\processed\bfw\asian\n002331\0317_02.jpg,data\processed\bfw\asian\n003481\0202_01.jpg,n002331,n003481,asian,asian,males,females,,,0,0.18988942,28.39811,0.81011057
data\processed\bfw\asian\n003481\0055_01.jpg,data\processed\bfw\asian\n002406\0148_01.jpg,n003481,n002406,asian,asian,females,males,,,0,0.24678461,27.187136,0.7532154
data\processed\bfw\asian\n000436\0035_01.jpg,data\processed\bfw\asian\n000436\0560_01.jpg,n000436,n000436,asian,asian,males,males,,,1,0.52784747,20.009516,0.47215253
data\processed\bfw\asian\n000872\0227_01.jpg,data\processed\bfw\asian\n007372\0238_01.jpg,n000872,n007372,asian,asian,males,females,,,0,0.16425785,30.02112,0.8357421
data\processed\bfw\asian\n009103\0220_01.jpg,data\processed\bfw\asian\n009103\0657_02.jpg,n009103,n009103,asian,asian,females,females,,,1,0.73694557,15.26261,0.26305443
data\processed\bfw\asian\n009137\0001_01.jpg,data\processed\bfw\asian\n009137\0163_02.jpg,n009137,n009137,asian,asian,females,females,,,1,0.5252308,21.176945,0.47476918
data\processed\bfw\asian\n003153\0251_01.jpg,data\processed\bfw\asian\n003153\0315_02.jpg,n003153,n003153,asian,asian,females,females,,,1,0.64114964,19.094599,0.35885036
data\processed\bfw\asian\n003167\0081_01.jpg,data\processed\bfw\asian\n003167\0183_01.jpg,n003167,n003167,asian,asian,males,males,,,1,0.6958295,16.631123,0.3041705
data\processed\bfw\asian\n003354\0058_01.jpg,data\processed\bfw\asian\n004681\0131_04.jpg,n003354,n004681,asian,asian,females,males,,,0,0.2028601,29.226301,0.7971399
data\processed\bfw\asian\n009125\0041_01.jpg,data\processed\bfw\asian\n009125\0186_02.jpg,n009125,n009125,asian,asian,females,females,,,1,0.753605,16.277151,0.24639499
data\processed\bfw\asian\n000138\0259_01.jpg,data\processed\bfw\asian\n000138\0493_01.jpg,n000138,n000138,asian,asian,females,females,,,1,0.6598051,18.743908,0.34019488
data\processed\bfw\asian\n004935\0238_01.jpg,data\processed\bfw\asian\n004930\0103_01.jpg,n004935,n004930,asian,asian,males,females,,,0,0.022507658,32.751087,0.97749233
data\processed\bfw\asian\n001864\0039_02.jpg,data\processed\bfw\asian\n001864\0283_01.jpg,n001864,n001864,asian,asian,males,males,,,1,0.8750981,10.985903,0.12490189
data\processed\bfw\asian\n005071\0114_03.jpg,data\processed\bfw\asian\n005071\0280_01.jpg,n005071,n005071,asian,asian,males,males,,,1,0.68474203,20.011665,0.31525797
data\processed\bfw\asian\n009294\0018_02.jpg,data\processed\bfw\asian\n009294\0222_01.jpg,n009294,n009294,asian,asian,females,females,,,1,0.6725285,18.313143,0.3274715
data\processed\bfw\asian\n005077\0073_01.jpg,data\processed\bfw\asian\n003288\0495_01.jpg,n005077,n003288,asian,asian,females,females,,,0,0.37962878,24.133017,0.6203712
data\processed\bfw\asian\n009276\0317_01.jpg,data\processed\bfw\asian\n009276\0374_01.jpg,n009276,n009276,asian,asian,females,females,,,1,0.46663067,23.903957,0.5333693
data\processed\bfw\asian\n005085\0224_01.jpg,data\processed\bfw\asian\n005085\0679_01.jpg,n005085,n005085,asian,asian,females,females,,,1,0.45289022,24.913923,0.5471098
data\processed\bfw\asian\n008401\0053_01.jpg,data\processed\bfw\asian\n005069\0417_01.jpg,n008401,n005069,asian,asian,females,females,,,0,0.4359364,23.422834,0.5640636
data\processed\bfw\asian\n009175\0043_01.jpg,data\processed\bfw\asian\n009175\0070_01.jpg,n009175,n009175,asian,asian,females,females,,,1,0.6627337,18.050356,0.33726633
data\processed\bfw\asian\n006203\0085_03.jpg,data\processed\bfw\asian\n006203\0148_04.jpg,n006203,n006203,asian,asian,females,females,,,1,0.7809367,15.064473,0.21906328
data\processed\bfw\asian\n005085\0061_01.jpg,data\processed\bfw\asian\n003358\0080_01.jpg,n005085,n003358,asian,asian,females,females,,,0,0.46019784,24.744078,0.5398022
data\processed\bfw\asian\n000854\0060_01.jpg,data\processed\bfw\asian\n006633\0165_01.jpg,n000854,n006633,asian,asian,females,females,,,0,0.48224586,24.021683,0.51775414
data\processed\bfw\asian\n008934\0645_01.jpg,data\processed\bfw\asian\n004805\0357_01.jpg,n008934,n004805,asian,asian,females,males,,,0,0.0055848956,31.008055,0.9944151
data\processed\bfw\asian\n000132\0234_01__face_0.jpg,data\processed\bfw\asian\n000132\0332_01__face_0.jpg,n000132,n000132,asian,asian,males,males,,,1,0.64946854,19.68742,0.35053146
data\processed\bfw\asian\n004221\0187_01.jpg,data\processed\bfw\asian\n006774\0156_01.jpg,n004221,n006774,asian,asian,males,females,,,0,-0.09306754,33.71217,1.0930675
data\processed\bfw\asian\n002552\0375_01.jpg,data\processed\bfw\asian\n002552\0532_01.jpg,n002552,n002552,asian,asian,males,males,,,1,0.36915833,25.888594,0.6308417
data\processed\bfw\asian\n004221\0226_06.jpg,data\processed\bfw\asian\n003027\0230_01.jpg,n004221,n003027,asian,asian,males,males,,,0,0.40907997,26.602262,0.59092003
data\processed\bfw\asian\n003824\0270_01.jpg,data\processed\bfw\asian\n002331\0243_01.jpg,n003824,n002331,asian,asian,females,males,,,0,0.16610909,30.917646,0.8338909
data\processed\bfw\asian\n005071\0055_02.jpg,data\processed\bfw\asian\n005071\0114_03.jpg,n005071,n005071,asian,asian,males,males,,,1,0.8797546,11.551008,0.1202454
data\processed\bfw\asian\n000139\0298_01.jpg,data\processed\bfw\asian\n008383\0090_01.jpg,n000139,n008383,asian,asian,females,females,,,0,0.2756678,28.086485,0.7243322
data\processed\bfw\asian\n005072\0001_03.jpg,data\processed\bfw\asian\n005072\0350_01.jpg,n005072,n005072,asian,asian,males,males,,,1,0.5565286,21.819323,0.44347137
data\processed\bfw\asian\n007816\0329_01.jpg,data\processed\bfw\asian\n007816\0832_01.jpg,n007816,n007816,asian,asian,females,females,,,1,0.6057088,19.158283,0.39429122
data\processed\bfw\asian\n009275\0162_01.jpg,data\processed\bfw\asian\n009275\0299_01.jpg,n009275,n009275,asian,asian,females,females,,,1,0.90379184,9.8188305,0.096208155
data\processed\bfw\asian\n006634\0032_01.jpg,data\processed\bfw\asian\n006634\0434_01.jpg,n006634,n006634,asian,asian,females,females,,,1,0.32489085,24.361893,0.67510915
data\processed\bfw\asian\n000160\0285_03.jpg,data\processed\bfw\asian\n003465\0461_03.jpg,n000160,n003465,asian,asian,females,males,,,0,0.17365707,29.231333,0.82634294
data\processed\bfw\asian\n000872\0026_03.jpg,data\processed\bfw\asian\n000872\0085_01.jpg,n000872,n000872,asian,asian,males,males,,,1,0.6666188,19.08303,0.33338118
data\processed\bfw\asian\n009177\0626_01.jpg,data\processed\bfw\asian\n004930\0044_01.jpg,n009177,n004930,asian,asian,females,females,,,0,0.39963403,25.862593,0.600366
data\processed\bfw\asian\n000158\0161_01.jpg,data\processed\bfw\asian\n000158\0658_01.jpg,n000158,n000158,asian,asian,males,males,,,1,0.902025,9.684701,0.097975016
data\processed\bfw\asian\n003463\0179_02.jpg,data\processed\bfw\asian\n003463\0485_01.jpg,n003463,n003463,asian,asian,males,males,,,1,0.7303492,16.40429,0.26965082
data\processed\bfw\asian\n009103\0217_02.jpg,data\processed\bfw\asian\n009103\0265_03.jpg,n009103,n009103,asian,asian,females,females,,,1,0.8213061,13.208331,0.17869389
data\processed\bfw\asian\n002509\0013_01.jpg,data\processed\bfw\asian\n002509\0432_01.jpg,n002509,n002509,asian,asian,females,females,,,1,0.36027646,24.554379,0.63972354
data\processed\bfw\asian\n004787\0657_03.jpg,data\processed\bfw\asian\n004787\0679_05.jpg,n004787,n004787,asian,asian,females,females,,,1,0.7446769,15.959719,0.2553231
data\processed\bfw\asian\n002509\0023_01.jpg,data\processed\bfw\asian\n002509\0046_01.jpg,n002509,n002509,asian,asian,females,females,,,1,0.725663,16.355362,0.274337
data\processed\bfw\asian\n005446\0265_01.jpg,data\processed\bfw\asian\n005446\0473_01.jpg,n005446,n005446,asian,asian,females,females,,,1,0.693444,17.533413,0.306556
data\processed\bfw\asian\n004472\0258_01.jpg,data\processed\bfw\asian\n004472\0391_02.jpg,n004472,n004472,asian,asian,females,females,,,1,0.5402921,21.240246,0.45970792
data\processed\bfw\asian\n004785\0169_01.jpg,data\processed\bfw\asian\n006159\0183_01.jpg,n004785,n006159,asian,asian,females,females,,,0,0.32791764,27.43254,0.67208236
data\processed\bfw\asian\n003506\0136_01.jpg,data\processed\bfw\asian\n003506\0162_01.jpg,n003506,n003506,asian,asian,females,females,,,1,0.7596437,15.334308,0.24035633
data\processed\bfw\asian\n009278\0093_01.jpg,data\processed\bfw\asian\n009103\0657_02.jpg,n009278,n009103,asian,asian,females,females,,,0,0.23422635,26.911644,0.76577365
data\processed\bfw\asian\n009276\0079_01.jpg,data\processed\bfw\asian\n009276\0172_02.jpg,n009276,n009276,asian,asian,females,females,,,1,0.48692802,22.249159,0.513072
data\processed\bfw\asian\n005072\0258_01.jpg,data\processed\bfw\asian\n005072\0350_01.jpg,n005072,n005072,asian,asian,males,males,,,1,0.36706507,26.100813,0.6329349
data\processed\bfw\asian\n003288\0093_01.jpg,data\processed\bfw\asian\n003288\0579_02.jpg,n003288,n003288,asian,asian,females,females,,,1,0.5796235,20.439882,0.42037648
data\processed\bfw\asian\n009041\0553_01.jpg,data\processed\bfw\asian\n001562\0092_02.jpg,n009041,n001562,asian,asian,females,males,,,0,-0.24545845,36.2079,1.2454585
data\processed\bfw\asian\n000837\0085_01.jpg,data\processed\bfw\asian\n003533\0172_01.jpg,n000837,n003533,asian,asian,females,males,,,0,0.17677641,31.538786,0.8232236
data\processed\bfw\asian\n007899\0077_01.jpg,data\processed\bfw\asian\n000148\0390_01.jpg,n007899,n000148,asian,asian,females,females,,,0,0.25876763,26.749552,0.7412324
data\processed\bfw\asian\n006344\0314_01.jpg,data\processed\bfw\asian\n008401\0399_01.jpg,n006344,n008401,asian,asian,females,females,,,0,0.28814185,26.245842,0.71185815
data\processed\bfw\asian\n001682\0074_01.jpg,data\processed\bfw\asian\n000009\0081_01.jpg,n001682,n000009,asian,asian,males,females,,,0,0.001286488,31.602146,0.9987135
data\processed\bfw\asian\n003155\0309_02.jpg,data\processed\bfw\asian\n000139\0016_01.jpg,n003155,n000139,asian,asian,males,females,,,0,0.2380821,29.391287,0.7619179
data\processed\bfw\asian\n000160\0075_01.jpg,data\processed\bfw\asian\n003162\0508_01.jpg,n000160,n003162,asian,asian,females,males,,,0,-0.1569455,33.925034,1.1569455
data\processed\bfw\asian\n005063\0373_01.jpg,data\processed\bfw\asian\n002331\0153_01.jpg,n005063,n002331,asian,asian,females,males,,,0,0.42772186,24.36984,0.57227814
data\processed\bfw\asian\n003155\0025_02.jpg,data\processed\bfw\asian\n003155\0241_01.jpg,n003155,n003155,asian,asian,males,males,,,1,0.4390119,25.034283,0.56098807
data\processed\bfw\asian\n004794\0135_01.jpg,data\processed\bfw\asian\n004794\0241_01.jpg,n004794,n004794,asian,asian,males,males,,,1,0.6714026,18.446947,0.32859743
data\processed\bfw\asian\n004786\0088_03.jpg,data\processed\bfw\asian\n004786\0856_02.jpg,n004786,n004786,asian,asian,females,females,,,1,0.65137327,17.734356,0.34862673
data\processed\bfw\asian\n003463\0485_01.jpg,data\processed\bfw\asian\n005378\0255_01.jpg,n003463,n005378,asian,asian,males,females,,,0,0.2778752,26.226767,0.7221248
data\processed\bfw\asian\n004809\0229_01.jpg,data\processed\bfw\asian\n005474\0062_01.jpg,n004809,n005474,asian,asian,males,females,,,0,0.19840327,27.422598,0.80159676
data\processed\bfw\asian\n003824\0019_01.jpg,data\processed\bfw\asian\n000840\0624_03.jpg,n003824,n000840,asian,asian,females,females,,,0,0.17584762,29.52446,0.82415235
data\processed\bfw\asian\n003533\0052_01.jpg,data\processed\bfw\asian\n003533\0101_02.jpg,n003533,n003533,asian,asian,males,males,,,1,0.31842524,25.974691,0.68157476
data\processed\bfw\asian\n001864\0028_01.jpg,data\processed\bfw\asian\n001864\0171_01.jpg,n001864,n001864,asian,asian,males,males,,,1,0.74069643,16.70107,0.25930357
data\processed\bfw\asian\n003288\0495_01.jpg,data\processed\bfw\asian\n004805\0591_01.jpg,n003288,n004805,asian,asian,females,males,,,0,0.35380548,24.411968,0.6461945
data\processed\bfw\asian\n002775\0812_02.jpg,data\processed\bfw\asian\n005116\0083_01.jpg,n002775,n005116,asian,asian,males,males,,,0,0.4106819,25.804203,0.5893181
data\processed\bfw\asian\n008978\0138_01.jpg,data\processed\bfw\asian\n004935\0716_01.jpg,n008978,n004935,asian,asian,females,males,,,0,0.22090346,27.867292,0.77909654
data\processed\bfw\asian\n004549\0022_01.jpg,data\processed\bfw\asian\n008383\0099_01.jpg,n004549,n008383,asian,asian,females,females,,,0,0.30727875,25.194029,0.69272125
data\processed\bfw\asian\n009041\0118_01.jpg,data\processed\bfw\asian\n009041\0560_01.jpg,n009041,n009041,asian,asian,females,females,,,1,0.5443923,22.702044,0.4556077
data\processed\bfw\asian\n000838\0247_01.jpg,data\processed\bfw\asian\n000838\0249_01.jpg,n000838,n000838,asian,asian,females,females,,,1,0.5763457,20.58106,0.42365432
data\processed\bfw\asian\n006619\0328_01.jpg,data\processed\bfw\asian\n006619\0333_01.jpg,n006619,n006619,asian,asian,females,females,,,1,0.52984697,23.516611,0.47015303
data\processed\bfw\asian\n003167\0274_01.jpg,data\processed\bfw\asian\n003167\0562_01.jpg,n003167,n003167,asian,asian,males,males,,,1,0.73122805,16.497704,0.26877195
data\processed\bfw\asian\n006418\0235_01.jpg,data\processed\bfw\asian\n005077\0246_01.jpg,n006418,n005077,asian,asian,females,females,,,0,0.42037913,24.083773,0.57962084
data\processed\bfw\asian\n002775\0044_01.jpg,data\processed\bfw\asian\n002775\0066_04.jpg,n002775,n002775,asian,asian,males,males,,,1,0.6915576,18.42771,0.3084424
data\processed\bfw\asian\n006774\0029_04.jpg,data\processed\bfw\asian\n006774\0070_01.jpg,n006774,n006774,asian,asian,females,females,,,1,0.61342144,19.833704,0.38657856
data\processed\bfw\asian\n000161\0001_01.jpg,data\processed\bfw\asian\n009276\0106_05.jpg,n000161,n009276,asian,asian,males,females,,,0,0.15761806,30.773996,0.84238195
data\processed\bfw\asian\n003153\0315_02.jpg,data\processed\bfw\asian\n003153\0633_01.jpg,n003153,n003153,asian,asian,females,females,,,1,0.5631251,20.575998,0.43687493
data\processed\bfw\asian\n007899\0002_01.jpg,data\processed\bfw\asian\n004687\0191_01.jpg,n007899,n004687,asian,asian,females,females,,,0,0.23134166,28.17772,0.76865834
data\processed\bfw\asian\n006633\0262_02.jpg,data\processed\bfw\asian\n006633\0267_02.jpg,n006633,n006633,asian,asian,females,females,,,1,0.2994834,26.430693,0.7005166
data\processed\bfw\asian\n009278\0137_01.jpg,data\processed\bfw\asian\n006736\0058_01.jpg,n009278,n006736,asian,asian,females,females,,,0,0.4424858,24.169138,0.5575142
data\processed\bfw\asian\n007814\0337_01.jpg,data\processed\bfw\asian\n000135\0082_02.jpg,n007814,n000135,asian,asian,females,females,,,0,0.12729093,30.04612,0.87270904
data\processed\bfw\asian\n003463\0110_01.jpg,data\processed\bfw\asian\n003463\0223_02.jpg,n003463,n003463,asian,asian,males,males,,,1,0.7372182,17.069345,0.2627818
data\processed\bfw\asian\n003557\0206_01.jpg,data\processed\bfw\asian\n003557\0217_01.jpg,n003557,n003557,asian,asian,females,females,,,1,0.66022354,19.725964,0.33977646
data\processed\bfw\asian\n005216\0236_01.jpg,data\processed\bfw\asian\n004948\0341_01.jpg,n005216,n004948,asian,asian,females,males,,,0,0.40956137,25.203089,0.5904386
data\processed\bfw\asian\n002725\0007_03.jpg,data\processed\bfw\asian\n003358\0055_01.jpg,n002725,n003358,asian,asian,females,females,,,0,0.3210315,26.725254,0.6789685
data\processed\bfw\asian\n006222\0001_01.jpg,data\processed\bfw\asian\n003288\0118_01.jpg,n006222,n003288,asian,asian,females,females,,,0,0.3835504,23.949469,0.6164496
data\processed\bfw\asian\n004877\0004_01.jpg,data\processed\bfw\asian\n004877\0084_01.jpg,n004877,n004877,asian,asian,females,females,,,1,0.67327106,18.592812,0.32672894
data\processed\bfw\asian\n004877\0014_03.jpg,data\processed\bfw\asian\n004877\0441_01.jpg,n004877,n004877,asian,asian,females,females,,,1,0.52588886,21.725462,0.47411114
data\processed\bfw\asian\n005216\0212_02.jpg,data\processed\bfw\asian\n003481\0794_01.jpg,n005216,n003481,asian,asian,females,females,,,0,0.28660378,28.724323,0.7133962
data\processed\bfw\asian\n005216\0020_01.jpg,data\processed\bfw\asian\n005216\0059_01.jpg,n005216,n005216,asian,asian,females,females,,,1,0.6029369,20.011496,0.39706308
data\processed\bfw\asian\n008978\0064_01.jpg,data\processed\bfw\asian\n008978\0100_01.jpg,n008978,n008978,asian,asian,females,females,,,1,0.85073113,12.227492,0.14926887
data\processed\bfw\asian\n002406\0148_01.jpg,data\processed\bfw\asian\n000138\0066_09.jpg,n002406,n000138,asian,asian,males,females,,,0,0.41058946,25.21918,0.58941054
data\processed\bfw\asian\n005116\0086_01.jpg,data\processed\bfw\asian\n005116\0191_01.jpg,n005116,n005116,asian,asian,males,males,,,1,0.8563405,12.954453,0.14365947
data\processed\bfw\asian\n003449\0063_01.jpg,data\processed\bfw\asian\n006633\0299_01.jpg,n003449,n006633,asian,asian,females,females,,,0,0.15498184,30.343094,0.84501815
data\processed\bfw\asian\n000838\0447_02.jpg,data\processed\bfw\asian\n007372\0148_01.jpg,n000838,n007372,asian,asian,females,females,,,0,0.23039769,26.368084,0.7696023
data\processed\bfw\asian\n003465\0169_01.jpg,data\processed\bfw\asian\n003465\0333_02.jpg,n003465,n003465,asian,asian,males,males,,,1,0.7484489,15.758142,0.2515511
data\processed\bfw\asian\n003465\0161_02.jpg,data\processed\bfw\asian\n003027\0028_01.jpg,n003465,n003027,asian,asian,males,males,,,0,0.20171356,27.015831,0.79828644
data\processed\bfw\asian\n001562\0175_01.jpg,data\processed\bfw\asian\n004466\0003_01.jpg,n001562,n004466,asian,asian,males,males,,,0,0.20584422,30.605106,0.7941558
data\processed\bfw\asian\n000837\0032_02.jpg,data\processed\bfw\asian\n006358\0115_01.jpg,n000837,n006358,asian,asian,females,females,,,0,0.26686755,28.87746,0.7331325
data\processed\bfw\asian\n006126\0012_01.jpg,data\processed\bfw\asian\n003467\0112_01.jpg,n006126,n003467,asian,asian,females,females,,,0,0.22984062,27.566782,0.77015936
data\processed\bfw\asian\n004785\0082_01.jpg,data\processed\bfw\asian\n002725\0102_01.jpg,n004785,n002725,asian,asian,females,females,,,0,0.17096426,29.866732,0.82903576
data\processed\bfw\asian\n001864\0056_01.jpg,data\processed\bfw\asian\n001864\0092_01.jpg,n001864,n001864,asian,asian,males,males,,,1,0.8332098,13.405245,0.16679019
data\processed\bfw\asian\n004786\0173_01.jpg,data\processed\bfw\asian\n000160\0435_02.jpg,n004786,n000160,asian,asian,females,females,,,0,0.18465132,28.859426,0.8153487
data\processed\bfw\asian\n006126\0207_01.jpg,data\processed\bfw\asian\n003481\0202_01.jpg,n006126,n003481,asian,asian,females,females,,,0,0.30888668,27.141056,0.69111335
data\processed\bfw\asian\n002406\0093_01.jpg,data\processed\bfw\asian\n009041\0056_01.jpg,n002406,n009041,asian,asian,males,females,,,0,0.014098232,32.67117,0.9859018
data\processed\bfw\asian\n009287\0034_01.jpg,data\processed\bfw\asian\n003223\0698_01.jpg,n009287,n003223,asian,asian,females,males,,,0,0.35250857,26.206604,0.64749146
data\processed\bfw\asian\n003449\0129_01.jpg,data\processed\bfw\asian\n001864\0039_02.jpg,n003449,n001864,asian,asian,females,males,,,0,0.17723837,28.895882,0.82276165
data\processed\bfw\asian\n005071\0630_01.jpg,data\processed\bfw\asian\n000009\0017_01.jpg,n005071,n000009,asian,asian,males,females,,,0,-0.1978261,36.825897,1.1978261
data\processed\bfw\asian\n006619\0087_01.jpg,data\processed\bfw\asian\n000160\0462_01.jpg,n006619,n000160,asian,asian,females,females,,,0,0.45208865,25.684462,0.54791135
data\processed\bfw\asian\n004680\0180_01.jpg,data\processed\bfw\asian\n000148\0390_01.jpg,n004680,n000148,asian,asian,females,females,,,0,0.21042734,28.40912,0.78957266
data\processed\bfw\asian\n000135\0031_01.jpg,data\processed\bfw\asian\n000135\0035_01.jpg,n000135,n000135,asian,asian,females,females,,,1,0.84119195,12.807178,0.15880805
data\processed\bfw\asian\n003288\0628_01.jpg,data\processed\bfw\asian\n007378\0031_01.jpg,n003288,n007378,asian,asian,females,females,,,0,0.5132968,22.550175,0.48670322
data\processed\bfw\asian\n002725\0295_01.jpg,data\processed\bfw\asian\n002725\0486_03.jpg,n002725,n002725,asian,asian,females,females,,,1,0.66680825,19.654322,0.33319175
data\processed\bfw\asian\n006125\0041_01.jpg,data\processed\bfw\asian\n005216\0041_01.jpg,n006125,n005216,asian,asian,females,females,,,0,0.47383767,22.890808,0.5261623
data\processed\bfw\asian\n003449\0164_01.jpg,data\processed\bfw\asian\n003449\0183_01.jpg,n003449,n003449,asian,asian,females,females,,,1,0.5099274,22.314844,0.4900726
data\processed\bfw\asian\n000139\0112_02.jpg,data\processed\bfw\asian\n000139\0300_03.jpg,n000139,n000139,asian,asian,females,females,,,1,0.76945394,15.775733,0.23054606
data\processed\bfw\asian\n009276\0101_02.jpg,data\processed\bfw\asian\n007380\0525_01.jpg,n009276,n007380,asian,asian,females,females,,,0,0.40617672,25.408863,0.5938233
data\processed\bfw\asian\n005085\0285_01.jpg,data\processed\bfw\asian\n004877\0014_03.jpg,n005085,n004877,asian,asian,females,females,,,0,0.56862336,21.490984,0.43137664
data\processed\bfw\asian\n004467\0504_01.jpg,data\processed\bfw\asian\n000839\0233_01.jpg,n004467,n000839,asian,asian,males,females,,,0,0.067533396,31.68826,0.9324666
data\processed\bfw\asian\n002775\0843_02.jpg,data\processed\bfw\asian\n000160\0075_01.jpg,n002775,n000160,asian,asian,males,females,,,0,0.2850974,27.247694,0.71490264
data\processed\bfw\asian\n003162\0379_02.jpg,data\processed\bfw\asian\n004687\0295_01.jpg,n003162,n004687,asian,asian,males,females,,,0,-0.18666777,33.789528,1.1866678
data\processed\bfw\asian\n000856\0070_01.jpg,data\processed\bfw\asian\n000856\0104_01.jpg,n000856,n000856,asian,asian,females,females,,,1,0.69190836,19.81484,0.30809164
data\processed\bfw\asian\n001976\0082_01.jpg,data\processed\bfw\asian\n003167\0028_02.jpg,n001976,n003167,asian,asian,males,males,,,0,0.34619522,26.693344,0.6538048
data\processed\bfw\asian\n005085\0243_03.jpg,data\processed\bfw\asian\n000838\0447_02.jpg,n005085,n000838,asian,asian,females,females,,,0,-0.024478367,31.065065,1.0244783
data\processed\bfw\asian\n009278\0180_01.jpg,data\processed\bfw\asian\n004805\0083_01.jpg,n009278,n004805,asian,asian,females,males,,,0,0.27320662,26.948214,0.7267934
data\processed\bfw\asian\n004935\0501_03.jpg,data\processed\bfw\asian\n004935\0688_01.jpg,n004935,n004935,asian,asian,males,males,,,1,0.2796872,25.17879,0.72031283
data\processed\bfw\asian\n009125\0172_01.jpg,data\processed\bfw\asian\n009125\0193_01.jpg,n009125,n009125,asian,asian,females,females,,,1,0.85571575,12.026607,0.14428425
data\processed\bfw\asian\n007378\0071_01.jpg,data\processed\bfw\asian\n007378\0113_01.jpg,n007378,n007378,asian,asian,females,females,,,1,0.5807948,20.435287,0.4192052
data\processed\bfw\asian\n004864\0242_01.jpg,data\processed\bfw\asian\n007738\0336_02.jpg,n004864,n007738,asian,asian,females,females,,,0,0.2780987,27.307247,0.7219013
data\processed\bfw\asian\n000837\0233_03.jpg,data\processed\bfw\asian\n007378\0214_01.jpg,n000837,n007378,asian,asian,females,females,,,0,0.26847866,26.176722,0.73152137
data\processed\bfw\asian\n005085\0069_01.jpg,data\processed\bfw\asian\n005085\0086_03.jpg,n005085,n005085,asian,asian,females,females,,,1,0.7440203,16.019487,0.25597972
data\processed\bfw\asian\n002406\0208_07.jpg,data\processed\bfw\asian\n003358\0365_01.jpg,n002406,n003358,asian,asian,males,females,,,0,0.14703247,30.071054,0.8529675
data\processed\bfw\asian\n009278\0026_01.jpg,data\processed\bfw\asian\n009278\0049_02.jpg,n009278,n009278,asian,asian,females,females,,,1,0.6898587,17.722078,0.31014132
data\processed\bfw\asian\n005446\0037_01.jpg,data\processed\bfw\asian\n005446\0412_01.jpg,n005446,n005446,asian,asian,females,females,,,1,0.2495915,26.068348,0.75040853
data\processed\bfw\asian\n005446\0141_01.jpg,data\processed\bfw\asian\n003449\0197_01.jpg,n005446,n003449,asian,asian,females,females,,,0,0.3767867,24.49196,0.6232133
data\processed\bfw\asian\n001682\0251_02.jpg,data\processed\bfw\asian\n005069\0110_02.jpg,n001682,n005069,asian,asian,males,females,,,0,0.099711455,29.811865,0.9002885
data\processed\bfw\asian\n004870\0063_01.jpg,data\processed\bfw\asian\n004864\0229_01.jpg,n004870,n004864,asian,asian,females,females,,,0,0.23219939,29.621628,0.7678006
data\processed\bfw\asian\n004467\0047_01.jpg,data\processed\bfw\asian\n003162\0459_01.jpg,n004467,n003162,asian,asian,males,males,,,0,0.10291454,30.901342,0.8970854
data\processed\bfw\asian\n006224\0096_01.jpg,data\processed\bfw\asian\n008401\0137_01.jpg,n006224,n008401,asian,asian,females,females,,,0,0.45352137,24.141796,0.5464786
data\processed\bfw\asian\n005378\0176_01.jpg,data\processed\bfw\asian\n005378\0370_01.jpg,n005378,n005378,asian,asian,females,females,,,1,0.7682341,15.35226,0.23176593
data\processed\bfw\asian\n000436\0123_01.jpg,data\processed\bfw\asian\n000436\0662_02.jpg,n000436,n000436,asian,asian,males,males,,,1,0.24850708,25.309027,0.7514929
data\processed\bfw\asian\n001562\0165_02.jpg,data\processed\bfw\asian\n008163\0223_01.jpg,n001562,n008163,asian,asian,males,females,,,0,-0.010512206,30.03319,1.0105122
data\processed\bfw\asian\n001562\0065_01.jpg,data\processed\bfw\asian\n003489\0220_01.jpg,n001562,n003489,asian,asian,males,males,,,0,0.1560736,30.237211,0.8439264
data\processed\bfw\asian\n009177\0363_01.jpg,data\processed\bfw\asian\n009177\0606_02.jpg,n009177,n009177,asian,asian,females,females,,,1,0.4830277,23.176815,0.5169723
data\processed\bfw\asian\n001562\0359_01.jpg,data\processed\bfw\asian\n000132\0693_01__face_0.jpg,n001562,n000132,asian,asian,males,males,,,0,0.4140001,25.526684,0.5859999
data\processed\bfw\asian\n006125\0059_01.jpg,data\processed\bfw\asian\n003162\0246_01.jpg,n006125,n003162,asian,asian,females,males,,,0,-0.0054196683,34.023575,1.0054196
data\processed\bfw\asian\n000009\0010_01.jpg,data\processed\bfw\asian\n000009\0354_03.jpg,n000009,n000009,asian,asian,females,females,,,1,0.1714886,27.447208,0.8285114
data\processed\bfw\asian\n003162\0024_01.jpg,data\processed\bfw\asian\n003162\0330_01.jpg,n003162,n003162,asian,asian,males,males,,,1,0.8659608,13.187863,0.13403922
data\processed\bfw\asian\n000143\0272_01.jpg,data\processed\bfw\asian\n003167\0533_01.jpg,n000143,n003167,asian,asian,females,males,,,0,0.21386084,28.191635,0.78613913
data\processed\bfw\asian\n000873\0051_01.jpg,data\processed\bfw\asian\n000873\0052_01.jpg,n000873,n000873,asian,asian,males,males,,,1,0.7701024,15.204825,0.22989762
data\processed\bfw\asian\n000138\0067_01.jpg,data\processed\bfw\asian\n000148\0229_01.jpg,n000138,n000148,asian,asian,females,females,,,0,0.41972405,24.329443,0.58027595
data\processed\bfw\asian\n001572\0092_01.jpg,data\processed\bfw\asian\n001572\0329_01.jpg,n001572,n001572,asian,asian,females,females,,,1,0.76536417,16.02825,0.23463583
data\processed\bfw\asian\n005078\0202_01.jpg,data\processed\bfw\asian\n005078\0295_03.jpg,n005078,n005078,asian,asian,males,males,,,1,0.49051633,21.432455,0.5094837
data\processed\bfw\asian\n002644\0298_01.jpg,data\processed\bfw\asian\n002644\0997_01.jpg,n002644,n002644,asian,asian,males,males,,,1,0.7754973,14.9140415,0.22450268
data\processed\bfw\asian\n001496\0047_02.jpg,data\processed\bfw\asian\n001496\0076_01.jpg,n001496,n001496,asian,asian,males,males,,,1,0.6979389,18.205708,0.30206108
data\processed\bfw\asian\n003153\0397_02.jpg,data\processed\bfw\asian\n003153\0624_01.jpg,n003153,n003153,asian,asian,females,females,,,1,0.48109826,23.621376,0.5189017
data\processed\bfw\asian\n004864\0242_01.jpg,data\processed\bfw\asian\n003506\0371_01.jpg,n004864,n003506,asian,asian,females,females,,,0,0.26527712,27.846668,0.73472285
data\processed\bfw\asian\n009177\0011_01.jpg,data\processed\bfw\asian\n009177\0363_01.jpg,n009177,n009177,asian,asian,females,females,,,1,0.43553188,23.691664,0.56446815
data\processed\bfw\asian\n000872\0101_01.jpg,data\processed\bfw\asian\n000872\0306_01.jpg,n000872,n000872,asian,asian,males,males,,,1,0.5242866,23.019032,0.47571337
data\processed\bfw\asian\n003156\0084_01.jpg,data\processed\bfw\asian\n003156\0110_01.jpg,n003156,n003156,asian,asian,males,males,,,1,0.7204642,18.700733,0.27953577
data\processed\bfw\asian\n004870\0098_01.jpg,data\processed\bfw\asian\n009175\0070_01.jpg,n004870,n009175,asian,asian,females,females,,,0,0.34548062,25.215475,0.6545194
data\processed\bfw\asian\n007738\0059_01.jpg,data\processed\bfw\asian\n001562\0081_01.jpg,n007738,n001562,asian,asian,females,males,,,0,0.13535899,30.847418,0.864641
data\processed\bfw\asian\n000856\0012_01.jpg,data\processed\bfw\asian\n007899\0082_01.jpg,n000856,n007899,asian,asian,females,females,,,0,0.1896908,29.679968,0.8103092
data\processed\bfw\asian\n000132\0707_01__face_0.jpg,data\processed\bfw\asian\n002552\0481_01.jpg,n000132,n002552,asian,asian,males,males,,,0,0.12821378,30.605825,0.87178624
data\processed\bfw\asian\n003467\0176_02.jpg,data\processed\bfw\asian\n003467\0400_03.jpg,n003467,n003467,asian,asian,females,females,,,1,0.69781125,18.754152,0.30218875
data\processed\bfw\asian\n006774\0062_01.jpg,data\processed\bfw\asian\n004791\0377_01.jpg,n006774,n004791,asian,asian,females,males,,,0,0.31003895,27.218384,0.6899611
data\processed\bfw\asian\n002552\0142_01.jpg,data\processed\bfw\asian\n009148\0168_01.jpg,n002552,n009148,asian,asian,males,females,,,0,0.22258945,28.111145,0.77741057
data\processed\bfw\asian\n003223\0034_05.jpg,data\processed\bfw\asian\n003223\0360_01.jpg,n003223,n003223,asian,asian,males,males,,,1,0.64671147,19.340431,0.35328853
data\processed\bfw\asian\n003557\0165_01.jpg,data\processed\bfw\asian\n000158\0211_05.jpg,n003557,n000158,asian,asian,females,males,,,0,-0.05911759,32.79014,1.0591176
data\processed\bfw\asian\n004725\0302_01.jpg,data\processed\bfw\asian\n007089\0033_01.jpg,n004725,n007089,asian,asian,males,females,,,0,0.19813442,28.471937,0.8018656
data\processed\bfw\asian\n007899\0071_01.jpg,data\processed\bfw\asian\n007899\0250_01.jpg,n007899,n007899,asian,asian,females,females,,,1,0.72586185,15.847639,0.27413815
data\processed\bfw\asian\n003467\0033_01.jpg,data\processed\bfw\asian\n003467\0176_02.jpg,n003467,n003467,asian,asian,females,females,,,1,0.73666716,16.830297,0.26333284
data\processed\bfw\asian\n003557\0165_01.jpg,data\processed\bfw\asian\n003557\0259_01.jpg,n003557,n003557,asian,asian,females,females,,,1,0.66753054,17.795546,0.33246946
data\processed\bfw\asian\n004469\0098_02.jpg,data\processed\bfw\asian\n004469\0168_01.jpg,n004469,n004469,asian,asian,males,males,,,1,0.8272209,13.356451,0.17277908
data\processed\bfw\asian\n007738\0239_01.jpg,data\processed\bfw\asian\n007738\0265_01.jpg,n007738,n007738,asian,asian,females,females,,,1,0.40988284,26.435669,0.59011716
data\processed\bfw\asian\n009276\0361_01.jpg,data\processed\bfw\asian\n009148\0087_01.jpg,n009276,n009148,asian,asian,females,females,,,0,0.28823933,27.817326,0.71176064
data\processed\bfw\asian\n003465\0158_01.jpg,data\processed\bfw\asian\n000143\0135_02.jpg,n003465,n000143,asian,asian,males,females,,,0,0.15975942,26.281729,0.8402406
data\processed\bfw\asian\n002406\0093_01.jpg,data\processed\bfw\asian\n002406\0614_01.jpg,n002406,n002406,asian,asian,males,males,,,1,0.4287628,24.52611,0.5712372
data\processed\bfw\asian\n003027\0025_01.jpg,data\processed\bfw\asian\n005078\0278_01.jpg,n003027,n005078,asian,asian,males,males,,,0,0.4694627,22.819872,0.5305373
data\processed\bfw\asian\n007270\0370_01.jpg,data\processed\bfw\asian\n007270\0434_01.jpg,n007270,n007270,asian,asian,females,females,,,1,0.73548,16.579903,0.26452
data\processed\bfw\asian\n009103\0363_05.jpg,data\processed\bfw\asian\n009103\0421_01.jpg,n009103,n009103,asian,asian,females,females,,,1,0.39604962,23.097383,0.6039504
data\processed\bfw\asian\n009288\0101_01.jpg,data\processed\bfw\asian\n003449\0060_01.jpg,n009288,n003449,asian,asian,females,females,,,0,0.09004966,32.232685,0.9099503
data\processed\bfw\asian\n004108\0077_01.jpg,data\processed\bfw\asian\n004108\0529_01.jpg,n004108,n004108,asian,asian,males,males,,,1,0.74911016,14.474622,0.25088984
data\processed\bfw\asian\n005216\0046_01.jpg,data\processed\bfw\asian\n007816\0322_02.jpg,n005216,n007816,asian,asian,females,females,,,0,0.49180907,23.283651,0.50819093
data\processed\bfw\asian\n000161\0001_01.jpg,data\processed\bfw\asian\n000161\0175_05.jpg,n000161,n000161,asian,asian,males,males,,,1,0.7588728,16.241556,0.2411272
data\processed\bfw\asian\n006125\0081_01.jpg,data\processed\bfw\asian\n003463\0179_02.jpg,n006125,n003463,asian,asian,females,males,,,0,0.28173977,27.375624,0.7182602
data\processed\bfw\asian\n009294\0084_01.jpg,data\processed\bfw\asian\n009294\0258_01.jpg,n009294,n009294,asian,asian,females,females,,,1,0.49663833,23.871296,0.5033617
data\processed\bfw\asian\n007378\0112_03.jpg,data\processed\bfw\asian\n007378\0217_01.jpg,n007378,n007378,asian,asian,females,females,,,1,0.5500979,22.477758,0.44990212
data\processed\bfw\asian\n004469\0111_03.jpg,data\processed\bfw\asian\n008163\0276_01.jpg,n004469,n008163,asian,asian,males,females,,,0,0.2679532,26.931955,0.73204684
data\processed\bfw\asian\n009125\0100_01.jpg,data\processed\bfw\asian\n009125\0116_02.jpg,n009125,n009125,asian,asian,females,females,,,1,0.80252296,14.220707,0.19747704
data\processed\bfw\asian\n002331\0054_02.jpg,data\processed\bfw\asian\n005069\0313_01.jpg,n002331,n005069,asian,asian,males,females,,,0,0.16746135,28.643032,0.83253866
data\processed\bfw\asian\n009041\0056_01.jpg,data\processed\bfw\asian\n009041\0080_02.jpg,n009041,n009041,asian,asian,females,females,,,1,0.8120734,14.59329,0.18792659
data\processed\bfw\asian\n006774\0039_01.jpg,data\processed\bfw\asian\n003533\0080_02.jpg,n006774,n003533,asian,asian,females,males,,,0,-0.12099454,32.55445,1.1209946
data\processed\bfw\asian\n000160\0127_01.jpg,data\processed\bfw\asian\n003489\0091_01.jpg,n000160,n003489,asian,asian,females,males,,,0,0.11346234,32.17206,0.8865377
data\processed\bfw\asian\n005474\0005_01.jpg,data\processed\bfw\asian\n005474\0152_01.jpg,n005474,n005474,asian,asian,females,females,,,1,0.67315876,18.44272,0.32684124
data\processed\bfw\asian\n006619\0290_01.jpg,data\processed\bfw\asian\n009288\0236_01.jpg,n006619,n009288,asian,asian,females,females,,,0,-0.017683981,32.481544,1.017684
data\processed\bfw\asian\n009278\0068_01.jpg,data\processed\bfw\asian\n009276\0049_01.jpg,n009278,n009276,asian,asian,females,females,,,0,0.30271706,27.071054,0.6972829
data\processed\bfw\asian\n006159\0019_01.jpg,data\processed\bfw\asian\n006159\0076_04.jpg,n006159,n006159,asian,asian,females,females,,,1,0.82188416,14.599629,0.17811584
data\processed\bfw\asian\n007385\0072_09.jpg,data\processed\bfw\asian\n007385\0137_01.jpg,n007385,n007385,asian,asian,females,females,,,1,0.7285489,16.708542,0.27145112
data\processed\bfw\asian\n009279\0246_01.jpg,data\processed\bfw\asian\n009279\0255_01.jpg,n009279,n009279,asian,asian,females,females,,,1,0.7065655,17.476034,0.2934345
data\processed\bfw\asian\n006149\0026_01.jpg,data\processed\bfw\asian\n006149\0064_01.jpg,n006149,n006149,asian,asian,females,females,,,1,0.7045247,18.016602,0.2954753
data\processed\bfw\asian\n008978\0155_01.jpg,data\processed\bfw\asian\n003463\0323_01.jpg,n008978,n003463,asian,asian,females,males,,,0,0.058442447,30.91585,0.9415575
data\processed\bfw\asian\n000160\0436_01.jpg,data\processed\bfw\asian\n000160\0453_01.jpg,n000160,n000160,asian,asian,females,females,,,1,0.6495711,20.585716,0.35042888
data\processed\bfw\asian\n005072\0068_02.jpg,data\processed\bfw\asian\n004877\0122_01.jpg,n005072,n004877,asian,asian,males,females,,,0,0.185583,29.59107,0.814417
data\processed\bfw\asian\n002775\0034_02.jpg,data\processed\bfw\asian\n002775\0305_01.jpg,n002775,n002775,asian,asian,males,males,,,1,0.58574253,20.319122,0.41425747
data\processed\bfw\asian\n005071\0128_02.jpg,data\processed\bfw\asian\n005071\0280_01.jpg,n005071,n005071,asian,asian,males,males,,,1,0.74356496,17.737741,0.25643504
data\processed\bfw\asian\n008383\0139_02.jpg,data\processed\bfw\asian\n008383\0268_01.jpg,n008383,n008383,asian,asian,females,females,,,1,0.5823006,19.638697,0.4176994
data\processed\bfw\asian\n005077\0052_01.jpg,data\processed\bfw\asian\n005077\0073_01.jpg,n005077,n005077,asian,asian,females,females,,,1,0.69420654,17.311417,0.30579346
data\processed\bfw\asian\n007380\0087_01.jpg,data\processed\bfw\asian\n007380\0320_01.jpg,n007380,n007380,asian,asian,females,females,,,1,0.3897193,25.111359,0.6102807
data\processed\bfw\asian\n000148\0016_01.jpg,data\processed\bfw\asian\n000148\0390_01.jpg,n000148,n000148,asian,asian,females,females,,,1,0.671008,17.929836,0.328992
data\processed\bfw\asian\n004787\0075_01.jpg,data\processed\bfw\asian\n009288\0307_01.jpg,n004787,n009288,asian,asian,females,females,,,0,0.5737848,21.456865,0.42621517
data\processed\bfw\asian\n007270\0471_01.jpg,data\processed\bfw\asian\n004877\0084_01.jpg,n007270,n004877,asian,asian,females,females,,,0,0.18068725,30.745373,0.81931275
data\processed\bfw\asian\n005072\0231_01.jpg,data\processed\bfw\asian\n000009\0063_01.jpg,n005072,n000009,asian,asian,males,females,,,0,0.03624552,30.615728,0.9637545
data\processed\bfw\asian\n007738\0172_01.jpg,data\processed\bfw\asian\n007738\0338_01.jpg,n007738,n007738,asian,asian,females,females,,,1,0.7244896,17.752888,0.27551037
data\processed\bfw\asian\n005072\0027_01.jpg,data\processed\bfw\asian\n003027\0025_01.jpg,n005072,n003027,asian,asian,males,males,,,0,0.22505808,27.678347,0.7749419
data\processed\bfw\asian\n004860\0105_04.jpg,data\processed\bfw\asian\n004860\0236_01.jpg,n004860,n004860,asian,asian,females,females,,,1,0.66371447,18.05889,0.33628553
data\processed\bfw\asian\n003482\0044_02.jpg,data\processed\bfw\asian\n006358\0136_02.jpg,n003482,n006358,asian,asian,males,females,,,0,0.06780636,31.528788,0.93219364
data\processed\bfw\asian\n003288\0300_01.jpg,data\processed\bfw\asian\n006148\0098_06.jpg,n003288,n006148,asian,asian,females,females,,,0,0.32097843,26.38269,0.6790216
data\processed\bfw\asian\n004681\0133_01.jpg,data\processed\bfw\asian\n004681\0204_02.jpg,n004681,n004681,asian,asian,males,males,,,1,0.8260162,12.414855,0.17398381
data\processed\bfw\asian\n004948\0378_02.jpg,data\processed\bfw\asian\n004948\0381_01.jpg,n004948,n004948,asian,asian,males,males,,,1,0.42780057,22.98268,0.57219946
data\processed\bfw\asian\n004681\0206_01.jpg,data\processed\bfw\asian\n004786\0207_01.jpg,n004681,n004786,asian,asian,males,females,,,0,0.17618784,27.793133,0.8238121
data\processed\bfw\asian\n004864\0058_01.jpg,data\processed\bfw\asian\n007385\0118_01.jpg,n004864,n007385,asian,asian,females,females,,,0,0.60831624,19.34399,0.39168376
data\processed\bfw\asian\n006344\0125_01.jpg,data\processed\bfw\asian\n006344\0431_07.jpg,n006344,n006344,asian,asian,females,females,,,1,0.4986761,21.587017,0.50132394
data\processed\bfw\asian\n004786\0128_03.jpg,data\processed\bfw\asian\n006222\0104_01.jpg,n004786,n006222,asian,asian,females,females,,,0,0.34891477,27.221659,0.65108526
data\processed\bfw\asian\n000837\0371_01.jpg,data\processed\bfw\asian\n004686\0100_01.jpg,n000837,n004686,asian,asian,females,males,,,0,0.10721157,31.287718,0.8927884
data\processed\bfw\asian\n009278\0093_01.jpg,data\processed\bfw\asian\n000135\0034_01.jpg,n009278,n000135,asian,asian,females,females,,,0,0.32156318,26.460611,0.6784368
data\processed\bfw\asian\n006125\0059_01.jpg,data\processed\bfw\asian\n003223\0143_01.jpg,n006125,n003223,asian,asian,females,males,,,0,0.21031426,28.67601,0.7896857
data\processed\bfw\asian\n004721\0177_01.jpg,data\processed\bfw\asian\n004787\0278_01.jpg,n004721,n004787,asian,asian,males,females,,,0,-0.059200495,34.021507,1.0592005
data\processed\bfw\asian\n004805\0065_01.jpg,data\processed\bfw\asian\n004805\0289_01.jpg,n004805,n004805,asian,asian,males,males,,,1,0.7651012,15.5787525,0.2348988
data\processed\bfw\asian\n006148\0195_01.jpg,data\processed\bfw\asian\n008163\0645_01.jpg,n006148,n008163,asian,asian,females,females,,,0,0.55231833,20.316696,0.44768167
data\processed\bfw\asian\n002725\0102_01.jpg,data\processed\bfw\asian\n002725\0267_01.jpg,n002725,n002725,asian,asian,females,females,,,1,0.666408,19.644804,0.333592
data\processed\bfw\asian\n002509\0082_01.jpg,data\processed\bfw\asian\n002509\0315_04.jpg,n002509,n002509,asian,asian,females,females,,,1,0.4862664,23.744665,0.5137336
data\processed\bfw\asian\n001562\0159_02.jpg,data\processed\bfw\asian\n003167\0081_01.jpg,n001562,n003167,asian,asian,males,males,,,0,0.054071307,29.720919,0.9459287
data\processed\bfw\asian\n006223\0349_01.jpg,data\processed\bfw\asian\n006223\0385_01.jpg,n006223,n006223,asian,asian,females,females,,,1,0.3880487,23.88437,0.6119513
data\processed\bfw\asian\n000148\0269_01.jpg,data\processed\bfw\asian\n000148\0271_01.jpg,n000148,n000148,asian,asian,females,females,,,1,0.77965397,14.836303,0.22034603
data\processed\bfw\asian\n003557\0259_01.jpg,data\processed\bfw\asian\n009294\0084_01.jpg,n003557,n009294,asian,asian,females,females,,,0,0.39634502,26.772121,0.603655
data\processed\bfw\asian\n006633\0688_01.jpg,data\processed\bfw\asian\n004930\0200_01.jpg,n006633,n004930,asian,asian,females,females,,,0,0.43136698,25.7141,0.568633
data\processed\bfw\asian\n009277\0013_02.jpg,data\processed\bfw\asian\n008148\0244_01.jpg,n009277,n008148,asian,asian,females,females,,,0,0.42750597,24.608402,0.57249403
data\processed\bfw\asian\n005077\0246_01.jpg,data\processed\bfw\asian\n005078\0202_01.jpg,n005077,n005078,asian,asian,females,males,,,0,0.51261306,21.981958,0.48738694
data\processed\bfw\asian\n008383\0062_06.jpg,data\processed\bfw\asian\n004687\0058_01.jpg,n008383,n004687,asian,asian,females,females,,,0,0.4886482,22.237778,0.5113518
data\processed\bfw\asian\n002552\0020_01.jpg,data\processed\bfw\asian\n002552\0368_01.jpg,n002552,n002552,asian,asian,males,males,,,1,0.8015289,13.778165,0.19847113
data\processed\bfw\asian\n000139\0065_01.jpg,data\processed\bfw\asian\n004877\0200_02.jpg,n000139,n004877,asian,asian,females,females,,,0,0.353147,27.807953,0.64685297
data\processed\bfw\asian\n005085\0305_03.jpg,data\processed\bfw\asian\n009041\0092_01.jpg,n005085,n009041,asian,asian,females,females,,,0,0.134144,31.988262,0.865856
data\processed\bfw\asian\n009287\0064_01.jpg,data\processed\bfw\asian\n009287\0212_01.jpg,n009287,n009287,asian,asian,females,females,,,1,0.63681847,19.537247,0.36318153
data\processed\bfw\asian\n009279\0015_01.jpg,data\processed\bfw\asian\n005078\0183_01.jpg,n009279,n005078,asian,asian,females,males,,,0,0.24057645,28.135723,0.75942355
data\processed\bfw\asian\n009103\0421_01.jpg,data\processed\bfw\asian\n009103\0657_02.jpg,n009103,n009103,asian,asian,females,females,,,1,0.6102252,18.469215,0.3897748
data\processed\bfw\asian\n003223\0033_02.jpg,data\processed\bfw\asian\n003223\0154_01.jpg,n003223,n003223,asian,asian,males,males,,,1,0.8729197,11.72196,0.12708032
data\processed\bfw\asian\n007385\0208_01.jpg,data\processed\bfw\asian\n007385\0320_03.jpg,n007385,n007385,asian,asian,females,females,,,1,0.49649322,22.83879,0.5035068
data\processed\bfw\asian\n006358\0041_01.jpg,data\processed\bfw\asian\n009148\0005_01.jpg,n006358,n009148,asian,asian,females,females,,,0,0.2827445,28.410553,0.7172555
data\processed\bfw\asian\n003491\0194_02.jpg,data\processed\bfw\asian\n005069\0046_06.jpg,n003491,n005069,asian,asian,males,females,,,0,0.159081,29.33929,0.840919
data\processed\bfw\asian\n005216\0084_01.jpg,data\processed\bfw\asian\n004681\0064_01.jpg,n005216,n004681,asian,asian,females,males,,,0,0.14083813,27.498957,0.85916185
data\processed\bfw\asian\n005446\0412_01.jpg,data\processed\bfw\asian\n000009\0083_01.jpg,n005446,n000009,asian,asian,females,females,,,0,0.2777221,25.75211,0.7222779
data\processed\bfw\asian\n004936\0245_01.jpg,data\processed\bfw\asian\n004936\0256_01.jpg,n004936,n004936,asian,asian,females,females,,,1,0.75200504,14.560984,0.24799496
data\processed\bfw\asian\n009288\0270_01.jpg,data\processed\bfw\asian\n003635\0050_01.jpg,n009288,n003635,asian,asian,females,males,,,0,0.23989098,27.16586,0.760109
data\processed\bfw\asian\n004721\0046_01.jpg,data\processed\bfw\asian\n004785\0125_01.jpg,n004721,n004785,asian,asian,males,females,,,0,0.27472144,25.735289,0.72527856
data\processed\bfw\asian\n004805\0025_01.jpg,data\processed\bfw\asian\n001682\0448_01.jpg,n004805,n001682,asian,asian,males,males,,,0,0.025528828,31.414215,0.97447115
data\processed\bfw\asian\n000139\0498_01.jpg,data\processed\bfw\asian\n003489\0105_01.jpg,n000139,n003489,asian,asian,females,males,,,0,0.0772331,31.839035,0.9227669
data\processed\bfw\asian\n008978\0318_01.jpg,data\processed\bfw\asian\n003223\0258_03.jpg,n008978,n003223,asian,asian,females,males,,,0,0.18419036,29.26913,0.8158096
data\processed\bfw\asian\n001682\0127_01.jpg,data\processed\bfw\asian\n005069\0098_01.jpg,n001682,n005069,asian,asian,males,females,,,0,-0.062086366,33.995625,1.0620863
data\processed\bfw\asian\n007664\0029_01.jpg,data\processed\bfw\asian\n007664\0106_01.jpg,n007664,n007664,asian,asian,females,females,,,1,0.6375342,18.435114,0.3624658
data\processed\bfw\asian\n000132\0053_01__face_0.jpg,data\processed\bfw\asian\n000132\0112_01__face_0.jpg,n000132,n000132,asian,asian,males,males,,,1,0.6986886,17.223875,0.30131137
data\processed\bfw\asian\n006224\0023_01.jpg,data\processed\bfw\asian\n006224\0033_01.jpg,n006224,n006224,asian,asian,females,females,,,1,0.87738156,11.596919,0.12261844
data\processed\bfw\asian\n009177\0287_05.jpg,data\processed\bfw\asian\n009177\0294_02.jpg,n009177,n009177,asian,asian,females,females,,,1,0.75581956,15.403461,0.24418044
data\processed\bfw\asian\n006418\0023_01.jpg,data\processed\bfw\asian\n006418\0090_09.jpg,n006418,n006418,asian,asian,females,females,,,1,0.5679386,21.47568,0.43206137
data\processed\bfw\asian\n005085\0005_01.jpg,data\processed\bfw\asian\n005085\0224_01.jpg,n005085,n005085,asian,asian,females,females,,,1,0.7574048,15.792662,0.2425952
data\processed\bfw\asian\n006149\0260_01.jpg,data\processed\bfw\asian\n000158\0114_01.jpg,n006149,n000158,asian,asian,females,males,,,0,-0.025855023,33.052395,1.0258551
data\processed\bfw\asian\n004472\0258_01.jpg,data\processed\bfw\asian\n009148\0078_01.jpg,n004472,n009148,asian,asian,females,females,,,0,0.5059835,21.838516,0.49401653
data\processed\bfw\asian\n007899\0002_01.jpg,data\processed\bfw\asian\n007899\0082_01.jpg,n007899,n007899,asian,asian,females,females,,,1,0.84182686,12.475092,0.15817314
data\processed\bfw\asian\n004549\0169_02.jpg,data\processed\bfw\asian\n004549\0198_06.jpg,n004549,n004549,asian,asian,females,females,,,1,0.45933452,24.938307,0.5406655
data\processed\bfw\asian\n002725\0039_02.jpg,data\processed\bfw\asian\n002644\0054_01.jpg,n002725,n002644,asian,asian,females,males,,,0,0.14833269,29.1302,0.8516673
data\processed\bfw\asian\n004725\0302_01.jpg,data\processed\bfw\asian\n008934\0209_01.jpg,n004725,n008934,asian,asian,males,females,,,0,-0.12484428,34.48784,1.1248443
data\processed\bfw\asian\n002552\0040_01.jpg,data\processed\bfw\asian\n004800\0245_01.jpg,n002552,n004800,asian,asian,males,males,,,0,0.23970146,26.661373,0.76029855
data\processed\bfw\asian\n008383\0062_06.jpg,data\processed\bfw\asian\n008383\0118_01.jpg,n008383,n008383,asian,asian,females,females,,,1,0.70131344,17.203112,0.29868656
data\processed\bfw\asian\n004787\0128_01.jpg,data\processed\bfw\asian\n004467\0158_01.jpg,n004787,n004467,asian,asian,females,males,,,0,0.25842258,26.971312,0.7415774
data\processed\bfw\asian\n003357\0085_01.jpg,data\processed\bfw\asian\n003357\0422_01.jpg,n003357,n003357,asian,asian,females,females,,,1,0.5878077,20.118351,0.41219229
data\processed\bfw\asian\n003533\0616_01.jpg,data\processed\bfw\asian\n001976\0071_01.jpg,n003533,n001976,asian,asian,males,males,,,0,-0.10619495,33.160988,1.106195
data\processed\bfw\asian\n004877\0122_01.jpg,data\processed\bfw\asian\n004877\0135_01.jpg,n004877,n004877,asian,asian,females,females,,,1,0.7245911,18.164127,0.27540892
data\processed\bfw\asian\n003223\0398_02.jpg,data\processed\bfw\asian\n008148\0073_01.jpg,n003223,n008148,asian,asian,males,females,,,0,0.38072464,25.140106,0.61927533
data\processed\bfw\asian\n002509\0104_02.jpg,data\processed\bfw\asian\n002509\0319_01.jpg,n002509,n002509,asian,asian,females,females,,,1,0.48218665,22.542616,0.5178133
data\processed\bfw\asian\n002775\0119_01.jpg,data\processed\bfw\asian\n004805\0289_01.jpg,n002775,n004805,asian,asian,males,males,,,0,0.075270034,30.589428,0.92472994
data\processed\bfw\asian\n005069\0135_01.jpg,data\processed\bfw\asian\n005069\0586_01.jpg,n005069,n005069,asian,asian,females,females,,,1,0.7478429,16.231894,0.2521571
data\processed\bfw\asian\n000132\0006_01__face_0.jpg,data\processed\bfw\asian\n001496\0664_01.jpg,n000132,n001496,asian,asian,males,males,,,0,0.34728223,26.73944,0.65271777
data\processed\bfw\asian\n005063\0271_01.jpg,data\processed\bfw\asian\n004864\0102_01.jpg,n005063,n004864,asian,asian,females,females,,,0,0.28204626,26.780033,0.71795374
data\processed\bfw\asian\n006418\0090_03.jpg,data\processed\bfw\asian\n006418\0152_04.jpg,n006418,n006418,asian,asian,females,females,,,1,0.69291073,17.649881,0.30708927
data\processed\bfw\asian\n001572\0329_01.jpg,data\processed\bfw\asian\n001572\0377_01.jpg,n001572,n001572,asian,asian,females,females,,,1,0.72909737,17.268478,0.27090263
data\processed\bfw\asian\n006619\0135_01.jpg,data\processed\bfw\asian\n006619\0368_01.jpg,n006619,n006619,asian,asian,females,females,,,1,0.60964775,20.452744,0.39035225
data\processed\bfw\asian\n003635\0151_01.jpg,data\processed\bfw\asian\n003635\0156_01.jpg,n003635,n003635,asian,asian,males,males,,,1,0.70423794,18.275246,0.29576206
data\processed\bfw\asian\n005069\0353_01.jpg,data\processed\bfw\asian\n005069\0586_01.jpg,n005069,n005069,asian,asian,females,females,,,1,0.6561909,18.218245,0.34380913
data\processed\bfw\asian\n006634\0090_01.jpg,data\processed\bfw\asian\n006634\0118_01.jpg,n006634,n006634,asian,asian,females,females,,,1,0.5036542,21.954475,0.49634582
data\processed\bfw\asian\n005085\0224_01.jpg,data\processed\bfw\asian\n006358\0101_06.jpg,n005085,n006358,asian,asian,females,females,,,0,0.21924049,28.290966,0.7807595
data\processed\bfw\asian\n003506\0136_01.jpg,data\processed\bfw\asian\n003506\0371_01.jpg,n003506,n003506,asian,asian,females,females,,,1,0.55902165,21.493717,0.44097835
data\processed\bfw\asian\n004469\0098_02.jpg,data\processed\bfw\asian\n004469\0117_01.jpg,n004469,n004469,asian,asian,males,males,,,1,0.7811424,14.901114,0.21885759
data\processed\bfw\asian\n006126\0039_01.jpg,data\processed\bfw\asian\n006148\0074_01.jpg,n006126,n006148,asian,asian,females,females,,,0,0.318131,26.568285,0.68186903
data\processed\bfw\asian\n009278\0087_02.jpg,data\processed\bfw\asian\n009278\0192_01.jpg,n009278,n009278,asian,asian,females,females,,,1,0.5543153,20.465055,0.44568467
data\processed\bfw\asian\n003357\0020_01.jpg,data\processed\bfw\asian\n001976\0082_01.jpg,n003357,n001976,asian,asian,females,males,,,0,0.10056804,31.29775,0.89943194
data\processed\bfw\asian\n004108\0341_01.jpg,data\processed\bfw\asian\n009103\0265_03.jpg,n004108,n009103,asian,asian,males,females,,,0,0.31666923,26.595161,0.6833308
data\processed\bfw\asian\n007372\0039_01.jpg,data\processed\bfw\asian\n007372\0078_01.jpg,n007372,n007372,asian,asian,females,females,,,1,0.6826136,18.236378,0.3173864
data\processed\bfw\asian\n003482\0284_06.jpg,data\processed\bfw\asian\n003482\0408_02.jpg,n003482,n003482,asian,asian,males,males,,,1,0.71291333,18.348532,0.28708667
data\processed\bfw\asian\n004930\0235_01.jpg,data\processed\bfw\asian\n004681\0101_01.jpg,n004930,n004681,asian,asian,females,males,,,0,0.09610786,30.89998,0.90389216
data\processed\bfw\asian\n006125\0113_01.jpg,data\processed\bfw\asian\n008934\0619_01.jpg,n006125,n008934,asian,asian,females,females,,,0,0.47994262,24.257692,0.5200574
data\processed\bfw\asian\n007385\0258_01.jpg,data\processed\bfw\asian\n000158\0064_03.jpg,n007385,n000158,asian,asian,females,males,,,0,0.15837522,31.13457,0.8416248
data\processed\bfw\asian\n004687\0221_01.jpg,data\processed\bfw\asian\n004687\0243_01.jpg,n004687,n004687,asian,asian,females,females,,,1,0.8025885,14.454443,0.19741148
data\processed\bfw\asian\n004936\0111_04.jpg,data\processed\bfw\asian\n004936\0245_01.jpg,n004936,n004936,asian,asian,females,females,,,1,0.6290636,19.003977,0.3709364
data\processed\bfw\asian\n000160\0109_01.jpg,data\processed\bfw\asian\n006223\0312_01.jpg,n000160,n006223,asian,asian,females,females,,,0,0.6150433,19.53838,0.38495672
data\processed\bfw\asian\n002775\0047_05.jpg,data\processed\bfw\asian\n002775\0069_01.jpg,n002775,n002775,asian,asian,males,males,,,1,0.8642869,12.221345,0.1357131
data\processed\bfw\asian\n004721\0286_01.jpg,data\processed\bfw\asian\n003357\0147_01.jpg,n004721,n003357,asian,asian,males,females,,,0,0.12868199,28.469437,0.871318
data\processed\bfw\asian\n006203\0088_01.jpg,data\processed\bfw\asian\n009148\0027_01.jpg,n006203,n009148,asian,asian,females,females,,,0,0.11472697,29.698215,0.88527304
data\processed\bfw\asian\n006222\0035_01.jpg,data\processed\bfw\asian\n006222\0119_02.jpg,n006222,n006222,asian,asian,females,females,,,1,0.7521087,15.372958,0.2478913
data\processed\bfw\asian\n004687\0031_01.jpg,data\processed\bfw\asian\n007378\0140_01.jpg,n004687,n007378,asian,asian,females,females,,,0,0.37560868,24.71969,0.6243913
data\processed\bfw\asian\n004721\0321_01.jpg,data\processed\bfw\asian\n005069\0209_01.jpg,n004721,n005069,asian,asian,males,females,,,0,0.4401107,23.282684,0.5598893
data\processed\bfw\asian\n000840\0015_01.jpg,data\processed\bfw\asian\n004108\0276_01.jpg,n000840,n004108,asian,asian,females,males,,,0,0.09905283,30.63146,0.90094715
data\processed\bfw\asian\n004870\0007_01.jpg,data\processed\bfw\asian\n004870\0050_02.jpg,n004870,n004870,asian,asian,females,females,,,1,0.71301484,17.266418,0.28698516
data\processed\bfw\asian\n009103\0035_01.jpg,data\processed\bfw\asian\n004686\0458_01.jpg,n009103,n004686,asian,asian,females,males,,,0,0.12816224,30.488247,0.87183774
data\processed\bfw\asian\n006224\0158_01.jpg,data\processed\bfw\asian\n003449\0066_01.jpg,n006224,n003449,asian,asian,females,females,,,0,0.12582721,28.751097,0.8741728
data\processed\bfw\asian\n002644\0492_01.jpg,data\processed\bfw\asian\n001562\0080_02.jpg,n002644,n001562,asian,asian,males,males,,,0,0.15158224,29.806229,0.84841776
data\processed\bfw\asian\n004466\0048_01.jpg,data\processed\bfw\asian\n006774\0492_02.jpg,n004466,n006774,asian,asian,males,females,,,0,0.15372586,29.126371,0.84627414
data\processed\bfw\asian\n009288\0180_01.jpg,data\processed\bfw\asian\n004109\0070_01.jpg,n009288,n004109,asian,asian,females,males,,,0,0.2151194,27.794514,0.7848806
data\processed\bfw\asian\n005446\0118_01.jpg,data\processed\bfw\asian\n005446\0144_01.jpg,n005446,n005446,asian,asian,females,females,,,1,0.85275847,11.465637,0.14724153
data\processed\bfw\asian\n000139\0501_01.jpg,data\processed\bfw\asian\n009276\0253_02.jpg,n000139,n009276,asian,asian,females,females,,,0,0.17002954,29.84747,0.8299705
data\processed\bfw\asian\n003557\0088_04.jpg,data\processed\bfw\asian\n003557\0240_01.jpg,n003557,n003557,asian,asian,females,females,,,1,0.82510096,13.492483,0.17489904
data\processed\bfw\asian\n003506\0637_01.jpg,data\processed\bfw\asian\n005071\0055_02.jpg,n003506,n005071,asian,asian,females,males,,,0,0.16684702,29.101856,0.833153
data\processed\bfw\asian\n000132\0114_06__face_0.jpg,data\processed\bfw\asian\n006223\0239_01.jpg,n000132,n006223,asian,asian,males,females,,,0,0.17280124,28.303858,0.82719874
data\processed\bfw\asian\n003481\0015_01.jpg,data\processed\bfw\asian\n003481\0096_02.jpg,n003481,n003481,asian,asian,females,females,,,1,0.89028895,10.380994,0.10971105
data\processed\bfw\asian\n004687\0010_04.jpg,data\processed\bfw\asian\n004687\0019_01.jpg,n004687,n004687,asian,asian,females,females,,,1,0.54327965,21.781712,0.45672035
data\processed\bfw\asian\n004860\0820_01.jpg,data\processed\bfw\asian\n002775\0069_01.jpg,n004860,n002775,asian,asian,females,males,,,0,0.036673345,32.35581,0.96332663
data\processed\bfw\asian\n004930\0282_01.jpg,data\processed\bfw\asian\n005072\0225_01.jpg,n004930,n005072,asian,asian,females,males,,,0,-0.105635986,34.929028,1.105636
data\processed\bfw\asian\n002406\0310_02.jpg,data\processed\bfw\asian\n000160\0075_01.jpg,n002406,n000160,asian,asian,males,females,,,0,-0.092551224,32.112736,1.0925512
data\processed\bfw\asian\n007814\0339_01.jpg,data\processed\bfw\asian\n006418\0040_01.jpg,n007814,n006418,asian,asian,females,females,,,0,0.2236648,27.774378,0.7763352
data\processed\bfw\asian\n006159\0011_01.jpg,data\processed\bfw\asian\n006159\0076_04.jpg,n006159,n006159,asian,asian,females,females,,,1,0.8366227,13.823839,0.16337729
data\processed\bfw\asian\n003533\0326_02.jpg,data\processed\bfw\asian\n003533\0615_01.jpg,n003533,n003533,asian,asian,males,males,,,1,0.7256182,17.621489,0.27438182
data\processed\bfw\asian\n000839\0185_01.jpg,data\processed\bfw\asian\n009276\0046_01.jpg,n000839,n009276,asian,asian,females,females,,,0,0.553739,22.186844,0.446261
data\processed\bfw\asian\n009103\0365_05.jpg,data\processed\bfw\asian\n005069\0110_02.jpg,n009103,n005069,asian,asian,females,females,,,0,0.513809,21.147743,0.48619097
data\processed\bfw\asian\n004860\0063_01.jpg,data\processed\bfw\asian\n006774\0084_01.jpg,n004860,n006774,asian,asian,females,females,,,0,0.3816358,24.327858,0.6183642
data\processed\bfw\asian\n005083\0054_01.jpg,data\processed\bfw\asian\n005083\0190_01.jpg,n005083,n005083,asian,asian,females,females,,,1,0.8246454,13.9895735,0.1753546
data\processed\bfw\asian\n006358\0076_01.jpg,data\processed\bfw\asian\n002644\0303_01.jpg,n006358,n002644,asian,asian,females,males,,,0,-0.024074405,33.4347,1.0240744
data\processed\bfw\asian\n003288\0089_01.jpg,data\processed\bfw\asian\n000139\0498_01.jpg,n003288,n000139,asian,asian,females,females,,,0,0.12001341,29.835623,0.8799866
data\processed\bfw\asian\n003162\0191_01.jpg,data\processed\bfw\asian\n008978\0134_01.jpg,n003162,n008978,asian,asian,males,females,,,0,-0.10288012,34.475212,1.1028801
data\processed\bfw\asian\n004860\0107_01.jpg,data\processed\bfw\asian\n004860\0236_01.jpg,n004860,n004860,asian,asian,females,females,,,1,0.62153465,18.741127,0.37846535
data\processed\bfw\asian\n006619\0422_01.jpg,data\processed\bfw\asian\n006224\0293_01.jpg,n006619,n006224,asian,asian,females,females,,,0,0.20353809,30.305525,0.79646194
data\processed\bfw\asian\n008163\0022_02.jpg,data\processed\bfw\asian\n008163\0276_01.jpg,n008163,n008163,asian,asian,females,females,,,1,0.7810362,14.119954,0.2189638
data\processed\bfw\asian\n007372\0027_01.jpg,data\processed\bfw\asian\n007372\0247_01.jpg,n007372,n007372,asian,asian,females,females,,,1,0.5484295,22.631058,0.4515705
data\processed\bfw\asian\n003635\0109_04.jpg,data\processed\bfw\asian\n005063\0042_01.jpg,n003635,n005063,asian,asian,males,females,,,0,0.023733405,32.05326,0.9762666
data\processed\bfw\asian\n004680\0143_02.jpg,data\processed\bfw\asian\n009103\0363_05.jpg,n004680,n009103,asian,asian,females,females,,,0,0.19569507,28.390404,0.80430496
data\processed\bfw\asian\n009275\0343_01.jpg,data\processed\bfw\asian\n002725\0102_01.jpg,n009275,n002725,asian,asian,females,females,,,0,0.05282065,31.475647,0.9471794
data\processed\bfw\asian\n006148\0120_01.jpg,data\processed\bfw\asian\n006148\0165_01.jpg,n006148,n006148,asian,asian,females,females,,,1,0.69949716,17.117254,0.30050284
data\processed\bfw\asian\n004221\0243_01.jpg,data\processed\bfw\asian\n004221\0450_01.jpg,n004221,n004221,asian,asian,males,males,,,1,0.4605959,23.59544,0.5394041
data\processed\bfw\asian\n004108\0077_01.jpg,data\processed\bfw\asian\n004108\0401_02.jpg,n004108,n004108,asian,asian,males,males,,,1,0.49762884,23.285677,0.5023712
data\processed\bfw\asian\n006125\0163_01.jpg,data\processed\bfw\asian\n006619\0098_01.jpg,n006125,n006619,asian,asian,females,females,,,0,0.31449252,26.558022,0.6855075
data\processed\bfw\asian\n004800\0013_01.jpg,data\processed\bfw\asian\n004800\0537_01.jpg,n004800,n004800,asian,asian,males,males,,,1,0.7807565,14.459982,0.21924353
data\processed\bfw\asian\n003167\0210_01.jpg,data\processed\bfw\asian\n003481\0770_01.jpg,n003167,n003481,asian,asian,males,females,,,0,0.12045497,30.044306,0.87954503
data\processed\bfw\asian\n000132\0153_01__face_0.jpg,data\processed\bfw\asian\n003288\0579_02.jpg,n000132,n003288,asian,asian,males,females,,,0,0.26516435,26.266699,0.7348356
data\processed\bfw\asian\n006633\0195_02.jpg,data\processed\bfw\asian\n006633\0299_01.jpg,n006633,n006633,asian,asian,females,females,,,1,0.7035785,17.092142,0.29642153
data\processed\bfw\asian\n003824\0148_01.jpg,data\processed\bfw\asian\n003824\0158_01.jpg,n003824,n003824,asian,asian,females,females,,,1,0.5300692,23.113707,0.46993083
data\processed\bfw\asian\n009042\0085_01.jpg,data\processed\bfw\asian\n009042\0394_01.jpg,n009042,n009042,asian,asian,females,females,,,1,0.49281687,20.792961,0.50718313
data\processed\bfw\asian\n006126\0105_01.jpg,data\processed\bfw\asian\n004860\0567_02.jpg,n006126,n004860,asian,asian,females,females,,,0,0.28480673,28.469814,0.7151933
data\processed\bfw\asian\n005177\0152_01.jpg,data\processed\bfw\asian\n005177\0196_01.jpg,n005177,n005177,asian,asian,males,males,,,1,0.6868625,18.48701,0.31313747
data\processed\bfw\asian\n003357\0008_01.jpg,data\processed\bfw\asian\n003357\0285_01.jpg,n003357,n003357,asian,asian,females,females,,,1,0.64948636,18.905733,0.35051364
data\processed\bfw\asian\n009294\0081_01.jpg,data\processed\bfw\asian\n003463\0104_01.jpg,n009294,n003463,asian,asian,females,males,,,0,0.19829325,29.847872,0.80170673
data\processed\bfw\asian\n003489\0046_02.jpg,data\processed\bfw\asian\n003489\0271_01.jpg,n003489,n003489,asian,asian,males,males,,,1,0.61488235,19.979568,0.38511765
data\processed\bfw\asian\n006149\0197_02.jpg,data\processed\bfw\asian\n006149\0349_01.jpg,n006149,n006149,asian,asian,females,females,,,1,0.74564373,16.985807,0.25435627
data\processed\bfw\asian\n003824\0122_01.jpg,data\processed\bfw\asian\n009288\0121_01.jpg,n003824,n009288,asian,asian,females,females,,,0,0.5596997,20.481842,0.4403003
data\processed\bfw\asian\n003506\0019_01.jpg,data\processed\bfw\asian\n003506\0371_01.jpg,n003506,n003506,asian,asian,females,females,,,1,0.60735506,19.996132,0.39264494
data\processed\bfw\asian\n003357\0246_01.jpg,data\processed\bfw\asian\n004791\0190_01.jpg,n003357,n004791,asian,asian,females,males,,,0,0.18399684,29.13485,0.81600314
data\processed\bfw\asian\n004472\0206_01.jpg,data\processed\bfw\asian\n008148\0137_01.jpg,n004472,n008148,asian,asian,females,females,,,0,0.5815647,20.709633,0.41843528
data\processed\bfw\asian\n007378\0217_01.jpg,data\processed\bfw\asian\n007378\0479_01.jpg,n007378,n007378,asian,asian,females,females,,,1,0.7153988,18.113943,0.2846012
data\processed\bfw\asian\n004109\0125_01.jpg,data\processed\bfw\asian\n004787\0009_01.jpg,n004109,n004787,asian,asian,males,females,,,0,0.076519035,29.614248,0.923481
data\processed\bfw\asian\n000839\0162_01.jpg,data\processed\bfw\asian\n000839\0407_01.jpg,n000839,n000839,asian,asian,females,females,,,1,0.42751533,24.428549,0.5724847
data\processed\bfw\asian\n005063\0144_01.jpg,data\processed\bfw\asian\n005063\0271_01.jpg,n005063,n005063,asian,asian,females,females,,,1,0.4750262,23.58145,0.5249738
data\processed\bfw\asian\n000158\0667_01.jpg,data\processed\bfw\asian\n007899\0084_02.jpg,n000158,n007899,asian,asian,males,females,,,0,-0.024815785,31.677057,1.0248158
data\processed\bfw\asian\n009177\0053_02.jpg,data\processed\bfw\asian\n009177\0136_01.jpg,n009177,n009177,asian,asian,females,females,,,1,0.8848491,10.771691,0.11515093
data\processed\bfw\asian\n008383\0062_06.jpg,data\processed\bfw\asian\n008383\0126_02.jpg,n008383,n008383,asian,asian,females,females,,,1,0.3671509,24.954681,0.6328491
data\processed\bfw\asian\n000148\0229_01.jpg,data\processed\bfw\asian\n000148\0269_01.jpg,n000148,n000148,asian,asian,females,females,,,1,0.6539848,18.012793,0.34601521
data\processed\bfw\asian\n003491\0104_03.jpg,data\processed\bfw\asian\n003491\0115_03.jpg,n003491,n003491,asian,asian,males,males,,,1,0.30705428,27.067125,0.6929457
data\processed\bfw\asian\n005177\0076_01.jpg,data\processed\bfw\asian\n005177\0161_01.jpg,n005177,n005177,asian,asian,males,males,,,1,0.77566636,16.081865,0.22433364
data\processed\bfw\asian\n000854\0239_01.jpg,data\processed\bfw\asian\n000137\0004_01.jpg,n000854,n000137,asian,asian,females,females,,,0,0.1274894,31.26205,0.8725106
data\processed\bfw\asian\n004687\0268_01.jpg,data\processed\bfw\asian\n003489\0112_01.jpg,n004687,n003489,asian,asian,females,males,,,0,0.13320166,29.716284,0.86679834
data\processed\bfw\asian\n001976\0028_01.jpg,data\processed\bfw\asian\n001976\0665_02.jpg,n001976,n001976,asian,asian,males,males,,,1,0.5521321,20.37162,0.44786787
data\processed\bfw\asian\n003156\0032_01.jpg,data\processed\bfw\asian\n003156\0134_01.jpg,n003156,n003156,asian,asian,males,males,,,1,0.711564,17.321205,0.288436
data\processed\bfw\asian\n006222\0032_01.jpg,data\processed\bfw\asian\n006222\0119_02.jpg,n006222,n006222,asian,asian,females,females,,,1,0.595114,20.515375,0.404886
data\processed\bfw\asian\n007664\0137_01.jpg,data\processed\bfw\asian\n007385\0126_01.jpg,n007664,n007385,asian,asian,females,females,,,0,0.1677087,28.838186,0.8322913
data\processed\bfw\asian\n004809\0178_02.jpg,data\processed\bfw\asian\n004809\0561_01.jpg,n004809,n004809,asian,asian,males,males,,,1,0.6718377,18.07802,0.3281623
data\processed\bfw\asian\n005474\0118_02.jpg,data\processed\bfw\asian\n005474\0769_01.jpg,n005474,n005474,asian,asian,females,females,,,1,0.52834785,21.434742,0.47165215
data\processed\bfw\asian\n004805\0036_01.jpg,data\processed\bfw\asian\n005378\0409_02.jpg,n004805,n005378,asian,asian,males,females,,,0,0.3048071,25.114437,0.69519293
data\processed\bfw\asian\n005072\0184_03.jpg,data\processed\bfw\asian\n005072\0235_01.jpg,n005072,n005072,asian,asian,males,males,,,1,0.6044488,20.111052,0.3955512
data\processed\bfw\asian\n006159\0174_01.jpg,data\processed\bfw\asian\n008383\0532_01.jpg,n006159,n008383,asian,asian,females,females,,,0,0.07875959,31.167562,0.9212404
data\processed\bfw\asian\n000137\0050_01.jpg,data\processed\bfw\asian\n000137\0088_01.jpg,n000137,n000137,asian,asian,females,females,,,1,0.74139947,17.533567,0.25860053
data\processed\bfw\asian\n004680\0027_01.jpg,data\processed\bfw\asian\n004680\0053_01.jpg,n004680,n004680,asian,asian,females,females,,,1,0.60843134,20.831926,0.39156866
data\processed\bfw\asian\n001496\0171_01.jpg,data\processed\bfw\asian\n000143\0734_02.jpg,n001496,n000143,asian,asian,males,females,,,0,0.29426327,25.847155,0.70573676
data\processed\bfw\asian\n009148\0141_02.jpg,data\processed\bfw\asian\n009148\0155_01.jpg,n009148,n009148,asian,asian,females,females,,,1,0.44321477,23.560453,0.5567852
data\processed\bfw\asian\n003824\0160_01.jpg,data\processed\bfw\asian\n003557\0007_02.jpg,n003824,n003557,asian,asian,females,females,,,0,0.17063871,29.0034,0.8293613
data\processed\bfw\asian\n007270\0289_01.jpg,data\processed\bfw\asian\n003153\0246_01.jpg,n007270,n003153,asian,asian,females,females,,,0,0.16825198,28.54126,0.831748
data\processed\bfw\asian\n007385\0137_01.jpg,data\processed\bfw\asian\n009137\0142_01.jpg,n007385,n009137,asian,asian,females,females,,,0,0.6068764,19.738436,0.39312363
data\processed\bfw\asian\n008934\0108_01.jpg,data\processed\bfw\asian\n008934\0630_01.jpg,n008934,n008934,asian,asian,females,females,,,1,0.559553,21.871801,0.44044697
data\processed\bfw\asian\n003155\0136_02.jpg,data\processed\bfw\asian\n003155\1053_04.jpg,n003155,n003155,asian,asian,males,males,,,1,0.47877043,23.672533,0.52122957
data\processed\bfw\asian\n004809\0166_04.jpg,data\processed\bfw\asian\n008934\0353_01.jpg,n004809,n008934,asian,asian,males,females,,,0,0.30624932,25.677933,0.6937507
data\processed\bfw\asian\n007814\0173_03.jpg,data\processed\bfw\asian\n003358\0318_02.jpg,n007814,n003358,asian,asian,females,females,,,0,0.31402364,25.462406,0.6859764
data\processed\bfw\asian\n004725\0302_01.jpg,data\processed\bfw\asian\n004725\0341_01.jpg,n004725,n004725,asian,asian,males,males,,,1,0.5757918,21.021017,0.42420822
data\processed\bfw\asian\n006358\0055_02.jpg,data\processed\bfw\asian\n007378\0284_01.jpg,n006358,n007378,asian,asian,females,females,,,0,0.16973862,31.832104,0.83026135
data\processed\bfw\asian\n003463\0023_01.jpg,data\processed\bfw\asian\n003463\0075_01.jpg,n003463,n003463,asian,asian,males,males,,,1,0.8481182,12.406909,0.15188181
data\processed\bfw\asian\n004785\0364_01.jpg,data\processed\bfw\asian\n004870\0098_01.jpg,n004785,n004870,asian,asian,females,females,,,0,0.33218032,26.656693,0.6678197
data\processed\bfw\asian\n004864\0045_01.jpg,data\processed\bfw\asian\n004864\0262_01.jpg,n004864,n004864,asian,asian,females,females,,,1,0.6946979,17.604881,0.30530208
data\processed\bfw\asian\n008148\0025_01.jpg,data\processed\bfw\asian\n005078\0250_01.jpg,n008148,n005078,asian,asian,females,males,,,0,0.17553839,29.70193,0.8244616
data\processed\bfw\asian\n007270\0124_01.jpg,data\processed\bfw\asian\n004791\0134_01.jpg,n007270,n004791,asian,asian,females,males,,,0,-0.08123022,34.61954,1.0812302
data\processed\bfw\asian\n003355\0016_01.jpg,data\processed\bfw\asian\n003355\0254_01.jpg,n003355,n003355,asian,asian,males,males,,,1,0.73546696,16.388124,0.26453304
data\processed\bfw\asian\n004721\0110_01.jpg,data\processed\bfw\asian\n004721\0286_01.jpg,n004721,n004721,asian,asian,males,males,,,1,0.40201002,22.653938,0.59799
data\processed\bfw\asian\n008401\0469_01.jpg,data\processed\bfw\asian\n007738\0097_01.jpg,n008401,n007738,asian,asian,females,females,,,0,0.42237267,26.121975,0.5776273
data\processed\bfw\asian\n004549\0039_01.jpg,data\processed\bfw\asian\n002331\0292_01.jpg,n004549,n002331,asian,asian,females,males,,,0,0.17495842,29.694155,0.8250416
data\processed\bfw\asian\n002331\0054_02.jpg,data\processed\bfw\asian\n000161\0119_02.jpg,n002331,n000161,asian,asian,males,males,,,0,0.30029052,27.022816,0.6997095
data\processed\bfw\asian\n006224\0201_01.jpg,data\processed\bfw\asian\n005116\0086_01.jpg,n006224,n005116,asian,asian,females,males,,,0,0.07158763,30.36003,0.9284124
data\processed\bfw\asian\n006148\0030_01.jpg,data\processed\bfw\asian\n002320\0272_03.jpg,n006148,n002320,asian,asian,females,males,,,0,-0.00988222,33.22354,1.0098822
data\processed\bfw\asian\n005177\0012_01.jpg,data\processed\bfw\asian\n005177\0042_01.jpg,n005177,n005177,asian,asian,males,males,,,1,0.8824457,11.320429,0.11755431
data\processed\bfw\asian\n000009\0012_01.jpg,data\processed\bfw\asian\n000009\0043_01.jpg,n000009,n000009,asian,asian,females,females,,,1,0.6746101,18.24753,0.32538992
data\processed\bfw\asian\n003162\0188_01.jpg,data\processed\bfw\asian\n003162\0259_01.jpg,n003162,n003162,asian,asian,males,males,,,1,0.679995,17.460062,0.320005
data\processed\bfw\asian\n009042\0085_01.jpg,data\processed\bfw\asian\n009042\0144_01.jpg,n009042,n009042,asian,asian,females,females,,,1,0.68673813,17.081644,0.31326187
data\processed\bfw\asian\n006222\0032_01.jpg,data\processed\bfw\asian\n006222\0122_01.jpg,n006222,n006222,asian,asian,females,females,,,1,0.6892165,17.777325,0.3107835
data\processed\bfw\asian\n007372\0013_01.jpg,data\processed\bfw\asian\n007372\0091_01.jpg,n007372,n007372,asian,asian,females,females,,,1,0.71461964,17.650072,0.28538036
data\processed\bfw\asian\n003167\0533_01.jpg,data\processed\bfw\asian\n000838\0040_02.jpg,n003167,n000838,asian,asian,males,females,,,0,0.21200821,28.57218,0.78799176
data\processed\bfw\asian\n006344\0113_01.jpg,data\processed\bfw\asian\n006344\0431_07.jpg,n006344,n006344,asian,asian,females,females,,,1,0.6669299,17.997147,0.3330701
data\processed\bfw\asian\n003223\0059_03.jpg,data\processed\bfw\asian\n003223\0089_01.jpg,n003223,n003223,asian,asian,males,males,,,1,0.6605709,17.786818,0.33942908
data\processed\bfw\asian\n009275\0034_02.jpg,data\processed\bfw\asian\n003155\1012_07.jpg,n009275,n003155,asian,asian,females,males,,,0,0.2381528,27.863997,0.7618472
data\processed\bfw\asian\n004721\0347_03.jpg,data\processed\bfw\asian\n004721\0505_01.jpg,n004721,n004721,asian,asian,males,males,,,1,0.6479694,19.041101,0.35203058
data\processed\bfw\asian\n000873\0050_02.jpg,data\processed\bfw\asian\n000873\0068_01.jpg,n000873,n000873,asian,asian,males,males,,,1,0.66671526,19.434565,0.33328474
data\processed\bfw\asian\n007385\0065_01.jpg,data\processed\bfw\asian\n007385\0193_01.jpg,n007385,n007385,asian,asian,females,females,,,1,0.7007915,17.185677,0.29920852
data\processed\bfw\asian\n004860\0040_01.jpg,data\processed\bfw\asian\n006358\0136_02.jpg,n004860,n006358,asian,asian,females,females,,,0,0.37592506,25.958473,0.62407494
data\processed\bfw\asian\n003824\0097_01.jpg,data\processed\bfw\asian\n009177\0053_02.jpg,n003824,n009177,asian,asian,females,females,,,0,0.23497675,27.626242,0.76502323
data\processed\bfw\asian\n003155\0178_01.jpg,data\processed\bfw\asian\n000837\0020_01.jpg,n003155,n000837,asian,asian,males,females,,,0,0.042015627,33.147846,0.9579844
data\processed\bfw\asian\n006633\0489_03.jpg,data\processed\bfw\asian\n003465\0204_01.jpg,n006633,n003465,asian,asian,females,males,,,0,-0.01816265,32.719246,1.0181626
data\processed\bfw\asian\n009148\0039_05.jpg,data\processed\bfw\asian\n009148\0097_01.jpg,n009148,n009148,asian,asian,females,females,,,1,0.46474662,24.50087,0.5352534
data\processed\bfw\asian\n006149\0139_02.jpg,data\processed\bfw\asian\n004935\0327_01.jpg,n006149,n004935,asian,asian,females,males,,,0,0.1252643,30.00188,0.8747357
data\processed\bfw\asian\n002552\0532_01.jpg,data\processed\bfw\asian\n002552\0561_08.jpg,n002552,n002552,asian,asian,males,males,,,1,0.6026291,22.412786,0.39737087
data\processed\bfw\asian\n000160\0436_01.jpg,data\processed\bfw\asian\n004930\0320_02.jpg,n000160,n004930,asian,asian,females,females,,,0,0.12705664,30.56229,0.87294334
data\processed\bfw\asian\n005077\0248_01.jpg,data\processed\bfw\asian\n007385\0137_01.jpg,n005077,n007385,asian,asian,females,females,,,0,0.4897591,22.612194,0.5102409
data\processed\bfw\asian\n002509\0191_01.jpg,data\processed\bfw\asian\n002509\0243_01.jpg,n002509,n002509,asian,asian,females,females,,,1,0.68060786,19.579529,0.31939214
data\processed\bfw\asian\n009137\0057_01.jpg,data\processed\bfw\asian\n009137\0321_02.jpg,n009137,n009137,asian,asian,females,females,,,1,0.74845654,16.159027,0.25154346
data\processed\bfw\asian\n004221\0155_01.jpg,data\processed\bfw\asian\n004221\0187_01.jpg,n004221,n004221,asian,asian,males,males,,,1,0.8406409,13.835947,0.1593591
data\processed\bfw\asian\n004680\0116_01.jpg,data\processed\bfw\asian\n004680\0430_01.jpg,n004680,n004680,asian,asian,females,females,,,1,0.55391765,22.838243,0.44608235
data\processed\bfw\asian\n003162\0379_02.jpg,data\processed\bfw\asian\n003162\0479_02.jpg,n003162,n003162,asian,asian,males,males,,,1,0.61888176,20.889463,0.38111824
data\processed\bfw\asian\n006633\0299_01.jpg,data\processed\bfw\asian\n006633\0489_03.jpg,n006633,n006633,asian,asian,females,females,,,1,0.47730252,24.671059,0.52269745
data\processed\bfw\asian\n008401\0405_01.jpg,data\processed\bfw\asian\n002331\0029_01.jpg,n008401,n002331,asian,asian,females,males,,,0,0.11565774,29.79602,0.88434225
data\processed\bfw\asian\n006125\0076_02.jpg,data\processed\bfw\asian\n006125\0247_01.jpg,n006125,n006125,asian,asian,females,females,,,1,0.5861416,20.85137,0.4138584
data\processed\bfw\asian\n004791\0204_01.jpg,data\processed\bfw\asian\n004791\0209_01.jpg,n004791,n004791,asian,asian,males,males,,,1,0.80558664,12.938328,0.19441336
data\processed\bfw\asian\n006148\0098_06.jpg,data\processed\bfw\asian\n005078\0079_01.jpg,n006148,n005078,asian,asian,females,males,,,0,0.17940617,29.158916,0.82059383
data\processed\bfw\asian\n005069\0062_01.jpg,data\processed\bfw\asian\n005069\0148_01.jpg,n005069,n005069,asian,asian,females,females,,,1,0.73593485,16.695911,0.26406515
data\processed\bfw\asian\n009287\0143_01.jpg,data\processed\bfw\asian\n009287\0173_01.jpg,n009287,n009287,asian,asian,females,females,,,1,0.7828835,14.837515,0.21711648
data\processed\bfw\asian\n008148\0183_01.jpg,data\processed\bfw\asian\n007816\0543_01.jpg,n008148,n007816,asian,asian,females,females,,,0,0.55012757,22.878706,0.44987243
data\processed\bfw\asian\n000139\0210_01.jpg,data\processed\bfw\asian\n000139\0498_01.jpg,n000139,n000139,asian,asian,females,females,,,1,0.67612225,19.352964,0.32387775
data\processed\bfw\asian\n007270\0124_01.jpg,data\processed\bfw\asian\n007270\0410_01.jpg,n007270,n007270,asian,asian,females,females,,,1,0.8477309,13.132008,0.15226912
data\processed\bfw\asian\n003463\0125_01.jpg,data\processed\bfw\asian\n003463\0132_01.jpg,n003463,n003463,asian,asian,males,males,,,1,0.9416898,7.6764617,0.05831021
data\processed\bfw\asian\n005446\0103_01.jpg,data\processed\bfw\asian\n005446\0141_01.jpg,n005446,n005446,asian,asian,females,females,,,1,0.8943143,9.627399,0.10568571
data\processed\bfw\asian\n009042\0098_05.jpg,data\processed\bfw\asian\n002644\0997_01.jpg,n009042,n002644,asian,asian,females,males,,,0,0.40647796,23.401146,0.5935221
data\processed\bfw\asian\n003449\0083_01.jpg,data\processed\bfw\asian\n003449\0210_04.jpg,n003449,n003449,asian,asian,females,females,,,1,0.52436906,21.733772,0.47563094
data\processed\bfw\asian\n000132\0332_01__face_0.jpg,data\processed\bfw\asian\n000838\0249_01.jpg,n000132,n000838,asian,asian,males,females,,,0,0.37100223,25.71703,0.6289978
data\processed\bfw\asian\n004469\0092_01.jpg,data\processed\bfw\asian\n004469\0124_01.jpg,n004469,n004469,asian,asian,males,males,,,1,0.38124454,24.169191,0.61875546
data\processed\bfw\asian\n004794\0019_01.jpg,data\processed\bfw\asian\n004794\0062_01.jpg,n004794,n004794,asian,asian,males,males,,,1,0.7666293,15.179143,0.23337072
data\processed\bfw\asian\n000138\0014_01.jpg,data\processed\bfw\asian\n004948\0440_01.jpg,n000138,n004948,asian,asian,females,males,,,0,0.1251838,28.983807,0.8748162
data\processed\bfw\asian\n000854\0282_01.jpg,data\processed\bfw\asian\n003824\0037_01.jpg,n000854,n003824,asian,asian,females,females,,,0,0.19901349,29.329721,0.8009865
data\processed\bfw\asian\n009288\0307_01.jpg,data\processed\bfw\asian\n001682\0074_01.jpg,n009288,n001682,asian,asian,females,males,,,0,0.111326106,30.518995,0.8886739
data\processed\bfw\asian\n000009\0122_02.jpg,data\processed\bfw\asian\n000009\0195_01.jpg,n000009,n000009,asian,asian,females,females,,,1,0.42777792,24.005625,0.5722221
data\processed\bfw\asian\n006736\0169_01.jpg,data\processed\bfw\asian\n006736\0349_01.jpg,n006736,n006736,asian,asian,females,females,,,1,0.7667364,16.30285,0.23326361
data\processed\bfw\asian\n000839\0067_01.jpg,data\processed\bfw\asian\n000839\0407_01.jpg,n000839,n000839,asian,asian,females,females,,,1,0.45532092,23.78165,0.54467905
data\processed\bfw\asian\n002775\0015_01.jpg,data\processed\bfw\asian\n003167\0595_01.jpg,n002775,n003167,asian,asian,males,males,,,0,0.2328983,28.497017,0.7671017
data\processed\bfw\asian\n003167\0042_07.jpg,data\processed\bfw\asian\n003167\0595_01.jpg,n003167,n003167,asian,asian,males,males,,,1,0.7597573,15.018796,0.24024272
data\processed\bfw\asian\n003156\0103_01.jpg,data\processed\bfw\asian\n004877\0076_01.jpg,n003156,n004877,asian,asian,males,females,,,0,0.12480051,32.025776,0.8751995
data\processed\bfw\asian\n002320\0210_02.jpg,data\processed\bfw\asian\n003357\0108_01.jpg,n002320,n003357,asian,asian,males,females,,,0,-0.17559865,35.639023,1.1755986
data\processed\bfw\asian\n000148\0152_01.jpg,data\processed\bfw\asian\n003482\0408_02.jpg,n000148,n003482,asian,asian,females,males,,,0,0.063460186,32.40054,0.9365398
data\processed\bfw\asian\n001496\0218_01.jpg,data\processed\bfw\asian\n001496\0617_02.jpg,n001496,n001496,asian,asian,males,males,,,1,0.84397244,12.185566,0.15602756
data\processed\bfw\asian\n003155\0135_01.jpg,data\processed\bfw\asian\n003027\0448_07.jpg,n003155,n003027,asian,asian,males,males,,,0,0.085503876,31.826424,0.9144961
data\processed\bfw\asian\n004809\0013_12.jpg,data\processed\bfw\asian\n004721\0145_01.jpg,n004809,n004721,asian,asian,males,males,,,0,0.5288271,21.221054,0.47117293
data\processed\bfw\asian\n001682\0031_01.jpg,data\processed\bfw\asian\n001682\0143_02.jpg,n001682,n001682,asian,asian,males,males,,,1,0.79119843,14.972654,0.20880157
data\processed\bfw\asian\n000854\0262_01.jpg,data\processed\bfw\asian\n000854\0428_01.jpg,n000854,n000854,asian,asian,females,females,,,1,0.50357103,24.10093,0.49642897
data\processed\bfw\asian\n004221\0135_02.jpg,data\processed\bfw\asian\n004221\0243_01.jpg,n004221,n004221,asian,asian,males,males,,,1,0.73915654,17.286957,0.26084346
data\processed\bfw\asian\n006149\0009_01.jpg,data\processed\bfw\asian\n001572\0262_01.jpg,n006149,n001572,asian,asian,females,females,,,0,0.26269615,27.895962,0.73730385
data\processed\bfw\asian\n006148\0030_01.jpg,data\processed\bfw\asian\n006148\0254_01.jpg,n006148,n006148,asian,asian,females,females,,,1,0.68436104,17.09225,0.31563896
data\processed\bfw\asian\n005077\0079_01.jpg,data\processed\bfw\asian\n002725\0062_01.jpg,n005077,n002725,asian,asian,females,females,,,0,0.17725547,28.684559,0.82274455
data\processed\bfw\asian\n001976\0283_01.jpg,data\processed\bfw\asian\n001864\0038_01.jpg,n001976,n001864,asian,asian,males,males,,,0,0.3339135,27.830854,0.6660865
data\processed\bfw\asian\n005078\0107_01.jpg,data\processed\bfw\asian\n005078\0295_03.jpg,n005078,n005078,asian,asian,males,males,,,1,0.381154,24.700516,0.618846
data\processed\bfw\asian\n000137\0082_02.jpg,data\processed\bfw\asian\n000137\0097_01.jpg,n000137,n000137,asian,asian,females,females,,,1,0.6968598,18.821606,0.30314022
data\processed\bfw\asian\n003167\0064_01.jpg,data\processed\bfw\asian\n003167\0595_01.jpg,n003167,n003167,asian,asian,males,males,,,1,0.8412115,12.245416,0.1587885
data\processed\bfw\asian\n002509\0139_03.jpg,data\processed\bfw\asian\n002509\0223_01.jpg,n002509,n002509,asian,asian,females,females,,,1,0.26069593,28.181122,0.73930407
data\processed\bfw\asian\n006203\0129_01.jpg,data\processed\bfw\asian\n005216\0043_01.jpg,n006203,n005216,asian,asian,females,females,,,0,0.46257854,23.086159,0.53742146
data\processed\bfw\asian\n004109\0131_01.jpg,data\processed\bfw\asian\n006149\0162_01.jpg,n004109,n006149,asian,asian,males,females,,,0,0.16528432,29.81499,0.83471566
data\processed\bfw\asian\n009042\0020_01.jpg,data\processed\bfw\asian\n001682\0052_01.jpg,n009042,n001682,asian,asian,females,males,,,0,0.21677148,28.68919,0.7832285
data\processed\bfw\asian\n004877\0073_01.jpg,data\processed\bfw\asian\n000436\0002_01.jpg,n004877,n000436,asian,asian,females,males,,,0,0.13853525,31.427382,0.86146474
data\processed\bfw\asian\n003162\0023_01.jpg,data\processed\bfw\asian\n003162\0379_02.jpg,n003162,n003162,asian,asian,males,males,,,1,0.66399544,18.240631,0.33600456
data\processed\bfw\asian\n008401\0139_02.jpg,data\processed\bfw\asian\n005085\0005_01.jpg,n008401,n005085,asian,asian,females,females,,,0,0.37502477,24.889742,0.6249752
data\processed\bfw\asian\n003156\0058_01.jpg,data\processed\bfw\asian\n005177\0013_01.jpg,n003156,n005177,asian,asian,males,males,,,0,0.03938264,33.007618,0.96061736
data\processed\bfw\asian\n003506\0278_02.jpg,data\processed\bfw\asian\n003506\0428_02.jpg,n003506,n003506,asian,asian,females,females,,,1,0.45402247,24.370132,0.54597753
data\processed\bfw\asian\n004794\0124_03.jpg,data\processed\bfw\asian\n004794\0612_01.jpg,n004794,n004794,asian,asian,males,males,,,1,0.73412216,16.602491,0.26587784
data\processed\bfw\asian\n009137\0031_03.jpg,data\processed\bfw\asian\n000161\0223_01.jpg,n009137,n000161,asian,asian,females,males,,,0,0.04341822,31.493015,0.9565818
data\processed\bfw\asian\n001572\0115_01.jpg,data\processed\bfw\asian\n004860\0779_01.jpg,n001572,n004860,asian,asian,females,females,,,0,0.13891962,29.27542,0.8610804
data\processed\bfw\asian\n009278\0137_01.jpg,data\processed\bfw\asian\n005085\0401_01.jpg,n009278,n005085,asian,asian,females,females,,,0,0.5147266,21.921423,0.48527342
data\processed\bfw\asian\n004935\0351_01.jpg,data\processed\bfw\asian\n000854\0275_01.jpg,n004935,n000854,asian,asian,males,females,,,0,0.09083194,31.036575,0.90916806
data\processed\bfw\asian\n007270\0471_01.jpg,data\processed\bfw\asian\n009278\0259_01.jpg,n007270,n009278,asian,asian,females,females,,,0,0.35213462,26.578402,0.6478654
data\processed\bfw\asian\n009278\0228_01.jpg,data\processed\bfw\asian\n004721\0046_01.jpg,n009278,n004721,asian,asian,females,males,,,0,0.11246252,28.504246,0.8875375
data\processed\bfw\asian\n005177\0152_01.jpg,data\processed\bfw\asian\n005177\0303_01.jpg,n005177,n005177,asian,asian,males,males,,,1,0.7951351,15.475511,0.20486492
data\processed\bfw\asian\n004467\0677_01.jpg,data\processed\bfw\asian\n004870\0133_02.jpg,n004467,n004870,asian,asian,males,females,,,0,0.37376496,24.714392,0.626235
data\processed\bfw\asian\n001496\0608_01.jpg,data\processed\bfw\asian\n009275\0397_03.jpg,n001496,n009275,asian,asian,males,females,,,0,-0.08508217,32.629433,1.0850822
data\processed\bfw\asian\n002509\0157_01.jpg,data\processed\bfw\asian\n002509\0319_01.jpg,n002509,n002509,asian,asian,females,females,,,1,0.5784226,21.990988,0.4215774
data\processed\bfw\asian\n004787\0158_01.jpg,data\processed\bfw\asian\n004787\0284_02.jpg,n004787,n004787,asian,asian,females,females,,,1,0.72618616,17.120665,0.27381384
data\processed\bfw\asian\n003463\0127_01.jpg,data\processed\bfw\asian\n001572\0010_01.jpg,n003463,n001572,asian,asian,males,females,,,0,0.29005578,26.934072,0.70994425
data\processed\bfw\asian\n006203\0357_01.jpg,data\processed\bfw\asian\n009279\0015_01.jpg,n006203,n009279,asian,asian,females,females,,,0,0.35380504,22.821016,0.64619493
data\processed\bfw\asian\n008163\0022_02.jpg,data\processed\bfw\asian\n008163\0640_01.jpg,n008163,n008163,asian,asian,females,females,,,1,0.8001648,13.654442,0.19983518
data\processed\bfw\asian\n000436\0348_01.jpg,data\processed\bfw\asian\n001572\0156_01.jpg,n000436,n001572,asian,asian,males,females,,,0,0.37325463,24.613325,0.62674534
data\processed\bfw\asian\n005474\0298_05.jpg,data\processed\bfw\asian\n005474\0726_02.jpg,n005474,n005474,asian,asian,females,females,,,1,0.5067119,23.552526,0.4932881
data\processed\bfw\asian\n001682\0142_01.jpg,data\processed\bfw\asian\n004794\0015_01.jpg,n001682,n004794,asian,asian,males,males,,,0,0.050971676,31.729218,0.9490283
data\processed\bfw\asian\n004948\0199_02.jpg,data\processed\bfw\asian\n004948\0341_01.jpg,n004948,n004948,asian,asian,males,males,,,1,0.67893875,18.79896,0.32106125
data\processed\bfw\asian\n009148\0012_01.jpg,data\processed\bfw\asian\n009148\0050_05.jpg,n009148,n009148,asian,asian,females,females,,,1,0.58922946,20.69337,0.41077054
data\processed\bfw\asian\n004467\0004_01.jpg,data\processed\bfw\asian\n004467\0418_01.jpg,n004467,n004467,asian,asian,males,males,,,1,0.69956046,18.484003,0.30043954
data\processed\bfw\asian\n004681\0206_01.jpg,data\processed\bfw\asian\n004681\0266_02.jpg,n004681,n004681,asian,asian,males,males,,,1,0.9125687,8.635535,0.08743131
data\processed\bfw\asian\n006148\0074_01.jpg,data\processed\bfw\asian\n006148\0595_02.jpg,n006148,n006148,asian,asian,females,females,,,1,0.7209576,16.056654,0.27904242
data\processed\bfw\asian\n003482\0021_02.jpg,data\processed\bfw\asian\n003482\0227_01.jpg,n003482,n003482,asian,asian,males,males,,,1,0.6503503,18.757402,0.34964973
data\processed\bfw\asian\n005085\0666_02.jpg,data\processed\bfw\asian\n003635\0606_02.jpg,n005085,n003635,asian,asian,females,males,,,0,-0.023717988,32.641018,1.023718
data\processed\bfw\asian\n003153\0172_02.jpg,data\processed\bfw\asian\n009294\0063_01.jpg,n003153,n009294,asian,asian,females,females,,,0,0.11272754,30.680578,0.8872725
data\processed\bfw\asian\n004791\0361_01.jpg,data\processed\bfw\asian\n006148\0102_02.jpg,n004791,n006148,asian,asian,males,females,,,0,0.008258405,31.606415,0.9917416
data\processed\bfw\asian\n005071\0128_02.jpg,data\processed\bfw\asian\n005071\0154_01.jpg,n005071,n005071,asian,asian,males,males,,,1,0.7578921,16.416603,0.24210793
data\processed\bfw\asian\n004549\0368_01.jpg,data\processed\bfw\asian\n007089\0058_01.jpg,n004549,n007089,asian,asian,females,females,,,0,0.5145827,22.231272,0.4854173
data\processed\bfw\asian\n005177\0063_01.jpg,data\processed\bfw\asian\n005177\0152_01.jpg,n005177,n005177,asian,asian,males,males,,,1,0.72967625,17.838524,0.27032375
data\processed\bfw\asian\n005177\0045_01.jpg,data\processed\bfw\asian\n005177\0196_01.jpg,n005177,n005177,asian,asian,males,males,,,1,0.66508025,17.844524,0.33491975
data\processed\bfw\asian\n005072\0350_01.jpg,data\processed\bfw\asian\n004681\0340_01.jpg,n005072,n004681,asian,asian,males,males,,,0,0.13175142,30.282228,0.8682486
data\processed\bfw\asian\n003557\0102_03.jpg,data\processed\bfw\asian\n003557\0459_01.jpg,n003557,n003557,asian,asian,females,females,,,1,0.51861596,21.24265,0.48138404
data\processed\bfw\asian\n009294\0098_01.jpg,data\processed\bfw\asian\n009294\0194_01.jpg,n009294,n009294,asian,asian,females,females,,,1,0.52246594,22.13504,0.47753406
data\processed\bfw\asian\n006224\0138_01.jpg,data\processed\bfw\asian\n006224\0164_01.jpg,n006224,n006224,asian,asian,females,females,,,1,0.7934905,15.834956,0.20650947
data\processed\bfw\asian\n006619\0197_01.jpg,data\processed\bfw\asian\n006619\0334_03.jpg,n006619,n006619,asian,asian,females,females,,,1,0.7007112,17.004807,0.2992888
data\processed\bfw\asian\n008934\0111_01.jpg,data\processed\bfw\asian\n008934\0211_01.jpg,n008934,n008934,asian,asian,females,females,,,1,0.52764326,22.38555,0.47235674
data\processed\bfw\asian\n003465\0241_01.jpg,data\processed\bfw\asian\n000132\0027_01__face_0.jpg,n003465,n000132,asian,asian,males,males,,,0,0.3023844,28.544447,0.6976156
data\processed\bfw\asian\n009288\0281_02.jpg,data\processed\bfw\asian\n009288\0299_01.jpg,n009288,n009288,asian,asian,females,females,,,1,0.65109026,19.25298,0.34890974
data\processed\bfw\asian\n006223\0160_01.jpg,data\processed\bfw\asian\n006223\0260_01.jpg,n006223,n006223,asian,asian,females,females,,,1,0.7207867,16.577904,0.2792133
data\processed\bfw\asian\n002406\0103_01.jpg,data\processed\bfw\asian\n002406\0165_03.jpg,n002406,n002406,asian,asian,males,males,,,1,0.48123837,23.94511,0.51876163
data\processed\bfw\asian\n005216\0307_01.jpg,data\processed\bfw\asian\n006774\0075_01.jpg,n005216,n006774,asian,asian,females,females,,,0,0.49443924,21.701746,0.50556076
data\processed\bfw\asian\n009276\0106_07.jpg,data\processed\bfw\asian\n009276\0140_04.jpg,n009276,n009276,asian,asian,females,females,,,1,0.5010425,23.148298,0.4989575
data\processed\bfw\asian\n004467\0656_01.jpg,data\processed\bfw\asian\n000838\0037_01.jpg,n004467,n000838,asian,asian,males,females,,,0,0.17237033,30.296408,0.8276297
data\processed\bfw\asian\n005378\0242_02.jpg,data\processed\bfw\asian\n005378\0294_01.jpg,n005378,n005378,asian,asian,females,females,,,1,0.44476336,23.995834,0.55523664
data\processed\bfw\asian\n004870\0007_01.jpg,data\processed\bfw\asian\n004870\0020_01.jpg,n004870,n004870,asian,asian,females,females,,,1,0.80230665,14.225065,0.19769335
data\processed\bfw\asian\n006203\0130_01.jpg,data\processed\bfw\asian\n006203\0241_05.jpg,n006203,n006203,asian,asian,females,females,,,1,0.8485294,12.909155,0.1514706
data\processed\bfw\asian\n004686\0077_01.jpg,data\processed\bfw\asian\n004686\0433_01.jpg,n004686,n004686,asian,asian,males,males,,,1,0.4685504,24.38827,0.53144956
data\processed\bfw\asian\n004800\0111_01.jpg,data\processed\bfw\asian\n004930\0290_01.jpg,n004800,n004930,asian,asian,males,females,,,0,0.2181334,28.53123,0.7818666
data\processed\bfw\asian\n009125\0181_01.jpg,data\processed\bfw\asian\n004687\0216_01.jpg,n009125,n004687,asian,asian,females,females,,,0,0.11144099,32.077446,0.888559
data\processed\bfw\asian\n005069\0246_01.jpg,data\processed\bfw\asian\n003465\0241_01.jpg,n005069,n003465,asian,asian,females,males,,,0,0.13539031,30.940788,0.8646097
data\processed\bfw\asian\n007089\0055_01.jpg,data\processed\bfw\asian\n002775\0034_02.jpg,n007089,n002775,asian,asian,females,males,,,0,0.2253791,28.888134,0.7746209
data\processed\bfw\asian\n003449\0164_01.jpg,data\processed\bfw\asian\n003824\0335_01.jpg,n003449,n003824,asian,asian,females,females,,,0,0.43617505,24.357975,0.56382495
data\processed\bfw\asian\n007816\0279_01.jpg,data\processed\bfw\asian\n007816\0397_01.jpg,n007816,n007816,asian,asian,females,females,,,1,0.79514706,14.519668,0.20485294
data\processed\bfw\asian\n003481\0096_02.jpg,data\processed\bfw\asian\n004466\0003_01.jpg,n003481,n004466,asian,asian,females,males,,,0,0.15099402,30.776056,0.849006
data\processed\bfw\asian\n004687\0113_01.jpg,data\processed\bfw\asian\n004687\0268_01.jpg,n004687,n004687,asian,asian,females,females,,,1,0.54704773,22.517847,0.45295227
data\processed\bfw\asian\n000143\0013_01.jpg,data\processed\bfw\asian\n000143\0069_01.jpg,n000143,n000143,asian,asian,females,females,,,1,0.8080382,13.836515,0.19196182
data\processed\bfw\asian\n005378\0093_02.jpg,data\processed\bfw\asian\n005378\0234_02.jpg,n005378,n005378,asian,asian,females,females,,,1,0.32545114,24.978241,0.67454886
data\processed\bfw\asian\n000143\0064_01.jpg,data\processed\bfw\asian\n009041\0562_01.jpg,n000143,n009041,asian,asian,females,females,,,0,0.091795176,30.526487,0.9082048
data\processed\bfw\asian\n004109\0047_02.jpg,data\processed\bfw\asian\n000143\0135_02.jpg,n004109,n000143,asian,asian,males,females,,,0,0.007272981,30.166979,0.99272704
data\processed\bfw\asian\n000837\0009_01.jpg,data\processed\bfw\asian\n009287\0143_01.jpg,n000837,n009287,asian,asian,females,females,,,0,0.32847247,27.409498,0.6715275
data\processed\bfw\asian\n009175\0061_01.jpg,data\processed\bfw\asian\n006149\0096_01.jpg,n009175,n006149,asian,asian,females,females,,,0,0.27548862,27.314367,0.7245114
data\processed\bfw\asian\n003489\0061_01.jpg,data\processed\bfw\asian\n003482\0284_06.jpg,n003489,n003482,asian,asian,males,males,,,0,0.20281614,30.569887,0.7971839
data\processed\bfw\asian\n007372\0086_01.jpg,data\processed\bfw\asian\n005446\0475_01.jpg,n007372,n005446,asian,asian,females,females,,,0,0.21895635,28.052757,0.78104365
data\processed\bfw\asian\n004721\0177_01.jpg,data\processed\bfw\asian\n004721\0347_03.jpg,n004721,n004721,asian,asian,males,males,,,1,0.8602475,11.52609,0.1397525
data\processed\bfw\asian\n007380\0073_01.jpg,data\processed\bfw\asian\n000132\0234_01__face_0.jpg,n007380,n000132,asian,asian,females,males,,,0,-0.0064493455,33.572353,1.0064493
data\processed\bfw\asian\n000137\0059_01.jpg,data\processed\bfw\asian\n000132\0094_02__face_0.jpg,n000137,n000132,asian,asian,females,males,,,0,0.21544243,29.559708,0.7845576
data\processed\bfw\asian\n003491\0024_01.jpg,data\processed\bfw\asian\n006148\0165_01.jpg,n003491,n006148,asian,asian,males,females,,,0,0.07067833,31.857082,0.92932165
data\processed\bfw\asian\n000143\0081_01.jpg,data\processed\bfw\asian\n005063\0439_01.jpg,n000143,n005063,asian,asian,females,females,,,0,0.60088277,19.157276,0.39911723
data\processed\bfw\asian\n003357\0422_01.jpg,data\processed\bfw\asian\n001682\0074_01.jpg,n003357,n001682,asian,asian,females,males,,,0,-0.18177442,34.518265,1.1817744
data\processed\bfw\asian\n003491\0033_01.jpg,data\processed\bfw\asian\n003491\0070_06.jpg,n003491,n003491,asian,asian,males,males,,,1,0.8415478,13.43999,0.15845221
data\processed\bfw\asian\n002331\0199_01.jpg,data\processed\bfw\asian\n002331\0277_01.jpg,n002331,n002331,asian,asian,males,males,,,1,0.45749685,24.369406,0.5425031
data\processed\bfw\asian\n005085\0464_01.jpg,data\processed\bfw\asian\n005085\0679_01.jpg,n005085,n005085,asian,asian,females,females,,,1,0.3305383,27.452576,0.6694617
data\processed\bfw\asian\n003506\0307_01.jpg,data\processed\bfw\asian\n001496\0171_01.jpg,n003506,n001496,asian,asian,females,males,,,0,0.17628624,29.707613,0.8237138
data\processed\bfw\asian\n004805\0025_01.jpg,data\processed\bfw\asian\n004805\0289_01.jpg,n004805,n004805,asian,asian,males,males,,,1,0.7533777,16.082108,0.24662232
data\processed\bfw\asian\n005078\0072_01.jpg,data\processed\bfw\asian\n005078\0581_01.jpg,n005078,n005078,asian,asian,males,males,,,1,0.40296313,27.328115,0.59703684
data\processed\bfw\asian\n005083\0198_01.jpg,data\processed\bfw\asian\n000873\0534_01.jpg,n005083,n000873,asian,asian,females,males,,,0,0.29519206,28.244043,0.70480794
data\processed\bfw\asian\n008383\0161_02.jpg,data\processed\bfw\asian\n002320\0006_01.jpg,n008383,n002320,asian,asian,females,males,,,0,0.20079485,30.234264,0.7992052
data\processed\bfw\asian\n003027\0047_01.jpg,data\processed\bfw\asian\n005177\0019_01.jpg,n003027,n005177,asian,asian,males,males,,,0,0.4559411,22.969412,0.5440589
data\processed\bfw\asian\n002725\0039_02.jpg,data\processed\bfw\asian\n002725\0267_01.jpg,n002725,n002725,asian,asian,females,females,,,1,0.65945995,19.367323,0.34054005
data\processed\bfw\asian\n003557\0013_01.jpg,data\processed\bfw\asian\n000837\0020_01.jpg,n003557,n000837,asian,asian,females,females,,,0,0.13979751,29.700161,0.8602025
data\processed\bfw\asian\n003223\0059_03.jpg,data\processed\bfw\asian\n003223\0070_02.jpg,n003223,n003223,asian,asian,males,males,,,1,0.49817878,21.9931,0.5018212
data\processed\bfw\asian\n006159\0127_02.jpg,data\processed\bfw\asian\n006159\0244_01.jpg,n006159,n006159,asian,asian,females,females,,,1,0.7677912,16.383165,0.23220879
data\processed\bfw\asian\n003467\0217_01.jpg,data\processed\bfw\asian\n006358\0041_01.jpg,n003467,n006358,asian,asian,females,females,,,0,0.35056534,27.858398,0.6494347
data\processed\bfw\asian\n007270\0124_01.jpg,data\processed\bfw\asian\n007270\0289_01.jpg,n007270,n007270,asian,asian,females,females,,,1,0.88621885,11.073552,0.113781154
data\processed\bfw\asian\n004860\0820_01.jpg,data\processed\bfw\asian\n007380\0475_01.jpg,n004860,n007380,asian,asian,females,females,,,0,0.20512034,29.262274,0.7948797
data\processed\bfw\asian\n003357\0001_01.jpg,data\processed\bfw\asian\n004935\0703_01.jpg,n003357,n004935,asian,asian,females,males,,,0,-0.003531766,31.410261,1.0035318
data\processed\bfw\asian\n004687\0113_01.jpg,data\processed\bfw\asian\n000137\0265_01.jpg,n004687,n000137,asian,asian,females,females,,,0,0.3576901,26.588963,0.6423099
data\processed\bfw\asian\n000135\0467_01.jpg,data\processed\bfw\asian\n003155\0393_01.jpg,n000135,n003155,asian,asian,females,males,,,0,0.20203282,29.246868,0.7979672
data\processed\bfw\asian\n000161\0001_01.jpg,data\processed\bfw\asian\n000161\0141_02.jpg,n000161,n000161,asian,asian,males,males,,,1,0.8415185,13.255309,0.15848148
data\processed\bfw\asian\n004725\0121_01.jpg,data\processed\bfw\asian\n004725\0302_01.jpg,n004725,n004725,asian,asian,males,males,,,1,0.8571805,11.931303,0.14281952
data\processed\bfw\asian\n000161\0477_01.jpg,data\processed\bfw\asian\n001682\0031_01.jpg,n000161,n001682,asian,asian,males,males,,,0,0.30551702,26.38126,0.694483
data\processed\bfw\asian\n007899\0166_01.jpg,data\processed\bfw\asian\n007899\0172_04.jpg,n007899,n007899,asian,asian,females,females,,,1,0.7532991,16.547688,0.24670088
data\processed\bfw\asian\n004221\0114_02.jpg,data\processed\bfw\asian\n004221\0124_01.jpg,n004221,n004221,asian,asian,males,males,,,1,0.82907945,13.551583,0.17092055
data\processed\bfw\asian\n004805\0025_01.jpg,data\processed\bfw\asian\n009278\0039_02.jpg,n004805,n009278,asian,asian,males,females,,,0,0.30384213,25.594173,0.6961579
data\processed\bfw\asian\n008148\0082_01.jpg,data\processed\bfw\asian\n002775\0088_02.jpg,n008148,n002775,asian,asian,females,males,,,0,-0.03145486,33.480885,1.0314548
data\processed\bfw\asian\n006149\0005_01.jpg,data\processed\bfw\asian\n006149\0064_01.jpg,n006149,n006149,asian,asian,females,females,,,1,0.6797608,18.943453,0.3202392
data\processed\bfw\asian\n004930\0200_01.jpg,data\processed\bfw\asian\n004930\0236_01.jpg,n004930,n004930,asian,asian,females,females,,,1,0.6281406,20.954454,0.37185937
data\processed\bfw\asian\n004877\0004_01.jpg,data\processed\bfw\asian\n004877\0007_01.jpg,n004877,n004877,asian,asian,females,females,,,1,0.76661474,15.235339,0.23338526
data\processed\bfw\asian\n006148\0254_01.jpg,data\processed\bfw\asian\n006358\0029_02.jpg,n006148,n006358,asian,asian,females,females,,,0,0.17193949,29.822851,0.8280605
data\processed\bfw\asian\n006619\0288_01.jpg,data\processed\bfw\asian\n006619\0333_01.jpg,n006619,n006619,asian,asian,females,females,,,1,0.5448506,22.40737,0.4551494
data\processed\bfw\asian\n007899\0174_01.jpg,data\processed\bfw\asian\n007899\0250_01.jpg,n007899,n007899,asian,asian,females,females,,,1,0.68810576,17.110073,0.31189424
data\processed\bfw\asian\n004870\0069_01.jpg,data\processed\bfw\asian\n004870\0178_06.jpg,n004870,n004870,asian,asian,females,females,,,1,0.59547704,21.755821,0.40452296
data\processed\bfw\asian\n007380\0088_01.jpg,data\processed\bfw\asian\n003481\0107_01.jpg,n007380,n003481,asian,asian,females,females,,,0,0.29536158,27.234175,0.7046384
data\processed\bfw\asian\n006224\0067_01.jpg,data\processed\bfw\asian\n006224\0116_01.jpg,n006224,n006224,asian,asian,females,females,,,1,0.6827094,19.384853,0.3172906
data\processed\bfw\asian\n009041\0134_01.jpg,data\processed\bfw\asian\n009041\0560_01.jpg,n009041,n009041,asian,asian,females,females,,,1,0.67248315,19.336153,0.32751685
data\processed\bfw\asian\n005069\0225_01.jpg,data\processed\bfw\asian\n009103\0421_01.jpg,n005069,n009103,asian,asian,females,females,,,0,0.48592165,21.718168,0.5140784
data\processed\bfw\asian\n004930\0235_01.jpg,data\processed\bfw\asian\n009278\0039_02.jpg,n004930,n009278,asian,asian,females,females,,,0,0.47667873,24.216713,0.5233213
data\processed\bfw\asian\n006159\0183_01.jpg,data\processed\bfw\asian\n006159\0244_01.jpg,n006159,n006159,asian,asian,females,females,,,1,0.66257536,20.09428,0.33742464
data\processed\bfw\asian\n004785\0145_01.jpg,data\processed\bfw\asian\n004109\0032_02.jpg,n004785,n004109,asian,asian,females,males,,,0,0.15753053,30.042658,0.84246945
data\processed\bfw\asian\n005078\0107_01.jpg,data\processed\bfw\asian\n005078\0134_01.jpg,n005078,n005078,asian,asian,males,males,,,1,0.7480937,16.870955,0.25190628
data\processed\bfw\asian\n004469\0083_02.jpg,data\processed\bfw\asian\n004469\0807_01.jpg,n004469,n004469,asian,asian,males,males,,,1,0.787277,14.671528,0.21272302
data\processed\bfw\asian\n007816\0030_01.jpg,data\processed\bfw\asian\n007816\0279_01.jpg,n007816,n007816,asian,asian,females,females,,,1,0.7388228,16.659407,0.26117718
data\processed\bfw\asian\n003153\0610_04.jpg,data\processed\bfw\asian\n003167\0141_01.jpg,n003153,n003167,asian,asian,females,males,,,0,0.049074903,29.30172,0.9509251
data\processed\bfw\asian\n009042\0059_01.jpg,data\processed\bfw\asian\n009125\0363_01.jpg,n009042,n009125,asian,asian,females,females,,,0,0.19124408,28.882177,0.80875593
data\processed\bfw\asian\n000148\0025_01.jpg,data\processed\bfw\asian\n000148\0482_01.jpg,n000148,n000148,asian,asian,females,females,,,1,0.43665612,24.234522,0.5633439
data\processed\bfw\asian\n003357\0406_01.jpg,data\processed\bfw\asian\n003357\0469_01.jpg,n003357,n003357,asian,asian,females,females,,,1,0.49800095,22.019325,0.501999
data\processed\bfw\asian\n009276\0298_01.jpg,data\processed\bfw\asian\n009276\0317_01.jpg,n009276,n009276,asian,asian,females,females,,,1,0.6953942,18.312963,0.30460578
data\processed\bfw\asian\n000839\0168_01.jpg,data\processed\bfw\asian\n000839\0479_01.jpg,n000839,n000839,asian,asian,females,females,,,1,0.7271558,17.158075,0.2728442
data\processed\bfw\asian\n004787\0278_01.jpg,data\processed\bfw\asian\n004787\0679_05.jpg,n004787,n004787,asian,asian,females,females,,,1,0.38474014,26.85904,0.6152599
data\processed\bfw\asian\n009276\0361_01.jpg,data\processed\bfw\asian\n003635\0177_02.jpg,n009276,n003635,asian,asian,females,males,,,0,0.116994984,32.233547,0.883005
data\processed\bfw\asian\n006223\0239_01.jpg,data\processed\bfw\asian\n006223\0519_01.jpg,n006223,n006223,asian,asian,females,females,,,1,0.4057489,24.306416,0.5942511
data\processed\bfw\asian\n000158\0199_03.jpg,data\processed\bfw\asian\n006344\0192_02.jpg,n000158,n006344,asian,asian,males,females,,,0,0.18728709,29.008652,0.8127129
data\processed\bfw\asian\n008383\0068_01.jpg,data\processed\bfw\asian\n004680\0178_01.jpg,n008383,n004680,asian,asian,females,females,,,0,0.21329825,28.772865,0.78670174
data\processed\bfw\asian\n008163\0229_01.jpg,data\processed\bfw\asian\n008163\0429_01.jpg,n008163,n008163,asian,asian,females,females,,,1,0.7822646,14.31424,0.21773541
data\processed\bfw\asian\n006344\0322_01.jpg,data\processed\bfw\asian\n006344\0577_01.jpg,n006344,n006344,asian,asian,females,females,,,1,0.3602335,24.121088,0.6397665
data\processed\bfw\asian\n004472\0484_01.jpg,data\processed\bfw\asian\n004877\0135_01.jpg,n004472,n004877,asian,asian,females,females,,,0,0.46512073,25.390503,0.53487927
data\processed\bfw\asian\n004549\0296_01.jpg,data\processed\bfw\asian\n004549\0357_03.jpg,n004549,n004549,asian,asian,females,females,,,1,0.38349718,25.436707,0.6165028
data\processed\bfw\asian\n003463\0304_01.jpg,data\processed\bfw\asian\n003465\0169_01.jpg,n003463,n003465,asian,asian,males,males,,,0,0.4569913,23.729006,0.5430087
data\processed\bfw\asian\n004809\0238_01.jpg,data\processed\bfw\asian\n004809\0328_01.jpg,n004809,n004809,asian,asian,males,males,,,1,0.8186445,13.7376585,0.18135548
data\processed\bfw\asian\n009041\0032_01.jpg,data\processed\bfw\asian\n009041\0118_01.jpg,n009041,n009041,asian,asian,females,females,,,1,0.5302482,24.047045,0.46975178
data\processed\bfw\asian\n000161\0125_01.jpg,data\processed\bfw\asian\n003167\0064_01.jpg,n000161,n003167,asian,asian,males,males,,,0,0.5161191,21.536171,0.48388088
data\processed\bfw\asian\n004800\0169_01.jpg,data\processed\bfw\asian\n000137\0032_01.jpg,n004800,n000137,asian,asian,males,females,,,0,0.16376813,29.478914,0.8362319
data\processed\bfw\asian\n009287\0185_01.jpg,data\processed\bfw\asian\n009287\0256_04.jpg,n009287,n009287,asian,asian,females,females,,,1,0.75492096,15.792552,0.24507904
data\processed\bfw\asian\n007664\0045_01.jpg,data\processed\bfw\asian\n007664\0065_01.jpg,n007664,n007664,asian,asian,females,females,,,1,0.70780236,15.877359,0.29219764
data\processed\bfw\asian\n000838\0060_04.jpg,data\processed\bfw\asian\n000838\0066_01.jpg,n000838,n000838,asian,asian,females,females,,,1,0.7454188,16.908335,0.2545812
data\processed\bfw\asian\n005474\0129_02.jpg,data\processed\bfw\asian\n005474\0162_02.jpg,n005474,n005474,asian,asian,females,females,,,1,0.53593963,22.50076,0.46406037
data\processed\bfw\asian\n006619\0005_01.jpg,data\processed\bfw\asian\n004786\0056_01.jpg,n006619,n004786,asian,asian,females,females,,,0,0.112081066,29.845964,0.88791895
data\processed\bfw\asian\n000158\0367_01.jpg,data\processed\bfw\asian\n001682\0142_01.jpg,n000158,n001682,asian,asian,males,males,,,0,0.3879583,28.406502,0.6120417
data\processed\bfw\asian\n004864\0004_01.jpg,data\processed\bfw\asian\n004864\0148_01.jpg,n004864,n004864,asian,asian,females,females,,,1,0.85360724,12.122602,0.14639276
data\processed\bfw\asian\n009287\0261_01.jpg,data\processed\bfw\asian\n009287\0278_01.jpg,n009287,n009287,asian,asian,females,females,,,1,0.2117206,28.525085,0.7882794
data\processed\bfw\asian\n005446\0279_01.jpg,data\processed\bfw\asian\n005474\0129_02.jpg,n005446,n005474,asian,asian,females,females,,,0,0.22246382,28.45533,0.77753615
data\processed\bfw\asian\n002775\0011_07.jpg,data\processed\bfw\asian\n002775\0074_01.jpg,n002775,n002775,asian,asian,males,males,,,1,0.7976782,14.258529,0.20232183
data\processed\bfw\asian\n003824\0148_01.jpg,data\processed\bfw\asian\n003824\0335_01.jpg,n003824,n003824,asian,asian,females,females,,,1,0.62090105,20.489666,0.37909895
data\processed\bfw\asian\n000137\0248_01.jpg,data\processed\bfw\asian\n003489\0051_03.jpg,n000137,n003489,asian,asian,females,males,,,0,0.120306544,31.159824,0.87969345
data\processed\bfw\asian\n005177\0032_01.jpg,data\processed\bfw\asian\n005177\0321_01.jpg,n005177,n005177,asian,asian,males,males,,,1,0.88538885,11.30964,0.11461115
data\processed\bfw\asian\n007378\0112_03.jpg,data\processed\bfw\asian\n007378\0474_01.jpg,n007378,n007378,asian,asian,females,females,,,1,0.6967104,17.579657,0.3032896
data\processed\bfw\asian\n007270\0155_01.jpg,data\processed\bfw\asian\n004786\0135_01.jpg,n007270,n004786,asian,asian,females,females,,,0,0.11832376,30.75429,0.88167626
data\processed\bfw\asian\n003491\0019_01.jpg,data\processed\bfw\asian\n003491\0104_03.jpg,n003491,n003491,asian,asian,males,males,,,1,0.7843175,15.123134,0.2156825
data\processed\bfw\asian\n004221\0075_01.jpg,data\processed\bfw\asian\n004221\0158_03.jpg,n004221,n004221,asian,asian,males,males,,,1,0.78828114,16.13774,0.21171886
data\processed\bfw\asian\n000837\0046_02.jpg,data\processed\bfw\asian\n000837\0075_01.jpg,n000837,n000837,asian,asian,females,females,,,1,0.6395684,19.831272,0.3604316
data\processed\bfw\asian\n007664\0153_01.jpg,data\processed\bfw\asian\n007664\0367_01.jpg,n007664,n007664,asian,asian,females,females,,,1,0.2637185,26.200745,0.7362815
data\processed\bfw\asian\n004466\0321_01.jpg,data\processed\bfw\asian\n004469\0168_01.jpg,n004466,n004469,asian,asian,males,males,,,0,0.3769589,25.30316,0.6230411
data\processed\bfw\asian\n008148\0013_01.jpg,data\processed\bfw\asian\n008148\0108_01.jpg,n008148,n008148,asian,asian,females,females,,,1,0.7166547,16.264273,0.28334528
data\processed\bfw\asian\n003357\0033_01.jpg,data\processed\bfw\asian\n003357\0493_01.jpg,n003357,n003357,asian,asian,females,females,,,1,0.8082843,13.806741,0.19171572
data\processed\bfw\asian\n002406\0173_01.jpg,data\processed\bfw\asian\n009294\0104_01.jpg,n002406,n009294,asian,asian,males,females,,,0,0.007643147,30.734877,0.99235684
data\processed\bfw\asian\n000148\0013_01.jpg,data\processed\bfw\asian\n000148\0152_01.jpg,n000148,n000148,asian,asian,females,females,,,1,0.54668814,21.262812,0.45331186
data\processed\bfw\asian\n004680\0178_01.jpg,data\processed\bfw\asian\n004680\0241_01.jpg,n004680,n004680,asian,asian,females,females,,,1,0.6146577,20.830746,0.3853423
data\processed\bfw\asian\n004469\0169_01.jpg,data\processed\bfw\asian\n002320\0272_03.jpg,n004469,n002320,asian,asian,males,males,,,0,0.4123853,25.678263,0.58761466
data\processed\bfw\asian\n005216\0043_01.jpg,data\processed\bfw\asian\n005216\0220_01.jpg,n005216,n005216,asian,asian,females,females,,,1,0.6088966,19.786022,0.3911034
data\processed\bfw\asian\n004930\0082_01.jpg,data\processed\bfw\asian\n009125\0051_02.jpg,n004930,n009125,asian,asian,females,females,,,0,0.36104918,25.190493,0.6389508
data\processed\bfw\asian\n000161\0162_01.jpg,data\processed\bfw\asian\n005474\0005_01.jpg,n000161,n005474,asian,asian,males,females,,,0,0.017494032,30.68348,0.982506
data\processed\bfw\asian\n004948\0016_01.jpg,data\processed\bfw\asian\n004948\0341_01.jpg,n004948,n004948,asian,asian,males,males,,,1,0.59891164,20.419325,0.40108836
data\processed\bfw\asian\n004800\0289_02.jpg,data\processed\bfw\asian\n004800\0866_03.jpg,n004800,n004800,asian,asian,males,males,,,1,0.69903904,16.80703,0.30096096
data\processed\bfw\asian\n003491\0070_06.jpg,data\processed\bfw\asian\n008148\0389_02.jpg,n003491,n008148,asian,asian,males,females,,,0,-0.19149421,35.264328,1.1914942
data\processed\bfw\asian\n005072\0015_01.jpg,data\processed\bfw\asian\n005072\0350_01.jpg,n005072,n005072,asian,asian,males,males,,,1,0.37029895,25.966251,0.629701
data\processed\bfw\asian\n009275\0397_03.jpg,data\processed\bfw\asian\n006418\0165_02.jpg,n009275,n006418,asian,asian,females,females,,,0,0.5952269,19.969032,0.40477312
data\processed\bfw\asian\n000839\0120_01.jpg,data\processed\bfw\asian\n003481\0245_01.jpg,n000839,n003481,asian,asian,females,females,,,0,0.49156132,22.445436,0.5084387
data\processed\bfw\asian\n000137\0138_01.jpg,data\processed\bfw\asian\n000137\0187_01.jpg,n000137,n000137,asian,asian,females,females,,,1,0.62682796,21.240273,0.37317204
data\processed\bfw\asian\n006358\0083_03.jpg,data\processed\bfw\asian\n006418\0075_02.jpg,n006358,n006418,asian,asian,females,females,,,0,0.17940399,30.659906,0.820596
data\processed\bfw\asian\n007372\0039_01.jpg,data\processed\bfw\asian\n000839\0049_01.jpg,n007372,n000839,asian,asian,females,females,,,0,0.44588605,24.918636,0.554114
data\processed\bfw\asian\n003355\0024_07.jpg,data\processed\bfw\asian\n006223\0148_01.jpg,n003355,n006223,asian,asian,males,females,,,0,0.29647213,25.102468,0.70352787
data\processed\bfw\asian\n006619\0034_01.jpg,data\processed\bfw\asian\n005071\0115_02.jpg,n006619,n005071,asian,asian,females,males,,,0,0.085504554,31.3,0.91449547
data\processed\bfw\asian\n007378\0175_01.jpg,data\processed\bfw\asian\n003463\0097_02.jpg,n007378,n003463,asian,asian,females,males,,,0,0.2490662,29.00779,0.75093377
data\processed\bfw\asian\n009042\0072_01.jpg,data\processed\bfw\asian\n009042\0122_03.jpg,n009042,n009042,asian,asian,females,females,,,1,0.80990475,14.1705675,0.19009525
data\processed\bfw\asian\n002644\0226_01.jpg,data\processed\bfw\asian\n005072\0068_02.jpg,n002644,n005072,asian,asian,males,males,,,0,0.43266883,24.304413,0.5673312
data\processed\bfw\asian\n007378\0049_01.jpg,data\processed\bfw\asian\n005072\0181_01.jpg,n007378,n005072,asian,asian,females,males,,,0,0.16796668,29.497923,0.83203334
data\processed\bfw\asian\n004786\0128_03.jpg,data\processed\bfw\asian\n004786\0203_01.jpg,n004786,n004786,asian,asian,females,females,,,1,0.78261626,14.891652,0.21738374
data\processed\bfw\asian\n000135\0013_02.jpg,data\processed\bfw\asian\n005085\0658_01.jpg,n000135,n005085,asian,asian,females,females,,,0,0.39815956,25.867363,0.60184044
data\processed\bfw\asian\n004948\0091_01.jpg,data\processed\bfw\asian\n004948\0318_02.jpg,n004948,n004948,asian,asian,males,males,,,1,0.613145,19.561792,0.386855
data\processed\bfw\asian\n006634\0101_01.jpg,data\processed\bfw\asian\n006634\0135_01.jpg,n006634,n006634,asian,asian,females,females,,,1,0.8532092,11.545846,0.1467908
data\processed\bfw\asian\n003027\0397_01.jpg,data\processed\bfw\asian\n004809\0013_04.jpg,n003027,n004809,asian,asian,males,males,,,0,0.061595302,32.434677,0.9384047
data\processed\bfw\asian\n001682\0052_01.jpg,data\processed\bfw\asian\n001682\0085_01.jpg,n001682,n001682,asian,asian,males,males,,,1,0.84618694,12.5549345,0.15381306
data\processed\bfw\asian\n003449\0118_08.jpg,data\processed\bfw\asian\n003449\0189_01.jpg,n003449,n003449,asian,asian,females,females,,,1,0.08649302,32.76277,0.913507
data\processed\bfw\asian\n000009\0063_01.jpg,data\processed\bfw\asian\n000009\0122_02.jpg,n000009,n000009,asian,asian,females,females,,,1,0.51827127,21.542536,0.48172873
data\processed\bfw\asian\n005077\0020_01.jpg,data\processed\bfw\asian\n005077\0077_01.jpg,n005077,n005077,asian,asian,females,females,,,1,0.6957005,16.916746,0.30429947
data\processed\bfw\asian\n000854\0193_01.jpg,data\processed\bfw\asian\n000854\0291_01.jpg,n000854,n000854,asian,asian,females,females,,,1,0.42253405,24.523027,0.57746595
data\processed\bfw\asian\n004466\0238_01.jpg,data\processed\bfw\asian\n001496\0218_01.jpg,n004466,n001496,asian,asian,males,males,,,0,0.28002152,26.97399,0.71997845
data\processed\bfw\asian\n004466\0061_01.jpg,data\processed\bfw\asian\n004466\0091_01.jpg,n004466,n004466,asian,asian,males,males,,,1,0.73656964,17.935852,0.26343036
data\processed\bfw\asian\n004109\0100_01.jpg,data\processed\bfw\asian\n005072\0640_01.jpg,n004109,n005072,asian,asian,males,males,,,0,0.55126286,21.61956,0.44873714
data\processed\bfw\asian\n006634\0166_01.jpg,data\processed\bfw\asian\n004680\0178_01.jpg,n006634,n004680,asian,asian,females,females,,,0,0.25359008,27.491978,0.7464099
data\processed\bfw\asian\n002320\0013_05.jpg,data\processed\bfw\asian\n002320\0208_01.jpg,n002320,n002320,asian,asian,males,males,,,1,0.73689955,17.147299,0.26310045
data\processed\bfw\asian\n003489\0079_01.jpg,data\processed\bfw\asian\n003533\0573_01.jpg,n003489,n003533,asian,asian,males,males,,,0,0.104542024,31.833427,0.895458
data\processed\bfw\asian\n003354\0177_01.jpg,data\processed\bfw\asian\n000138\0164_01.jpg,n003354,n000138,asian,asian,females,females,,,0,0.32312226,27.67928,0.67687774
data\processed\bfw\asian\n006203\0009_04.jpg,data\processed\bfw\asian\n004870\0098_01.jpg,n006203,n004870,asian,asian,females,females,,,0,0.18313393,28.160032,0.81686604
data\processed\bfw\asian\n006774\0075_01.jpg,data\processed\bfw\asian\n006774\0282_01.jpg,n006774,n006774,asian,asian,females,females,,,1,0.26487246,25.455883,0.73512757
data\processed\bfw\asian\n000873\0031_01.jpg,data\processed\bfw\asian\n000873\0061_01.jpg,n000873,n000873,asian,asian,males,males,,,1,0.74287856,15.991725,0.25712144
data\processed\bfw\asian\n008934\0276_01.jpg,data\processed\bfw\asian\n008934\0353_01.jpg,n008934,n008934,asian,asian,females,females,,,1,0.6698039,18.29037,0.33019608
data\processed\bfw\asian\n009278\0087_02.jpg,data\processed\bfw\asian\n004787\0679_05.jpg,n009278,n004787,asian,asian,females,females,,,0,0.24030925,26.633966,0.75969076
data\processed\bfw\asian\n008401\0097_02.jpg,data\processed\bfw\asian\n008401\0469_01.jpg,n008401,n008401,asian,asian,females,females,,,1,0.6366743,18.7287,0.36332572
data\processed\bfw\asian\n003153\0069_02.jpg,data\processed\bfw\asian\n002775\0086_03.jpg,n003153,n002775,asian,asian,females,males,,,0,0.05035428,30.219595,0.9496457
data\processed\bfw\asian\n009276\0025_04.jpg,data\processed\bfw\asian\n004864\0057_01.jpg,n009276,n004864,asian,asian,females,females,,,0,0.47720653,23.01982,0.5227935
data\processed\bfw\asian\n009277\0063_02.jpg,data\processed\bfw\asian\n001496\0137_01.jpg,n009277,n001496,asian,asian,females,males,,,0,-0.028075647,32.092693,1.0280757
data\processed\bfw\asian\n005063\0068_01.jpg,data\processed\bfw\asian\n005474\0210_02.jpg,n005063,n005474,asian,asian,females,females,,,0,0.20810466,28.233612,0.79189533
data\processed\bfw\asian\n005063\0144_01.jpg,data\processed\bfw\asian\n004686\0157_01.jpg,n005063,n004686,asian,asian,females,males,,,0,0.18966451,29.216167,0.8103355
data\processed\bfw\asian\n004549\0202_01.jpg,data\processed\bfw\asian\n004870\0033_01.jpg,n004549,n004870,asian,asian,females,females,,,0,0.3504325,25.337542,0.6495675
data\processed\bfw\asian\n003167\0274_01.jpg,data\processed\bfw\asian\n003167\0533_01.jpg,n003167,n003167,asian,asian,males,males,,,1,0.7178693,16.844526,0.28213072
data\processed\bfw\asian\n009287\0278_01.jpg,data\processed\bfw\asian\n003153\0250_01.jpg,n009287,n003153,asian,asian,females,females,,,0,0.03308848,31.308603,0.9669115
data\processed\bfw\asian\n007378\0474_01.jpg,data\processed\bfw\asian\n004687\0226_01.jpg,n007378,n004687,asian,asian,females,females,,,0,0.33094874,25.925997,0.6690513
data\processed\bfw\asian\n000161\0136_01.jpg,data\processed\bfw\asian\n000161\0141_02.jpg,n000161,n000161,asian,asian,males,males,,,1,0.5888139,21.032234,0.4111861
data\processed\bfw\asian\n007380\0168_01.jpg,data\processed\bfw\asian\n004870\0161_02.jpg,n007380,n004870,asian,asian,females,females,,,0,0.20081975,28.183786,0.79918027
data\processed\bfw\asian\n003155\0004_01.jpg,data\processed\bfw\asian\n003155\1014_01.jpg,n003155,n003155,asian,asian,males,males,,,1,0.5243878,22.375145,0.47561222
data\processed\bfw\asian\n006418\0090_09.jpg,data\processed\bfw\asian\n006418\0165_02.jpg,n006418,n006418,asian,asian,females,females,,,1,0.6465257,18.831942,0.35347432
data\processed\bfw\asian\n004786\0101_01.jpg,data\processed\bfw\asian\n004786\0746_01.jpg,n004786,n004786,asian,asian,females,females,,,1,0.28284025,27.33532,0.71715975
data\processed\bfw\asian\n007378\0168_01.jpg,data\processed\bfw\asian\n004860\0040_01.jpg,n007378,n004860,asian,asian,females,females,,,0,0.29554388,26.063745,0.7044561
data\processed\bfw\asian\n007664\0106_01.jpg,data\processed\bfw\asian\n001562\0111_01.jpg,n007664,n001562,asian,asian,females,males,,,0,-0.004358437,31.594915,1.0043584
data\processed\bfw\asian\n003635\0047_02.jpg,data\processed\bfw\asian\n000436\0156_02.jpg,n003635,n000436,asian,asian,males,males,,,0,0.4557422,25.260777,0.54425776
data\processed\bfw\asian\n005216\0017_01.jpg,data\processed\bfw\asian\n005216\0091_01.jpg,n005216,n005216,asian,asian,females,females,,,1,0.6807424,18.447096,0.31925762
data\processed\bfw\asian\n000839\0049_01.jpg,data\processed\bfw\asian\n000839\0162_01.jpg,n000839,n000839,asian,asian,females,females,,,1,0.767246,15.92953,0.23275399
data\processed\bfw\asian\n004809\0221_01.jpg,data\processed\bfw\asian\n000854\0060_01.jpg,n004809,n000854,asian,asian,males,females,,,0,0.114154875,30.902346,0.8858451
data\processed\bfw\asian\n001682\0031_01.jpg,data\processed\bfw\asian\n001682\0448_01.jpg,n001682,n001682,asian,asian,males,males,,,1,0.521539,21.786766,0.47846103
data\processed\bfw\asian\n007738\0114_01.jpg,data\processed\bfw\asian\n007738\0172_01.jpg,n007738,n007738,asian,asian,females,females,,,1,0.6435705,18.371897,0.35642952
data\processed\bfw\asian\n004686\0023_01.jpg,data\processed\bfw\asian\n009041\0046_02.jpg,n004686,n009041,asian,asian,males,females,,,0,0.23130842,28.256517,0.7686916
data\processed\bfw\asian\n000160\0347_01.jpg,data\processed\bfw\asian\n005063\0044_03.jpg,n000160,n005063,asian,asian,females,females,,,0,0.4601097,23.13814,0.5398903
data\processed\bfw\asian\n004870\0050_02.jpg,data\processed\bfw\asian\n004870\0178_06.jpg,n004870,n004870,asian,asian,females,females,,,1,0.5119308,23.52672,0.48806918
data\processed\bfw\asian\n002406\0148_01.jpg,data\processed\bfw\asian\n003355\0053_01.jpg,n002406,n003355,asian,asian,males,males,,,0,0.39224803,24.153677,0.60775197
data\processed\bfw\asian\n008383\0062_06.jpg,data\processed\bfw\asian\n008383\0104_02.jpg,n008383,n008383,asian,asian,females,females,,,1,0.7756752,15.146759,0.22432482
data\processed\bfw\asian\n001864\0003_01.jpg,data\processed\bfw\asian\n009042\0034_01.jpg,n001864,n009042,asian,asian,males,females,,,0,0.2205219,29.022753,0.7794781
data\processed\bfw\asian\n001572\0115_01.jpg,data\processed\bfw\asian\n001572\0238_01.jpg,n001572,n001572,asian,asian,females,females,,,1,0.7011934,17.663424,0.2988066
data\processed\bfw\asian\n004786\0241_02.jpg,data\processed\bfw\asian\n005177\0093_01.jpg,n004786,n005177,asian,asian,females,males,,,0,0.15452993,29.738482,0.8454701
data\processed\bfw\asian\n000148\0152_01.jpg,data\processed\bfw\asian\n000148\0353_01.jpg,n000148,n000148,asian,asian,females,females,,,1,0.69988006,17.240356,0.30011994
data\processed\bfw\asian\n003635\0099_01.jpg,data\processed\bfw\asian\n005069\0068_01.jpg,n003635,n005069,asian,asian,males,females,,,0,0.011088022,31.78811,0.988912
data\processed\bfw\asian\n003153\0246_01.jpg,data\processed\bfw\asian\n003153\0645_01.jpg,n003153,n003153,asian,asian,females,females,,,1,0.6880365,18.26696,0.3119635
data\processed\bfw\asian\n009277\0150_01.jpg,data\processed\bfw\asian\n007378\0168_01.jpg,n009277,n007378,asian,asian,females,females,,,0,0.21594493,27.893534,0.78405505
data\processed\bfw\asian\n000135\0035_01.jpg,data\processed\bfw\asian\n000135\0272_01.jpg,n000135,n000135,asian,asian,females,females,,,1,0.36492065,25.311628,0.6350794
data\processed\bfw\asian\n007270\0370_01.jpg,data\processed\bfw\asian\n005474\0118_02.jpg,n007270,n005474,asian,asian,females,females,,,0,0.4876709,23.109232,0.5123291
data\processed\bfw\asian\n002725\0007_03.jpg,data\processed\bfw\asian\n003355\0203_01.jpg,n002725,n003355,asian,asian,females,males,,,0,-0.029614273,32.722862,1.0296143
data\processed\bfw\asian\n004549\0213_01.jpg,data\processed\bfw\asian\n004549\0368_01.jpg,n004549,n004549,asian,asian,females,females,,,1,0.6938205,17.017088,0.30617952
data\processed\bfw\asian\n007372\0086_01.jpg,data\processed\bfw\asian\n007372\0112_05.jpg,n007372,n007372,asian,asian,females,females,,,1,0.7181625,17.557821,0.28183752
data\processed\bfw\asian\n003635\0021_01.jpg,data\processed\bfw\asian\n003635\0109_04.jpg,n003635,n003635,asian,asian,males,males,,,1,0.8289689,13.899864,0.17103112
data\processed\bfw\asian\n005474\0062_01.jpg,data\processed\bfw\asian\n005474\0726_02.jpg,n005474,n005474,asian,asian,females,females,,,1,0.7859353,13.779383,0.21406472
data\processed\bfw\asian\n004549\0018_01.jpg,data\processed\bfw\asian\n004549\0168_05.jpg,n004549,n004549,asian,asian,females,females,,,1,0.6122279,17.96946,0.38777208
data\processed\bfw\asian\n003354\0011_01.jpg,data\processed\bfw\asian\n003824\0014_01.jpg,n003354,n003824,asian,asian,females,females,,,0,0.36229602,26.553102,0.637704
data\processed\bfw\asian\n004472\0007_01.jpg,data\processed\bfw\asian\n004472\0391_02.jpg,n004472,n004472,asian,asian,females,females,,,1,0.60229874,19.5123,0.39770126
data\processed\bfw\asian\n002644\0123_02.jpg,data\processed\bfw\asian\n009279\0254_03.jpg,n002644,n009279,asian,asian,males,females,,,0,0.27549115,25.11188,0.7245089
data\processed\bfw\asian\n003491\0114_03.jpg,data\processed\bfw\asian\n004108\0383_01.jpg,n003491,n004108,asian,asian,males,males,,,0,0.31834185,27.19015,0.68165815
data\processed\bfw\asian\n002509\0046_01.jpg,data\processed\bfw\asian\n002509\0432_01.jpg,n002509,n002509,asian,asian,females,females,,,1,0.6468558,18.464756,0.35314423
data\processed\bfw\asian\n006634\0135_01.jpg,data\processed\bfw\asian\n006634\0726_04.jpg,n006634,n006634,asian,asian,females,females,,,1,0.59841293,19.071077,0.40158707
data\processed\bfw\asian\n000009\0010_01.jpg,data\processed\bfw\asian\n000009\0205_01.jpg,n000009,n000009,asian,asian,females,females,,,1,0.37297523,24.883383,0.62702477
data\processed\bfw\asian\n006619\0572_01.jpg,data\processed\bfw\asian\n000840\0214_01.jpg,n006619,n000840,asian,asian,females,females,,,0,0.5161566,22.45414,0.4838434
data\processed\bfw\asian\n004721\0017_01.jpg,data\processed\bfw\asian\n004721\0283_01.jpg,n004721,n004721,asian,asian,males,males,,,1,0.35235253,24.311375,0.6476475
data\processed\bfw\asian\n003467\0130_03.jpg,data\processed\bfw\asian\n003467\0405_01.jpg,n003467,n003467,asian,asian,females,females,,,1,0.48228484,23.425547,0.51771516
data\processed\bfw\asian\n000872\0085_01.jpg,data\processed\bfw\asian\n000872\0098_01.jpg,n000872,n000872,asian,asian,males,males,,,1,0.6707025,18.150787,0.32929748
data\processed\bfw\asian\n003449\0073_01.jpg,data\processed\bfw\asian\n004800\0866_03.jpg,n003449,n004800,asian,asian,females,males,,,0,0.06682572,30.807543,0.93317425
data\processed\bfw\asian\n004860\0018_02.jpg,data\processed\bfw\asian\n004860\0097_01.jpg,n004860,n004860,asian,asian,females,females,,,1,0.6388751,18.993073,0.36112487
data\processed\bfw\asian\n005069\0110_02.jpg,data\processed\bfw\asian\n005069\0578_01.jpg,n005069,n005069,asian,asian,females,females,,,1,0.5828376,20.645203,0.41716242
data\processed\bfw\asian\n004109\0554_02.jpg,data\processed\bfw\asian\n004469\0108_02.jpg,n004109,n004469,asian,asian,males,males,,,0,0.5167208,22.039633,0.48327923
data\processed\bfw\asian\n005078\0091_03.jpg,data\processed\bfw\asian\n000132\0238_02__face_0.jpg,n005078,n000132,asian,asian,males,males,,,0,0.29687127,27.579136,0.7031287
data\processed\bfw\asian\n008934\0111_01.jpg,data\processed\bfw\asian\n007089\0133_01.jpg,n008934,n007089,asian,asian,females,females,,,0,0.3155341,26.102371,0.6844659
data\processed\bfw\asian\n007664\0029_01.jpg,data\processed\bfw\asian\n007664\0817_01.jpg,n007664,n007664,asian,asian,females,females,,,1,0.5751414,19.962149,0.42485863
data\processed\bfw\asian\n009137\0047_02.jpg,data\processed\bfw\asian\n009137\0226_02.jpg,n009137,n009137,asian,asian,females,females,,,1,0.6662464,17.723984,0.3337536
data\processed\bfw\asian\n000872\0114_01.jpg,data\processed\bfw\asian\n000872\0200_01.jpg,n000872,n000872,asian,asian,males,males,,,1,0.5779749,20.239103,0.42202508
data\processed\bfw\asian\n004109\0525_02.jpg,data\processed\bfw\asian\n005078\0581_01.jpg,n004109,n005078,asian,asian,males,males,,,0,0.213143,30.283245,0.786857
data\processed\bfw\asian\n007372\0177_01.jpg,data\processed\bfw\asian\n004725\0041_01.jpg,n007372,n004725,asian,asian,females,males,,,0,0.06485183,30.926401,0.9351482
data\processed\bfw\asian\n003354\0047_01.jpg,data\processed\bfw\asian\n003354\0346_02.jpg,n003354,n003354,asian,asian,females,females,,,1,0.5330084,22.444757,0.4669916
data\processed\bfw\asian\n003167\0183_01.jpg,data\processed\bfw\asian\n003155\0989_02.jpg,n003167,n003155,asian,asian,males,males,,,0,0.13481171,29.703194,0.8651883
data\processed\bfw\asian\n005077\0005_01.jpg,data\processed\bfw\asian\n006223\0260_01.jpg,n005077,n006223,asian,asian,females,females,,,0,0.27689043,25.741234,0.7231096
data\processed\bfw\asian\n004805\0164_01.jpg,data\processed\bfw\asian\n004877\0145_01.jpg,n004805,n004877,asian,asian,males,females,,,0,0.28307799,26.773737,0.71692204
data\processed\bfw\asian\n004805\0441_05.jpg,data\processed\bfw\asian\n004805\0655_01.jpg,n004805,n004805,asian,asian,males,males,,,1,0.516645,21.163374,0.483355
data\processed\bfw\asian\n008148\0246_01.jpg,data\processed\bfw\asian\n008148\0251_01.jpg,n008148,n008148,asian,asian,females,females,,,1,0.5721467,21.063883,0.4278533
data\processed\bfw\asian\n000161\0020_01.jpg,data\processed\bfw\asian\n007816\0281_01.jpg,n000161,n007816,asian,asian,males,females,,,0,0.081804655,30.766005,0.91819537
data\processed\bfw\asian\n004877\0317_02.jpg,data\processed\bfw\asian\n004794\0603_01.jpg,n004877,n004794,asian,asian,females,males,,,0,0.39097613,26.002087,0.60902387
data\processed\bfw\asian\n002775\0028_01.jpg,data\processed\bfw\asian\n004930\0389_01.jpg,n002775,n004930,asian,asian,males,females,,,0,0.30460966,28.678432,0.69539034
data\processed\bfw\asian\n000138\0347_01.jpg,data\processed\bfw\asian\n003162\0282_01.jpg,n000138,n003162,asian,asian,females,males,,,0,-0.16110095,33.020008,1.161101
data\processed\bfw\asian\n004472\0205_01.jpg,data\processed\bfw\asian\n005085\0322_01.jpg,n004472,n005085,asian,asian,females,females,,,0,0.5515006,20.724712,0.44849938
data\processed\bfw\asian\n000137\0248_01.jpg,data\processed\bfw\asian\n003489\0102_01.jpg,n000137,n003489,asian,asian,females,males,,,0,0.14674945,31.484299,0.85325056
data\processed\bfw\asian\n006358\0054_02.jpg,data\processed\bfw\asian\n006358\0094_01.jpg,n006358,n006358,asian,asian,females,females,,,1,0.6663964,19.7116,0.33360362
data\processed\bfw\asian\n004109\0204_01.jpg,data\processed\bfw\asian\n004109\0563_01.jpg,n004109,n004109,asian,asian,males,males,,,1,0.6675354,18.634054,0.33246458
data\processed\bfw\asian\n004549\0039_01.jpg,data\processed\bfw\asian\n003358\0316_01.jpg,n004549,n003358,asian,asian,females,females,,,0,0.5069704,21.447386,0.4930296
data\processed\bfw\asian\n000158\0404_01.jpg,data\processed\bfw\asian\n004870\0144_01.jpg,n000158,n004870,asian,asian,males,females,,,0,-0.063123405,34.332325,1.0631235
data\processed\bfw\asian\n003491\0131_03.jpg,data\processed\bfw\asian\n000138\0087_03.jpg,n003491,n000138,asian,asian,males,females,,,0,0.090218596,31.108791,0.9097814
data\processed\bfw\asian\n006203\0160_01.jpg,data\processed\bfw\asian\n006203\0654_01.jpg,n006203,n006203,asian,asian,females,females,,,1,0.92543525,8.393356,0.074564755
data\processed\bfw\asian\n009103\0067_02.jpg,data\processed\bfw\asian\n009103\0220_01.jpg,n009103,n009103,asian,asian,females,females,,,1,0.7956744,13.467532,0.20432562
data\processed\bfw\asian\n004686\0072_01.jpg,data\processed\bfw\asian\n005078\0298_01.jpg,n004686,n005078,asian,asian,males,males,,,0,0.26033273,27.57296,0.7396673
data\processed\bfw\asian\n000139\0016_01.jpg,data\processed\bfw\asian\n000139\0498_01.jpg,n000139,n000139,asian,asian,females,females,,,1,0.7548082,16.10241,0.24519181
data\processed\bfw\asian\n005078\0638_01.jpg,data\processed\bfw\asian\n005078\0679_01.jpg,n005078,n005078,asian,asian,males,males,,,1,0.51895636,22.465593,0.48104364
data\processed\bfw\asian\n003481\0245_01.jpg,data\processed\bfw\asian\n003481\0794_01.jpg,n003481,n003481,asian,asian,females,females,,,1,0.57035726,22.053732,0.42964274
data\processed\bfw\asian\n009042\0047_02.jpg,data\processed\bfw\asian\n009042\0250_01.jpg,n009042,n009042,asian,asian,females,females,,,1,0.8376823,12.367314,0.1623177
data\processed\bfw\asian\n000138\0347_01.jpg,data\processed\bfw\asian\n008148\0040_01.jpg,n000138,n008148,asian,asian,females,females,,,0,0.14408304,27.972158,0.855917
data\processed\bfw\asian\n001682\0096_01.jpg,data\processed\bfw\asian\n001682\0177_01.jpg,n001682,n001682,asian,asian,males,males,,,1,0.6790142,19.23349,0.3209858
data\processed\bfw\asian\n001572\0238_01.jpg,data\processed\bfw\asian\n001572\0329_01.jpg,n001572,n001572,asian,asian,females,females,,,1,0.52258193,22.46071,0.47741807
data\processed\bfw\asian\n000009\0013_01.jpg,data\processed\bfw\asian\n000009\0354_03.jpg,n000009,n000009,asian,asian,females,females,,,1,0.2762884,25.956766,0.7237116
data\processed\bfw\asian\n009275\0158_05.jpg,data\processed\bfw\asian\n009275\0161_01.jpg,n009275,n009275,asian,asian,females,females,,,1,0.8366698,12.198658,0.1633302
data\processed\bfw\asian\n009278\0031_02.jpg,data\processed\bfw\asian\n009278\0093_01.jpg,n009278,n009278,asian,asian,females,females,,,1,0.24579403,27.313557,0.75420594
data\processed\bfw\asian\n007372\0295_01.jpg,data\processed\bfw\asian\n004864\0056_01.jpg,n007372,n004864,asian,asian,females,females,,,0,0.3050052,25.716166,0.6949948
data\processed\bfw\asian\n004864\0029_01.jpg,data\processed\bfw\asian\n004864\0148_01.jpg,n004864,n004864,asian,asian,females,females,,,1,0.75768954,15.247851,0.24231046
data\processed\bfw\asian\n004930\0282_01.jpg,data\processed\bfw\asian\n002509\0007_01.jpg,n004930,n002509,asian,asian,females,females,,,0,0.16564563,28.345118,0.8343544
data\processed\bfw\asian\n000148\0136_01.jpg,data\processed\bfw\asian\n000148\0329_01.jpg,n000148,n000148,asian,asian,females,females,,,1,0.7528557,17.06612,0.24714428
data\processed\bfw\asian\n009177\0005_01.jpg,data\processed\bfw\asian\n009177\0626_01.jpg,n009177,n009177,asian,asian,females,females,,,1,0.64566255,18.98058,0.35433745
data\processed\bfw\asian\n000837\0193_01.jpg,data\processed\bfw\asian\n000837\0199_01.jpg,n000837,n000837,asian,asian,females,females,,,1,0.61314416,21.144575,0.38685584
data\processed\bfw\asian\n005083\0190_01.jpg,data\processed\bfw\asian\n005083\0267_01.jpg,n005083,n005083,asian,asian,females,females,,,1,0.64098376,19.958387,0.35901624
data\processed\bfw\asian\n003489\0046_02.jpg,data\processed\bfw\asian\n003489\0061_01.jpg,n003489,n003489,asian,asian,males,males,,,1,0.8176576,14.543072,0.18234241
data\processed\bfw\asian\n004687\0151_01.jpg,data\processed\bfw\asian\n000132\0234_01__face_0.jpg,n004687,n000132,asian,asian,females,males,,,0,0.17442915,29.515778,0.8255708
data\processed\bfw\asian\n000160\0111_01.jpg,data\processed\bfw\asian\n000160\0285_03.jpg,n000160,n000160,asian,asian,females,females,,,1,0.7124586,18.983223,0.2875414
data\processed\bfw\asian\n004721\0096_01.jpg,data\processed\bfw\asian\n004721\0476_01.jpg,n004721,n004721,asian,asian,males,males,,,1,0.683768,17.569174,0.31623203
data\processed\bfw\asian\n002552\0074_01.jpg,data\processed\bfw\asian\n006159\0076_04.jpg,n002552,n006159,asian,asian,males,females,,,0,-0.17498396,34.981655,1.174984
data\processed\bfw\asian\n000137\0012_01.jpg,data\processed\bfw\asian\n009287\0100_01.jpg,n000137,n009287,asian,asian,females,females,,,0,0.3020406,26.205482,0.6979594
data\processed\bfw\asian\n004935\0038_01.jpg,data\processed\bfw\asian\n003463\0223_02.jpg,n004935,n003463,asian,asian,males,males,,,0,0.09900782,29.560432,0.90099216
data\processed\bfw\asian\n005072\0184_03.jpg,data\processed\bfw\asian\n005072\0254_01.jpg,n005072,n005072,asian,asian,males,males,,,1,0.735727,16.608429,0.264273
data\processed\bfw\asian\n001976\0237_01.jpg,data\processed\bfw\asian\n001496\0642_01.jpg,n001976,n001496,asian,asian,males,males,,,0,0.087553106,30.83146,0.9124469
data\processed\bfw\asian\n004786\0021_01.jpg,data\processed\bfw\asian\n000436\0466_01.jpg,n004786,n000436,asian,asian,females,males,,,0,0.21741219,27.895248,0.7825878
data\processed\bfw\asian\n004809\0149_01.jpg,data\processed\bfw\asian\n004809\0345_01.jpg,n004809,n004809,asian,asian,males,males,,,1,0.4258957,22.855095,0.5741043
data\processed\bfw\asian\n000143\0226_04.jpg,data\processed\bfw\asian\n000143\0734_02.jpg,n000143,n000143,asian,asian,females,females,,,1,0.6571982,18.328163,0.3428018
data\processed\bfw\asian\n000839\0407_01.jpg,data\processed\bfw\asian\n009137\0211_02.jpg,n000839,n009137,asian,asian,females,females,,,0,0.2921849,27.308962,0.7078151
data\processed\bfw\asian\n002509\0007_01.jpg,data\processed\bfw\asian\n004794\0612_01.jpg,n002509,n004794,asian,asian,females,males,,,0,0.50242674,22.649746,0.49757326
data\processed\bfw\asian\n008401\0278_01.jpg,data\processed\bfw\asian\n008401\0560_01.jpg,n008401,n008401,asian,asian,females,females,,,1,0.7130617,16.664902,0.2869383
data\processed\bfw\asian\n009137\0492_01.jpg,data\processed\bfw\asian\n003223\0059_03.jpg,n009137,n003223,asian,asian,females,males,,,0,0.12220502,29.279266,0.877795
data\processed\bfw\asian\n008978\0035_01.jpg,data\processed\bfw\asian\n008978\0097_02.jpg,n008978,n008978,asian,asian,females,females,,,1,0.610906,20.458197,0.389094
data\processed\bfw\asian\n005077\0082_01.jpg,data\processed\bfw\asian\n005077\0129_01.jpg,n005077,n005077,asian,asian,females,females,,,1,0.60304517,17.795605,0.39695483
data\processed\bfw\asian\n004785\0621_02.jpg,data\processed\bfw\asian\n009294\0066_01.jpg,n004785,n009294,asian,asian,females,females,,,0,0.46200928,23.248354,0.5379907
data\processed\bfw\asian\n009103\0132_02.jpg,data\processed\bfw\asian\n003358\0139_01.jpg,n009103,n003358,asian,asian,females,females,,,0,0.25759506,25.989397,0.74240494
data\processed\bfw\asian\n000135\0045_01.jpg,data\processed\bfw\asian\n000135\0467_01.jpg,n000135,n000135,asian,asian,females,females,,,1,0.76078844,16.84742,0.23921156
data\processed\bfw\asian\n003482\0040_01.jpg,data\processed\bfw\asian\n003482\0090_02.jpg,n003482,n003482,asian,asian,males,males,,,1,0.8214247,12.816099,0.17857528
data\processed\bfw\asian\n000138\0067_01.jpg,data\processed\bfw\asian\n000138\0347_01.jpg,n000138,n000138,asian,asian,females,females,,,1,0.514878,22.179407,0.48512203
data\processed\bfw\asian\n000135\0081_01.jpg,data\processed\bfw\asian\n000135\0228_01.jpg,n000135,n000135,asian,asian,females,females,,,1,0.47089162,23.720625,0.5291084
data\processed\bfw\asian\n003449\0083_01.jpg,data\processed\bfw\asian\n004930\0144_02.jpg,n003449,n004930,asian,asian,females,females,,,0,0.23946957,28.879528,0.7605304
data\processed\bfw\asian\n003167\0571_01.jpg,data\processed\bfw\asian\n009276\0172_02.jpg,n003167,n009276,asian,asian,males,females,,,0,-0.13277759,32.09886,1.1327776
data\processed\bfw\asian\n004472\0205_01.jpg,data\processed\bfw\asian\n004472\0206_01.jpg,n004472,n004472,asian,asian,females,females,,,1,0.63709456,18.632204,0.36290544
data\processed\bfw\asian\n003482\0231_01.jpg,data\processed\bfw\asian\n000161\0020_01.jpg,n003482,n000161,asian,asian,males,males,,,0,0.6550789,19.5524,0.3449211
data\processed\bfw\asian\n004681\0340_01.jpg,data\processed\bfw\asian\n004681\0592_01.jpg,n004681,n004681,asian,asian,males,males,,,1,0.5659571,21.009075,0.43404287
data\processed\bfw\asian\n003167\0141_01.jpg,data\processed\bfw\asian\n003167\0254_03.jpg,n003167,n003167,asian,asian,males,males,,,1,0.8161209,13.376685,0.18387908
data\processed\bfw\asian\n007380\0088_01.jpg,data\processed\bfw\asian\n000158\0667_01.jpg,n007380,n000158,asian,asian,females,males,,,0,-0.14032647,33.622757,1.1403265
data\processed\bfw\asian\n006418\0165_02.jpg,data\processed\bfw\asian\n005083\0358_01.jpg,n006418,n005083,asian,asian,females,females,,,0,0.2546915,27.502262,0.7453085
data\processed\bfw\asian\n004469\0019_02.jpg,data\processed\bfw\asian\n005216\0058_01.jpg,n004469,n005216,asian,asian,males,females,,,0,0.06459946,31.69472,0.93540055
data\processed\bfw\asian\n003533\0055_03.jpg,data\processed\bfw\asian\n003533\0573_01.jpg,n003533,n003533,asian,asian,males,males,,,1,0.84908104,11.839612,0.15091896
data\processed\bfw\asian\n009277\0051_01.jpg,data\processed\bfw\asian\n009175\0043_01.jpg,n009277,n009175,asian,asian,females,females,,,0,0.3506401,24.950945,0.64935994
data\processed\bfw\asian\n003155\0185_01.jpg,data\processed\bfw\asian\n003155\0989_02.jpg,n003155,n003155,asian,asian,males,males,,,1,0.34394878,27.970541,0.6560512
data\processed\bfw\asian\n009277\0201_01.jpg,data\processed\bfw\asian\n009277\0358_01.jpg,n009277,n009277,asian,asian,females,females,,,1,0.6070229,20.934172,0.39297712
data\processed\bfw\asian\n004467\0004_01.jpg,data\processed\bfw\asian\n004467\0656_01.jpg,n004467,n004467,asian,asian,males,males,,,1,0.70708746,17.860308,0.29291254
data\processed\bfw\asian\n006736\0169_01.jpg,data\processed\bfw\asian\n007814\0016_01.jpg,n006736,n007814,asian,asian,females,females,,,0,0.21083274,29.469028,0.7891673
data\processed\bfw\asian\n004870\0098_01.jpg,data\processed\bfw\asian\n000160\0308_01.jpg,n004870,n000160,asian,asian,females,females,,,0,0.3749731,24.896862,0.62502694
data\processed\bfw\asian\n004687\0058_01.jpg,data\processed\bfw\asian\n001976\0441_01.jpg,n004687,n001976,asian,asian,females,males,,,0,0.042245265,33.153908,0.95775473
data\processed\bfw\asian\n007089\0229_01.jpg,data\processed\bfw\asian\n009287\0221_03.jpg,n007089,n009287,asian,asian,females,females,,,0,0.07925358,31.834402,0.92074645
data\processed\bfw\asian\n004681\0101_01.jpg,data\processed\bfw\asian\n004681\0131_04.jpg,n004681,n004681,asian,asian,males,males,,,1,0.72262,15.31236,0.27738
data\processed\bfw\asian\n009276\0102_01.jpg,data\processed\bfw\asian\n000837\0233_03.jpg,n009276,n000837,asian,asian,females,females,,,0,0.49656117,20.931765,0.50343883
data\processed\bfw\asian\n005083\0046_01.jpg,data\processed\bfw\asian\n003027\0459_01.jpg,n005083,n003027,asian,asian,females,males,,,0,0.08644547,30.44018,0.91355455
data\processed\bfw\asian\n006125\0058_01.jpg,data\processed\bfw\asian\n007899\0017_01.jpg,n006125,n007899,asian,asian,females,females,,,0,0.5372047,20.424099,0.46279532
data\processed\bfw\asian\n003463\0023_01.jpg,data\processed\bfw\asian\n003463\0052_01.jpg,n003463,n003463,asian,asian,males,males,,,1,0.69133353,17.284819,0.30866647
data\processed\bfw\asian\n008163\0609_02.jpg,data\processed\bfw\asian\n006148\0609_01.jpg,n008163,n006148,asian,asian,females,females,,,0,0.3716871,25.314945,0.6283129
data\processed\bfw\asian\n003489\0031_01.jpg,data\processed\bfw\asian\n003489\0137_01.jpg,n003489,n003489,asian,asian,males,males,,,1,0.6588493,19.426783,0.3411507
data\processed\bfw\asian\n003506\0115_01.jpg,data\processed\bfw\asian\n003506\0136_02.jpg,n003506,n003506,asian,asian,females,females,,,1,0.65467525,19.602043,0.34532475
data\processed\bfw\asian\n004109\0172_01.jpg,data\processed\bfw\asian\n004681\0558_01.jpg,n004109,n004681,asian,asian,males,males,,,0,0.2995829,25.85589,0.7004171
data\processed\bfw\asian\n000139\0280_01.jpg,data\processed\bfw\asian\n005072\0181_01.jpg,n000139,n005072,asian,asian,females,males,,,0,0.091024406,30.088345,0.9089756
data\processed\bfw\asian\n000158\0224_01.jpg,data\processed\bfw\asian\n000158\0404_01.jpg,n000158,n000158,asian,asian,males,males,,,1,0.7879887,15.1655,0.21201128
data\processed\bfw\asian\n009294\0036_01.jpg,data\processed\bfw\asian\n002552\0532_01.jpg,n009294,n002552,asian,asian,females,males,,,0,0.24965762,27.890522,0.75034237
data\processed\bfw\asian\n006634\0033_01.jpg,data\processed\bfw\asian\n006634\0101_01.jpg,n006634,n006634,asian,asian,females,females,,,1,0.8053956,13.760668,0.1946044
data\processed\bfw\asian\n003162\0118_01.jpg,data\processed\bfw\asian\n006774\0492_02.jpg,n003162,n006774,asian,asian,males,females,,,0,0.045175467,29.27605,0.9548245
data\processed\bfw\asian\n007816\0543_01.jpg,data\processed\bfw\asian\n004687\0319_02.jpg,n007816,n004687,asian,asian,females,females,,,0,0.46207038,25.61556,0.53792965
data\processed\bfw\asian\n009137\0218_08.jpg,data\processed\bfw\asian\n009137\0221_05.jpg,n009137,n009137,asian,asian,females,females,,,1,0.7390414,15.330007,0.2609586
data\processed\bfw\asian\n004785\0381_02.jpg,data\processed\bfw\asian\n008934\0426_01.jpg,n004785,n008934,asian,asian,females,females,,,0,0.11652682,29.876356,0.88347316
data\processed\bfw\asian\n004785\0076_07.jpg,data\processed\bfw\asian\n003533\0573_01.jpg,n004785,n003533,asian,asian,females,males,,,0,-0.0071620555,31.01263,1.0071621
data\processed\bfw\asian\n004469\0038_01.jpg,data\processed\bfw\asian\n004108\0104_01.jpg,n004469,n004108,asian,asian,males,males,,,0,-0.10059221,34.430435,1.1005923
data\processed\bfw\asian\n003355\0145_04.jpg,data\processed\bfw\asian\n003355\0620_01.jpg,n003355,n003355,asian,asian,males,males,,,1,0.5883024,19.71301,0.41169763
data\processed\bfw\asian\n001976\0041_01.jpg,data\processed\bfw\asian\n005072\0159_01.jpg,n001976,n005072,asian,asian,males,males,,,0,0.2547012,28.503523,0.7452988
data\processed\bfw\asian\n004466\0052_01.jpg,data\processed\bfw\asian\n004935\0238_01.jpg,n004466,n004935,asian,asian,males,males,,,0,0.5200901,22.486664,0.4799099
data\processed\bfw\asian\n003824\0097_01.jpg,data\processed\bfw\asian\n003824\0122_01.jpg,n003824,n003824,asian,asian,females,females,,,1,0.7758454,14.468971,0.22415459
data\processed\bfw\asian\n004948\0667_01.jpg,data\processed\bfw\asian\n000132\0299_02__face_0.jpg,n004948,n000132,asian,asian,males,males,,,0,0.17725042,29.350775,0.8227496
data\processed\bfw\asian\n002320\0013_05.jpg,data\processed\bfw\asian\n002320\0170_01.jpg,n002320,n002320,asian,asian,males,males,,,1,0.47145993,24.552298,0.5285401
data\processed\bfw\asian\n000139\0099_01.jpg,data\processed\bfw\asian\n000139\0233_01.jpg,n000139,n000139,asian,asian,females,females,,,1,0.84318453,12.162539,0.15681547
data\processed\bfw\asian\n002406\0534_02.jpg,data\processed\bfw\asian\n000148\0136_01.jpg,n002406,n000148,asian,asian,males,females,,,0,0.13343748,33.236458,0.8665625
data\processed\bfw\asian\n009287\0029_01.jpg,data\processed\bfw\asian\n009287\0250_04.jpg,n009287,n009287,asian,asian,females,females,,,1,0.32321295,27.788626,0.676787
data\processed\bfw\asian\n005474\0298_05.jpg,data\processed\bfw\asian\n004466\0075_01.jpg,n005474,n004466,asian,asian,females,males,,,0,0.336257,27.678692,0.663743
data\processed\bfw\asian\n003357\0533_01.jpg,data\processed\bfw\asian\n004864\0607_01.jpg,n003357,n004864,asian,asian,females,females,,,0,0.48310858,23.749186,0.5168914
data\processed\bfw\asian\n008148\0025_01.jpg,data\processed\bfw\asian\n008148\0246_01.jpg,n008148,n008148,asian,asian,females,females,,,1,0.61727923,19.932268,0.38272077
data\processed\bfw\asian\n006634\0090_01.jpg,data\processed\bfw\asian\n006634\0166_01.jpg,n006634,n006634,asian,asian,females,females,,,1,0.7179085,16.433594,0.2820915
data\processed\bfw\asian\n001682\0074_01.jpg,data\processed\bfw\asian\n001682\0177_01.jpg,n001682,n001682,asian,asian,males,males,,,1,0.6107662,19.634212,0.38923383
data\processed\bfw\asian\n004686\0282_01.jpg,data\processed\bfw\asian\n004686\0302_01.jpg,n004686,n004686,asian,asian,males,males,,,1,0.68712586,18.710331,0.31287414
data\processed\bfw\asian\n000854\0060_01.jpg,data\processed\bfw\asian\n000854\0522_01.jpg,n000854,n000854,asian,asian,females,females,,,1,0.7376274,17.806385,0.2623726
data\processed\bfw\asian\n009041\0025_01.jpg,data\processed\bfw\asian\n002509\0413_01.jpg,n009041,n002509,asian,asian,females,females,,,0,0.30934933,28.909668,0.6906507
data\processed\bfw\asian\n003482\0044_02.jpg,data\processed\bfw\asian\n003482\0178_02.jpg,n003482,n003482,asian,asian,males,males,,,1,0.73025,15.862452,0.26975
data\processed\bfw\asian\n009279\0164_04.jpg,data\processed\bfw\asian\n002509\0023_01.jpg,n009279,n002509,asian,asian,females,females,,,0,0.16928855,29.636972,0.8307115
data\processed\bfw\asian\n000840\0012_01.jpg,data\processed\bfw\asian\n000840\0060_01.jpg,n000840,n000840,asian,asian,females,females,,,1,0.59153956,19.912092,0.40846044
data\processed\bfw\asian\n005071\0113_02.jpg,data\processed\bfw\asian\n005071\0254_01.jpg,n005071,n005071,asian,asian,males,males,,,1,0.65429896,19.819326,0.34570104
data\processed\bfw\asian\n005077\0006_01.jpg,data\processed\bfw\asian\n005077\0099_01.jpg,n005077,n005077,asian,asian,females,females,,,1,0.6931532,16.645485,0.3068468
data\processed\bfw\asian\n004864\0171_01.jpg,data\processed\bfw\asian\n000139\0304_02.jpg,n004864,n000139,asian,asian,females,females,,,0,0.35555077,25.135979,0.64444923
data\processed\bfw\asian\n003288\0022_01.jpg,data\processed\bfw\asian\n003288\0300_01.jpg,n003288,n003288,asian,asian,females,females,,,1,0.59943074,20.138283,0.40056926
data\processed\bfw\asian\n003481\0202_01.jpg,data\processed\bfw\asian\n000838\0093_01.jpg,n003481,n000838,asian,asian,females,females,,,0,0.116682485,30.28396,0.88331753
data\processed\bfw\asian\n004935\0124_01.jpg,data\processed\bfw\asian\n004935\0287_01.jpg,n004935,n004935,asian,asian,males,males,,,1,0.85548383,11.4175415,0.14451617
data\processed\bfw\asian\n007385\0065_01.jpg,data\processed\bfw\asian\n007270\0289_01.jpg,n007385,n007270,asian,asian,females,females,,,0,0.60891885,19.740265,0.39108115
data\processed\bfw\asian\n003449\0027_01.jpg,data\processed\bfw\asian\n004549\0073_01.jpg,n003449,n004549,asian,asian,females,females,,,0,0.40651324,25.197266,0.5934868
data\processed\bfw\asian\n000839\0081_01.jpg,data\processed\bfw\asian\n000839\0407_01.jpg,n000839,n000839,asian,asian,females,females,,,1,0.36780745,26.42863,0.63219255
data\processed\bfw\asian\n006344\0025_02.jpg,data\processed\bfw\asian\n006344\0322_01.jpg,n006344,n006344,asian,asian,females,females,,,1,0.5719505,18.636488,0.4280495
data\processed\bfw\asian\n001572\0295_01.jpg,data\processed\bfw\asian\n001572\0326_01.jpg,n001572,n001572,asian,asian,females,females,,,1,0.5827605,21.098986,0.4172395
data\processed\bfw\asian\n006224\0053_01.jpg,data\processed\bfw\asian\n006224\0347_01.jpg,n006224,n006224,asian,asian,females,females,,,1,0.82120067,15.175143,0.17879933
data\processed\bfw\asian\n009175\0019_01.jpg,data\processed\bfw\asian\n009175\0072_01.jpg,n009175,n009175,asian,asian,females,females,,,1,0.7696998,15.291332,0.23030019
data\processed\bfw\asian\n004870\0069_01.jpg,data\processed\bfw\asian\n004870\0070_02.jpg,n004870,n004870,asian,asian,females,females,,,1,0.6079395,20.504965,0.39206052
data\processed\bfw\asian\n000839\0197_01.jpg,data\processed\bfw\asian\n004787\0278_01.jpg,n000839,n004787,asian,asian,females,females,,,0,-0.049800985,36.581966,1.049801
data\processed\bfw\asian\n006203\0148_03.jpg,data\processed\bfw\asian\n006203\0398_01.jpg,n006203,n006203,asian,asian,females,females,,,1,0.4931435,22.675283,0.5068565
data\processed\bfw\asian\n007372\0198_01.jpg,data\processed\bfw\asian\n004791\0591_01.jpg,n007372,n004791,asian,asian,females,males,,,0,0.30067188,29.20376,0.6993281
data\processed\bfw\asian\n004681\0019_01.jpg,data\processed\bfw\asian\n004681\0204_02.jpg,n004681,n004681,asian,asian,males,males,,,1,0.84663063,11.356172,0.15336937
data\processed\bfw\asian\n004805\0127_01.jpg,data\processed\bfw\asian\n004805\0240_01.jpg,n004805,n004805,asian,asian,males,males,,,1,0.51283807,21.333189,0.48716193
data\processed\bfw\asian\n005063\0439_01.jpg,data\processed\bfw\asian\n009277\0013_02.jpg,n005063,n009277,asian,asian,females,females,,,0,0.3960864,24.153217,0.6039136
data\processed\bfw\asian\n003635\0085_01.jpg,data\processed\bfw\asian\n003635\0177_02.jpg,n003635,n003635,asian,asian,males,males,,,1,0.7981963,15.781758,0.20180368
data\processed\bfw\asian\n001562\0070_01.jpg,data\processed\bfw\asian\n005085\0240_01.jpg,n001562,n005085,asian,asian,males,females,,,0,0.01884679,34.403633,0.9811532
data\processed\bfw\asian\n006736\0108_01.jpg,data\processed\bfw\asian\n006736\0438_01.jpg,n006736,n006736,asian,asian,females,females,,,1,0.5310913,22.170504,0.46890873
data\processed\bfw\asian\n003465\0161_02.jpg,data\processed\bfw\asian\n006634\0313_02.jpg,n003465,n006634,asian,asian,males,females,,,0,0.19519033,27.491161,0.8048097
data\processed\bfw\asian\n009277\0018_01.jpg,data\processed\bfw\asian\n003506\0367_01.jpg,n009277,n003506,asian,asian,females,females,,,0,0.38455403,25.19718,0.615446
data\processed\bfw\asian\n009277\0113_01.jpg,data\processed\bfw\asian\n009277\0285_01.jpg,n009277,n009277,asian,asian,females,females,,,1,0.7213763,17.818047,0.2786237
data\processed\bfw\asian\n003465\0413_01.jpg,data\processed\bfw\asian\n003465\0461_03.jpg,n003465,n003465,asian,asian,males,males,,,1,0.39827648,25.290398,0.60172355
data\processed\bfw\asian\n000873\0042_01.jpg,data\processed\bfw\asian\n000873\0496_01.jpg,n000873,n000873,asian,asian,males,males,,,1,0.790087,14.847914,0.20991302
data\processed\bfw\asian\n009042\0133_01.jpg,data\processed\bfw\asian\n006223\0531_01.jpg,n009042,n006223,asian,asian,females,females,,,0,0.2808177,28.572014,0.7191823
data\processed\bfw\asian\n006126\0004_01.jpg,data\processed\bfw\asian\n006126\0039_01.jpg,n006126,n006126,asian,asian,females,females,,,1,0.73429304,17.416111,0.26570696
data\processed\bfw\asian\n003465\0195_01.jpg,data\processed\bfw\asian\n003357\0422_01.jpg,n003465,n003357,asian,asian,males,females,,,0,0.15317106,29.835539,0.84682894
data\processed\bfw\asian\n004687\0191_01.jpg,data\processed\bfw\asian\n004687\0243_01.jpg,n004687,n004687,asian,asian,females,females,,,1,0.5397141,22.462227,0.4602859
data\processed\bfw\asian\n006148\0014_03.jpg,data\processed\bfw\asian\n006148\0189_01.jpg,n006148,n006148,asian,asian,females,females,,,1,0.70512325,16.548758,0.29487675
data\processed\bfw\asian\n005063\0414_06.jpg,data\processed\bfw\asian\n004877\0122_01.jpg,n005063,n004877,asian,asian,females,females,,,0,-0.111692704,34.07745,1.1116927
data\processed\bfw\asian\n005116\0172_01.jpg,data\processed\bfw\asian\n005116\0332_01.jpg,n005116,n005116,asian,asian,males,males,,,1,0.63417095,19.758589,0.36582905
data\processed\bfw\asian\n006223\0055_01.jpg,data\processed\bfw\asian\n006223\0160_01.jpg,n006223,n006223,asian,asian,females,females,,,1,0.746915,15.775709,0.25308502
data\processed\bfw\asian\n000148\0136_01.jpg,data\processed\bfw\asian\n000148\0269_01.jpg,n000148,n000148,asian,asian,females,females,,,1,0.66724485,19.310015,0.33275515
data\processed\bfw\asian\n004805\0127_01.jpg,data\processed\bfw\asian\n004805\0566_01.jpg,n004805,n004805,asian,asian,males,males,,,1,0.550265,20.44185,0.449735
data\processed\bfw\asian\n007738\0306_02.jpg,data\processed\bfw\asian\n002644\0303_01.jpg,n007738,n002644,asian,asian,females,males,,,0,0.19770756,28.273956,0.80229247
data\processed\bfw\asian\n007089\0015_01.jpg,data\processed\bfw\asian\n005077\0082_01.jpg,n007089,n005077,asian,asian,females,females,,,0,0.46415204,21.78831,0.53584796
data\processed\bfw\asian\n004467\0293_01.jpg,data\processed\bfw\asian\n003449\0418_01.jpg,n004467,n003449,asian,asian,males,females,,,0,0.24066134,28.806885,0.7593387
data\processed\bfw\asian\n000143\0014_01.jpg,data\processed\bfw\asian\n000143\0171_01.jpg,n000143,n000143,asian,asian,females,females,,,1,0.77203345,15.101395,0.22796655
data\processed\bfw\asian\n006223\0209_02.jpg,data\processed\bfw\asian\n006223\0260_01.jpg,n006223,n006223,asian,asian,females,females,,,1,0.7969586,13.843508,0.20304137
data\processed\bfw\asian\n007372\0247_01.jpg,data\processed\bfw\asian\n003489\0102_01.jpg,n007372,n003489,asian,asian,females,males,,,0,0.250865,29.176104,0.749135
data\processed\bfw\asian\n006736\0283_01.jpg,data\processed\bfw\asian\n006736\0349_01.jpg,n006736,n006736,asian,asian,females,females,,,1,0.54102844,22.355984,0.45897156
data\processed\bfw\asian\n001864\0169_01.jpg,data\processed\bfw\asian\n005216\0058_01.jpg,n001864,n005216,asian,asian,males,females,,,0,0.32465625,26.429035,0.67534375
data\processed\bfw\asian\n004725\0118_02.jpg,data\processed\bfw\asian\n004725\0170_01.jpg,n004725,n004725,asian,asian,males,males,,,1,0.79487395,15.405812,0.20512605
data\processed\bfw\asian\n004935\0138_01.jpg,data\processed\bfw\asian\n004935\0327_01.jpg,n004935,n004935,asian,asian,males,males,,,1,0.78665197,14.128121,0.21334803
data\processed\bfw\asian\n000872\0188_01.jpg,data\processed\bfw\asian\n000872\0211_01.jpg,n000872,n000872,asian,asian,males,males,,,1,0.68548775,19.688095,0.31451225
data\processed\bfw\asian\n004109\0273_01.jpg,data\processed\bfw\asian\n005378\0255_01.jpg,n004109,n005378,asian,asian,males,females,,,0,0.33228526,25.872368,0.6677147
data\processed\bfw\asian\n001682\0048_01.jpg,data\processed\bfw\asian\n000873\0176_01.jpg,n001682,n000873,asian,asian,males,males,,,0,0.007433953,33.425007,0.99256605
data\processed\bfw\asian\n004109\0015_01.jpg,data\processed\bfw\asian\n004109\0185_01.jpg,n004109,n004109,asian,asian,males,males,,,1,0.8908396,10.7294445,0.10916042
data\processed\bfw\asian\n003481\0015_01.jpg,data\processed\bfw\asian\n004794\0015_01.jpg,n003481,n004794,asian,asian,females,males,,,0,0.28649166,25.612658,0.71350837
data\processed\bfw\asian\n009288\0068_01.jpg,data\processed\bfw\asian\n009288\0175_01.jpg,n009288,n009288,asian,asian,females,females,,,1,0.2539718,27.999935,0.7460282
data\processed\bfw\asian\n007270\0066_01.jpg,data\processed\bfw\asian\n007270\0471_01.jpg,n007270,n007270,asian,asian,females,females,,,1,0.7393334,16.836523,0.2606666
data\processed\bfw\asian\n006224\0158_01.jpg,data\processed\bfw\asian\n006224\0230_01.jpg,n006224,n006224,asian,asian,females,females,,,1,0.66055787,19.41873,0.33944213
data\processed\bfw\asian\n001496\0009_01.jpg,data\processed\bfw\asian\n001496\0302_01.jpg,n001496,n001496,asian,asian,males,males,,,1,0.6397273,19.219158,0.3602727
data\processed\bfw\asian\n006148\0254_01.jpg,data\processed\bfw\asian\n006148\0400_01.jpg,n006148,n006148,asian,asian,females,females,,,1,0.13571806,29.040308,0.86428195
data\processed\bfw\asian\n000138\0087_03.jpg,data\processed\bfw\asian\n000138\0259_01.jpg,n000138,n000138,asian,asian,females,females,,,1,0.7028042,17.183577,0.2971958
data\processed\bfw\asian\n006358\0041_01.jpg,data\processed\bfw\asian\n005474\0162_02.jpg,n006358,n005474,asian,asian,females,females,,,0,0.58184445,22.669867,0.41815555
data\processed\bfw\asian\n000838\0144_06.jpg,data\processed\bfw\asian\n004809\0635_01.jpg,n000838,n004809,asian,asian,females,males,,,0,0.2045861,26.975197,0.7954139
data\processed\bfw\asian\n006358\0125_01.jpg,data\processed\bfw\asian\n009278\0061_02.jpg,n006358,n009278,asian,asian,females,females,,,0,0.32749358,25.833366,0.67250645
data\processed\bfw\asian\n001976\0372_01.jpg,data\processed\bfw\asian\n007738\0094_01.jpg,n001976,n007738,asian,asian,males,females,,,0,0.01905392,30.775616,0.98094606
data\processed\bfw\asian\n000161\0119_02.jpg,data\processed\bfw\asian\n000161\0477_01.jpg,n000161,n000161,asian,asian,males,males,,,1,0.5224119,22.762352,0.47758812
data\processed\bfw\asian\n001572\0127_01.jpg,data\processed\bfw\asian\n009125\0209_01.jpg,n001572,n009125,asian,asian,females,females,,,0,0.2701578,28.224007,0.7298422
data\processed\bfw\asian\n003481\0107_01.jpg,data\processed\bfw\asian\n003506\0627_01.jpg,n003481,n003506,asian,asian,females,females,,,0,0.4192837,24.558376,0.5807163
data\processed\bfw\asian\n005216\0084_01.jpg,data\processed\bfw\asian\n005216\0212_02.jpg,n005216,n005216,asian,asian,females,females,,,1,0.6852101,17.62994,0.3147899
data\processed\bfw\asian\n003533\0067_01.jpg,data\processed\bfw\asian\n009042\0085_01.jpg,n003533,n009042,asian,asian,males,females,,,0,0.10037044,27.645218,0.8996296
data\processed\bfw\asian\n000840\0036_01.jpg,data\processed\bfw\asian\n000160\0127_01.jpg,n000840,n000160,asian,asian,females,females,,,0,0.59583753,20.540154,0.40416247
data\processed\bfw\asian\n000135\0208_01.jpg,data\processed\bfw\asian\n009279\0227_01.jpg,n000135,n009279,asian,asian,females,females,,,0,0.4359631,26.013584,0.5640369
data\processed\bfw\asian\n003824\0160_01.jpg,data\processed\bfw\asian\n004864\0621_01.jpg,n003824,n004864,asian,asian,females,females,,,0,0.11538738,30.26262,0.8846126
data\processed\bfw\asian\n003155\0025_02.jpg,data\processed\bfw\asian\n007385\0072_09.jpg,n003155,n007385,asian,asian,males,females,,,0,0.21249881,29.018223,0.7875012
data\processed\bfw\asian\n003481\0119_02.jpg,data\processed\bfw\asian\n004467\0677_01.jpg,n003481,n004467,asian,asian,females,males,,,0,0.069434546,30.290197,0.9305655
data\processed\bfw\asian\n009175\0066_01.jpg,data\processed\bfw\asian\n009175\0465_01.jpg,n009175,n009175,asian,asian,females,females,,,1,0.7964934,14.347359,0.20350659
data\processed\bfw\asian\n000838\0037_01.jpg,data\processed\bfw\asian\n000838\0187_02.jpg,n000838,n000838,asian,asian,females,females,,,1,0.6685842,18.251692,0.33141577
data\processed\bfw\asian\n003481\0109_01.jpg,data\processed\bfw\asian\n002406\0328_01.jpg,n003481,n002406,asian,asian,females,males,,,0,0.20682946,27.916302,0.7931706
data\processed\bfw\asian\n009125\0064_01.jpg,data\processed\bfw\asian\n009125\0186_02.jpg,n009125,n009125,asian,asian,females,females,,,1,0.6912767,18.322132,0.30872327
data\processed\bfw\asian\n009175\0465_01.jpg,data\processed\bfw\asian\n008978\0134_01.jpg,n009175,n008978,asian,asian,females,females,,,0,0.40166464,24.506342,0.5983354
data\processed\bfw\asian\n004791\0209_01.jpg,data\processed\bfw\asian\n004791\0574_01.jpg,n004791,n004791,asian,asian,males,males,,,1,0.70749897,16.34925,0.29250103
data\processed\bfw\asian\n005474\0062_01.jpg,data\processed\bfw\asian\n006634\0039_01.jpg,n005474,n006634,asian,asian,females,females,,,0,0.42659435,23.343214,0.5734056
data\processed\bfw\asian\n004870\0069_01.jpg,data\processed\bfw\asian\n004870\0288_02.jpg,n004870,n004870,asian,asian,females,females,,,1,0.3112478,27.852148,0.6887522
data\processed\bfw\asian\n003491\0135_01.jpg,data\processed\bfw\asian\n004948\0345_02.jpg,n003491,n004948,asian,asian,males,males,,,0,-0.025450163,33.069916,1.0254501
data\processed\bfw\asian\n000161\0183_01.jpg,data\processed\bfw\asian\n000161\0237_01.jpg,n000161,n000161,asian,asian,males,males,,,1,0.8117555,15.1749735,0.18824452
data\processed\bfw\asian\n006633\0063_04.jpg,data\processed\bfw\asian\n006633\0552_01.jpg,n006633,n006633,asian,asian,females,females,,,1,0.4168235,24.58801,0.5831765
data\processed\bfw\asian\n002725\0007_03.jpg,data\processed\bfw\asian\n005077\0129_01.jpg,n002725,n005077,asian,asian,females,females,,,0,0.32247603,25.740236,0.677524
data\processed\bfw\asian\n007899\0154_01.jpg,data\processed\bfw\asian\n007899\0166_01.jpg,n007899,n007899,asian,asian,females,females,,,1,0.64127535,18.793991,0.35872465
data\processed\bfw\asian\n003027\0459_01.jpg,data\processed\bfw\asian\n004786\0197_02.jpg,n003027,n004786,asian,asian,males,females,,,0,0.07373113,29.529898,0.9262689
data\processed\bfw\asian\n003824\0015_01.jpg,data\processed\bfw\asian\n003824\0160_01.jpg,n003824,n003824,asian,asian,females,females,,,1,0.51927906,22.85561,0.48072094
data\processed\bfw\asian\n002775\0064_01.jpg,data\processed\bfw\asian\n000839\0163_01.jpg,n002775,n000839,asian,asian,males,females,,,0,0.10333414,30.061049,0.8966659
data\processed\bfw\asian\n002331\0199_01.jpg,data\processed\bfw\asian\n003635\0449_01.jpg,n002331,n003635,asian,asian,males,males,,,0,0.27710265,27.706066,0.72289735
data\processed\bfw\asian\n009277\0020_01.jpg,data\processed\bfw\asian\n009277\0365_01.jpg,n009277,n009277,asian,asian,females,females,,,1,0.65146,19.532196,0.34854
data\processed\bfw\asian\n009103\0193_01.jpg,data\processed\bfw\asian\n006149\0117_01.jpg,n009103,n006149,asian,asian,females,females,,,0,0.045237675,33.750874,0.95476234
data\processed\bfw\asian\n002320\0006_01.jpg,data\processed\bfw\asian\n002320\0272_03.jpg,n002320,n002320,asian,asian,males,males,,,1,0.5453384,23.12991,0.4546616
data\processed\bfw\asian\n003167\0001_02.jpg,data\processed\bfw\asian\n003491\0019_01.jpg,n003167,n003491,asian,asian,males,males,,,0,0.24421853,26.27076,0.7557815
data\processed\bfw\asian\n006619\0087_01.jpg,data\processed\bfw\asian\n006619\0288_01.jpg,n006619,n006619,asian,asian,females,females,,,1,0.59469855,21.131502,0.40530145
data\processed\bfw\asian\n004108\0341_01.jpg,data\processed\bfw\asian\n003449\0180_01.jpg,n004108,n003449,asian,asian,males,females,,,0,0.2732408,26.832779,0.7267592
data\processed\bfw\asian\n005474\0058_03.jpg,data\processed\bfw\asian\n005474\0210_02.jpg,n005474,n005474,asian,asian,females,females,,,1,0.7037445,17.72758,0.29625553
data\processed\bfw\asian\n006203\0090_01.jpg,data\processed\bfw\asian\n004472\0391_02.jpg,n006203,n004472,asian,asian,females,females,,,0,0.1532473,28.24043,0.8467527
data\processed\bfw\asian\n009279\0031_01.jpg,data\processed\bfw\asian\n009279\0187_01.jpg,n009279,n009279,asian,asian,females,females,,,1,0.72805244,16.776316,0.27194756
data\processed\bfw\asian\n006633\0262_02.jpg,data\processed\bfw\asian\n006633\0356_01.jpg,n006633,n006633,asian,asian,females,females,,,1,0.32988086,27.028961,0.67011917
data\processed\bfw\asian\n004108\0131_01.jpg,data\processed\bfw\asian\n000436\0056_04.jpg,n004108,n000436,asian,asian,males,males,,,0,0.06413618,31.539198,0.93586385
data\processed\bfw\asian\n007664\0065_01.jpg,data\processed\bfw\asian\n007664\0133_01.jpg,n007664,n007664,asian,asian,females,females,,,1,0.49232113,20.355362,0.50767887
data\processed\bfw\asian\n004809\0149_01.jpg,data\processed\bfw\asian\n004221\0450_01.jpg,n004809,n004221,asian,asian,males,males,,,0,0.11412241,28.719204,0.8858776
data\processed\bfw\asian\n008934\0029_02.jpg,data\processed\bfw\asian\n000160\0223_01.jpg,n008934,n000160,asian,asian,females,females,,,0,0.27406347,28.493504,0.72593653
data\processed\bfw\asian\n006358\0055_02.jpg,data\processed\bfw\asian\n006358\0094_01.jpg,n006358,n006358,asian,asian,females,females,,,1,0.6561243,20.72474,0.3438757
data\processed\bfw\asian\n008163\0640_01.jpg,data\processed\bfw\asian\n009275\0039_01.jpg,n008163,n009275,asian,asian,females,females,,,0,0.33054027,26.125427,0.6694597
data\processed\bfw\asian\n004109\0102_01.jpg,data\processed\bfw\asian\n009175\0082_01.jpg,n004109,n009175,asian,asian,males,females,,,0,0.21608998,28.627365,0.78391004
data\processed\bfw\asian\n000872\0085_01.jpg,data\processed\bfw\asian\n004472\0172_03.jpg,n000872,n004472,asian,asian,males,females,,,0,0.11635376,28.132942,0.88364625
data\processed\bfw\asian\n003533\0062_02.jpg,data\processed\bfw\asian\n003533\0128_01.jpg,n003533,n003533,asian,asian,males,males,,,1,0.80395293,14.345861,0.19604707
data\processed\bfw\asian\n002552\0020_01.jpg,data\processed\bfw\asian\n002552\0237_02.jpg,n002552,n002552,asian,asian,males,males,,,1,0.7312585,16.072649,0.2687415
data\processed\bfw\asian\n000158\0040_07.jpg,data\processed\bfw\asian\n000158\0158_01.jpg,n000158,n000158,asian,asian,males,males,,,1,0.856687,12.463291,0.14331299
data\processed\bfw\asian\n004467\0047_01.jpg,data\processed\bfw\asian\n000839\0295_01.jpg,n004467,n000839,asian,asian,males,females,,,0,-0.101553746,33.63907,1.1015538
data\processed\bfw\asian\n006619\0098_01.jpg,data\processed\bfw\asian\n003354\0098_01.jpg,n006619,n003354,asian,asian,females,females,,,0,0.25338227,28.779045,0.74661773
data\processed\bfw\asian\n006159\0113_02.jpg,data\processed\bfw\asian\n006159\0265_01.jpg,n006159,n006159,asian,asian,females,females,,,1,0.42014188,24.94901,0.5798581
data\processed\bfw\asian\n008163\0239_02.jpg,data\processed\bfw\asian\n008163\0609_02.jpg,n008163,n008163,asian,asian,females,females,,,1,0.7910229,14.261663,0.2089771
data\processed\bfw\asian\n004466\0003_01.jpg,data\processed\bfw\asian\n004466\0123_01.jpg,n004466,n004466,asian,asian,males,males,,,1,0.77791315,16.123285,0.22208685
data\processed\bfw\asian\n000148\0025_01.jpg,data\processed\bfw\asian\n009177\0602_01.jpg,n000148,n009177,asian,asian,females,females,,,0,0.29011333,25.825176,0.70988667
data\processed\bfw\asian\n001572\0242_01.jpg,data\processed\bfw\asian\n003824\0111_01.jpg,n001572,n003824,asian,asian,females,females,,,0,0.33525252,26.444452,0.6647475
data\processed\bfw\asian\n009276\0006_08.jpg,data\processed\bfw\asian\n009276\0374_01.jpg,n009276,n009276,asian,asian,females,females,,,1,0.43824822,24.093767,0.5617518
data\processed\bfw\asian\n004681\0592_01.jpg,data\processed\bfw\asian\n005083\0100_01.jpg,n004681,n005083,asian,asian,males,females,,,0,0.18786277,29.06377,0.81213725
data\processed\bfw\asian\n003288\0572_01.jpg,data\processed\bfw\asian\n006203\0130_01.jpg,n003288,n006203,asian,asian,females,females,,,0,0.06971633,31.918932,0.93028367
data\processed\bfw\asian\n009294\0002_01.jpg,data\processed\bfw\asian\n003162\0188_01.jpg,n009294,n003162,asian,asian,females,males,,,0,0.13356535,30.73003,0.86643463
data\processed\bfw\asian\n004794\0019_03.jpg,data\processed\bfw\asian\n004794\0367_01.jpg,n004794,n004794,asian,asian,males,males,,,1,0.61901695,20.3145,0.38098305
data\processed\bfw\asian\n004108\0267_02.jpg,data\processed\bfw\asian\n004108\0350_02.jpg,n004108,n004108,asian,asian,males,males,,,1,0.3912995,24.713331,0.6087005
data\processed\bfw\asian\n004805\0025_01.jpg,data\processed\bfw\asian\n005083\0252_01.jpg,n004805,n005083,asian,asian,males,females,,,0,0.068097174,30.661165,0.9319028
data\processed\bfw\asian\n000137\0248_01.jpg,data\processed\bfw\asian\n000137\0265_01.jpg,n000137,n000137,asian,asian,females,females,,,1,0.4388487,24.671764,0.56115127
data\processed\bfw\asian\n002725\0267_01.jpg,data\processed\bfw\asian\n002725\0329_03.jpg,n002725,n002725,asian,asian,females,females,,,1,0.59108526,21.611341,0.40891474
data\processed\bfw\asian\n000837\0032_02.jpg,data\processed\bfw\asian\n000837\0193_01.jpg,n000837,n000837,asian,asian,females,females,,,1,0.45303687,24.380022,0.5469631
data\processed\bfw\asian\n007089\0066_01.jpg,data\processed\bfw\asian\n007089\0067_01.jpg,n007089,n007089,asian,asian,females,females,,,1,0.7701488,15.495733,0.22985119
data\processed\bfw\asian\n005085\0018_01.jpg,data\processed\bfw\asian\n005085\0069_01.jpg,n005085,n005085,asian,asian,females,females,,,1,0.844453,12.222798,0.15554702
data\processed\bfw\asian\n002644\0318_01.jpg,data\processed\bfw\asian\n002644\0497_02.jpg,n002644,n002644,asian,asian,males,males,,,1,0.81234103,13.952552,0.18765897
data\processed\bfw\asian\n000132\0707_01__face_0.jpg,data\processed\bfw\asian\n003155\1014_01.jpg,n000132,n003155,asian,asian,males,males,,,0,0.52244616,22.186176,0.47755384
data\processed\bfw\asian\n001976\0056_01.jpg,data\processed\bfw\asian\n001976\0336_02.jpg,n001976,n001976,asian,asian,males,males,,,1,0.852665,12.561465,0.147335
data\processed\bfw\asian\n000158\0367_01.jpg,data\processed\bfw\asian\n003223\0034_05.jpg,n000158,n003223,asian,asian,males,males,,,0,0.032524146,35.211876,0.96747583
data\processed\bfw\asian\n004786\0101_01.jpg,data\processed\bfw\asian\n004786\0203_01.jpg,n004786,n004786,asian,asian,females,females,,,1,0.6729639,18.18057,0.32703608
data\processed\bfw\asian\n004809\0220_03.jpg,data\processed\bfw\asian\n006634\0078_01.jpg,n004809,n006634,asian,asian,males,females,,,0,0.43682888,23.577091,0.56317115
data\processed\bfw\asian\n005378\0234_02.jpg,data\processed\bfw\asian\n005378\0237_01.jpg,n005378,n005378,asian,asian,females,females,,,1,0.41118315,23.762094,0.5888169
data\processed\bfw\asian\n005069\0135_01.jpg,data\processed\bfw\asian\n004721\0145_01.jpg,n005069,n004721,asian,asian,females,males,,,0,0.28685006,26.588484,0.7131499
data\processed\bfw\asian\n008163\0092_01.jpg,data\processed\bfw\asian\n008163\0389_01.jpg,n008163,n008163,asian,asian,females,females,,,1,0.8697557,11.53689,0.13024431
data\processed\bfw\asian\n004805\0385_01.jpg,data\processed\bfw\asian\n004805\0566_01.jpg,n004805,n004805,asian,asian,males,males,,,1,0.58528286,19.666601,0.41471714
data\processed\bfw\asian\n002775\0133_01.jpg,data\processed\bfw\asian\n000137\0187_01.jpg,n002775,n000137,asian,asian,males,females,,,0,0.26049626,28.832659,0.73950374
data\processed\bfw\asian\n004472\0485_01.jpg,data\processed\bfw\asian\n000139\0170_01.jpg,n004472,n000139,asian,asian,females,females,,,0,0.2429606,26.753952,0.7570394
data\processed\bfw\asian\n006148\0102_02.jpg,data\processed\bfw\asian\n006148\0165_01.jpg,n006148,n006148,asian,asian,females,females,,,1,0.7673337,15.001839,0.23266631
data\processed\bfw\asian\n004860\0059_01.jpg,data\processed\bfw\asian\n004721\0017_01.jpg,n004860,n004721,asian,asian,females,males,,,0,0.20903333,28.25919,0.7909667
data\processed\bfw\asian\n000436\0002_01.jpg,data\processed\bfw\asian\n000436\0560_01.jpg,n000436,n000436,asian,asian,males,males,,,1,0.230162,26.789787,0.769838
data\processed\bfw\asian\n004800\0541_01.jpg,data\processed\bfw\asian\n004800\0560_01.jpg,n004800,n004800,asian,asian,males,males,,,1,0.44373864,22.693958,0.55626136
data\processed\bfw\asian\n007664\0049_01.jpg,data\processed\bfw\asian\n007664\0130_01.jpg,n007664,n007664,asian,asian,females,females,,,1,0.75666225,14.472318,0.24333775
data\processed\bfw\asian\n004785\0169_01.jpg,data\processed\bfw\asian\n004864\0282_02.jpg,n004785,n004864,asian,asian,females,females,,,0,0.34229848,26.142017,0.6577015
data\processed\bfw\asian\n009042\0394_01.jpg,data\processed\bfw\asian\n009175\0043_01.jpg,n009042,n009175,asian,asian,females,females,,,0,0.32053697,25.02373,0.679463
data\processed\bfw\asian\n003223\0033_02.jpg,data\processed\bfw\asian\n005078\0134_01.jpg,n003223,n005078,asian,asian,males,males,,,0,0.28100982,28.537947,0.7189902
data\processed\bfw\asian\n008383\0161_02.jpg,data\processed\bfw\asian\n008383\0550_01.jpg,n008383,n008383,asian,asian,females,females,,,1,0.72555476,18.315355,0.27444524
data\processed\bfw\asian\n003489\0102_01.jpg,data\processed\bfw\asian\n003489\0247_01.jpg,n003489,n003489,asian,asian,males,males,,,1,0.60824585,22.096521,0.39175415
data\processed\bfw\asian\n007089\0055_01.jpg,data\processed\bfw\asian\n007089\0435_01.jpg,n007089,n007089,asian,asian,females,females,,,1,0.72071904,17.729628,0.27928096
data\processed\bfw\asian\n002725\0150_01.jpg,data\processed\bfw\asian\n009288\0270_01.jpg,n002725,n009288,asian,asian,females,females,,,0,0.19011961,28.096943,0.8098804
data\processed\bfw\asian\n007378\0124_01.jpg,data\processed\bfw\asian\n004809\0659_01.jpg,n007378,n004809,asian,asian,females,males,,,0,0.1829274,27.968987,0.81707263
data\processed\bfw\asian\n003358\0318_01.jpg,data\processed\bfw\asian\n004467\0049_01.jpg,n003358,n004467,asian,asian,females,males,,,0,0.13414596,29.783476,0.865854
data\processed\bfw\asian\n007270\0064_01.jpg,data\processed\bfw\asian\n007270\0306_03.jpg,n007270,n007270,asian,asian,females,females,,,1,0.73854613,16.26999,0.26145387
data\processed\bfw\asian\n006149\0064_01.jpg,data\processed\bfw\asian\n006149\0075_01.jpg,n006149,n006149,asian,asian,females,females,,,1,0.7143276,17.685045,0.28567243
data\processed\bfw\asian\n000137\0265_01.jpg,data\processed\bfw\asian\n004108\0096_01.jpg,n000137,n004108,asian,asian,females,males,,,0,0.3813908,24.817549,0.6186092
data\processed\bfw\asian\n003506\0177_01.jpg,data\processed\bfw\asian\n003506\0428_02.jpg,n003506,n003506,asian,asian,females,females,,,1,0.5030022,23.961046,0.49699777
data\processed\bfw\asian\n004935\0287_01.jpg,data\processed\bfw\asian\n004935\0501_03.jpg,n004935,n004935,asian,asian,males,males,,,1,0.19928196,26.070318,0.80071807
data\processed\bfw\asian\n000872\0098_01.jpg,data\processed\bfw\asian\n006203\0130_01.jpg,n000872,n006203,asian,asian,males,females,,,0,0.048113775,32.32928,0.95188624
data\processed\bfw\asian\n000873\0255_01.jpg,data\processed\bfw\asian\n000873\0542_01.jpg,n000873,n000873,asian,asian,males,males,,,1,0.5758777,23.07109,0.42412227
data\processed\bfw\asian\n000160\0109_01.jpg,data\processed\bfw\asian\n000160\0308_01.jpg,n000160,n000160,asian,asian,females,females,,,1,0.7482188,15.495685,0.25178123
data\processed\bfw\asian\n008163\0032_02.jpg,data\processed\bfw\asian\n008163\0041_01.jpg,n008163,n008163,asian,asian,females,females,,,1,0.76281786,15.104492,0.23718214
data\processed\bfw\asian\n003162\0046_01.jpg,data\processed\bfw\asian\n003162\0278_01.jpg,n003162,n003162,asian,asian,males,males,,,1,0.75389206,15.653769,0.24610794
data\processed\bfw\asian\n000138\0003_01.jpg,data\processed\bfw\asian\n000138\0395_01.jpg,n000138,n000138,asian,asian,females,females,,,1,0.68259585,18.489819,0.31740415
data\processed\bfw\asian\n004469\0170_01.jpg,data\processed\bfw\asian\n004469\0851_02.jpg,n004469,n004469,asian,asian,males,males,,,1,0.61988765,19.867739,0.38011235
data\processed\bfw\asian\n002509\0041_01.jpg,data\processed\bfw\asian\n004860\0171_07.jpg,n002509,n004860,asian,asian,females,females,,,0,0.25866026,30.235954,0.74133974
data\processed\bfw\asian\n004681\0206_01.jpg,data\processed\bfw\asian\n009042\0394_01.jpg,n004681,n009042,asian,asian,males,females,,,0,0.023712507,28.12668,0.9762875
data\processed\bfw\asian\n004805\0276_01.jpg,data\processed\bfw\asian\n004805\0341_01.jpg,n004805,n004805,asian,asian,males,males,,,1,0.7158438,17.75319,0.2841562
data\processed\bfw\asian\n001864\0077_01.jpg,data\processed\bfw\asian\n001864\0078_01.jpg,n001864,n001864,asian,asian,males,males,,,1,0.6659694,19.569693,0.33403063
data\processed\bfw\asian\n007378\0214_01.jpg,data\processed\bfw\asian\n007378\0248_01.jpg,n007378,n007378,asian,asian,females,females,,,1,0.71300215,16.253176,0.28699785
data\processed\bfw\asian\n006159\0073_01.jpg,data\processed\bfw\asian\n006159\0122_01.jpg,n006159,n006159,asian,asian,females,females,,,1,0.7814628,16.229618,0.21853721
data\processed\bfw\asian\n000138\0078_01.jpg,data\processed\bfw\asian\n009103\0657_02.jpg,n000138,n009103,asian,asian,females,females,,,0,0.26744628,26.087376,0.7325537
data\processed\bfw\asian\n009278\0049_02.jpg,data\processed\bfw\asian\n009278\0072_01.jpg,n009278,n009278,asian,asian,females,females,,,1,0.68206227,17.623848,0.31793773
data\processed\bfw\asian\n000143\0226_04.jpg,data\processed\bfw\asian\n000132\0225_03__face_0.jpg,n000143,n000132,asian,asian,females,males,,,0,0.25401443,28.466515,0.74598557
data\processed\bfw\asian\n007816\0770_01.jpg,data\processed\bfw\asian\n006224\0030_01.jpg,n007816,n006224,asian,asian,females,females,,,0,0.33633283,27.55719,0.6636672
data\processed\bfw\asian\n000436\0161_02.jpg,data\processed\bfw\asian\n000436\0224_01.jpg,n000436,n000436,asian,asian,males,males,,,1,0.5978513,20.647697,0.40214872
data\processed\bfw\asian\n004549\0202_01.jpg,data\processed\bfw\asian\n001496\0076_01.jpg,n004549,n001496,asian,asian,females,males,,,0,0.0504138,30.407804,0.9495862
data\processed\bfw\asian\n008934\0233_01.jpg,data\processed\bfw\asian\n008934\0353_01.jpg,n008934,n008934,asian,asian,females,females,,,1,0.7193652,16.396893,0.28063482
data\processed\bfw\asian\n003467\0176_02.jpg,data\processed\bfw\asian\n003467\0395_01.jpg,n003467,n003467,asian,asian,females,females,,,1,0.79585934,14.844303,0.20414066
data\processed\bfw\asian\n009287\0054_01.jpg,data\processed\bfw\asian\n009287\0191_01.jpg,n009287,n009287,asian,asian,females,females,,,1,0.757725,15.313479,0.242275
data\processed\bfw\asian\n004809\0013_10.jpg,data\processed\bfw\asian\n004809\0619_01.jpg,n004809,n004809,asian,asian,males,males,,,1,0.756841,15.788141,0.243159
data\processed\bfw\asian\n003463\0127_01.jpg,data\processed\bfw\asian\n003463\0517_02.jpg,n003463,n003463,asian,asian,males,males,,,1,0.786636,15.363044,0.213364
data\processed\bfw\asian\n009148\0051_01.jpg,data\processed\bfw\asian\n009148\0155_01.jpg,n009148,n009148,asian,asian,females,females,,,1,0.31271207,25.24895,0.6872879
data\processed\bfw\asian\n005078\0043_02.jpg,data\processed\bfw\asian\n005474\0039_02.jpg,n005078,n005474,asian,asian,males,females,,,0,0.1196693,28.992779,0.8803307
data\processed\bfw\asian\n007816\0281_01.jpg,data\processed\bfw\asian\n007816\0543_01.jpg,n007816,n007816,asian,asian,females,females,,,1,0.45779806,24.328009,0.54220194
data\processed\bfw\asian\n006224\0096_01.jpg,data\processed\bfw\asian\n006224\0212_01.jpg,n006224,n006224,asian,asian,females,females,,,1,0.48588452,24.75787,0.51411545
data\processed\bfw\asian\n000132\0053_01__face_0.jpg,data\processed\bfw\asian\n000132\0091_01__face_0.jpg,n000132,n000132,asian,asian,males,males,,,1,0.8598352,12.023789,0.14016479
data\processed\bfw\asian\n002320\0186_02.jpg,data\processed\bfw\asian\n002320\0220_01.jpg,n002320,n002320,asian,asian,males,males,,,1,0.69341356,18.369469,0.30658644
data\processed\bfw\asian\n004687\0191_01.jpg,data\processed\bfw\asian\n004687\0307_01.jpg,n004687,n004687,asian,asian,females,females,,,1,0.6796443,18.390846,0.3203557
data\processed\bfw\asian\n005378\0294_01.jpg,data\processed\bfw\asian\n005378\0354_01.jpg,n005378,n005378,asian,asian,females,females,,,1,0.48942807,23.344429,0.51057196
data\processed\bfw\asian\n003635\0614_01.jpg,data\processed\bfw\asian\n003635\0624_01.jpg,n003635,n003635,asian,asian,males,males,,,1,0.8695522,11.713325,0.1304478
data\processed\bfw\asian\n003506\0041_01.jpg,data\processed\bfw\asian\n003506\0637_01.jpg,n003506,n003506,asian,asian,females,females,,,1,0.8111328,13.794038,0.18886721
data\processed\bfw\asian\n003355\0082_01.jpg,data\processed\bfw\asian\n004800\0419_04.jpg,n003355,n004800,asian,asian,males,males,,,0,0.48279816,22.187166,0.51720184
data\processed\bfw\asian\n004860\0059_01.jpg,data\processed\bfw\asian\n004860\0346_03.jpg,n004860,n004860,asian,asian,females,females,,,1,0.29902118,28.187246,0.7009788
data\processed\bfw\asian\n001682\0085_01.jpg,data\processed\bfw\asian\n004877\0076_01.jpg,n001682,n004877,asian,asian,males,females,,,0,0.082666464,32.01585,0.91733354
data\processed\bfw\asian\n004785\0145_01.jpg,data\processed\bfw\asian\n004785\0357_02.jpg,n004785,n004785,asian,asian,females,females,,,1,0.69020826,17.851816,0.30979174
data\processed\bfw\asian\n003156\0077_01.jpg,data\processed\bfw\asian\n003156\0084_01.jpg,n003156,n003156,asian,asian,males,males,,,1,0.51796937,22.909975,0.48203063
data\processed\bfw\asian\n001976\0336_02.jpg,data\processed\bfw\asian\n000148\0390_01.jpg,n001976,n000148,asian,asian,males,females,,,0,0.021188168,30.827307,0.97881186
data\processed\bfw\asian\n006633\0063_04.jpg,data\processed\bfw\asian\n001682\0052_01.jpg,n006633,n001682,asian,asian,females,males,,,0,0.046478163,30.4389,0.95352185
data\processed\bfw\asian\n007664\0081_01.jpg,data\processed\bfw\asian\n005063\0414_06.jpg,n007664,n005063,asian,asian,females,females,,,0,0.39173132,25.209732,0.6082687
data\processed\bfw\asian\n007089\0431_01.jpg,data\processed\bfw\asian\n004791\0377_01.jpg,n007089,n004791,asian,asian,females,males,,,0,0.17168517,29.598581,0.82831484
data\processed\bfw\asian\n004930\0065_01.jpg,data\processed\bfw\asian\n008934\0119_01.jpg,n004930,n008934,asian,asian,females,females,,,0,0.40844,25.263649,0.59156
data\processed\bfw\asian\n001572\0025_01.jpg,data\processed\bfw\asian\n004800\0289_02.jpg,n001572,n004800,asian,asian,females,males,,,0,-0.026288103,32.02068,1.0262882
data\processed\bfw\asian\n006149\0117_01.jpg,data\processed\bfw\asian\n006149\0349_01.jpg,n006149,n006149,asian,asian,females,females,,,1,0.735133,18.083572,0.264867
data\processed\bfw\asian\n006126\0097_01.jpg,data\processed\bfw\asian\n004936\0124_01.jpg,n006126,n004936,asian,asian,females,females,,,0,0.44820246,22.266285,0.5517975
data\processed\bfw\asian\n005446\0490_02.jpg,data\processed\bfw\asian\n001864\0283_01.jpg,n005446,n001864,asian,asian,females,males,,,0,-0.031291854,31.370436,1.0312918
data\processed\bfw\asian\n003355\0082_01.jpg,data\processed\bfw\asian\n003355\0620_01.jpg,n003355,n003355,asian,asian,males,males,,,1,0.8309057,13.007301,0.16909432
data\processed\bfw\asian\n000135\0112_01.jpg,data\processed\bfw\asian\n005077\0002_01.jpg,n000135,n005077,asian,asian,females,females,,,0,0.17157,29.896133,0.82843
data\processed\bfw\asian\n007814\0287_01.jpg,data\processed\bfw\asian\n000148\0153_01.jpg,n007814,n000148,asian,asian,females,females,,,0,0.609425,19.760405,0.390575
data\processed\bfw\asian\n002320\0006_01.jpg,data\processed\bfw\asian\n002320\0170_01.jpg,n002320,n002320,asian,asian,males,males,,,1,0.64860475,20.304234,0.35139525
data\processed\bfw\asian\n003355\0089_01.jpg,data\processed\bfw\asian\n004686\0077_01.jpg,n003355,n004686,asian,asian,males,males,,,0,0.30229342,25.694656,0.6977066
data\processed\bfw\asian\n001562\0110_02.jpg,data\processed\bfw\asian\n000854\0245_01.jpg,n001562,n000854,asian,asian,males,females,,,0,-0.02411068,32.187813,1.0241107
data\processed\bfw\asian\n004877\0200_02.jpg,data\processed\bfw\asian\n002644\0257_01.jpg,n004877,n002644,asian,asian,females,males,,,0,0.11479327,30.907276,0.8852067
data\processed\bfw\asian\n008934\0164_01.jpg,data\processed\bfw\asian\n008934\0645_01.jpg,n008934,n008934,asian,asian,females,females,,,1,0.53308606,21.584488,0.46691394
data\processed\bfw\asian\n004687\0010_04.jpg,data\processed\bfw\asian\n009279\0193_01.jpg,n004687,n009279,asian,asian,females,females,,,0,0.40742669,25.199059,0.5925733
data\processed\bfw\asian\n006736\0099_01.jpg,data\processed\bfw\asian\n006736\0101_01.jpg,n006736,n006736,asian,asian,females,females,,,1,0.71918446,16.606438,0.28081554
data\processed\bfw\asian\n004936\0138_02.jpg,data\processed\bfw\asian\n004936\0757_01.jpg,n004936,n004936,asian,asian,females,females,,,1,0.5924624,21.098701,0.40753758
data\processed\bfw\asian\n003223\0327_01.jpg,data\processed\bfw\asian\n002775\0069_01.jpg,n003223,n002775,asian,asian,males,males,,,0,0.15674025,30.11808,0.84325975
data\processed\bfw\asian\n001496\0128_03.jpg,data\processed\bfw\asian\n001496\0219_01.jpg,n001496,n001496,asian,asian,males,males,,,1,0.6456273,19.251326,0.35437268
data\processed\bfw\asian\n003167\0183_01.jpg,data\processed\bfw\asian\n004108\0391_01.jpg,n003167,n004108,asian,asian,males,males,,,0,0.27257642,27.220394,0.72742355
data\processed\bfw\asian\n003465\0195_01.jpg,data\processed\bfw\asian\n003027\0374_01.jpg,n003465,n003027,asian,asian,males,males,,,0,-0.13690853,33.85832,1.1369085
data\processed\bfw\asian\n006148\0189_01.jpg,data\processed\bfw\asian\n006148\0400_01.jpg,n006148,n006148,asian,asian,females,females,,,1,0.25132874,27.008112,0.7486713
data\processed\bfw\asian\n002320\0170_01.jpg,data\processed\bfw\asian\n008401\0160_02.jpg,n002320,n008401,asian,asian,males,females,,,0,0.21151394,30.216875,0.78848606
data\processed\bfw\asian\n004791\0190_01.jpg,data\processed\bfw\asian\n004791\0556_01.jpg,n004791,n004791,asian,asian,males,males,,,1,0.7752333,14.900752,0.22476667
data\processed\bfw\asian\n004935\0149_01.jpg,data\processed\bfw\asian\n006774\0391_01.jpg,n004935,n006774,asian,asian,males,females,,,0,0.05642064,29.42676,0.9435794
data\processed\bfw\asian\n007378\0036_01.jpg,data\processed\bfw\asian\n007378\0146_03.jpg,n007378,n007378,asian,asian,females,females,,,1,0.6033612,20.632849,0.3966388
data\processed\bfw\asian\n003824\0042_01.jpg,data\processed\bfw\asian\n006344\0147_02.jpg,n003824,n006344,asian,asian,females,females,,,0,0.15677695,29.016087,0.84322304
data\processed\bfw\asian\n006148\0027_01.jpg,data\processed\bfw\asian\n006148\0242_02.jpg,n006148,n006148,asian,asian,females,females,,,1,0.76862574,14.754387,0.23137426
data\processed\bfw\asian\n009103\0161_01.jpg,data\processed\bfw\asian\n009103\0724_01.jpg,n009103,n009103,asian,asian,females,females,,,1,0.79469764,14.238307,0.20530236
data\processed\bfw\asian\n009042\0115_01.jpg,data\processed\bfw\asian\n009276\0106_05.jpg,n009042,n009276,asian,asian,females,females,,,0,0.24678688,29.420946,0.7532131
data\processed\bfw\asian\n007378\0479_01.jpg,data\processed\bfw\asian\n006125\0247_01.jpg,n007378,n006125,asian,asian,females,females,,,0,0.46203554,23.657364,0.53796446
data\processed\bfw\asian\n008978\0101_01.jpg,data\processed\bfw\asian\n000872\0101_01.jpg,n008978,n000872,asian,asian,females,males,,,0,0.19308376,29.586754,0.80691624
data\processed\bfw\asian\n000009\0102_01.jpg,data\processed\bfw\asian\n004800\0139_02.jpg,n000009,n004800,asian,asian,females,males,,,0,0.09118444,29.895643,0.90881556
data\processed\bfw\asian\n006126\0097_01.jpg,data\processed\bfw\asian\n003506\0367_01.jpg,n006126,n003506,asian,asian,females,females,,,0,0.3311125,26.068947,0.6688875
data\processed\bfw\asian\n006203\0092_06.jpg,data\processed\bfw\asian\n006203\0148_04.jpg,n006203,n006203,asian,asian,females,females,,,1,0.71306044,16.837717,0.28693956
data\processed\bfw\asian\n004785\0183_02.jpg,data\processed\bfw\asian\n004785\0381_02.jpg,n004785,n004785,asian,asian,females,females,,,1,0.6837144,17.559933,0.3162856
data\processed\bfw\asian\n004860\0196_01.jpg,data\processed\bfw\asian\n002406\0197_01.jpg,n004860,n002406,asian,asian,females,males,,,0,0.23883866,28.046427,0.7611613
data\processed\bfw\asian\n009042\0034_02.jpg,data\processed\bfw\asian\n009042\0383_02.jpg,n009042,n009042,asian,asian,females,females,,,1,0.2662338,28.648226,0.7337662
data\processed\bfw\asian\n000436\0002_01.jpg,data\processed\bfw\asian\n000436\0040_04.jpg,n000436,n000436,asian,asian,males,males,,,1,0.1770678,30.098108,0.8229322
data\processed\bfw\asian\n002331\0264_01.jpg,data\processed\bfw\asian\n002331\0348_01.jpg,n002331,n002331,asian,asian,males,males,,,1,0.49398163,22.740398,0.5060184
data\processed\bfw\asian\n005063\0044_03.jpg,data\processed\bfw\asian\n005063\0072_01.jpg,n005063,n005063,asian,asian,females,females,,,1,0.6944358,16.970995,0.30556422
data\processed\bfw\asian\n009287\0160_01.jpg,data\processed\bfw\asian\n000436\0348_01.jpg,n009287,n000436,asian,asian,females,males,,,0,0.22901455,26.52921,0.7709855
data\processed\bfw\asian\n009275\0049_01.jpg,data\processed\bfw\asian\n009275\0624_01.jpg,n009275,n009275,asian,asian,females,females,,,1,0.48796585,21.994894,0.5120342
data\processed\bfw\asian\n003358\0365_01.jpg,data\processed\bfw\asian\n000840\0023_01.jpg,n003358,n000840,asian,asian,females,females,,,0,0.43529293,24.6249,0.56470704
data\processed\bfw\asian\n004469\0111_03.jpg,data\processed\bfw\asian\n003288\0300_01.jpg,n004469,n003288,asian,asian,males,females,,,0,0.18640055,29.1491,0.81359947
data\processed\bfw\asian\n004108\0190_01.jpg,data\processed\bfw\asian\n004108\0383_01.jpg,n004108,n004108,asian,asian,males,males,,,1,0.6332415,20.818254,0.36675853
data\processed\bfw\asian\n005077\0104_01.jpg,data\processed\bfw\asian\n004466\0048_01.jpg,n005077,n004466,asian,asian,females,males,,,0,0.13047343,29.688961,0.86952657
data\processed\bfw\asian\n004786\0097_02.jpg,data\processed\bfw\asian\n004786\0241_02.jpg,n004786,n004786,asian,asian,females,females,,,1,0.70588744,17.135439,0.29411256
data\processed\bfw\asian\n005177\0155_01.jpg,data\processed\bfw\asian\n004935\0123_01.jpg,n005177,n004935,asian,asian,males,males,,,0,0.2585331,28.19662,0.7414669
data\processed\bfw\asian\n004221\0226_06.jpg,data\processed\bfw\asian\n009103\0700_03.jpg,n004221,n009103,asian,asian,males,females,,,0,0.06743945,32.832306,0.93256056
data\processed\bfw\asian\n002725\0290_01.jpg,data\processed\bfw\asian\n002725\0330_02.jpg,n002725,n002725,asian,asian,females,females,,,1,0.6741895,19.043669,0.3258105
data\processed\bfw\asian\n003491\0019_01.jpg,data\processed\bfw\asian\n003491\0033_01.jpg,n003491,n003491,asian,asian,males,males,,,1,0.8482544,12.519822,0.15174562
data\processed\bfw\asian\n005177\0004_01.jpg,data\processed\bfw\asian\n005177\0096_01.jpg,n005177,n005177,asian,asian,males,males,,,1,0.89939153,10.62472,0.10060847
data\processed\bfw\asian\n004860\0018_02.jpg,data\processed\bfw\asian\n004860\0236_01.jpg,n004860,n004860,asian,asian,females,females,,,1,0.7207418,16.322891,0.2792582
data\processed\bfw\asian\n004785\0125_01.jpg,data\processed\bfw\asian\n004785\0211_01.jpg,n004785,n004785,asian,asian,females,females,,,1,0.6263061,19.97718,0.37369388
data\processed\bfw\asian\n000160\0139_01.jpg,data\processed\bfw\asian\n005072\0231_01.jpg,n000160,n005072,asian,asian,females,males,,,0,0.15735409,31.42795,0.8426459
data\processed\bfw\asian\n002644\0105_01.jpg,data\processed\bfw\asian\n002644\0318_01.jpg,n002644,n002644,asian,asian,males,males,,,1,0.6854618,17.615274,0.31453818
data\processed\bfw\asian\n007385\0432_01.jpg,data\processed\bfw\asian\n007385\0691_01.jpg,n007385,n007385,asian,asian,females,females,,,1,0.54214007,21.203968,0.45785993
data\processed\bfw\asian\n004680\0211_01.jpg,data\processed\bfw\asian\n000839\0407_01.jpg,n004680,n000839,asian,asian,females,females,,,0,0.3998226,26.055674,0.6001774
data\processed\bfw\asian\n005072\0606_01.jpg,data\processed\bfw\asian\n003635\0648_02.jpg,n005072,n003635,asian,asian,males,males,,,0,0.4555038,23.9814,0.5444962
data\processed\bfw\asian\n000132\0148_01__face_0.jpg,data\processed\bfw\asian\n000132\0234_01__face_0.jpg,n000132,n000132,asian,asian,males,males,,,1,0.7016267,18.27579,0.29837328
data\processed\bfw\asian\n003533\0055_03.jpg,data\processed\bfw\asian\n003557\0241_03.jpg,n003533,n003557,asian,asian,males,females,,,0,0.04967565,30.10703,0.95032436
data\processed\bfw\asian\n006159\0039_02.jpg,data\processed\bfw\asian\n004466\0045_01.jpg,n006159,n004466,asian,asian,females,males,,,0,-0.21771236,35.36282,1.2177124
data\processed\bfw\asian\n004108\0239_01.jpg,data\processed\bfw\asian\n000838\0247_01.jpg,n004108,n000838,asian,asian,males,females,,,0,0.3621269,25.496843,0.6378731
data\processed\bfw\asian\n003167\0081_01.jpg,data\processed\bfw\asian\n000137\0100_01.jpg,n003167,n000137,asian,asian,males,females,,,0,0.2020369,27.645967,0.7979631
data\processed\bfw\asian\n006418\0040_01.jpg,data\processed\bfw\asian\n000161\0001_01.jpg,n006418,n000161,asian,asian,females,males,,,0,0.27190727,27.891054,0.72809273
data\processed\bfw\asian\n004472\0093_01.jpg,data\processed\bfw\asian\n003465\0036_01.jpg,n004472,n003465,asian,asian,females,males,,,0,0.32247746,25.463518,0.67752254
data\processed\bfw\asian\n004864\0588_04.jpg,data\processed\bfw\asian\n004864\0607_01.jpg,n004864,n004864,asian,asian,females,females,,,1,0.65590155,19.894873,0.34409845
data\processed\bfw\asian\n003155\0185_01.jpg,data\processed\bfw\asian\n003155\0309_02.jpg,n003155,n003155,asian,asian,males,males,,,1,0.42330936,27.767618,0.5766907
data\processed\bfw\asian\n004469\0170_01.jpg,data\processed\bfw\asian\n004791\0269_01.jpg,n004469,n004791,asian,asian,males,males,,,0,0.07091532,29.946817,0.92908466
data\processed\bfw\asian\n006736\0145_01.jpg,data\processed\bfw\asian\n004785\0493_01.jpg,n006736,n004785,asian,asian,females,females,,,0,0.37975582,25.271517,0.62024415
data\processed\bfw\asian\n005116\0189_01.jpg,data\processed\bfw\asian\n005116\0332_01.jpg,n005116,n005116,asian,asian,males,males,,,1,0.65183693,18.965206,0.34816307
data\processed\bfw\asian\n007372\0033_01.jpg,data\processed\bfw\asian\n000873\0191_01.jpg,n007372,n000873,asian,asian,females,males,,,0,0.053695373,32.13693,0.9463046
data\processed\bfw\asian\n006125\0101_01.jpg,data\processed\bfw\asian\n006125\0129_01.jpg,n006125,n006125,asian,asian,females,females,,,1,0.70962495,16.495066,0.29037505
data\processed\bfw\asian\n007089\0066_01.jpg,data\processed\bfw\asian\n000854\0354_01.jpg,n007089,n000854,asian,asian,females,females,,,0,0.44200566,24.96574,0.55799437
data\processed\bfw\asian\n005177\0065_01.jpg,data\processed\bfw\asian\n007372\0216_03.jpg,n005177,n007372,asian,asian,males,females,,,0,0.12801011,33.147507,0.8719899
data\processed\bfw\asian\n004805\0012_02.jpg,data\processed\bfw\asian\n004805\0289_01.jpg,n004805,n004805,asian,asian,males,males,,,1,0.72057503,16.698685,0.27942497
data\processed\bfw\asian\n000139\0170_01.jpg,data\processed\bfw\asian\n006126\0351_01.jpg,n000139,n006126,asian,asian,females,females,,,0,0.45569596,23.76408,0.544304
data\processed\bfw\asian\n003156\0100_01.jpg,data\processed\bfw\asian\n005077\0020_01.jpg,n003156,n005077,asian,asian,males,females,,,0,0.29802108,26.159407,0.7019789
data\processed\bfw\asian\n003027\0210_01.jpg,data\processed\bfw\asian\n006774\0075_01.jpg,n003027,n006774,asian,asian,males,females,,,0,0.14334404,26.899887,0.85665596
data\processed\bfw\asian\n009175\0037_01.jpg,data\processed\bfw\asian\n009175\0072_01.jpg,n009175,n009175,asian,asian,females,females,,,1,0.84975535,12.685038,0.15024465
data\processed\bfw\asian\n009177\0112_01.jpg,data\processed\bfw\asian\n009177\0175_01.jpg,n009177,n009177,asian,asian,females,females,,,1,0.7170154,16.614536,0.2829846
data\processed\bfw\asian\n000837\0195_01.jpg,data\processed\bfw\asian\n000837\0288_01.jpg,n000837,n000837,asian,asian,females,females,,,1,0.41210303,23.058483,0.58789694
data\processed\bfw\asian\n007380\0081_01.jpg,data\processed\bfw\asian\n007380\0268_01.jpg,n007380,n007380,asian,asian,females,females,,,1,0.57126826,19.296764,0.42873174
data\processed\bfw\asian\n003449\0129_01.jpg,data\processed\bfw\asian\n004786\0241_02.jpg,n003449,n004786,asian,asian,females,females,,,0,0.3484892,25.994534,0.65151083
data\processed\bfw\asian\n006344\0143_01.jpg,data\processed\bfw\asian\n000139\0300_03.jpg,n006344,n000139,asian,asian,females,females,,,0,0.30199954,26.326077,0.69800043
data\processed\bfw\asian\n004800\0111_01.jpg,data\processed\bfw\asian\n004800\0281_01.jpg,n004800,n004800,asian,asian,males,males,,,1,0.66485643,17.201897,0.33514357
data\processed\bfw\asian\n005069\0559_02.jpg,data\processed\bfw\asian\n007380\0081_01.jpg,n005069,n007380,asian,asian,females,females,,,0,0.41367012,23.448523,0.5863299
data\processed\bfw\asian\n000132\0091_01__face_0.jpg,data\processed\bfw\asian\n000132\0136_02__face_0.jpg,n000132,n000132,asian,asian,males,males,,,1,0.7865909,15.150814,0.21340913
data\processed\bfw\asian\n001864\0078_01.jpg,data\processed\bfw\asian\n003506\0367_01.jpg,n001864,n003506,asian,asian,males,females,,,0,0.17608915,31.347666,0.82391083
data\processed\bfw\asian\n007814\0057_01.jpg,data\processed\bfw\asian\n005063\0072_01.jpg,n007814,n005063,asian,asian,females,females,,,0,0.25238952,27.54203,0.74761045
data\processed\bfw\asian\n004930\0103_01.jpg,data\processed\bfw\asian\n007089\0229_01.jpg,n004930,n007089,asian,asian,females,females,,,0,0.48972374,23.475471,0.51027626
data\processed\bfw\asian\n009276\0036_01.jpg,data\processed\bfw\asian\n009276\0332_01.jpg,n009276,n009276,asian,asian,females,females,,,1,0.42172858,22.760021,0.5782714
data\processed\bfw\asian\n008978\0197_01.jpg,data\processed\bfw\asian\n000837\0075_01.jpg,n008978,n000837,asian,asian,females,females,,,0,0.38407245,24.937328,0.6159276
data\processed\bfw\asian\n005446\0051_01.jpg,data\processed\bfw\asian\n005446\0473_01.jpg,n005446,n005446,asian,asian,females,females,,,1,0.84935236,12.034362,0.15064764
data\processed\bfw\asian\n006619\0092_02.jpg,data\processed\bfw\asian\n006619\0572_01.jpg,n006619,n006619,asian,asian,females,females,,,1,0.654473,18.516493,0.345527
data\processed\bfw\asian\n000137\0059_01.jpg,data\processed\bfw\asian\n000137\0248_01.jpg,n000137,n000137,asian,asian,females,females,,,1,0.3037778,29.03095,0.6962222
data\processed\bfw\asian\n004877\0092_02.jpg,data\processed\bfw\asian\n002552\0074_01.jpg,n004877,n002552,asian,asian,females,males,,,0,0.072450325,32.023636,0.92754966
data\processed\bfw\asian\n004549\0065_01.jpg,data\processed\bfw\asian\n004549\0213_01.jpg,n004549,n004549,asian,asian,females,females,,,1,0.72888595,15.521177,0.27111405
data\processed\bfw\asian\n000873\0556_01.jpg,data\processed\bfw\asian\n007899\0204_02.jpg,n000873,n007899,asian,asian,males,females,,,0,-0.0005620023,30.786018,1.000562
data\processed\bfw\asian\n009125\0041_01.jpg,data\processed\bfw\asian\n009125\0363_01.jpg,n009125,n009125,asian,asian,females,females,,,1,0.4891768,22.60748,0.5108232
data\processed\bfw\asian\n004787\0147_01.jpg,data\processed\bfw\asian\n004787\0357_01.jpg,n004787,n004787,asian,asian,females,females,,,1,0.8000298,14.828641,0.19997019
data\processed\bfw\asian\n009287\0064_01.jpg,data\processed\bfw\asian\n009287\0089_01.jpg,n009287,n009287,asian,asian,females,females,,,1,0.8724089,11.270018,0.12759107
data\processed\bfw\asian\n006125\0185_01.jpg,data\processed\bfw\asian\n000854\0292_01.jpg,n006125,n000854,asian,asian,females,females,,,0,0.43888828,22.607203,0.5611117
data\processed\bfw\asian\n000009\0243_01.jpg,data\processed\bfw\asian\n000009\0354_03.jpg,n000009,n000009,asian,asian,females,females,,,1,0.18551612,28.367188,0.8144839
data\processed\bfw\asian\n007899\0077_01.jpg,data\processed\bfw\asian\n006222\0122_01.jpg,n007899,n006222,asian,asian,females,females,,,0,0.361597,24.626368,0.638403
data\processed\bfw\asian\n003491\0096_01.jpg,data\processed\bfw\asian\n003491\0147_05.jpg,n003491,n003491,asian,asian,males,males,,,1,0.68916947,19.01763,0.31083053
data\processed\bfw\asian\n004860\0107_01.jpg,data\processed\bfw\asian\n003153\0250_01.jpg,n004860,n003153,asian,asian,females,females,,,0,0.47593722,22.8386,0.52406275
data\processed\bfw\asian\n002320\0025_01.jpg,data\processed\bfw\asian\n003481\0245_01.jpg,n002320,n003481,asian,asian,males,females,,,0,0.13447967,29.216034,0.86552036
data\processed\bfw\asian\n005069\0313_01.jpg,data\processed\bfw\asian\n000148\0390_01.jpg,n005069,n000148,asian,asian,females,females,,,0,0.4086944,24.191612,0.5913056
data\processed\bfw\asian\n000132\0153_01__face_0.jpg,data\processed\bfw\asian\n000132\0693_01__face_0.jpg,n000132,n000132,asian,asian,males,males,,,1,0.428204,23.830196,0.571796
data\processed\bfw\asian\n003167\0064_01.jpg,data\processed\bfw\asian\n004549\0202_01.jpg,n003167,n004549,asian,asian,males,females,,,0,-0.021865526,29.32885,1.0218655
data\processed\bfw\asian\n003358\0362_02.jpg,data\processed\bfw\asian\n003358\0437_01.jpg,n003358,n003358,asian,asian,females,females,,,1,0.71140116,17.538416,0.28859884
data\processed\bfw\asian\n005078\0289_01.jpg,data\processed\bfw\asian\n005446\0141_01.jpg,n005078,n005446,asian,asian,males,females,,,0,0.018945679,31.178516,0.9810543
data\processed\bfw\asian\n007738\0188_02.jpg,data\processed\bfw\asian\n000838\0113_01.jpg,n007738,n000838,asian,asian,females,females,,,0,0.29461688,28.440186,0.7053831
data\processed\bfw\asian\n004864\0028_01.jpg,data\processed\bfw\asian\n002552\0237_02.jpg,n004864,n002552,asian,asian,females,males,,,0,0.008995692,31.403477,0.9910043
data\processed\bfw\asian\n004870\0112_02.jpg,data\processed\bfw\asian\n003467\0042_01.jpg,n004870,n003467,asian,asian,females,females,,,0,0.25753626,27.690378,0.7424637
data\processed\bfw\asian\n001864\0301_01.jpg,data\processed\bfw\asian\n005177\0004_01.jpg,n001864,n005177,asian,asian,males,males,,,0,0.014148832,33.035595,0.98585117
data\processed\bfw\asian\n005177\0004_01.jpg,data\processed\bfw\asian\n004936\0124_01.jpg,n005177,n004936,asian,asian,males,females,,,0,0.071918786,30.88125,0.9280812
data\processed\bfw\asian\n000135\0101_01.jpg,data\processed\bfw\asian\n000135\0465_01.jpg,n000135,n000135,asian,asian,females,females,,,1,0.79141366,15.533264,0.20858634
data\processed\bfw\asian\n008148\0137_01.jpg,data\processed\bfw\asian\n009042\0059_01.jpg,n008148,n009042,asian,asian,females,females,,,0,0.34404844,26.347914,0.65595156
data\processed\bfw\asian\n004787\0101_03.jpg,data\processed\bfw\asian\n006774\0430_02.jpg,n004787,n006774,asian,asian,females,females,,,0,0.38957813,23.957851,0.6104219
data\processed\bfw\asian\n005474\0162_02.jpg,data\processed\bfw\asian\n005072\0107_01.jpg,n005474,n005072,asian,asian,females,males,,,0,0.28456527,28.473183,0.71543473
data\processed\bfw\asian\n000872\0274_02.jpg,data\processed\bfw\asian\n000872\0581_01.jpg,n000872,n000872,asian,asian,males,males,,,1,0.7459176,17.12155,0.25408238
data\processed\bfw\asian\n004466\0108_01.jpg,data\processed\bfw\asian\n004466\0238_01.jpg,n004466,n004466,asian,asian,males,males,,,1,0.5807703,21.246374,0.4192297
data\processed\bfw\asian\n008163\0218_01.jpg,data\processed\bfw\asian\n004221\0450_01.jpg,n008163,n004221,asian,asian,females,males,,,0,0.15935737,27.483303,0.84064263
data\processed\bfw\asian\n006358\0117_01.jpg,data\processed\bfw\asian\n006358\0126_01.jpg,n006358,n006358,asian,asian,females,females,,,1,0.6970904,18.843807,0.3029096
data\processed\bfw\asian\n006358\0101_06.jpg,data\processed\bfw\asian\n006358\0333_02.jpg,n006358,n006358,asian,asian,females,females,,,1,0.6547981,19.784876,0.3452019
data\processed\bfw\asian\n004787\0039_03.jpg,data\processed\bfw\asian\n004787\0101_02.jpg,n004787,n004787,asian,asian,females,females,,,1,0.5572218,21.272165,0.44277823
data\processed\bfw\asian\n003489\0079_01.jpg,data\processed\bfw\asian\n003489\0112_01.jpg,n003489,n003489,asian,asian,males,males,,,1,0.8177113,14.834972,0.1822887
data\processed\bfw\asian\n008148\0008_02.jpg,data\processed\bfw\asian\n008148\0055_01.jpg,n008148,n008148,asian,asian,females,females,,,1,0.72961926,15.967726,0.27038074
data\processed\bfw\asian\n002406\0173_01.jpg,data\processed\bfw\asian\n004870\0020_01.jpg,n002406,n004870,asian,asian,males,females,,,0,0.09156384,29.205475,0.9084362
data\processed\bfw\asian\n008148\0137_01.jpg,data\processed\bfw\asian\n008148\0246_01.jpg,n008148,n008148,asian,asian,females,females,,,1,0.6060667,20.427065,0.3939333
data\processed\bfw\asian\n004786\0031_01.jpg,data\processed\bfw\asian\n004786\0173_01.jpg,n004786,n004786,asian,asian,females,females,,,1,0.8619851,11.295865,0.13801491
data\processed\bfw\asian\n009294\0251_02.jpg,data\processed\bfw\asian\n009294\0279_02.jpg,n009294,n009294,asian,asian,females,females,,,1,0.71139884,16.980703,0.28860116
data\processed\bfw\asian\n001864\0105_01.jpg,data\processed\bfw\asian\n001864\0247_01.jpg,n001864,n001864,asian,asian,males,males,,,1,0.27415326,26.11377,0.72584677
data\processed\bfw\asian\n000840\0304_01.jpg,data\processed\bfw\asian\n000856\0053_01.jpg,n000840,n000856,asian,asian,females,females,,,0,0.022488073,32.55381,0.97751194
data\processed\bfw\asian\n002406\0176_01.jpg,data\processed\bfw\asian\n002406\0534_01.jpg,n002406,n002406,asian,asian,males,males,,,1,0.57680804,20.268644,0.42319196
data\processed\bfw\asian\n006418\0251_02.jpg,data\processed\bfw\asian\n006634\0101_01.jpg,n006418,n006634,asian,asian,females,females,,,0,0.14348675,29.429409,0.85651326
data\processed\bfw\asian\n004721\0145_01.jpg,data\processed\bfw\asian\n006126\0084_01.jpg,n004721,n006126,asian,asian,males,females,,,0,0.4100025,24.455841,0.58999753
data\processed\bfw\asian\n000143\0368_01.jpg,data\processed\bfw\asian\n000143\0406_01.jpg,n000143,n000143,asian,asian,females,females,,,1,0.6672856,17.321104,0.33271438
data\processed\bfw\asian\n004681\0117_01.jpg,data\processed\bfw\asian\n009275\0049_01.jpg,n004681,n009275,asian,asian,males,females,,,0,0.21602659,26.608492,0.7839734
data\processed\bfw\asian\n000839\0120_01.jpg,data\processed\bfw\asian\n000839\0399_01.jpg,n000839,n000839,asian,asian,females,females,,,1,0.7261704,17.357403,0.27382958
data\processed\bfw\asian\n004681\0314_01.jpg,data\processed\bfw\asian\n004681\0592_01.jpg,n004681,n004681,asian,asian,males,males,,,1,0.76164734,15.439821,0.23835266
data\processed\bfw\asian\n006774\0039_01.jpg,data\processed\bfw\asian\n006774\0105_01.jpg,n006774,n006774,asian,asian,females,females,,,1,0.77380484,14.36389,0.22619516
data\processed\bfw\asian\n006126\0105_01.jpg,data\processed\bfw\asian\n006126\0197_01.jpg,n006126,n006126,asian,asian,females,females,,,1,0.7764013,16.127039,0.22359872
data\processed\bfw\asian\n000138\0541_01.jpg,data\processed\bfw\asian\n004791\0190_01.jpg,n000138,n004791,asian,asian,females,males,,,0,0.027674347,31.227541,0.9723257
data\processed\bfw\asian\n006125\0253_01.jpg,data\processed\bfw\asian\n006126\0084_01.jpg,n006125,n006126,asian,asian,females,females,,,0,0.43393406,25.788094,0.5660659
data\processed\bfw\asian\n003354\0082_01.jpg,data\processed\bfw\asian\n003354\0177_01.jpg,n003354,n003354,asian,asian,females,females,,,1,0.80547196,15.490313,0.19452804
data\processed\bfw\asian\n001976\0056_01.jpg,data\processed\bfw\asian\n002725\0336_01.jpg,n001976,n002725,asian,asian,males,females,,,0,0.29646417,28.02841,0.7035358
data\processed\bfw\asian\n001682\0096_01.jpg,data\processed\bfw\asian\n001682\0097_01.jpg,n001682,n001682,asian,asian,males,males,,,1,0.8083615,14.920894,0.19163853
data\processed\bfw\asian\n002775\0072_01.jpg,data\processed\bfw\asian\n002775\0137_04.jpg,n002775,n002775,asian,asian,males,males,,,1,0.76245683,15.697824,0.23754317
data\processed\bfw\asian\n007089\0040_03.jpg,data\processed\bfw\asian\n003354\0227_01.jpg,n007089,n003354,asian,asian,females,females,,,0,0.4189818,24.781044,0.5810182
data\processed\bfw\asian\n007089\0063_01.jpg,data\processed\bfw\asian\n006358\0126_01.jpg,n007089,n006358,asian,asian,females,females,,,0,0.23714527,28.925268,0.7628547
data\processed\bfw\asian\n004681\0131_04.jpg,data\processed\bfw\asian\n004680\0133_02.jpg,n004681,n004680,asian,asian,males,females,,,0,0.3186466,26.08395,0.6813534
data\processed\bfw\asian\n004469\0084_01.jpg,data\processed\bfw\asian\n004469\0851_02.jpg,n004469,n004469,asian,asian,males,males,,,1,0.71331763,17.069532,0.28668237
data\processed\bfw\asian\n003156\0073_02.jpg,data\processed\bfw\asian\n003156\0664_01.jpg,n003156,n003156,asian,asian,males,males,,,1,0.7646679,15.886065,0.23533207
data\processed\bfw\asian\n000856\0004_01.jpg,data\processed\bfw\asian\n006774\0048_01.jpg,n000856,n006774,asian,asian,females,females,,,0,-0.0024980698,33.208126,1.002498
data\processed\bfw\asian\n004864\0173_01.jpg,data\processed\bfw\asian\n004864\0262_01.jpg,n004864,n004864,asian,asian,females,females,,,1,0.56230855,21.880957,0.43769145
data\processed\bfw\asian\n009125\0116_02.jpg,data\processed\bfw\asian\n009125\0186_02.jpg,n009125,n009125,asian,asian,females,females,,,1,0.77746737,15.626065,0.22253263
data\processed\bfw\asian\n003506\0241_02.jpg,data\processed\bfw\asian\n005378\0176_01.jpg,n003506,n005378,asian,asian,females,females,,,0,0.53594226,22.15593,0.46405774
data\processed\bfw\asian\n002552\0040_01.jpg,data\processed\bfw\asian\n002552\0185_01.jpg,n002552,n002552,asian,asian,males,males,,,1,0.7282672,17.132551,0.2717328
data\processed\bfw\asian\n009294\0104_01.jpg,data\processed\bfw\asian\n005216\0242_01.jpg,n009294,n005216,asian,asian,females,females,,,0,0.17576279,29.567507,0.8242372
data\processed\bfw\asian\n000143\0014_01.jpg,data\processed\bfw\asian\n000873\0191_01.jpg,n000143,n000873,asian,asian,females,males,,,0,0.08780615,30.97366,0.91219383
data\processed\bfw\asian\n004870\0098_01.jpg,data\processed\bfw\asian\n003162\0350_02.jpg,n004870,n003162,asian,asian,females,males,,,0,-0.18840557,35.746426,1.1884055
data\processed\bfw\asian\n000138\0104_01.jpg,data\processed\bfw\asian\n004687\0250_01.jpg,n000138,n004687,asian,asian,females,females,,,0,0.52811956,22.040447,0.47188044
data\processed\bfw\asian\n009177\0294_02.jpg,data\processed\bfw\asian\n009177\0626_01.jpg,n009177,n009177,asian,asian,females,females,,,1,0.6167013,20.157194,0.3832987
data\processed\bfw\asian\n003357\0074_01.jpg,data\processed\bfw\asian\n003357\0422_01.jpg,n003357,n003357,asian,asian,females,females,,,1,0.5042735,22.061981,0.49572653
data\processed\bfw\asian\n006125\0058_01.jpg,data\processed\bfw\asian\n004469\0853_02.jpg,n006125,n004469,asian,asian,females,males,,,0,0.17013167,29.096334,0.8298683
data\processed\bfw\asian\n006159\0008_01.jpg,data\processed\bfw\asian\n006159\0221_01.jpg,n006159,n006159,asian,asian,females,females,,,1,0.742681,15.913645,0.25731897
data\processed\bfw\asian\n007372\0091_01.jpg,data\processed\bfw\asian\n009042\0043_01.jpg,n007372,n009042,asian,asian,females,females,,,0,0.3058591,27.39549,0.6941409
data\processed\bfw\asian\n000138\0131_01.jpg,data\processed\bfw\asian\n000138\0153_02.jpg,n000138,n000138,asian,asian,females,females,,,1,0.712698,17.665667,0.28730202
data\processed\bfw\asian\n000138\0059_01.jpg,data\processed\bfw\asian\n000138\0541_01.jpg,n000138,n000138,asian,asian,females,females,,,1,0.3519249,25.33551,0.6480751
data\processed\bfw\asian\n007814\0048_01.jpg,data\processed\bfw\asian\n007814\0098_01.jpg,n007814,n007814,asian,asian,females,females,,,1,0.76382947,15.468979,0.23617053
data\processed\bfw\asian\n004791\0075_01.jpg,data\processed\bfw\asian\n005085\0658_01.jpg,n004791,n005085,asian,asian,males,females,,,0,0.16452384,28.666607,0.83547616
data\processed\bfw\asian\n007814\0076_01.jpg,data\processed\bfw\asian\n009125\0196_01.jpg,n007814,n009125,asian,asian,females,females,,,0,0.3073411,26.349075,0.6926589
data\processed\bfw\asian\n006148\0613_02.jpg,data\processed\bfw\asian\n006126\0258_01.jpg,n006148,n006126,asian,asian,females,females,,,0,0.34881964,26.183834,0.6511804
data\processed\bfw\asian\n009294\0251_02.jpg,data\processed\bfw\asian\n001496\0608_01.jpg,n009294,n001496,asian,asian,females,males,,,0,0.12042474,28.344131,0.87957525
data\processed\bfw\asian\n000436\0348_01.jpg,data\processed\bfw\asian\n000436\0659_01.jpg,n000436,n000436,asian,asian,males,males,,,1,0.22471312,26.952177,0.7752869
data\processed\bfw\asian\n000148\0306_01.jpg,data\processed\bfw\asian\n000148\0408_01.jpg,n000148,n000148,asian,asian,females,females,,,1,0.79685074,13.9096155,0.20314926
data\processed\bfw\asian\n000840\0162_01.jpg,data\processed\bfw\asian\n000840\0680_01.jpg,n000840,n000840,asian,asian,females,females,,,1,0.84580463,11.961405,0.15419537
data\processed\bfw\asian\n004686\0034_01.jpg,data\processed\bfw\asian\n006126\0258_01.jpg,n004686,n006126,asian,asian,males,females,,,0,0.41013756,24.150839,0.58986247
data\processed\bfw\asian\n003153\0036_01.jpg,data\processed\bfw\asian\n003153\0287_01.jpg,n003153,n003153,asian,asian,females,females,,,1,0.68543303,17.665937,0.31456697
data\processed\bfw\asian\n000137\0082_02.jpg,data\processed\bfw\asian\n000137\0265_01.jpg,n000137,n000137,asian,asian,females,females,,,1,0.77654743,15.83443,0.22345257
data\processed\bfw\asian\n009287\0256_04.jpg,data\processed\bfw\asian\n006736\0318_01.jpg,n009287,n006736,asian,asian,females,females,,,0,0.32915595,26.627876,0.6708441
data\processed\bfw\asian\n001496\0302_01.jpg,data\processed\bfw\asian\n001496\0349_01.jpg,n001496,n001496,asian,asian,males,males,,,1,0.52294344,22.667551,0.47705656
data\processed\bfw\asian\n007089\0219_01.jpg,data\processed\bfw\asian\n003482\0145_02.jpg,n007089,n003482,asian,asian,females,males,,,0,0.4401912,25.08754,0.5598088
data\processed\bfw\asian\n001562\0110_02.jpg,data\processed\bfw\asian\n009175\0037_01.jpg,n001562,n009175,asian,asian,males,females,,,0,0.23500231,28.457903,0.7649977
data\processed\bfw\asian\n001562\0070_01.jpg,data\processed\bfw\asian\n003027\0176_04.jpg,n001562,n003027,asian,asian,males,males,,,0,0.23455724,29.251,0.7654427
data\processed\bfw\asian\n008934\0053_01.jpg,data\processed\bfw\asian\n008934\0211_01.jpg,n008934,n008934,asian,asian,females,females,,,1,0.62440085,20.594782,0.37559915
data\processed\bfw\asian\n009279\0004_01.jpg,data\processed\bfw\asian\n003449\0164_01.jpg,n009279,n003449,asian,asian,females,females,,,0,0.45611027,22.109268,0.54388976
data\processed\bfw\asian\n004948\0034_01.jpg,data\processed\bfw\asian\n008383\0143_01.jpg,n004948,n008383,asian,asian,males,females,,,0,-0.016812095,32.091286,1.0168121
data\processed\bfw\asian\n006633\0288_01.jpg,data\processed\bfw\asian\n004221\0135_02.jpg,n006633,n004221,asian,asian,females,males,,,0,-0.1108369,34.84538,1.1108369
data\processed\bfw\asian\n004721\0476_01.jpg,data\processed\bfw\asian\n004721\0496_01.jpg,n004721,n004721,asian,asian,males,males,,,1,0.59798,18.904205,0.40201998
data\processed\bfw\asian\n007899\0073_01.jpg,data\processed\bfw\asian\n002509\0046_01.jpg,n007899,n002509,asian,asian,females,females,,,0,0.4099311,24.21949,0.59006894
data\processed\bfw\asian\n008401\0297_01.jpg,data\processed\bfw\asian\n007372\0013_01.jpg,n008401,n007372,asian,asian,females,females,,,0,0.2683623,28.14092,0.7316377
data\processed\bfw\asian\n004785\0353_01.jpg,data\processed\bfw\asian\n004785\0493_01.jpg,n004785,n004785,asian,asian,females,females,,,1,0.7612249,15.493495,0.23877507
data\processed\bfw\asian\n008934\0434_01.jpg,data\processed\bfw\asian\n004936\0625_01.jpg,n008934,n004936,asian,asian,females,females,,,0,0.21206883,28.852764,0.7879312
data\processed\bfw\asian\n000856\0001_01.jpg,data\processed\bfw\asian\n000856\0075_01.jpg,n000856,n000856,asian,asian,females,females,,,1,0.79278564,16.748325,0.20721436
data\processed\bfw\asian\n007899\0166_01.jpg,data\processed\bfw\asian\n005069\0225_01.jpg,n007899,n005069,asian,asian,females,females,,,0,0.3662489,24.69611,0.6337511
data\processed\bfw\asian\n009148\0085_02.jpg,data\processed\bfw\asian\n009148\0155_01.jpg,n009148,n009148,asian,asian,females,females,,,1,0.48632765,22.267668,0.51367235
data\processed\bfw\asian\n007270\0375_01.jpg,data\processed\bfw\asian\n004809\0166_04.jpg,n007270,n004809,asian,asian,females,males,,,0,0.12716879,28.730963,0.8728312
data\processed\bfw\asian\n009279\0032_01.jpg,data\processed\bfw\asian\n009279\0254_03.jpg,n009279,n009279,asian,asian,females,females,,,1,0.7347635,15.604101,0.2652365
data\processed\bfw\asian\n009276\0025_04.jpg,data\processed\bfw\asian\n009276\0361_01.jpg,n009276,n009276,asian,asian,females,females,,,1,0.59401673,20.253073,0.40598327
data\processed\bfw\asian\n009277\0067_01.jpg,data\processed\bfw\asian\n009277\0201_01.jpg,n009277,n009277,asian,asian,females,females,,,1,0.72166485,17.224195,0.27833515
data\processed\bfw\asian\n005116\0072_01.jpg,data\processed\bfw\asian\n005116\0442_01.jpg,n005116,n005116,asian,asian,males,males,,,1,0.50350773,23.378214,0.49649227
data\processed\bfw\asian\n003288\0385_01.jpg,data\processed\bfw\asian\n003288\0579_02.jpg,n003288,n003288,asian,asian,females,females,,,1,0.44630593,23.726553,0.55369407
data\processed\bfw\asian\n000137\0051_02.jpg,data\processed\bfw\asian\n000137\0132_01.jpg,n000137,n000137,asian,asian,females,females,,,1,0.68594986,18.685873,0.31405014
data\processed\bfw\asian\n003162\0479_02.jpg,data\processed\bfw\asian\n007380\0088_01.jpg,n003162,n007380,asian,asian,males,females,,,0,-0.033656724,34.15111,1.0336567
data\processed\bfw\asian\n000837\0009_01.jpg,data\processed\bfw\asian\n000837\0193_01.jpg,n000837,n000837,asian,asian,females,females,,,1,0.49982542,23.740423,0.5001746
data\processed\bfw\asian\n004725\0170_01.jpg,data\processed\bfw\asian\n000161\0141_02.jpg,n004725,n000161,asian,asian,males,males,,,0,0.2230355,30.06739,0.7769645
data\processed\bfw\asian\n004805\0015_01.jpg,data\processed\bfw\asian\n007814\0652_01.jpg,n004805,n007814,asian,asian,males,females,,,0,0.1334655,28.069273,0.8665345
data\processed\bfw\asian\n005083\0148_01.jpg,data\processed\bfw\asian\n005083\0254_01.jpg,n005083,n005083,asian,asian,females,females,,,1,0.531842,21.207952,0.468158
data\processed\bfw\asian\n000143\0019_01.jpg,data\processed\bfw\asian\n004860\0236_01.jpg,n000143,n004860,asian,asian,females,females,,,0,0.21352643,27.072247,0.7864736
data\processed\bfw\asian\n009177\0010_01.jpg,data\processed\bfw\asian\n009177\0232_01.jpg,n009177,n009177,asian,asian,females,females,,,1,0.8803082,10.625919,0.11969179
data\processed\bfw\asian\n002406\0156_01.jpg,data\processed\bfw\asian\n002406\0165_03.jpg,n002406,n002406,asian,asian,males,males,,,1,0.5482294,20.329174,0.4517706
data\processed\bfw\asian\n002725\0336_01.jpg,data\processed\bfw\asian\n001976\0119_01.jpg,n002725,n001976,asian,asian,females,males,,,0,0.21066219,28.824194,0.7893378
data\processed\bfw\asian\n007814\0173_03.jpg,data\processed\bfw\asian\n004785\0145_01.jpg,n007814,n004785,asian,asian,females,females,,,0,0.24342962,26.862715,0.7565704
data\processed\bfw\asian\n000160\0150_01.jpg,data\processed\bfw\asian\n006774\0430_02.jpg,n000160,n006774,asian,asian,females,females,,,0,0.33414397,25.462627,0.665856
data\processed\bfw\asian\n003162\0459_01.jpg,data\processed\bfw\asian\n004469\0168_01.jpg,n003162,n004469,asian,asian,males,males,,,0,-0.0960059,33.981106,1.0960059
data\processed\bfw\asian\n000161\0037_01.jpg,data\processed\bfw\asian\n005446\0135_01.jpg,n000161,n005446,asian,asian,males,females,,,0,0.160648,28.890572,0.839352
data\processed\bfw\asian\n004800\0740_01.jpg,data\processed\bfw\asian\n003354\0124_01.jpg,n004800,n003354,asian,asian,males,females,,,0,0.08291175,32.81922,0.91708827
data\processed\bfw\asian\n002331\0264_01.jpg,data\processed\bfw\asian\n001496\0349_01.jpg,n002331,n001496,asian,asian,males,males,,,0,0.41107437,25.055616,0.5889256
data\processed\bfw\asian\n009294\0018_02.jpg,data\processed\bfw\asian\n003355\0122_02.jpg,n009294,n003355,asian,asian,females,males,,,0,0.21038386,28.934418,0.7896161
data\processed\bfw\asian\n003354\0058_01.jpg,data\processed\bfw\asian\n006358\0094_01.jpg,n003354,n006358,asian,asian,females,females,,,0,0.37426585,27.512827,0.62573415
data\processed\bfw\asian\n003463\0125_01.jpg,data\processed\bfw\asian\n000135\0114_01.jpg,n003463,n000135,asian,asian,males,females,,,0,0.505967,23.32432,0.49403298
data\processed\bfw\asian\n009175\0066_01.jpg,data\processed\bfw\asian\n009175\0072_01.jpg,n009175,n009175,asian,asian,females,females,,,1,0.7788077,15.156296,0.2211923
data\processed\bfw\asian\n000873\0031_01.jpg,data\processed\bfw\asian\n000873\0050_02.jpg,n000873,n000873,asian,asian,males,males,,,1,0.72674125,17.403978,0.27325875
data\processed\bfw\asian\n002320\0072_01.jpg,data\processed\bfw\asian\n002320\0248_08.jpg,n002320,n002320,asian,asian,males,males,,,1,0.5309022,23.42658,0.4690978
data\processed\bfw\asian\n000148\0030_01.jpg,data\processed\bfw\asian\n000148\0408_01.jpg,n000148,n000148,asian,asian,females,females,,,1,0.69123435,16.727467,0.30876565
data\processed\bfw\asian\n005216\0220_01.jpg,data\processed\bfw\asian\n002406\0027_02.jpg,n005216,n002406,asian,asian,females,males,,,0,0.10831397,30.861143,0.891686
data\processed\bfw\asian\n005474\0110_01.jpg,data\processed\bfw\asian\n009177\0060_01.jpg,n005474,n009177,asian,asian,females,females,,,0,0.47099146,22.802593,0.5290085
data\processed\bfw\asian\n006619\0266_01.jpg,data\processed\bfw\asian\n006619\0334_03.jpg,n006619,n006619,asian,asian,females,females,,,1,0.60797435,19.541292,0.39202565
data\processed\bfw\asian\n000161\0255_01.jpg,data\processed\bfw\asian\n005072\0015_01.jpg,n000161,n005072,asian,asian,males,males,,,0,0.26801732,28.158754,0.7319827
data\processed\bfw\asian\n003223\0079_01.jpg,data\processed\bfw\asian\n006126\0004_01.jpg,n003223,n006126,asian,asian,males,females,,,0,-0.047449805,33.03972,1.0474498
data\processed\bfw\asian\n002406\0328_01.jpg,data\processed\bfw\asian\n007380\0070_01.jpg,n002406,n007380,asian,asian,males,females,,,0,-0.026215091,30.767275,1.0262151
data\processed\bfw\asian\n003482\0102_02.jpg,data\processed\bfw\asian\n004687\0254_01.jpg,n003482,n004687,asian,asian,males,females,,,0,0.102029644,30.356281,0.8979704
data\processed\bfw\asian\n009279\0004_01.jpg,data\processed\bfw\asian\n009279\0246_01.jpg,n009279,n009279,asian,asian,females,females,,,1,0.74615043,15.242106,0.25384957
data\processed\bfw\asian\n004472\0206_01.jpg,data\processed\bfw\asian\n004472\0485_01.jpg,n004472,n004472,asian,asian,females,females,,,1,0.3654192,25.611946,0.6345808
data\processed\bfw\asian\n000137\0032_01.jpg,data\processed\bfw\asian\n006634\0434_01.jpg,n000137,n006634,asian,asian,females,females,,,0,0.21111512,27.739613,0.7888849
data\processed\bfw\asian\n001572\0166_01.jpg,data\processed\bfw\asian\n001572\0329_01.jpg,n001572,n001572,asian,asian,females,females,,,1,0.59268224,20.251823,0.40731776
data\processed\bfw\asian\n006619\0197_01.jpg,data\processed\bfw\asian\n004467\0418_01.jpg,n006619,n004467,asian,asian,females,males,,,0,0.22687446,29.290045,0.7731255
data\processed\bfw\asian\n003155\1012_07.jpg,data\processed\bfw\asian\n000873\0534_01.jpg,n003155,n000873,asian,asian,males,males,,,0,0.093003765,32.18717,0.90699625
data\processed\bfw\asian\n009275\0188_01.jpg,data\processed\bfw\asian\n000158\0013_01.jpg,n009275,n000158,asian,asian,females,males,,,0,-0.17061165,33.612732,1.1706116
data\processed\bfw\asian\n000856\0075_01.jpg,data\processed\bfw\asian\n000856\0110_02.jpg,n000856,n000856,asian,asian,females,females,,,1,0.64351404,21.91372,0.35648596
data\processed\bfw\asian\n003288\0051_01.jpg,data\processed\bfw\asian\n003288\0093_01.jpg,n003288,n003288,asian,asian,females,females,,,1,0.71786124,15.894433,0.28213876
data\processed\bfw\asian\n003481\0441_01.jpg,data\processed\bfw\asian\n004221\0112_02.jpg,n003481,n004221,asian,asian,females,males,,,0,0.22063594,30.850212,0.77936405
data\processed\bfw\asian\n005378\0388_01.jpg,data\processed\bfw\asian\n002331\0029_01.jpg,n005378,n002331,asian,asian,females,males,,,0,0.16325943,29.758453,0.83674055
data\processed\bfw\asian\n003155\0362_03.jpg,data\processed\bfw\asian\n004870\0144_01.jpg,n003155,n004870,asian,asian,males,females,,,0,-0.2012882,37.412106,1.2012882
data\processed\bfw\asian\n006125\0185_01.jpg,data\processed\bfw\asian\n007089\0033_01.jpg,n006125,n007089,asian,asian,females,females,,,0,0.37632367,24.818953,0.6236763
data\processed\bfw\asian\n009279\0004_01.jpg,data\processed\bfw\asian\n009288\0101_01.jpg,n009279,n009288,asian,asian,females,females,,,0,0.33938137,26.9131,0.66061866
data\processed\bfw\asian\n003465\0413_01.jpg,data\processed\bfw\asian\n004791\0411_01.jpg,n003465,n004791,asian,asian,males,males,,,0,0.42991734,26.477007,0.57008266
data\processed\bfw\asian\n001864\0316_01.jpg,data\processed\bfw\asian\n009125\0100_01.jpg,n001864,n009125,asian,asian,males,females,,,0,0.3134645,27.122997,0.6865355
data\processed\bfw\asian\n000873\0051_01.jpg,data\processed\bfw\asian\n003449\0210_03.jpg,n000873,n003449,asian,asian,males,females,,,0,0.398328,24.820068,0.601672
data\processed\bfw\asian\n004791\0378_01.jpg,data\processed\bfw\asian\n004791\0556_01.jpg,n004791,n004791,asian,asian,males,males,,,1,0.7833093,14.944306,0.21669072
data\processed\bfw\asian\n005063\0016_02.jpg,data\processed\bfw\asian\n005063\0072_01.jpg,n005063,n005063,asian,asian,females,females,,,1,0.5913982,20.374481,0.40860182
data\processed\bfw\asian\n000158\0260_01.jpg,data\processed\bfw\asian\n003354\0068_01.jpg,n000158,n003354,asian,asian,males,females,,,0,-0.13944636,35.111206,1.1394464
data\processed\bfw\asian\n006358\0041_01.jpg,data\processed\bfw\asian\n006358\0083_03.jpg,n006358,n006358,asian,asian,females,females,,,1,0.6921563,20.019848,0.3078437
data\processed\bfw\asian\n009125\0041_01.jpg,data\processed\bfw\asian\n009125\0100_01.jpg,n009125,n009125,asian,asian,females,females,,,1,0.88694215,10.6147175,0.11305785
data\processed\bfw\asian\n009277\0128_01.jpg,data\processed\bfw\asian\n009277\0496_01.jpg,n009277,n009277,asian,asian,females,females,,,1,0.31865293,26.40155,0.6813471
data\processed\bfw\asian\n004877\0232_01.jpg,data\processed\bfw\asian\n000148\0247_01.jpg,n004877,n000148,asian,asian,females,females,,,0,0.07963161,32.767303,0.9203684
data\processed\bfw\asian\n004948\0016_01.jpg,data\processed\bfw\asian\n004785\0280_01.jpg,n004948,n004785,asian,asian,males,females,,,0,0.16987906,29.515303,0.8301209
data\processed\bfw\asian\n006223\0052_01.jpg,data\processed\bfw\asian\n003223\0033_02.jpg,n006223,n003223,asian,asian,females,males,,,0,0.21236597,28.36981,0.787634
data\processed\bfw\asian\n003467\0033_01.jpg,data\processed\bfw\asian\n008978\0178_01.jpg,n003467,n008978,asian,asian,females,females,,,0,0.19167285,29.01304,0.80832714
data\processed\bfw\asian\n006203\0130_01.jpg,data\processed\bfw\asian\n006203\0378_01.jpg,n006203,n006203,asian,asian,females,females,,,1,0.7672995,15.696988,0.23270053
data\processed\bfw\asian\n002725\0037_01.jpg,data\processed\bfw\asian\n002725\0267_01.jpg,n002725,n002725,asian,asian,females,females,,,1,0.75951886,15.968604,0.24048114
data\processed\bfw\asian\n003027\0223_01.jpg,data\processed\bfw\asian\n004935\0030_01.jpg,n003027,n004935,asian,asian,males,males,,,0,0.35622546,26.390734,0.6437745
data\processed\bfw\asian\n006149\0005_01.jpg,data\processed\bfw\asian\n006149\0026_01.jpg,n006149,n006149,asian,asian,females,females,,,1,0.7214098,17.271587,0.2785902
data\processed\bfw\asian\n003162\0459_01.jpg,data\processed\bfw\asian\n006344\0253_01.jpg,n003162,n006344,asian,asian,males,females,,,0,0.124288216,30.951569,0.8757118
data\processed\bfw\asian\n006149\0022_01.jpg,data\processed\bfw\asian\n006149\0197_02.jpg,n006149,n006149,asian,asian,females,females,,,1,0.76600915,16.375925,0.23399085
data\processed\bfw\asian\n006203\0357_01.jpg,data\processed\bfw\asian\n005446\0118_01.jpg,n006203,n005446,asian,asian,females,females,,,0,0.33675462,23.459633,0.6632454
data\processed\bfw\asian\n007664\0087_03.jpg,data\processed\bfw\asian\n006149\0260_01.jpg,n007664,n006149,asian,asian,females,females,,,0,0.3719693,25.677958,0.62803066
data\processed\bfw\asian\n003467\0030_01.jpg,data\processed\bfw\asian\n008163\0223_01.jpg,n003467,n008163,asian,asian,females,females,,,0,0.16267034,28.491392,0.8373296
data\processed\bfw\asian\n004725\0036_01.jpg,data\processed\bfw\asian\n004725\0230_01.jpg,n004725,n004725,asian,asian,males,males,,,1,0.48468468,23.973974,0.5153153
data\processed\bfw\asian\n002320\0137_02.jpg,data\processed\bfw\asian\n003223\0084_01.jpg,n002320,n003223,asian,asian,males,males,,,0,0.32463515,26.630825,0.67536485
data\processed\bfw\asian\n008401\0139_02.jpg,data\processed\bfw\asian\n009137\0160_01.jpg,n008401,n009137,asian,asian,females,females,,,0,0.3068408,25.998198,0.6931592
data\processed\bfw\asian\n001496\0127_01.jpg,data\processed\bfw\asian\n001496\0176_01.jpg,n001496,n001496,asian,asian,males,males,,,1,0.79974025,14.468829,0.20025975
data\processed\bfw\asian\n006633\0356_01.jpg,data\processed\bfw\asian\n006633\0456_02.jpg,n006633,n006633,asian,asian,females,females,,,1,0.43164,24.273119,0.56836
data\processed\bfw\asian\n007270\0289_01.jpg,data\processed\bfw\asian\n007270\0605_01.jpg,n007270,n007270,asian,asian,females,females,,,1,0.40583882,25.363829,0.59416115
data\processed\bfw\asian\n007380\0073_01.jpg,data\processed\bfw\asian\n007380\0204_01.jpg,n007380,n007380,asian,asian,females,females,,,1,0.5602729,22.109724,0.43972713
data\processed\bfw\asian\n004787\0666_02.jpg,data\processed\bfw\asian\n008163\0229_01.jpg,n004787,n008163,asian,asian,females,females,,,0,0.45068213,23.02529,0.54931784
data\processed\bfw\asian\n000158\0133_01.jpg,data\processed\bfw\asian\n000158\0208_01.jpg,n000158,n000158,asian,asian,males,males,,,1,0.8390319,13.2217045,0.16096812
data\processed\bfw\asian\n005063\0016_02.jpg,data\processed\bfw\asian\n005063\0302_06.jpg,n005063,n005063,asian,asian,females,females,,,1,0.45087984,24.189985,0.5491202
data\processed\bfw\asian\n006223\0260_01.jpg,data\processed\bfw\asian\n004877\0273_01.jpg,n006223,n004877,asian,asian,females,females,,,0,0.20952488,29.660337,0.79047513
data\processed\bfw\asian\n003481\0107_01.jpg,data\processed\bfw\asian\n003481\0345_01.jpg,n003481,n003481,asian,asian,females,females,,,1,0.6479448,19.353832,0.3520552
data\processed\bfw\asian\n003223\0059_03.jpg,data\processed\bfw\asian\n005116\0134_02.jpg,n003223,n005116,asian,asian,males,males,,,0,0.27687058,26.768549,0.7231294
data\processed\bfw\asian\n000138\0003_01.jpg,data\processed\bfw\asian\n006344\0350_01.jpg,n000138,n006344,asian,asian,females,females,,,0,0.43661916,23.78522,0.56338084
data\processed\bfw\asian\n004864\0173_01.jpg,data\processed\bfw\asian\n004864\0362_01.jpg,n004864,n004864,asian,asian,females,females,,,1,0.69208795,19.10859,0.30791205
data\processed\bfw\asian\n005116\0050_01.jpg,data\processed\bfw\asian\n006222\0104_01.jpg,n005116,n006222,asian,asian,males,females,,,0,-0.0503448,33.293365,1.0503448
data\processed\bfw\asian\n009041\0069_01.jpg,data\processed\bfw\asian\n009041\0080_02.jpg,n009041,n009041,asian,asian,females,females,,,1,0.6971169,18.119205,0.3028831
data\processed\bfw\asian\n000132\0234_01__face_0.jpg,data\processed\bfw\asian\n009279\0076_01.jpg,n000132,n009279,asian,asian,males,females,,,0,0.3081677,27.772665,0.6918323
data\processed\bfw\asian\n002775\0069_01.jpg,data\processed\bfw\asian\n003467\0103_01.jpg,n002775,n003467,asian,asian,males,females,,,0,0.11905659,30.596941,0.8809434
data\processed\bfw\asian\n009279\0254_03.jpg,data\processed\bfw\asian\n009279\0393_04.jpg,n009279,n009279,asian,asian,females,females,,,1,0.46498954,23.512447,0.53501046
data\processed\bfw\asian\n006125\0041_01.jpg,data\processed\bfw\asian\n006125\0120_01.jpg,n006125,n006125,asian,asian,females,females,,,1,0.5997166,18.91661,0.4002834
data\processed\bfw\asian\n003557\0095_02.jpg,data\processed\bfw\asian\n003557\0234_01.jpg,n003557,n003557,asian,asian,females,females,,,1,0.6967034,17.869707,0.30329663
data\processed\bfw\asian\n005216\0154_03.jpg,data\processed\bfw\asian\n000135\0101_01.jpg,n005216,n000135,asian,asian,females,females,,,0,0.5081144,23.91175,0.4918856
data\processed\bfw\asian\n006633\0522_02.jpg,data\processed\bfw\asian\n006633\0718_02.jpg,n006633,n006633,asian,asian,females,females,,,1,0.5325255,21.69177,0.46747452
data\processed\bfw\asian\n001682\0267_02.jpg,data\processed\bfw\asian\n001682\0424_01.jpg,n001682,n001682,asian,asian,males,males,,,1,0.84370595,13.482224,0.15629405
data\processed\bfw\asian\n005116\0338_04.jpg,data\processed\bfw\asian\n005116\0442_01.jpg,n005116,n005116,asian,asian,males,males,,,1,0.5142273,23.994804,0.48577273
data\processed\bfw\asian\n009276\0046_03.jpg,data\processed\bfw\asian\n006634\0135_01.jpg,n009276,n006634,asian,asian,females,females,,,0,0.14339654,28.311848,0.85660344
data\processed\bfw\asian\n006126\0128_01.jpg,data\processed\bfw\asian\n003162\0258_02.jpg,n006126,n003162,asian,asian,females,males,,,0,-0.020173594,31.882061,1.0201735
data\processed\bfw\asian\n004794\0367_01.jpg,data\processed\bfw\asian\n004935\0061_01.jpg,n004794,n004935,asian,asian,males,males,,,0,0.5378287,22.009682,0.46217132
data\processed\bfw\asian\n002644\0123_02.jpg,data\processed\bfw\asian\n002644\0746_01.jpg,n002644,n002644,asian,asian,males,males,,,1,0.54880303,21.158663,0.45119697
data\processed\bfw\asian\n007378\0031_01.jpg,data\processed\bfw\asian\n007378\0248_01.jpg,n007378,n007378,asian,asian,females,females,,,1,0.7854505,14.820409,0.21454948
data\processed\bfw\asian\n003167\0042_19.jpg,data\processed\bfw\asian\n003167\0081_01.jpg,n003167,n003167,asian,asian,males,males,,,1,0.7837071,14.700603,0.21629292
data\processed\bfw\asian\n003156\0069_01.jpg,data\processed\bfw\asian\n003156\0119_01.jpg,n003156,n003156,asian,asian,males,males,,,1,0.7148557,17.017368,0.28514433
data\processed\bfw\asian\n000158\0005_05.jpg,data\processed\bfw\asian\n004549\0073_01.jpg,n000158,n004549,asian,asian,males,females,,,0,0.13968584,28.732862,0.86031413
data\processed\bfw\asian\n009275\0188_01.jpg,data\processed\bfw\asian\n009275\0343_01.jpg,n009275,n009275,asian,asian,females,females,,,1,0.50759333,21.213017,0.49240667
data\processed\bfw\asian\n005063\0414_06.jpg,data\processed\bfw\asian\n005063\0421_03.jpg,n005063,n005063,asian,asian,females,females,,,1,0.6893305,17.185043,0.31066948
data\processed\bfw\asian\n006148\0254_01.jpg,data\processed\bfw\asian\n009278\0176_01.jpg,n006148,n009278,asian,asian,females,females,,,0,0.22814775,28.291855,0.77185225
data\processed\bfw\asian\n003482\0059_01.jpg,data\processed\bfw\asian\n001976\0152_02.jpg,n003482,n001976,asian,asian,males,males,,,0,0.039037094,32.279415,0.9609629
data\processed\bfw\asian\n007899\0082_01.jpg,data\processed\bfw\asian\n007899\0320_01.jpg,n007899,n007899,asian,asian,females,females,,,1,0.70603126,17.245205,0.29396874
data\processed\bfw\asian\n006774\0430_02.jpg,data\processed\bfw\asian\n001682\0177_01.jpg,n006774,n001682,asian,asian,females,males,,,0,0.050742008,30.080484,0.94925797
data\processed\bfw\asian\n003156\0069_01.jpg,data\processed\bfw\asian\n003027\0025_01.jpg,n003156,n003027,asian,asian,males,males,,,0,0.3413703,25.695072,0.65862966
data\processed\bfw\asian\n007814\0079_01.jpg,data\processed\bfw\asian\n007814\0270_01.jpg,n007814,n007814,asian,asian,females,females,,,1,0.7783795,14.862401,0.2216205
data\processed\bfw\asian\n007664\0087_03.jpg,data\processed\bfw\asian\n007664\0137_01.jpg,n007664,n007664,asian,asian,females,females,,,1,0.72867197,16.48072,0.27132803
data\processed\bfw\asian\n003156\0032_01.jpg,data\processed\bfw\asian\n004809\0013_12.jpg,n003156,n004809,asian,asian,males,males,,,0,0.26408902,26.702816,0.735911
data\processed\bfw\asian\n004686\0072_01.jpg,data\processed\bfw\asian\n008383\0175_01.jpg,n004686,n008383,asian,asian,males,females,,,0,-0.08554177,33.495037,1.0855417
data\processed\bfw\asian\n006159\0180_01.jpg,data\processed\bfw\asian\n004472\0157_02.jpg,n006159,n004472,asian,asian,females,females,,,0,0.27639022,27.441359,0.7236098
data\processed\bfw\asian\n007385\0044_01.jpg,data\processed\bfw\asian\n007385\0691_01.jpg,n007385,n007385,asian,asian,females,females,,,1,0.5270635,21.390287,0.4729365
data\processed\bfw\asian\n000838\0025_01.jpg,data\processed\bfw\asian\n000838\0035_01.jpg,n000838,n000838,asian,asian,females,females,,,1,0.73008394,17.303453,0.26991606
data\processed\bfw\asian\n004549\0202_01.jpg,data\processed\bfw\asian\n005085\0243_03.jpg,n004549,n005085,asian,asian,females,females,,,0,0.2800432,25.8,0.71995676
data\processed\bfw\asian\n005063\0064_01.jpg,data\processed\bfw\asian\n002509\0075_01.jpg,n005063,n002509,asian,asian,females,females,,,0,0.2675698,28.337587,0.7324302
data\processed\bfw\asian\n006774\0049_01.jpg,data\processed\bfw\asian\n006774\0710_01.jpg,n006774,n006774,asian,asian,females,females,,,1,0.49419814,22.195023,0.50580186
data\processed\bfw\asian\n004809\0166_04.jpg,data\processed\bfw\asian\n004221\0114_02.jpg,n004809,n004221,asian,asian,males,males,,,0,0.3562494,25.206121,0.6437506
data\processed\bfw\asian\n005071\0114_03.jpg,data\processed\bfw\asian\n001976\0665_02.jpg,n005071,n001976,asian,asian,males,males,,,0,0.27654886,27.678041,0.72345114
data\processed\bfw\asian\n004809\0356_01.jpg,data\processed\bfw\asian\n004809\0482_01.jpg,n004809,n004809,asian,asian,males,males,,,1,0.85023403,12.05835,0.14976597
data\processed\bfw\asian\n009175\0084_01.jpg,data\processed\bfw\asian\n004786\0203_01.jpg,n009175,n004786,asian,asian,females,females,,,0,0.27159995,26.574347,0.72840005
data\processed\bfw\asian\n006418\0071_04.jpg,data\processed\bfw\asian\n006418\1052_03.jpg,n006418,n006418,asian,asian,females,females,,,1,0.53526956,22.766611,0.46473044
data\processed\bfw\asian\n004870\0050_02.jpg,data\processed\bfw\asian\n004870\0264_01.jpg,n004870,n004870,asian,asian,females,females,,,1,0.59440696,21.54161,0.40559304
data\processed\bfw\asian\n009137\0104_01.jpg,data\processed\bfw\asian\n009137\0416_01.jpg,n009137,n009137,asian,asian,females,females,,,1,0.71521246,16.64313,0.28478754
data\processed\bfw\asian\n003489\0220_01.jpg,data\processed\bfw\asian\n003449\0083_01.jpg,n003489,n003449,asian,asian,males,females,,,0,0.2120231,27.660845,0.7879769
data\processed\bfw\asian\n000009\0133_02.jpg,data\processed\bfw\asian\n008163\0276_01.jpg,n000009,n008163,asian,asian,females,females,,,0,0.52798545,22.197859,0.47201455
data\processed\bfw\asian\n009103\0030_01.jpg,data\processed\bfw\asian\n009103\0047_02.jpg,n009103,n009103,asian,asian,females,females,,,1,0.8402339,11.878553,0.15976608
data\processed\bfw\asian\n005446\0243_02.jpg,data\processed\bfw\asian\n009125\0363_01.jpg,n005446,n009125,asian,asian,females,females,,,0,0.35183364,23.93679,0.64816636
data\processed\bfw\asian\n009275\0286_03.jpg,data\processed\bfw\asian\n005071\0279_02.jpg,n009275,n005071,asian,asian,females,males,,,0,0.100896284,30.4094,0.8991037
data\processed\bfw\asian\n000132\0234_01__face_0.jpg,data\processed\bfw\asian\n000856\0075_01.jpg,n000132,n000856,asian,asian,males,females,,,0,0.16028202,32.566647,0.839718
data\processed\bfw\asian\n009279\0025_01.jpg,data\processed\bfw\asian\n009279\0243_03.jpg,n009279,n009279,asian,asian,females,females,,,1,0.53725034,21.137514,0.46274966
data\processed\bfw\asian\n003482\0059_01.jpg,data\processed\bfw\asian\n003167\0320_01.jpg,n003482,n003167,asian,asian,males,males,,,0,0.32681078,26.699345,0.6731892
data\processed\bfw\asian\n000838\0166_01.jpg,data\processed\bfw\asian\n004805\0025_01.jpg,n000838,n004805,asian,asian,females,males,,,0,0.36645034,24.158728,0.6335497
data\processed\bfw\asian\n004721\0283_01.jpg,data\processed\bfw\asian\n004721\0505_01.jpg,n004721,n004721,asian,asian,males,males,,,1,0.32731012,25.944654,0.6726899
data\processed\bfw\asian\n004787\0158_01.jpg,data\processed\bfw\asian\n004787\0197_01.jpg,n004787,n004787,asian,asian,females,females,,,1,0.8195515,13.783,0.18044847
data\processed\bfw\asian\n003288\0234_01.jpg,data\processed\bfw\asian\n003288\0628_01.jpg,n003288,n003288,asian,asian,females,females,,,1,0.5014197,21.493061,0.49858028
data\processed\bfw\asian\n001562\0018_01.jpg,data\processed\bfw\asian\n001562\0092_02.jpg,n001562,n001562,asian,asian,males,males,,,1,0.6410781,19.419348,0.3589219
data\processed\bfw\asian\n004805\0341_01.jpg,data\processed\bfw\asian\n002320\0248_08.jpg,n004805,n002320,asian,asian,males,males,,,0,0.23029202,29.569744,0.769708
data\processed\bfw\asian\n007385\0691_01.jpg,data\processed\bfw\asian\n005077\0129_01.jpg,n007385,n005077,asian,asian,females,females,,,0,0.43373972,22.222816,0.5662603
data\processed\bfw\asian\n004549\0146_01.jpg,data\processed\bfw\asian\n004549\0667_01.jpg,n004549,n004549,asian,asian,females,females,,,1,0.44804293,25.21758,0.5519571
data\processed\bfw\asian\n000856\0012_01.jpg,data\processed\bfw\asian\n000856\0098_01.jpg,n000856,n000856,asian,asian,females,females,,,1,0.7621796,17.119257,0.23782039
data\processed\bfw\asian\n003824\0270_01.jpg,data\processed\bfw\asian\n006344\0143_01.jpg,n003824,n006344,asian,asian,females,females,,,0,0.18075311,29.862062,0.8192469
data\processed\bfw\asian\n004935\0287_01.jpg,data\processed\bfw\asian\n003506\0041_01.jpg,n004935,n003506,asian,asian,males,females,,,0,0.10459251,28.802753,0.8954075
data\processed\bfw\asian\n002406\0310_02.jpg,data\processed\bfw\asian\n000856\0001_01.jpg,n002406,n000856,asian,asian,males,females,,,0,0.13177685,31.445906,0.86822313
data\processed\bfw\asian\n005063\0068_01.jpg,data\processed\bfw\asian\n009125\0116_02.jpg,n005063,n009125,asian,asian,females,females,,,0,0.36223784,25.602737,0.6377622
data\processed\bfw\asian\n009103\0657_02.jpg,data\processed\bfw\asian\n008978\0097_02.jpg,n009103,n008978,asian,asian,females,females,,,0,0.2539418,26.973478,0.7460582
data\processed\bfw\asian\n004791\0075_01.jpg,data\processed\bfw\asian\n004791\0416_01.jpg,n004791,n004791,asian,asian,males,males,,,1,0.6143869,18.664745,0.38561308
data\processed\bfw\asian\n006222\0047_01.jpg,data\processed\bfw\asian\n006619\0310_01.jpg,n006222,n006619,asian,asian,females,females,,,0,0.5428522,21.63486,0.45714778
data\processed\bfw\asian\n003824\0019_01.jpg,data\processed\bfw\asian\n003557\0116_01.jpg,n003824,n003557,asian,asian,females,females,,,0,0.35888165,26.587614,0.64111835
data\processed\bfw\asian\n003355\0252_02.jpg,data\processed\bfw\asian\n009279\0246_01.jpg,n003355,n009279,asian,asian,males,females,,,0,0.40780967,24.852116,0.5921903
data\processed\bfw\asian\n004860\0068_01.jpg,data\processed\bfw\asian\n004930\0235_01.jpg,n004860,n004930,asian,asian,females,females,,,0,0.33521548,27.736372,0.66478455
data\processed\bfw\asian\n001976\0077_02.jpg,data\processed\bfw\asian\n001976\0372_01.jpg,n001976,n001976,asian,asian,males,males,,,1,0.5451103,22.128181,0.4548897
data\processed\bfw\asian\n004877\0007_01.jpg,data\processed\bfw\asian\n004877\0049_01.jpg,n004877,n004877,asian,asian,females,females,,,1,0.6853472,17.379675,0.3146528
data\processed\bfw\asian\n006418\0152_04.jpg,data\processed\bfw\asian\n006418\0165_02.jpg,n006418,n006418,asian,asian,females,females,,,1,0.7362997,16.524014,0.2637003
data\processed\bfw\asian\n004466\0091_01.jpg,data\processed\bfw\asian\n000840\0025_01.jpg,n004466,n000840,asian,asian,males,females,,,0,0.13440141,29.308678,0.86559856
data\processed\bfw\asian\n001976\0198_01.jpg,data\processed\bfw\asian\n000143\0272_01.jpg,n001976,n000143,asian,asian,males,females,,,0,0.35796535,26.110569,0.64203465
data\processed\bfw\asian\n003167\0042_18.jpg,data\processed\bfw\asian\n003167\0562_01.jpg,n003167,n003167,asian,asian,males,males,,,1,0.78529686,13.986934,0.21470314
data\processed\bfw\asian\n007816\0627_01.jpg,data\processed\bfw\asian\n008383\0539_01.jpg,n007816,n008383,asian,asian,females,females,,,0,0.058527652,31.422903,0.94147235
data\processed\bfw\asian\n005071\0115_02.jpg,data\processed\bfw\asian\n005071\0193_01.jpg,n005071,n005071,asian,asian,males,males,,,1,0.7977442,14.87617,0.20225579
data\processed\bfw\asian\n000143\0044_01.jpg,data\processed\bfw\asian\n000143\0406_01.jpg,n000143,n000143,asian,asian,females,females,,,1,0.5366986,21.20223,0.46330142
data\processed\bfw\asian\n007372\0198_01.jpg,data\processed\bfw\asian\n006358\0117_01.jpg,n007372,n006358,asian,asian,females,females,,,0,0.03521679,34.413666,0.9647832
data\processed\bfw\asian\n003481\0441_01.jpg,data\processed\bfw\asian\n003354\0346_02.jpg,n003481,n003354,asian,asian,females,females,,,0,0.46313792,26.069065,0.5368621
data\processed\bfw\asian\n006149\0139_02.jpg,data\processed\bfw\asian\n006149\0197_02.jpg,n006149,n006149,asian,asian,females,females,,,1,0.6410342,19.439995,0.3589658
data\processed\bfw\asian\n008163\0223_01.jpg,data\processed\bfw\asian\n008163\0229_01.jpg,n008163,n008163,asian,asian,females,females,,,1,0.8128912,12.829618,0.18710881
data\processed\bfw\asian\n003533\0101_02.jpg,data\processed\bfw\asian\n000837\0193_01.jpg,n003533,n000837,asian,asian,males,females,,,0,0.028577933,31.263073,0.9714221
data\processed\bfw\asian\n003482\0716_02.jpg,data\processed\bfw\asian\n003635\0177_02.jpg,n003482,n003635,asian,asian,males,males,,,0,0.32156792,27.96522,0.6784321
data\processed\bfw\asian\n003027\0098_01.jpg,data\processed\bfw\asian\n003027\0176_04.jpg,n003027,n003027,asian,asian,males,males,,,1,0.9246301,7.919205,0.075369895
data\processed\bfw\asian\n004680\0175_01.jpg,data\processed\bfw\asian\n004680\0211_01.jpg,n004680,n004680,asian,asian,females,females,,,1,0.7213049,17.745096,0.2786951
data\processed\bfw\asian\n003162\0330_01.jpg,data\processed\bfw\asian\n003162\0479_02.jpg,n003162,n003162,asian,asian,males,males,,,1,0.8797757,12.491501,0.1202243
data\processed\bfw\asian\n006222\0075_01.jpg,data\processed\bfw\asian\n006222\0170_02.jpg,n006222,n006222,asian,asian,females,females,,,1,0.7031302,16.90708,0.2968698
data\processed\bfw\asian\n009041\0069_01.jpg,data\processed\bfw\asian\n009041\0118_01.jpg,n009041,n009041,asian,asian,females,females,,,1,0.6201857,20.843895,0.37981433
data\processed\bfw\asian\n007816\0091_01.jpg,data\processed\bfw\asian\n000873\0068_01.jpg,n007816,n000873,asian,asian,females,males,,,0,0.27489033,27.065357,0.7251097
data\processed\bfw\asian\n000839\0454_01.jpg,data\processed\bfw\asian\n009288\0121_01.jpg,n000839,n009288,asian,asian,females,females,,,0,0.29943871,26.87166,0.7005613
data\processed\bfw\asian\n004794\0124_03.jpg,data\processed\bfw\asian\n004794\0540_01.jpg,n004794,n004794,asian,asian,males,males,,,1,0.54465246,22.14163,0.45534754
data\processed\bfw\asian\n001572\0092_01.jpg,data\processed\bfw\asian\n001572\0295_01.jpg,n001572,n001572,asian,asian,females,females,,,1,0.55621374,21.787722,0.44378626
data\processed\bfw\asian\n003482\0178_02.jpg,data\processed\bfw\asian\n001682\0267_02.jpg,n003482,n001682,asian,asian,males,males,,,0,0.39043275,24.61903,0.6095673
data\processed\bfw\asian\n000160\0350_01.jpg,data\processed\bfw\asian\n000160\0435_02.jpg,n000160,n000160,asian,asian,females,females,,,1,0.4178575,24.358164,0.5821425
data\processed\bfw\asian\n005078\0279_02.jpg,data\processed\bfw\asian\n003357\0042_01.jpg,n005078,n003357,asian,asian,males,females,,,0,0.03688394,31.583221,0.96311605
data\processed\bfw\asian\n003449\0027_01.jpg,data\processed\bfw\asian\n004472\0166_01.jpg,n003449,n004472,asian,asian,females,females,,,0,0.32500547,29.711084,0.6749945
data\processed\bfw\asian\n002725\0253_02.jpg,data\processed\bfw\asian\n002725\0298_01.jpg,n002725,n002725,asian,asian,females,females,,,1,0.525195,23.970158,0.474805
data\processed\bfw\asian\n008383\0014_01.jpg,data\processed\bfw\asian\n009137\0104_01.jpg,n008383,n009137,asian,asian,females,females,,,0,0.4069062,24.474728,0.5930938
data\processed\bfw\asian\n006224\0145_04.jpg,data\processed\bfw\asian\n006224\0164_01.jpg,n006224,n006224,asian,asian,females,females,,,1,0.8424123,14.282466,0.1575877
data\processed\bfw\asian\n002775\0044_01.jpg,data\processed\bfw\asian\n003223\0143_01.jpg,n002775,n003223,asian,asian,males,males,,,0,0.21493939,27.989841,0.78506064
data\processed\bfw\asian\n009278\0068_01.jpg,data\processed\bfw\asian\n009278\0180_01.jpg,n009278,n009278,asian,asian,females,females,,,1,0.3278427,26.33809,0.6721573
data\processed\bfw\asian\n007385\0469_01.jpg,data\processed\bfw\asian\n007385\0674_01.jpg,n007385,n007385,asian,asian,females,females,,,1,0.4341448,23.412737,0.5658552
data\processed\bfw\asian\n009287\0026_01.jpg,data\processed\bfw\asian\n009287\0257_01.jpg,n009287,n009287,asian,asian,females,females,,,1,0.65106255,18.93144,0.34893745
data\processed\bfw\asian\n006633\0221_02.jpg,data\processed\bfw\asian\n006633\0489_03.jpg,n006633,n006633,asian,asian,females,females,,,1,0.45527646,24.42655,0.5447235
data\processed\bfw\asian\n000854\0019_02.jpg,data\processed\bfw\asian\n000854\0228_01.jpg,n000854,n000854,asian,asian,females,females,,,1,0.75764674,15.6251745,0.24235326
data\processed\bfw\asian\n004786\0101_01.jpg,data\processed\bfw\asian\n004786\0173_01.jpg,n004786,n004786,asian,asian,females,females,,,1,0.8368286,12.9279175,0.16317141
data\processed\bfw\asian\n005085\0376_01.jpg,data\processed\bfw\asian\n005085\0679_01.jpg,n005085,n005085,asian,asian,females,females,,,1,0.48439232,24.491385,0.5156077
data\processed\bfw\asian\n003506\0041_01.jpg,data\processed\bfw\asian\n003449\0027_01.jpg,n003506,n003449,asian,asian,females,females,,,0,0.6635823,18.967106,0.33641768
data\processed\bfw\asian\n003156\0004_01.jpg,data\processed\bfw\asian\n003156\0101_01.jpg,n003156,n003156,asian,asian,males,males,,,1,0.7954343,14.271228,0.2045657
data\processed\bfw\asian\n006149\0007_01.jpg,data\processed\bfw\asian\n004786\0135_01.jpg,n006149,n004786,asian,asian,females,females,,,0,0.3018298,28.374834,0.6981702
data\processed\bfw\asian\n009177\0085_02.jpg,data\processed\bfw\asian\n005378\0370_01.jpg,n009177,n005378,asian,asian,females,females,,,0,0.2088984,28.575336,0.7911016
data\processed\bfw\asian\n007738\0188_02.jpg,data\processed\bfw\asian\n007738\0239_01.jpg,n007738,n007738,asian,asian,females,females,,,1,0.43153134,26.177341,0.5684687
data\processed\bfw\asian\n002644\0557_01.jpg,data\processed\bfw\asian\n005216\0041_01.jpg,n002644,n005216,asian,asian,males,females,,,0,0.4314763,24.3201,0.5685237
data\processed\bfw\asian\n005378\0093_02.jpg,data\processed\bfw\asian\n005378\0232_01.jpg,n005378,n005378,asian,asian,females,females,,,1,0.7500008,15.71877,0.24999923
data\processed\bfw\asian\n009175\0072_01.jpg,data\processed\bfw\asian\n009175\0090_01.jpg,n009175,n009175,asian,asian,females,females,,,1,0.67780155,19.146492,0.32219845
data\processed\bfw\asian\n004870\0007_01.jpg,data\processed\bfw\asian\n004870\0129_01.jpg,n004870,n004870,asian,asian,females,females,,,1,0.7755761,15.802503,0.22442389
data\processed\bfw\asian\n007270\0053_01.jpg,data\processed\bfw\asian\n004467\0682_01.jpg,n007270,n004467,asian,asian,females,males,,,0,0.19555415,30.275215,0.80444586
data\processed\bfw\asian\n009103\0035_01.jpg,data\processed\bfw\asian\n004877\0084_01.jpg,n009103,n004877,asian,asian,females,females,,,0,0.22652183,27.533607,0.77347815
data\processed\bfw\asian\n009042\0133_01.jpg,data\processed\bfw\asian\n000873\0106_01.jpg,n009042,n000873,asian,asian,females,males,,,0,0.42781737,25.592903,0.57218266
data\processed\bfw\asian\n004787\0009_01.jpg,data\processed\bfw\asian\n007816\0147_01.jpg,n004787,n007816,asian,asian,females,females,,,0,0.23391587,27.513199,0.76608413
data\processed\bfw\asian\n004686\0100_01.jpg,data\processed\bfw\asian\n004686\0271_01.jpg,n004686,n004686,asian,asian,males,males,,,1,0.8157401,14.613845,0.18425989
data\processed\bfw\asian\n007378\0173_02.jpg,data\processed\bfw\asian\n002331\0091_01.jpg,n007378,n002331,asian,asian,females,males,,,0,0.05923826,30.399698,0.94076174
data\processed\bfw\asian\n003465\0036_01.jpg,data\processed\bfw\asian\n003465\0169_01.jpg,n003465,n003465,asian,asian,males,males,,,1,0.83459276,12.273418,0.16540724
data\processed\bfw\asian\n007380\0083_02.jpg,data\processed\bfw\asian\n007380\0195_01.jpg,n007380,n007380,asian,asian,females,females,,,1,0.7072206,17.22548,0.2927794
data\processed\bfw\asian\n005474\0072_02.jpg,data\processed\bfw\asian\n005474\0128_01.jpg,n005474,n005474,asian,asian,females,females,,,1,0.8040642,14.443168,0.19593579
data\processed\bfw\asian\n003489\0051_03.jpg,data\processed\bfw\asian\n003489\0247_01.jpg,n003489,n003489,asian,asian,males,males,,,1,0.60110384,21.840328,0.39889616
data\processed\bfw\asian\n009288\0236_01.jpg,data\processed\bfw\asian\n009288\0281_02.jpg,n009288,n009288,asian,asian,females,females,,,1,0.453859,22.269604,0.546141
data\processed\bfw\asian\n009041\0040_01.jpg,data\processed\bfw\asian\n009041\0092_01.jpg,n009041,n009041,asian,asian,females,females,,,1,0.78492475,16.029467,0.21507525
data\processed\bfw\asian\n009042\0020_01.jpg,data\processed\bfw\asian\n002725\0102_01.jpg,n009042,n002725,asian,asian,females,females,,,0,0.41477975,25.977026,0.5852202
data\processed\bfw\asian\n003155\0029_01.jpg,data\processed\bfw\asian\n003155\1030_04.jpg,n003155,n003155,asian,asian,males,males,,,1,0.4705267,24.18589,0.5294733
data\processed\bfw\asian\n004680\0190_01.jpg,data\processed\bfw\asian\n006418\0140_02.jpg,n004680,n006418,asian,asian,females,females,,,0,0.1569501,30.604136,0.8430499
data\processed\bfw\asian\n000839\0298_01.jpg,data\processed\bfw\asian\n003824\0262_01.jpg,n000839,n003824,asian,asian,females,females,,,0,0.43959808,24.256554,0.5604019
data\processed\bfw\asian\n006344\0431_07.jpg,data\processed\bfw\asian\n007738\0219_02.jpg,n006344,n007738,asian,asian,females,females,,,0,0.32802704,26.469889,0.671973
data\processed\bfw\asian\n003463\0110_01.jpg,data\processed\bfw\asian\n003463\0127_01.jpg,n003463,n003463,asian,asian,males,males,,,1,0.7207635,17.131863,0.2792365
data\processed\bfw\asian\n003491\0033_01.jpg,data\processed\bfw\asian\n003482\0231_01.jpg,n003491,n003482,asian,asian,males,males,,,0,0.6647189,18.805843,0.33528107
data\processed\bfw\asian\n007270\0066_01.jpg,data\processed\bfw\asian\n007270\0155_01.jpg,n007270,n007270,asian,asian,females,females,,,1,0.79133403,14.390514,0.20866597
data\processed\bfw\asian\n000158\0066_01.jpg,data\processed\bfw\asian\n000158\0658_01.jpg,n000158,n000158,asian,asian,males,males,,,1,0.8946212,10.596654,0.10537881
data\processed\bfw\asian\n006222\0095_02.jpg,data\processed\bfw\asian\n003354\0047_01.jpg,n006222,n003354,asian,asian,females,females,,,0,0.21972983,28.629133,0.78027016
data\processed\bfw\asian\n004935\0021_01.jpg,data\processed\bfw\asian\n004935\0327_01.jpg,n004935,n004935,asian,asian,males,males,,,1,0.83823955,12.499962,0.16176045
data\processed\bfw\asian\n006224\0212_01.jpg,data\processed\bfw\asian\n009148\0103_01.jpg,n006224,n009148,asian,asian,females,females,,,0,0.6318964,20.766346,0.36810362
data\processed\bfw\asian\n009041\0025_01.jpg,data\processed\bfw\asian\n009041\0114_01.jpg,n009041,n009041,asian,asian,females,females,,,1,0.79591525,15.483891,0.20408475
data\processed\bfw\asian\n008163\0451_03.jpg,data\processed\bfw\asian\n005083\0133_01.jpg,n008163,n005083,asian,asian,females,females,,,0,0.31871223,26.381786,0.68128777
data\processed\bfw\asian\n003463\0125_01.jpg,data\processed\bfw\asian\n003463\0165_01.jpg,n003463,n003463,asian,asian,males,males,,,1,0.8514125,12.253272,0.14858752
data\processed\bfw\asian\n005085\0061_01.jpg,data\processed\bfw\asian\n005085\0221_04.jpg,n005085,n005085,asian,asian,females,females,,,1,0.8188826,14.084559,0.18111742
data\processed\bfw\asian\n003288\0165_11.jpg,data\processed\bfw\asian\n001496\0622_01.jpg,n003288,n001496,asian,asian,females,males,,,0,0.13840191,29.176643,0.8615981
data\processed\bfw\asian\n003467\0037_01.jpg,data\processed\bfw\asian\n003467\0082_01.jpg,n003467,n003467,asian,asian,females,females,,,1,0.7307846,16.736576,0.2692154
data\processed\bfw\asian\n004221\0135_02.jpg,data\processed\bfw\asian\n004221\0166_01.jpg,n004221,n004221,asian,asian,males,males,,,1,0.8917952,10.859079,0.10820478
data\processed\bfw\asian\n006774\0105_01.jpg,data\processed\bfw\asian\n006774\0111_01.jpg,n006774,n006774,asian,asian,females,females,,,1,0.7064563,16.92253,0.2935437
data\processed\bfw\asian\n004870\0112_02.jpg,data\processed\bfw\asian\n003489\0046_02.jpg,n004870,n003489,asian,asian,females,males,,,0,0.3826052,25.930283,0.6173948
data\processed\bfw\asian\n005072\0151_01.jpg,data\processed\bfw\asian\n003162\0379_02.jpg,n005072,n003162,asian,asian,males,males,,,0,0.18467095,29.82706,0.8153291
data\processed\bfw\asian\n006344\0025_02.jpg,data\processed\bfw\asian\n006344\0413_01.jpg,n006344,n006344,asian,asian,females,females,,,1,0.6236936,18.351452,0.3763064
data\processed\bfw\asian\n009042\0072_01.jpg,data\processed\bfw\asian\n009042\0372_01.jpg,n009042,n009042,asian,asian,females,females,,,1,0.8205799,13.600864,0.17942011
data\processed\bfw\asian\n000137\0110_01.jpg,data\processed\bfw\asian\n003162\0282_01.jpg,n000137,n003162,asian,asian,females,males,,,0,0.04409122,31.200659,0.9559088
data\processed\bfw\asian\n008401\0294_01.jpg,data\processed\bfw\asian\n008401\0389_01.jpg,n008401,n008401,asian,asian,females,females,,,1,0.77000254,14.766526,0.22999746
data\processed\bfw\asian\n004948\0125_01.jpg,data\processed\bfw\asian\n000139\0112_02.jpg,n004948,n000139,asian,asian,males,females,,,0,0.11016793,32.062664,0.8898321
data\processed\bfw\asian\n000143\0171_01.jpg,data\processed\bfw\asian\n000143\0226_04.jpg,n000143,n000143,asian,asian,females,females,,,1,0.66772366,18.442524,0.33227634
data\processed\bfw\asian\n004721\0274_01.jpg,data\processed\bfw\asian\n002644\0182_09.jpg,n004721,n002644,asian,asian,males,males,,,0,0.19579053,28.66439,0.8042095
data\processed\bfw\asian\n003557\0086_01.jpg,data\processed\bfw\asian\n003557\0255_01.jpg,n003557,n003557,asian,asian,females,females,,,1,0.8143404,14.223424,0.18565959
data\processed\bfw\asian\n005083\0046_01.jpg,data\processed\bfw\asian\n005083\0100_01.jpg,n005083,n005083,asian,asian,females,females,,,1,0.60687155,20.880978,0.39312845
data\processed\bfw\asian\n005077\0054_01.jpg,data\processed\bfw\asian\n004466\0052_01.jpg,n005077,n004466,asian,asian,females,males,,,0,0.33435994,24.913788,0.66564006
data\processed\bfw\asian\n000143\0045_05.jpg,data\processed\bfw\asian\n000143\0080_02.jpg,n000143,n000143,asian,asian,females,females,,,1,0.52841884,20.653193,0.47158116
data\processed\bfw\asian\n004681\0016_01.jpg,data\processed\bfw\asian\n004681\0026_01.jpg,n004681,n004681,asian,asian,males,males,,,1,0.81166637,13.108566,0.18833363
data\processed\bfw\asian\n004794\0124_03.jpg,data\processed\bfw\asian\n004794\0640_01.jpg,n004794,n004794,asian,asian,males,males,,,1,0.67315686,18.041883,0.32684314
data\processed\bfw\asian\n004948\0651_01.jpg,data\processed\bfw\asian\n001864\0071_01.jpg,n004948,n001864,asian,asian,males,males,,,0,0.4858287,24.003296,0.5141713
data\processed\bfw\asian\n004870\0344_01.jpg,data\processed\bfw\asian\n000137\0117_01.jpg,n004870,n000137,asian,asian,females,females,,,0,0.22913219,30.273382,0.7708678
data\processed\bfw\asian\n005077\0006_01.jpg,data\processed\bfw\asian\n005077\0082_01.jpg,n005077,n005077,asian,asian,females,females,,,1,0.7510028,14.483185,0.24899721
data\processed\bfw\asian\n002406\0093_01.jpg,data\processed\bfw\asian\n004221\0166_01.jpg,n002406,n004221,asian,asian,males,males,,,0,0.010976643,31.396357,0.9890233
data\processed\bfw\asian\n006774\0062_01.jpg,data\processed\bfw\asian\n006774\0282_01.jpg,n006774,n006774,asian,asian,females,females,,,1,0.19800556,28.136242,0.80199444
data\processed\bfw\asian\n005085\0061_01.jpg,data\processed\bfw\asian\n005085\0464_01.jpg,n005085,n005085,asian,asian,females,females,,,1,0.6843274,18.493608,0.31567258
data\processed\bfw\asian\n004794\0019_03.jpg,data\processed\bfw\asian\n003167\0037_01.jpg,n004794,n003167,asian,asian,males,males,,,0,0.19861169,26.869625,0.8013883
data\processed\bfw\asian\n004549\0181_01.jpg,data\processed\bfw\asian\n004549\0213_01.jpg,n004549,n004549,asian,asian,females,females,,,1,0.76709026,14.64223,0.23290974
data\processed\bfw\asian\n000160\0150_01.jpg,data\processed\bfw\asian\n004870\0264_01.jpg,n000160,n004870,asian,asian,females,females,,,0,0.29433307,28.17913,0.7056669
data\processed\bfw\asian\n009276\0106_05.jpg,data\processed\bfw\asian\n007089\0097_04.jpg,n009276,n007089,asian,asian,females,females,,,0,0.316717,27.57672,0.683283
data\processed\bfw\asian\n004680\0175_01.jpg,data\processed\bfw\asian\n004805\0012_02.jpg,n004680,n004805,asian,asian,females,males,,,0,0.36399004,25.030636,0.63600993
data\processed\bfw\asian\n005378\0409_02.jpg,data\processed\bfw\asian\n006222\0095_02.jpg,n005378,n006222,asian,asian,females,females,,,0,0.25166672,26.62702,0.7483333
data\processed\bfw\asian\n000838\0040_02.jpg,data\processed\bfw\asian\n004721\0227_01.jpg,n000838,n004721,asian,asian,females,males,,,0,0.15866499,29.14564,0.841335
data\processed\bfw\asian\n003155\0062_02.jpg,data\processed\bfw\asian\n003155\0185_01.jpg,n003155,n003155,asian,asian,males,males,,,1,0.047266345,32.8716,0.95273364
data\processed\bfw\asian\n006634\0033_01.jpg,data\processed\bfw\asian\n006634\0114_01.jpg,n006634,n006634,asian,asian,females,females,,,1,0.7272735,16.61601,0.27272648
data\processed\bfw\asian\n006358\0076_01.jpg,data\processed\bfw\asian\n006358\0117_01.jpg,n006358,n006358,asian,asian,females,females,,,1,0.75952107,16.96594,0.24047893
data\processed\bfw\asian\n000138\0188_01.jpg,data\processed\bfw\asian\n006203\0148_03.jpg,n000138,n006203,asian,asian,females,females,,,0,0.22192544,28.856224,0.77807456
data\processed\bfw\asian\n004466\0131_01.jpg,data\processed\bfw\asian\n004787\0692_01.jpg,n004466,n004787,asian,asian,males,females,,,0,0.2077657,27.561935,0.7922343
data\processed\bfw\asian\n000854\0045_01.jpg,data\processed\bfw\asian\n007899\0082_01.jpg,n000854,n007899,asian,asian,females,females,,,0,0.4500788,23.526037,0.5499212
data\processed\bfw\asian\n006619\0216_01.jpg,data\processed\bfw\asian\n006619\0422_01.jpg,n006619,n006619,asian,asian,females,females,,,1,0.7338515,17.169556,0.2661485
data\processed\bfw\asian\n000137\0012_01.jpg,data\processed\bfw\asian\n000137\0055_01.jpg,n000137,n000137,asian,asian,females,females,,,1,0.7925921,15.1036215,0.20740789
data\processed\bfw\asian\n004469\0084_01.jpg,data\processed\bfw\asian\n004469\0098_02.jpg,n004469,n004469,asian,asian,males,males,,,1,0.7369825,16.291204,0.26301748
data\processed\bfw\asian\n007664\0053_01.jpg,data\processed\bfw\asian\n004864\0058_01.jpg,n007664,n004864,asian,asian,females,females,,,0,0.35700485,24.445505,0.6429951
data\processed\bfw\asian\n007372\0082_01.jpg,data\processed\bfw\asian\n003465\0158_01.jpg,n007372,n003465,asian,asian,females,males,,,0,0.14972095,28.435963,0.85027903
data\processed\bfw\asian\n000158\0199_03.jpg,data\processed\bfw\asian\n004930\0078_01.jpg,n000158,n004930,asian,asian,males,females,,,0,0.16877346,30.30971,0.8312265
data\processed\bfw\asian\n003162\0188_01.jpg,data\processed\bfw\asian\n003162\0240_01.jpg,n003162,n003162,asian,asian,males,males,,,1,0.75745267,15.466425,0.24254733
data\processed\bfw\asian\n003288\0222_01.jpg,data\processed\bfw\asian\n003288\0230_01.jpg,n003288,n003288,asian,asian,females,females,,,1,0.7497454,15.669714,0.25025457
data\processed\bfw\asian\n004794\0062_01.jpg,data\processed\bfw\asian\n003465\0169_01.jpg,n004794,n003465,asian,asian,males,males,,,0,0.43854618,23.36496,0.5614538
data\processed\bfw\asian\n009041\0077_01.jpg,data\processed\bfw\asian\n009041\0080_02.jpg,n009041,n009041,asian,asian,females,females,,,1,0.8253703,14.3101425,0.17462969
data\processed\bfw\asian\n005069\0019_01.jpg,data\processed\bfw\asian\n000009\0133_02.jpg,n005069,n000009,asian,asian,females,females,,,0,0.65838164,19.08271,0.34161836
data\processed\bfw\asian\n003358\0055_01.jpg,data\processed\bfw\asian\n003358\0318_01.jpg,n003358,n003358,asian,asian,females,females,,,1,0.6473818,19.161325,0.35261822
data\processed\bfw\asian\n006222\0017_01.jpg,data\processed\bfw\asian\n006344\0112_01.jpg,n006222,n006344,asian,asian,females,females,,,0,0.3339678,25.495281,0.6660322
data\processed\bfw\asian\n003467\0036_01.jpg,data\processed\bfw\asian\n003357\0533_01.jpg,n003467,n003357,asian,asian,females,females,,,0,0.26071697,27.950052,0.739283
data\processed\bfw\asian\n007814\0377_03.jpg,data\processed\bfw\asian\n007814\0485_01.jpg,n007814,n007814,asian,asian,females,females,,,1,0.25955787,26.572538,0.74044216
data\processed\bfw\asian\n004467\0677_01.jpg,data\processed\bfw\asian\n004680\0113_02.jpg,n004467,n004680,asian,asian,males,females,,,0,0.4044285,24.7813,0.5955715
data\processed\bfw\asian\n009278\0060_01.jpg,data\processed\bfw\asian\n009278\0066_01.jpg,n009278,n009278,asian,asian,females,females,,,1,0.6670588,18.005882,0.33294117
data\processed\bfw\asian\n009294\0031_03.jpg,data\processed\bfw\asian\n009294\0242_01.jpg,n009294,n009294,asian,asian,females,females,,,1,0.7014816,17.068962,0.29851842
data\processed\bfw\asian\n002406\0103_01.jpg,data\processed\bfw\asian\n006418\0152_04.jpg,n002406,n006418,asian,asian,males,females,,,0,-0.28207535,39.18394,1.2820754
data\processed\bfw\asian\n003027\0117_02.jpg,data\processed\bfw\asian\n005378\0020_01.jpg,n003027,n005378,asian,asian,males,females,,,0,0.201302,26.353441,0.798698
data\processed\bfw\asian\n003167\0141_01.jpg,data\processed\bfw\asian\n004680\0189_01.jpg,n003167,n004680,asian,asian,males,females,,,0,0.24995905,28.06011,0.75004095
data\processed\bfw\asian\n004467\0049_01.jpg,data\processed\bfw\asian\n001976\0100_02.jpg,n004467,n001976,asian,asian,males,males,,,0,0.28808472,26.925623,0.71191525
data\processed\bfw\asian\n000143\0098_01.jpg,data\processed\bfw\asian\n004681\0016_01.jpg,n000143,n004681,asian,asian,females,males,,,0,0.27339238,25.445307,0.7266076
data\processed\bfw\asian\n004800\0366_01.jpg,data\processed\bfw\asian\n004800\0537_01.jpg,n004800,n004800,asian,asian,males,males,,,1,0.29708755,26.735735,0.70291245
data\processed\bfw\asian\n003223\0185_01.jpg,data\processed\bfw\asian\n002509\0131_01.jpg,n003223,n002509,asian,asian,males,females,,,0,0.27703905,27.007902,0.72296095
data\processed\bfw\asian\n003533\0573_01.jpg,data\processed\bfw\asian\n003533\0574_01.jpg,n003533,n003533,asian,asian,males,males,,,1,0.8912657,10.098054,0.10873431
data\processed\bfw\asian\n007378\0113_01.jpg,data\processed\bfw\asian\n007378\0509_01.jpg,n007378,n007378,asian,asian,females,females,,,1,0.62735045,19.343363,0.37264955
data\processed\bfw\asian\n004686\0433_01.jpg,data\processed\bfw\asian\n004549\0213_01.jpg,n004686,n004549,asian,asian,males,females,,,0,0.15837364,29.936466,0.84162635
data\processed\bfw\asian\n001682\0051_01.jpg,data\processed\bfw\asian\n001682\0177_01.jpg,n001682,n001682,asian,asian,males,males,,,1,0.62643826,19.53312,0.37356174
data\processed\bfw\asian\n004549\0168_05.jpg,data\processed\bfw\asian\n004549\0222_02.jpg,n004549,n004549,asian,asian,females,females,,,1,0.5081502,21.297281,0.49184978
data\processed\bfw\asian\n004725\0036_01.jpg,data\processed\bfw\asian\n004725\0088_01.jpg,n004725,n004725,asian,asian,males,males,,,1,0.86377144,11.971735,0.13622856
data\processed\bfw\asian\n003288\0051_01.jpg,data\processed\bfw\asian\n003288\0228_01.jpg,n003288,n003288,asian,asian,females,females,,,1,0.7132989,15.851752,0.28670108
data\processed\bfw\asian\n002320\0240_01.jpg,data\processed\bfw\asian\n009137\0416_01.jpg,n002320,n009137,asian,asian,males,females,,,0,-0.15344578,34.723434,1.1534457
data\processed\bfw\asian\n000158\0012_01.jpg,data\processed\bfw\asian\n000158\0158_01.jpg,n000158,n000158,asian,asian,males,males,,,1,0.8916512,10.452968,0.10834879
data\processed\bfw\asian\n001496\0133_01.jpg,data\processed\bfw\asian\n001496\0219_01.jpg,n001496,n001496,asian,asian,males,males,,,1,0.68575,18.389286,0.31425
data\processed\bfw\asian\n009279\0025_01.jpg,data\processed\bfw\asian\n009279\0393_04.jpg,n009279,n009279,asian,asian,females,females,,,1,0.4980989,22.45241,0.5019011
data\processed\bfw\asian\n000872\0296_06.jpg,data\processed\bfw\asian\n009278\0061_02.jpg,n000872,n009278,asian,asian,males,females,,,0,0.22705315,26.695477,0.77294683
data\processed\bfw\asian\n005446\0279_01.jpg,data\processed\bfw\asian\n005446\0480_01.jpg,n005446,n005446,asian,asian,females,females,,,1,0.77434325,14.890389,0.22565675
data\processed\bfw\asian\n004877\0076_01.jpg,data\processed\bfw\asian\n004877\0145_01.jpg,n004877,n004877,asian,asian,females,females,,,1,0.6791715,19.167816,0.3208285
data\processed\bfw\asian\n004467\0418_01.jpg,data\processed\bfw\asian\n004467\0638_01.jpg,n004467,n004467,asian,asian,males,males,,,1,0.8100021,15.109412,0.18999791
data\processed\bfw\asian\n007378\0071_01.jpg,data\processed\bfw\asian\n007378\0214_01.jpg,n007378,n007378,asian,asian,females,females,,,1,0.63463396,18.56718,0.36536604
data\processed\bfw\asian\n004469\0217_03.jpg,data\processed\bfw\asian\n004469\0832_01.jpg,n004469,n004469,asian,asian,males,males,,,1,0.4264503,25.81922,0.5735497
data\processed\bfw\asian\n003167\0274_01.jpg,data\processed\bfw\asian\n003167\0602_01.jpg,n003167,n003167,asian,asian,males,males,,,1,0.68899727,19.622849,0.31100273
data\processed\bfw\asian\n005069\0225_01.jpg,data\processed\bfw\asian\n005069\0246_01.jpg,n005069,n005069,asian,asian,females,females,,,1,0.63345605,18.692549,0.36654395
data\processed\bfw\asian\n003357\0006_01.jpg,data\processed\bfw\asian\n003357\0123_01.jpg,n003357,n003357,asian,asian,females,females,,,1,0.8137605,13.209147,0.18623948
data\processed\bfw\asian\n006203\0045_01.jpg,data\processed\bfw\asian\n006203\0430_01.jpg,n006203,n006203,asian,asian,females,females,,,1,0.6209257,20.46148,0.37907428
data\processed\bfw\asian\n007372\0210_01.jpg,data\processed\bfw\asian\n007372\0295_01.jpg,n007372,n007372,asian,asian,females,females,,,1,0.13865502,27.721294,0.861345
data\processed\bfw\asian\n008383\0539_01.jpg,data\processed\bfw\asian\n000132\0112_01__face_0.jpg,n008383,n000132,asian,asian,females,males,,,0,0.3973433,25.43263,0.6026567
data\processed\bfw\asian\n008978\0026_01.jpg,data\processed\bfw\asian\n008978\0318_01.jpg,n008978,n008978,asian,asian,females,females,,,1,0.60237867,19.871336,0.39762133
data\processed\bfw\asian\n006774\0130_01.jpg,data\processed\bfw\asian\n006774\0393_01.jpg,n006774,n006774,asian,asian,females,females,,,1,0.5295409,22.723543,0.4704591
data\processed\bfw\asian\n004472\0332_01.jpg,data\processed\bfw\asian\n004472\0720_01.jpg,n004472,n004472,asian,asian,females,females,,,1,0.4562193,23.82667,0.5437807
data\processed\bfw\asian\n009175\0077_01.jpg,data\processed\bfw\asian\n004109\0003_01.jpg,n009175,n004109,asian,asian,females,males,,,0,0.095392674,29.910954,0.9046073
data\processed\bfw\asian\n001572\0158_01.jpg,data\processed\bfw\asian\n006222\0032_01.jpg,n001572,n006222,asian,asian,females,females,,,0,0.38414985,25.710363,0.61585015
data\processed\bfw\asian\n005446\0141_01.jpg,data\processed\bfw\asian\n004786\0021_01.jpg,n005446,n004786,asian,asian,females,females,,,0,0.5166225,21.016754,0.48337752
data\processed\bfw\asian\n005069\0225_01.jpg,data\processed\bfw\asian\n000840\0160_02.jpg,n005069,n000840,asian,asian,females,females,,,0,0.54766726,20.491491,0.45233274
data\processed\bfw\asian\n004687\0113_01.jpg,data\processed\bfw\asian\n004687\0295_01.jpg,n004687,n004687,asian,asian,females,females,,,1,0.74458903,16.426926,0.25541097
data\processed\bfw\asian\n006149\0087_01.jpg,data\processed\bfw\asian\n005063\0577_01.jpg,n006149,n005063,asian,asian,females,females,,,0,0.2417974,27.684435,0.7582026
data\processed\bfw\asian\n005069\0019_01.jpg,data\processed\bfw\asian\n005069\0022_01.jpg,n005069,n005069,asian,asian,females,females,,,1,0.81624156,12.99426,0.18375844
data\processed\bfw\asian\n004791\0030_01.jpg,data\processed\bfw\asian\n004791\0263_01.jpg,n004791,n004791,asian,asian,males,males,,,1,0.7673615,14.937719,0.23263848
data\processed\bfw\asian\n005085\0221_04.jpg,data\processed\bfw\asian\n003167\0141_01.jpg,n005085,n003167,asian,asian,females,males,,,0,0.22433566,27.887363,0.7756643
data\processed\bfw\asian\n009275\0039_01.jpg,data\processed\bfw\asian\n002775\0044_01.jpg,n009275,n002775,asian,asian,females,males,,,0,0.027035406,31.823713,0.9729646
data\processed\bfw\asian\n009125\0116_02.jpg,data\processed\bfw\asian\n009125\0270_01.jpg,n009125,n009125,asian,asian,females,females,,,1,0.750746,16.330952,0.24925399
data\processed\bfw\asian\n008383\0279_06.jpg,data\processed\bfw\asian\n003482\0006_04.jpg,n008383,n003482,asian,asian,females,males,,,0,-0.13023382,32.40358,1.1302338
data\processed\bfw\asian\n005177\0042_01.jpg,data\processed\bfw\asian\n005177\0152_01.jpg,n005177,n005177,asian,asian,males,males,,,1,0.78020024,16.159952,0.21979976
data\processed\bfw\asian\n006634\0120_01.jpg,data\processed\bfw\asian\n006634\0322_01.jpg,n006634,n006634,asian,asian,females,females,,,1,0.54334116,20.926872,0.45665884
data\processed\bfw\asian\n006619\0572_01.jpg,data\processed\bfw\asian\n009103\0274_01.jpg,n006619,n009103,asian,asian,females,females,,,0,0.10963681,29.805687,0.8903632
data\processed\bfw\asian\n009294\0031_03.jpg,data\processed\bfw\asian\n009294\0081_01.jpg,n009294,n009294,asian,asian,females,females,,,1,0.51737213,22.974617,0.48262787
data\processed\bfw\asian\n004467\0001_01.jpg,data\processed\bfw\asian\n000138\0129_03.jpg,n004467,n000138,asian,asian,males,females,,,0,-0.031754848,31.712536,1.0317549
data\processed\bfw\asian\n005083\0367_02.jpg,data\processed\bfw\asian\n003354\0243_01.jpg,n005083,n003354,asian,asian,females,females,,,0,0.28048307,28.401373,0.71951693
data\processed\bfw\asian\n004935\0021_01.jpg,data\processed\bfw\asian\n009294\0194_01.jpg,n004935,n009294,asian,asian,males,females,,,0,0.24330837,26.995495,0.75669163
data\processed\bfw\asian\n005071\0113_02.jpg,data\processed\bfw\asian\n004687\0019_01.jpg,n005071,n004687,asian,asian,males,females,,,0,0.20366961,28.965893,0.7963304
data\processed\bfw\asian\n001562\0130_01.jpg,data\processed\bfw\asian\n001562\0372_02.jpg,n001562,n001562,asian,asian,males,males,,,1,0.53877705,23.3077,0.46122295
data\processed\bfw\asian\n000840\0023_01.jpg,data\processed\bfw\asian\n000840\0099_01.jpg,n000840,n000840,asian,asian,females,females,,,1,0.7265638,16.38575,0.2734362
data\processed\bfw\asian\n009137\0070_01.jpg,data\processed\bfw\asian\n009137\0211_02.jpg,n009137,n009137,asian,asian,females,females,,,1,0.66658646,17.992907,0.33341354
data\processed\bfw\asian\n000143\0019_01.jpg,data\processed\bfw\asian\n000873\0111_01.jpg,n000143,n000873,asian,asian,females,males,,,0,0.070560016,31.638664,0.92943996
data\processed\bfw\asian\n007814\0175_01.jpg,data\processed\bfw\asian\n004809\0013_10.jpg,n007814,n004809,asian,asian,females,males,,,0,0.19580074,28.543638,0.8041993
data\processed\bfw\asian\n009294\0002_01.jpg,data\processed\bfw\asian\n009294\0258_01.jpg,n009294,n009294,asian,asian,females,females,,,1,0.60387313,20.922083,0.39612687
data\processed\bfw\asian\n005474\0210_02.jpg,data\processed\bfw\asian\n005474\0769_01.jpg,n005474,n005474,asian,asian,females,females,,,1,0.66423035,18.202854,0.33576965
data\processed\bfw\asian\n004948\0111_01.jpg,data\processed\bfw\asian\n004948\0212_01.jpg,n004948,n004948,asian,asian,males,males,,,1,0.81164545,14.0378895,0.18835455
data\processed\bfw\asian\n009177\0370_01.jpg,data\processed\bfw\asian\n009177\0626_01.jpg,n009177,n009177,asian,asian,females,females,,,1,0.7116037,17.669096,0.2883963
data\processed\bfw\asian\n000840\0025_01.jpg,data\processed\bfw\asian\n000161\0338_01.jpg,n000840,n000161,asian,asian,females,males,,,0,0.1685899,30.367098,0.8314101
data\processed\bfw\asian\n006126\0423_01.jpg,data\processed\bfw\asian\n004469\0048_02.jpg,n006126,n004469,asian,asian,females,males,,,0,0.108209945,32.05184,0.89179003
data\processed\bfw\asian\n002644\0054_01.jpg,data\processed\bfw\asian\n002644\0319_01.jpg,n002644,n002644,asian,asian,males,males,,,1,0.7770213,14.145868,0.22297871
data\processed\bfw\asian\n003467\0094_01.jpg,data\processed\bfw\asian\n003467\0130_03.jpg,n003467,n003467,asian,asian,females,females,,,1,0.49154156,23.388922,0.50845844
data\processed\bfw\asian\n003824\0097_01.jpg,data\processed\bfw\asian\n008978\0138_01.jpg,n003824,n008978,asian,asian,females,females,,,0,0.36602786,24.920204,0.63397217
data\processed\bfw\asian\n004467\0226_01.jpg,data\processed\bfw\asian\n004467\0227_04.jpg,n004467,n004467,asian,asian,males,males,,,1,0.63955164,19.35306,0.36044836
data\processed\bfw\asian\n009276\0046_16.jpg,data\processed\bfw\asian\n004864\0229_01.jpg,n009276,n004864,asian,asian,females,females,,,0,0.53784585,23.690565,0.46215415
data\processed\bfw\asian\n004549\0027_02.jpg,data\processed\bfw\asian\n006774\0111_01.jpg,n004549,n006774,asian,asian,females,females,,,0,0.5041672,22.822994,0.4958328
data\processed\bfw\asian\n009103\0161_01.jpg,data\processed\bfw\asian\n009103\0291_01.jpg,n009103,n009103,asian,asian,females,females,,,1,0.8242724,13.250282,0.1757276
data\processed\bfw\asian\n006148\0040_01.jpg,data\processed\bfw\asian\n006223\0148_01.jpg,n006148,n006223,asian,asian,females,females,,,0,0.55400777,20.961983,0.44599223
data\processed\bfw\asian\n007664\0158_01.jpg,data\processed\bfw\asian\n003155\0052_02.jpg,n007664,n003155,asian,asian,females,males,,,0,0.10672664,28.926434,0.89327335
data\processed\bfw\asian\n006222\0001_01.jpg,data\processed\bfw\asian\n006222\0312_01.jpg,n006222,n006222,asian,asian,females,females,,,1,0.7454098,15.454835,0.2545902
data\processed\bfw\asian\n003482\0155_05.jpg,data\processed\bfw\asian\n006203\0224_01.jpg,n003482,n006203,asian,asian,males,females,,,0,-0.107725486,34.002163,1.1077255
data\processed\bfw\asian\n009288\0063_01.jpg,data\processed\bfw\asian\n009288\0175_01.jpg,n009288,n009288,asian,asian,females,females,,,1,0.484267,22.184532,0.515733
data\processed\bfw\asian\n009275\0273_01.jpg,data\processed\bfw\asian\n006344\0166_01.jpg,n009275,n006344,asian,asian,females,females,,,0,0.5137286,21.636747,0.48627138
data\processed\bfw\asian\n004860\0567_02.jpg,data\processed\bfw\asian\n004467\0186_01.jpg,n004860,n004467,asian,asian,females,males,,,0,0.088165365,31.112186,0.91183466
data\processed\bfw\asian\n009137\0278_01.jpg,data\processed\bfw\asian\n009137\0521_02.jpg,n009137,n009137,asian,asian,females,females,,,1,0.60173345,19.08486,0.39826655
data\processed\bfw\asian\n009278\0026_01.jpg,data\processed\bfw\asian\n009278\0180_01.jpg,n009278,n009278,asian,asian,females,females,,,1,0.4041495,25.105303,0.59585047
data\processed\bfw\asian\n003463\0152_01.jpg,data\processed\bfw\asian\n001976\0221_02.jpg,n003463,n001976,asian,asian,males,males,,,0,0.33009928,25.600786,0.6699007
data\processed\bfw\asian\n009277\0018_01.jpg,data\processed\bfw\asian\n009277\0578_02.jpg,n009277,n009277,asian,asian,females,females,,,1,0.6266076,20.276892,0.3733924
data\processed\bfw\asian\n004785\0139_01.jpg,data\processed\bfw\asian\n004785\0211_01.jpg,n004785,n004785,asian,asian,females,females,,,1,0.714379,17.480162,0.285621
data\processed\bfw\asian\n008383\0068_01.jpg,data\processed\bfw\asian\n009278\0192_01.jpg,n008383,n009278,asian,asian,females,females,,,0,0.4895651,22.810772,0.51043487
data\processed\bfw\asian\n006222\0071_01.jpg,data\processed\bfw\asian\n006222\0177_02.jpg,n006222,n006222,asian,asian,females,females,,,1,0.5233303,21.88358,0.47666973
data\processed\bfw\asian\n004800\0419_04.jpg,data\processed\bfw\asian\n004800\0526_01.jpg,n004800,n004800,asian,asian,males,males,,,1,0.47268736,23.04796,0.52731264
data\processed\bfw\asian\n005378\0222_01.jpg,data\processed\bfw\asian\n005378\0370_01.jpg,n005378,n005378,asian,asian,females,females,,,1,0.63998616,19.693708,0.36001384
data\processed\bfw\asian\n003357\0214_01.jpg,data\processed\bfw\asian\n009103\0724_01.jpg,n003357,n009103,asian,asian,females,females,,,0,0.39637348,22.792225,0.6036265
data\processed\bfw\asian\n004870\0063_01.jpg,data\processed\bfw\asian\n004805\0164_01.jpg,n004870,n004805,asian,asian,females,males,,,0,0.07922775,30.493587,0.92077225
data\processed\bfw\asian\n003357\0168_01.jpg,data\processed\bfw\asian\n003357\0291_01.jpg,n003357,n003357,asian,asian,females,females,,,1,0.66086006,17.851948,0.33913994
data\processed\bfw\asian\n005085\0305_03.jpg,data\processed\bfw\asian\n001864\0078_01.jpg,n005085,n001864,asian,asian,females,males,,,0,0.14340566,31.787603,0.8565943
data\processed\bfw\asian\n004472\0206_01.jpg,data\processed\bfw\asian\n003156\0086_01.jpg,n004472,n003156,asian,asian,females,males,,,0,0.035370596,32.655766,0.9646294
data\processed\bfw\asian\n005216\0041_01.jpg,data\processed\bfw\asian\n001682\0251_02.jpg,n005216,n001682,asian,asian,females,males,,,0,0.054713473,31.466179,0.9452865
data\processed\bfw\asian\n009287\0250_04.jpg,data\processed\bfw\asian\n009287\0262_01.jpg,n009287,n009287,asian,asian,females,females,,,1,0.5704515,21.747948,0.4295485
data\processed\bfw\asian\n003355\0137_01.jpg,data\processed\bfw\asian\n002320\0224_01.jpg,n003355,n002320,asian,asian,males,males,,,0,0.18257457,27.708117,0.81742543
data\processed\bfw\asian\n003533\0101_02.jpg,data\processed\bfw\asian\n007816\0760_01.jpg,n003533,n007816,asian,asian,males,females,,,0,0.122160226,29.362534,0.8778398
data\processed\bfw\asian\n005116\0002_01.jpg,data\processed\bfw\asian\n004930\0236_01.jpg,n005116,n004930,asian,asian,males,females,,,0,0.22131054,28.726906,0.77868944
data\processed\bfw\asian\n004936\0245_01.jpg,data\processed\bfw\asian\n000139\0311_01.jpg,n004936,n000139,asian,asian,females,females,,,0,0.02367072,31.161594,0.97632927
data\processed\bfw\asian\n007738\0027_01.jpg,data\processed\bfw\asian\n003533\0062_02.jpg,n007738,n003533,asian,asian,females,males,,,0,0.18388231,28.634604,0.8161177
data\processed\bfw\asian\n007372\0078_01.jpg,data\processed\bfw\asian\n001496\0349_01.jpg,n007372,n001496,asian,asian,females,males,,,0,0.061201952,31.4926,0.93879807
data\processed\bfw\asian\n004108\0096_01.jpg,data\processed\bfw\asian\n004786\0088_03.jpg,n004108,n004786,asian,asian,males,females,,,0,0.19501983,27.957752,0.80498016
data\processed\bfw\asian\n003533\0100_02.jpg,data\processed\bfw\asian\n005216\0133_01.jpg,n003533,n005216,asian,asian,males,females,,,0,0.02409132,29.37683,0.9759087
data\processed\bfw\asian\n007270\0097_01.jpg,data\processed\bfw\asian\n007270\0682_01.jpg,n007270,n007270,asian,asian,females,females,,,1,0.81233406,13.735574,0.18766594
data\processed\bfw\asian\n004467\0307_03.jpg,data\processed\bfw\asian\n003354\0058_01.jpg,n004467,n003354,asian,asian,males,females,,,0,0.18815549,31.42635,0.8118445
data\processed\bfw\asian\n004787\0101_03.jpg,data\processed\bfw\asian\n009042\0250_01.jpg,n004787,n009042,asian,asian,females,females,,,0,0.49257874,21.942924,0.50742126
data\processed\bfw\asian\n006633\0288_01.jpg,data\processed\bfw\asian\n006633\0489_03.jpg,n006633,n006633,asian,asian,females,females,,,1,0.35521284,27.343685,0.6447872
data\processed\bfw\asian\n009137\0492_01.jpg,data\processed\bfw\asian\n000158\0040_07.jpg,n009137,n000158,asian,asian,females,males,,,0,-0.0022883306,32.408688,1.0022883
data\processed\bfw\asian\n004725\0088_01.jpg,data\processed\bfw\asian\n004725\0341_01.jpg,n004725,n004725,asian,asian,males,males,,,1,0.58458275,21.233536,0.41541725
data\processed\bfw\asian\n006224\0067_01.jpg,data\processed\bfw\asian\n006224\0096_01.jpg,n006224,n006224,asian,asian,females,females,,,1,0.8849823,11.882019,0.11501771
data\processed\bfw\asian\n003481\0053_02.jpg,data\processed\bfw\asian\n003481\0093_02.jpg,n003481,n003481,asian,asian,females,females,,,1,0.75102395,16.088102,0.24897605
data\processed\bfw\asian\n005116\0693_01.jpg,data\processed\bfw\asian\n006203\0009_04.jpg,n005116,n006203,asian,asian,males,females,,,0,0.048215512,30.41195,0.9517845
data\processed\bfw\asian\n004870\0033_01.jpg,data\processed\bfw\asian\n002775\0034_02.jpg,n004870,n002775,asian,asian,females,males,,,0,0.11503998,30.69403,0.88496
data\processed\bfw\asian\n001682\0031_01.jpg,data\processed\bfw\asian\n001682\0041_01.jpg,n001682,n001682,asian,asian,males,males,,,1,0.89006716,10.399241,0.10993284
data\processed\bfw\asian\n001496\0149_01.jpg,data\processed\bfw\asian\n007899\0095_01.jpg,n001496,n007899,asian,asian,males,females,,,0,0.13522354,28.73555,0.8647765
data\processed\bfw\asian\n003465\0127_01.jpg,data\processed\bfw\asian\n003223\0006_01.jpg,n003465,n003223,asian,asian,males,males,,,0,0.37268552,23.628878,0.62731445
data\processed\bfw\asian\n003162\0034_01.jpg,data\processed\bfw\asian\n003162\0240_01.jpg,n003162,n003162,asian,asian,males,males,,,1,0.9103476,9.616767,0.08965242
data\processed\bfw\asian\n006418\0251_02.jpg,data\processed\bfw\asian\n006418\0377_02.jpg,n006418,n006418,asian,asian,females,females,,,1,0.52073425,23.036152,0.47926575
data\processed\bfw\asian\n004467\0227_04.jpg,data\processed\bfw\asian\n003167\0042_19.jpg,n004467,n003167,asian,asian,males,males,,,0,0.17223284,29.888828,0.82776713
data\processed\bfw\asian\n006774\0075_01.jpg,data\processed\bfw\asian\n004809\0506_01.jpg,n006774,n004809,asian,asian,females,males,,,0,0.28187236,26.533049,0.7181276
data\processed\bfw\asian\n003481\0054_01.jpg,data\processed\bfw\asian\n009294\0098_01.jpg,n003481,n009294,asian,asian,females,females,,,0,0.2250701,28.388151,0.7749299
data\processed\bfw\asian\n008148\0137_01.jpg,data\processed\bfw\asian\n009041\0032_01.jpg,n008148,n009041,asian,asian,females,females,,,0,0.18064368,30.767845,0.8193563
data\processed\bfw\asian\n008163\0276_01.jpg,data\processed\bfw\asian\n003155\0989_02.jpg,n008163,n003155,asian,asian,females,males,,,0,0.025840206,31.004446,0.9741598
data\processed\bfw\asian\n005077\0052_01.jpg,data\processed\bfw\asian\n005077\0248_01.jpg,n005077,n005077,asian,asian,females,females,,,1,0.6840899,17.29957,0.3159101
data\processed\bfw\asian\n009103\0274_01.jpg,data\processed\bfw\asian\n001864\0112_03.jpg,n009103,n001864,asian,asian,females,males,,,0,0.20951048,28.407574,0.79048955
data\processed\bfw\asian\n003449\0073_01.jpg,data\processed\bfw\asian\n003449\0083_01.jpg,n003449,n003449,asian,asian,females,females,,,1,0.71106845,17.221676,0.28893155
data\processed\bfw\asian\n004785\0145_01.jpg,data\processed\bfw\asian\n004785\0167_02.jpg,n004785,n004785,asian,asian,females,females,,,1,0.7130484,16.651304,0.2869516
data\processed\bfw\asian\n003489\0005_01.jpg,data\processed\bfw\asian\n004721\0321_01.jpg,n003489,n004721,asian,asian,males,males,,,0,0.005672144,33.061188,0.99432784
data\processed\bfw\asian\n007899\0172_04.jpg,data\processed\bfw\asian\n007899\0212_01.jpg,n007899,n007899,asian,asian,females,females,,,1,0.71642387,17.210142,0.28357613
data\processed\bfw\asian\n004725\0041_01.jpg,data\processed\bfw\asian\n004725\0070_01.jpg,n004725,n004725,asian,asian,males,males,,,1,0.83275634,12.833666,0.16724366
data\processed\bfw\asian\n007372\0252_01.jpg,data\processed\bfw\asian\n000143\0272_01.jpg,n007372,n000143,asian,asian,females,females,,,0,0.16856399,30.402565,0.83143604
data\processed\bfw\asian\n000160\0111_01.jpg,data\processed\bfw\asian\n004549\0169_02.jpg,n000160,n004549,asian,asian,females,females,,,0,0.2849134,28.394585,0.7150866
data\processed\bfw\asian\n003635\0109_04.jpg,data\processed\bfw\asian\n002331\0029_01.jpg,n003635,n002331,asian,asian,males,males,,,0,0.2187707,29.70082,0.7812293
data\processed\bfw\asian\n003506\0319_01.jpg,data\processed\bfw\asian\n009287\0262_01.jpg,n003506,n009287,asian,asian,females,females,,,0,0.5336348,22.314241,0.46636522
data\processed\bfw\asian\n003824\0262_01.jpg,data\processed\bfw\asian\n004686\0271_01.jpg,n003824,n004686,asian,asian,females,males,,,0,0.0005497777,34.06375,0.9994502
data\processed\bfw\asian\n004687\0031_01.jpg,data\processed\bfw\asian\n004687\0319_02.jpg,n004687,n004687,asian,asian,females,females,,,1,0.63099635,19.934216,0.36900365
data\processed\bfw\asian\n001562\0165_02.jpg,data\processed\bfw\asian\n001562\0198_02.jpg,n001562,n001562,asian,asian,males,males,,,1,0.74143374,15.87599,0.25856626
data\processed\bfw\asian\n005083\0109_01.jpg,data\processed\bfw\asian\n005083\0358_01.jpg,n005083,n005083,asian,asian,females,females,,,1,0.8133648,13.732503,0.1866352
data\processed\bfw\asian\n003533\0172_01.jpg,data\processed\bfw\asian\n003533\0571_01.jpg,n003533,n003533,asian,asian,males,males,,,1,0.84540725,12.38888,0.15459275
data\processed\bfw\asian\n005078\0227_03.jpg,data\processed\bfw\asian\n005078\0663_03.jpg,n005078,n005078,asian,asian,males,males,,,1,0.35245642,26.49232,0.64754355
data\processed\bfw\asian\n007385\0432_01.jpg,data\processed\bfw\asian\n007385\0674_01.jpg,n007385,n007385,asian,asian,females,females,,,1,0.4529579,23.35244,0.54704213
data\processed\bfw\asian\n004686\0384_01.jpg,data\processed\bfw\asian\n005085\0401_01.jpg,n004686,n005085,asian,asian,males,females,,,0,0.008750277,32.8434,0.99124974
data\processed\bfw\asian\n003482\0021_02.jpg,data\processed\bfw\asian\n003482\0090_02.jpg,n003482,n003482,asian,asian,males,males,,,1,0.8164189,13.317466,0.18358111
data\processed\bfw\asian\n002552\0350_01.jpg,data\processed\bfw\asian\n000143\0406_01.jpg,n002552,n000143,asian,asian,males,females,,,0,0.20146605,26.365458,0.7985339
data\processed\bfw\asian\n004877\0317_02.jpg,data\processed\bfw\asian\n004785\0145_01.jpg,n004877,n004785,asian,asian,females,females,,,0,0.37166336,25.650042,0.62833667
data\processed\bfw\asian\n002725\0007_03.jpg,data\processed\bfw\asian\n003481\0215_01.jpg,n002725,n003481,asian,asian,females,females,,,0,0.40082604,25.282084,0.59917396
data\processed\bfw\asian\n004935\0038_01.jpg,data\processed\bfw\asian\n004935\0287_01.jpg,n004935,n004935,asian,asian,males,males,,,1,0.85841,10.7290535,0.14159
data\processed\bfw\asian\n004930\0282_01.jpg,data\processed\bfw\asian\n007899\0084_02.jpg,n004930,n007899,asian,asian,females,females,,,0,-0.12816244,33.541374,1.1281624
data\processed\bfw\asian\n007380\0087_01.jpg,data\processed\bfw\asian\n004794\0015_01.jpg,n007380,n004794,asian,asian,females,males,,,0,0.38793537,24.854925,0.6120646
data\processed\bfw\asian\n003533\0574_01.jpg,data\processed\bfw\asian\n003533\0615_01.jpg,n003533,n003533,asian,asian,males,males,,,1,0.7871981,15.219043,0.21280187
data\processed\bfw\asian\n009279\0185_01.jpg,data\processed\bfw\asian\n009279\0393_04.jpg,n009279,n009279,asian,asian,females,females,,,1,0.58265716,21.102493,0.41734284
data\processed\bfw\asian\n005069\0022_01.jpg,data\processed\bfw\asian\n005069\0098_01.jpg,n005069,n005069,asian,asian,females,females,,,1,0.34651712,25.219707,0.6534829
data\processed\bfw\asian\n006203\0130_01.jpg,data\processed\bfw\asian\n006203\0148_03.jpg,n006203,n006203,asian,asian,females,females,,,1,0.7557081,16.222055,0.2442919
data\processed\bfw\asian\n004930\0044_01.jpg,data\processed\bfw\asian\n004930\0144_02.jpg,n004930,n004930,asian,asian,females,females,,,1,0.48166028,24.899536,0.51833975
data\processed\bfw\asian\n004108\0529_01.jpg,data\processed\bfw\asian\n008383\0138_01.jpg,n004108,n008383,asian,asian,males,females,,,0,0.11418989,29.665651,0.88581014
data\processed\bfw\asian\n000138\0067_01.jpg,data\processed\bfw\asian\n000840\0036_03.jpg,n000138,n000840,asian,asian,females,females,,,0,0.5326947,21.759718,0.4673053
data\processed\bfw\asian\n007380\0320_01.jpg,data\processed\bfw\asian\n007380\0525_01.jpg,n007380,n007380,asian,asian,females,females,,,1,0.4071903,24.722439,0.5928097
data\processed\bfw\asian\n004467\0504_01.jpg,data\processed\bfw\asian\n003357\0042_01.jpg,n004467,n003357,asian,asian,males,females,,,0,0.11923609,30.734655,0.8807639
data\processed\bfw\asian\n004794\0367_01.jpg,data\processed\bfw\asian\n004794\0644_01.jpg,n004794,n004794,asian,asian,males,males,,,1,0.55777293,22.38271,0.44222707
data\processed\bfw\asian\n000132\0234_01__face_0.jpg,data\processed\bfw\asian\n000132\0299_02__face_0.jpg,n000132,n000132,asian,asian,males,males,,,1,0.5082101,23.53693,0.49178988
data\processed\bfw\asian\n000839\0251_01.jpg,data\processed\bfw\asian\n003156\0119_01.jpg,n000839,n003156,asian,asian,females,males,,,0,0.22680733,26.759247,0.77319264
data\processed\bfw\asian\n003358\0224_10.jpg,data\processed\bfw\asian\n001496\0133_01.jpg,n003358,n001496,asian,asian,females,males,,,0,0.15616664,28.896685,0.8438333
data\processed\bfw\asian\n000838\0040_02.jpg,data\processed\bfw\asian\n000838\0066_01.jpg,n000838,n000838,asian,asian,females,females,,,1,0.71276796,18.165024,0.28723204
data\processed\bfw\asian\n000872\0109_01.jpg,data\processed\bfw\asian\n000872\0581_01.jpg,n000872,n000872,asian,asian,males,males,,,1,0.63570684,19.9812,0.36429316
data\processed\bfw\asian\n004108\0188_01.jpg,data\processed\bfw\asian\n004108\0239_01.jpg,n004108,n004108,asian,asian,males,males,,,1,0.6156654,20.045475,0.38433462
data\processed\bfw\asian\n008163\0035_02.jpg,data\processed\bfw\asian\n005078\0279_02.jpg,n008163,n005078,asian,asian,females,males,,,0,0.2159946,27.993814,0.7840054
data\processed\bfw\asian\n004791\0152_02.jpg,data\processed\bfw\asian\n006149\0086_01.jpg,n004791,n006149,asian,asian,males,females,,,0,0.18832265,29.332144,0.81167734
data\processed\bfw\asian\n007664\0065_01.jpg,data\processed\bfw\asian\n006223\0519_01.jpg,n007664,n006223,asian,asian,females,females,,,0,0.35282177,24.31103,0.64717823
data\processed\bfw\asian\n009148\0083_01.jpg,data\processed\bfw\asian\n007385\0469_01.jpg,n009148,n007385,asian,asian,females,females,,,0,0.46701834,22.936676,0.53298163
data\processed\bfw\asian\n002552\0040_01.jpg,data\processed\bfw\asian\n002552\0059_01.jpg,n002552,n002552,asian,asian,males,males,,,1,0.84960157,12.102166,0.15039843
data\processed\bfw\asian\n000840\0041_01.jpg,data\processed\bfw\asian\n004794\0019_03.jpg,n000840,n004794,asian,asian,females,males,,,0,0.006808054,31.765509,0.99319196
data\processed\bfw\asian\n001562\0207_01.jpg,data\processed\bfw\asian\n000132\0054_01__face_0.jpg,n001562,n000132,asian,asian,males,males,,,0,0.2576542,25.601114,0.7423458
data\processed\bfw\asian\n004786\0795_01.jpg,data\processed\bfw\asian\n006148\0027_01.jpg,n004786,n006148,asian,asian,females,females,,,0,0.43289492,22.834242,0.56710505
data\processed\bfw\asian\n007372\0148_01.jpg,data\processed\bfw\asian\n007372\0247_01.jpg,n007372,n007372,asian,asian,females,females,,,1,0.61987716,19.68329,0.38012284
data\processed\bfw\asian\n006126\0179_01.jpg,data\processed\bfw\asian\n003467\0146_02.jpg,n006126,n003467,asian,asian,females,females,,,0,0.19342913,29.859663,0.8065709
data\processed\bfw\asian\n004785\0082_01.jpg,data\processed\bfw\asian\n004785\0357_02.jpg,n004785,n004785,asian,asian,females,females,,,1,0.6975724,17.447819,0.3024276
data\processed\bfw\asian\n009103\0291_01.jpg,data\processed\bfw\asian\n009103\0700_03.jpg,n009103,n009103,asian,asian,females,females,,,1,0.7208826,15.955681,0.2791174
data\processed\bfw\asian\n009125\0321_01.jpg,data\processed\bfw\asian\n009125\0363_01.jpg,n009125,n009125,asian,asian,females,females,,,1,0.5566495,21.487005,0.4433505
data\processed\bfw\asian\n004680\0175_01.jpg,data\processed\bfw\asian\n004680\0180_01.jpg,n004680,n004680,asian,asian,females,females,,,1,0.70811784,17.757275,0.29188216
data\processed\bfw\asian\n003162\0258_02.jpg,data\processed\bfw\asian\n003162\0459_01.jpg,n003162,n003162,asian,asian,males,males,,,1,-0.03406942,32.838215,1.0340694
data\processed\bfw\asian\n005474\0110_01.jpg,data\processed\bfw\asian\n007664\0133_01.jpg,n005474,n007664,asian,asian,females,females,,,0,0.4412589,22.195517,0.5587411
data\processed\bfw\asian\n003162\0258_02.jpg,data\processed\bfw\asian\n003162\0508_01.jpg,n003162,n003162,asian,asian,males,males,,,1,0.037056956,31.540321,0.962943
data\processed\bfw\asian\n004786\0135_01.jpg,data\processed\bfw\asian\n004681\0233_01.jpg,n004786,n004681,asian,asian,females,males,,,0,0.25867277,27.200363,0.7413272
data\processed\bfw\asian\n003358\0149_01.jpg,data\processed\bfw\asian\n003167\0037_01.jpg,n003358,n003167,asian,asian,females,males,,,0,-0.096945904,31.822807,1.0969459
data\processed\bfw\asian\n006148\0030_01.jpg,data\processed\bfw\asian\n006148\0595_02.jpg,n006148,n006148,asian,asian,females,females,,,1,0.7717942,14.566362,0.2282058
data\processed\bfw\asian\n000856\0012_01.jpg,data\processed\bfw\asian\n000856\0110_02.jpg,n000856,n000856,asian,asian,females,females,,,1,0.6028083,22.08776,0.3971917
data\processed\bfw\asian\n009275\0238_02.jpg,data\processed\bfw\asian\n009275\0397_05.jpg,n009275,n009275,asian,asian,females,females,,,1,0.71297884,16.44351,0.28702116
data\processed\bfw\asian\n007738\0114_01.jpg,data\processed\bfw\asian\n007738\0158_02.jpg,n007738,n007738,asian,asian,females,females,,,1,0.7085033,16.68557,0.2914967
data\processed\bfw\asian\n007738\0158_02.jpg,data\processed\bfw\asian\n006634\0434_01.jpg,n007738,n006634,asian,asian,females,females,,,0,0.32130146,24.993523,0.67869854
data\processed\bfw\asian\n009103\0363_05.jpg,data\processed\bfw\asian\n009103\0657_02.jpg,n009103,n009103,asian,asian,females,females,,,1,0.38375762,22.378746,0.6162424
data\processed\bfw\asian\n004221\0081_01.jpg,data\processed\bfw\asian\n004221\0164_03.jpg,n004221,n004221,asian,asian,males,males,,,1,0.9325886,8.019213,0.06741142
data\processed\bfw\asian\n004948\0241_01.jpg,data\processed\bfw\asian\n000135\0045_01.jpg,n004948,n000135,asian,asian,males,females,,,0,0.2846156,27.240456,0.71538436
data\processed\bfw\asian\n001572\0329_01.jpg,data\processed\bfw\asian\n004472\0053_01.jpg,n001572,n004472,asian,asian,females,females,,,0,0.40086478,25.454271,0.5991352
data\processed\bfw\asian\n007738\0058_02.jpg,data\processed\bfw\asian\n009279\0243_03.jpg,n007738,n009279,asian,asian,females,females,,,0,0.62920016,19.235289,0.37079984
data\processed\bfw\asian\n008934\0050_01.jpg,data\processed\bfw\asian\n008934\0128_01.jpg,n008934,n008934,asian,asian,females,females,,,1,0.842564,12.765178,0.15743601
data\processed\bfw\asian\n006358\0054_02.jpg,data\processed\bfw\asian\n003557\0459_01.jpg,n006358,n003557,asian,asian,females,females,,,0,0.2747892,27.396835,0.7252108
data\processed\bfw\asian\n006774\0048_01.jpg,data\processed\bfw\asian\n006774\0156_01.jpg,n006774,n006774,asian,asian,females,females,,,1,0.5075737,22.36813,0.49242628
data\processed\bfw\asian\n002509\0095_01.jpg,data\processed\bfw\asian\n004860\0155_01.jpg,n002509,n004860,asian,asian,females,females,,,0,0.2729705,26.510115,0.7270295
data\processed\bfw\asian\n004681\0020_01.jpg,data\processed\bfw\asian\n005072\0606_01.jpg,n004681,n005072,asian,asian,males,males,,,0,0.036808696,30.107775,0.96319133
data\processed\bfw\asian\n004794\0019_03.jpg,data\processed\bfw\asian\n004794\0143_01.jpg,n004794,n004794,asian,asian,males,males,,,1,0.7070386,16.513176,0.29296142
data\processed\bfw\asian\n009177\0232_01.jpg,data\processed\bfw\asian\n009177\0294_02.jpg,n009177,n009177,asian,asian,females,females,,,1,0.8365575,12.852307,0.16344249
data\processed\bfw\asian\n007814\0098_01.jpg,data\processed\bfw\asian\n007814\0135_01.jpg,n007814,n007814,asian,asian,females,females,,,1,0.70434725,17.727486,0.29565275
data\processed\bfw\asian\n000143\0368_01.jpg,data\processed\bfw\asian\n004794\0540_01.jpg,n000143,n004794,asian,asian,females,males,,,0,0.07444135,31.184528,0.9255586
data\processed\bfw\asian\n003223\0070_02.jpg,data\processed\bfw\asian\n003223\0185_01.jpg,n003223,n003223,asian,asian,males,males,,,1,0.52775234,21.41151,0.47224766
data\processed\bfw\asian\n001976\0077_02.jpg,data\processed\bfw\asian\n001976\0198_01.jpg,n001976,n001976,asian,asian,males,males,,,1,0.7124023,17.512018,0.28759772
data\processed\bfw\asian\n000837\0046_02.jpg,data\processed\bfw\asian\n004469\0124_01.jpg,n000837,n004469,asian,asian,females,males,,,0,0.1408919,29.205933,0.8591081
data\processed\bfw\asian\n009148\0022_01.jpg,data\processed\bfw\asian\n009148\0063_01.jpg,n009148,n009148,asian,asian,females,females,,,1,0.74366635,15.548125,0.25633365
data\processed\bfw\asian\n001496\0127_01.jpg,data\processed\bfw\asian\n003167\0240_01.jpg,n001496,n003167,asian,asian,males,males,,,0,0.23034443,27.391356,0.7696556
data\processed\bfw\asian\n006634\0034_01.jpg,data\processed\bfw\asian\n006634\0090_01.jpg,n006634,n006634,asian,asian,females,females,,,1,0.7992884,13.622982,0.20071161
data\processed\bfw\asian\n006222\0122_01.jpg,data\processed\bfw\asian\n007270\0097_01.jpg,n006222,n007270,asian,asian,females,females,,,0,0.28516102,26.673296,0.714839
data\processed\bfw\asian\n008934\0050_01.jpg,data\processed\bfw\asian\n008934\0108_01.jpg,n008934,n008934,asian,asian,females,females,,,1,0.82979345,13.072865,0.17020655
data\processed\bfw\asian\n003354\0036_01.jpg,data\processed\bfw\asian\n009276\0159_02.jpg,n003354,n009276,asian,asian,females,females,,,0,0.22662571,29.521595,0.7733743
data\processed\bfw\asian\n003635\0012_02.jpg,data\processed\bfw\asian\n003635\0624_01.jpg,n003635,n003635,asian,asian,males,males,,,1,0.9075184,9.868906,0.09248161
data\processed\bfw\asian\n005085\0270_01.jpg,data\processed\bfw\asian\n005085\0285_01.jpg,n005085,n005085,asian,asian,females,females,,,1,0.49695492,22.93365,0.5030451
data\processed\bfw\asian\n003463\0125_01.jpg,data\processed\bfw\asian\n000873\0061_01.jpg,n003463,n000873,asian,asian,males,males,,,0,0.49808368,22.370024,0.5019163
data\processed\bfw\asian\n000856\0053_01.jpg,data\processed\bfw\asian\n007372\0152_01.jpg,n000856,n007372,asian,asian,females,females,,,0,0.23810105,29.733751,0.76189893
data\processed\bfw\asian\n004467\0638_01.jpg,data\processed\bfw\asian\n000135\0255_01.jpg,n004467,n000135,asian,asian,males,females,,,0,0.12709367,29.98849,0.8729063
data\processed\bfw\asian\n007089\0105_01.jpg,data\processed\bfw\asian\n003358\0318_01.jpg,n007089,n003358,asian,asian,females,females,,,0,0.54969776,22.309862,0.45030224
data\processed\bfw\asian\n000160\0075_01.jpg,data\processed\bfw\asian\n005116\0064_04.jpg,n000160,n005116,asian,asian,females,males,,,0,0.13576546,29.82718,0.86423457
data\processed\bfw\asian\n004721\0200_01.jpg,data\processed\bfw\asian\n004721\0505_01.jpg,n004721,n004721,asian,asian,males,males,,,1,0.7723583,15.277628,0.2276417
data\processed\bfw\asian\n006418\0023_01.jpg,data\processed\bfw\asian\n006418\0129_01.jpg,n006418,n006418,asian,asian,females,females,,,1,0.73812526,16.453957,0.26187474
data\processed\bfw\asian\n003465\0047_01.jpg,data\processed\bfw\asian\n001496\0128_03.jpg,n003465,n001496,asian,asian,males,males,,,0,0.34004095,25.060602,0.6599591
data\processed\bfw\asian\n002331\0003_02.jpg,data\processed\bfw\asian\n002331\0035_03.jpg,n002331,n002331,asian,asian,males,males,,,1,0.7970691,14.594708,0.20293093
data\processed\bfw\asian\n009279\0185_01.jpg,data\processed\bfw\asian\n004725\0006_01.jpg,n009279,n004725,asian,asian,females,males,,,0,0.11001576,28.865686,0.88998425
data\processed\bfw\asian\n004680\0008_01.jpg,data\processed\bfw\asian\n004680\0185_01.jpg,n004680,n004680,asian,asian,females,females,,,1,0.64185935,19.321909,0.35814065
data\processed\bfw\asian\n009125\0051_02.jpg,data\processed\bfw\asian\n009125\0209_01.jpg,n009125,n009125,asian,asian,females,females,,,1,0.73979723,16.529898,0.26020277
data\processed\bfw\asian\n004472\0083_01.jpg,data\processed\bfw\asian\n009041\0118_01.jpg,n004472,n009041,asian,asian,females,females,,,0,0.42183402,25.217997,0.578166
data\processed\bfw\asian\n000160\0111_01.jpg,data\processed\bfw\asian\n000160\0278_01.jpg,n000160,n000160,asian,asian,females,females,,,1,0.49965012,24.238522,0.5003499
data\processed\bfw\asian\n003027\0047_01.jpg,data\processed\bfw\asian\n004472\0295_03.jpg,n003027,n004472,asian,asian,males,females,,,0,0.35156688,24.340408,0.6484331
data\processed\bfw\asian\n004794\0124_03.jpg,data\processed\bfw\asian\n005063\0231_02.jpg,n004794,n005063,asian,asian,males,females,,,0,0.09437678,29.540077,0.9056232
data\processed\bfw\asian\n003467\0130_03.jpg,data\processed\bfw\asian\n003354\0098_01.jpg,n003467,n003354,asian,asian,females,females,,,0,0.4537435,24.782572,0.54625654
data\processed\bfw\asian\n000161\0338_01.jpg,data\processed\bfw\asian\n001976\0028_01.jpg,n000161,n001976,asian,asian,males,males,,,0,0.12430177,30.634886,0.8756982
data\processed\bfw\asian\n002552\0156_02.jpg,data\processed\bfw\asian\n006126\0197_01.jpg,n002552,n006126,asian,asian,males,females,,,0,0.07877898,30.411562,0.921221
data\processed\bfw\asian\n002552\0400_01.jpg,data\processed\bfw\asian\n002552\0532_01.jpg,n002552,n002552,asian,asian,males,males,,,1,0.52471936,22.876863,0.47528064
data\processed\bfw\asian\n004870\0098_01.jpg,data\processed\bfw\asian\n006148\0074_01.jpg,n004870,n006148,asian,asian,females,females,,,0,0.26421016,26.307674,0.73578984
data\processed\bfw\asian\n000158\0005_05.jpg,data\processed\bfw\asian\n000158\0211_05.jpg,n000158,n000158,asian,asian,males,males,,,1,0.8491772,12.734635,0.15082282
data\processed\bfw\asian\n009275\0323_03.jpg,data\processed\bfw\asian\n007664\0810_01.jpg,n009275,n007664,asian,asian,females,females,,,0,0.33744717,25.450363,0.66255283
data\processed\bfw\asian\n004469\0043_05.jpg,data\processed\bfw\asian\n004469\0140_03.jpg,n004469,n004469,asian,asian,males,males,,,1,0.7899099,15.244763,0.2100901
data\processed\bfw\asian\n003449\0118_08.jpg,data\processed\bfw\asian\n003449\0197_01.jpg,n003449,n003449,asian,asian,females,females,,,1,0.39817527,25.558512,0.60182476
data\processed\bfw\asian\n006418\0075_02.jpg,data\processed\bfw\asian\n006418\0377_02.jpg,n006418,n006418,asian,asian,females,females,,,1,0.6777383,18.170912,0.3222617
data\processed\bfw\asian\n003162\0188_01.jpg,data\processed\bfw\asian\n003162\0379_02.jpg,n003162,n003162,asian,asian,males,males,,,1,0.6516373,18.649715,0.34836268
data\processed\bfw\asian\n004469\0048_02.jpg,data\processed\bfw\asian\n002406\0253_01.jpg,n004469,n002406,asian,asian,males,males,,,0,-0.110827096,35.37713,1.1108271
data\processed\bfw\asian\n001496\0133_01.jpg,data\processed\bfw\asian\n006633\0489_04.jpg,n001496,n006633,asian,asian,males,females,,,0,0.33531633,26.883238,0.6646837
data\processed\bfw\asian\n000856\0044_01.jpg,data\processed\bfw\asian\n001562\0110_02.jpg,n000856,n001562,asian,asian,females,males,,,0,0.15927505,29.890558,0.84072495
data\processed\bfw\asian\n006149\0275_01.jpg,data\processed\bfw\asian\n006203\0088_01.jpg,n006149,n006203,asian,asian,females,females,,,0,0.3594075,24.925797,0.64059246
data\processed\bfw\asian\n000135\0039_04.jpg,data\processed\bfw\asian\n000135\0101_01.jpg,n000135,n000135,asian,asian,females,females,,,1,0.63690174,20.513653,0.36309826
data\processed\bfw\asian\n004800\0281_01.jpg,data\processed\bfw\asian\n004794\0143_01.jpg,n004800,n004794,asian,asian,males,males,,,0,0.47653204,21.457275,0.52346796
data\processed\bfw\asian\n003354\0078_01.jpg,data\processed\bfw\asian\n003354\0346_02.jpg,n003354,n003354,asian,asian,females,females,,,1,0.34133363,28.038866,0.6586664
data\processed\bfw\asian\n000837\0233_03.jpg,data\processed\bfw\asian\n009288\0063_01.jpg,n000837,n009288,asian,asian,females,females,,,0,0.5582604,20.732227,0.44173962
data\processed\bfw\asian\n006418\1052_03.jpg,data\processed\bfw\asian\n005078\0091_03.jpg,n006418,n005078,asian,asian,females,males,,,0,0.08597687,30.23949,0.91402316
data\processed\bfw\asian\n004787\0692_01.jpg,data\processed\bfw\asian\n000161\0141_02.jpg,n004787,n000161,asian,asian,females,males,,,0,0.07896169,30.303185,0.9210383
data\processed\bfw\asian\n007738\0172_01.jpg,data\processed\bfw\asian\n007738\0239_01.jpg,n007738,n007738,asian,asian,females,females,,,1,0.4149829,25.145061,0.5850171
data\processed\bfw\asian\n004787\0264_01.jpg,data\processed\bfw\asian\n004787\0357_01.jpg,n004787,n004787,asian,asian,females,females,,,1,0.70934933,16.854689,0.29065067
data\processed\bfw\asian\n004467\0227_04.jpg,data\processed\bfw\asian\n000139\0304_02.jpg,n004467,n000139,asian,asian,males,females,,,0,0.12271265,30.60997,0.8772873
data\processed\bfw\asian\n004936\0275_01.jpg,data\processed\bfw\asian\n004936\0469_01.jpg,n004936,n004936,asian,asian,females,females,,,1,0.6316987,19.604977,0.36830127
data\processed\bfw\asian\n002509\0243_01.jpg,data\processed\bfw\asian\n009177\0024_01.jpg,n002509,n009177,asian,asian,females,females,,,0,0.24505101,29.305136,0.754949
data\processed\bfw\asian\n000839\0197_01.jpg,data\processed\bfw\asian\n004794\0255_01.jpg,n000839,n004794,asian,asian,females,males,,,0,0.22754031,29.443695,0.7724597
data\processed\bfw\asian\n004549\0213_01.jpg,data\processed\bfw\asian\n004936\0102_01.jpg,n004549,n004936,asian,asian,females,females,,,0,0.26679555,25.414314,0.7332045
data\processed\bfw\asian\n004860\0091_02.jpg,data\processed\bfw\asian\n004860\0107_01.jpg,n004860,n004860,asian,asian,females,females,,,1,0.5962364,20.092169,0.4037636
data\processed\bfw\asian\n000138\0078_01.jpg,data\processed\bfw\asian\n003482\0098_01.jpg,n000138,n003482,asian,asian,females,males,,,0,0.045069177,32.17453,0.95493084
data\processed\bfw\asian\n005069\0135_01.jpg,data\processed\bfw\asian\n005069\0234_01.jpg,n005069,n005069,asian,asian,females,females,,,1,0.6948821,18.99627,0.3051179
data\processed\bfw\asian\n003027\0028_01.jpg,data\processed\bfw\asian\n003027\0098_01.jpg,n003027,n003027,asian,asian,males,males,,,1,0.95441407,6.126418,0.04558593
data\processed\bfw\asian\n004469\0092_01.jpg,data\processed\bfw\asian\n004681\0206_01.jpg,n004469,n004681,asian,asian,males,males,,,0,0.24225596,26.315,0.7577441
data\processed\bfw\asian\n004472\0093_01.jpg,data\processed\bfw\asian\n004472\0485_01.jpg,n004472,n004472,asian,asian,females,females,,,1,0.56880265,21.186605,0.43119735
data\processed\bfw\asian\n007372\0091_01.jpg,data\processed\bfw\asian\n007372\0112_05.jpg,n007372,n007372,asian,asian,females,females,,,1,0.8876193,10.758956,0.11238068
data\processed\bfw\asian\n004948\0212_01.jpg,data\processed\bfw\asian\n004948\0401_02.jpg,n004948,n004948,asian,asian,males,males,,,1,0.5428869,23.191221,0.4571131
data\processed\bfw\asian\n004800\0390_01.jpg,data\processed\bfw\asian\n003449\0072_01.jpg,n004800,n003449,asian,asian,males,females,,,0,0.26242998,26.576971,0.73757005
data\processed\bfw\asian\n009294\0031_03.jpg,data\processed\bfw\asian\n004108\0104_01.jpg,n009294,n004108,asian,asian,females,males,,,0,0.112950996,30.065104,0.887049
data\processed\bfw\asian\n004467\0504_01.jpg,data\processed\bfw\asian\n000856\0079_01.jpg,n004467,n000856,asian,asian,males,females,,,0,0.104289,32.158154,0.895711
data\processed\bfw\asian\n008401\0166_01.jpg,data\processed\bfw\asian\n008401\0334_01.jpg,n008401,n008401,asian,asian,females,females,,,1,0.68050766,18.906355,0.31949234
data\processed\bfw\asian\n006774\0048_01.jpg,data\processed\bfw\asian\n000132\0299_02__face_0.jpg,n006774,n000132,asian,asian,females,males,,,0,0.23138352,29.001001,0.7686165
data\processed\bfw\asian\n009279\0021_01.jpg,data\processed\bfw\asian\n009279\0025_01.jpg,n009279,n009279,asian,asian,females,females,,,1,0.7453181,15.952326,0.2546819
data\processed\bfw\asian\n005071\0136_02.jpg,data\processed\bfw\asian\n005071\0258_01.jpg,n005071,n005071,asian,asian,males,males,,,1,0.5791006,21.813086,0.4208994
data\processed\bfw\asian\n005078\0202_01.jpg,data\processed\bfw\asian\n005078\0298_01.jpg,n005078,n005078,asian,asian,males,males,,,1,0.5421856,21.820633,0.4578144
data\processed\bfw\asian\n005063\0083_01.jpg,data\processed\bfw\asian\n005063\0085_01.jpg,n005063,n005063,asian,asian,females,females,,,1,0.8396589,12.031334,0.16034108
data\processed\bfw\asian\n000148\0306_01.jpg,data\processed\bfw\asian\n006149\0197_02.jpg,n000148,n006149,asian,asian,females,females,,,0,0.5758914,20.56029,0.42410862
data\processed\bfw\asian\n003153\0069_02.jpg,data\processed\bfw\asian\n003153\0250_01.jpg,n003153,n003153,asian,asian,females,females,,,1,0.66760385,17.96279,0.33239615
data\processed\bfw\asian\n000872\0188_01.jpg,data\processed\bfw\asian\n007814\0048_01.jpg,n000872,n007814,asian,asian,males,females,,,0,0.044368375,31.344833,0.9556316
data\processed\bfw\asian\n000148\0016_01.jpg,data\processed\bfw\asian\n000148\0207_01.jpg,n000148,n000148,asian,asian,females,females,,,1,0.54498786,21.150862,0.45501214
data\processed\bfw\asian\n009288\0180_01.jpg,data\processed\bfw\asian\n009275\0049_01.jpg,n009288,n009275,asian,asian,females,females,,,0,0.07107795,29.956316,0.92892206
data\processed\bfw\asian\n006774\0084_01.jpg,data\processed\bfw\asian\n006126\0474_01.jpg,n006774,n006126,asian,asian,females,females,,,0,0.44858906,23.202124,0.5514109
data\processed\bfw\asian\n003506\0014_01.jpg,data\processed\bfw\asian\n003506\0177_01.jpg,n003506,n003506,asian,asian,females,females,,,1,0.74508643,16.791946,0.25491357
data\processed\bfw\asian\n009277\0031_01.jpg,data\processed\bfw\asian\n009277\0496_01.jpg,n009277,n009277,asian,asian,females,females,,,1,0.36862358,24.403318,0.6313764
data\processed\bfw\asian\n009287\0029_01.jpg,data\processed\bfw\asian\n009287\0256_04.jpg,n009287,n009287,asian,asian,females,females,,,1,0.28770104,27.562895,0.712299
data\processed\bfw\asian\n009288\0107_01.jpg,data\processed\bfw\asian\n003357\0001_01.jpg,n009288,n003357,asian,asian,females,females,,,0,0.045547716,31.810059,0.9544523
data\processed\bfw\asian\n000148\0306_01.jpg,data\processed\bfw\asian\n000148\0353_01.jpg,n000148,n000148,asian,asian,females,females,,,1,0.6428749,18.33233,0.3571251
data\processed\bfw\asian\n004860\0059_01.jpg,data\processed\bfw\asian\n004794\0163_01.jpg,n004860,n004794,asian,asian,females,males,,,0,0.21001689,28.122494,0.7899831
data\processed\bfw\asian\n004680\0007_01.jpg,data\processed\bfw\asian\n004680\0180_01.jpg,n004680,n004680,asian,asian,females,females,,,1,0.6785892,18.423815,0.32141078
data\processed\bfw\asian\n004860\0091_02.jpg,data\processed\bfw\asian\n004860\0171_07.jpg,n004860,n004860,asian,asian,females,females,,,1,0.47785553,25.166143,0.52214444
data\processed\bfw\asian\n000137\0051_02.jpg,data\processed\bfw\asian\n009041\0091_06.jpg,n000137,n009041,asian,asian,females,females,,,0,0.18184364,30.515816,0.81815636
data\processed\bfw\asian\n001864\0071_01.jpg,data\processed\bfw\asian\n004877\0073_01.jpg,n001864,n004877,asian,asian,males,females,,,0,0.017874887,34.777164,0.9821251
data\processed\bfw\asian\n003467\0118_01.jpg,data\processed\bfw\asian\n000139\0016_01.jpg,n003467,n000139,asian,asian,females,females,,,0,0.44167733,23.785307,0.55832267
data\processed\bfw\asian\n000854\0228_01.jpg,data\processed\bfw\asian\n000854\0543_01.jpg,n000854,n000854,asian,asian,females,females,,,1,0.64489967,18.858078,0.35510033
data\processed\bfw\asian\n006149\0153_01.jpg,data\processed\bfw\asian\n001976\0100_02.jpg,n006149,n001976,asian,asian,females,males,,,0,-0.017082268,31.751146,1.0170822
data\processed\bfw\asian\n004948\0034_01.jpg,data\processed\bfw\asian\n003449\0210_04.jpg,n004948,n003449,asian,asian,males,females,,,0,0.17957808,28.11484,0.82042193
data\processed\bfw\asian\n009287\0143_01.jpg,data\processed\bfw\asian\n005077\0020_01.jpg,n009287,n005077,asian,asian,females,females,,,0,0.14451915,29.794044,0.85548085
data\processed\bfw\asian\n006774\0130_01.jpg,data\processed\bfw\asian\n006203\0092_06.jpg,n006774,n006203,asian,asian,females,females,,,0,0.23104215,28.378458,0.76895785
data\processed\bfw\asian\n000143\0002_01.jpg,data\processed\bfw\asian\n005077\0052_01.jpg,n000143,n005077,asian,asian,females,females,,,0,0.32949254,25.174942,0.67050743
data\processed\bfw\asian\n004936\0469_01.jpg,data\processed\bfw\asian\n003506\0115_01.jpg,n004936,n003506,asian,asian,females,females,,,0,0.399314,25.311789,0.600686
data\processed\bfw\asian\n005378\0090_01.jpg,data\processed\bfw\asian\n005378\0222_01.jpg,n005378,n005378,asian,asian,females,females,,,1,0.7064771,18.469097,0.2935229
data\processed\bfw\asian\n003533\0080_02.jpg,data\processed\bfw\asian\n003533\0574_01.jpg,n003533,n003533,asian,asian,males,males,,,1,0.91053253,9.104103,0.089467466
data\processed\bfw\asian\n003481\0194_01.jpg,data\processed\bfw\asian\n003481\0345_01.jpg,n003481,n003481,asian,asian,females,females,,,1,0.63368386,19.670261,0.36631614
data\processed\bfw\asian\n005378\0255_01.jpg,data\processed\bfw\asian\n004467\0087_01.jpg,n005378,n004467,asian,asian,females,males,,,0,0.24746902,27.480844,0.752531
data\processed\bfw\asian\n004948\0241_01.jpg,data\processed\bfw\asian\n009103\0291_01.jpg,n004948,n009103,asian,asian,males,females,,,0,0.05140525,29.326223,0.94859475
data\processed\bfw\asian\n006418\0377_02.jpg,data\processed\bfw\asian\n005177\0045_01.jpg,n006418,n005177,asian,asian,females,males,,,0,-0.037862778,32.960518,1.0378628
data\processed\bfw\asian\n004472\0332_01.jpg,data\processed\bfw\asian\n002775\0121_01.jpg,n004472,n002775,asian,asian,females,males,,,0,-0.13979095,35.27576,1.139791
data\processed\bfw\asian\n003533\0050_01.jpg,data\processed\bfw\asian\n000135\0034_01.jpg,n003533,n000135,asian,asian,males,females,,,0,0.044370957,30.885212,0.95562905
data\processed\bfw\asian\n005078\0024_01.jpg,data\processed\bfw\asian\n009279\0025_01.jpg,n005078,n009279,asian,asian,males,females,,,0,0.2853861,26.591652,0.7146139
data\processed\bfw\asian\n004469\0092_01.jpg,data\processed\bfw\asian\n003533\0100_02.jpg,n004469,n003533,asian,asian,males,males,,,0,0.6293774,18.330187,0.37062258
data\processed\bfw\asian\n003355\0056_01.jpg,data\processed\bfw\asian\n003355\0620_01.jpg,n003355,n003355,asian,asian,males,males,,,1,0.68243545,18.227728,0.31756455
data\processed\bfw\asian\n007814\0079_01.jpg,data\processed\bfw\asian\n006126\0128_01.jpg,n007814,n006126,asian,asian,females,females,,,0,0.3404623,25.169022,0.6595377
data\processed\bfw\asian\n005063\0027_01.jpg,data\processed\bfw\asian\n006358\0347_02.jpg,n005063,n006358,asian,asian,females,females,,,0,0.101939686,32.693943,0.8980603
data\processed\bfw\asian\n003463\0223_02.jpg,data\processed\bfw\asian\n004472\0484_01.jpg,n003463,n004472,asian,asian,males,females,,,0,0.1420756,31.025713,0.8579244
data\processed\bfw\asian\n004805\0065_01.jpg,data\processed\bfw\asian\n004805\0612_01.jpg,n004805,n004805,asian,asian,males,males,,,1,0.85144764,12.932837,0.14855236
data\processed\bfw\asian\n005077\0094_01.jpg,data\processed\bfw\asian\n005077\0246_01.jpg,n005077,n005077,asian,asian,females,females,,,1,0.578925,20.175755,0.421075
data\processed\bfw\asian\n000009\0010_01.jpg,data\processed\bfw\asian\n006223\0126_01.jpg,n000009,n006223,asian,asian,females,females,,,0,0.79452205,13.561843,0.20547795
data\processed\bfw\asian\n006148\0031_01.jpg,data\processed\bfw\asian\n006148\0400_01.jpg,n006148,n006148,asian,asian,females,females,,,1,0.21325335,27.195984,0.7867466
data\processed\bfw\asian\n003557\0088_04.jpg,data\processed\bfw\asian\n003557\0118_01.jpg,n003557,n003557,asian,asian,females,females,,,1,0.7689377,15.700087,0.2310623
data\processed\bfw\asian\n002644\0298_01.jpg,data\processed\bfw\asian\n002644\0497_02.jpg,n002644,n002644,asian,asian,males,males,,,1,0.7655541,15.300319,0.23444593
data\processed\bfw\asian\n005077\0079_01.jpg,data\processed\bfw\asian\n005077\0199_01.jpg,n005077,n005077,asian,asian,females,females,,,1,0.6508906,18.070314,0.3491094
data\processed\bfw\asian\n007664\0053_01.jpg,data\processed\bfw\asian\n005216\0236_01.jpg,n007664,n005216,asian,asian,females,females,,,0,0.24208017,28.251019,0.75791985
data\processed\bfw\asian\n006358\0076_01.jpg,data\processed\bfw\asian\n006358\0125_01.jpg,n006358,n006358,asian,asian,females,females,,,1,0.6442491,20.540827,0.35575092
data\processed\bfw\asian\n005078\0295_03.jpg,data\processed\bfw\asian\n007816\0279_01.jpg,n005078,n007816,asian,asian,males,females,,,0,-0.06877532,31.59374,1.0687753
data\processed\bfw\asian\n000148\0390_01.jpg,data\processed\bfw\asian\n000148\0408_01.jpg,n000148,n000148,asian,asian,females,females,,,1,0.6058114,19.392017,0.39418858
data\processed\bfw\asian\n003489\0046_02.jpg,data\processed\bfw\asian\n003489\0323_01.jpg,n003489,n003489,asian,asian,males,males,,,1,0.30803037,23.837826,0.69196963
data\processed\bfw\asian\n005085\0679_01.jpg,data\processed\bfw\asian\n004936\0757_01.jpg,n005085,n004936,asian,asian,females,females,,,0,0.4427917,25.838806,0.5572083
data\processed\bfw\asian\n008163\0022_02.jpg,data\processed\bfw\asian\n008163\0229_01.jpg,n008163,n008163,asian,asian,females,females,,,1,0.8595083,11.264143,0.14049172
data\processed\bfw\asian\n005063\0100_01.jpg,data\processed\bfw\asian\n006619\0098_01.jpg,n005063,n006619,asian,asian,females,females,,,0,0.26655698,28.201115,0.733443
data\processed\bfw\asian\n000139\0112_02.jpg,data\processed\bfw\asian\n000139\0298_01.jpg,n000139,n000139,asian,asian,females,females,,,1,0.71196526,18.015503,0.28803474
data\processed\bfw\asian\n009277\0020_01.jpg,data\processed\bfw\asian\n000840\0036_01.jpg,n009277,n000840,asian,asian,females,females,,,0,0.4296229,24.04207,0.5703771
data\processed\bfw\asian\n002406\0048_02.jpg,data\processed\bfw\asian\n002406\0253_01.jpg,n002406,n002406,asian,asian,males,males,,,1,0.52598715,23.115345,0.47401285
data\processed\bfw\asian\n000873\0068_01.jpg,data\processed\bfw\asian\n000873\0119_01.jpg,n000873,n000873,asian,asian,males,males,,,1,0.87187785,11.947788,0.12812215
data\processed\bfw\asian\n004687\0226_01.jpg,data\processed\bfw\asian\n004221\0114_02.jpg,n004687,n004221,asian,asian,females,males,,,0,0.13403489,30.315538,0.8659651
data\processed\bfw\asian\n008148\0206_01.jpg,data\processed\bfw\asian\n008148\0246_01.jpg,n008148,n008148,asian,asian,females,females,,,1,0.693777,17.642736,0.30622298
data\processed\bfw\asian\n005116\0041_01.jpg,data\processed\bfw\asian\n005116\0134_02.jpg,n005116,n005116,asian,asian,males,males,,,1,0.9187914,8.976816,0.08120859
data\processed\bfw\asian\n009148\0017_01.jpg,data\processed\bfw\asian\n009148\0141_02.jpg,n009148,n009148,asian,asian,females,females,,,1,0.66657585,18.532877,0.33342415
data\processed\bfw\asian\n005085\0061_01.jpg,data\processed\bfw\asian\n005085\0401_01.jpg,n005085,n005085,asian,asian,females,females,,,1,0.48118412,23.954096,0.5188159
data\processed\bfw\asian\n005072\0258_01.jpg,data\processed\bfw\asian\n006159\0007_01.jpg,n005072,n006159,asian,asian,males,females,,,0,-0.19388627,35.050518,1.1938863
data\processed\bfw\asian\n003465\0158_01.jpg,data\processed\bfw\asian\n003557\0217_01.jpg,n003465,n003557,asian,asian,males,females,,,0,0.046266533,29.827475,0.95373344
data\processed\bfw\asian\n007089\0040_03.jpg,data\processed\bfw\asian\n007089\0432_04.jpg,n007089,n007089,asian,asian,females,females,,,1,0.7833485,15.436266,0.2166515
data\processed\bfw\asian\n006633\0522_02.jpg,data\processed\bfw\asian\n006358\0085_04.jpg,n006633,n006358,asian,asian,females,females,,,0,0.5472261,22.900373,0.45277393
data\processed\bfw\asian\n005378\0294_01.jpg,data\processed\bfw\asian\n007378\0474_01.jpg,n005378,n007378,asian,asian,females,females,,,0,0.38916457,24.012558,0.61083543
data\processed\bfw\asian\n000161\0136_01.jpg,data\processed\bfw\asian\n003167\0240_01.jpg,n000161,n003167,asian,asian,males,males,,,0,0.23598914,27.479593,0.76401085
data\processed\bfw\asian\n009103\0161_01.jpg,data\processed\bfw\asian\n009103\0274_01.jpg,n009103,n009103,asian,asian,females,females,,,1,0.6506162,18.624058,0.34938377
data\processed\bfw\asian\n000854\0019_02.jpg,data\processed\bfw\asian\n000854\0249_01.jpg,n000854,n000854,asian,asian,females,females,,,1,0.48385045,22.54369,0.5161495
data\processed\bfw\asian\n005077\0054_01.jpg,data\processed\bfw\asian\n005077\0212_01.jpg,n005077,n005077,asian,asian,females,females,,,1,0.5927999,19.549402,0.4072001
data\processed\bfw\asian\n004109\0032_02.jpg,data\processed\bfw\asian\n001976\0458_02.jpg,n004109,n001976,asian,asian,males,males,,,0,0.28477156,29.520996,0.71522844
data\processed\bfw\asian\n005077\0063_01.jpg,data\processed\bfw\asian\n007664\0153_01.jpg,n005077,n007664,asian,asian,females,females,,,0,0.39541098,23.010271,0.604589
data\processed\bfw\asian\n003467\0118_01.jpg,data\processed\bfw\asian\n000009\0243_01.jpg,n003467,n000009,asian,asian,females,females,,,0,0.4281898,24.909262,0.5718102
data\processed\bfw\asian\n004469\0807_01.jpg,data\processed\bfw\asian\n000856\0044_01.jpg,n004469,n000856,asian,asian,males,females,,,0,0.25672066,28.22071,0.74327934
data\processed\bfw\asian\n000873\0556_01.jpg,data\processed\bfw\asian\n009125\0034_01.jpg,n000873,n009125,asian,asian,males,females,,,0,0.14668277,28.714022,0.85331726
data\processed\bfw\asian\n007664\0053_01.jpg,data\processed\bfw\asian\n001976\0077_02.jpg,n007664,n001976,asian,asian,females,males,,,0,0.045506883,31.649618,0.9544931
data\processed\bfw\asian\n000139\0216_01.jpg,data\processed\bfw\asian\n000139\0309_01.jpg,n000139,n000139,asian,asian,females,females,,,1,0.59398586,20.496147,0.40601414
data\processed\bfw\asian\n004108\0401_02.jpg,data\processed\bfw\asian\n004469\0043_05.jpg,n004108,n004469,asian,asian,males,males,,,0,0.21093376,31.120153,0.78906626
data\processed\bfw\asian\n004805\0065_01.jpg,data\processed\bfw\asian\n004805\0263_06.jpg,n004805,n004805,asian,asian,males,males,,,1,0.4796069,22.457047,0.52039313
data\processed\bfw\asian\n004809\0013_12.jpg,data\processed\bfw\asian\n004809\0345_01.jpg,n004809,n004809,asian,asian,males,males,,,1,0.55867296,20.03341,0.44132704
data\processed\bfw\asian\n005474\0145_02.jpg,data\processed\bfw\asian\n005474\0162_02.jpg,n005474,n005474,asian,asian,females,females,,,1,0.67944616,19.17986,0.32055384
data\processed\bfw\asian\n006203\0092_06.jpg,data\processed\bfw\asian\n002320\0272_03.jpg,n006203,n002320,asian,asian,females,males,,,0,-0.10414741,35.355583,1.1041474
data\processed\bfw\asian\n004686\0085_01.jpg,data\processed\bfw\asian\n004686\0157_01.jpg,n004686,n004686,asian,asian,males,males,,,1,0.81613016,13.309641,0.18386984
data\processed\bfw\asian\n003481\0053_02.jpg,data\processed\bfw\asian\n006222\0339_01.jpg,n003481,n006222,asian,asian,females,females,,,0,0.4841916,23.596354,0.5158084
data\processed\bfw\asian\n000872\0137_01.jpg,data\processed\bfw\asian\n000837\0020_01.jpg,n000872,n000837,asian,asian,males,females,,,0,-0.14845142,35.13848,1.1484514
data\processed\bfw\asian\n002406\0253_01.jpg,data\processed\bfw\asian\n005474\0239_01.jpg,n002406,n005474,asian,asian,males,females,,,0,0.08826611,32.486504,0.91173387
data\processed\bfw\asian\n008148\0029_01.jpg,data\processed\bfw\asian\n008148\0244_01.jpg,n008148,n008148,asian,asian,females,females,,,1,0.69287914,17.367603,0.30712086
data\processed\bfw\asian\n006222\0122_01.jpg,data\processed\bfw\asian\n003288\0446_01.jpg,n006222,n003288,asian,asian,females,females,,,0,0.30468208,25.496365,0.6953179
data\processed\bfw\asian\n004870\0007_01.jpg,data\processed\bfw\asian\n005072\0151_01.jpg,n004870,n005072,asian,asian,females,males,,,0,0.24272972,28.349049,0.7572703
data\processed\bfw\asian\n009288\0293_01.jpg,data\processed\bfw\asian\n004809\0117_01.jpg,n009288,n004809,asian,asian,females,males,,,0,0.010280898,32.059498,0.9897191
data\processed\bfw\asian\n007738\0058_02.jpg,data\processed\bfw\asian\n007738\0499_01.jpg,n007738,n007738,asian,asian,females,females,,,1,0.75060177,15.300439,0.24939823
data\processed\bfw\asian\n004108\0188_01.jpg,data\processed\bfw\asian\n009103\0106_01.jpg,n004108,n009103,asian,asian,males,females,,,0,0.07582073,30.449661,0.92417926
data\processed\bfw\asian\n000838\0035_01.jpg,data\processed\bfw\asian\n009137\0182_02.jpg,n000838,n009137,asian,asian,females,females,,,0,0.36214992,26.151476,0.63785005
data\processed\bfw\asian\n006633\0025_05.jpg,data\processed\bfw\asian\n006633\0299_01.jpg,n006633,n006633,asian,asian,females,females,,,1,0.6536045,18.874676,0.3463955
data\processed\bfw\asian\n009041\0562_01.jpg,data\processed\bfw\asian\n009275\0238_02.jpg,n009041,n009275,asian,asian,females,females,,,0,0.0745869,30.75181,0.92541313
data\processed\bfw\asian\n002552\0532_01.jpg,data\processed\bfw\asian\n004785\0603_01.jpg,n002552,n004785,asian,asian,males,females,,,0,0.2943335,27.928478,0.70566654
data\processed\bfw\asian\n004472\0057_02.jpg,data\processed\bfw\asian\n004472\0258_01.jpg,n004472,n004472,asian,asian,females,females,,,1,0.7097202,17.42708,0.2902798
data\processed\bfw\asian\n004466\0137_01.jpg,data\processed\bfw\asian\n004221\0155_01.jpg,n004466,n004221,asian,asian,males,males,,,0,0.27452752,28.75059,0.72547245
data\processed\bfw\asian\n003449\0210_04.jpg,data\processed\bfw\asian\n007899\0172_04.jpg,n003449,n007899,asian,asian,females,females,,,0,0.69181496,18.455437,0.30818504
data\processed\bfw\asian\n008163\0041_01.jpg,data\processed\bfw\asian\n008163\0645_01.jpg,n008163,n008163,asian,asian,females,females,,,1,0.82439435,12.553018,0.17560565
data\processed\bfw\asian\n006125\0129_01.jpg,data\processed\bfw\asian\n006125\0215_01.jpg,n006125,n006125,asian,asian,females,females,,,1,0.5384289,21.964434,0.4615711
data\processed\bfw\asian\n005063\0249_05.jpg,data\processed\bfw\asian\n002320\0044_02.jpg,n005063,n002320,asian,asian,females,males,,,0,-0.05984345,31.604338,1.0598434
data\processed\bfw\asian\n003358\0166_01.jpg,data\processed\bfw\asian\n003358\0224_10.jpg,n003358,n003358,asian,asian,females,females,,,1,0.6708912,18.24726,0.32910877
data\processed\bfw\asian\n004785\0153_01.jpg,data\processed\bfw\asian\n003506\0019_01.jpg,n004785,n003506,asian,asian,females,females,,,0,0.53850555,20.673271,0.46149445
data\processed\bfw\asian\n000143\0069_01.jpg,data\processed\bfw\asian\n000839\0251_01.jpg,n000143,n000839,asian,asian,females,females,,,0,0.4467452,23.371586,0.55325484
data\processed\bfw\asian\n000856\0044_01.jpg,data\processed\bfw\asian\n000856\0098_01.jpg,n000856,n000856,asian,asian,females,females,,,1,0.84007823,13.940401,0.15992177
data\processed\bfw\asian\n004680\0158_01.jpg,data\processed\bfw\asian\n006148\0074_01.jpg,n004680,n006148,asian,asian,females,females,,,0,0.3565208,26.110023,0.6434792
data\processed\bfw\asian\n006159\0085_01.jpg,data\processed\bfw\asian\n006159\0113_02.jpg,n006159,n006159,asian,asian,females,females,,,1,0.8251332,13.595626,0.1748668
data\processed\bfw\asian\n004681\0206_01.jpg,data\processed\bfw\asian\n005378\0409_02.jpg,n004681,n005378,asian,asian,males,females,,,0,0.15554483,26.197466,0.8444552
data\processed\bfw\asian\n004109\0032_02.jpg,data\processed\bfw\asian\n004109\0100_01.jpg,n004109,n004109,asian,asian,males,males,,,1,0.70537025,18.09681,0.29462975
data\processed\bfw\asian\n002406\0103_01.jpg,data\processed\bfw\asian\n002406\0156_01.jpg,n002406,n002406,asian,asian,males,males,,,1,0.6835566,19.264977,0.31644338
data\processed\bfw\asian\n006224\0053_01.jpg,data\processed\bfw\asian\n006224\0116_01.jpg,n006224,n006224,asian,asian,females,females,,,1,0.5516044,22.660372,0.4483956
data\processed\bfw\asian\n008148\0040_01.jpg,data\processed\bfw\asian\n003357\0074_01.jpg,n008148,n003357,asian,asian,females,females,,,0,0.3179142,24.715187,0.6820858
data\processed\bfw\asian\n004948\0651_01.jpg,data\processed\bfw\asian\n009294\0083_01.jpg,n004948,n009294,asian,asian,males,females,,,0,0.04724402,31.799303,0.952756
data\processed\bfw\asian\n003162\0188_01.jpg,data\processed\bfw\asian\n004877\0084_01.jpg,n003162,n004877,asian,asian,males,females,,,0,-0.10502376,33.208927,1.1050237
data\processed\bfw\asian\n005078\0134_01.jpg,data\processed\bfw\asian\n009288\0068_01.jpg,n005078,n009288,asian,asian,males,females,,,0,0.48804364,24.368694,0.51195633
data\processed\bfw\asian\n000160\0007_01.jpg,data\processed\bfw\asian\n004800\0866_03.jpg,n000160,n004800,asian,asian,females,males,,,0,0.027343048,31.260824,0.97265697
data\processed\bfw\asian\n005063\0302_06.jpg,data\processed\bfw\asian\n005063\0414_06.jpg,n005063,n005063,asian,asian,females,females,,,1,0.5081791,23.049185,0.49182087
data\processed\bfw\asian\n000856\0134_02.jpg,data\processed\bfw\asian\n008401\0097_02.jpg,n000856,n008401,asian,asian,females,females,,,0,0.05793218,30.72693,0.9420678
data\processed\bfw\asian\n003449\0001_01.jpg,data\processed\bfw\asian\n003449\0180_01.jpg,n003449,n003449,asian,asian,females,females,,,1,0.7200082,17.175278,0.2799918
data\processed\bfw\asian\n006418\0140_02.jpg,data\processed\bfw\asian\n006418\1052_03.jpg,n006418,n006418,asian,asian,females,females,,,1,0.50090766,22.127043,0.49909234
data\processed\bfw\asian\n003557\0086_01.jpg,data\processed\bfw\asian\n000160\0075_01.jpg,n003557,n000160,asian,asian,females,females,,,0,0.21966901,27.89839,0.780331
data\processed\bfw\asian\n006224\0053_01.jpg,data\processed\bfw\asian\n006224\0164_01.jpg,n006224,n006224,asian,asian,females,females,,,1,0.7456812,17.438187,0.25431877
data\processed\bfw\asian\n004680\0175_01.jpg,data\processed\bfw\asian\n006418\0165_02.jpg,n004680,n006418,asian,asian,females,females,,,0,0.051664345,31.240677,0.94833565
data\processed\bfw\asian\n003489\0094_01.jpg,data\processed\bfw\asian\n003489\0109_01.jpg,n003489,n003489,asian,asian,males,males,,,1,0.79461724,15.162979,0.20538276
data\processed\bfw\asian\n005069\0019_01.jpg,data\processed\bfw\asian\n005069\0502_02.jpg,n005069,n005069,asian,asian,females,females,,,1,0.30540705,27.225124,0.69459295
data\processed\bfw\asian\n000009\0012_01.jpg,data\processed\bfw\asian\n000009\0188_01.jpg,n000009,n000009,asian,asian,females,females,,,1,0.47686777,22.812864,0.5231322
data\processed\bfw\asian\n003635\0089_02.jpg,data\processed\bfw\asian\n003635\0156_01.jpg,n003635,n003635,asian,asian,males,males,,,1,0.7119707,17.69023,0.2880293
data\processed\bfw\asian\n006344\0314_01.jpg,data\processed\bfw\asian\n006344\0413_01.jpg,n006344,n006344,asian,asian,females,females,,,1,0.6035346,19.088394,0.39646542
data\processed\bfw\asian\n000873\0075_01.jpg,data\processed\bfw\asian\n009288\0293_01.jpg,n000873,n009288,asian,asian,males,females,,,0,0.46141195,24.921144,0.53858805
data\processed\bfw\asian\n006633\0056_01.jpg,data\processed\bfw\asian\n009148\0033_01.jpg,n006633,n009148,asian,asian,females,females,,,0,0.38310605,22.204079,0.61689395
data\processed\bfw\asian\n008148\0025_01.jpg,data\processed\bfw\asian\n008148\0073_01.jpg,n008148,n008148,asian,asian,females,females,,,1,0.77172416,15.457233,0.22827584
data\processed\bfw\asian\n003465\0023_06.jpg,data\processed\bfw\asian\n003465\0303_01.jpg,n003465,n003465,asian,asian,males,males,,,1,0.62910265,18.421299,0.37089735
data\processed\bfw\asian\n004467\0016_01.jpg,data\processed\bfw\asian\n003465\0234_01.jpg,n004467,n003465,asian,asian,males,males,,,0,0.43170354,26.433512,0.56829643
data\processed\bfw\asian\n000138\0129_03.jpg,data\processed\bfw\asian\n005063\0042_01.jpg,n000138,n005063,asian,asian,females,females,,,0,0.27698317,25.899696,0.72301686
data\processed\bfw\asian\n003288\0078_01.jpg,data\processed\bfw\asian\n003288\0165_11.jpg,n003288,n003288,asian,asian,females,females,,,1,0.62450254,18.951584,0.37549746
data\processed\bfw\asian\n006203\0430_01.jpg,data\processed\bfw\asian\n006203\0663_02.jpg,n006203,n006203,asian,asian,females,females,,,1,0.50232965,22.504663,0.49767035
data\processed\bfw\asian\n007380\0168_01.jpg,data\processed\bfw\asian\n005071\0182_01.jpg,n007380,n005071,asian,asian,females,males,,,0,-0.05985114,34.4706,1.0598512
data\processed\bfw\asian\n004877\0441_01.jpg,data\processed\bfw\asian\n003155\0362_03.jpg,n004877,n003155,asian,asian,females,males,,,0,-0.13914445,34.422226,1.1391444
data\processed\bfw\asian\n003027\0028_01.jpg,data\processed\bfw\asian\n003027\0223_01.jpg,n003027,n003027,asian,asian,males,males,,,1,0.8222847,13.866107,0.1777153
data\processed\bfw\asian\n009148\0003_01.jpg,data\processed\bfw\asian\n005085\0224_01.jpg,n009148,n005085,asian,asian,females,females,,,0,0.32212257,25.93675,0.6778774
data\processed\bfw\asian\n007738\0329_02.jpg,data\processed\bfw\asian\n007738\0336_02.jpg,n007738,n007738,asian,asian,females,females,,,1,0.48459148,22.892456,0.5154085
data\processed\bfw\asian\n003357\0117_01.jpg,data\processed\bfw\asian\n003357\0422_01.jpg,n003357,n003357,asian,asian,females,females,,,1,0.5784548,20.822926,0.4215452
data\processed\bfw\asian\n008401\0294_01.jpg,data\processed\bfw\asian\n002644\0997_01.jpg,n008401,n002644,asian,asian,females,males,,,0,0.32960856,24.973446,0.67039144
data\processed\bfw\asian\n006634\0279_02.jpg,data\processed\bfw\asian\n004786\0097_02.jpg,n006634,n004786,asian,asian,females,females,,,0,0.21354543,28.057806,0.78645456
data\processed\bfw\asian\n003288\0446_01.jpg,data\processed\bfw\asian\n003288\0572_01.jpg,n003288,n003288,asian,asian,females,females,,,1,0.4980739,22.535501,0.50192606
data\processed\bfw\asian\n000143\0044_01.jpg,data\processed\bfw\asian\n005378\0421_01.jpg,n000143,n005378,asian,asian,females,females,,,0,0.29510438,26.978176,0.7048956
data\processed\bfw\asian\n007899\0126_03.jpg,data\processed\bfw\asian\n001682\0029_01.jpg,n007899,n001682,asian,asian,females,males,,,0,-0.062341966,33.13897,1.0623419
data\processed\bfw\asian\n008148\0029_01.jpg,data\processed\bfw\asian\n008148\0251_01.jpg,n008148,n008148,asian,asian,females,females,,,1,0.7064337,16.8983,0.2935663
data\processed\bfw\asian\n007089\0016_01.jpg,data\processed\bfw\asian\n007089\0229_01.jpg,n007089,n007089,asian,asian,females,females,,,1,0.55339843,21.738863,0.44660157
data\processed\bfw\asian\n000837\0182_01.jpg,data\processed\bfw\asian\n000837\0193_01.jpg,n000837,n000837,asian,asian,females,females,,,1,0.42251652,25.20716,0.5774835
data\processed\bfw\asian\n006203\0022_01.jpg,data\processed\bfw\asian\n006203\0066_01.jpg,n006203,n006203,asian,asian,females,females,,,1,0.82018787,12.953528,0.17981213
data\processed\bfw\asian\n004109\0199_01.jpg,data\processed\bfw\asian\n004109\0273_01.jpg,n004109,n004109,asian,asian,males,males,,,1,0.6712947,18.738417,0.3287053
data\processed\bfw\asian\n000009\0013_01.jpg,data\processed\bfw\asian\n000009\0216_01.jpg,n000009,n000009,asian,asian,females,females,,,1,0.3223634,25.118109,0.6776366
data\processed\bfw\asian\n007378\0019_01.jpg,data\processed\bfw\asian\n006736\0438_01.jpg,n007378,n006736,asian,asian,females,females,,,0,0.42630008,23.901114,0.57369995
data\processed\bfw\asian\n003481\0194_01.jpg,data\processed\bfw\asian\n003481\0407_04.jpg,n003481,n003481,asian,asian,females,females,,,1,0.6655308,19.005655,0.3344692
data\processed\bfw\asian\n002725\0086_01.jpg,data\processed\bfw\asian\n002725\0486_03.jpg,n002725,n002725,asian,asian,females,females,,,1,0.6886002,18.010738,0.31139982
data\processed\bfw\asian\n003557\0206_01.jpg,data\processed\bfw\asian\n004785\0357_02.jpg,n003557,n004785,asian,asian,females,females,,,0,0.46751642,24.755314,0.5324836
data\processed\bfw\asian\n003481\0022_02.jpg,data\processed\bfw\asian\n003481\0107_01.jpg,n003481,n003481,asian,asian,females,females,,,1,0.8119341,14.001329,0.18806589
data\processed\bfw\asian\n006736\0099_01.jpg,data\processed\bfw\asian\n006736\0367_01.jpg,n006736,n006736,asian,asian,females,females,,,1,0.7177235,17.896933,0.2822765
data\processed\bfw\asian\n004108\0024_02.jpg,data\processed\bfw\asian\n009276\0034_09.jpg,n004108,n009276,asian,asian,males,females,,,0,0.47531196,23.228853,0.524688
data\processed\bfw\asian\n006125\0058_01.jpg,data\processed\bfw\asian\n006125\0113_01.jpg,n006125,n006125,asian,asian,females,females,,,1,0.7420724,16.355595,0.2579276
data\processed\bfw\asian\n005446\0205_02.jpg,data\processed\bfw\asian\n005446\0473_01.jpg,n005446,n005446,asian,asian,females,females,,,1,0.6701964,17.925564,0.3298036
data\processed\bfw\asian\n005177\0004_01.jpg,data\processed\bfw\asian\n005177\0032_01.jpg,n005177,n005177,asian,asian,males,males,,,1,0.9197631,9.674368,0.08023691
data\processed\bfw\asian\n003506\0324_01.jpg,data\processed\bfw\asian\n000148\0365_01.jpg,n003506,n000148,asian,asian,females,females,,,0,0.21483725,27.376759,0.78516275
data\processed\bfw\asian\n000158\0066_01.jpg,data\processed\bfw\asian\n000158\0211_05.jpg,n000158,n000158,asian,asian,males,males,,,1,0.8492199,13.107094,0.15078008
data\processed\bfw\asian\n005083\0120_01.jpg,data\processed\bfw\asian\n006736\0203_01.jpg,n005083,n006736,asian,asian,females,females,,,0,-0.16103567,32.489323,1.1610357
data\processed\bfw\asian\n005446\0279_01.jpg,data\processed\bfw\asian\n009277\0013_02.jpg,n005446,n009277,asian,asian,females,females,,,0,0.34923422,26.422157,0.6507658
data\processed\bfw\asian\n003465\0553_01.jpg,data\processed\bfw\asian\n003162\0259_01.jpg,n003465,n003162,asian,asian,males,males,,,0,-0.10804335,34.65996,1.1080433
data\processed\bfw\asian\n001562\0081_01.jpg,data\processed\bfw\asian\n001562\0092_02.jpg,n001562,n001562,asian,asian,males,males,,,1,0.6165346,20.192883,0.3834654
data\processed\bfw\asian\n004469\0038_01.jpg,data\processed\bfw\asian\n004805\0157_04.jpg,n004469,n004805,asian,asian,males,males,,,0,-0.021383071,33.481453,1.021383
data\processed\bfw\asian\n000873\0052_01.jpg,data\processed\bfw\asian\n004860\0155_01.jpg,n000873,n004860,asian,asian,males,females,,,0,0.22273457,27.281475,0.7772654
data\processed\bfw\asian\n000143\0014_01.jpg,data\processed\bfw\asian\n000143\0709_01.jpg,n000143,n000143,asian,asian,females,females,,,1,0.6299824,19.224648,0.3700176
data\processed\bfw\asian\n006736\0108_01.jpg,data\processed\bfw\asian\n006736\0367_01.jpg,n006736,n006736,asian,asian,females,females,,,1,0.753748,17.055967,0.246252
data\processed\bfw\asian\n004800\0111_01.jpg,data\processed\bfw\asian\n003355\0145_04.jpg,n004800,n003355,asian,asian,males,males,,,0,0.40672916,22.470648,0.59327084
data\processed\bfw\asian\n005063\0302_06.jpg,data\processed\bfw\asian\n005063\0577_01.jpg,n005063,n005063,asian,asian,females,females,,,1,0.32525444,26.239985,0.67474556
data\processed\bfw\asian\n003027\0223_01.jpg,data\processed\bfw\asian\n003027\0374_01.jpg,n003027,n003027,asian,asian,males,males,,,1,0.85790396,12.533906,0.14209604
data\processed\bfw\asian\n006344\0012_01.jpg,data\processed\bfw\asian\n006344\0051_03.jpg,n006344,n006344,asian,asian,females,females,,,1,0.8467867,12.258602,0.15321332
data\processed\bfw\asian\n004935\0287_01.jpg,data\processed\bfw\asian\n003162\0289_01.jpg,n004935,n003162,asian,asian,males,males,,,0,0.07683676,30.29862,0.92316324
data\processed\bfw\asian\n004725\0088_01.jpg,data\processed\bfw\asian\n004725\0230_01.jpg,n004725,n004725,asian,asian,males,males,,,1,0.5421931,22.37268,0.4578069
data\processed\bfw\asian\n002320\0248_06.jpg,data\processed\bfw\asian\n002320\0316_02.jpg,n002320,n002320,asian,asian,males,males,,,1,0.24761067,26.557566,0.7523893
data\processed\bfw\asian\n004787\0101_02.jpg,data\processed\bfw\asian\n004787\0657_03.jpg,n004787,n004787,asian,asian,females,females,,,1,0.7453881,15.578843,0.2546119
data\processed\bfw\asian\n004860\0097_01.jpg,data\processed\bfw\asian\n004860\0346_03.jpg,n004860,n004860,asian,asian,females,females,,,1,0.3980542,25.032614,0.60194576
data\processed\bfw\asian\n006125\0179_13.jpg,data\processed\bfw\asian\n003491\0114_03.jpg,n006125,n003491,asian,asian,females,males,,,0,-0.124051176,33.694134,1.1240512
data\processed\bfw\asian\n005069\0559_02.jpg,data\processed\bfw\asian\n000838\0247_01.jpg,n005069,n000838,asian,asian,females,females,,,0,0.06806395,30.677334,0.931936
data\processed\bfw\asian\n003223\0398_02.jpg,data\processed\bfw\asian\n003027\0170_01.jpg,n003223,n003027,asian,asian,males,males,,,0,0.05231602,28.535372,0.947684
data\processed\bfw\asian\n004787\0128_01.jpg,data\processed\bfw\asian\n004791\0416_01.jpg,n004787,n004791,asian,asian,females,males,,,0,0.46406028,22.254513,0.5359397
data\processed\bfw\asian\n007899\0126_03.jpg,data\processed\bfw\asian\n002406\0536_04.jpg,n007899,n002406,asian,asian,females,males,,,0,0.023092443,29.448328,0.97690755
data\processed\bfw\asian\n000856\0102_01.jpg,data\processed\bfw\asian\n009125\0371_01.jpg,n000856,n009125,asian,asian,females,females,,,0,0.26615158,27.985088,0.73384845
data\processed\bfw\asian\n007385\0124_02.jpg,data\processed\bfw\asian\n003557\0086_01.jpg,n007385,n003557,asian,asian,females,females,,,0,0.42966366,23.875029,0.57033634
data\processed\bfw\asian\n005085\0001_01.jpg,data\processed\bfw\asian\n005216\0220_01.jpg,n005085,n005216,asian,asian,females,females,,,0,0.35128474,26.518776,0.64871526
data\processed\bfw\asian\n006358\0094_01.jpg,data\processed\bfw\asian\n006358\0327_02.jpg,n006358,n006358,asian,asian,females,females,,,1,0.67227906,19.975906,0.32772094
data\processed\bfw\asian\n004680\0008_01.jpg,data\processed\bfw\asian\n004680\0178_01.jpg,n004680,n004680,asian,asian,females,females,,,1,0.3833584,24.485796,0.61664164
data\processed\bfw\asian\n003027\0161_01.jpg,data\processed\bfw\asian\n003027\0470_01.jpg,n003027,n003027,asian,asian,males,males,,,1,0.92767984,7.9455767,0.07232016
data\processed\bfw\asian\n002775\0015_01.jpg,data\processed\bfw\asian\n002775\0066_04.jpg,n002775,n002775,asian,asian,males,males,,,1,0.8039471,14.998836,0.19605291
data\processed\bfw\asian\n006203\0398_01.jpg,data\processed\bfw\asian\n006203\0724_01.jpg,n006203,n006203,asian,asian,females,females,,,1,0.65950483,18.431787,0.34049517
data\processed\bfw\asian\n004930\0078_01.jpg,data\processed\bfw\asian\n004930\0155_01.jpg,n004930,n004930,asian,asian,females,females,,,1,0.6275299,20.820787,0.37247008
data\processed\bfw\asian\n004930\0027_01.jpg,data\processed\bfw\asian\n004725\0061_02.jpg,n004930,n004725,asian,asian,females,males,,,0,0.09909377,29.609537,0.9009062
data\processed\bfw\asian\n007899\0071_01.jpg,data\processed\bfw\asian\n007899\0172_04.jpg,n007899,n007899,asian,asian,females,females,,,1,0.6788934,18.588205,0.3211066
data\processed\bfw\asian\n003635\0606_02.jpg,data\processed\bfw\asian\n006634\0114_01.jpg,n003635,n006634,asian,asian,males,females,,,0,0.043721072,31.194477,0.9562789
data\processed\bfw\asian\n003155\0362_03.jpg,data\processed\bfw\asian\n003155\1011_01.jpg,n003155,n003155,asian,asian,males,males,,,1,0.17246284,30.90357,0.8275372
data\processed\bfw\asian\n003357\0008_01.jpg,data\processed\bfw\asian\n007814\0175_01.jpg,n003357,n007814,asian,asian,females,females,,,0,0.51011616,22.031155,0.48988384
data\processed\bfw\asian\n000872\0181_01.jpg,data\processed\bfw\asian\n004466\0321_01.jpg,n000872,n004466,asian,asian,males,males,,,0,0.41941836,24.068405,0.58058167
data\processed\bfw\asian\n009277\0561_01.jpg,data\processed\bfw\asian\n002331\0035_03.jpg,n009277,n002331,asian,asian,females,males,,,0,0.06659806,30.509298,0.93340194
data\processed\bfw\asian\n009277\0091_01.jpg,data\processed\bfw\asian\n009277\0113_01.jpg,n009277,n009277,asian,asian,females,females,,,1,0.6703136,18.20123,0.3296864
data\processed\bfw\asian\n007270\0682_01.jpg,data\processed\bfw\asian\n003557\0259_01.jpg,n007270,n003557,asian,asian,females,females,,,0,0.19320332,28.065321,0.80679667
data\processed\bfw\asian\n006418\0165_02.jpg,data\processed\bfw\asian\n006418\0235_01.jpg,n006418,n006418,asian,asian,females,females,,,1,0.66316766,18.293507,0.33683234
data\processed\bfw\asian\n009042\0015_01.jpg,data\processed\bfw\asian\n002775\0034_02.jpg,n009042,n002775,asian,asian,females,males,,,0,0.2959394,25.693773,0.7040606
data\processed\bfw\asian\n006358\0094_01.jpg,data\processed\bfw\asian\n006358\0148_01.jpg,n006358,n006358,asian,asian,females,females,,,1,0.6873228,19.53575,0.3126772
data\processed\bfw\asian\n003465\0127_01.jpg,data\processed\bfw\asian\n003465\0174_01.jpg,n003465,n003465,asian,asian,males,males,,,1,0.735055,15.086757,0.26494497
data\processed\bfw\asian\n005077\0005_01.jpg,data\processed\bfw\asian\n005077\0054_01.jpg,n005077,n005077,asian,asian,females,females,,,1,0.7274711,15.726256,0.2725289
data\processed\bfw\asian\n004686\0085_01.jpg,data\processed\bfw\asian\n007814\0291_01.jpg,n004686,n007814,asian,asian,males,females,,,0,0.12020394,29.5311,0.879796
data\processed\bfw\asian\n008934\0119_01.jpg,data\processed\bfw\asian\n009125\0186_02.jpg,n008934,n009125,asian,asian,females,females,,,0,0.48913682,23.218973,0.5108632
data\processed\bfw\asian\n007378\0036_01.jpg,data\processed\bfw\asian\n000436\0156_02.jpg,n007378,n000436,asian,asian,females,males,,,0,0.13822381,31.444435,0.8617762
data\processed\bfw\asian\n003463\0127_01.jpg,data\processed\bfw\asian\n006634\0118_01.jpg,n003463,n006634,asian,asian,males,females,,,0,0.28882924,27.11791,0.7111708
data\processed\bfw\asian\n000135\0039_04.jpg,data\processed\bfw\asian\n000135\0060_01.jpg,n000135,n000135,asian,asian,females,females,,,1,0.57477194,21.008383,0.42522806
data\processed\bfw\asian\n004467\0504_01.jpg,data\processed\bfw\asian\n004467\0656_01.jpg,n004467,n004467,asian,asian,males,males,,,1,0.6985734,18.395096,0.3014266
data\processed\bfw\asian\n008148\0110_01.jpg,data\processed\bfw\asian\n000135\0081_01.jpg,n008148,n000135,asian,asian,females,females,,,0,0.25414544,28.051077,0.74585456
data\processed\bfw\asian\n004109\0185_03.jpg,data\processed\bfw\asian\n004109\0525_02.jpg,n004109,n004109,asian,asian,males,males,,,1,0.85622925,12.02293,0.14377075
data\processed\bfw\asian\n006224\0069_07.jpg,data\processed\bfw\asian\n006224\0086_01.jpg,n006224,n006224,asian,asian,females,females,,,1,0.7346863,18.654106,0.26531368
data\processed\bfw\asian\n003357\0246_01.jpg,data\processed\bfw\asian\n004467\0228_01.jpg,n003357,n004467,asian,asian,females,males,,,0,0.16130379,28.236471,0.83869624
data\processed\bfw\asian\n008978\0059_01.jpg,data\processed\bfw\asian\n002406\0310_02.jpg,n008978,n002406,asian,asian,females,males,,,0,0.20955314,27.82154,0.7904469
data\processed\bfw\asian\n000856\0018_01.jpg,data\processed\bfw\asian\n004681\0064_01.jpg,n000856,n004681,asian,asian,females,males,,,0,0.09302596,30.821575,0.906974
data\processed\bfw\asian\n009177\0004_01.jpg,data\processed\bfw\asian\n003358\0096_02.jpg,n009177,n003358,asian,asian,females,females,,,0,0.43108183,24.343493,0.56891817
data\processed\bfw\asian\n003167\0074_01.jpg,data\processed\bfw\asian\n003167\0320_01.jpg,n003167,n003167,asian,asian,males,males,,,1,0.7846612,13.4713745,0.21533883
data\processed\bfw\asian\n000838\0060_04.jpg,data\processed\bfw\asian\n000137\0033_01.jpg,n000838,n000137,asian,asian,females,females,,,0,0.39715672,26.976667,0.6028433
data\processed\bfw\asian\n000839\0168_01.jpg,data\processed\bfw\asian\n000839\0497_02.jpg,n000839,n000839,asian,asian,females,females,,,1,0.6439835,19.064205,0.35601652
data\processed\bfw\asian\n000837\0054_01.jpg,data\processed\bfw\asian\n000837\0199_01.jpg,n000837,n000837,asian,asian,females,females,,,1,0.83015066,14.12865,0.16984934
data\processed\bfw\asian\n000160\0367_03.jpg,data\processed\bfw\asian\n006159\0073_01.jpg,n000160,n006159,asian,asian,females,females,,,0,0.16964854,29.174131,0.8303515
data\processed\bfw\asian\n002320\0208_01.jpg,data\processed\bfw\asian\n004800\0419_04.jpg,n002320,n004800,asian,asian,males,males,,,0,0.4307372,25.069244,0.5692628
data\processed\bfw\asian\n004870\0070_02.jpg,data\processed\bfw\asian\n004870\0178_06.jpg,n004870,n004870,asian,asian,females,females,,,1,0.46997347,24.292212,0.53002656
data\processed\bfw\asian\n004109\0130_01.jpg,data\processed\bfw\asian\n004109\0550_02.jpg,n004109,n004109,asian,asian,males,males,,,1,0.72119874,17.135254,0.27880126
data\processed\bfw\asian\n009279\0015_01.jpg,data\processed\bfw\asian\n000160\0338_01.jpg,n009279,n000160,asian,asian,females,females,,,0,0.28227174,26.678623,0.71772826
data\processed\bfw\asian\n005072\0173_01.jpg,data\processed\bfw\asian\n005072\0184_03.jpg,n005072,n005072,asian,asian,males,males,,,1,0.5009921,22.039305,0.49900788
data\processed\bfw\asian\n003357\0020_01.jpg,data\processed\bfw\asian\n003357\0368_01.jpg,n003357,n003357,asian,asian,females,females,,,1,0.61179906,19.612446,0.38820094
data\processed\bfw\asian\n005063\0030_01.jpg,data\processed\bfw\asian\n001496\0349_01.jpg,n005063,n001496,asian,asian,females,males,,,0,0.3514108,26.376566,0.6485892
data\processed\bfw\asian\n003557\0088_04.jpg,data\processed\bfw\asian\n003557\0234_01.jpg,n003557,n003557,asian,asian,females,females,,,1,0.77601546,15.41857,0.22398454
data\processed\bfw\asian\n009177\0010_01.jpg,data\processed\bfw\asian\n003463\0304_01.jpg,n009177,n003463,asian,asian,females,males,,,0,-0.015739806,32.515965,1.0157398
data\processed\bfw\asian\n005474\0005_01.jpg,data\processed\bfw\asian\n006223\0189_01.jpg,n005474,n006223,asian,asian,females,females,,,0,0.283903,25.297304,0.716097
data\processed\bfw\asian\n003355\0137_01.jpg,data\processed\bfw\asian\n009294\0133_04.jpg,n003355,n009294,asian,asian,males,females,,,0,0.20367585,27.324194,0.79632413
data\processed\bfw\asian\n006125\0043_01.jpg,data\processed\bfw\asian\n006125\0163_01.jpg,n006125,n006125,asian,asian,females,females,,,1,0.72607046,16.403805,0.27392954
data\processed\bfw\asian\n009103\0657_02.jpg,data\processed\bfw\asian\n008163\0527_03.jpg,n009103,n008163,asian,asian,females,females,,,0,0.26530996,26.67501,0.73469007
data\processed\bfw\asian\n007372\0190_01.jpg,data\processed\bfw\asian\n007372\0252_01.jpg,n007372,n007372,asian,asian,females,females,,,1,0.6146599,19.782753,0.3853401
data\processed\bfw\asian\n003354\0011_01.jpg,data\processed\bfw\asian\n004681\0366_01.jpg,n003354,n004681,asian,asian,females,males,,,0,0.024085121,32.52264,0.9759149
data\processed\bfw\asian\n004805\0015_01.jpg,data\processed\bfw\asian\n004805\0108_01.jpg,n004805,n004805,asian,asian,males,males,,,1,0.80850834,13.128029,0.19149166
data\processed\bfw\asian\n007816\0407_01.jpg,data\processed\bfw\asian\n007816\0436_01.jpg,n007816,n007816,asian,asian,females,females,,,1,0.73718524,15.7467375,0.26281476
data\processed\bfw\asian\n002725\0015_01.jpg,data\processed\bfw\asian\n002725\0267_01.jpg,n002725,n002725,asian,asian,females,females,,,1,0.7797009,15.322445,0.22029912
data\processed\bfw\asian\n004936\0218_01.jpg,data\processed\bfw\asian\n004936\0324_01.jpg,n004936,n004936,asian,asian,females,females,,,1,0.72300863,16.425953,0.27699137
data\processed\bfw\asian\n003355\0008_01.jpg,data\processed\bfw\asian\n004721\0066_01.jpg,n003355,n004721,asian,asian,males,males,,,0,0.4043222,23.922977,0.5956778
data\processed\bfw\asian\n007385\0119_01.jpg,data\processed\bfw\asian\n004786\0212_02.jpg,n007385,n004786,asian,asian,females,females,,,0,0.26155642,27.762552,0.7384436
data\processed\bfw\asian\n007385\0320_03.jpg,data\processed\bfw\asian\n007385\0469_01.jpg,n007385,n007385,asian,asian,females,females,,,1,0.4455532,23.7272,0.5544468
data\processed\bfw\asian\n002406\0148_01.jpg,data\processed\bfw\asian\n002406\0534_01.jpg,n002406,n002406,asian,asian,males,males,,,1,0.8246642,13.172613,0.17533582
data\processed\bfw\asian\n004800\0526_01.jpg,data\processed\bfw\asian\n003153\0624_01.jpg,n004800,n003153,asian,asian,males,females,,,0,0.2698337,27.712341,0.7301663
data\processed\bfw\asian\n009175\0077_01.jpg,data\processed\bfw\asian\n008383\0139_02.jpg,n009175,n008383,asian,asian,females,females,,,0,0.3597199,25.459404,0.6402801
data\processed\bfw\asian\n003557\0006_06.jpg,data\processed\bfw\asian\n003557\0013_01.jpg,n003557,n003557,asian,asian,females,females,,,1,0.7560781,15.19307,0.24392188
data\processed\bfw\asian\n003357\0108_01.jpg,data\processed\bfw\asian\n003357\0538_01.jpg,n003357,n003357,asian,asian,females,females,,,1,0.5695854,21.166195,0.43041462
data\processed\bfw\asian\n004930\0082_01.jpg,data\processed\bfw\asian\n004930\0236_01.jpg,n004930,n004930,asian,asian,females,females,,,1,0.77825266,15.940763,0.22174734
data\processed\bfw\asian\n009287\0033_01.jpg,data\processed\bfw\asian\n006125\0414_01.jpg,n009287,n006125,asian,asian,females,females,,,0,0.32562998,26.394388,0.67437005
data\processed\bfw\asian\n003824\0019_01.jpg,data\processed\bfw\asian\n003824\0148_01.jpg,n003824,n003824,asian,asian,females,females,,,1,0.6695818,19.228113,0.33041823
data\processed\bfw\asian\n006418\0129_01.jpg,data\processed\bfw\asian\n006418\1023_02.jpg,n006418,n006418,asian,asian,females,females,,,1,0.74522763,15.518559,0.25477237
data\processed\bfw\asian\n003156\0100_01.jpg,data\processed\bfw\asian\n003481\0107_01.jpg,n003156,n003481,asian,asian,males,females,,,0,0.23494197,27.697147,0.76505804
data\processed\bfw\asian\n007089\0015_01.jpg,data\processed\bfw\asian\n007089\0066_01.jpg,n007089,n007089,asian,asian,females,females,,,1,0.79008263,14.412561,0.20991737
data\processed\bfw\asian\n003355\0016_01.jpg,data\processed\bfw\asian\n001976\0082_01.jpg,n003355,n001976,asian,asian,males,males,,,0,0.1608566,30.07581,0.8391434
data\processed\bfw\asian\n000135\0009_01.jpg,data\processed\bfw\asian\n000135\0013_02.jpg,n000135,n000135,asian,asian,females,females,,,1,0.76389843,16.163038,0.23610157
data\processed\bfw\asian\n000139\0216_01.jpg,data\processed\bfw\asian\n000139\0253_01.jpg,n000139,n000139,asian,asian,females,females,,,1,0.62082523,19.961992,0.37917477
data\processed\bfw\asian\n007816\0281_01.jpg,data\processed\bfw\asian\n007816\0627_01.jpg,n007816,n007816,asian,asian,females,females,,,1,0.6204097,18.936935,0.37959027
data\processed\bfw\asian\n002331\0207_01.jpg,data\processed\bfw\asian\n002331\0317_02.jpg,n002331,n002331,asian,asian,males,males,,,1,0.6659634,19.496916,0.3340366
data\processed\bfw\asian\n006224\0067_01.jpg,data\processed\bfw\asian\n007738\0140_01.jpg,n006224,n007738,asian,asian,females,females,,,0,0.44936672,24.418371,0.5506333
data\processed\bfw\asian\n003223\0327_01.jpg,data\processed\bfw\asian\n008383\0352_01.jpg,n003223,n008383,asian,asian,males,females,,,0,0.20649786,30.43022,0.79350215
data\processed\bfw\asian\n000161\0223_01.jpg,data\processed\bfw\asian\n000161\0461_01.jpg,n000161,n000161,asian,asian,males,males,,,1,0.57291865,21.56304,0.42708135
data\processed\bfw\asian\n003824\0085_02.jpg,data\processed\bfw\asian\n003354\0047_01.jpg,n003824,n003354,asian,asian,females,females,,,0,0.39485136,25.858995,0.6051487
data\processed\bfw\asian\n006736\0145_01.jpg,data\processed\bfw\asian\n006736\0273_03.jpg,n006736,n006736,asian,asian,females,females,,,1,0.51035,23.56781,0.48965
data\processed\bfw\asian\n006633\0120_03.jpg,data\processed\bfw\asian\n006633\0356_01.jpg,n006633,n006633,asian,asian,females,females,,,1,0.22246489,27.330006,0.7775351
data\processed\bfw\asian\n000135\0017_01.jpg,data\processed\bfw\asian\n000135\0082_02.jpg,n000135,n000135,asian,asian,females,females,,,1,0.6708624,19.070215,0.32913762
data\processed\bfw\asian\n001682\0080_01.jpg,data\processed\bfw\asian\n005177\0013_01.jpg,n001682,n005177,asian,asian,males,males,,,0,0.5627973,21.438585,0.4372027
data\processed\bfw\asian\n009125\0012_01.jpg,data\processed\bfw\asian\n007372\0148_01.jpg,n009125,n007372,asian,asian,females,females,,,0,0.16805653,27.754978,0.83194345
data\processed\bfw\asian\n004466\0223_01.jpg,data\processed\bfw\asian\n004466\0261_01.jpg,n004466,n004466,asian,asian,males,males,,,1,0.5727476,23.187838,0.4272524
data\processed\bfw\asian\n007372\0039_01.jpg,data\processed\bfw\asian\n007372\0177_01.jpg,n007372,n007372,asian,asian,females,females,,,1,0.503465,23.357092,0.496535
data\processed\bfw\asian\n003481\0119_02.jpg,data\processed\bfw\asian\n008163\0034_04.jpg,n003481,n008163,asian,asian,females,females,,,0,0.41801733,24.018517,0.5819827
data\processed\bfw\asian\n006149\0349_01.jpg,data\processed\bfw\asian\n005116\0228_03.jpg,n006149,n005116,asian,asian,females,males,,,0,0.06157594,32.395817,0.93842405
data\processed\bfw\asian\n000856\0075_01.jpg,data\processed\bfw\asian\n008934\0211_01.jpg,n000856,n008934,asian,asian,females,females,,,0,0.37541205,28.162241,0.62458795
data\processed\bfw\asian\n003449\0129_01.jpg,data\processed\bfw\asian\n005474\0239_01.jpg,n003449,n005474,asian,asian,females,females,,,0,0.40640232,25.268217,0.59359765
data\processed\bfw\asian\n004787\0197_01.jpg,data\processed\bfw\asian\n004787\0679_05.jpg,n004787,n004787,asian,asian,females,females,,,1,0.744603,15.764776,0.25539702
data\processed\bfw\asian\n003358\0202_01.jpg,data\processed\bfw\asian\n009294\0081_01.jpg,n003358,n009294,asian,asian,females,females,,,0,0.31644344,26.173323,0.68355656
data\processed\bfw\asian\n009287\0262_01.jpg,data\processed\bfw\asian\n004948\0004_02.jpg,n009287,n004948,asian,asian,females,males,,,0,-0.03662615,33.55405,1.0366261
data\processed\bfw\asian\n004785\0280_01.jpg,data\processed\bfw\asian\n004786\0056_01.jpg,n004785,n004786,asian,asian,females,females,,,0,0.43110362,23.790648,0.5688964
data\processed\bfw\asian\n000138\0066_09.jpg,data\processed\bfw\asian\n000138\0493_01.jpg,n000138,n000138,asian,asian,females,females,,,1,0.64748585,19.480185,0.35251415
data\processed\bfw\asian\n004787\0657_03.jpg,data\processed\bfw\asian\n004787\0692_01.jpg,n004787,n004787,asian,asian,females,females,,,1,0.57497287,20.1399,0.42502713
data\processed\bfw\asian\n003027\0459_01.jpg,data\processed\bfw\asian\n009294\0139_02.jpg,n003027,n009294,asian,asian,males,females,,,0,0.37008804,23.879221,0.62991196
data\processed\bfw\asian\n004108\0391_01.jpg,data\processed\bfw\asian\n004108\0401_02.jpg,n004108,n004108,asian,asian,males,males,,,1,0.716047,18.324778,0.283953
data\processed\bfw\asian\n001864\0003_01.jpg,data\processed\bfw\asian\n001864\0038_01.jpg,n001864,n001864,asian,asian,males,males,,,1,0.8367834,13.7768755,0.16321659
data\processed\bfw\asian\n005085\0192_01.jpg,data\processed\bfw\asian\n007814\0382_01.jpg,n005085,n007814,asian,asian,females,females,,,0,0.30519214,26.655306,0.6948079
data\processed\bfw\asian\n005446\0205_02.jpg,data\processed\bfw\asian\n009294\0098_01.jpg,n005446,n009294,asian,asian,females,females,,,0,0.3272669,25.984497,0.67273307
data\processed\bfw\asian\n007664\0023_02.jpg,data\processed\bfw\asian\n002644\0418_01.jpg,n007664,n002644,asian,asian,females,males,,,0,0.33298668,25.266357,0.6670133
data\processed\bfw\asian\n000148\0016_01.jpg,data\processed\bfw\asian\n000148\0579_01.jpg,n000148,n000148,asian,asian,females,females,,,1,0.5360174,21.36834,0.46398258
data\processed\bfw\asian\n004877\0004_01.jpg,data\processed\bfw\asian\n005474\0074_01.jpg,n004877,n005474,asian,asian,females,females,,,0,0.36398697,25.470037,0.63601303
data\processed\bfw\asian\n004681\0266_02.jpg,data\processed\bfw\asian\n004681\0287_01.jpg,n004681,n004681,asian,asian,males,males,,,1,0.72701913,15.058218,0.27298087
data\processed\bfw\asian\n004686\0079_01.jpg,data\processed\bfw\asian\n004686\0540_01.jpg,n004686,n004686,asian,asian,males,males,,,1,0.81496775,14.149107,0.18503225
data\processed\bfw\asian\n004785\0353_01.jpg,data\processed\bfw\asian\n004221\0135_02.jpg,n004785,n004221,asian,asian,females,males,,,0,0.089519866,31.255249,0.91048014
data\processed\bfw\asian\n007664\0023_02.jpg,data\processed\bfw\asian\n007664\0066_01.jpg,n007664,n007664,asian,asian,females,females,,,1,0.79174566,13.837656,0.20825434
data\processed\bfw\asian\n000839\0162_01.jpg,data\processed\bfw\asian\n000839\0210_01.jpg,n000839,n000839,asian,asian,females,females,,,1,0.7355471,16.505802,0.26445287
data\processed\bfw\asian\n005116\0333_03.jpg,data\processed\bfw\asian\n000132\0110_01__face_0.jpg,n005116,n000132,asian,asian,males,males,,,0,0.2652732,26.17086,0.7347268
data\processed\bfw\asian\n009277\0051_01.jpg,data\processed\bfw\asian\n009277\0150_01.jpg,n009277,n009277,asian,asian,females,females,,,1,0.70135814,16.983227,0.29864186
data\processed\bfw\asian\n003156\0086_01.jpg,data\processed\bfw\asian\n001562\0159_02.jpg,n003156,n001562,asian,asian,males,males,,,0,0.31274483,27.845928,0.68725514
data\processed\bfw\asian\n000143\0044_01.jpg,data\processed\bfw\asian\n004785\0167_02.jpg,n000143,n004785,asian,asian,females,females,,,0,0.2755895,26.966364,0.72441053
data\processed\bfw\asian\n009042\0036_01.jpg,data\processed\bfw\asian\n004221\0060_01.jpg,n009042,n004221,asian,asian,females,males,,,0,0.20986249,29.754799,0.7901375
data\processed\bfw\asian\n002509\0180_01.jpg,data\processed\bfw\asian\n009277\0018_01.jpg,n002509,n009277,asian,asian,females,females,,,0,0.30694297,26.991104,0.69305706
data\processed\bfw\asian\n003027\0374_01.jpg,data\processed\bfw\asian\n001682\0151_01.jpg,n003027,n001682,asian,asian,males,males,,,0,0.29045,26.41161,0.70955
data\processed\bfw\asian\n009288\0293_01.jpg,data\processed\bfw\asian\n007385\0358_01.jpg,n009288,n007385,asian,asian,females,females,,,0,0.25534147,27.87677,0.7446585
data\processed\bfw\asian\n004860\0040_01.jpg,data\processed\bfw\asian\n004860\0048_01.jpg,n004860,n004860,asian,asian,females,females,,,1,0.8332448,13.170192,0.1667552
data\processed\bfw\asian\n005216\0236_01.jpg,data\processed\bfw\asian\n000148\0016_01.jpg,n005216,n000148,asian,asian,females,females,,,0,0.31585714,27.019112,0.6841428
data\processed\bfw\asian\n003354\0058_01.jpg,data\processed\bfw\asian\n003354\0068_01.jpg,n003354,n003354,asian,asian,females,females,,,1,0.8258114,14.172464,0.17418861
data\processed\bfw\asian\n007816\0407_01.jpg,data\processed\bfw\asian\n007816\0543_01.jpg,n007816,n007816,asian,asian,females,females,,,1,0.52301824,22.672094,0.47698176
data\processed\bfw\asian\n003358\0233_01.jpg,data\processed\bfw\asian\n004864\0353_02.jpg,n003358,n004864,asian,asian,females,females,,,0,0.5302052,21.989674,0.4697948
data\processed\bfw\asian\n004466\0332_01.jpg,data\processed\bfw\asian\n006224\0069_07.jpg,n004466,n006224,asian,asian,males,females,,,0,0.16112506,29.91837,0.83887494
data\processed\bfw\asian\n001572\0115_01.jpg,data\processed\bfw\asian\n001572\0129_01.jpg,n001572,n001572,asian,asian,females,females,,,1,0.66761804,18.612095,0.33238196
data\processed\bfw\asian\n006203\0047_01.jpg,data\processed\bfw\asian\n009137\0416_01.jpg,n006203,n009137,asian,asian,females,females,,,0,0.5970934,19.74216,0.4029066
data\processed\bfw\asian\n008978\0062_01.jpg,data\processed\bfw\asian\n008978\0100_01.jpg,n008978,n008978,asian,asian,females,females,,,1,0.8530331,11.944969,0.14696687
data\processed\bfw\asian\n004794\0135_01.jpg,data\processed\bfw\asian\n004794\0203_02.jpg,n004794,n004794,asian,asian,males,males,,,1,0.7092659,17.703932,0.2907341
data\processed\bfw\asian\n000838\0025_01.jpg,data\processed\bfw\asian\n000838\0160_01.jpg,n000838,n000838,asian,asian,females,females,,,1,0.60062224,20.551548,0.39937776
data\processed\bfw\asian\n004948\0378_02.jpg,data\processed\bfw\asian\n004948\0667_01.jpg,n004948,n004948,asian,asian,males,males,,,1,0.6680684,17.78304,0.3319316
data\processed\bfw\asian\n009137\0182_02.jpg,data\processed\bfw\asian\n009137\0226_02.jpg,n009137,n009137,asian,asian,females,females,,,1,0.605797,19.140621,0.394203
data\processed\bfw\asian\n000837\0020_01.jpg,data\processed\bfw\asian\n000837\0032_02.jpg,n000837,n000837,asian,asian,females,females,,,1,0.778234,15.30058,0.221766
data\processed\bfw\asian\n003162\0508_01.jpg,data\processed\bfw\asian\n004935\0165_02.jpg,n003162,n004935,asian,asian,males,males,,,0,0.2918567,26.549562,0.7081433
data\processed\bfw\asian\n009041\0046_02.jpg,data\processed\bfw\asian\n009125\0064_01.jpg,n009041,n009125,asian,asian,females,females,,,0,0.51339096,22.618711,0.48660904
data\processed\bfw\asian\n005085\0061_01.jpg,data\processed\bfw\asian\n005085\0192_01.jpg,n005085,n005085,asian,asian,females,females,,,1,0.6454796,20.083178,0.35452038
data\processed\bfw\asian\n000160\0150_01.jpg,data\processed\bfw\asian\n000160\0308_01.jpg,n000160,n000160,asian,asian,females,females,,,1,0.6809835,17.8229,0.31901652
data\processed\bfw\asian\n005077\0002_01.jpg,data\processed\bfw\asian\n005077\0104_01.jpg,n005077,n005077,asian,asian,females,females,,,1,0.6200353,19.494219,0.3799647
data\processed\bfw\asian\n003557\0053_01.jpg,data\processed\bfw\asian\n006203\0241_05.jpg,n003557,n006203,asian,asian,females,females,,,0,0.62353337,19.793844,0.37646663
data\processed\bfw\asian\n002406\0070_01.jpg,data\processed\bfw\asian\n002406\0137_01.jpg,n002406,n002406,asian,asian,males,males,,,1,0.6202235,20.579508,0.37977648
data\processed\bfw\asian\n008401\0097_02.jpg,data\processed\bfw\asian\n008401\0380_01.jpg,n008401,n008401,asian,asian,females,females,,,1,0.6749938,17.124035,0.3250062
data\processed\bfw\asian\n001682\0251_02.jpg,data\processed\bfw\asian\n003167\0045_01.jpg,n001682,n003167,asian,asian,males,males,,,0,0.0257446,30.248314,0.9742554
data\processed\bfw\asian\n002644\0208_01.jpg,data\processed\bfw\asian\n002644\0319_01.jpg,n002644,n002644,asian,asian,males,males,,,1,0.70619285,16.118473,0.29380715
data\processed\bfw\asian\n000139\0099_01.jpg,data\processed\bfw\asian\n000139\0309_01.jpg,n000139,n000139,asian,asian,females,females,,,1,0.7229635,16.785797,0.2770365
data\processed\bfw\asian\n009148\0017_01.jpg,data\processed\bfw\asian\n009148\0083_01.jpg,n009148,n009148,asian,asian,females,females,,,1,0.7305074,16.020826,0.26949263
data\processed\bfw\asian\n004681\0019_01.jpg,data\processed\bfw\asian\n005446\0141_01.jpg,n004681,n005446,asian,asian,males,females,,,0,0.066899255,27.562273,0.93310076
data\processed\bfw\asian\n004877\0004_01.jpg,data\processed\bfw\asian\n004681\0340_01.jpg,n004877,n004681,asian,asian,females,males,,,0,0.42359152,23.956501,0.5764085
data\processed\bfw\asian\n005083\0252_01.jpg,data\processed\bfw\asian\n003533\0615_01.jpg,n005083,n003533,asian,asian,females,males,,,0,-0.005612478,33.20756,1.0056125
data\processed\bfw\asian\n009278\0006_01.jpg,data\processed\bfw\asian\n009278\0228_01.jpg,n009278,n009278,asian,asian,females,females,,,1,0.33904502,25.851883,0.66095495
data\processed\bfw\asian\n004680\0053_01.jpg,data\processed\bfw\asian\n004680\0241_01.jpg,n004680,n004680,asian,asian,females,females,,,1,0.44625595,24.477276,0.5537441
data\processed\bfw\asian\n003162\0191_01.jpg,data\processed\bfw\asian\n003162\0459_01.jpg,n003162,n003162,asian,asian,males,males,,,1,0.78947073,15.3931055,0.21052927
data\processed\bfw\asian\n009288\0172_01.jpg,data\processed\bfw\asian\n009288\0236_01.jpg,n009288,n009288,asian,asian,females,females,,,1,0.4060241,24.766935,0.5939759
data\processed\bfw\asian\n004687\0104_02.jpg,data\processed\bfw\asian\n004687\0307_01.jpg,n004687,n004687,asian,asian,females,females,,,1,0.6713656,18.913,0.32863438
data\processed\bfw\asian\n006224\0053_01.jpg,data\processed\bfw\asian\n006224\0086_01.jpg,n006224,n006224,asian,asian,females,females,,,1,0.6880099,20.46917,0.31199008
data\processed\bfw\asian\n000139\0184_01.jpg,data\processed\bfw\asian\n008978\0026_01.jpg,n000139,n008978,asian,asian,females,females,,,0,0.2834242,26.653917,0.7165758
data\processed\bfw\asian\n005063\0027_01.jpg,data\processed\bfw\asian\n005063\0439_01.jpg,n005063,n005063,asian,asian,females,females,,,1,0.41120818,23.913748,0.58879185
data\processed\bfw\asian\n003557\0006_06.jpg,data\processed\bfw\asian\n009177\0053_02.jpg,n003557,n009177,asian,asian,females,females,,,0,0.55640024,20.690693,0.44359976
data\processed\bfw\asian\n005116\0676_01.jpg,data\processed\bfw\asian\n007378\0289_01.jpg,n005116,n007378,asian,asian,males,females,,,0,0.30041313,27.493504,0.69958687
data\processed\bfw\asian\n006344\0431_07.jpg,data\processed\bfw\asian\n006126\0124_01.jpg,n006344,n006126,asian,asian,females,females,,,0,0.6185577,19.572197,0.3814423
data\processed\bfw\asian\n006222\0015_01.jpg,data\processed\bfw\asian\n006222\0151_01.jpg,n006222,n006222,asian,asian,females,females,,,1,0.7323956,16.580797,0.2676044
data\processed\bfw\asian\n004948\0194_01.jpg,data\processed\bfw\asian\n000138\0131_01.jpg,n004948,n000138,asian,asian,males,females,,,0,0.19753075,30.70695,0.80246925
data\processed\bfw\asian\n004870\0144_01.jpg,data\processed\bfw\asian\n006418\0504_01.jpg,n004870,n006418,asian,asian,females,females,,,0,0.15272324,28.98187,0.84727675
data\processed\bfw\asian\n005078\0250_01.jpg,data\processed\bfw\asian\n005078\0295_03.jpg,n005078,n005078,asian,asian,males,males,,,1,0.6980835,17.426403,0.30191648
data\processed\bfw\asian\n000161\0183_01.jpg,data\processed\bfw\asian\n009177\0456_01.jpg,n000161,n009177,asian,asian,males,females,,,0,0.1871038,29.520657,0.8128962
data\processed\bfw\asian\n007385\0118_01.jpg,data\processed\bfw\asian\n000840\0624_03.jpg,n007385,n000840,asian,asian,females,females,,,0,0.6032536,19.65258,0.3967464
data\processed\bfw\asian\n003635\0072_03.jpg,data\processed\bfw\asian\n003635\0089_02.jpg,n003635,n003635,asian,asian,males,males,,,1,0.550298,22.497126,0.44970202
data\processed\bfw\asian\n003467\0094_01.jpg,data\processed\bfw\asian\n000161\0101_01.jpg,n003467,n000161,asian,asian,females,males,,,0,0.21875133,29.091139,0.7812487
data\processed\bfw\asian\n005116\0332_01.jpg,data\processed\bfw\asian\n007814\0185_02.jpg,n005116,n007814,asian,asian,males,females,,,0,0.21827474,28.333841,0.7817253
data\processed\bfw\asian\n005071\0175_01.jpg,data\processed\bfw\asian\n004870\0288_02.jpg,n005071,n004870,asian,asian,males,females,,,0,0.024067093,32.410263,0.9759329
data\processed\bfw\asian\n005063\0016_02.jpg,data\processed\bfw\asian\n005063\0089_02.jpg,n005063,n005063,asian,asian,females,females,,,1,0.7478883,16.081917,0.25211167
data\processed\bfw\asian\n003491\0113_03.jpg,data\processed\bfw\asian\n004680\0260_01.jpg,n003491,n004680,asian,asian,males,females,,,0,0.19025557,30.516088,0.8097444
data\processed\bfw\asian\n005446\0279_01.jpg,data\processed\bfw\asian\n006149\0087_01.jpg,n005446,n006149,asian,asian,females,females,,,0,0.2783682,27.623316,0.72163177
data\processed\bfw\asian\n006125\0185_01.jpg,data\processed\bfw\asian\n000143\0122_01.jpg,n006125,n000143,asian,asian,females,females,,,0,0.18735382,27.742237,0.81264615
data\processed\bfw\asian\n006358\0325_01.jpg,data\processed\bfw\asian\n000856\0046_01.jpg,n006358,n000856,asian,asian,females,females,,,0,0.24389179,29.287117,0.7561082
data\processed\bfw\asian\n000139\0210_01.jpg,data\processed\bfw\asian\n000139\0501_01.jpg,n000139,n000139,asian,asian,females,females,,,1,0.63573,20.413837,0.36426997
data\processed\bfw\asian\n004948\0018_01.jpg,data\processed\bfw\asian\n003533\0062_02.jpg,n004948,n003533,asian,asian,males,males,,,0,-0.101618655,31.833847,1.1016186
data\processed\bfw\asian\n009287\0278_01.jpg,data\processed\bfw\asian\n003357\0006_01.jpg,n009287,n003357,asian,asian,females,females,,,0,-0.3243735,36.13816,1.3243735
data\processed\bfw\asian\n000161\0037_01.jpg,data\processed\bfw\asian\n000161\0223_01.jpg,n000161,n000161,asian,asian,males,males,,,1,0.62209177,20.73718,0.37790823
data\processed\bfw\asian\n003354\0047_01.jpg,data\processed\bfw\asian\n003354\0098_01.jpg,n003354,n003354,asian,asian,females,females,,,1,0.7141782,17.839226,0.2858218
data\processed\bfw\asian\n007664\0066_01.jpg,data\processed\bfw\asian\n007664\0810_01.jpg,n007664,n007664,asian,asian,females,females,,,1,0.6333939,18.484795,0.36660612
data\processed\bfw\asian\n000160\0105_01.jpg,data\processed\bfw\asian\n000160\0139_01.jpg,n000160,n000160,asian,asian,females,females,,,1,0.7052487,18.551382,0.2947513
data\processed\bfw\asian\n007378\0214_01.jpg,data\processed\bfw\asian\n004935\0519_01.jpg,n007378,n004935,asian,asian,females,males,,,0,0.35812813,25.074032,0.64187187
data\processed\bfw\asian\n007380\0019_01.jpg,data\processed\bfw\asian\n006125\0058_01.jpg,n007380,n006125,asian,asian,females,females,,,0,0.25989494,25.87416,0.74010503
data\processed\bfw\asian\n005077\0199_01.jpg,data\processed\bfw\asian\n008383\0068_01.jpg,n005077,n008383,asian,asian,females,females,,,0,0.17295359,28.663414,0.8270464
data\processed\bfw\asian\n006149\0009_01.jpg,data\processed\bfw\asian\n000132\0148_01__face_0.jpg,n006149,n000132,asian,asian,females,males,,,0,0.08810622,31.750326,0.9118938
data\processed\bfw\asian\n007664\0066_01.jpg,data\processed\bfw\asian\n000148\0229_01.jpg,n007664,n000148,asian,asian,females,females,,,0,0.21436918,27.68585,0.7856308
data\processed\bfw\asian\n009294\0031_03.jpg,data\processed\bfw\asian\n009294\0139_02.jpg,n009294,n009294,asian,asian,females,females,,,1,0.89392424,10.413832,0.10607576
data\processed\bfw\asian\n004791\0030_01.jpg,data\processed\bfw\asian\n003482\0155_05.jpg,n004791,n003482,asian,asian,males,males,,,0,-0.11249288,33.74896,1.1124929
data\processed\bfw\asian\n006222\0135_01.jpg,data\processed\bfw\asian\n009287\0115_01.jpg,n006222,n009287,asian,asian,females,females,,,0,0.24246922,27.197565,0.7575308
data\processed\bfw\asian\n003354\0175_01.jpg,data\processed\bfw\asian\n006634\0039_01.jpg,n003354,n006634,asian,asian,females,females,,,0,0.305177,27.09505,0.694823
data\processed\bfw\asian\n004809\0200_02.jpg,data\processed\bfw\asian\n009137\0047_02.jpg,n004809,n009137,asian,asian,males,females,,,0,0.039323594,30.321066,0.96067643
data\processed\bfw\asian\n003288\0628_01.jpg,data\processed\bfw\asian\n002406\0156_01.jpg,n003288,n002406,asian,asian,females,males,,,0,0.2882695,26.343613,0.7117305
data\processed\bfw\asian\n001572\0091_01.jpg,data\processed\bfw\asian\n001572\0242_01.jpg,n001572,n001572,asian,asian,females,females,,,1,0.5965949,20.862406,0.40340507
data\processed\bfw\asian\n003153\0075_01.jpg,data\processed\bfw\asian\n003153\0157_01.jpg,n003153,n003153,asian,asian,females,females,,,1,0.611374,18.194958,0.38862598
data\processed\bfw\asian\n003463\0005_01.jpg,data\processed\bfw\asian\n003506\0014_01.jpg,n003463,n003506,asian,asian,males,females,,,0,-0.039406583,33.889484,1.0394065
data\processed\bfw\asian\n006736\0121_03.jpg,data\processed\bfw\asian\n006736\0367_01.jpg,n006736,n006736,asian,asian,females,females,,,1,0.67588633,19.864866,0.32411367
data\processed\bfw\asian\n000872\0085_01.jpg,data\processed\bfw\asian\n000872\0101_01.jpg,n000872,n000872,asian,asian,males,males,,,1,0.5209596,21.711187,0.47904038
data\processed\bfw\asian\n001562\0065_01.jpg,data\processed\bfw\asian\n003533\0326_02.jpg,n001562,n003533,asian,asian,males,males,,,0,0.20754664,29.901531,0.79245335
data\processed\bfw\asian\n009103\0179_03.jpg,data\processed\bfw\asian\n005116\0083_01.jpg,n009103,n005116,asian,asian,females,males,,,0,0.1474321,32.59896,0.8525679
data\processed\bfw\asian\n005063\0016_02.jpg,data\processed\bfw\asian\n005077\0153_01.jpg,n005063,n005077,asian,asian,females,females,,,0,0.42401454,23.790937,0.57598543
data\processed\bfw\asian\n003155\0062_02.jpg,data\processed\bfw\asian\n004721\0177_01.jpg,n003155,n004721,asian,asian,males,males,,,0,0.32195505,24.603458,0.6780449
data\processed\bfw\asian\n005071\0154_01.jpg,data\processed\bfw\asian\n004466\0153_01.jpg,n005071,n004466,asian,asian,males,males,,,0,0.49147654,24.559132,0.50852346
data\processed\bfw\asian\n004800\0111_01.jpg,data\processed\bfw\asian\n004800\0828_02.jpg,n004800,n004800,asian,asian,males,males,,,1,0.6294702,18.786646,0.37052977
data\processed\bfw\asian\n009288\0028_01.jpg,data\processed\bfw\asian\n008148\0202_01.jpg,n009288,n008148,asian,asian,females,females,,,0,0.25027898,27.901268,0.74972105
data\processed\bfw\asian\n008163\0032_02.jpg,data\processed\bfw\asian\n009042\0250_01.jpg,n008163,n009042,asian,asian,females,females,,,0,-0.007368943,31.306965,1.0073689
data\processed\bfw\asian\n004721\0227_01.jpg,data\processed\bfw\asian\n006126\0197_01.jpg,n004721,n006126,asian,asian,males,females,,,0,0.15263125,28.73223,0.8473687
data\processed\bfw\asian\n002509\0104_02.jpg,data\processed\bfw\asian\n002509\0139_03.jpg,n002509,n002509,asian,asian,females,females,,,1,0.2323398,26.998463,0.7676602
data\processed\bfw\asian\n007380\0204_01.jpg,data\processed\bfw\asian\n007380\0268_01.jpg,n007380,n007380,asian,asian,females,females,,,1,0.52827495,21.855999,0.47172505
data\processed\bfw\asian\n009288\0107_01.jpg,data\processed\bfw\asian\n009288\0175_01.jpg,n009288,n009288,asian,asian,females,females,,,1,0.50537175,22.093285,0.49462825
data\processed\bfw\asian\n004549\0168_05.jpg,data\processed\bfw\asian\n004549\0656_02.jpg,n004549,n004549,asian,asian,females,females,,,1,0.38851812,24.837915,0.6114819
data\processed\bfw\asian\n000873\0176_01.jpg,data\processed\bfw\asian\n008401\0166_01.jpg,n000873,n008401,asian,asian,males,females,,,0,0.031036165,33.107468,0.96896386
data\processed\bfw\asian\n000840\0003_02.jpg,data\processed\bfw\asian\n000840\0025_01.jpg,n000840,n000840,asian,asian,females,females,,,1,0.60517156,20.541828,0.39482844
data\processed\bfw\asian\n007816\0760_01.jpg,data\processed\bfw\asian\n007385\0500_01.jpg,n007816,n007385,asian,asian,females,females,,,0,0.32859716,26.007488,0.6714028
data\processed\bfw\asian\n000135\0009_01.jpg,data\processed\bfw\asian\n000135\0039_04.jpg,n000135,n000135,asian,asian,females,females,,,1,0.7881014,15.180904,0.21189862
data\processed\bfw\asian\n001976\0090_01.jpg,data\processed\bfw\asian\n001976\0441_01.jpg,n001976,n001976,asian,asian,males,males,,,1,0.5013891,24.622635,0.4986109
data\processed\bfw\asian\n009177\0175_01.jpg,data\processed\bfw\asian\n003156\0086_01.jpg,n009177,n003156,asian,asian,females,males,,,0,0.34938282,26.757273,0.6506172
data\processed\bfw\asian\n009275\0323_03.jpg,data\processed\bfw\asian\n003481\0345_01.jpg,n009275,n003481,asian,asian,females,females,,,0,0.044022482,31.861004,0.9559775
data\processed\bfw\asian\n007816\0627_01.jpg,data\processed\bfw\asian\n006159\0073_01.jpg,n007816,n006159,asian,asian,females,females,,,0,0.45502526,24.14446,0.54497474
data\processed\bfw\asian\n003481\0141_01.jpg,data\processed\bfw\asian\n003481\0202_01.jpg,n003481,n003481,asian,asian,females,females,,,1,0.7026409,17.516417,0.2973591
data\processed\bfw\asian\n002775\0069_01.jpg,data\processed\bfw\asian\n002775\0088_02.jpg,n002775,n002775,asian,asian,males,males,,,1,0.85965574,12.504781,0.14034426
data\processed\bfw\asian\n007380\0268_01.jpg,data\processed\bfw\asian\n004785\0357_02.jpg,n007380,n004785,asian,asian,females,females,,,0,0.29809123,26.366583,0.70190877
data\processed\bfw\asian\n004809\0561_01.jpg,data\processed\bfw\asian\n002644\0257_01.jpg,n004809,n002644,asian,asian,males,males,,,0,0.4182291,23.877703,0.5817709
data\processed\bfw\asian\n002775\0086_03.jpg,data\processed\bfw\asian\n002775\0119_01.jpg,n002775,n002775,asian,asian,males,males,,,1,0.6397088,18.549435,0.36029118
data\processed\bfw\asian\n004687\0104_02.jpg,data\processed\bfw\asian\n002552\0400_01.jpg,n004687,n002552,asian,asian,females,males,,,0,0.126505,31.625355,0.873495
data\processed\bfw\asian\n009277\0365_01.jpg,data\processed\bfw\asian\n006203\0088_01.jpg,n009277,n006203,asian,asian,females,females,,,0,0.025027514,31.576916,0.9749725
data\processed\bfw\asian\n003463\0008_01.jpg,data\processed\bfw\asian\n000143\0014_01.jpg,n003463,n000143,asian,asian,males,females,,,0,0.071508996,29.794998,0.928491
data\processed\bfw\asian\n006358\0046_01.jpg,data\processed\bfw\asian\n006358\0094_01.jpg,n006358,n006358,asian,asian,females,females,,,1,0.604443,21.752657,0.395557
data\processed\bfw\asian\n006344\0025_02.jpg,data\processed\bfw\asian\n006344\0498_03.jpg,n006344,n006344,asian,asian,females,females,,,1,0.45064825,21.685112,0.54935175
data\processed\bfw\asian\n008163\0239_02.jpg,data\processed\bfw\asian\n005072\0235_01.jpg,n008163,n005072,asian,asian,females,males,,,0,-0.014505577,31.03407,1.0145056
data\processed\bfw\asian\n003467\0096_01.jpg,data\processed\bfw\asian\n003467\0188_03.jpg,n003467,n003467,asian,asian,females,females,,,1,0.68895507,18.26677,0.31104493
data\processed\bfw\asian\n006149\0005_01.jpg,data\processed\bfw\asian\n006149\0086_01.jpg,n006149,n006149,asian,asian,females,females,,,1,0.6918284,18.445013,0.30817157
data\processed\bfw\asian\n000838\0129_01.jpg,data\processed\bfw\asian\n000838\0247_01.jpg,n000838,n000838,asian,asian,females,females,,,1,0.7035131,17.504406,0.2964869
data\processed\bfw\asian\n006125\0247_01.jpg,data\processed\bfw\asian\n004469\0114_01.jpg,n006125,n004469,asian,asian,females,males,,,0,0.10204349,27.956274,0.8979565
data\processed\bfw\asian\n007738\0017_01.jpg,data\processed\bfw\asian\n003482\0338_02.jpg,n007738,n003482,asian,asian,females,males,,,0,-0.004876526,33.474712,1.0048765
data\processed\bfw\asian\n004785\0145_01.jpg,data\processed\bfw\asian\n004785\0211_01.jpg,n004785,n004785,asian,asian,females,females,,,1,0.71645325,17.510305,0.28354675
data\processed\bfw\asian\n008383\0161_02.jpg,data\processed\bfw\asian\n008383\0532_01.jpg,n008383,n008383,asian,asian,females,females,,,1,0.74904877,17.297264,0.25095123
data\processed\bfw\asian\n009103\0657_02.jpg,data\processed\bfw\asian\n002775\0137_04.jpg,n009103,n002775,asian,asian,females,males,,,0,0.11721403,29.24082,0.882786
data\processed\bfw\asian\n008148\0110_01.jpg,data\processed\bfw\asian\n009276\0049_01.jpg,n008148,n009276,asian,asian,females,females,,,0,0.33765095,26.221634,0.66234905
data\processed\bfw\asian\n002552\0530_01.jpg,data\processed\bfw\asian\n000009\0011_01.jpg,n002552,n000009,asian,asian,males,females,,,0,0.11445301,29.529827,0.885547
data\processed\bfw\asian\n004948\0318_02.jpg,data\processed\bfw\asian\n004948\0381_01.jpg,n004948,n004948,asian,asian,males,males,,,1,0.5292792,21.134903,0.47072083
data\processed\bfw\asian\n000854\0060_01.jpg,data\processed\bfw\asian\n008148\0123_01.jpg,n000854,n008148,asian,asian,females,females,,,0,0.39103475,26.092024,0.6089653
data\processed\bfw\asian\n006203\0022_01.jpg,data\processed\bfw\asian\n006203\0357_01.jpg,n006203,n006203,asian,asian,females,females,,,1,0.76970696,13.935885,0.23029304
data\processed\bfw\asian\n000139\0079_01.jpg,data\processed\bfw\asian\n003463\0005_01.jpg,n000139,n003463,asian,asian,females,males,,,0,0.2670662,28.853529,0.73293376
data\processed\bfw\asian\n007814\0135_01.jpg,data\processed\bfw\asian\n007814\0175_01.jpg,n007814,n007814,asian,asian,females,females,,,1,0.7728897,15.465872,0.22711033
data\processed\bfw\asian\n003167\0042_19.jpg,data\processed\bfw\asian\n004785\0082_01.jpg,n003167,n004785,asian,asian,males,females,,,0,0.3030142,26.62482,0.69698584
data\processed\bfw\asian\n007372\0190_01.jpg,data\processed\bfw\asian\n003467\0112_01.jpg,n007372,n003467,asian,asian,females,females,,,0,0.21715237,27.764715,0.78284764
data\processed\bfw\asian\n009277\0018_01.jpg,data\processed\bfw\asian\n009277\0026_01.jpg,n009277,n009277,asian,asian,females,females,,,1,0.82972234,13.0019455,0.17027766
data\processed\bfw\asian\n009175\0004_01.jpg,data\processed\bfw\asian\n009175\0486_01.jpg,n009175,n009175,asian,asian,females,females,,,1,0.81360453,13.30768,0.18639547
data\processed\bfw\asian\n007816\0627_01.jpg,data\processed\bfw\asian\n003467\0112_01.jpg,n007816,n003467,asian,asian,females,females,,,0,0.2027258,28.264965,0.79727423
data\processed\bfw\asian\n004877\0121_01.jpg,data\processed\bfw\asian\n004877\0441_01.jpg,n004877,n004877,asian,asian,females,females,,,1,0.66389257,18.206507,0.33610743
data\processed\bfw\asian\n000872\0274_02.jpg,data\processed\bfw\asian\n006222\0032_01.jpg,n000872,n006222,asian,asian,males,females,,,0,0.18596967,29.194204,0.81403035
data\processed\bfw\asian\n003463\0110_01.jpg,data\processed\bfw\asian\n003463\0152_01.jpg,n003463,n003463,asian,asian,males,males,,,1,0.6929796,17.606411,0.30702043
data\processed\bfw\asian\n008148\0110_01.jpg,data\processed\bfw\asian\n008148\0195_01.jpg,n008148,n008148,asian,asian,females,females,,,1,0.670795,17.7204,0.32920498
data\processed\bfw\asian\n004791\0361_01.jpg,data\processed\bfw\asian\n007814\0485_01.jpg,n004791,n007814,asian,asian,males,females,,,0,0.18429543,28.778364,0.8157046
data\processed\bfw\asian\n003533\0615_01.jpg,data\processed\bfw\asian\n009287\0034_01.jpg,n003533,n009287,asian,asian,males,females,,,0,0.18865201,29.654392,0.81134796
data\processed\bfw\asian\n009042\0057_01.jpg,data\processed\bfw\asian\n006774\0105_01.jpg,n009042,n006774,asian,asian,females,females,,,0,0.37536776,24.93341,0.62463224
data\processed\bfw\asian\n000839\0163_01.jpg,data\processed\bfw\asian\n003467\0358_01.jpg,n000839,n003467,asian,asian,females,females,,,0,0.3173089,27.132193,0.6826911
data\processed\bfw\asian\n004864\0059_01.jpg,data\processed\bfw\asian\n006224\0053_01.jpg,n004864,n006224,asian,asian,females,females,,,0,0.33102104,27.157228,0.6689789
data\processed\bfw\asian\n002406\0148_01.jpg,data\processed\bfw\asian\n000143\0064_01.jpg,n002406,n000143,asian,asian,males,females,,,0,0.11345779,30.021412,0.8865422
data\processed\bfw\asian\n003467\0030_01.jpg,data\processed\bfw\asian\n005078\0092_02.jpg,n003467,n005078,asian,asian,females,males,,,0,0.20999473,29.26652,0.79000527
data\processed\bfw\asian\n006223\0055_01.jpg,data\processed\bfw\asian\n001682\0074_01.jpg,n006223,n001682,asian,asian,females,males,,,0,-0.07339915,31.886517,1.0733992
data\processed\bfw\asian\n004108\0383_01.jpg,data\processed\bfw\asian\n004108\0391_01.jpg,n004108,n004108,asian,asian,males,males,,,1,0.6998263,19.050518,0.3001737
data\processed\bfw\asian\n004680\0053_01.jpg,data\processed\bfw\asian\n004680\0427_01.jpg,n004680,n004680,asian,asian,females,females,,,1,0.5995245,20.086363,0.4004755
data\processed\bfw\asian\n007385\0124_02.jpg,data\processed\bfw\asian\n005083\0077_01.jpg,n007385,n005083,asian,asian,females,females,,,0,0.22715686,27.282385,0.7728431
data\processed\bfw\asian\n008383\0175_01.jpg,data\processed\bfw\asian\n000838\0037_01.jpg,n008383,n000838,asian,asian,females,females,,,0,0.2407664,28.521387,0.7592336
data\processed\bfw\asian\n001682\0029_01.jpg,data\processed\bfw\asian\n001682\0074_01.jpg,n001682,n001682,asian,asian,males,males,,,1,0.9120078,9.876189,0.08799219
data\processed\bfw\asian\n006736\0283_01.jpg,data\processed\bfw\asian\n004681\0126_01.jpg,n006736,n004681,asian,asian,females,males,,,0,0.15729497,28.72379,0.842705
data\processed\bfw\asian\n000132\0148_01__face_0.jpg,data\processed\bfw\asian\n006159\0235_01.jpg,n000132,n006159,asian,asian,males,females,,,0,0.18459906,24.024584,0.81540096
data\processed\bfw\asian\n001976\0071_01.jpg,data\processed\bfw\asian\n001976\0237_01.jpg,n001976,n001976,asian,asian,males,males,,,1,0.70088077,17.391386,0.29911923
data\processed\bfw\asian\n000139\0281_01.jpg,data\processed\bfw\asian\n004791\0075_01.jpg,n000139,n004791,asian,asian,females,males,,,0,-0.09132639,32.32753,1.0913264
data\processed\bfw\asian\n000436\0348_01.jpg,data\processed\bfw\asian\n000436\0400_01.jpg,n000436,n000436,asian,asian,males,males,,,1,0.21416523,26.942879,0.7858348
data\processed\bfw\asian\n005071\0154_01.jpg,data\processed\bfw\asian\n003357\0406_01.jpg,n005071,n003357,asian,asian,males,females,,,0,-0.15514477,34.98521,1.1551448
data\processed\bfw\asian\n006634\0118_01.jpg,data\processed\bfw\asian\n003162\0176_01.jpg,n006634,n003162,asian,asian,females,males,,,0,-0.026758566,31.32161,1.0267586
data\processed\bfw\asian\n003467\0176_02.jpg,data\processed\bfw\asian\n009276\0079_01.jpg,n003467,n009276,asian,asian,females,females,,,0,0.30531842,27.04941,0.6946816
data\processed\bfw\asian\n002331\0153_01.jpg,data\processed\bfw\asian\n005071\0096_01.jpg,n002331,n005071,asian,asian,males,males,,,0,0.3935388,25.595428,0.60646117
data\processed\bfw\asian\n003155\0052_02.jpg,data\processed\bfw\asian\n002644\0123_02.jpg,n003155,n002644,asian,asian,males,males,,,0,0.2818298,25.501957,0.71817017
data\processed\bfw\asian\n005085\0201_01.jpg,data\processed\bfw\asian\n005085\0464_01.jpg,n005085,n005085,asian,asian,females,females,,,1,0.7182701,16.691357,0.28172988
data\processed\bfw\asian\n004108\0153_01.jpg,data\processed\bfw\asian\n004686\0503_01.jpg,n004108,n004686,asian,asian,males,males,,,0,0.39343032,24.481407,0.60656965
data\processed\bfw\asian\n003824\0122_01.jpg,data\processed\bfw\asian\n003824\0166_01.jpg,n003824,n003824,asian,asian,females,females,,,1,0.7632224,15.946683,0.2367776
data\processed\bfw\asian\n003824\0111_01.jpg,data\processed\bfw\asian\n003824\0697_01.jpg,n003824,n003824,asian,asian,females,females,,,1,0.5370305,21.85762,0.46296948
data\processed\bfw\asian\n004791\0263_01.jpg,data\processed\bfw\asian\n004791\0591_01.jpg,n004791,n004791,asian,asian,males,males,,,1,0.6455381,19.596247,0.3544619
data\processed\bfw\asian\n007270\0337_01.jpg,data\processed\bfw\asian\n007270\0410_01.jpg,n007270,n007270,asian,asian,females,females,,,1,0.8027159,14.584069,0.1972841
data\processed\bfw\asian\n001864\0038_01.jpg,data\processed\bfw\asian\n006774\0039_01.jpg,n001864,n006774,asian,asian,males,females,,,0,0.002037274,33.108192,0.9979627
data\processed\bfw\asian\n006159\0011_01.jpg,data\processed\bfw\asian\n008148\0108_01.jpg,n006159,n008148,asian,asian,females,females,,,0,-0.04894526,33.810944,1.0489453
data\processed\bfw\asian\n005474\0183_02.jpg,data\processed\bfw\asian\n009278\0192_01.jpg,n005474,n009278,asian,asian,females,females,,,0,0.68234366,17.660076,0.31765634
data\processed\bfw\asian\n007270\0060_01.jpg,data\processed\bfw\asian\n007270\0155_01.jpg,n007270,n007270,asian,asian,females,females,,,1,0.8581765,12.1606655,0.14182347
data\processed\bfw\asian\n001496\0642_01.jpg,data\processed\bfw\asian\n003027\0176_04.jpg,n001496,n003027,asian,asian,males,males,,,0,0.17322524,28.629051,0.8267748
data\processed\bfw\asian\n005072\0173_01.jpg,data\processed\bfw\asian\n005072\0258_01.jpg,n005072,n005072,asian,asian,males,males,,,1,0.58716697,20.56516,0.41283303
data\processed\bfw\asian\n006125\0058_01.jpg,data\processed\bfw\asian\n006125\0151_01.jpg,n006125,n006125,asian,asian,females,females,,,1,0.6916934,17.7051,0.30830657
data\processed\bfw\asian\n007899\0213_01.jpg,data\processed\bfw\asian\n007372\0252_01.jpg,n007899,n007372,asian,asian,females,females,,,0,0.36846942,26.805504,0.6315306
data\processed\bfw\asian\n004809\0220_03.jpg,data\processed\bfw\asian\n004809\0221_01.jpg,n004809,n004809,asian,asian,males,males,,,1,0.70871407,16.771212,0.29128593
data\processed\bfw\asian\n000009\0080_02.jpg,data\processed\bfw\asian\n008163\0429_01.jpg,n000009,n008163,asian,asian,females,females,,,0,0.2684107,26.480194,0.7315893
data\processed\bfw\asian\n004109\0070_01.jpg,data\processed\bfw\asian\n003155\0178_01.jpg,n004109,n003155,asian,asian,males,males,,,0,0.29023412,28.653793,0.7097659
data\processed\bfw\asian\n003489\0271_01.jpg,data\processed\bfw\asian\n009294\0098_01.jpg,n003489,n009294,asian,asian,males,females,,,0,0.19883594,28.360304,0.80116403
data\processed\bfw\asian\n006203\0663_02.jpg,data\processed\bfw\asian\n005216\0127_01.jpg,n006203,n005216,asian,asian,females,females,,,0,0.6547157,18.2184,0.34528428
data\processed\bfw\asian\n008934\0029_02.jpg,data\processed\bfw\asian\n008934\0209_01.jpg,n008934,n008934,asian,asian,females,females,,,1,0.6233457,20.715273,0.37665433
data\processed\bfw\asian\n003153\0194_03.jpg,data\processed\bfw\asian\n003153\0250_01.jpg,n003153,n003153,asian,asian,females,females,,,1,0.61991686,19.492584,0.38008314
data\processed\bfw\asian\n008978\0035_01.jpg,data\processed\bfw\asian\n008978\0236_01.jpg,n008978,n008978,asian,asian,females,females,,,1,0.5126628,21.405275,0.48733717
data\processed\bfw\asian\n003354\0027_01.jpg,data\processed\bfw\asian\n003354\0346_02.jpg,n003354,n003354,asian,asian,females,females,,,1,0.3916315,26.431423,0.6083685
data\processed\bfw\asian\n007738\0219_02.jpg,data\processed\bfw\asian\n006619\0172_01.jpg,n007738,n006619,asian,asian,females,females,,,0,0.3120551,28.225662,0.6879449
data\processed\bfw\asian\n000837\0075_01.jpg,data\processed\bfw\asian\n004680\0053_01.jpg,n000837,n004680,asian,asian,females,females,,,0,0.44961184,23.466352,0.55038816
data\processed\bfw\asian\n007372\0078_01.jpg,data\processed\bfw\asian\n004877\0075_01.jpg,n007372,n004877,asian,asian,females,females,,,0,0.4207956,22.960104,0.57920444
data\processed\bfw\asian\n003489\0084_02.jpg,data\processed\bfw\asian\n003489\0271_01.jpg,n003489,n003489,asian,asian,males,males,,,1,0.57967544,20.28198,0.42032456
data\processed\bfw\asian\n000872\0241_04.jpg,data\processed\bfw\asian\n004109\0003_01.jpg,n000872,n004109,asian,asian,males,males,,,0,0.42585915,23.386992,0.57414085
data\processed\bfw\asian\n009125\0172_01.jpg,data\processed\bfw\asian\n008401\0353_02.jpg,n009125,n008401,asian,asian,females,females,,,0,0.43019956,24.285547,0.56980044
data\processed\bfw\asian\n004469\0807_01.jpg,data\processed\bfw\asian\n004472\0295_03.jpg,n004469,n004472,asian,asian,males,females,,,0,0.17301264,29.38943,0.8269874
data\processed\bfw\asian\n007270\0060_01.jpg,data\processed\bfw\asian\n004721\0017_01.jpg,n007270,n004721,asian,asian,females,males,,,0,0.19048524,27.736006,0.80951476
data\processed\bfw\asian\n002552\0059_01.jpg,data\processed\bfw\asian\n002552\0569_01.jpg,n002552,n002552,asian,asian,males,males,,,1,0.67205846,18.225834,0.32794154
data\processed\bfw\asian\n000856\0538_01.jpg,data\processed\bfw\asian\n007738\0306_02.jpg,n000856,n007738,asian,asian,females,females,,,0,0.32319352,26.164515,0.67680645
data\processed\bfw\asian\n003358\0145_01.jpg,data\processed\bfw\asian\n003358\0216_01.jpg,n003358,n003358,asian,asian,females,females,,,1,0.8734003,10.851484,0.12659973
data\processed\bfw\asian\n005474\0128_01.jpg,data\processed\bfw\asian\n003162\0267_01.jpg,n005474,n003162,asian,asian,females,males,,,0,0.20617586,27.521471,0.79382414
data\processed\bfw\asian\n006619\0572_01.jpg,data\processed\bfw\asian\n009279\0077_01.jpg,n006619,n009279,asian,asian,females,females,,,0,0.27241796,27.354443,0.72758204
data\processed\bfw\asian\n003449\0183_01.jpg,data\processed\bfw\asian\n003449\0210_03.jpg,n003449,n003449,asian,asian,females,females,,,1,0.2887712,27.21597,0.7112288
data\processed\bfw\asian\n004686\0034_01.jpg,data\processed\bfw\asian\n004686\0302_01.jpg,n004686,n004686,asian,asian,males,males,,,1,0.76014197,15.42434,0.23985803
data\processed\bfw\asian\n001496\0076_01.jpg,data\processed\bfw\asian\n004725\0006_01.jpg,n001496,n004725,asian,asian,males,males,,,0,0.048455168,30.884838,0.9515448
data\processed\bfw\asian\n006344\0147_02.jpg,data\processed\bfw\asian\n006344\0204_01.jpg,n006344,n006344,asian,asian,females,females,,,1,0.6970758,16.902742,0.30292422
data\processed\bfw\asian\n004935\0210_01.jpg,data\processed\bfw\asian\n004935\0213_01.jpg,n004935,n004935,asian,asian,males,males,,,1,0.73098195,15.176381,0.26901805
data\processed\bfw\asian\n004930\0200_01.jpg,data\processed\bfw\asian\n004680\0050_02.jpg,n004930,n004680,asian,asian,females,females,,,0,0.37326792,26.387678,0.6267321
data\processed\bfw\asian\n000009\0125_01.jpg,data\processed\bfw\asian\n000009\0195_01.jpg,n000009,n000009,asian,asian,females,females,,,1,0.28339618,26.994415,0.7166038
data\processed\bfw\asian\n002725\0446_01.jpg,data\processed\bfw\asian\n007380\0131_01.jpg,n002725,n007380,asian,asian,females,females,,,0,-0.028982857,31.802927,1.0289829
data\processed\bfw\asian\n009175\0007_01.jpg,data\processed\bfw\asian\n009175\0084_01.jpg,n009175,n009175,asian,asian,females,females,,,1,0.77322036,15.271417,0.22677964
data\processed\bfw\asian\n008978\0001_01.jpg,data\processed\bfw\asian\n008978\0097_02.jpg,n008978,n008978,asian,asian,females,females,,,1,0.65828085,19.064491,0.34171915
data\processed\bfw\asian\n002331\0371_01.jpg,data\processed\bfw\asian\n004472\0093_01.jpg,n002331,n004472,asian,asian,males,females,,,0,0.023159232,33.17762,0.9768408
data\processed\bfw\asian\n004809\0482_01.jpg,data\processed\bfw\asian\n003449\0180_01.jpg,n004809,n003449,asian,asian,males,females,,,0,0.1610191,28.935305,0.8389809
data\processed\bfw\asian\n004785\0169_01.jpg,data\processed\bfw\asian\n004785\0364_01.jpg,n004785,n004785,asian,asian,females,females,,,1,0.42615542,24.99159,0.57384455
data\processed\bfw\asian\n000143\0187_01.jpg,data\processed\bfw\asian\n000143\0321_01.jpg,n000143,n000143,asian,asian,females,females,,,1,0.7277652,16.286203,0.2722348
data\processed\bfw\asian\n004809\0149_01.jpg,data\processed\bfw\asian\n004786\0021_01.jpg,n004809,n004786,asian,asian,males,females,,,0,0.26231074,26.458275,0.73768926
data\processed\bfw\asian\n005177\0065_01.jpg,data\processed\bfw\asian\n009287\0185_01.jpg,n005177,n009287,asian,asian,males,females,,,0,0.26377818,28.188505,0.7362218
data\processed\bfw\asian\n004864\0378_01.jpg,data\processed\bfw\asian\n003557\0086_01.jpg,n004864,n003557,asian,asian,females,females,,,0,0.4993589,23.024052,0.5006411
data\processed\bfw\asian\n004809\0117_01.jpg,data\processed\bfw\asian\n004809\0482_01.jpg,n004809,n004809,asian,asian,males,males,,,1,0.76675963,14.946197,0.23324037
data\processed\bfw\asian\n006126\0124_01.jpg,data\processed\bfw\asian\n004948\0536_02.jpg,n006126,n004948,asian,asian,females,males,,,0,0.36004138,26.003439,0.6399586
data\processed\bfw\asian\n004870\0264_01.jpg,data\processed\bfw\asian\n004870\0266_01.jpg,n004870,n004870,asian,asian,females,females,,,1,0.44728506,24.457386,0.55271494
data\processed\bfw\asian\n005177\0042_01.jpg,data\processed\bfw\asian\n005177\0294_01.jpg,n005177,n005177,asian,asian,males,males,,,1,0.8837031,11.201615,0.11629689
data\processed\bfw\asian\n003449\0027_01.jpg,data\processed\bfw\asian\n003449\0083_01.jpg,n003449,n003449,asian,asian,females,females,,,1,0.62744296,19.792248,0.37255704
data\processed\bfw\asian\n001864\0171_01.jpg,data\processed\bfw\asian\n001864\0283_01.jpg,n001864,n001864,asian,asian,males,males,,,1,0.8181889,13.188632,0.1818111
data\processed\bfw\asian\n002320\0200_01.jpg,data\processed\bfw\asian\n002320\0210_02.jpg,n002320,n002320,asian,asian,males,males,,,1,0.7253984,18.030024,0.27460158
data\processed\bfw\asian\n007814\0144_01.jpg,data\processed\bfw\asian\n003167\0602_01.jpg,n007814,n003167,asian,asian,females,males,,,0,0.15390125,31.725422,0.8460988
data\processed\bfw\asian\n007089\0105_01.jpg,data\processed\bfw\asian\n007089\0144_02.jpg,n007089,n007089,asian,asian,females,females,,,1,0.80481577,14.722834,0.19518423
data\processed\bfw\asian\n004860\0068_01.jpg,data\processed\bfw\asian\n004805\0241_01.jpg,n004860,n004805,asian,asian,females,males,,,0,0.21930653,27.519503,0.7806935
data\processed\bfw\asian\n007664\0066_01.jpg,data\processed\bfw\asian\n000148\0579_01.jpg,n007664,n000148,asian,asian,females,females,,,0,0.23504539,27.17151,0.7649546
data\processed\bfw\asian\n009148\0054_01.jpg,data\processed\bfw\asian\n009148\0087_01.jpg,n009148,n009148,asian,asian,females,females,,,1,0.5118154,22.063686,0.48818457
data\processed\bfw\asian\n007664\0104_01.jpg,data\processed\bfw\asian\n007664\0367_01.jpg,n007664,n007664,asian,asian,females,females,,,1,0.5005635,22.025331,0.4994365
data\processed\bfw\asian\n003358\0166_01.jpg,data\processed\bfw\asian\n003358\0318_02.jpg,n003358,n003358,asian,asian,females,females,,,1,0.57079995,20.783146,0.42920005
data\processed\bfw\asian\n007664\0029_01.jpg,data\processed\bfw\asian\n007664\0796_01.jpg,n007664,n007664,asian,asian,females,females,,,1,0.8373943,12.241039,0.1626057
data\processed\bfw\asian\n005072\0068_02.jpg,data\processed\bfw\asian\n005072\0151_01.jpg,n005072,n005072,asian,asian,males,males,,,1,0.88055074,11.556716,0.11944926
data\processed\bfw\asian\n002331\0001_01.jpg,data\processed\bfw\asian\n002331\0183_01.jpg,n002331,n002331,asian,asian,males,males,,,1,0.83247423,13.712885,0.16752577
data\processed\bfw\asian\n003467\0188_03.jpg,data\processed\bfw\asian\n003467\0400_03.jpg,n003467,n003467,asian,asian,females,females,,,1,0.65130347,19.982931,0.34869653
data\processed\bfw\asian\n008163\0001_02.jpg,data\processed\bfw\asian\n008163\0609_02.jpg,n008163,n008163,asian,asian,females,females,,,1,0.7889219,14.767753,0.2110781
data\processed\bfw\asian\n004936\0469_01.jpg,data\processed\bfw\asian\n004936\0757_01.jpg,n004936,n004936,asian,asian,females,females,,,1,0.6413571,19.602465,0.35864288
data\processed\bfw\asian\n004467\0004_01.jpg,data\processed\bfw\asian\n004467\0677_01.jpg,n004467,n004467,asian,asian,males,males,,,1,0.7198032,16.44168,0.2801968
data\processed\bfw\asian\n002775\0160_02.jpg,data\processed\bfw\asian\n000436\0001_03.jpg,n002775,n000436,asian,asian,males,males,,,0,0.45515394,24.26991,0.54484606
data\processed\bfw\asian\n004686\0077_01.jpg,data\processed\bfw\asian\n004686\0423_01.jpg,n004686,n004686,asian,asian,males,males,,,1,0.65279996,19.597565,0.34720004
data\processed\bfw\asian\n003467\0146_02.jpg,data\processed\bfw\asian\n003467\0405_01.jpg,n003467,n003467,asian,asian,females,females,,,1,0.7452469,16.830109,0.2547531
data\processed\bfw\asian\n005446\0051_01.jpg,data\processed\bfw\asian\n002725\0295_01.jpg,n005446,n002725,asian,asian,females,females,,,0,0.44187456,24.23611,0.55812544
data\processed\bfw\asian\n009041\0040_01.jpg,data\processed\bfw\asian\n009279\0185_01.jpg,n009041,n009279,asian,asian,females,females,,,0,0.3319329,26.122353,0.6680671
data\processed\bfw\asian\n006736\0068_01.jpg,data\processed\bfw\asian\n006736\0121_03.jpg,n006736,n006736,asian,asian,females,females,,,1,0.8351269,13.762117,0.16487312
data\processed\bfw\asian\n008383\0107_01.jpg,data\processed\bfw\asian\n008383\0268_01.jpg,n008383,n008383,asian,asian,females,females,,,1,0.73429465,16.9816,0.26570535
data\processed\bfw\asian\n000839\0480_03.jpg,data\processed\bfw\asian\n009287\0115_01.jpg,n000839,n009287,asian,asian,females,females,,,0,0.33190948,26.476213,0.6680905
data\processed\bfw\asian\n006224\0185_01.jpg,data\processed\bfw\asian\n006224\0212_01.jpg,n006224,n006224,asian,asian,females,females,,,1,0.015510573,28.608595,0.98448944
data\processed\bfw\asian\n003223\0143_01.jpg,data\processed\bfw\asian\n003223\0258_03.jpg,n003223,n003223,asian,asian,males,males,,,1,0.6230222,20.051952,0.3769778
data\processed\bfw\asian\n000143\0226_04.jpg,data\processed\bfw\asian\n007378\0217_01.jpg,n000143,n007378,asian,asian,females,females,,,0,0.38718283,25.647327,0.61281717
data\processed\bfw\asian\n006203\0022_01.jpg,data\processed\bfw\asian\n006203\0663_02.jpg,n006203,n006203,asian,asian,females,females,,,1,0.6848209,16.86272,0.3151791
data\processed\bfw\asian\n007372\0054_01.jpg,data\processed\bfw\asian\n007372\0189_01.jpg,n007372,n007372,asian,asian,females,females,,,1,0.6723437,18.277905,0.32765633
data\processed\bfw\asian\n004809\0013_12.jpg,data\processed\bfw\asian\n004809\0178_02.jpg,n004809,n004809,asian,asian,males,males,,,1,0.5689493,20.902729,0.43105072
data\processed\bfw\asian\n007380\0070_01.jpg,data\processed\bfw\asian\n007380\0207_01.jpg,n007380,n007380,asian,asian,females,females,,,1,0.64003694,18.557316,0.35996306
data\processed\bfw\asian\n002331\0139_01.jpg,data\processed\bfw\asian\n004800\0526_01.jpg,n002331,n004800,asian,asian,males,males,,,0,0.27556705,27.229736,0.72443295
data\processed\bfw\asian\n009177\0010_01.jpg,data\processed\bfw\asian\n005474\0210_02.jpg,n009177,n005474,asian,asian,females,females,,,0,0.3455274,25.349207,0.6544726
data\processed\bfw\asian\n001572\0076_01.jpg,data\processed\bfw\asian\n001572\0138_01.jpg,n001572,n001572,asian,asian,females,females,,,1,0.80489177,13.638738,0.19510823
data\processed\bfw\asian\n009137\0070_01.jpg,data\processed\bfw\asian\n009137\0104_01.jpg,n009137,n009137,asian,asian,females,females,,,1,0.7157324,16.227467,0.2842676
data\processed\bfw\asian\n009103\0274_01.jpg,data\processed\bfw\asian\n009103\0724_01.jpg,n009103,n009103,asian,asian,females,females,,,1,0.76644677,14.716206,0.23355323
data\processed\bfw\asian\n008934\0141_01.jpg,data\processed\bfw\asian\n006159\0127_02.jpg,n008934,n006159,asian,asian,females,females,,,0,0.15969734,29.871576,0.84030265
data\processed\bfw\asian\n003489\0261_01.jpg,data\processed\bfw\asian\n003557\0217_01.jpg,n003489,n003557,asian,asian,males,females,,,0,0.21150206,28.464447,0.7884979
data\processed\bfw\asian\n006224\0083_01.jpg,data\processed\bfw\asian\n006224\0293_01.jpg,n006224,n006224,asian,asian,females,females,,,1,0.7539744,17.284304,0.24602562
data\processed\bfw\asian\n001496\0149_01.jpg,data\processed\bfw\asian\n001496\0218_01.jpg,n001496,n001496,asian,asian,males,males,,,1,0.7942475,14.3734665,0.20575249
data\processed\bfw\asian\n000135\0208_01.jpg,data\processed\bfw\asian\n003463\0367_01.jpg,n000135,n003463,asian,asian,females,males,,,0,0.3632279,26.24379,0.6367721
data\processed\bfw\asian\n004809\0166_04.jpg,data\processed\bfw\asian\n004809\0328_01.jpg,n004809,n004809,asian,asian,males,males,,,1,0.753653,15.075696,0.24634701
data\processed\bfw\asian\n000143\0014_01.jpg,data\processed\bfw\asian\n000143\0069_01.jpg,n000143,n000143,asian,asian,females,females,,,1,0.830337,12.724332,0.16966301
data\processed\bfw\asian\n000837\0085_01.jpg,data\processed\bfw\asian\n004680\0158_01.jpg,n000837,n004680,asian,asian,females,females,,,0,0.70735776,19.428041,0.29264224
data\processed\bfw\asian\n003463\0005_01.jpg,data\processed\bfw\asian\n003463\0129_01.jpg,n003463,n003463,asian,asian,males,males,,,1,0.7755554,16.092104,0.22444463
data\processed\bfw\asian\n002775\0034_02.jpg,data\processed\bfw\asian\n003482\0050_01.jpg,n002775,n003482,asian,asian,males,males,,,0,0.38466078,23.916586,0.6153392
data\processed\bfw\asian\n006159\0174_01.jpg,data\processed\bfw\asian\n003467\0176_02.jpg,n006159,n003467,asian,asian,females,females,,,0,0.16265488,29.376242,0.8373451
data\processed\bfw\asian\n004108\0077_01.jpg,data\processed\bfw\asian\n004108\0239_01.jpg,n004108,n004108,asian,asian,males,males,,,1,0.64323276,18.44178,0.35676724
data\processed\bfw\asian\n005085\0376_01.jpg,data\processed\bfw\asian\n005085\0464_01.jpg,n005085,n005085,asian,asian,females,females,,,1,0.6229621,19.758717,0.37703788
data\processed\bfw\asian\n003465\0303_01.jpg,data\processed\bfw\asian\n004794\0043_01.jpg,n003465,n004794,asian,asian,males,males,,,0,0.17098162,28.41732,0.82901835
data\processed\bfw\asian\n009148\0155_01.jpg,data\processed\bfw\asian\n008163\0223_01.jpg,n009148,n008163,asian,asian,females,females,,,0,0.17892745,26.574318,0.8210726
data\processed\bfw\asian\n001496\0664_01.jpg,data\processed\bfw\asian\n000143\0081_01.jpg,n001496,n000143,asian,asian,males,females,,,0,0.009874819,31.85963,0.9901252
data\processed\bfw\asian\n004108\0350_02.jpg,data\processed\bfw\asian\n004108\0529_01.jpg,n004108,n004108,asian,asian,males,males,,,1,0.42271623,22.948032,0.57728374
data\processed\bfw\asian\n008163\0451_03.jpg,data\processed\bfw\asian\n000143\0734_02.jpg,n008163,n000143,asian,asian,females,females,,,0,0.45613658,23.625961,0.5438634
data\processed\bfw\asian\n006159\0011_01.jpg,data\processed\bfw\asian\n006159\0113_02.jpg,n006159,n006159,asian,asian,females,females,,,1,0.8674158,12.280237,0.13258421
data\processed\bfw\asian\n001682\0080_01.jpg,data\processed\bfw\asian\n007372\0238_01.jpg,n001682,n007372,asian,asian,males,females,,,0,0.02465861,32.41889,0.9753414
data\processed\bfw\asian\n003482\0098_01.jpg,data\processed\bfw\asian\n004680\0027_01.jpg,n003482,n004680,asian,asian,males,females,,,0,0.10697627,32.380096,0.8930237
data\processed\bfw\asian\n002331\0054_02.jpg,data\processed\bfw\asian\n000856\0014_01.jpg,n002331,n000856,asian,asian,males,females,,,0,0.15961036,30.588646,0.8403896
data\processed\bfw\asian\n005078\0107_01.jpg,data\processed\bfw\asian\n001496\0171_01.jpg,n005078,n001496,asian,asian,males,males,,,0,0.2878601,27.23016,0.7121399
data\processed\bfw\asian\n009276\0036_01.jpg,data\processed\bfw\asian\n009276\0172_02.jpg,n009276,n009276,asian,asian,females,females,,,1,0.66330326,17.428965,0.33669674
data\processed\bfw\asian\n004725\0006_01.jpg,data\processed\bfw\asian\n004725\0197_01.jpg,n004725,n004725,asian,asian,males,males,,,1,0.7082191,17.655878,0.2917809
data\processed\bfw\asian\n003162\0350_02.jpg,data\processed\bfw\asian\n007814\0016_01.jpg,n003162,n007814,asian,asian,males,females,,,0,-0.10297539,34.525173,1.1029754
data\processed\bfw\asian\n008978\0003_01.jpg,data\processed\bfw\asian\n009278\0031_02.jpg,n008978,n009278,asian,asian,females,females,,,0,0.2714671,26.906656,0.7285329
data\processed\bfw\asian\n004472\0258_01.jpg,data\processed\bfw\asian\n004870\0050_02.jpg,n004472,n004870,asian,asian,females,females,,,0,0.36103463,26.039383,0.63896537
data\processed\bfw\asian\n007372\0113_01.jpg,data\processed\bfw\asian\n007372\0238_01.jpg,n007372,n007372,asian,asian,females,females,,,1,0.54589283,22.539772,0.45410717
data\processed\bfw\asian\n009148\0054_01.jpg,data\processed\bfw\asian\n009148\0097_01.jpg,n009148,n009148,asian,asian,females,females,,,1,0.6340374,19.447971,0.36596262
data\processed\bfw\asian\n006125\0101_01.jpg,data\processed\bfw\asian\n006125\0179_13.jpg,n006125,n006125,asian,asian,females,females,,,1,0.72908205,17.171093,0.27091795
data\processed\bfw\asian\n003481\0055_01.jpg,data\processed\bfw\asian\n005116\0172_01.jpg,n003481,n005116,asian,asian,females,males,,,0,0.27338937,27.1026,0.72661066
data\processed\bfw\asian\n003506\0177_01.jpg,data\processed\bfw\asian\n009288\0270_01.jpg,n003506,n009288,asian,asian,females,females,,,0,0.16819173,29.2769,0.83180827
data\processed\bfw\asian\n009103\0331_01.jpg,data\processed\bfw\asian\n006633\0718_02.jpg,n009103,n006633,asian,asian,females,females,,,0,0.41172147,24.95361,0.58827853
data\processed\bfw\asian\n002644\0054_01.jpg,data\processed\bfw\asian\n000139\0233_01.jpg,n002644,n000139,asian,asian,males,females,,,0,0.36073008,24.090849,0.63926995
data\processed\bfw\asian\n005069\0098_01.jpg,data\processed\bfw\asian\n005069\0225_01.jpg,n005069,n005069,asian,asian,females,females,,,1,0.52893597,21.567007,0.47106403
data\processed\bfw\asian\n000840\0036_03.jpg,data\processed\bfw\asian\n000840\0541_02.jpg,n000840,n000840,asian,asian,females,females,,,1,0.19420648,29.523582,0.8057935
data\processed\bfw\asian\n001976\0221_02.jpg,data\processed\bfw\asian\n003156\0058_01.jpg,n001976,n003156,asian,asian,males,males,,,0,0.21493562,29.15038,0.7850644
data\processed\bfw\asian\n000436\0056_06.jpg,data\processed\bfw\asian\n004680\0241_01.jpg,n000436,n004680,asian,asian,males,females,,,0,0.14600144,30.922607,0.85399854
data\processed\bfw\asian\n004809\0482_01.jpg,data\processed\bfw\asian\n004809\0561_01.jpg,n004809,n004809,asian,asian,males,males,,,1,0.84990704,12.094278,0.15009296
data\processed\bfw\asian\n003355\0056_01.jpg,data\processed\bfw\asian\n003355\0252_02.jpg,n003355,n003355,asian,asian,males,males,,,1,0.71382254,17.60828,0.28617746
data\processed\bfw\asian\n006358\0136_02.jpg,data\processed\bfw\asian\n006358\0333_02.jpg,n006358,n006358,asian,asian,females,females,,,1,0.8023892,15.43469,0.1976108
data\processed\bfw\asian\n006633\0489_04.jpg,data\processed\bfw\asian\n006633\0688_01.jpg,n006633,n006633,asian,asian,females,females,,,1,0.45877978,25.059607,0.5412202
data\processed\bfw\asian\n004935\0061_01.jpg,data\processed\bfw\asian\n004935\0259_01.jpg,n004935,n004935,asian,asian,males,males,,,1,0.81521446,13.419636,0.18478554
data\processed\bfw\asian\n009276\0102_01.jpg,data\processed\bfw\asian\n003467\0400_03.jpg,n009276,n003467,asian,asian,females,females,,,0,0.09955238,30.499077,0.9004476
data\processed\bfw\asian\n007270\0055_01.jpg,data\processed\bfw\asian\n007270\0155_01.jpg,n007270,n007270,asian,asian,females,females,,,1,0.8801976,10.971721,0.119802415
data\processed\bfw\asian\n000839\0185_01.jpg,data\processed\bfw\asian\n002406\0534_02.jpg,n000839,n002406,asian,asian,females,males,,,0,0.37040544,27.300196,0.62959456
data\processed\bfw\asian\n000158\0012_01.jpg,data\processed\bfw\asian\n000158\0066_01.jpg,n000158,n000158,asian,asian,males,males,,,1,0.90555674,10.056246,0.09444326
data\processed\bfw\asian\n009277\0051_01.jpg,data\processed\bfw\asian\n004108\0267_02.jpg,n009277,n004108,asian,asian,females,males,,,0,0.3326045,25.47436,0.6673955
data\processed\bfw\asian\n003489\0020_01.jpg,data\processed\bfw\asian\n003489\0112_01.jpg,n003489,n003489,asian,asian,males,males,,,1,0.9157099,9.613519,0.08429009
data\processed\bfw\asian\n003357\0008_01.jpg,data\processed\bfw\asian\n005378\0409_02.jpg,n003357,n005378,asian,asian,females,females,,,0,0.4268135,23.00012,0.5731865
data\processed\bfw\asian\n003533\0101_02.jpg,data\processed\bfw\asian\n006203\0022_01.jpg,n003533,n006203,asian,asian,males,females,,,0,0.18827723,27.083569,0.81172276
data\processed\bfw\asian\n004467\0191_01.jpg,data\processed\bfw\asian\n004467\0656_01.jpg,n004467,n004467,asian,asian,males,males,,,1,0.7070814,17.773037,0.29291862
data\processed\bfw\asian\n006634\0010_01.jpg,data\processed\bfw\asian\n004549\0656_02.jpg,n006634,n004549,asian,asian,females,females,,,0,0.3284509,26.511587,0.6715491
data\processed\bfw\asian\n006223\0183_01.jpg,data\processed\bfw\asian\n006223\0385_01.jpg,n006223,n006223,asian,asian,females,females,,,1,0.7463481,15.077351,0.25365192
data\processed\bfw\asian\n006774\0070_01.jpg,data\processed\bfw\asian\n006774\0393_01.jpg,n006774,n006774,asian,asian,females,females,,,1,0.7051489,17.70207,0.29485112
data\processed\bfw\asian\n002320\0316_02.jpg,data\processed\bfw\asian\n004786\0041_02.jpg,n002320,n004786,asian,asian,males,females,,,0,0.12910877,27.859018,0.8708912
data\processed\bfw\asian\n009288\0121_01.jpg,data\processed\bfw\asian\n009288\0156_02.jpg,n009288,n009288,asian,asian,females,females,,,1,0.82579064,13.094223,0.17420936
data\processed\bfw\asian\n007089\0033_01.jpg,data\processed\bfw\asian\n003449\0073_01.jpg,n007089,n003449,asian,asian,females,females,,,0,0.4297519,24.885477,0.5702481
data\processed\bfw\asian\n003027\0173_01.jpg,data\processed\bfw\asian\n003027\0470_01.jpg,n003027,n003027,asian,asian,males,males,,,1,0.90373975,9.567775,0.09626025
data\processed\bfw\asian\n003288\0230_01.jpg,data\processed\bfw\asian\n003288\0572_01.jpg,n003288,n003288,asian,asian,females,females,,,1,0.56102747,21.459972,0.43897253
data\processed\bfw\asian\n002725\0013_01.jpg,data\processed\bfw\asian\n004785\0211_01.jpg,n002725,n004785,asian,asian,females,females,,,0,0.3626013,26.098787,0.6373987
data\processed\bfw\asian\n007899\0169_01.jpg,data\processed\bfw\asian\n001682\0048_01.jpg,n007899,n001682,asian,asian,females,males,,,0,-0.024236845,31.969883,1.0242368
data\processed\bfw\asian\n003465\0248_01.jpg,data\processed\bfw\asian\n007385\0129_01.jpg,n003465,n007385,asian,asian,males,females,,,0,0.12659103,30.269466,0.873409
data\processed\bfw\asian\n009287\0027_01.jpg,data\processed\bfw\asian\n009287\0064_01.jpg,n009287,n009287,asian,asian,females,females,,,1,0.74784917,16.219492,0.25215083
data\processed\bfw\asian\n004805\0083_01.jpg,data\processed\bfw\asian\n004805\0263_06.jpg,n004805,n004805,asian,asian,males,males,,,1,0.62100804,18.99158,0.37899196
data\processed\bfw\asian\n001572\0158_01.jpg,data\processed\bfw\asian\n001572\0329_01.jpg,n001572,n001572,asian,asian,females,females,,,1,0.7300446,17.064817,0.2699554
data\processed\bfw\asian\n009148\0078_01.jpg,data\processed\bfw\asian\n009103\0220_01.jpg,n009148,n009103,asian,asian,females,females,,,0,0.5433589,20.298971,0.45664108
data\processed\bfw\asian\n003223\0062_01.jpg,data\processed\bfw\asian\n003223\0327_01.jpg,n003223,n003223,asian,asian,males,males,,,1,0.7599194,16.140121,0.2400806
data\processed\bfw\asian\n000854\0428_01.jpg,data\processed\bfw\asian\n004221\0226_06.jpg,n000854,n004221,asian,asian,females,males,,,0,0.05630959,34.72979,0.9436904
data\processed\bfw\asian\n003467\0030_01.jpg,data\processed\bfw\asian\n003467\0096_01.jpg,n003467,n003467,asian,asian,females,females,,,1,0.7464329,16.728285,0.2535671
data\processed\bfw\asian\n003355\0266_01.jpg,data\processed\bfw\asian\n003355\0620_01.jpg,n003355,n003355,asian,asian,males,males,,,1,0.5524405,21.415,0.44755948
data\processed\bfw\asian\n000160\0308_01.jpg,data\processed\bfw\asian\n000160\0350_01.jpg,n000160,n000160,asian,asian,females,females,,,1,0.69984096,16.698034,0.30015904
data\processed\bfw\asian\n000139\0216_01.jpg,data\processed\bfw\asian\n000139\0261_01.jpg,n000139,n000139,asian,asian,females,females,,,1,0.46879482,23.376715,0.5312052
data\processed\bfw\asian\n000873\0176_01.jpg,data\processed\bfw\asian\n000873\0348_02.jpg,n000873,n000873,asian,asian,males,males,,,1,0.28999245,28.901718,0.71000755
data\processed\bfw\asian\n006634\0010_01.jpg,data\processed\bfw\asian\n006634\0679_01.jpg,n006634,n006634,asian,asian,females,females,,,1,0.74491835,15.282722,0.25508165
data\processed\bfw\asian\n004948\0241_01.jpg,data\processed\bfw\asian\n000856\0110_02.jpg,n004948,n000856,asian,asian,males,females,,,0,0.15677257,30.243626,0.84322745
data\processed\bfw\asian\n005378\0092_01.jpg,data\processed\bfw\asian\n005378\0326_01.jpg,n005378,n005378,asian,asian,females,females,,,1,0.20084426,31.417063,0.7991557
data\processed\bfw\asian\n000139\0216_01.jpg,data\processed\bfw\asian\n007899\0169_01.jpg,n000139,n007899,asian,asian,females,females,,,0,0.15745305,28.817007,0.84254694
data\processed\bfw\asian\n000161\0133_01.jpg,data\processed\bfw\asian\n000838\0058_01.jpg,n000161,n000838,asian,asian,males,females,,,0,0.3298445,25.525621,0.6701555
data\processed\bfw\asian\n001562\0198_02.jpg,data\processed\bfw\asian\n001562\0360_02.jpg,n001562,n001562,asian,asian,males,males,,,1,0.6865421,17.825216,0.3134579
data\processed\bfw\asian\n006159\0122_01.jpg,data\processed\bfw\asian\n006159\0265_01.jpg,n006159,n006159,asian,asian,females,females,,,1,0.3443077,27.516869,0.65569234
data\processed\bfw\asian\n004936\0111_04.jpg,data\processed\bfw\asian\n004936\0136_02.jpg,n004936,n004936,asian,asian,females,females,,,1,0.6201064,19.882446,0.3798936
data\processed\bfw\asian\n005116\0283_01.jpg,data\processed\bfw\asian\n005474\0058_03.jpg,n005116,n005474,asian,asian,males,females,,,0,0.2775616,27.581505,0.7224384
data\processed\bfw\asian\n004935\0138_01.jpg,data\processed\bfw\asian\n001976\0283_01.jpg,n004935,n001976,asian,asian,males,males,,,0,0.33116198,25.716982,0.668838
data\processed\bfw\asian\n003355\0008_01.jpg,data\processed\bfw\asian\n003355\0184_01.jpg,n003355,n003355,asian,asian,males,males,,,1,0.7868096,14.598529,0.21319038
data\processed\bfw\asian\n009137\0521_02.jpg,data\processed\bfw\asian\n006619\0417_01.jpg,n009137,n006619,asian,asian,females,females,,,0,0.39021745,23.855999,0.6097826
data\processed\bfw\asian\n007899\0212_01.jpg,data\processed\bfw\asian\n007899\0250_01.jpg,n007899,n007899,asian,asian,females,females,,,1,0.6246553,17.97195,0.3753447
data\processed\bfw\asian\n003153\0624_01.jpg,data\processed\bfw\asian\n008934\0264_01.jpg,n003153,n008934,asian,asian,females,females,,,0,0.4795655,23.682217,0.5204345
data\processed\bfw\asian\n004860\0040_01.jpg,data\processed\bfw\asian\n004860\0346_03.jpg,n004860,n004860,asian,asian,females,females,,,1,0.24174224,28.090578,0.75825775
data\processed\bfw\asian\n004877\0092_02.jpg,data\processed\bfw\asian\n004877\0472_01.jpg,n004877,n004877,asian,asian,females,females,,,1,0.50310975,24.442484,0.49689025
data\processed\bfw\asian\n000436\0675_01.jpg,data\processed\bfw\asian\n003506\0319_01.jpg,n000436,n003506,asian,asian,males,females,,,0,0.161054,28.419556,0.838946
data\processed\bfw\asian\n003449\0001_01.jpg,data\processed\bfw\asian\n005072\0272_01.jpg,n003449,n005072,asian,asian,females,males,,,0,0.03586378,32.795113,0.96413624
data\processed\bfw\asian\n009287\0115_01.jpg,data\processed\bfw\asian\n009294\0018_02.jpg,n009287,n009294,asian,asian,females,females,,,0,0.42974532,24.60864,0.5702547
data\processed\bfw\asian\n006619\0142_01.jpg,data\processed\bfw\asian\n009041\0569_01.jpg,n006619,n009041,asian,asian,females,females,,,0,0.009653829,32.196136,0.9903462
data\processed\bfw\asian\n005177\0235_01.jpg,data\processed\bfw\asian\n005116\0442_01.jpg,n005177,n005116,asian,asian,males,males,,,0,0.03166056,33.005013,0.96833944
data\processed\bfw\asian\n005071\0630_01.jpg,data\processed\bfw\asian\n006149\0275_01.jpg,n005071,n006149,asian,asian,males,females,,,0,0.052963972,32.556538,0.947036
data\processed\bfw\asian\n006774\0391_01.jpg,data\processed\bfw\asian\n006774\0696_01.jpg,n006774,n006774,asian,asian,females,females,,,1,0.3779324,24.945335,0.6220676
data\processed\bfw\asian\n006633\0056_01.jpg,data\processed\bfw\asian\n005083\0198_01.jpg,n006633,n005083,asian,asian,females,females,,,0,0.295489,26.083216,0.704511
data\processed\bfw\asian\n004686\0271_01.jpg,data\processed\bfw\asian\n004686\0302_01.jpg,n004686,n004686,asian,asian,males,males,,,1,0.7298329,17.605999,0.2701671
data\processed\bfw\asian\n007899\0064_01.jpg,data\processed\bfw\asian\n004809\0200_02.jpg,n007899,n004809,asian,asian,females,males,,,0,0.15043665,29.195635,0.84956336
data\processed\bfw\asian\n005378\0370_01.jpg,data\processed\bfw\asian\n002406\0093_01.jpg,n005378,n002406,asian,asian,females,males,,,0,0.17034684,28.760914,0.82965314
data\processed\bfw\asian\n002331\0243_01.jpg,data\processed\bfw\asian\n000148\0025_01.jpg,n002331,n000148,asian,asian,males,females,,,0,0.15405491,28.795004,0.8459451
data\processed\bfw\asian\n005069\0135_01.jpg,data\processed\bfw\asian\n005378\0242_02.jpg,n005069,n005378,asian,asian,females,females,,,0,0.27255714,27.853926,0.72744286
data\processed\bfw\asian\n003449\0073_01.jpg,data\processed\bfw\asian\n003449\0180_01.jpg,n003449,n003449,asian,asian,females,females,,,1,0.7632299,15.643966,0.2367701
data\processed\bfw\asian\n004221\0158_03.jpg,data\processed\bfw\asian\n004221\0173_01.jpg,n004221,n004221,asian,asian,males,males,,,1,0.8384257,13.995155,0.1615743
data\processed\bfw\asian\n009279\0255_01.jpg,data\processed\bfw\asian\n004109\0172_01.jpg,n009279,n004109,asian,asian,females,males,,,0,0.09886031,31.199892,0.9011397
data\processed\bfw\asian\n006126\0012_01.jpg,data\processed\bfw\asian\n005078\0091_03.jpg,n006126,n005078,asian,asian,females,males,,,0,0.1337509,29.51235,0.8662491
data\processed\bfw\asian\n005083\0046_01.jpg,data\processed\bfw\asian\n005083\0190_01.jpg,n005083,n005083,asian,asian,females,females,,,1,0.7733686,16.235159,0.2266314
data\processed\bfw\asian\n004109\0125_01.jpg,data\processed\bfw\asian\n003491\0081_04.jpg,n004109,n003491,asian,asian,males,males,,,0,0.3684692,25.888433,0.63153076
data\processed\bfw\asian\n006203\0009_04.jpg,data\processed\bfw\asian\n006203\0085_03.jpg,n006203,n006203,asian,asian,females,females,,,1,0.84986204,12.259092,0.15013796
data\processed\bfw\asian\n004794\0203_02.jpg,data\processed\bfw\asian\n004794\0603_01.jpg,n004794,n004794,asian,asian,males,males,,,1,0.784361,15.189231,0.215639
data\processed\bfw\asian\n007378\0509_01.jpg,data\processed\bfw\asian\n004877\0055_01.jpg,n007378,n004877,asian,asian,females,females,,,0,0.15397608,29.356876,0.8460239
data\processed\bfw\asian\n004466\0137_01.jpg,data\processed\bfw\asian\n007380\0268_01.jpg,n004466,n007380,asian,asian,males,females,,,0,0.29962984,25.887436,0.7003702
data\processed\bfw\asian\n000837\0023_02.jpg,data\processed\bfw\asian\n000837\0046_02.jpg,n000837,n000837,asian,asian,females,females,,,1,0.7774413,15.656447,0.22255868
data\processed\bfw\asian\n003027\0037_01.jpg,data\processed\bfw\asian\n003027\0085_01.jpg,n003027,n003027,asian,asian,males,males,,,1,0.8907707,9.696129,0.109229326
data\processed\bfw\asian\n006774\0364_02.jpg,data\processed\bfw\asian\n004466\0225_01.jpg,n006774,n004466,asian,asian,females,males,,,0,0.28088388,25.772755,0.7191161
data\processed\bfw\asian\n004687\0295_01.jpg,data\processed\bfw\asian\n006149\0009_01.jpg,n004687,n006149,asian,asian,females,females,,,0,0.48798585,22.38176,0.51201415
data\processed\bfw\asian\n007816\0329_01.jpg,data\processed\bfw\asian\n007816\0375_01.jpg,n007816,n007816,asian,asian,females,females,,,1,0.65579313,17.955658,0.34420687
data\processed\bfw\asian\n003635\0648_02.jpg,data\processed\bfw\asian\n005071\0182_01.jpg,n003635,n005071,asian,asian,males,males,,,0,0.46428004,25.536263,0.53572
data\processed\bfw\asian\n002644\0557_01.jpg,data\processed\bfw\asian\n006223\0033_01.jpg,n002644,n006223,asian,asian,males,females,,,0,0.27202857,27.557446,0.72797143
data\processed\bfw\asian\n004936\0324_01.jpg,data\processed\bfw\asian\n007899\0082_01.jpg,n004936,n007899,asian,asian,females,females,,,0,0.28066313,27.307426,0.71933687
data\processed\bfw\asian\n004687\0019_01.jpg,data\processed\bfw\asian\n004687\0113_01.jpg,n004687,n004687,asian,asian,females,females,,,1,0.73077697,17.268204,0.26922303
data\processed\bfw\asian\n004721\0046_01.jpg,data\processed\bfw\asian\n004721\0200_01.jpg,n004721,n004721,asian,asian,males,males,,,1,0.79164326,14.031649,0.20835674
data\processed\bfw\asian\n000137\0097_01.jpg,data\processed\bfw\asian\n003153\0610_04.jpg,n000137,n003153,asian,asian,females,females,,,0,-0.15474144,33.45612,1.1547414
data\processed\bfw\asian\n004794\0015_05.jpg,data\processed\bfw\asian\n004794\0313_02.jpg,n004794,n004794,asian,asian,males,males,,,1,0.74101627,15.492147,0.25898373
data\processed\bfw\asian\n006125\0058_01.jpg,data\processed\bfw\asian\n006125\0163_01.jpg,n006125,n006125,asian,asian,females,females,,,1,0.73806494,15.680587,0.26193506
data\processed\bfw\asian\n000161\0175_05.jpg,data\processed\bfw\asian\n006222\0103_01.jpg,n000161,n006222,asian,asian,males,females,,,0,0.18274784,28.536472,0.81725216
data\processed\bfw\asian\n000009\0012_01.jpg,data\processed\bfw\asian\n008934\0039_01.jpg,n000009,n008934,asian,asian,females,females,,,0,0.2754767,26.329262,0.7245233
data\processed\bfw\asian\n009148\0017_01.jpg,data\processed\bfw\asian\n000838\0027_01.jpg,n009148,n000838,asian,asian,females,females,,,0,0.029207231,29.525274,0.9707928
data\processed\bfw\asian\n005077\0006_01.jpg,data\processed\bfw\asian\n005116\0050_01.jpg,n005077,n005116,asian,asian,females,males,,,0,0.10174206,28.798124,0.898258
data\processed\bfw\asian\n009175\0007_01.jpg,data\processed\bfw\asian\n004681\0366_01.jpg,n009175,n004681,asian,asian,females,males,,,0,0.04357171,31.097902,0.9564283
data\processed\bfw\asian\n004109\0047_02.jpg,data\processed\bfw\asian\n004109\0199_01.jpg,n004109,n004109,asian,asian,males,males,,,1,0.693753,17.533451,0.306247
data\processed\bfw\asian\n006224\0030_01.jpg,data\processed\bfw\asian\n006224\0212_01.jpg,n006224,n006224,asian,asian,females,females,,,1,0.66812885,20.525879,0.33187115
data\processed\bfw\asian\n007270\0197_01.jpg,data\processed\bfw\asian\n004948\0378_02.jpg,n007270,n004948,asian,asian,females,males,,,0,0.108992234,29.9607,0.8910078
data\processed\bfw\asian\n006222\0104_01.jpg,data\processed\bfw\asian\n006222\0135_01.jpg,n006222,n006222,asian,asian,females,females,,,1,0.75071084,16.431286,0.24928916
data\processed\bfw\asian\n005083\0254_01.jpg,data\processed\bfw\asian\n004870\0266_01.jpg,n005083,n004870,asian,asian,females,females,,,0,0.40759516,23.450243,0.59240484
data\processed\bfw\asian\n007378\0217_01.jpg,data\processed\bfw\asian\n004800\0289_02.jpg,n007378,n004800,asian,asian,females,males,,,0,0.21185592,28.575779,0.7881441
data\processed\bfw\asian\n004466\0045_01.jpg,data\processed\bfw\asian\n004466\0321_01.jpg,n004466,n004466,asian,asian,males,males,,,1,0.79717785,14.381875,0.20282215
data\processed\bfw\asian\n003288\0385_01.jpg,data\processed\bfw\asian\n003288\0495_01.jpg,n003288,n003288,asian,asian,females,females,,,1,0.6153368,18.933878,0.38466322
data\processed\bfw\asian\n003463\0075_01.jpg,data\processed\bfw\asian\n000839\0163_01.jpg,n003463,n000839,asian,asian,males,females,,,0,0.34565476,26.513725,0.6543453
data\processed\bfw\asian\n008148\0206_01.jpg,data\processed\bfw\asian\n008148\0244_01.jpg,n008148,n008148,asian,asian,females,females,,,1,0.6144837,19.483643,0.3855163
data\processed\bfw\asian\n009175\0020_01.jpg,data\processed\bfw\asian\n006223\0189_01.jpg,n009175,n006223,asian,asian,females,females,,,0,0.32861632,24.988485,0.6713837
data\processed\bfw\asian\n003489\0061_01.jpg,data\processed\bfw\asian\n003489\0220_01.jpg,n003489,n003489,asian,asian,males,males,,,1,0.6720496,18.9725,0.32795042
data\processed\bfw\asian\n009294\0110_02.jpg,data\processed\bfw\asian\n006736\0030_01.jpg,n009294,n006736,asian,asian,females,females,,,0,0.24624641,28.453262,0.7537536
data\processed\bfw\asian\n004721\0203_01.jpg,data\processed\bfw\asian\n004721\0478_01.jpg,n004721,n004721,asian,asian,males,males,,,1,0.3970652,22.405886,0.60293484
data\processed\bfw\asian\n006358\0083_03.jpg,data\processed\bfw\asian\n003491\0086_01.jpg,n006358,n003491,asian,asian,females,males,,,0,0.29413825,29.961922,0.70586175
data\processed\bfw\asian\n001496\0219_01.jpg,data\processed\bfw\asian\n001496\0444_01.jpg,n001496,n001496,asian,asian,males,males,,,1,0.58781016,20.907532,0.41218984
data\processed\bfw\asian\n007270\0128_01.jpg,data\processed\bfw\asian\n007270\0289_01.jpg,n007270,n007270,asian,asian,females,females,,,1,0.9015215,10.119999,0.098478496
data\processed\bfw\asian\n000160\0347_01.jpg,data\processed\bfw\asian\n003463\0023_01.jpg,n000160,n003463,asian,asian,females,males,,,0,0.14993508,29.562578,0.85006493
data\processed\bfw\asian\n000148\0365_01.jpg,data\processed\bfw\asian\n008978\0083_01.jpg,n000148,n008978,asian,asian,females,females,,,0,0.5946511,19.758247,0.4053489
data\processed\bfw\asian\n008163\0645_01.jpg,data\processed\bfw\asian\n003491\0019_01.jpg,n008163,n003491,asian,asian,females,males,,,0,0.13464835,28.792772,0.8653517
data\processed\bfw\asian\n005069\0313_01.jpg,data\processed\bfw\asian\n005069\0502_02.jpg,n005069,n005069,asian,asian,females,females,,,1,0.42236403,25.17323,0.577636
data\processed\bfw\asian\n003465\0023_06.jpg,data\processed\bfw\asian\n003465\0413_01.jpg,n003465,n003465,asian,asian,males,males,,,1,0.48562056,23.368597,0.51437944
data\processed\bfw\asian\n000139\0498_01.jpg,data\processed\bfw\asian\n004549\0357_03.jpg,n000139,n004549,asian,asian,females,females,,,0,-0.020702055,33.98305,1.020702
data\processed\bfw\asian\n008934\0053_01.jpg,data\processed\bfw\asian\n000135\0255_01.jpg,n008934,n000135,asian,asian,females,females,,,0,0.30861485,26.651989,0.69138515
data\processed\bfw\asian\n000436\0088_03.jpg,data\processed\bfw\asian\n000436\0407_01.jpg,n000436,n000436,asian,asian,males,males,,,1,0.46799073,24.87647,0.53200924
data\processed\bfw\asian\n009177\0363_01.jpg,data\processed\bfw\asian\n008163\0429_01.jpg,n009177,n008163,asian,asian,females,females,,,0,0.24805729,27.460377,0.7519427
data\processed\bfw\asian\n003533\0128_01.jpg,data\processed\bfw\asian\n003533\0138_01.jpg,n003533,n003533,asian,asian,males,males,,,1,0.83807904,13.192894,0.16192096
data\processed\bfw\asian\n001682\0041_01.jpg,data\processed\bfw\asian\n000873\0050_02.jpg,n001682,n000873,asian,asian,males,males,,,0,0.20426868,29.459702,0.7957313
data\processed\bfw\asian\n000138\0066_09.jpg,data\processed\bfw\asian\n005069\0225_01.jpg,n000138,n005069,asian,asian,females,females,,,0,0.32739294,26.139206,0.67260706
data\processed\bfw\asian\n004864\0148_01.jpg,data\processed\bfw\asian\n006774\0111_01.jpg,n004864,n006774,asian,asian,females,females,,,0,0.383489,25.151302,0.616511
data\processed\bfw\asian\n004472\0155_01.jpg,data\processed\bfw\asian\n004472\0295_03.jpg,n004472,n004472,asian,asian,females,females,,,1,0.59783584,20.602829,0.40216416
data\processed\bfw\asian\n004681\0101_01.jpg,data\processed\bfw\asian\n006159\0178_01.jpg,n004681,n006159,asian,asian,males,females,,,0,0.3501694,24.631882,0.6498306
data\processed\bfw\asian\n008978\0236_01.jpg,data\processed\bfw\asian\n009294\0282_03.jpg,n008978,n009294,asian,asian,females,females,,,0,0.6024915,19.431536,0.3975085
data\processed\bfw\asian\n000872\0200_01.jpg,data\processed\bfw\asian\n000872\0241_04.jpg,n000872,n000872,asian,asian,males,males,,,1,0.58112454,20.218256,0.41887546
data\processed\bfw\asian\n007372\0177_01.jpg,data\processed\bfw\asian\n000856\0134_02.jpg,n007372,n000856,asian,asian,females,females,,,0,0.32757822,27.424278,0.6724218
data\processed\bfw\asian\n003824\0019_01.jpg,data\processed\bfw\asian\n004800\0428_01.jpg,n003824,n004800,asian,asian,females,males,,,0,0.12574023,30.458338,0.87425977
data\processed\bfw\asian\n009287\0256_04.jpg,data\processed\bfw\asian\n007378\0458_01.jpg,n009287,n007378,asian,asian,females,females,,,0,0.18348795,29.291004,0.81651205
data\processed\bfw\asian\n006223\0126_01.jpg,data\processed\bfw\asian\n006223\0250_01.jpg,n006223,n006223,asian,asian,females,females,,,1,0.74673533,15.660656,0.25326467
data\processed\bfw\asian\n000158\0066_01.jpg,data\processed\bfw\asian\n000158\0161_01.jpg,n000158,n000158,asian,asian,males,males,,,1,0.8333882,13.256532,0.16661179
data\processed\bfw\asian\n007378\0175_01.jpg,data\processed\bfw\asian\n007378\0500_02.jpg,n007378,n007378,asian,asian,females,females,,,1,0.7141554,17.429781,0.28584462
data\processed\bfw\asian\n004870\0094_04.jpg,data\processed\bfw\asian\n001572\0393_01.jpg,n004870,n001572,asian,asian,females,females,,,0,0.38267127,24.84932,0.61732876
data\processed\bfw\asian\n003355\0016_01.jpg,data\processed\bfw\asian\n000840\0053_01.jpg,n003355,n000840,asian,asian,males,females,,,0,0.25516528,27.77134,0.7448347
data\processed\bfw\asian\n003467\0395_01.jpg,data\processed\bfw\asian\n003467\0405_01.jpg,n003467,n003467,asian,asian,females,females,,,1,0.73047996,16.991726,0.26952004
data\processed\bfw\asian\n006418\0165_02.jpg,data\processed\bfw\asian\n006418\0386_01.jpg,n006418,n006418,asian,asian,females,females,,,1,0.76250523,15.117985,0.23749477
data\processed\bfw\asian\n000137\0050_01.jpg,data\processed\bfw\asian\n000137\0110_01.jpg,n000137,n000137,asian,asian,females,females,,,1,0.80108714,14.913335,0.19891286
data\processed\bfw\asian\n009275\0238_02.jpg,data\processed\bfw\asian\n009275\0343_01.jpg,n009275,n009275,asian,asian,females,females,,,1,0.65024287,18.121967,0.34975713
data\processed\bfw\asian\n006126\0128_01.jpg,data\processed\bfw\asian\n005378\0176_01.jpg,n006126,n005378,asian,asian,females,females,,,0,0.28310457,26.966656,0.71689546
data\processed\bfw\asian\n003156\0004_01.jpg,data\processed\bfw\asian\n003156\0103_01.jpg,n003156,n003156,asian,asian,males,males,,,1,0.72427416,17.242249,0.27572584
data\processed\bfw\asian\n000143\0406_01.jpg,data\processed\bfw\asian\n007380\0525_01.jpg,n000143,n007380,asian,asian,females,females,,,0,0.49777183,22.185762,0.50222814
data\processed\bfw\asian\n003358\0139_01.jpg,data\processed\bfw\asian\n004680\0175_01.jpg,n003358,n004680,asian,asian,females,females,,,0,0.3972237,24.833376,0.6027763
data\processed\bfw\asian\n003489\0220_01.jpg,data\processed\bfw\asian\n008383\0118_01.jpg,n003489,n008383,asian,asian,males,females,,,0,0.3684389,25.196028,0.6315611
data\processed\bfw\asian\n009277\0178_01.jpg,data\processed\bfw\asian\n009277\0365_01.jpg,n009277,n009277,asian,asian,females,females,,,1,0.5773034,21.062237,0.4226966
data\processed\bfw\asian\n001562\0052_01.jpg,data\processed\bfw\asian\n001562\0070_01.jpg,n001562,n001562,asian,asian,males,males,,,1,0.8272286,15.086071,0.1727714
data\processed\bfw\asian\n006418\0075_02.jpg,data\processed\bfw\asian\n006418\0129_01.jpg,n006418,n006418,asian,asian,females,females,,,1,0.78419006,14.437291,0.21580994
data\processed\bfw\asian\n005078\0079_01.jpg,data\processed\bfw\asian\n005078\0202_01.jpg,n005078,n005078,asian,asian,males,males,,,1,0.80975306,13.925257,0.19024694
data\processed\bfw\asian\n006125\0217_01.jpg,data\processed\bfw\asian\n004948\0401_02.jpg,n006125,n004948,asian,asian,females,males,,,0,0.25870842,29.992092,0.7412916
data\processed\bfw\asian\n004108\0188_01.jpg,data\processed\bfw\asian\n004108\0337_02.jpg,n004108,n004108,asian,asian,males,males,,,1,0.5443545,22.22966,0.4556455
data\processed\bfw\asian\n002406\0027_02.jpg,data\processed\bfw\asian\n009277\0026_01.jpg,n002406,n009277,asian,asian,males,females,,,0,0.38155007,25.728605,0.6184499
data\processed\bfw\asian\n008934\0053_01.jpg,data\processed\bfw\asian\n008934\0128_01.jpg,n008934,n008934,asian,asian,females,females,,,1,0.69742006,18.154552,0.30257994
data\processed\bfw\asian\n004686\0100_01.jpg,data\processed\bfw\asian\n004686\0544_01.jpg,n004686,n004686,asian,asian,males,males,,,1,0.8069936,14.341718,0.1930064
data\processed\bfw\asian\n009288\0107_01.jpg,data\processed\bfw\asian\n009288\0156_02.jpg,n009288,n009288,asian,asian,females,females,,,1,0.81438303,13.900414,0.18561697
data\processed\bfw\asian\n005474\0125_04.jpg,data\processed\bfw\asian\n005474\0298_05.jpg,n005474,n005474,asian,asian,females,females,,,1,0.4049462,25.955511,0.5950538
data\processed\bfw\asian\n009041\0553_01.jpg,data\processed\bfw\asian\n009103\0286_01.jpg,n009041,n009103,asian,asian,females,females,,,0,0.18223426,28.988354,0.8177657
data\processed\bfw\asian\n005083\0057_02.jpg,data\processed\bfw\asian\n005083\0108_01.jpg,n005083,n005083,asian,asian,females,females,,,1,0.8346484,12.6410265,0.16535163
data\processed\bfw\asian\n000139\0309_01.jpg,data\processed\bfw\asian\n000139\0501_01.jpg,n000139,n000139,asian,asian,females,females,,,1,0.64625597,19.803894,0.35374403
data\processed\bfw\asian\n004864\0171_01.jpg,data\processed\bfw\asian\n004864\0179_01.jpg,n004864,n004864,asian,asian,females,females,,,1,0.65890795,18.04843,0.34109205
data\processed\bfw\asian\n006125\0185_01.jpg,data\processed\bfw\asian\n006125\0253_01.jpg,n006125,n006125,asian,asian,females,females,,,1,0.3577865,26.380949,0.64221346
data\processed\bfw\asian\n004930\0235_01.jpg,data\processed\bfw\asian\n004930\0282_01.jpg,n004930,n004930,asian,asian,females,females,,,1,0.13961156,31.436798,0.86038846
data\processed\bfw\asian\n004800\0740_01.jpg,data\processed\bfw\asian\n007380\0333_01.jpg,n004800,n007380,asian,asian,males,females,,,0,0.0037045877,33.171528,0.9962954
data\processed\bfw\asian\n008148\0013_01.jpg,data\processed\bfw\asian\n008148\0183_01.jpg,n008148,n008148,asian,asian,females,females,,,1,0.78965473,14.436218,0.21034527
data\processed\bfw\asian\n000135\0081_01.jpg,data\processed\bfw\asian\n000135\0138_10.jpg,n000135,n000135,asian,asian,females,females,,,1,0.9064626,10.250249,0.09353739
data\processed\bfw\asian\n000158\0069_01.jpg,data\processed\bfw\asian\n004472\0312_02.jpg,n000158,n004472,asian,asian,males,females,,,0,-0.06643065,34.160408,1.0664307
data\processed\bfw\asian\n009288\0101_01.jpg,data\processed\bfw\asian\n003355\0266_01.jpg,n009288,n003355,asian,asian,females,males,,,0,0.170278,30.952478,0.829722
data\processed\bfw\asian\n006223\0055_01.jpg,data\processed\bfw\asian\n006223\0260_01.jpg,n006223,n006223,asian,asian,females,females,,,1,0.7399221,15.2875185,0.2600779
data\processed\bfw\asian\n001976\0458_02.jpg,data\processed\bfw\asian\n008163\0527_03.jpg,n001976,n008163,asian,asian,males,females,,,0,0.35220617,27.895424,0.6477938
data\processed\bfw\asian\n009137\0278_01.jpg,data\processed\bfw\asian\n002509\0432_01.jpg,n009137,n002509,asian,asian,females,females,,,0,0.34878764,24.631788,0.65121233
data\processed\bfw\asian\n009042\0144_01.jpg,data\processed\bfw\asian\n009042\0250_01.jpg,n009042,n009042,asian,asian,females,females,,,1,0.503815,21.87756,0.496185
data\processed\bfw\asian\n009277\0020_01.jpg,data\processed\bfw\asian\n008978\0264_01.jpg,n009277,n008978,asian,asian,females,females,,,0,0.533091,22.773792,0.466909
data\processed\bfw\asian\n000139\0109_03.jpg,data\processed\bfw\asian\n003489\0220_01.jpg,n000139,n003489,asian,asian,females,males,,,0,0.04765898,31.492443,0.952341
data\processed\bfw\asian\n004108\0190_01.jpg,data\processed\bfw\asian\n004108\0401_02.jpg,n004108,n004108,asian,asian,males,males,,,1,0.49712664,24.024904,0.50287336
data\processed\bfw\asian\n004936\0304_02.jpg,data\processed\bfw\asian\n004936\0345_01.jpg,n004936,n004936,asian,asian,females,females,,,1,0.45905018,25.593811,0.5409498
data\processed\bfw\asian\n004681\0026_01.jpg,data\processed\bfw\asian\n004681\0133_01.jpg,n004681,n004681,asian,asian,males,males,,,1,0.761046,14.660678,0.23895401
data\processed\bfw\asian\n004466\0154_01.jpg,data\processed\bfw\asian\n000838\0037_01.jpg,n004466,n000838,asian,asian,males,females,,,0,0.25330955,28.072008,0.74669045
data\processed\bfw\asian\n005069\0148_01.jpg,data\processed\bfw\asian\n005069\0225_01.jpg,n005069,n005069,asian,asian,females,females,,,1,0.64850193,18.832464,0.35149807
data\processed\bfw\asian\n004936\0124_01.jpg,data\processed\bfw\asian\n004936\0324_01.jpg,n004936,n004936,asian,asian,females,females,,,1,0.7651875,15.176461,0.2348125
data\processed\bfw\asian\n009041\0066_01.jpg,data\processed\bfw\asian\n006634\0679_01.jpg,n009041,n006634,asian,asian,females,females,,,0,0.32875568,25.895027,0.6712443
data\processed\bfw\asian\n000158\0250_02.jpg,data\processed\bfw\asian\n000838\0066_01.jpg,n000158,n000838,asian,asian,males,females,,,0,0.18087468,30.661304,0.8191253
data\processed\bfw\asian\n004725\0121_01.jpg,data\processed\bfw\asian\n004725\0147_01.jpg,n004725,n004725,asian,asian,males,males,,,1,0.74289685,16.519054,0.25710315
data\processed\bfw\asian\n000840\0053_01.jpg,data\processed\bfw\asian\n000840\0624_03.jpg,n000840,n000840,asian,asian,females,females,,,1,0.47499928,23.053366,0.5250007
data\processed\bfw\asian\n007270\0471_01.jpg,data\processed\bfw\asian\n004785\0211_01.jpg,n007270,n004785,asian,asian,females,females,,,0,0.34686798,27.82259,0.653132
data\processed\bfw\asian\n004794\0313_02.jpg,data\processed\bfw\asian\n004472\0093_01.jpg,n004794,n004472,asian,asian,males,females,,,0,0.36441696,24.921291,0.63558304
data\processed\bfw\asian\n004466\0030_01.jpg,data\processed\bfw\asian\n004466\0048_01.jpg,n004466,n004466,asian,asian,males,males,,,1,0.8487514,13.200769,0.15124857
data\processed\bfw\asian\n005083\0120_01.jpg,data\processed\bfw\asian\n003506\0342_01.jpg,n005083,n003506,asian,asian,females,females,,,0,0.30617484,26.581652,0.6938251
data\processed\bfw\asian\n009288\0165_01.jpg,data\processed\bfw\asian\n009288\0172_01.jpg,n009288,n009288,asian,asian,females,females,,,1,0.5653747,21.32695,0.43462533
data\processed\bfw\asian\n006126\0141_01.jpg,data\processed\bfw\asian\n006126\0329_01.jpg,n006126,n006126,asian,asian,females,females,,,1,0.6848783,17.837029,0.3151217
data\processed\bfw\asian\n009279\0015_01.jpg,data\processed\bfw\asian\n004680\0113_02.jpg,n009279,n004680,asian,asian,females,females,,,0,0.37302524,24.70426,0.62697476
data\processed\bfw\asian\n008978\0064_01.jpg,data\processed\bfw\asian\n004930\0236_01.jpg,n008978,n004930,asian,asian,females,females,,,0,0.19841118,29.704395,0.80158883
data\processed\bfw\asian\n001496\0145_01.jpg,data\processed\bfw\asian\n001496\0468_02.jpg,n001496,n001496,asian,asian,males,males,,,1,0.6711509,17.035898,0.32884908
data\processed\bfw\asian\n001976\0038_01.jpg,data\processed\bfw\asian\n009103\0179_03.jpg,n001976,n009103,asian,asian,males,females,,,0,0.34081545,27.01369,0.6591846
data\processed\bfw\asian\n007380\0195_01.jpg,data\processed\bfw\asian\n003506\0115_01.jpg,n007380,n003506,asian,asian,females,females,,,0,0.21104883,29.489332,0.78895116
data\processed\bfw\asian\n004549\0351_02.jpg,data\processed\bfw\asian\n000009\0102_01.jpg,n004549,n000009,asian,asian,females,females,,,0,0.36651927,26.417707,0.6334807
data\processed\bfw\asian\n005474\0128_01.jpg,data\processed\bfw\asian\n005474\0145_02.jpg,n005474,n005474,asian,asian,females,females,,,1,0.5881596,20.958494,0.41184038
data\processed\bfw\asian\n009175\0021_01.jpg,data\processed\bfw\asian\n009175\0061_01.jpg,n009175,n009175,asian,asian,females,females,,,1,0.79445356,13.855815,0.20554644
data\processed\bfw\asian\n008383\0068_01.jpg,data\processed\bfw\asian\n008383\0138_01.jpg,n008383,n008383,asian,asian,females,females,,,1,0.71749574,17.620127,0.28250426
data\processed\bfw\asian\n005078\0227_03.jpg,data\processed\bfw\asian\n005078\0679_01.jpg,n005078,n005078,asian,asian,males,males,,,1,0.5092832,22.805573,0.49071681
data\processed\bfw\asian\n003358\0365_01.jpg,data\processed\bfw\asian\n009175\0072_01.jpg,n003358,n009175,asian,asian,females,females,,,0,0.2533333,28.589993,0.74666667
data\processed\bfw\asian\n003358\0304_01.jpg,data\processed\bfw\asian\n003358\0306_01.jpg,n003358,n003358,asian,asian,females,females,,,1,0.6619667,19.311588,0.33803332
data\processed\bfw\asian\n005177\0294_01.jpg,data\processed\bfw\asian\n007664\0066_01.jpg,n005177,n007664,asian,asian,males,females,,,0,0.16485311,28.854042,0.8351469
data\processed\bfw\asian\n007380\0052_01.jpg,data\processed\bfw\asian\n007380\0271_01.jpg,n007380,n007380,asian,asian,females,females,,,1,0.7105705,16.942255,0.2894295
data\processed\bfw\asian\n005446\0144_01.jpg,data\processed\bfw\asian\n005446\0412_01.jpg,n005446,n005446,asian,asian,females,females,,,1,0.2436942,26.293245,0.7563058
data\processed\bfw\asian\n002644\0497_02.jpg,data\processed\bfw\asian\n008163\0645_01.jpg,n002644,n008163,asian,asian,males,females,,,0,0.32711747,24.9023,0.67288256
data\processed\bfw\asian\n003027\0384_01.jpg,data\processed\bfw\asian\n003027\0397_01.jpg,n003027,n003027,asian,asian,males,males,,,1,0.67194504,19.266794,0.32805496
data\processed\bfw\asian\n007814\0114_02.jpg,data\processed\bfw\asian\n007814\0144_01.jpg,n007814,n007814,asian,asian,females,females,,,1,0.75107414,15.788968,0.24892586
data\processed\bfw\asian\n003167\0240_01.jpg,data\processed\bfw\asian\n003167\0562_01.jpg,n003167,n003167,asian,asian,males,males,,,1,0.88141626,10.443596,0.11858374
data\processed\bfw\asian\n003482\0022_01.jpg,data\processed\bfw\asian\n009287\0173_01.jpg,n003482,n009287,asian,asian,males,females,,,0,0.22909705,27.173052,0.77090293
data\processed\bfw\asian\n003635\0072_03.jpg,data\processed\bfw\asian\n003635\0177_02.jpg,n003635,n003635,asian,asian,males,males,,,1,0.5065016,24.838772,0.49349838
data\processed\bfw\asian\n003357\0493_01.jpg,data\processed\bfw\asian\n003027\0448_07.jpg,n003357,n003027,asian,asian,females,males,,,0,-0.15265983,34.20714,1.1526599
data\processed\bfw\asian\n002331\0277_01.jpg,data\processed\bfw\asian\n003489\0109_01.jpg,n002331,n003489,asian,asian,males,males,,,0,0.40015787,26.775063,0.59984213
data\processed\bfw\asian\n002406\0253_01.jpg,data\processed\bfw\asian\n009279\0216_01.jpg,n002406,n009279,asian,asian,males,females,,,0,0.34081092,26.518974,0.6591891
data\processed\bfw\asian\n006159\0073_01.jpg,data\processed\bfw\asian\n006159\0235_01.jpg,n006159,n006159,asian,asian,females,females,,,1,0.3904511,22.257256,0.6095489
data\processed\bfw\asian\n001976\0041_01.jpg,data\processed\bfw\asian\n001976\0090_01.jpg,n001976,n001976,asian,asian,males,males,,,1,0.72465223,17.193144,0.27534777
data\processed\bfw\asian\n009279\0031_01.jpg,data\processed\bfw\asian\n009279\0439_01.jpg,n009279,n009279,asian,asian,females,females,,,1,0.6586604,20.366577,0.3413396
data\processed\bfw\asian\n003354\0177_01.jpg,data\processed\bfw\asian\n004930\0282_01.jpg,n003354,n004930,asian,asian,females,females,,,0,-0.11621954,34.853725,1.1162195
data\processed\bfw\asian\n000839\0298_01.jpg,data\processed\bfw\asian\n008401\0139_02.jpg,n000839,n008401,asian,asian,females,females,,,0,0.35350332,25.091871,0.64649665
data\processed\bfw\asian\n005072\0001_03.jpg,data\processed\bfw\asian\n005072\0606_01.jpg,n005072,n005072,asian,asian,males,males,,,1,0.83446455,12.912486,0.16553545
data\processed\bfw\asian\n004791\0152_02.jpg,data\processed\bfw\asian\n004791\0204_01.jpg,n004791,n004791,asian,asian,males,males,,,1,0.78694516,13.955182,0.21305484
data\processed\bfw\asian\n004877\0007_01.jpg,data\processed\bfw\asian\n004877\0273_01.jpg,n004877,n004877,asian,asian,females,females,,,1,0.49240115,24.2359,0.5075989
data\processed\bfw\asian\n003288\0089_01.jpg,data\processed\bfw\asian\n003288\0255_01.jpg,n003288,n003288,asian,asian,females,females,,,1,0.46111324,22.17477,0.5388868
data\processed\bfw\asian\n002644\0024_02.jpg,data\processed\bfw\asian\n002644\0418_01.jpg,n002644,n002644,asian,asian,males,males,,,1,0.8378043,12.572804,0.16219568
data\processed\bfw\asian\n007385\0193_01.jpg,data\processed\bfw\asian\n007385\0320_03.jpg,n007385,n007385,asian,asian,females,females,,,1,0.3749595,25.250658,0.62504053
data\processed\bfw\asian\n000838\0044_01.jpg,data\processed\bfw\asian\n000837\0195_01.jpg,n000838,n000837,asian,asian,females,females,,,0,0.2782949,26.124237,0.7217051
data\processed\bfw\asian\n003027\0176_04.jpg,data\processed\bfw\asian\n003027\0501_01.jpg,n003027,n003027,asian,asian,males,males,,,1,0.73670506,15.139679,0.26329494
data\processed\bfw\asian\n003449\0066_01.jpg,data\processed\bfw\asian\n003449\0418_01.jpg,n003449,n003449,asian,asian,females,females,,,1,0.41783246,24.005219,0.5821675
data\processed\bfw\asian\n007816\0329_01.jpg,data\processed\bfw\asian\n001562\0070_01.jpg,n007816,n001562,asian,asian,females,males,,,0,0.16714437,30.763319,0.83285564
data\processed\bfw\asian\n009294\0002_01.jpg,data\processed\bfw\asian\n009294\0036_01.jpg,n009294,n009294,asian,asian,females,females,,,1,0.5563693,22.526148,0.4436307
data\processed\bfw\asian\n003463\0129_01.jpg,data\processed\bfw\asian\n003463\0179_02.jpg,n003463,n003463,asian,asian,males,males,,,1,0.70686346,17.90739,0.29313654
data\processed\bfw\asian\n007738\0034_01.jpg,data\processed\bfw\asian\n007738\0172_01.jpg,n007738,n007738,asian,asian,females,females,,,1,0.75438017,16.06437,0.24561983
data\processed\bfw\asian\n006126\0141_01.jpg,data\processed\bfw\asian\n002331\0371_01.jpg,n006126,n002331,asian,asian,females,males,,,0,0.0909764,31.768768,0.9090236
data\processed\bfw\asian\n000838\0037_01.jpg,data\processed\bfw\asian\n005177\0075_01.jpg,n000838,n005177,asian,asian,females,males,,,0,0.45677224,24.47021,0.5432278
data\processed\bfw\asian\n004791\0134_01.jpg,data\processed\bfw\asian\n008383\0193_12.jpg,n004791,n008383,asian,asian,males,females,,,0,0.22851875,27.776857,0.7714813
data\processed\bfw\asian\n006126\0039_01.jpg,data\processed\bfw\asian\n004549\0018_01.jpg,n006126,n004549,asian,asian,females,females,,,0,0.41968855,24.32445,0.5803114
data\processed\bfw\asian\n005216\0020_01.jpg,data\processed\bfw\asian\n005216\0220_01.jpg,n005216,n005216,asian,asian,females,females,,,1,0.40198025,25.06739,0.5980197
data\processed\bfw\asian\n001976\0071_01.jpg,data\processed\bfw\asian\n001976\0077_02.jpg,n001976,n001976,asian,asian,males,males,,,1,0.6812244,18.70841,0.3187756
data\processed\bfw\asian\n007089\0067_01.jpg,data\processed\bfw\asian\n009148\0054_01.jpg,n007089,n009148,asian,asian,females,females,,,0,0.46845034,22.700167,0.5315497
data\processed\bfw\asian\n000854\0239_01.jpg,data\processed\bfw\asian\n000854\0560_01.jpg,n000854,n000854,asian,asian,females,females,,,1,0.643377,19.70472,0.356623
data\processed\bfw\asian\n009042\0098_05.jpg,data\processed\bfw\asian\n006358\0101_06.jpg,n009042,n006358,asian,asian,females,females,,,0,0.2512432,26.97238,0.74875677
data\processed\bfw\asian\n004935\0035_02.jpg,data\processed\bfw\asian\n004935\0327_01.jpg,n004935,n004935,asian,asian,males,males,,,1,0.7236665,16.55257,0.2763335
data\processed\bfw\asian\n006634\0279_02.jpg,data\processed\bfw\asian\n006634\0726_04.jpg,n006634,n006634,asian,asian,females,females,,,1,0.5598801,20.366432,0.44011992
data\processed\bfw\asian\n009103\0421_01.jpg,data\processed\bfw\asian\n009288\0114_01.jpg,n009103,n009288,asian,asian,females,females,,,0,0.37524697,24.268236,0.624753
data\processed\bfw\asian\n003489\0084_02.jpg,data\processed\bfw\asian\n003489\0091_01.jpg,n003489,n003489,asian,asian,males,males,,,1,0.8521968,13.007829,0.14780319
data\processed\bfw\asian\n002406\0076_01.jpg,data\processed\bfw\asian\n002406\0148_01.jpg,n002406,n002406,asian,asian,males,males,,,1,0.7542082,15.9037695,0.2457918
data\processed\bfw\asian\n004786\0030_01.jpg,data\processed\bfw\asian\n003489\0031_01.jpg,n004786,n003489,asian,asian,females,males,,,0,0.109748766,31.127602,0.8902512
data\processed\bfw\asian\n007380\0562_01.jpg,data\processed\bfw\asian\n006222\0071_01.jpg,n007380,n006222,asian,asian,females,females,,,0,0.44459653,23.355434,0.5554035
data\processed\bfw\asian\n002406\0310_02.jpg,data\processed\bfw\asian\n002406\0328_01.jpg,n002406,n002406,asian,asian,males,males,,,1,0.46810684,22.430185,0.53189313
data\processed\bfw\asian\n003162\0023_01.jpg,data\processed\bfw\asian\n004469\0832_01.jpg,n003162,n004469,asian,asian,males,males,,,0,-0.08806586,33.08581,1.0880659
data\processed\bfw\asian\n007270\0434_01.jpg,data\processed\bfw\asian\n000135\0138_10.jpg,n007270,n000135,asian,asian,females,females,,,0,0.5359435,22.104334,0.4640565
data\processed\bfw\asian\n009148\0050_05.jpg,data\processed\bfw\asian\n009148\0103_01.jpg,n009148,n009148,asian,asian,females,females,,,1,0.55602163,22.308842,0.44397837
data\processed\bfw\asian\n004786\0030_01.jpg,data\processed\bfw\asian\n009103\0286_01.jpg,n004786,n009103,asian,asian,females,females,,,0,0.64057016,19.471596,0.35942984
data\processed\bfw\asian\n005077\0082_01.jpg,data\processed\bfw\asian\n005077\0153_01.jpg,n005077,n005077,asian,asian,females,females,,,1,0.61085933,18.096106,0.38914067
data\processed\bfw\asian\n004809\0178_02.jpg,data\processed\bfw\asian\n004809\0659_01.jpg,n004809,n004809,asian,asian,males,males,,,1,0.6625599,18.172373,0.33744007
data\processed\bfw\asian\n003223\0645_01.jpg,data\processed\bfw\asian\n004787\0101_03.jpg,n003223,n004787,asian,asian,males,females,,,0,0.30584678,25.900963,0.6941532
data\processed\bfw\asian\n002320\0027_01.jpg,data\processed\bfw\asian\n002320\0072_01.jpg,n002320,n002320,asian,asian,males,males,,,1,0.7940566,15.707482,0.2059434
data\processed\bfw\asian\n004469\0114_01.jpg,data\processed\bfw\asian\n004221\0450_01.jpg,n004469,n004221,asian,asian,males,males,,,0,0.48411226,21.151144,0.51588774
data\processed\bfw\asian\n000436\0224_01.jpg,data\processed\bfw\asian\n000436\0654_02.jpg,n000436,n000436,asian,asian,males,males,,,1,0.50612986,23.095339,0.49387014
data\processed\bfw\asian\n000837\0009_01.jpg,data\processed\bfw\asian\n000837\0206_02.jpg,n000837,n000837,asian,asian,females,females,,,1,0.7544534,17.121233,0.24554658
data\processed\bfw\asian\n002509\0041_01.jpg,data\processed\bfw\asian\n004221\0157_03.jpg,n002509,n004221,asian,asian,females,males,,,0,0.01329784,32.26654,0.98670214
data\processed\bfw\asian\n005072\0027_01.jpg,data\processed\bfw\asian\n005072\0107_01.jpg,n005072,n005072,asian,asian,males,males,,,1,0.7803022,15.671609,0.21969777
data\processed\bfw\asian\n004721\0125_01.jpg,data\processed\bfw\asian\n006126\0119_01.jpg,n004721,n006126,asian,asian,males,females,,,0,0.20189188,26.44825,0.7981081
data\processed\bfw\asian\n007816\0281_01.jpg,data\processed\bfw\asian\n007816\0770_01.jpg,n007816,n007816,asian,asian,females,females,,,1,0.81927836,12.9844675,0.18072164
data\processed\bfw\asian\n002406\0176_01.jpg,data\processed\bfw\asian\n003463\0005_01.jpg,n002406,n003463,asian,asian,males,males,,,0,0.2851474,27.425247,0.7148526
data\processed\bfw\asian\n003635\0177_02.jpg,data\processed\bfw\asian\n006344\0322_01.jpg,n003635,n006344,asian,asian,males,females,,,0,-0.23899977,36.059254,1.2389997
data\processed\bfw\asian\n004109\0015_01.jpg,data\processed\bfw\asian\n004109\0554_02.jpg,n004109,n004109,asian,asian,males,males,,,1,0.6906796,17.337479,0.3093204
data\processed\bfw\asian\n003027\0084_02.jpg,data\processed\bfw\asian\n003027\0501_01.jpg,n003027,n003027,asian,asian,males,males,,,1,0.6923808,18.899826,0.3076192
data\processed\bfw\asian\n009276\0166_01.jpg,data\processed\bfw\asian\n003155\1054_06.jpg,n009276,n003155,asian,asian,females,males,,,0,-0.13998297,35.71335,1.1399829
data\processed\bfw\asian\n004681\0019_01.jpg,data\processed\bfw\asian\n004681\0234_01.jpg,n004681,n004681,asian,asian,males,males,,,1,0.6561789,16.380102,0.3438211
data\processed\bfw\asian\n000436\0123_01.jpg,data\processed\bfw\asian\n000436\0156_02.jpg,n000436,n000436,asian,asian,males,males,,,1,0.6883575,18.269705,0.31164253
data\processed\bfw\asian\n007899\0084_02.jpg,data\processed\bfw\asian\n007899\0136_01.jpg,n007899,n007899,asian,asian,females,females,,,1,0.71740085,16.65408,0.28259915
data\processed\bfw\asian\n002331\0009_05.jpg,data\processed\bfw\asian\n002331\0153_01.jpg,n002331,n002331,asian,asian,males,males,,,1,0.8870045,10.675589,0.112995505
data\processed\bfw\asian\n003354\0029_01.jpg,data\processed\bfw\asian\n003354\0227_01.jpg,n003354,n003354,asian,asian,females,females,,,1,0.42456248,24.277157,0.57543755
data\processed\bfw\asian\n009294\0139_02.jpg,data\processed\bfw\asian\n004791\0204_01.jpg,n009294,n004791,asian,asian,females,males,,,0,0.27591744,25.007397,0.7240826
data\processed\bfw\asian\n007378\0289_01.jpg,data\processed\bfw\asian\n004467\0293_01.jpg,n007378,n004467,asian,asian,females,males,,,0,-0.010009899,33.469425,1.0100099
data\processed\bfw\asian\n003482\0059_01.jpg,data\processed\bfw\asian\n003482\0284_06.jpg,n003482,n003482,asian,asian,males,males,,,1,0.48293877,24.77074,0.51706123
data\processed\bfw\asian\n004467\0307_03.jpg,data\processed\bfw\asian\n004467\0677_01.jpg,n004467,n004467,asian,asian,males,males,,,1,0.5297245,22.566643,0.47027552
data\processed\bfw\asian\n002406\0328_01.jpg,data\processed\bfw\asian\n009137\0163_02.jpg,n002406,n009137,asian,asian,males,females,,,0,-0.016370555,30.742144,1.0163705
data\processed\bfw\asian\n005069\0578_01.jpg,data\processed\bfw\asian\n008383\0225_02.jpg,n005069,n008383,asian,asian,females,females,,,0,0.33238247,28.65091,0.66761756
data\processed\bfw\asian\n009125\0181_01.jpg,data\processed\bfw\asian\n002320\0272_03.jpg,n009125,n002320,asian,asian,females,males,,,0,0.1721363,32.46078,0.8278637
data\processed\bfw\asian\n005083\0038_01.jpg,data\processed\bfw\asian\n005083\0053_03.jpg,n005083,n005083,asian,asian,females,females,,,1,0.8903106,10.092633,0.109689415
data\processed\bfw\asian\n003635\0072_03.jpg,data\processed\bfw\asian\n003635\0099_01.jpg,n003635,n003635,asian,asian,males,males,,,1,0.5788325,21.584242,0.4211675
data\processed\bfw\asian\n003357\0422_01.jpg,data\processed\bfw\asian\n009103\0703_02.jpg,n003357,n009103,asian,asian,females,females,,,0,0.35730764,24.739143,0.6426923
data\processed\bfw\asian\n002331\0065_02.jpg,data\processed\bfw\asian\n002331\0139_01.jpg,n002331,n002331,asian,asian,males,males,,,1,0.7874833,14.550637,0.21251673
data\processed\bfw\asian\n003153\0315_02.jpg,data\processed\bfw\asian\n003467\0096_01.jpg,n003153,n003467,asian,asian,females,females,,,0,0.28775597,27.685833,0.71224403
data\processed\bfw\asian\n003481\0015_01.jpg,data\processed\bfw\asian\n003481\0441_01.jpg,n003481,n003481,asian,asian,females,females,,,1,0.49457738,24.458694,0.5054226
data\processed\bfw\asian\n004549\0303_01.jpg,data\processed\bfw\asian\n000138\0259_01.jpg,n004549,n000138,asian,asian,females,females,,,0,0.37748376,24.731407,0.6225163
data\processed\bfw\asian\n004549\0027_02.jpg,data\processed\bfw\asian\n004549\0065_01.jpg,n004549,n004549,asian,asian,females,females,,,1,0.7360179,15.811249,0.26398212
data\processed\bfw\asian\n008163\0218_01.jpg,data\processed\bfw\asian\n006149\0026_01.jpg,n008163,n006149,asian,asian,females,females,,,0,0.3018196,26.062338,0.69818044
data\processed\bfw\asian\n006736\0438_01.jpg,data\processed\bfw\asian\n006736\0537_01.jpg,n006736,n006736,asian,asian,females,females,,,1,0.5619055,20.609869,0.4380945
data\processed\bfw\asian\n004680\0175_01.jpg,data\processed\bfw\asian\n004864\0607_01.jpg,n004680,n004864,asian,asian,females,females,,,0,0.43001887,25.352116,0.5699811
data\processed\bfw\asian\n003824\0103_01.jpg,data\processed\bfw\asian\n000135\0465_01.jpg,n003824,n000135,asian,asian,females,females,,,0,0.26544398,27.673298,0.734556
data\processed\bfw\asian\n006203\0009_04.jpg,data\processed\bfw\asian\n003481\0141_01.jpg,n006203,n003481,asian,asian,females,females,,,0,0.1486033,28.79449,0.8513967
data\processed\bfw\asian\n008401\0297_01.jpg,data\processed\bfw\asian\n008401\0334_01.jpg,n008401,n008401,asian,asian,females,females,,,1,0.7010892,18.338968,0.2989108
data\processed\bfw\asian\n005063\0414_06.jpg,data\processed\bfw\asian\n009278\0066_01.jpg,n005063,n009278,asian,asian,females,females,,,0,0.32997197,26.126604,0.67002803
data\processed\bfw\asian\n000143\0044_01.jpg,data\processed\bfw\asian\n000143\0734_02.jpg,n000143,n000143,asian,asian,females,females,,,1,0.46340626,23.263315,0.53659374
data\processed\bfw\asian\n002331\0054_02.jpg,data\processed\bfw\asian\n002331\0207_01.jpg,n002331,n002331,asian,asian,males,males,,,1,0.82895905,14.167299,0.17104095
data\processed\bfw\asian\n000139\0109_03.jpg,data\processed\bfw\asian\n000139\0170_01.jpg,n000139,n000139,asian,asian,females,females,,,1,0.83001393,13.131688,0.16998607
data\processed\bfw\asian\n004791\0209_01.jpg,data\processed\bfw\asian\n006126\0105_01.jpg,n004791,n006126,asian,asian,males,females,,,0,0.5157015,22.842865,0.48429853
data\processed\bfw\asian\n009279\0004_01.jpg,data\processed\bfw\asian\n004725\0225_01.jpg,n009279,n004725,asian,asian,females,males,,,0,0.108077444,31.078066,0.89192253
data\processed\bfw\asian\n003027\0028_01.jpg,data\processed\bfw\asian\n003027\0176_04.jpg,n003027,n003027,asian,asian,males,males,,,1,0.864454,10.689607,0.13554603
data\processed\bfw\asian\n005063\0439_01.jpg,data\processed\bfw\asian\n001682\0127_01.jpg,n005063,n001682,asian,asian,females,males,,,0,-0.08302165,32.27822,1.0830216
data\processed\bfw\asian\n000856\0012_01.jpg,data\processed\bfw\asian\n000856\0285_01.jpg,n000856,n000856,asian,asian,females,females,,,1,0.4692119,23.893759,0.53078806
data\processed\bfw\asian\n004877\0317_02.jpg,data\processed\bfw\asian\n004877\0441_01.jpg,n004877,n004877,asian,asian,females,females,,,1,0.5517508,21.262661,0.44824922
data\processed\bfw\asian\n003635\0449_01.jpg,data\processed\bfw\asian\n003635\0624_01.jpg,n003635,n003635,asian,asian,males,males,,,1,0.67966413,18.896437,0.32033587
data\processed\bfw\asian\n005378\0222_01.jpg,data\processed\bfw\asian\n005378\0446_01.jpg,n005378,n005378,asian,asian,females,females,,,1,0.65508825,19.654335,0.34491175
data\processed\bfw\asian\n001864\0077_01.jpg,data\processed\bfw\asian\n003156\0058_01.jpg,n001864,n003156,asian,asian,males,males,,,0,0.3746822,26.043072,0.6253178
data\processed\bfw\asian\n004809\0178_02.jpg,data\processed\bfw\asian\n002509\0023_01.jpg,n004809,n002509,asian,asian,males,females,,,0,0.067325495,30.660902,0.9326745
data\processed\bfw\asian\n006633\0063_04.jpg,data\processed\bfw\asian\n006148\0242_02.jpg,n006633,n006148,asian,asian,females,females,,,0,0.5220918,21.530897,0.4779082
data\processed\bfw\asian\n002331\0003_02.jpg,data\processed\bfw\asian\n002331\0029_01.jpg,n002331,n002331,asian,asian,males,males,,,1,0.8542009,12.458096,0.1457991
data\processed\bfw\asian\n005083\0133_01.jpg,data\processed\bfw\asian\n005083\0267_01.jpg,n005083,n005083,asian,asian,females,females,,,1,0.61933225,19.675747,0.38066775
data\processed\bfw\asian\n004930\0214_05.jpg,data\processed\bfw\asian\n004930\0290_01.jpg,n004930,n004930,asian,asian,females,females,,,1,0.6276912,20.808395,0.3723088
data\processed\bfw\asian\n000138\0066_09.jpg,data\processed\bfw\asian\n000137\0120_01.jpg,n000138,n000137,asian,asian,females,females,,,0,0.105270535,31.94092,0.8947295
data\processed\bfw\asian\n006222\0035_01.jpg,data\processed\bfw\asian\n002725\0253_02.jpg,n006222,n002725,asian,asian,females,females,,,0,0.28138095,28.147936,0.71861905
data\processed\bfw\asian\n007380\0168_01.jpg,data\processed\bfw\asian\n007380\0195_01.jpg,n007380,n007380,asian,asian,females,females,,,1,0.7188885,16.750051,0.28111148
data\processed\bfw\asian\n004472\0045_02.jpg,data\processed\bfw\asian\n009278\0259_01.jpg,n004472,n009278,asian,asian,females,females,,,0,0.32282922,25.019037,0.67717075
data\processed\bfw\asian\n005216\0084_01.jpg,data\processed\bfw\asian\n005216\0236_01.jpg,n005216,n005216,asian,asian,females,females,,,1,0.5621137,21.39978,0.4378863
data\processed\bfw\asian\n009276\0106_05.jpg,data\processed\bfw\asian\n009276\0298_01.jpg,n009276,n009276,asian,asian,females,females,,,1,0.67329764,19.042004,0.32670236
data\processed\bfw\asian\n003506\0011_01.jpg,data\processed\bfw\asian\n003506\0256_01.jpg,n003506,n003506,asian,asian,females,females,,,1,0.6483277,19.70329,0.3516723
data\processed\bfw\asian\n006619\0092_02.jpg,data\processed\bfw\asian\n006619\0216_01.jpg,n006619,n006619,asian,asian,females,females,,,1,0.73115355,16.922554,0.26884645
data\processed\bfw\asian\n004472\0146_01.jpg,data\processed\bfw\asian\n004472\0332_01.jpg,n004472,n004472,asian,asian,females,females,,,1,0.54231393,21.557783,0.45768607
data\processed\bfw\asian\n009042\0026_01.jpg,data\processed\bfw\asian\n009042\0372_01.jpg,n009042,n009042,asian,asian,females,females,,,1,0.85595804,12.270397,0.14404196
data\processed\bfw\asian\n000137\0429_01.jpg,data\processed\bfw\asian\n009275\0343_01.jpg,n000137,n009275,asian,asian,females,females,,,0,0.10858548,31.436464,0.8914145
data\processed\bfw\asian\n003465\0248_01.jpg,data\processed\bfw\asian\n005446\0103_01.jpg,n003465,n005446,asian,asian,males,females,,,0,0.13518849,29.10415,0.86481154
data\processed\bfw\asian\n009279\0439_01.jpg,data\processed\bfw\asian\n003449\0180_01.jpg,n009279,n003449,asian,asian,females,females,,,0,0.3055554,28.13061,0.6944446
data\processed\bfw\asian\n000132\0091_01__face_0.jpg,data\processed\bfw\asian\n000132\0693_01__face_0.jpg,n000132,n000132,asian,asian,males,males,,,1,0.6859362,18.794231,0.3140638
data\processed\bfw\asian\n006418\1023_02.jpg,data\processed\bfw\asian\n008934\0050_01.jpg,n006418,n008934,asian,asian,females,females,,,0,0.071247235,30.238922,0.9287528
data\processed\bfw\asian\n006222\0095_02.jpg,data\processed\bfw\asian\n006222\0104_01.jpg,n006222,n006222,asian,asian,females,females,,,1,0.82281035,14.085497,0.17718965
data\processed\bfw\asian\n004725\0001_01.jpg,data\processed\bfw\asian\n004725\0152_01.jpg,n004725,n004725,asian,asian,males,males,,,1,0.7561674,16.6825,0.24383259
data\processed\bfw\asian\n002552\0059_01.jpg,data\processed\bfw\asian\n004936\0757_01.jpg,n002552,n004936,asian,asian,males,females,,,0,0.21244125,29.244684,0.78755873
data\processed\bfw\asian\n005077\0020_01.jpg,data\processed\bfw\asian\n001572\0156_01.jpg,n005077,n001572,asian,asian,females,females,,,0,0.3594531,25.356327,0.6405469
data\processed\bfw\asian\n004864\0621_01.jpg,data\processed\bfw\asian\n007378\0140_01.jpg,n004864,n007378,asian,asian,females,females,,,0,0.64434856,19.523106,0.35565144
data\processed\bfw\asian\n004721\0021_01.jpg,data\processed\bfw\asian\n004721\0041_01.jpg,n004721,n004721,asian,asian,males,males,,,1,0.8305618,12.332671,0.16943818
data\processed\bfw\asian\n007380\0019_01.jpg,data\processed\bfw\asian\n004221\0169_02.jpg,n007380,n004221,asian,asian,females,males,,,0,0.008970398,31.785566,0.9910296
data\processed\bfw\asian\n009175\0066_01.jpg,data\processed\bfw\asian\n002552\0530_01.jpg,n009175,n002552,asian,asian,females,males,,,0,0.22936347,28.495296,0.77063656
data\processed\bfw\asian\n000139\0305_02.jpg,data\processed\bfw\asian\n003162\0024_01.jpg,n000139,n003162,asian,asian,females,males,,,0,0.06556342,29.188309,0.93443656
data\processed\bfw\asian\n004681\0117_01.jpg,data\processed\bfw\asian\n004681\0234_01.jpg,n004681,n004681,asian,asian,males,males,,,1,0.72663295,14.834916,0.27336705
data\processed\bfw\asian\n000143\0045_05.jpg,data\processed\bfw\asian\n004549\0065_01.jpg,n000143,n004549,asian,asian,females,females,,,0,0.38390142,22.850613,0.6160986
data\processed\bfw\asian\n004936\0111_04.jpg,data\processed\bfw\asian\n004936\0469_01.jpg,n004936,n004936,asian,asian,females,females,,,1,0.5154586,22.559689,0.48454142
data\processed\bfw\asian\n009279\0216_01.jpg,data\processed\bfw\asian\n003358\0055_01.jpg,n009279,n003358,asian,asian,females,females,,,0,0.39796308,23.813335,0.60203695
data\processed\bfw\asian\n006159\0180_01.jpg,data\processed\bfw\asian\n000840\0025_01.jpg,n006159,n000840,asian,asian,females,females,,,0,0.16609223,28.555233,0.8339078
data\processed\bfw\asian\n004877\0135_01.jpg,data\processed\bfw\asian\n005216\0242_01.jpg,n004877,n005216,asian,asian,females,females,,,0,0.15668711,31.809946,0.84331286
data\processed\bfw\asian\n009275\0150_01.jpg,data\processed\bfw\asian\n006774\0282_01.jpg,n009275,n006774,asian,asian,females,females,,,0,0.44726732,23.099594,0.5527327
data\processed\bfw\asian\n004948\0106_01.jpg,data\processed\bfw\asian\n004930\0389_01.jpg,n004948,n004930,asian,asian,males,females,,,0,0.24191457,30.15456,0.7580854
data\processed\bfw\asian\n004466\0075_01.jpg,data\processed\bfw\asian\n006633\0056_01.jpg,n004466,n006633,asian,asian,males,females,,,0,-0.028152984,30.908302,1.028153
data\processed\bfw\asian\n006148\0120_01.jpg,data\processed\bfw\asian\n005446\0141_01.jpg,n006148,n005446,asian,asian,females,females,,,0,0.50897384,21.04419,0.49102616
data\processed\bfw\asian\n000839\0072_01.jpg,data\processed\bfw\asian\n000839\0162_01.jpg,n000839,n000839,asian,asian,females,females,,,1,0.49242327,22.537277,0.5075767
data\processed\bfw\asian\n001496\0239_01.jpg,data\processed\bfw\asian\n006149\0117_01.jpg,n001496,n006149,asian,asian,males,females,,,0,0.09812878,33.075264,0.9018712
data\processed\bfw\asian\n003635\0012_02.jpg,data\processed\bfw\asian\n003635\0449_01.jpg,n003635,n003635,asian,asian,males,males,,,1,0.73700017,17.157701,0.26299983
data\processed\bfw\asian\n004809\0166_04.jpg,data\processed\bfw\asian\n007738\0219_02.jpg,n004809,n007738,asian,asian,males,females,,,0,0.26526836,27.68158,0.7347317
data\processed\bfw\asian\n003635\0647_01.jpg,data\processed\bfw\asian\n009277\0496_01.jpg,n003635,n009277,asian,asian,males,females,,,0,0.16863723,28.845957,0.8313628
data\processed\bfw\asian\n005063\0297_04.jpg,data\processed\bfw\asian\n003027\0470_01.jpg,n005063,n003027,asian,asian,females,males,,,0,0.09202,28.192871,0.90798
data\processed\bfw\asian\n004860\0040_01.jpg,data\processed\bfw\asian\n004877\0145_01.jpg,n004860,n004877,asian,asian,females,females,,,0,0.18648134,28.786491,0.81351864
data\processed\bfw\asian\n006774\0075_01.jpg,data\processed\bfw\asian\n006774\0492_02.jpg,n006774,n006774,asian,asian,females,females,,,1,0.36344942,23.842653,0.63655055
data\processed\bfw\asian\n003153\0186_01.jpg,data\processed\bfw\asian\n003153\0287_01.jpg,n003153,n003153,asian,asian,females,females,,,1,0.67506814,17.737797,0.32493186
data\processed\bfw\asian\n004466\0112_01.jpg,data\processed\bfw\asian\n004466\0261_01.jpg,n004466,n004466,asian,asian,males,males,,,1,0.5730765,22.33749,0.4269235
data\processed\bfw\asian\n001864\0192_02.jpg,data\processed\bfw\asian\n004687\0058_01.jpg,n001864,n004687,asian,asian,males,females,,,0,0.1247638,29.488026,0.8752362
data\processed\bfw\asian\n002406\0070_01.jpg,data\processed\bfw\asian\n002406\0176_01.jpg,n002406,n002406,asian,asian,males,males,,,1,0.63529956,19.393375,0.36470044
data\processed\bfw\asian\n004870\0028_10.jpg,data\processed\bfw\asian\n004870\0069_01.jpg,n004870,n004870,asian,asian,females,females,,,1,0.5750235,21.778955,0.42497653
data\processed\bfw\asian\n006159\0083_01.jpg,data\processed\bfw\asian\n006159\0174_01.jpg,n006159,n006159,asian,asian,females,females,,,1,0.8133762,14.080871,0.18662381
data\processed\bfw\asian\n008383\0143_01.jpg,data\processed\bfw\asian\n004221\0158_03.jpg,n008383,n004221,asian,asian,females,males,,,0,0.40015867,26.70754,0.59984136
data\processed\bfw\asian\n003465\0161_02.jpg,data\processed\bfw\asian\n003465\0461_03.jpg,n003465,n003465,asian,asian,males,males,,,1,0.48933175,21.660019,0.5106683
data\processed\bfw\asian\n004785\0167_02.jpg,data\processed\bfw\asian\n004785\0183_02.jpg,n004785,n004785,asian,asian,females,females,,,1,0.7097548,16.62569,0.29024518
data\processed\bfw\asian\n004864\0004_01.jpg,data\processed\bfw\asian\n004864\0058_01.jpg,n004864,n004864,asian,asian,females,females,,,1,0.8023745,13.864161,0.19762552
data\processed\bfw\asian\n000132\0400_01__face_0.jpg,data\processed\bfw\asian\n003223\0034_05.jpg,n000132,n003223,asian,asian,males,males,,,0,0.25009412,29.000887,0.7499059
data\processed\bfw\asian\n009041\0037_01.jpg,data\processed\bfw\asian\n000837\0249_01.jpg,n009041,n000837,asian,asian,females,females,,,0,0.26116526,29.808012,0.73883474
data\processed\bfw\asian\n009294\0110_02.jpg,data\processed\bfw\asian\n000872\0320_01.jpg,n009294,n000872,asian,asian,females,males,,,0,0.09118215,31.052961,0.9088178
data\processed\bfw\asian\n004935\0165_02.jpg,data\processed\bfw\asian\n004935\0703_01.jpg,n004935,n004935,asian,asian,males,males,,,1,0.78102005,14.179536,0.21897995
data\processed\bfw\asian\n003167\0562_01.jpg,data\processed\bfw\asian\n009294\0084_01.jpg,n003167,n009294,asian,asian,males,females,,,0,0.21227014,29.796125,0.78772986
data\processed\bfw\asian\n009125\0321_01.jpg,data\processed\bfw\asian\n005083\0100_01.jpg,n009125,n005083,asian,asian,females,females,,,0,0.29950845,27.226267,0.70049155
data\processed\bfw\asian\n006126\0293_01.jpg,data\processed\bfw\asian\n006126\0423_01.jpg,n006126,n006126,asian,asian,females,females,,,1,0.649985,21.00404,0.35001498
data\processed\bfw\asian\n003506\0115_01.jpg,data\processed\bfw\asian\n000854\0249_01.jpg,n003506,n000854,asian,asian,females,females,,,0,0.15620372,29.852829,0.84379625
data\processed\bfw\asian\n005177\0012_01.jpg,data\processed\bfw\asian\n005177\0196_01.jpg,n005177,n005177,asian,asian,males,males,,,1,0.66244745,18.078451,0.33755255
data\processed\bfw\asian\n005116\0143_01.jpg,data\processed\bfw\asian\n008978\0037_01.jpg,n005116,n008978,asian,asian,males,females,,,0,0.124164626,30.38398,0.87583536
data\processed\bfw\asian\n000837\0254_01.jpg,data\processed\bfw\asian\n000856\0285_01.jpg,n000837,n000856,asian,asian,females,females,,,0,0.2257022,29.924156,0.77429783
data\processed\bfw\asian\n000160\0111_01.jpg,data\processed\bfw\asian\n003167\0001_02.jpg,n000160,n003167,asian,asian,females,males,,,0,0.25312766,27.941978,0.7468723
data\processed\bfw\asian\n006619\0417_01.jpg,data\processed\bfw\asian\n000872\0274_02.jpg,n006619,n000872,asian,asian,females,males,,,0,0.20429897,28.005959,0.795701
data\processed\bfw\asian\n009279\0265_01.jpg,data\processed\bfw\asian\n009288\0215_02.jpg,n009279,n009288,asian,asian,females,females,,,0,0.3867334,25.815577,0.6132666
data\processed\bfw\asian\n004549\0222_02.jpg,data\processed\bfw\asian\n002644\0303_01.jpg,n004549,n002644,asian,asian,females,males,,,0,0.43055868,23.586782,0.5694413
data\processed\bfw\asian\n004687\0091_01.jpg,data\processed\bfw\asian\n005069\0234_01.jpg,n004687,n005069,asian,asian,females,females,,,0,0.31434503,28.076124,0.685655
data\processed\bfw\asian\n004469\0114_01.jpg,data\processed\bfw\asian\n006344\0431_07.jpg,n004469,n006344,asian,asian,males,females,,,0,0.24168892,25.899124,0.7583111
data\processed\bfw\asian\n004467\0186_01.jpg,data\processed\bfw\asian\n009277\0091_01.jpg,n004467,n009277,asian,asian,males,females,,,0,0.28150567,27.299482,0.7184943
data\processed\bfw\asian\n003355\0234_01.jpg,data\processed\bfw\asian\n006224\0145_04.jpg,n003355,n006224,asian,asian,males,females,,,0,0.31472483,28.217257,0.6852752
data\processed\bfw\asian\n005116\0143_01.jpg,data\processed\bfw\asian\n005116\0442_01.jpg,n005116,n005116,asian,asian,males,males,,,1,0.34710124,27.545706,0.6528988
data\processed\bfw\asian\n002644\0226_01.jpg,data\processed\bfw\asian\n003482\0019_01.jpg,n002644,n003482,asian,asian,males,males,,,0,0.13239643,28.865479,0.86760354
data\processed\bfw\asian\n000840\0036_01.jpg,data\processed\bfw\asian\n004785\0183_02.jpg,n000840,n004785,asian,asian,females,females,,,0,0.336404,25.22615,0.66359603
data\processed\bfw\asian\n009287\0160_01.jpg,data\processed\bfw\asian\n009287\0262_01.jpg,n009287,n009287,asian,asian,females,females,,,1,0.6799333,17.800352,0.3200667
data\processed\bfw\asian\n005077\0063_01.jpg,data\processed\bfw\asian\n003635\0606_02.jpg,n005077,n003635,asian,asian,females,males,,,0,0.13149561,28.94528,0.8685044
data\processed\bfw\asian\n000160\0350_01.jpg,data\processed\bfw\asian\n000160\0430_01.jpg,n000160,n000160,asian,asian,females,females,,,1,0.5661827,20.827692,0.43381733
data\processed\bfw\asian\n003288\0022_01.jpg,data\processed\bfw\asian\n003288\0230_01.jpg,n003288,n003288,asian,asian,females,females,,,1,0.6601811,18.519306,0.3398189
data\processed\bfw\asian\n009275\0162_01.jpg,data\processed\bfw\asian\n000838\0144_06.jpg,n009275,n000838,asian,asian,females,females,,,0,0.32879785,25.459932,0.6712022
data\processed\bfw\asian\n009294\0036_01.jpg,data\processed\bfw\asian\n009294\0111_02.jpg,n009294,n009294,asian,asian,females,females,,,1,0.5995216,19.586672,0.40047842
data\processed\bfw\asian\n004785\0082_01.jpg,data\processed\bfw\asian\n004785\0125_01.jpg,n004785,n004785,asian,asian,females,females,,,1,0.85727787,11.597269,0.14272213
data\processed\bfw\asian\n003465\0036_01.jpg,data\processed\bfw\asian\n003465\0461_03.jpg,n003465,n003465,asian,asian,males,males,,,1,0.67111343,16.88678,0.32888657
data\processed\bfw\asian\n004108\0190_01.jpg,data\processed\bfw\asian\n004108\0276_01.jpg,n004108,n004108,asian,asian,males,males,,,1,0.6019027,20.143347,0.39809728
data\processed\bfw\asian\n005216\0133_01.jpg,data\processed\bfw\asian\n005216\0212_02.jpg,n005216,n005216,asian,asian,females,females,,,1,0.65516,18.886839,0.34484
data\processed\bfw\asian\n006149\0018_01.jpg,data\processed\bfw\asian\n006149\0075_01.jpg,n006149,n006149,asian,asian,females,females,,,1,0.7351997,17.543692,0.2648003
data\processed\bfw\asian\n004785\0021_03.jpg,data\processed\bfw\asian\n008934\0053_01.jpg,n004785,n008934,asian,asian,females,females,,,0,0.5681279,20.782724,0.43187213
data\processed\bfw\asian\n000137\0032_01.jpg,data\processed\bfw\asian\n003481\0407_04.jpg,n000137,n003481,asian,asian,females,females,,,0,0.0074395505,33.286755,0.99256045
data\processed\bfw\asian\n007814\0057_01.jpg,data\processed\bfw\asian\n007814\0173_03.jpg,n007814,n007814,asian,asian,females,females,,,1,0.8253834,13.173774,0.17461658
data\processed\bfw\asian\n000840\0012_01.jpg,data\processed\bfw\asian\n000840\0023_01.jpg,n000840,n000840,asian,asian,females,females,,,1,0.82571626,13.193893,0.17428374
data\processed\bfw\asian\n001864\0028_01.jpg,data\processed\bfw\asian\n001864\0147_01.jpg,n001864,n001864,asian,asian,males,males,,,1,0.7834866,15.487439,0.2165134
data\processed\bfw\asian\n004549\0275_01.jpg,data\processed\bfw\asian\n004549\0667_01.jpg,n004549,n004549,asian,asian,females,females,,,1,0.5272412,23.569462,0.47275883
data\processed\bfw\asian\n008163\0034_04.jpg,data\processed\bfw\asian\n008163\0239_02.jpg,n008163,n008163,asian,asian,females,females,,,1,0.8117177,12.958014,0.18828231
data\processed\bfw\asian\n004472\0007_01.jpg,data\processed\bfw\asian\n003354\0346_02.jpg,n004472,n003354,asian,asian,females,females,,,0,0.59303254,20.819633,0.40696746
data\processed\bfw\asian\n000837\0009_01.jpg,data\processed\bfw\asian\n000837\0085_01.jpg,n000837,n000837,asian,asian,females,females,,,1,0.705835,19.21717,0.29416502
data\processed\bfw\asian\n000873\0042_01.jpg,data\processed\bfw\asian\n000873\0556_01.jpg,n000873,n000873,asian,asian,males,males,,,1,0.46716988,23.145514,0.5328301
data\processed\bfw\asian\n006619\0572_01.jpg,data\processed\bfw\asian\n005072\0258_01.jpg,n006619,n005072,asian,asian,females,males,,,0,0.111205935,30.371563,0.88879406
data\processed\bfw\asian\n002775\0069_01.jpg,data\processed\bfw\asian\n004870\0070_02.jpg,n002775,n004870,asian,asian,males,females,,,0,0.098445,30.479376,0.901555
data\processed\bfw\asian\n000872\0203_01.jpg,data\processed\bfw\asian\n007738\0059_01.jpg,n000872,n007738,asian,asian,males,females,,,0,0.21472734,28.779268,0.78527266
data\processed\bfw\asian\n008401\0228_01.jpg,data\processed\bfw\asian\n008401\0353_02.jpg,n008401,n008401,asian,asian,females,females,,,1,0.70721173,16.557814,0.29278827
data\processed\bfw\asian\n002775\0074_01.jpg,data\processed\bfw\asian\n009287\0175_01.jpg,n002775,n009287,asian,asian,males,females,,,0,0.30488092,26.634813,0.6951191
data\processed\bfw\asian\n009148\0051_01.jpg,data\processed\bfw\asian\n009148\0078_01.jpg,n009148,n009148,asian,asian,females,females,,,1,0.69364744,16.828623,0.30635256
data\processed\bfw\asian\n003481\0053_02.jpg,data\processed\bfw\asian\n003481\0215_01.jpg,n003481,n003481,asian,asian,females,females,,,1,0.68621254,18.206114,0.31378746
data\processed\bfw\asian\n003153\0186_01.jpg,data\processed\bfw\asian\n003153\0470_01.jpg,n003153,n003153,asian,asian,females,females,,,1,0.5657469,19.613476,0.4342531
data\processed\bfw\asian\n003354\0036_01.jpg,data\processed\bfw\asian\n003354\0068_01.jpg,n003354,n003354,asian,asian,females,females,,,1,0.5120545,23.198635,0.4879455
data\processed\bfw\asian\n007089\0058_01.jpg,data\processed\bfw\asian\n004469\0108_02.jpg,n007089,n004469,asian,asian,females,males,,,0,0.28364733,26.878754,0.7163527
data\processed\bfw\asian\n003491\0086_01.jpg,data\processed\bfw\asian\n003491\0115_03.jpg,n003491,n003491,asian,asian,males,males,,,1,0.440848,25.272036,0.559152
data\processed\bfw\asian\n009287\0030_01.jpg,data\processed\bfw\asian\n000161\0241_01.jpg,n009287,n000161,asian,asian,females,males,,,0,0.32144752,27.840267,0.6785525
data\processed\bfw\asian\n007899\0222_01.jpg,data\processed\bfw\asian\n002320\0171_01.jpg,n007899,n002320,asian,asian,females,males,,,0,0.001419474,31.580551,0.9985805
data\processed\bfw\asian\n004686\0023_01.jpg,data\processed\bfw\asian\n004686\0302_01.jpg,n004686,n004686,asian,asian,males,males,,,1,0.75794697,15.762587,0.24205303
data\processed\bfw\asian\n005446\0037_01.jpg,data\processed\bfw\asian\n005446\0051_01.jpg,n005446,n005446,asian,asian,females,females,,,1,0.8106399,13.023956,0.18936008
data\processed\bfw\asian\n003463\0367_01.jpg,data\processed\bfw\asian\n006159\0265_01.jpg,n003463,n006159,asian,asian,males,females,,,0,0.20212099,28.824724,0.797879
data\processed\bfw\asian\n000138\0188_01.jpg,data\processed\bfw\asian\n000138\0213_01.jpg,n000138,n000138,asian,asian,females,females,,,1,0.8269178,13.7421465,0.17308217
data\processed\bfw\asian\n003557\0118_01.jpg,data\processed\bfw\asian\n004870\0144_01.jpg,n003557,n004870,asian,asian,females,females,,,0,0.42440024,25.23333,0.5755998
data\processed\bfw\asian\n004109\0131_01.jpg,data\processed\bfw\asian\n007385\0691_01.jpg,n004109,n007385,asian,asian,males,females,,,0,0.1151598,29.425083,0.8848402
data\processed\bfw\asian\n005378\0234_02.jpg,data\processed\bfw\asian\n005378\0388_01.jpg,n005378,n005378,asian,asian,females,females,,,1,0.41948003,23.869429,0.58052
data\processed\bfw\asian\n009103\0217_02.jpg,data\processed\bfw\asian\n000161\0038_01.jpg,n009103,n000161,asian,asian,females,males,,,0,-0.07708446,31.105925,1.0770844
data\processed\bfw\asian\n005177\0012_01.jpg,data\processed\bfw\asian\n005177\0075_01.jpg,n005177,n005177,asian,asian,males,males,,,1,0.8715244,12.001704,0.1284756
data\processed\bfw\asian\n000436\0156_02.jpg,data\processed\bfw\asian\n004681\0133_01.jpg,n000436,n004681,asian,asian,males,males,,,0,0.07040954,31.218533,0.92959046
data\processed\bfw\asian\n004800\0013_01.jpg,data\processed\bfw\asian\n004800\0111_01.jpg,n004800,n004800,asian,asian,males,males,,,1,0.70848763,16.41487,0.29151237
data\processed\bfw\asian\n002509\0104_02.jpg,data\processed\bfw\asian\n007738\0440_01.jpg,n002509,n007738,asian,asian,females,females,,,0,0.30443555,27.177244,0.69556445
data\processed\bfw\asian\n004725\0118_02.jpg,data\processed\bfw\asian\n006736\0203_01.jpg,n004725,n006736,asian,asian,males,females,,,0,0.119538344,29.819454,0.88046163
data\processed\bfw\asian\n004948\0401_02.jpg,data\processed\bfw\asian\n006148\0074_01.jpg,n004948,n006148,asian,asian,males,females,,,0,0.14357004,29.876875,0.85642993
data\processed\bfw\asian\n003467\0096_01.jpg,data\processed\bfw\asian\n003467\0395_01.jpg,n003467,n003467,asian,asian,females,females,,,1,0.7406134,16.986185,0.2593866
data\processed\bfw\asian\n007378\0479_01.jpg,data\processed\bfw\asian\n006125\0204_01.jpg,n007378,n006125,asian,asian,females,females,,,0,0.55572397,22.46481,0.44427603
data\processed\bfw\asian\n004786\0021_01.jpg,data\processed\bfw\asian\n004786\0795_01.jpg,n004786,n004786,asian,asian,females,females,,,1,0.76938534,14.9149885,0.23061466
data\processed\bfw\asian\n005077\0002_01.jpg,data\processed\bfw\asian\n005077\0005_01.jpg,n005077,n005077,asian,asian,females,females,,,1,0.74995387,15.889418,0.25004613
data\processed\bfw\asian\n003155\0178_01.jpg,data\processed\bfw\asian\n009287\0262_01.jpg,n003155,n009287,asian,asian,males,females,,,0,0.22938642,29.925028,0.77061355
data\processed\bfw\asian\n003167\0042_18.jpg,data\processed\bfw\asian\n006149\0002_01.jpg,n003167,n006149,asian,asian,males,females,,,0,0.29895955,27.551994,0.70104045
data\processed\bfw\asian\n003153\0250_01.jpg,data\processed\bfw\asian\n000840\0130_08.jpg,n003153,n000840,asian,asian,females,females,,,0,0.31706876,26.571974,0.68293124
data\processed\bfw\asian\n001496\0171_01.jpg,data\processed\bfw\asian\n001496\0608_01.jpg,n001496,n001496,asian,asian,males,males,,,1,0.7928693,14.054963,0.20713067
data\processed\bfw\asian\n007089\0121_01.jpg,data\processed\bfw\asian\n007089\0229_01.jpg,n007089,n007089,asian,asian,females,females,,,1,0.5256958,22.81352,0.4743042
data\processed\bfw\asian\n009042\0026_01.jpg,data\processed\bfw\asian\n009042\0098_05.jpg,n009042,n009042,asian,asian,females,females,,,1,0.8747528,11.121886,0.12524718
data\processed\bfw\asian\n004864\0057_01.jpg,data\processed\bfw\asian\n004864\0179_01.jpg,n004864,n004864,asian,asian,females,females,,,1,0.6186912,19.807266,0.3813088
data\processed\bfw\asian\n005474\0062_01.jpg,data\processed\bfw\asian\n005474\0342_02.jpg,n005474,n005474,asian,asian,females,females,,,1,0.5447509,20.915798,0.45524907
data\processed\bfw\asian\n006126\0012_01.jpg,data\processed\bfw\asian\n006126\0055_01.jpg,n006126,n006126,asian,asian,females,females,,,1,0.807617,13.576489,0.19238299
data\processed\bfw\asian\n004870\0264_01.jpg,data\processed\bfw\asian\n000837\0085_01.jpg,n004870,n000837,asian,asian,females,females,,,0,0.33580893,29.182684,0.66419107
data\processed\bfw\asian\n006634\0033_01.jpg,data\processed\bfw\asian\n006634\0434_01.jpg,n006634,n006634,asian,asian,females,females,,,1,0.18408994,27.723276,0.81591004
data\processed\bfw\asian\n004687\0268_01.jpg,data\processed\bfw\asian\n004687\0295_01.jpg,n004687,n004687,asian,asian,females,females,,,1,0.65268415,18.226507,0.34731585
data\processed\bfw\asian\n000856\0079_01.jpg,data\processed\bfw\asian\n003153\0610_04.jpg,n000856,n003153,asian,asian,females,females,,,0,-0.0773933,33.27508,1.0773933
data\processed\bfw\asian\n004930\0103_01.jpg,data\processed\bfw\asian\n004680\0185_01.jpg,n004930,n004680,asian,asian,females,females,,,0,0.4074967,25.751598,0.5925033
data\processed\bfw\asian\n000132\0332_01__face_0.jpg,data\processed\bfw\asian\n007816\0272_01.jpg,n000132,n007816,asian,asian,males,females,,,0,0.18276723,28.456184,0.8172328
data\processed\bfw\asian\n005177\0023_01.jpg,data\processed\bfw\asian\n004681\0266_02.jpg,n005177,n004681,asian,asian,males,males,,,0,0.2668459,27.605286,0.73315406
data\processed\bfw\asian\n009175\0073_01.jpg,data\processed\bfw\asian\n003156\0073_02.jpg,n009175,n003156,asian,asian,females,males,,,0,0.46208414,23.776222,0.5379158
data\processed\bfw\asian\n002406\0614_01.jpg,data\processed\bfw\asian\n005177\0012_01.jpg,n002406,n005177,asian,asian,males,males,,,0,0.052291088,32.13974,0.9477089
data\processed\bfw\asian\n004930\0046_01.jpg,data\processed\bfw\asian\n004930\0236_01.jpg,n004930,n004930,asian,asian,females,females,,,1,0.5963847,21.309113,0.4036153
data\processed\bfw\asian\n004680\0131_01.jpg,data\processed\bfw\asian\n004680\0185_01.jpg,n004680,n004680,asian,asian,females,females,,,1,0.5379503,22.920086,0.46204972
data\processed\bfw\asian\n000135\0013_02.jpg,data\processed\bfw\asian\n000135\0082_02.jpg,n000135,n000135,asian,asian,females,females,,,1,0.70167047,18.496176,0.29832953
data\processed\bfw\asian\n002406\0156_01.jpg,data\processed\bfw\asian\n000839\0081_01.jpg,n002406,n000839,asian,asian,males,females,,,0,-0.011642093,32.604282,1.0116421
data\processed\bfw\asian\n009278\0012_01.jpg,data\processed\bfw\asian\n009278\0039_02.jpg,n009278,n009278,asian,asian,females,females,,,1,0.78336847,14.6245985,0.21663153
data\processed\bfw\asian\n002775\0166_02.jpg,data\processed\bfw\asian\n002644\0231_02.jpg,n002775,n002644,asian,asian,males,males,,,0,0.15316142,29.73284,0.8468386
data\processed\bfw\asian\n009125\0172_01.jpg,data\processed\bfw\asian\n007738\0017_01.jpg,n009125,n007738,asian,asian,females,females,,,0,0.19127087,29.687334,0.8087291
data\processed\bfw\asian\n003533\0067_01.jpg,data\processed\bfw\asian\n007385\0469_01.jpg,n003533,n007385,asian,asian,males,females,,,0,0.11762346,28.421047,0.88237655
data\processed\bfw\asian\n005474\0769_01.jpg,data\processed\bfw\asian\n005072\0173_01.jpg,n005474,n005072,asian,asian,females,males,,,0,0.33835652,25.61956,0.6616435
data\processed\bfw\asian\n003491\0047_04.jpg,data\processed\bfw\asian\n001682\0031_01.jpg,n003491,n001682,asian,asian,males,males,,,0,0.53261226,22.033936,0.46738774
data\processed\bfw\asian\n002509\0157_01.jpg,data\processed\bfw\asian\n005474\0162_02.jpg,n002509,n005474,asian,asian,females,females,,,0,0.5362813,23.54931,0.4637187
data\processed\bfw\asian\n003463\0104_01.jpg,data\processed\bfw\asian\n007816\0543_01.jpg,n003463,n007816,asian,asian,males,females,,,0,0.31673217,28.271597,0.68326783
data\processed\bfw\asian\n004935\0688_01.jpg,data\processed\bfw\asian\n000160\0338_01.jpg,n004935,n000160,asian,asian,males,females,,,0,0.18439288,28.979328,0.81560713
data\processed\bfw\asian\n005378\0147_01.jpg,data\processed\bfw\asian\n005378\0176_01.jpg,n005378,n005378,asian,asian,females,females,,,1,0.673195,18.369085,0.326805
data\processed\bfw\asian\n009279\0021_01.jpg,data\processed\bfw\asian\n009279\0185_01.jpg,n009279,n009279,asian,asian,females,females,,,1,0.7070877,17.496708,0.2929123
data\processed\bfw\asian\n009041\0118_01.jpg,data\processed\bfw\asian\n003824\0026_01.jpg,n009041,n003824,asian,asian,females,females,,,0,0.29106924,28.352585,0.70893073
data\processed\bfw\asian\n002509\0041_01.jpg,data\processed\bfw\asian\n002509\0319_01.jpg,n002509,n002509,asian,asian,females,females,,,1,0.38631094,25.350912,0.61368906
data\processed\bfw\asian\n000838\0040_02.jpg,data\processed\bfw\asian\n004860\0156_01.jpg,n000838,n004860,asian,asian,females,females,,,0,0.13246901,31.228762,0.867531
data\processed\bfw\asian\n003223\0143_01.jpg,data\processed\bfw\asian\n004805\0083_01.jpg,n003223,n004805,asian,asian,males,males,,,0,0.4453576,23.150063,0.55464244
data\processed\bfw\asian\n003223\0185_01.jpg,data\processed\bfw\asian\n004787\0418_02.jpg,n003223,n004787,asian,asian,males,females,,,0,0.2886482,26.91557,0.7113518
data\processed\bfw\asian\n004686\0055_01.jpg,data\processed\bfw\asian\n004686\0064_01.jpg,n004686,n004686,asian,asian,males,males,,,1,0.8135862,13.674991,0.18641382
data\processed\bfw\asian\n005116\0150_01.jpg,data\processed\bfw\asian\n005071\0196_01.jpg,n005116,n005071,asian,asian,males,males,,,0,0.55750865,20.258118,0.44249135
data\processed\bfw\asian\n006149\0139_02.jpg,data\processed\bfw\asian\n004800\0526_01.jpg,n006149,n004800,asian,asian,females,males,,,0,0.16499296,29.709578,0.8350071
data\processed\bfw\asian\n000872\0026_03.jpg,data\processed\bfw\asian\n002552\0530_01.jpg,n000872,n002552,asian,asian,males,males,,,0,0.17449057,30.968222,0.8255094
data\processed\bfw\asian\n007089\0011_04.jpg,data\processed\bfw\asian\n007089\0066_01.jpg,n007089,n007089,asian,asian,females,females,,,1,0.8508803,12.37202,0.14911968
data\processed\bfw\asian\n003354\0047_01.jpg,data\processed\bfw\asian\n005446\0144_01.jpg,n003354,n005446,asian,asian,females,females,,,0,0.27263495,26.717169,0.727365
data\processed\bfw\asian\n000160\0075_01.jpg,data\processed\bfw\asian\n000160\0105_01.jpg,n000160,n000160,asian,asian,females,females,,,1,0.63296473,18.739878,0.36703527
data\processed\bfw\asian\n006774\0391_01.jpg,data\processed\bfw\asian\n006736\0438_01.jpg,n006774,n006736,asian,asian,females,females,,,0,0.6290362,19.132586,0.3709638
data\processed\bfw\asian\n009177\0606_02.jpg,data\processed\bfw\asian\n009177\0626_01.jpg,n009177,n009177,asian,asian,females,females,,,1,0.6590694,18.950916,0.34093058
data\processed\bfw\asian\n004948\0004_02.jpg,data\processed\bfw\asian\n004948\0401_02.jpg,n004948,n004948,asian,asian,males,males,,,1,0.566224,22.480728,0.43377602
data\processed\bfw\asian\n004936\0304_02.jpg,data\processed\bfw\asian\n005083\0021_01.jpg,n004936,n005083,asian,asian,females,females,,,0,0.41881704,25.986763,0.58118296
data\processed\bfw\asian\n006634\0114_01.jpg,data\processed\bfw\asian\n006634\0434_01.jpg,n006634,n006634,asian,asian,females,females,,,1,0.36069444,24.07642,0.6393056
data\processed\bfw\asian\n006159\0073_01.jpg,data\processed\bfw\asian\n006159\0178_01.jpg,n006159,n006159,asian,asian,females,females,,,1,0.63168114,20.337782,0.36831886
data\processed\bfw\asian\n009275\0049_01.jpg,data\processed\bfw\asian\n009275\0397_05.jpg,n009275,n009275,asian,asian,females,females,,,1,0.6516702,18.177391,0.34832978
data\processed\bfw\asian\n000838\0249_01.jpg,data\processed\bfw\asian\n000838\0251_02.jpg,n000838,n000838,asian,asian,females,females,,,1,0.46310306,22.874123,0.53689694
data\processed\bfw\asian\n003223\0059_03.jpg,data\processed\bfw\asian\n000839\0454_01.jpg,n003223,n000839,asian,asian,males,females,,,0,0.038436655,31.554592,0.96156335
data\processed\bfw\asian\n008401\0389_01.jpg,data\processed\bfw\asian\n003491\0114_03.jpg,n008401,n003491,asian,asian,females,males,,,0,-0.037647627,30.455372,1.0376476
data\processed\bfw\asian\n004221\0075_01.jpg,data\processed\bfw\asian\n006736\0099_01.jpg,n004221,n006736,asian,asian,males,females,,,0,0.20858271,29.52016,0.7914173
data\processed\bfw\asian\n009042\0036_01.jpg,data\processed\bfw\asian\n000160\0182_01.jpg,n009042,n000160,asian,asian,females,females,,,0,0.22313389,28.049162,0.7768661
data\processed\bfw\asian\n009276\0049_01.jpg,data\processed\bfw\asian\n009276\0361_01.jpg,n009276,n009276,asian,asian,females,females,,,1,0.4507001,24.146849,0.5492999
data\processed\bfw\asian\n004686\0030_01.jpg,data\processed\bfw\asian\n004686\0282_01.jpg,n004686,n004686,asian,asian,males,males,,,1,0.7204497,17.851198,0.2795503
data\processed\bfw\asian\n004467\0186_01.jpg,data\processed\bfw\asian\n004467\0677_01.jpg,n004467,n004467,asian,asian,males,males,,,1,0.68405807,17.880219,0.31594193
data\processed\bfw\asian\n001562\0159_02.jpg,data\processed\bfw\asian\n004469\0108_02.jpg,n001562,n004469,asian,asian,males,males,,,0,0.4077066,24.34898,0.5922934
data\processed\bfw\asian\n006418\0023_01.jpg,data\processed\bfw\asian\n006418\0140_02.jpg,n006418,n006418,asian,asian,females,females,,,1,0.5245215,22.5752,0.47547847
data\processed\bfw\asian\n004948\0057_01.jpg,data\processed\bfw\asian\n004948\0401_02.jpg,n004948,n004948,asian,asian,males,males,,,1,0.56700486,23.479103,0.43299514
data\processed\bfw\asian\n000838\0076_01.jpg,data\processed\bfw\asian\n000838\0500_01.jpg,n000838,n000838,asian,asian,females,females,,,1,0.5220517,22.903416,0.4779483
data\processed\bfw\asian\n000148\0306_01.jpg,data\processed\bfw\asian\n007664\0045_01.jpg,n000148,n007664,asian,asian,females,females,,,0,0.29465216,25.917635,0.70534784
data\processed\bfw\asian\n003354\0124_01.jpg,data\processed\bfw\asian\n003354\0243_01.jpg,n003354,n003354,asian,asian,females,females,,,1,0.40996948,26.673483,0.59003055
data\processed\bfw\asian\n006149\0018_01.jpg,data\processed\bfw\asian\n006149\0022_01.jpg,n006149,n006149,asian,asian,females,females,,,1,0.84940094,13.688768,0.15059906
data\processed\bfw\asian\n003463\0127_01.jpg,data\processed\bfw\asian\n000839\0163_01.jpg,n003463,n000839,asian,asian,males,females,,,0,0.2916015,27.72676,0.70839846
data\processed\bfw\asian\n000856\0104_01.jpg,data\processed\bfw\asian\n009177\0011_01.jpg,n000856,n009177,asian,asian,females,females,,,0,0.21965648,29.380524,0.78034353
data\processed\bfw\asian\n002509\0005_02.jpg,data\processed\bfw\asian\n002509\0432_01.jpg,n002509,n002509,asian,asian,females,females,,,1,0.7323554,16.356852,0.26764458
data\processed\bfw\asian\n008383\0090_01.jpg,data\processed\bfw\asian\n008383\0244_02.jpg,n008383,n008383,asian,asian,females,females,,,1,0.6551084,18.55283,0.3448916
data\processed\bfw\asian\n004785\0357_02.jpg,data\processed\bfw\asian\n004785\0493_01.jpg,n004785,n004785,asian,asian,females,females,,,1,0.68300927,18.159567,0.31699073
data\processed\bfw\asian\n009175\0043_01.jpg,data\processed\bfw\asian\n007385\0056_07.jpg,n009175,n007385,asian,asian,females,females,,,0,0.34647486,25.787907,0.6535251
data\processed\bfw\asian\n004549\0018_01.jpg,data\processed\bfw\asian\n004786\0173_01.jpg,n004549,n004786,asian,asian,females,females,,,0,0.21172099,26.027182,0.788279
data\processed\bfw\asian\n003288\0573_01.jpg,data\processed\bfw\asian\n005085\0679_01.jpg,n003288,n005085,asian,asian,females,females,,,0,0.3060674,27.715645,0.6939326
data\processed\bfw\asian\n004109\0070_01.jpg,data\processed\bfw\asian\n000137\0082_02.jpg,n004109,n000137,asian,asian,males,females,,,0,0.38823453,26.26388,0.6117655
data\processed\bfw\asian\n000158\0133_01.jpg,data\processed\bfw\asian\n000135\0036_01.jpg,n000158,n000135,asian,asian,males,females,,,0,-0.11659516,34.297424,1.1165951
data\processed\bfw\asian\n003155\0261_01.jpg,data\processed\bfw\asian\n003155\1012_07.jpg,n003155,n003155,asian,asian,males,males,,,1,0.111998364,31.059935,0.8880016
data\processed\bfw\asian\n003467\0405_01.jpg,data\processed\bfw\asian\n004108\0131_01.jpg,n003467,n004108,asian,asian,females,males,,,0,0.40237564,25.07393,0.59762436
data\processed\bfw\asian\n007385\0086_01.jpg,data\processed\bfw\asian\n007385\0432_01.jpg,n007385,n007385,asian,asian,females,females,,,1,0.61770487,19.554747,0.38229513
data\processed\bfw\asian\n006148\0607_02.jpg,data\processed\bfw\asian\n006619\0342_01.jpg,n006148,n006619,asian,asian,females,females,,,0,0.22295241,28.72937,0.7770476
data\processed\bfw\asian\n005072\0254_01.jpg,data\processed\bfw\asian\n008978\0101_01.jpg,n005072,n008978,asian,asian,males,females,,,0,0.30975345,27.85958,0.6902466
data\processed\bfw\asian\n006774\0048_01.jpg,data\processed\bfw\asian\n006774\0119_01.jpg,n006774,n006774,asian,asian,females,females,,,1,0.7500738,15.927811,0.24992621
data\processed\bfw\asian\n003482\0716_02.jpg,data\processed\bfw\asian\n000135\0119_01.jpg,n003482,n000135,asian,asian,males,females,,,0,0.08339705,32.12002,0.91660297
data\processed\bfw\asian\n000148\0317_02.jpg,data\processed\bfw\asian\n004687\0102_01.jpg,n000148,n004687,asian,asian,females,females,,,0,0.24914646,26.757875,0.75085354
data\processed\bfw\asian\n004472\0057_02.jpg,data\processed\bfw\asian\n004870\0129_01.jpg,n004472,n004870,asian,asian,females,females,,,0,0.44651797,24.730202,0.55348206
data\processed\bfw\asian\n001864\0092_01.jpg,data\processed\bfw\asian\n005378\0128_01.jpg,n001864,n005378,asian,asian,males,females,,,0,0.47517955,23.818312,0.52482045
data\processed\bfw\asian\n005069\0046_06.jpg,data\processed\bfw\asian\n005069\0062_01.jpg,n005069,n005069,asian,asian,females,females,,,1,0.6127313,19.754,0.38726872
data\processed\bfw\asian\n003355\0089_01.jpg,data\processed\bfw\asian\n003355\0485_01.jpg,n003355,n003355,asian,asian,males,males,,,1,0.4622541,22.70853,0.5377459
data\processed\bfw\asian\n004930\0106_01.jpg,data\processed\bfw\asian\n004930\0144_02.jpg,n004930,n004930,asian,asian,females,females,,,1,0.5867622,23.039913,0.4132378
data\processed\bfw\asian\n006222\0095_02.jpg,data\processed\bfw\asian\n006224\0145_04.jpg,n006222,n006224,asian,asian,females,females,,,0,0.36222953,27.805952,0.6377705
data\processed\bfw\asian\n003167\0029_01.jpg,data\processed\bfw\asian\n003167\0045_01.jpg,n003167,n003167,asian,asian,males,males,,,1,0.90990245,8.509112,0.09009755
data\processed\bfw\asian\n007089\0144_02.jpg,data\processed\bfw\asian\n007089\0229_01.jpg,n007089,n007089,asian,asian,females,females,,,1,0.60802305,20.673454,0.39197695
data\processed\bfw\asian\n000161\0119_02.jpg,data\processed\bfw\asian\n004948\0057_01.jpg,n000161,n004948,asian,asian,males,males,,,0,0.06751749,33.87126,0.9324825
data\processed\bfw\asian\n006126\0054_01.jpg,data\processed\bfw\asian\n006126\0105_01.jpg,n006126,n006126,asian,asian,females,females,,,1,0.77720034,15.71114,0.22279966
data\processed\bfw\asian\n000838\0044_01.jpg,data\processed\bfw\asian\n009294\0031_03.jpg,n000838,n009294,asian,asian,females,females,,,0,0.29347703,28.049553,0.70652294
data\processed\bfw\asian\n000138\0087_03.jpg,data\processed\bfw\asian\n005474\0118_02.jpg,n000138,n005474,asian,asian,females,females,,,0,0.11634582,29.169516,0.8836542
data\processed\bfw\asian\n000160\0139_01.jpg,data\processed\bfw\asian\n004680\0053_01.jpg,n000160,n004680,asian,asian,females,females,,,0,0.34085056,27.334646,0.6591494
data\processed\bfw\asian\n001976\0119_01.jpg,data\processed\bfw\asian\n001976\0665_02.jpg,n001976,n001976,asian,asian,males,males,,,1,0.7197449,16.541826,0.28025508
data\processed\bfw\asian\n005116\0442_01.jpg,data\processed\bfw\asian\n003358\0080_01.jpg,n005116,n003358,asian,asian,males,females,,,0,0.10365053,31.97589,0.8963495
data\processed\bfw\asian\n006736\0178_02.jpg,data\processed\bfw\asian\n006736\0273_03.jpg,n006736,n006736,asian,asian,females,females,,,1,0.6251756,20.833282,0.3748244
data\processed\bfw\asian\n006633\0288_01.jpg,data\processed\bfw\asian\n009288\0175_01.jpg,n006633,n009288,asian,asian,females,females,,,0,0.53746575,21.196022,0.46253425
data\processed\bfw\asian\n000856\0046_01.jpg,data\processed\bfw\asian\n000856\0285_01.jpg,n000856,n000856,asian,asian,females,females,,,1,0.58890486,20.780464,0.41109514
data\processed\bfw\asian\n005116\0150_01.jpg,data\processed\bfw\asian\n005116\0270_01.jpg,n005116,n005116,asian,asian,males,males,,,1,0.60061026,19.774912,0.39938974
data\processed\bfw\asian\n000135\0013_02.jpg,data\processed\bfw\asian\n000135\0036_01.jpg,n000135,n000135,asian,asian,females,females,,,1,0.70296955,18.021738,0.29703045
data\processed\bfw\asian\n003467\0096_01.jpg,data\processed\bfw\asian\n006148\0074_01.jpg,n003467,n006148,asian,asian,females,females,,,0,0.37630498,24.963766,0.623695
data\processed\bfw\asian\n008383\0126_02.jpg,data\processed\bfw\asian\n008383\0251_01.jpg,n008383,n008383,asian,asian,females,females,,,1,0.33830997,27.433645,0.66169
data\processed\bfw\asian\n008383\0193_12.jpg,data\processed\bfw\asian\n009279\0193_01.jpg,n008383,n009279,asian,asian,females,females,,,0,0.15601791,28.864569,0.8439821
data\processed\bfw\asian\n003506\0136_02.jpg,data\processed\bfw\asian\n003506\0177_01.jpg,n003506,n003506,asian,asian,females,females,,,1,0.7381582,16.937235,0.26184177
data\processed\bfw\asian\n000856\0026_01.jpg,data\processed\bfw\asian\n004864\0045_01.jpg,n000856,n004864,asian,asian,females,females,,,0,0.15839761,30.65944,0.8416024
data\processed\bfw\asian\n003533\0067_01.jpg,data\processed\bfw\asian\n003533\0573_01.jpg,n003533,n003533,asian,asian,males,males,,,1,0.863835,11.049425,0.13616502
data\processed\bfw\asian\n004109\0172_01.jpg,data\processed\bfw\asian\n005071\0334_01.jpg,n004109,n005071,asian,asian,males,males,,,0,0.48141924,24.20066,0.5185808
data\processed\bfw\asian\n003162\0246_01.jpg,data\processed\bfw\asian\n003467\0030_01.jpg,n003162,n003467,asian,asian,males,females,,,0,0.03853182,33.21943,0.96146816
data\processed\bfw\asian\n006224\0160_01.jpg,data\processed\bfw\asian\n005072\0001_03.jpg,n006224,n005072,asian,asian,females,males,,,0,0.23444961,28.661379,0.7655504
data\processed\bfw\asian\n003506\0115_01.jpg,data\processed\bfw\asian\n003506\0324_01.jpg,n003506,n003506,asian,asian,females,females,,,1,0.64578664,19.325064,0.35421336
data\processed\bfw\asian\n000856\0075_01.jpg,data\processed\bfw\asian\n000856\0285_01.jpg,n000856,n000856,asian,asian,females,females,,,1,0.4904113,24.825651,0.5095887
data\processed\bfw\asian\n008978\0097_02.jpg,data\processed\bfw\asian\n005116\0086_01.jpg,n008978,n005116,asian,asian,females,males,,,0,0.2266781,29.104399,0.77332187
data\processed\bfw\asian\n003156\0068_01.jpg,data\processed\bfw\asian\n003162\0186_01.jpg,n003156,n003162,asian,asian,males,males,,,0,0.1655607,28.721981,0.8344393
data\processed\bfw\asian\n009276\0159_02.jpg,data\processed\bfw\asian\n004785\0493_01.jpg,n009276,n004785,asian,asian,females,females,,,0,0.38094953,25.39925,0.6190505
data\processed\bfw\asian\n003223\0034_05.jpg,data\processed\bfw\asian\n003824\0085_02.jpg,n003223,n003824,asian,asian,males,females,,,0,0.16519737,30.806538,0.8348026
data\processed\bfw\asian\n004680\0185_01.jpg,data\processed\bfw\asian\n001562\0198_02.jpg,n004680,n001562,asian,asian,females,males,,,0,0.10943372,31.137691,0.8905663
data\processed\bfw\asian\n000838\0058_01.jpg,data\processed\bfw\asian\n000838\0251_02.jpg,n000838,n000838,asian,asian,females,females,,,1,0.4918978,22.242273,0.5081022
data\processed\bfw\asian\n004935\0287_01.jpg,data\processed\bfw\asian\n004935\0548_01.jpg,n004935,n004935,asian,asian,males,males,,,1,0.5531544,20.330572,0.4468456
data\processed\bfw\asian\n009177\0053_02.jpg,data\processed\bfw\asian\n003153\0215_01.jpg,n009177,n003153,asian,asian,females,females,,,0,0.43965045,23.721693,0.5603496
data\processed\bfw\asian\n006148\0195_01.jpg,data\processed\bfw\asian\n006148\0339_01.jpg,n006148,n006148,asian,asian,females,females,,,1,0.77631795,14.221479,0.22368205
data\processed\bfw\asian\n005177\0013_01.jpg,data\processed\bfw\asian\n005177\0062_01.jpg,n005177,n005177,asian,asian,males,males,,,1,0.89753217,10.326305,0.102467835
data\processed\bfw\asian\n003557\0013_01.jpg,data\processed\bfw\asian\n003481\0215_01.jpg,n003557,n003481,asian,asian,females,females,,,0,0.26629072,27.373247,0.7337093
data\processed\bfw\asian\n000132\0048_08__face_0.jpg,data\processed\bfw\asian\n000132\0112_01__face_0.jpg,n000132,n000132,asian,asian,males,males,,,1,0.5303844,22.62181,0.46961558
data\processed\bfw\asian\n008148\0013_01.jpg,data\processed\bfw\asian\n008148\0389_02.jpg,n008148,n008148,asian,asian,females,females,,,1,0.72104704,15.5477295,0.27895296
data\processed\bfw\asian\n004687\0268_01.jpg,data\processed\bfw\asian\n009279\0185_01.jpg,n004687,n009279,asian,asian,females,females,,,0,0.38888827,24.833162,0.61111176
data\processed\bfw\asian\n005216\0059_01.jpg,data\processed\bfw\asian\n005216\0119_01.jpg,n005216,n005216,asian,asian,females,females,,,1,0.7307428,15.941113,0.2692572
data\processed\bfw\asian\n000854\0275_01.jpg,data\processed\bfw\asian\n003824\0015_01.jpg,n000854,n003824,asian,asian,females,females,,,0,0.3899947,27.08923,0.61000526
data\processed\bfw\asian\n004794\0644_01.jpg,data\processed\bfw\asian\n004800\0245_01.jpg,n004794,n004800,asian,asian,males,males,,,0,0.3133692,26.590397,0.6866308
data\processed\bfw\asian\n004930\0236_01.jpg,data\processed\bfw\asian\n004864\0057_01.jpg,n004930,n004864,asian,asian,females,females,,,0,0.12945004,31.124115,0.87055
data\processed\bfw\asian\n005446\0012_01.jpg,data\processed\bfw\asian\n005446\0265_01.jpg,n005446,n005446,asian,asian,females,females,,,1,0.5995724,19.5024,0.40042758
data\processed\bfw\asian\n004721\0041_01.jpg,data\processed\bfw\asian\n004721\0283_01.jpg,n004721,n004721,asian,asian,males,males,,,1,0.16216798,27.749367,0.83783203
data\processed\bfw\asian\n000839\0120_01.jpg,data\processed\bfw\asian\n000839\0454_01.jpg,n000839,n000839,asian,asian,females,females,,,1,0.7833137,15.168686,0.21668631
data\processed\bfw\asian\n004466\0003_01.jpg,data\processed\bfw\asian\n004466\0131_01.jpg,n004466,n004466,asian,asian,males,males,,,1,0.6706635,19.235125,0.32933652
data\processed\bfw\asian\n005063\0068_01.jpg,data\processed\bfw\asian\n005063\0297_04.jpg,n005063,n005063,asian,asian,females,females,,,1,0.4351448,23.180613,0.5648552
data\processed\bfw\asian\n005071\0260_01.jpg,data\processed\bfw\asian\n005071\0280_01.jpg,n005071,n005071,asian,asian,males,males,,,1,0.59353906,21.715235,0.40646094
data\processed\bfw\asian\n004930\0044_01.jpg,data\processed\bfw\asian\n004930\0106_01.jpg,n004930,n004930,asian,asian,females,females,,,1,0.7285837,18.509087,0.2714163
data\processed\bfw\asian\n009103\0047_02.jpg,data\processed\bfw\asian\n009103\0179_03.jpg,n009103,n009103,asian,asian,females,females,,,1,0.6907834,18.391354,0.30921662
data\processed\bfw\asian\n005077\0140_01.jpg,data\processed\bfw\asian\n009042\0372_01.jpg,n005077,n009042,asian,asian,females,females,,,0,0.25647292,27.205463,0.74352705
data\processed\bfw\asian\n009277\0128_01.jpg,data\processed\bfw\asian\n009288\0028_01.jpg,n009277,n009288,asian,asian,females,females,,,0,0.29373804,28.593758,0.706262
data\processed\bfw\asian\n003358\0316_01.jpg,data\processed\bfw\asian\n003358\0702_01.jpg,n003358,n003358,asian,asian,females,females,,,1,0.8393738,12.118304,0.16062617
data\processed\bfw\asian\n006634\0091_04.jpg,data\processed\bfw\asian\n003465\0158_01.jpg,n006634,n003465,asian,asian,females,males,,,0,0.04693922,28.782501,0.9530608
data\processed\bfw\asian\n008148\0202_01.jpg,data\processed\bfw\asian\n008383\0068_01.jpg,n008148,n008383,asian,asian,females,females,,,0,0.22354594,27.603224,0.7764541
data\processed\bfw\asian\n002775\0069_01.jpg,data\processed\bfw\asian\n002775\0072_01.jpg,n002775,n002775,asian,asian,males,males,,,1,0.65060884,18.512203,0.34939116
data\processed\bfw\asian\n005116\0012_01.jpg,data\processed\bfw\asian\n006736\0169_01.jpg,n005116,n006736,asian,asian,males,females,,,0,0.15333013,30.469978,0.84666985
data\processed\bfw\asian\n003824\0037_01.jpg,data\processed\bfw\asian\n004786\0011_02.jpg,n003824,n004786,asian,asian,females,females,,,0,0.3579694,26.090563,0.6420306
data\processed\bfw\asian\n002644\0231_02.jpg,data\processed\bfw\asian\n002644\0492_01.jpg,n002644,n002644,asian,asian,males,males,,,1,0.7264901,16.207579,0.27350992
data\processed\bfw\asian\n006149\0075_01.jpg,data\processed\bfw\asian\n003533\0574_01.jpg,n006149,n003533,asian,asian,females,males,,,0,0.08200561,30.089396,0.9179944
data\processed\bfw\asian\n004467\0158_01.jpg,data\processed\bfw\asian\n004467\0226_01.jpg,n004467,n004467,asian,asian,males,males,,,1,0.46366146,23.49026,0.53633857
data\processed\bfw\asian\n003482\0227_01.jpg,data\processed\bfw\asian\n002320\0186_02.jpg,n003482,n002320,asian,asian,males,males,,,0,-0.23883606,36.614925,1.238836
data\processed\bfw\asian\n007899\0071_01.jpg,data\processed\bfw\asian\n005177\0235_01.jpg,n007899,n005177,asian,asian,females,males,,,0,0.101766996,30.188944,0.898233
data\processed\bfw\asian\n005446\0412_01.jpg,data\processed\bfw\asian\n005116\0333_03.jpg,n005446,n005116,asian,asian,females,males,,,0,0.073461786,30.236403,0.9265382
data\processed\bfw\asian\n007378\0173_02.jpg,data\processed\bfw\asian\n007378\0479_01.jpg,n007378,n007378,asian,asian,females,females,,,1,0.6311832,19.867086,0.3688168
data\processed\bfw\asian\n006633\0298_01.jpg,data\processed\bfw\asian\n007385\0432_01.jpg,n006633,n007385,asian,asian,females,females,,,0,0.3173747,27.425798,0.6826253
data\processed\bfw\asian\n005446\0009_02.jpg,data\processed\bfw\asian\n005446\0185_01.jpg,n005446,n005446,asian,asian,females,females,,,1,0.47502014,22.086143,0.5249798
data\processed\bfw\asian\n003156\0004_01.jpg,data\processed\bfw\asian\n003156\0068_01.jpg,n003156,n003156,asian,asian,males,males,,,1,0.82254225,13.037523,0.17745775
data\processed\bfw\asian\n009148\0022_01.jpg,data\processed\bfw\asian\n009148\0097_01.jpg,n009148,n009148,asian,asian,females,females,,,1,0.34640536,26.510294,0.6535946
data\processed\bfw\asian\n002331\0035_03.jpg,data\processed\bfw\asian\n005446\0012_01.jpg,n002331,n005446,asian,asian,males,females,,,0,-0.0151413195,31.20128,1.0151414
data\processed\bfw\asian\n000873\0050_02.jpg,data\processed\bfw\asian\n000873\0348_02.jpg,n000873,n000873,asian,asian,males,males,,,1,0.3033805,28.285204,0.6966195
data\processed\bfw\asian\n008163\0032_01.jpg,data\processed\bfw\asian\n008163\0389_01.jpg,n008163,n008163,asian,asian,females,females,,,1,0.80624557,13.906921,0.19375443
data\processed\bfw\asian\n003153\0397_02.jpg,data\processed\bfw\asian\n003354\0027_01.jpg,n003153,n003354,asian,asian,females,females,,,0,0.16337715,30.896566,0.83662283
data\processed\bfw\asian\n004786\0128_03.jpg,data\processed\bfw\asian\n003167\0183_01.jpg,n004786,n003167,asian,asian,females,males,,,0,0.06304245,31.250692,0.93695754
data\processed\bfw\asian\n000138\0541_01.jpg,data\processed\bfw\asian\n004687\0307_01.jpg,n000138,n004687,asian,asian,females,females,,,0,0.48582008,22.226946,0.51417994
data\processed\bfw\asian\n003635\0047_02.jpg,data\processed\bfw\asian\n000872\0581_01.jpg,n003635,n000872,asian,asian,males,males,,,0,0.24562743,29.971222,0.7543726
data\processed\bfw\asian\n003465\0116_01.jpg,data\processed\bfw\asian\n003465\0241_01.jpg,n003465,n003465,asian,asian,males,males,,,1,0.71171284,17.818224,0.28828716
data\processed\bfw\asian\n007089\0066_01.jpg,data\processed\bfw\asian\n007089\0229_01.jpg,n007089,n007089,asian,asian,females,females,,,1,0.5385521,21.826633,0.4614479
data\processed\bfw\asian\n006148\0135_01.jpg,data\processed\bfw\asian\n004860\0055_01.jpg,n006148,n004860,asian,asian,females,females,,,0,0.53657806,21.231524,0.46342194
data\processed\bfw\asian\n004466\0349_01.jpg,data\processed\bfw\asian\n003557\0241_03.jpg,n004466,n003557,asian,asian,males,females,,,0,0.08204668,30.902958,0.9179533
data\processed\bfw\asian\n004877\0073_01.jpg,data\processed\bfw\asian\n004877\0145_01.jpg,n004877,n004877,asian,asian,females,females,,,1,0.4895481,24.544975,0.5104519
data\processed\bfw\asian\n006126\0054_01.jpg,data\processed\bfw\asian\n006126\0474_01.jpg,n006126,n006126,asian,asian,females,females,,,1,0.7273092,16.156773,0.27269077
data\processed\bfw\asian\n000838\0040_02.jpg,data\processed\bfw\asian\n000838\0113_01.jpg,n000838,n000838,asian,asian,females,females,,,1,0.7597604,16.409956,0.24023962
data\processed\bfw\asian\n000436\0040_04.jpg,data\processed\bfw\asian\n007089\0431_01.jpg,n000436,n007089,asian,asian,males,females,,,0,0.07654583,32.23454,0.92345417
data\processed\bfw\asian\n002320\0219_01.jpg,data\processed\bfw\asian\n003635\0050_01.jpg,n002320,n003635,asian,asian,males,males,,,0,0.3488634,25.373957,0.65113664
data\processed\bfw\asian\n000840\0042_01.jpg,data\processed\bfw\asian\n000840\0060_01.jpg,n000840,n000840,asian,asian,females,females,,,1,0.66426843,18.139975,0.33573157
data\processed\bfw\asian\n004681\0101_01.jpg,data\processed\bfw\asian\n004681\0117_01.jpg,n004681,n004681,asian,asian,males,males,,,1,0.8238878,11.743133,0.17611217
data\processed\bfw\asian\n009137\0070_01.jpg,data\processed\bfw\asian\n009137\0151_01.jpg,n009137,n009137,asian,asian,females,females,,,1,0.8399569,12.472797,0.16004312
data\processed\bfw\asian\n003481\0015_01.jpg,data\processed\bfw\asian\n003481\0407_04.jpg,n003481,n003481,asian,asian,females,females,,,1,0.7241306,16.836105,0.27586943
data\processed\bfw\asian\n003355\0620_01.jpg,data\processed\bfw\asian\n000143\0122_01.jpg,n003355,n000143,asian,asian,males,females,,,0,0.2992382,26.908136,0.7007618
data\processed\bfw\asian\n001864\0026_01.jpg,data\processed\bfw\asian\n001864\0092_01.jpg,n001864,n001864,asian,asian,males,males,,,1,0.7679628,15.455692,0.23203719
data\processed\bfw\asian\n003357\0168_01.jpg,data\processed\bfw\asian\n003557\0259_01.jpg,n003357,n003557,asian,asian,females,females,,,0,0.38346925,24.347866,0.6165308
data\processed\bfw\asian\n004860\0196_01.jpg,data\processed\bfw\asian\n000138\0066_09.jpg,n004860,n000138,asian,asian,females,females,,,0,0.47289106,23.41965,0.5271089
data\processed\bfw\asian\n000854\0026_03.jpg,data\processed\bfw\asian\n000854\0239_01.jpg,n000854,n000854,asian,asian,females,females,,,1,0.75453544,16.462978,0.24546456
data\processed\bfw\asian\n005474\0298_05.jpg,data\processed\bfw\asian\n004864\0057_01.jpg,n005474,n004864,asian,asian,females,females,,,0,0.4756782,24.737764,0.5243218
data\processed\bfw\asian\n004108\0401_02.jpg,data\processed\bfw\asian\n003557\0007_02.jpg,n004108,n003557,asian,asian,males,females,,,0,0.037368163,33.64177,0.9626318
data\processed\bfw\asian\n004725\0001_01.jpg,data\processed\bfw\asian\n000856\0617_01.jpg,n004725,n000856,asian,asian,males,females,,,0,0.062626824,30.311722,0.93737316
data\processed\bfw\asian\n005063\0271_01.jpg,data\processed\bfw\asian\n005063\0373_01.jpg,n005063,n005063,asian,asian,females,females,,,1,0.29869774,26.52452,0.7013023
data\processed\bfw\asian\n003027\0448_07.jpg,data\processed\bfw\asian\n002644\0418_01.jpg,n003027,n002644,asian,asian,males,males,,,0,0.23913062,28.344427,0.7608694
data\processed\bfw\asian\n002331\0348_01.jpg,data\processed\bfw\asian\n003465\0158_01.jpg,n002331,n003465,asian,asian,males,males,,,0,0.20780545,26.886074,0.79219455
data\processed\bfw\asian\n003467\0082_01.jpg,data\processed\bfw\asian\n003467\0400_03.jpg,n003467,n003467,asian,asian,females,females,,,1,0.6823794,19.283068,0.31762058
data\processed\bfw\asian\n003156\0069_01.jpg,data\processed\bfw\asian\n003156\0100_01.jpg,n003156,n003156,asian,asian,males,males,,,1,0.47200978,23.529306,0.5279902
data\processed\bfw\asian\n003533\0062_02.jpg,data\processed\bfw\asian\n003533\0574_01.jpg,n003533,n003533,asian,asian,males,males,,,1,0.860162,11.341179,0.13983798
data\processed\bfw\asian\n003354\0227_01.jpg,data\processed\bfw\asian\n006149\0096_01.jpg,n003354,n006149,asian,asian,females,females,,,0,0.3840669,25.814003,0.61593306
data\processed\bfw\asian\n003824\0130_02.jpg,data\processed\bfw\asian\n003824\0262_01.jpg,n003824,n003824,asian,asian,females,females,,,1,0.7399141,17.03726,0.26008588
data\processed\bfw\asian\n000148\0083_01.jpg,data\processed\bfw\asian\n008148\0108_01.jpg,n000148,n008148,asian,asian,females,females,,,0,0.2040139,27.768633,0.7959861
data\processed\bfw\asian\n003223\0034_05.jpg,data\processed\bfw\asian\n003223\0143_01.jpg,n003223,n003223,asian,asian,males,males,,,1,0.65853304,19.010557,0.34146696
data\processed\bfw\asian\n006125\0151_01.jpg,data\processed\bfw\asian\n006125\0204_01.jpg,n006125,n006125,asian,asian,females,females,,,1,0.6659777,19.373766,0.33402228
data\processed\bfw\asian\n003489\0005_01.jpg,data\processed\bfw\asian\n003481\0054_01.jpg,n003489,n003481,asian,asian,males,females,,,0,0.34508425,27.103748,0.65491575
data\processed\bfw\asian\n000161\0170_01.jpg,data\processed\bfw\asian\n005069\0019_01.jpg,n000161,n005069,asian,asian,males,females,,,0,0.053813,31.928593,0.946187
data\processed\bfw\asian\n003357\0214_01.jpg,data\processed\bfw\asian\n003357\0422_01.jpg,n003357,n003357,asian,asian,females,females,,,1,0.71134967,16.347187,0.28865033
data\processed\bfw\asian\n009148\0079_01.jpg,data\processed\bfw\asian\n001976\0119_01.jpg,n009148,n001976,asian,asian,females,males,,,0,0.2177098,28.947647,0.7822902
data\processed\bfw\asian\n000139\0253_01.jpg,data\processed\bfw\asian\n000139\0501_01.jpg,n000139,n000139,asian,asian,females,females,,,1,0.47280753,24.330996,0.5271925
data\processed\bfw\asian\n004687\0019_01.jpg,data\processed\bfw\asian\n004687\0254_01.jpg,n004687,n004687,asian,asian,females,females,,,1,0.70614505,17.623362,0.29385495
data\processed\bfw\asian\n000160\0109_01.jpg,data\processed\bfw\asian\n004864\0282_02.jpg,n000160,n004864,asian,asian,females,females,,,0,0.14258298,28.929184,0.857417
data\processed\bfw\asian\n006126\0097_01.jpg,data\processed\bfw\asian\n007385\0065_01.jpg,n006126,n007385,asian,asian,females,females,,,0,0.49702176,21.787958,0.5029782
data\processed\bfw\asian\n005077\0073_01.jpg,data\processed\bfw\asian\n005077\0199_01.jpg,n005077,n005077,asian,asian,females,females,,,1,0.6167376,19.112364,0.3832624
data\processed\bfw\asian\n004686\0023_01.jpg,data\processed\bfw\asian\n004686\0433_01.jpg,n004686,n004686,asian,asian,males,males,,,1,0.56049335,22.14862,0.43950665
data\processed\bfw\asian\n000873\0061_01.jpg,data\processed\bfw\asian\n000132\0046_01__face_0.jpg,n000873,n000132,asian,asian,males,males,,,0,0.115807936,30.05225,0.88419205
data\processed\bfw\asian\n000856\0008_01.jpg,data\processed\bfw\asian\n009041\0069_01.jpg,n000856,n009041,asian,asian,females,females,,,0,0.3214735,28.422684,0.6785265
data\processed\bfw\asian\n004930\0282_01.jpg,data\processed\bfw\asian\n004930\0389_01.jpg,n004930,n004930,asian,asian,females,females,,,1,0.23329599,29.983252,0.766704
data\processed\bfw\asian\n006125\0081_01.jpg,data\processed\bfw\asian\n006125\0082_01.jpg,n006125,n006125,asian,asian,females,females,,,1,0.6628323,18.990753,0.33716768
data\processed\bfw\asian\n004721\0112_01.jpg,data\processed\bfw\asian\n004721\0200_01.jpg,n004721,n004721,asian,asian,males,males,,,1,0.71463513,16.416462,0.28536487
data\processed\bfw\asian\n007738\0118_02.jpg,data\processed\bfw\asian\n007738\0219_02.jpg,n007738,n007738,asian,asian,females,females,,,1,0.84464115,12.991476,0.15535885
data\processed\bfw\asian\n004794\0603_01.jpg,data\processed\bfw\asian\n004794\0612_01.jpg,n004794,n004794,asian,asian,males,males,,,1,0.72944,17.268131,0.27056003
data\processed\bfw\asian\n008163\0261_04.jpg,data\processed\bfw\asian\n008163\0451_03.jpg,n008163,n008163,asian,asian,females,females,,,1,0.66727924,18.479671,0.33272076
data\processed\bfw\asian\n004686\0078_01.jpg,data\processed\bfw\asian\n004686\0373_01.jpg,n004686,n004686,asian,asian,males,males,,,1,0.61000264,19.67,0.38999736
data\processed\bfw\asian\n009279\0125_03.jpg,data\processed\bfw\asian\n009279\0179_01.jpg,n009279,n009279,asian,asian,females,females,,,1,0.7786058,15.325271,0.22139418
data\processed\bfw\asian\n003533\0061_01.jpg,data\processed\bfw\asian\n007664\0104_01.jpg,n003533,n007664,asian,asian,males,females,,,0,-0.014986685,30.705585,1.0149866
data\processed\bfw\asian\n005116\0086_01.jpg,data\processed\bfw\asian\n005116\0168_01.jpg,n005116,n005116,asian,asian,males,males,,,1,0.75894356,15.930838,0.24105644
data\processed\bfw\asian\n006736\0099_01.jpg,data\processed\bfw\asian\n009042\0048_01.jpg,n006736,n009042,asian,asian,females,females,,,0,0.16736467,29.876213,0.83263534
data\processed\bfw\asian\n003467\0037_01.jpg,data\processed\bfw\asian\n005077\0199_01.jpg,n003467,n005077,asian,asian,females,females,,,0,0.2527347,26.894442,0.74726534
data\processed\bfw\asian\n001864\0123_01.jpg,data\processed\bfw\asian\n006125\0388_01.jpg,n001864,n006125,asian,asian,males,females,,,0,0.30977347,26.145943,0.69022655
data\processed\bfw\asian\n006149\0064_01.jpg,data\processed\bfw\asian\n006126\0067_01.jpg,n006149,n006126,asian,asian,females,females,,,0,0.24686502,28.054111,0.75313497
data\processed\bfw\asian\n001562\0130_01.jpg,data\processed\bfw\asian\n001562\0359_01.jpg,n001562,n001562,asian,asian,males,males,,,1,0.506454,24.05837,0.493546
data\processed\bfw\asian\n009041\0040_01.jpg,data\processed\bfw\asian\n000873\0255_01.jpg,n009041,n000873,asian,asian,females,males,,,0,0.0067181056,33.623928,0.9932819
data\processed\bfw\asian\n000158\0404_01.jpg,data\processed\bfw\asian\n000840\0580_01.jpg,n000158,n000840,asian,asian,males,females,,,0,0.17239478,28.384035,0.82760525
data\processed\bfw\asian\n004681\0016_01.jpg,data\processed\bfw\asian\n004681\0314_01.jpg,n004681,n004681,asian,asian,males,males,,,1,0.6352272,18.293238,0.3647728
data\processed\bfw\asian\n008934\0209_01.jpg,data\processed\bfw\asian\n001864\0078_01.jpg,n008934,n001864,asian,asian,females,males,,,0,0.22668542,30.878271,0.7733146
data\processed\bfw\asian\n003557\0240_01.jpg,data\processed\bfw\asian\n003557\0459_01.jpg,n003557,n003557,asian,asian,females,females,,,1,0.6790221,17.68144,0.32097793
data\processed\bfw\asian\n004800\0385_03.jpg,data\processed\bfw\asian\n000856\0053_01.jpg,n004800,n000856,asian,asian,males,females,,,0,0.47091568,23.540356,0.5290843
data\processed\bfw\asian\n003482\0258_02.jpg,data\processed\bfw\asian\n003482\0338_02.jpg,n003482,n003482,asian,asian,males,males,,,1,0.6797087,19.063284,0.32029128
data\processed\bfw\asian\n006222\0004_01.jpg,data\processed\bfw\asian\n006222\0017_01.jpg,n006222,n006222,asian,asian,females,females,,,1,0.7691933,15.338102,0.23080671
data\processed\bfw\asian\n002725\0023_01.jpg,data\processed\bfw\asian\n002725\0267_01.jpg,n002725,n002725,asian,asian,females,females,,,1,0.6190108,20.342249,0.3809892
data\processed\bfw\asian\n000138\0014_01.jpg,data\processed\bfw\asian\n006633\0056_01.jpg,n000138,n006633,asian,asian,females,females,,,0,0.29947668,24.660925,0.7005233
data\processed\bfw\asian\n004721\0096_01.jpg,data\processed\bfw\asian\n004721\0283_01.jpg,n004721,n004721,asian,asian,males,males,,,1,0.4068187,24.19629,0.5931813
data\processed\bfw\asian\n002552\0530_01.jpg,data\processed\bfw\asian\n004800\0108_01.jpg,n002552,n004800,asian,asian,males,males,,,0,0.18381222,28.833256,0.8161878
data\processed\bfw\asian\n006149\0117_01.jpg,data\processed\bfw\asian\n006149\0260_01.jpg,n006149,n006149,asian,asian,females,females,,,1,0.606966,21.780678,0.39303398
data\processed\bfw\asian\n008148\0075_01.jpg,data\processed\bfw\asian\n008148\0315_01.jpg,n008148,n008148,asian,asian,females,females,,,1,0.66194785,19.02884,0.33805215
data\processed\bfw\asian\n000143\0119_01.jpg,data\processed\bfw\asian\n000143\0156_04.jpg,n000143,n000143,asian,asian,females,females,,,1,0.64392066,19.06082,0.35607934
data\processed\bfw\asian\n006149\0032_01.jpg,data\processed\bfw\asian\n003167\0254_03.jpg,n006149,n003167,asian,asian,females,males,,,0,0.06829404,31.037975,0.93170595
data\processed\bfw\asian\n001562\0009_02.jpg,data\processed\bfw\asian\n007270\0471_01.jpg,n001562,n007270,asian,asian,males,females,,,0,0.08095848,32.382893,0.9190415
data\processed\bfw\asian\n004935\0124_01.jpg,data\processed\bfw\asian\n004794\0043_01.jpg,n004935,n004794,asian,asian,males,males,,,0,0.33188713,25.157194,0.6681129
data\processed\bfw\asian\n003027\0459_01.jpg,data\processed\bfw\asian\n000873\0255_01.jpg,n003027,n000873,asian,asian,males,males,,,0,0.17806628,29.049706,0.82193375
data\processed\bfw\asian\n006222\0103_01.jpg,data\processed\bfw\asian\n006222\0135_01.jpg,n006222,n006222,asian,asian,females,females,,,1,0.45904657,22.49927,0.5409534
data\processed\bfw\asian\n009294\0083_01.jpg,data\processed\bfw\asian\n003167\0042_07.jpg,n009294,n003167,asian,asian,females,males,,,0,0.13231151,28.897661,0.8676885
data\processed\bfw\asian\n003482\0050_01.jpg,data\processed\bfw\asian\n003482\0098_01.jpg,n003482,n003482,asian,asian,males,males,,,1,0.8844883,11.034014,0.115511715
data\processed\bfw\asian\n002406\0048_02.jpg,data\processed\bfw\asian\n002406\0173_01.jpg,n002406,n002406,asian,asian,males,males,,,1,0.8756741,10.900263,0.12432587
data\processed\bfw\asian\n002331\0054_02.jpg,data\processed\bfw\asian\n002331\0153_01.jpg,n002331,n002331,asian,asian,males,males,,,1,0.66765696,18.27121,0.33234304
data\processed\bfw\asian\n009175\0008_01.jpg,data\processed\bfw\asian\n009175\0082_01.jpg,n009175,n009175,asian,asian,females,females,,,1,0.74075174,15.337434,0.25924826
data\processed\bfw\asian\n003635\0021_01.jpg,data\processed\bfw\asian\n003635\0077_01.jpg,n003635,n003635,asian,asian,males,males,,,1,0.8508049,12.03826,0.14919508
data\processed\bfw\asian\n006224\0067_01.jpg,data\processed\bfw\asian\n004467\0221_02.jpg,n006224,n004467,asian,asian,females,males,,,0,0.30670938,28.140173,0.6932906
data\processed\bfw\asian\n003153\0157_01.jpg,data\processed\bfw\asian\n005216\0059_01.jpg,n003153,n005216,asian,asian,females,females,,,0,0.5253484,20.510244,0.47465158
data\processed\bfw\asian\n006159\0064_02.jpg,data\processed\bfw\asian\n003156\0134_01.jpg,n006159,n003156,asian,asian,females,males,,,0,0.3160745,26.563389,0.6839255
data\processed\bfw\asian\n005378\0232_01.jpg,data\processed\bfw\asian\n000161\0001_01.jpg,n005378,n000161,asian,asian,females,males,,,0,0.13520166,30.324236,0.8647983
data\processed\bfw\asian\n000839\0251_01.jpg,data\processed\bfw\asian\n004725\0036_01.jpg,n000839,n004725,asian,asian,females,males,,,0,0.1058162,30.52308,0.8941838
data\processed\bfw\asian\n002509\0007_01.jpg,data\processed\bfw\asian\n002509\0046_01.jpg,n002509,n002509,asian,asian,females,females,,,1,0.7690488,15.0430355,0.23095119
data\processed\bfw\asian\n004787\0158_01.jpg,data\processed\bfw\asian\n004787\0342_01.jpg,n004787,n004787,asian,asian,females,females,,,1,0.61202633,20.05437,0.38797367
data\processed\bfw\asian\n004870\0050_02.jpg,data\processed\bfw\asian\n008401\0297_01.jpg,n004870,n008401,asian,asian,females,females,,,0,0.2684775,27.663256,0.7315225
data\processed\bfw\asian\n004681\0133_01.jpg,data\processed\bfw\asian\n009177\0456_01.jpg,n004681,n009177,asian,asian,males,females,,,0,0.41552877,23.156277,0.5844712
data\processed\bfw\asian\n004791\0075_01.jpg,data\processed\bfw\asian\n004791\0152_02.jpg,n004791,n004791,asian,asian,males,males,,,1,0.8320009,12.662741,0.16799909
data\processed\bfw\asian\n003357\0123_01.jpg,data\processed\bfw\asian\n003357\0168_01.jpg,n003357,n003357,asian,asian,females,females,,,1,0.8556405,11.541444,0.14435953
data\processed\bfw\asian\n002644\0319_01.jpg,data\processed\bfw\asian\n008148\0202_01.jpg,n002644,n008148,asian,asian,males,females,,,0,0.20955092,26.872852,0.7904491
data\processed\bfw\asian\n006634\0313_02.jpg,data\processed\bfw\asian\n003355\0137_01.jpg,n006634,n003355,asian,asian,females,males,,,0,0.34296292,23.613533,0.6570371
data\processed\bfw\asian\n006149\0007_01.jpg,data\processed\bfw\asian\n006149\0260_01.jpg,n006149,n006149,asian,asian,females,females,,,1,0.69441277,19.040043,0.30558723
data\processed\bfw\asian\n000138\0164_01.jpg,data\processed\bfw\asian\n007372\0086_01.jpg,n000138,n007372,asian,asian,females,females,,,0,0.32279932,27.412416,0.6772007
data\processed\bfw\asian\n000160\0127_01.jpg,data\processed\bfw\asian\n000160\0338_01.jpg,n000160,n000160,asian,asian,females,females,,,1,0.5677935,22.098763,0.4322065
data\processed\bfw\asian\n009175\0024_03.jpg,data\processed\bfw\asian\n009175\0077_01.jpg,n009175,n009175,asian,asian,females,females,,,1,0.7845952,14.840991,0.21540481
data\processed\bfw\asian\n003465\0047_01.jpg,data\processed\bfw\asian\n000148\0136_01.jpg,n003465,n000148,asian,asian,males,females,,,0,0.30323267,28.082626,0.69676733
data\processed\bfw\asian\n004936\0256_01.jpg,data\processed\bfw\asian\n004936\0625_01.jpg,n004936,n004936,asian,asian,females,females,,,1,0.66060156,17.7864,0.33939844
data\processed\bfw\asian\n004809\0013_10.jpg,data\processed\bfw\asian\n004809\0220_03.jpg,n004809,n004809,asian,asian,males,males,,,1,0.3679509,25.485752,0.6320491
data\processed\bfw\asian\n006634\0726_04.jpg,data\processed\bfw\asian\n007385\0118_01.jpg,n006634,n007385,asian,asian,females,females,,,0,0.5535782,20.520107,0.4464218
data\processed\bfw\asian\n003489\0051_03.jpg,data\processed\bfw\asian\n003489\0135_01.jpg,n003489,n003489,asian,asian,males,males,,,1,0.7858915,14.588808,0.21410853
data\processed\bfw\asian\n009288\0165_01.jpg,data\processed\bfw\asian\n002725\0062_01.jpg,n009288,n002725,asian,asian,females,females,,,0,0.338028,26.529356,0.661972
data\processed\bfw\asian\n009279\0032_01.jpg,data\processed\bfw\asian\n004466\0052_01.jpg,n009279,n004466,asian,asian,females,males,,,0,0.26308352,26.58603,0.7369165
data\processed\bfw\asian\n001496\0149_01.jpg,data\processed\bfw\asian\n001496\0239_01.jpg,n001496,n001496,asian,asian,males,males,,,1,0.7089954,17.938545,0.2910046
data\processed\bfw\asian\n005071\0114_03.jpg,data\processed\bfw\asian\n005071\0630_01.jpg,n005071,n005071,asian,asian,males,males,,,1,0.7099952,18.586208,0.2900048
data\processed\bfw\asian\n009175\0073_01.jpg,data\processed\bfw\asian\n008163\0218_01.jpg,n009175,n008163,asian,asian,females,females,,,0,0.34852076,24.996645,0.65147924
data\processed\bfw\asian\n002331\0009_05.jpg,data\processed\bfw\asian\n002331\0264_01.jpg,n002331,n002331,asian,asian,males,males,,,1,0.60801935,19.67834,0.39198065
data\processed\bfw\asian\n009275\0397_03.jpg,data\processed\bfw\asian\n007270\0124_01.jpg,n009275,n007270,asian,asian,females,females,,,0,0.3595095,25.969746,0.64049053
data\processed\bfw\asian\n003491\0194_02.jpg,data\processed\bfw\asian\n005446\0118_01.jpg,n003491,n005446,asian,asian,males,females,,,0,0.033917468,30.356861,0.9660825
data\processed\bfw\asian\n009278\0228_01.jpg,data\processed\bfw\asian\n004466\0153_01.jpg,n009278,n004466,asian,asian,females,males,,,0,0.20417202,29.265766,0.795828
data\processed\bfw\asian\n005216\0042_01.jpg,data\processed\bfw\asian\n005216\0220_01.jpg,n005216,n005216,asian,asian,females,females,,,1,0.58981216,20.511992,0.41018784
data\processed\bfw\asian\n003355\0008_01.jpg,data\processed\bfw\asian\n003355\0156_01.jpg,n003355,n003355,asian,asian,males,males,,,1,0.7074807,17.018969,0.29251927
data\processed\bfw\asian\n002725\0086_01.jpg,data\processed\bfw\asian\n002725\0298_01.jpg,n002725,n002725,asian,asian,females,females,,,1,0.6218831,19.898382,0.3781169
data\processed\bfw\asian\n009041\0037_01.jpg,data\processed\bfw\asian\n009041\0112_01.jpg,n009041,n009041,asian,asian,females,females,,,1,0.71464413,17.892431,0.28535587
data\processed\bfw\asian\n003489\0112_01.jpg,data\processed\bfw\asian\n001682\0267_02.jpg,n003489,n001682,asian,asian,males,males,,,0,0.11144219,30.144709,0.8885578
data\processed\bfw\asian\n006149\0260_01.jpg,data\processed\bfw\asian\n004469\0083_02.jpg,n006149,n004469,asian,asian,females,males,,,0,0.24771577,28.257048,0.7522842
data\processed\bfw\asian\n004794\0640_01.jpg,data\processed\bfw\asian\n000138\0493_01.jpg,n004794,n000138,asian,asian,males,females,,,0,0.12936355,29.8052,0.87063646
data\processed\bfw\asian\n006633\0683_01.jpg,data\processed\bfw\asian\n005063\0439_01.jpg,n006633,n005063,asian,asian,females,females,,,0,0.3161028,24.487036,0.6838972
data\processed\bfw\asian\n004687\0031_01.jpg,data\processed\bfw\asian\n004687\0268_01.jpg,n004687,n004687,asian,asian,females,females,,,1,0.5977593,19.952427,0.4022407
data\processed\bfw\asian\n003156\0119_01.jpg,data\processed\bfw\asian\n003156\0134_01.jpg,n003156,n003156,asian,asian,males,males,,,1,0.68152255,17.713139,0.31847745
data\processed\bfw\asian\n006619\0310_01.jpg,data\processed\bfw\asian\n006619\0333_01.jpg,n006619,n006619,asian,asian,females,females,,,1,0.5884455,21.940416,0.41155452
data\processed\bfw\asian\n002320\0186_02.jpg,data\processed\bfw\asian\n008934\0111_01.jpg,n002320,n008934,asian,asian,males,females,,,0,0.12681267,30.121416,0.8731873
data\processed\bfw\asian\n004800\0419_04.jpg,data\processed\bfw\asian\n007380\0131_01.jpg,n004800,n007380,asian,asian,males,females,,,0,0.33174175,25.231407,0.66825825
data\processed\bfw\asian\n004805\0263_06.jpg,data\processed\bfw\asian\n009103\0700_03.jpg,n004805,n009103,asian,asian,males,females,,,0,0.40493092,23.412561,0.59506905
data\processed\bfw\asian\n007816\0770_01.jpg,data\processed\bfw\asian\n005177\0152_01.jpg,n007816,n005177,asian,asian,females,males,,,0,-0.033195626,33.654987,1.0331956
data\processed\bfw\asian\n009278\0065_01.jpg,data\processed\bfw\asian\n004472\0295_03.jpg,n009278,n004472,asian,asian,females,females,,,0,0.35176954,26.895117,0.64823043
data\processed\bfw\asian\n005072\0107_01.jpg,data\processed\bfw\asian\n006633\0195_02.jpg,n005072,n006633,asian,asian,males,females,,,0,0.3947101,24.819107,0.60528994
data\processed\bfw\asian\n002644\0116_01.jpg,data\processed\bfw\asian\n002644\1010_01.jpg,n002644,n002644,asian,asian,males,males,,,1,0.5429855,21.459034,0.4570145
data\processed\bfw\asian\n003355\0008_01.jpg,data\processed\bfw\asian\n003355\0376_01.jpg,n003355,n003355,asian,asian,males,males,,,1,0.65772516,18.9045,0.34227484
data\processed\bfw\asian\n001562\0080_02.jpg,data\processed\bfw\asian\n000873\0348_02.jpg,n001562,n000873,asian,asian,males,males,,,0,0.09789991,31.574148,0.9021001
data\processed\bfw\asian\n003491\0181_02.jpg,data\processed\bfw\asian\n004870\0094_04.jpg,n003491,n004870,asian,asian,males,females,,,0,-0.033051994,33.563644,1.033052
data\processed\bfw\asian\n009277\0167_01.jpg,data\processed\bfw\asian\n006634\0090_01.jpg,n009277,n006634,asian,asian,females,females,,,0,0.4287475,24.099342,0.57125247
data\processed\bfw\asian\n008401\0139_02.jpg,data\processed\bfw\asian\n008401\0521_02.jpg,n008401,n008401,asian,asian,females,females,,,1,0.5314169,22.965126,0.4685831
data\processed\bfw\asian\n004860\0055_01.jpg,data\processed\bfw\asian\n004860\0155_01.jpg,n004860,n004860,asian,asian,females,females,,,1,0.67877775,17.623978,0.32122225
data\processed\bfw\asian\n002725\0037_01.jpg,data\processed\bfw\asian\n004680\0053_01.jpg,n002725,n004680,asian,asian,females,females,,,0,0.38954732,24.66898,0.61045265
data\processed\bfw\asian\n002320\0208_01.jpg,data\processed\bfw\asian\n002320\0272_03.jpg,n002320,n002320,asian,asian,males,males,,,1,0.5048519,25.075283,0.49514812
data\processed\bfw\asian\n007380\0052_01.jpg,data\processed\bfw\asian\n007380\0131_01.jpg,n007380,n007380,asian,asian,females,females,,,1,0.61528033,19.392576,0.38471967
data\processed\bfw\asian\n002725\0233_02.jpg,data\processed\bfw\asian\n009278\0087_02.jpg,n002725,n009278,asian,asian,females,females,,,0,0.3786913,25.14597,0.6213087
data\processed\bfw\asian\n007738\0499_01.jpg,data\processed\bfw\asian\n002406\0197_01.jpg,n007738,n002406,asian,asian,females,males,,,0,-0.122126624,34.29352,1.1221266
data\processed\bfw\asian\n004681\0366_01.jpg,data\processed\bfw\asian\n007738\0027_01.jpg,n004681,n007738,asian,asian,males,females,,,0,0.016552985,32.166847,0.983447
data\processed\bfw\asian\n008934\0426_01.jpg,data\processed\bfw\asian\n000161\0020_01.jpg,n008934,n000161,asian,asian,females,males,,,0,0.1514968,30.291416,0.84850323
data\processed\bfw\asian\n004864\0052_01.jpg,data\processed\bfw\asian\n003824\0042_01.jpg,n004864,n003824,asian,asian,females,females,,,0,-0.008929086,32.447857,1.0089291
data\processed\bfw\asian\n006774\0048_01.jpg,data\processed\bfw\asian\n006774\0049_01.jpg,n006774,n006774,asian,asian,females,females,,,1,0.86072254,12.091106,0.13927746
data\processed\bfw\asian\n008401\0297_01.jpg,data\processed\bfw\asian\n000873\0176_01.jpg,n008401,n000873,asian,asian,females,males,,,0,0.072205566,32.497097,0.92779446
data\processed\bfw\asian\n009288\0215_02.jpg,data\processed\bfw\asian\n009288\0341_01.jpg,n009288,n009288,asian,asian,females,females,,,1,0.27036253,30.947653,0.7296375
data\processed\bfw\asian\n005063\0297_04.jpg,data\processed\bfw\asian\n005063\0414_06.jpg,n005063,n005063,asian,asian,females,females,,,1,0.59657013,20.045721,0.40342987
data\processed\bfw\asian\n003155\0135_01.jpg,data\processed\bfw\asian\n003155\1014_01.jpg,n003155,n003155,asian,asian,males,males,,,1,0.45431176,23.473671,0.5456883
data\processed\bfw\asian\n003357\0493_01.jpg,data\processed\bfw\asian\n003467\0091_01.jpg,n003357,n003467,asian,asian,females,females,,,0,0.0990013,30.144424,0.9009987
data\processed\bfw\asian\n001572\0295_01.jpg,data\processed\bfw\asian\n007899\0212_01.jpg,n001572,n007899,asian,asian,females,females,,,0,0.4069059,23.72959,0.5930941
data\processed\bfw\asian\n003491\0024_01.jpg,data\processed\bfw\asian\n003491\0164_03.jpg,n003491,n003491,asian,asian,males,males,,,1,0.4771408,24.085564,0.5228592
data\processed\bfw\asian\n003489\0005_01.jpg,data\processed\bfw\asian\n003489\0020_01.jpg,n003489,n003489,asian,asian,males,males,,,1,0.7925839,15.685645,0.20741612
data\processed\bfw\asian\n004786\0115_02.jpg,data\processed\bfw\asian\n003481\0194_01.jpg,n004786,n003481,asian,asian,females,females,,,0,0.36654246,25.63335,0.63345754
data\processed\bfw\asian\n007270\0128_01.jpg,data\processed\bfw\asian\n007270\0155_01.jpg,n007270,n007270,asian,asian,females,females,,,1,0.8244347,13.604544,0.1755653
data\processed\bfw\asian\n002644\0208_01.jpg,data\processed\bfw\asian\n004108\0529_01.jpg,n002644,n004108,asian,asian,males,males,,,0,0.6275392,17.73697,0.37246078
data\processed\bfw\asian\n004681\0026_01.jpg,data\processed\bfw\asian\n003824\0148_01.jpg,n004681,n003824,asian,asian,males,females,,,0,0.27521366,26.763132,0.72478634
data\processed\bfw\asian\n009175\0019_01.jpg,data\processed\bfw\asian\n000148\0271_01.jpg,n009175,n000148,asian,asian,females,females,,,0,0.15348805,29.452162,0.84651196
data\processed\bfw\asian\n004721\0021_01.jpg,data\processed\bfw\asian\n004721\0145_01.jpg,n004721,n004721,asian,asian,males,males,,,1,0.70904195,16.461857,0.29095805
data\processed\bfw\asian\n009287\0030_01.jpg,data\processed\bfw\asian\n005116\0041_01.jpg,n009287,n005116,asian,asian,females,males,,,0,0.18398196,28.883333,0.81601804
data\processed\bfw\asian\n004549\0146_01.jpg,data\processed\bfw\asian\n004549\0222_02.jpg,n004549,n004549,asian,asian,females,females,,,1,0.6790696,17.822683,0.32093042
data\processed\bfw\asian\n004467\0418_01.jpg,data\processed\bfw\asian\n004467\0682_01.jpg,n004467,n004467,asian,asian,males,males,,,1,0.693599,19.241692,0.306401
data\processed\bfw\asian\n002775\0074_01.jpg,data\processed\bfw\asian\n002775\0812_02.jpg,n002775,n002775,asian,asian,males,males,,,1,0.7353407,15.886568,0.2646593
data\processed\bfw\asian\n003489\0112_01.jpg,data\processed\bfw\asian\n003489\0191_01.jpg,n003489,n003489,asian,asian,males,males,,,1,0.72488236,16.883783,0.27511764
data\processed\bfw\asian\n009125\0006_01.jpg,data\processed\bfw\asian\n009125\0041_01.jpg,n009125,n009125,asian,asian,females,females,,,1,0.8648305,11.3991995,0.1351695
data\processed\bfw\asian\n000837\0009_01.jpg,data\processed\bfw\asian\n000837\0288_01.jpg,n000837,n000837,asian,asian,females,females,,,1,0.6385121,20.106306,0.36148793
data\processed\bfw\asian\n003533\0075_04.jpg,data\processed\bfw\asian\n004800\0866_03.jpg,n003533,n004800,asian,asian,males,males,,,0,0.14604887,29.181206,0.8539511
data\processed\bfw\asian\n004935\0716_01.jpg,data\processed\bfw\asian\n006634\0118_01.jpg,n004935,n006634,asian,asian,males,females,,,0,0.30159262,26.198988,0.6984074
data\processed\bfw\asian\n004794\0163_01.jpg,data\processed\bfw\asian\n006203\0022_01.jpg,n004794,n006203,asian,asian,males,females,,,0,0.12929016,27.558569,0.87070984
data\processed\bfw\asian\n003463\0298_01.jpg,data\processed\bfw\asian\n004800\0537_01.jpg,n003463,n004800,asian,asian,males,males,,,0,0.10562413,29.556618,0.89437586
data\processed\bfw\asian\n009275\0034_02.jpg,data\processed\bfw\asian\n009275\0272_01.jpg,n009275,n009275,asian,asian,females,females,,,1,0.8084368,13.498342,0.19156319
data\processed\bfw\asian\n005072\0225_01.jpg,data\processed\bfw\asian\n000148\0271_01.jpg,n005072,n000148,asian,asian,males,females,,,0,0.053932924,33.192097,0.9460671
data\processed\bfw\asian\n000856\0026_01.jpg,data\processed\bfw\asian\n006633\0456_02.jpg,n000856,n006633,asian,asian,females,females,,,0,0.30323133,28.121597,0.69676864
data\processed\bfw\asian\n004680\0178_01.jpg,data\processed\bfw\asian\n002406\0176_01.jpg,n004680,n002406,asian,asian,females,males,,,0,0.14461483,29.584103,0.8553852
data\processed\bfw\asian\n004800\0169_01.jpg,data\processed\bfw\asian\n004800\0335_01.jpg,n004800,n004800,asian,asian,males,males,,,1,0.7328982,15.984645,0.26710182
data\processed\bfw\asian\n002331\0371_01.jpg,data\processed\bfw\asian\n003027\0047_01.jpg,n002331,n003027,asian,asian,males,males,,,0,0.18200186,28.791368,0.8179982
data\processed\bfw\asian\n004809\0149_01.jpg,data\processed\bfw\asian\n000132\0094_02__face_0.jpg,n004809,n000132,asian,asian,males,males,,,0,0.39311042,24.11986,0.6068896
data\processed\bfw\asian\n003489\0084_02.jpg,data\processed\bfw\asian\n000837\0073_01.jpg,n003489,n000837,asian,asian,males,females,,,0,0.05120446,31.026487,0.94879556
data\processed\bfw\asian\n003482\0044_02.jpg,data\processed\bfw\asian\n003482\0284_06.jpg,n003482,n003482,asian,asian,males,males,,,1,0.68411124,18.252108,0.31588876
data\processed\bfw\asian\n006619\0334_03.jpg,data\processed\bfw\asian\n006619\0572_01.jpg,n006619,n006619,asian,asian,females,females,,,1,0.58236057,20.612804,0.41763943
data\processed\bfw\asian\n007385\0086_01.jpg,data\processed\bfw\asian\n007385\0691_01.jpg,n007385,n007385,asian,asian,females,females,,,1,0.5236903,20.980791,0.47630972
data\processed\bfw\asian\n005078\0092_02.jpg,data\processed\bfw\asian\n009279\0255_01.jpg,n005078,n009279,asian,asian,males,females,,,0,0.3315558,27.085169,0.66844416
data\processed\bfw\asian\n006619\0216_01.jpg,data\processed\bfw\asian\n006774\0080_01.jpg,n006619,n006774,asian,asian,females,females,,,0,0.29257622,27.328794,0.7074238
data\processed\bfw\asian\n000872\0026_03.jpg,data\processed\bfw\asian\n009275\0238_02.jpg,n000872,n009275,asian,asian,males,females,,,0,0.101064175,31.680666,0.8989358
data\processed\bfw\asian\n004936\0245_01.jpg,data\processed\bfw\asian\n004936\0324_01.jpg,n004936,n004936,asian,asian,females,females,,,1,0.7059254,16.693247,0.2940746
data\processed\bfw\asian\n003153\0075_01.jpg,data\processed\bfw\asian\n003153\0172_02.jpg,n003153,n003153,asian,asian,females,females,,,1,0.65558636,17.838123,0.34441364
data\processed\bfw\asian\n001562\0165_02.jpg,data\processed\bfw\asian\n001562\0175_01.jpg,n001562,n001562,asian,asian,males,males,,,1,0.72505224,17.076916,0.27494776
data\processed\bfw\asian\n005446\0490_02.jpg,data\processed\bfw\asian\n003288\0572_01.jpg,n005446,n003288,asian,asian,females,females,,,0,0.3446034,25.71278,0.6553966
data\processed\bfw\asian\n009276\0025_04.jpg,data\processed\bfw\asian\n009276\0374_01.jpg,n009276,n009276,asian,asian,females,females,,,1,0.6608948,18.462013,0.3391052
data\processed\bfw\asian\n007089\0015_01.jpg,data\processed\bfw\asian\n007089\0435_01.jpg,n007089,n007089,asian,asian,females,females,,,1,0.7510381,16.227968,0.24896193
data\processed\bfw\asian\n005216\0091_01.jpg,data\processed\bfw\asian\n009288\0165_01.jpg,n005216,n009288,asian,asian,females,females,,,0,0.5788549,21.097975,0.42114508
data\processed\bfw\asian\n009137\0321_02.jpg,data\processed\bfw\asian\n003354\0082_01.jpg,n009137,n003354,asian,asian,females,females,,,0,0.21159294,30.568401,0.7884071
data\processed\bfw\asian\n000873\0111_01.jpg,data\processed\bfw\asian\n009175\0077_01.jpg,n000873,n009175,asian,asian,males,females,,,0,0.30495843,27.786055,0.69504154
data\processed\bfw\asian\n004221\0111_02.jpg,data\processed\bfw\asian\n004221\0243_01.jpg,n004221,n004221,asian,asian,males,males,,,1,0.64800495,19.42499,0.35199505
data\processed\bfw\asian\n004794\0540_01.jpg,data\processed\bfw\asian\n004794\0612_01.jpg,n004794,n004794,asian,asian,males,males,,,1,0.63297445,20.424976,0.36702555
data\processed\bfw\asian\n006344\0147_02.jpg,data\processed\bfw\asian\n006344\0413_01.jpg,n006344,n006344,asian,asian,females,females,,,1,0.6137595,18.845564,0.38624048
data\processed\bfw\asian\n002406\0137_01.jpg,data\processed\bfw\asian\n002406\0173_01.jpg,n002406,n002406,asian,asian,males,males,,,1,0.54959095,21.451225,0.45040905
data\processed\bfw\asian\n005063\0089_02.jpg,data\processed\bfw\asian\n004860\0779_01.jpg,n005063,n004860,asian,asian,females,females,,,0,0.71602803,16.532356,0.28397197
data\processed\bfw\asian\n004936\0038_03.jpg,data\processed\bfw\asian\n004936\0345_01.jpg,n004936,n004936,asian,asian,females,females,,,1,0.62969565,18.982988,0.37030435
data\processed\bfw\asian\n000854\0346_03.jpg,data\processed\bfw\asian\n000854\0461_01.jpg,n000854,n000854,asian,asian,females,females,,,1,0.58666706,22.6895,0.41333294
data\processed\bfw\asian\n004469\0111_03.jpg,data\processed\bfw\asian\n004469\0853_02.jpg,n004469,n004469,asian,asian,males,males,,,1,0.43734828,25.152433,0.56265175
data\processed\bfw\asian\n005085\0001_01.jpg,data\processed\bfw\asian\n004805\0065_01.jpg,n005085,n004805,asian,asian,females,males,,,0,0.12401353,30.468586,0.87598646
data\processed\bfw\asian\n006633\0036_02.jpg,data\processed\bfw\asian\n006633\0688_01.jpg,n006633,n006633,asian,asian,females,females,,,1,0.4383263,25.557953,0.5616737
data\processed\bfw\asian\n000138\0326_01.jpg,data\processed\bfw\asian\n009125\0034_01.jpg,n000138,n009125,asian,asian,females,females,,,0,0.13708663,28.91412,0.86291337
data\processed\bfw\asian\n002644\0497_02.jpg,data\processed\bfw\asian\n002320\0013_05.jpg,n002644,n002320,asian,asian,males,males,,,0,0.29543424,26.039795,0.70456576
data\processed\bfw\asian\n009294\0139_02.jpg,data\processed\bfw\asian\n003465\0303_01.jpg,n009294,n003465,asian,asian,females,males,,,0,0.08791353,29.89543,0.9120865
data\processed\bfw\asian\n004549\0086_02.jpg,data\processed\bfw\asian\n004549\0303_01.jpg,n004549,n004549,asian,asian,females,females,,,1,0.7116969,16.713375,0.28830308
data\processed\bfw\asian\n009278\0259_01.jpg,data\processed\bfw\asian\n007664\0029_01.jpg,n009278,n007664,asian,asian,females,females,,,0,0.3155337,25.446768,0.6844663
data\processed\bfw\asian\n002406\0148_01.jpg,data\processed\bfw\asian\n002406\0328_01.jpg,n002406,n002406,asian,asian,males,males,,,1,0.51868373,21.656855,0.48131627
data\processed\bfw\asian\n006125\0081_01.jpg,data\processed\bfw\asian\n006125\0424_01.jpg,n006125,n006125,asian,asian,females,females,,,1,0.42116404,25.883709,0.57883596
data\processed\bfw\asian\n009137\0031_03.jpg,data\processed\bfw\asian\n009137\0264_01.jpg,n009137,n009137,asian,asian,females,females,,,1,0.6902572,17.183441,0.3097428
data\processed\bfw\asian\n005446\0243_02.jpg,data\processed\bfw\asian\n005446\0490_02.jpg,n005446,n005446,asian,asian,females,females,,,1,0.7811339,13.784899,0.21886611
data\processed\bfw\asian\n002509\0041_01.jpg,data\processed\bfw\asian\n003467\0042_01.jpg,n002509,n003467,asian,asian,females,females,,,0,0.4746346,23.300653,0.5253654
data\processed\bfw\asian\n003449\0060_01.jpg,data\processed\bfw\asian\n003355\0056_01.jpg,n003449,n003355,asian,asian,females,males,,,0,0.2779874,26.981543,0.72201264
data\processed\bfw\asian\n005063\0042_01.jpg,data\processed\bfw\asian\n005063\0439_01.jpg,n005063,n005063,asian,asian,females,females,,,1,0.3481425,23.696354,0.6518575
data\processed\bfw\asian\n004466\0223_01.jpg,data\processed\bfw\asian\n008148\0137_01.jpg,n004466,n008148,asian,asian,males,females,,,0,0.35893333,27.635168,0.6410667
data\processed\bfw\asian\n005078\0250_01.jpg,data\processed\bfw\asian\n005078\0338_01.jpg,n005078,n005078,asian,asian,males,males,,,1,0.476027,24.297567,0.523973
data\processed\bfw\asian\n009137\0321_02.jpg,data\processed\bfw\asian\n000856\0042_01.jpg,n009137,n000856,asian,asian,females,females,,,0,0.11107649,32.6708,0.8889235
data\processed\bfw\asian\n000135\0208_01.jpg,data\processed\bfw\asian\n000135\0228_01.jpg,n000135,n000135,asian,asian,females,females,,,1,0.43519357,24.594585,0.56480646
data\processed\bfw\asian\n002406\0208_07.jpg,data\processed\bfw\asian\n002406\0328_01.jpg,n002406,n002406,asian,asian,males,males,,,1,0.61085665,19.284847,0.38914335
data\processed\bfw\asian\n003489\0031_01.jpg,data\processed\bfw\asian\n003489\0102_01.jpg,n003489,n003489,asian,asian,males,males,,,1,0.7736643,15.781933,0.2263357
data\processed\bfw\asian\n004930\0082_01.jpg,data\processed\bfw\asian\n004860\0091_02.jpg,n004930,n004860,asian,asian,females,females,,,0,0.25779718,27.847658,0.7422028
data\processed\bfw\asian\n002331\0264_01.jpg,data\processed\bfw\asian\n002331\0357_01.jpg,n002331,n002331,asian,asian,males,males,,,1,0.7204629,17.572353,0.27953708
data\processed\bfw\asian\n004467\0068_01.jpg,data\processed\bfw\asian\n004467\0702_01.jpg,n004467,n004467,asian,asian,males,males,,,1,0.59843373,20.425776,0.40156627
data\processed\bfw\asian\n003463\0075_01.jpg,data\processed\bfw\asian\n003463\0076_01.jpg,n003463,n003463,asian,asian,males,males,,,1,0.7426448,16.089151,0.2573552
data\processed\bfw\asian\n005216\0119_01.jpg,data\processed\bfw\asian\n005216\0189_01.jpg,n005216,n005216,asian,asian,females,females,,,1,0.69379723,17.483444,0.30620277
data\processed\bfw\asian\n009103\0220_01.jpg,data\processed\bfw\asian\n009103\0256_01.jpg,n009103,n009103,asian,asian,females,females,,,1,0.8104273,14.131531,0.18957269
data\processed\bfw\asian\n000138\0188_01.jpg,data\processed\bfw\asian\n000138\0347_01.jpg,n000138,n000138,asian,asian,females,females,,,1,0.5377351,21.970839,0.4622649
data\processed\bfw\asian\n008401\0399_01.jpg,data\processed\bfw\asian\n009275\0039_01.jpg,n008401,n009275,asian,asian,females,females,,,0,0.20972274,28.975782,0.79027724
data\processed\bfw\asian\n005071\0154_01.jpg,data\processed\bfw\asian\n005085\0069_01.jpg,n005071,n005085,asian,asian,males,females,,,0,0.00066089624,32.995975,0.9993391
data\processed\bfw\asian\n000160\0139_01.jpg,data\processed\bfw\asian\n004936\0111_04.jpg,n000160,n004936,asian,asian,females,females,,,0,0.30098534,29.011585,0.69901466
data\processed\bfw\asian\n003153\0157_01.jpg,data\processed\bfw\asian\n003153\0624_01.jpg,n003153,n003153,asian,asian,females,females,,,1,0.6800683,17.55591,0.3199317
data\processed\bfw\asian\n005071\0115_02.jpg,data\processed\bfw\asian\n001572\0138_01.jpg,n005071,n001572,asian,asian,males,females,,,0,0.007092079,31.962786,0.99290794
data\processed\bfw\asian\n009137\0057_01.jpg,data\processed\bfw\asian\n009137\0151_01.jpg,n009137,n009137,asian,asian,females,females,,,1,0.90373677,9.73104,0.09626323
data\processed\bfw\asian\n003358\0365_01.jpg,data\processed\bfw\asian\n003358\0408_01.jpg,n003358,n003358,asian,asian,females,females,,,1,0.70898014,17.549614,0.29101986
data\processed\bfw\asian\n005078\0202_01.jpg,data\processed\bfw\asian\n005078\0250_01.jpg,n005078,n005078,asian,asian,males,males,,,1,0.71672124,17.405651,0.28327876
data\processed\bfw\asian\n006159\0113_02.jpg,data\processed\bfw\asian\n000009\0012_01.jpg,n006159,n000009,asian,asian,females,females,,,0,0.0124247195,32.813786,0.9875753
data\processed\bfw\asian\n000138\0213_01.jpg,data\processed\bfw\asian\n005063\0439_01.jpg,n000138,n005063,asian,asian,females,females,,,0,0.39365846,24.074026,0.60634154
data\processed\bfw\asian\n000161\0001_01.jpg,data\processed\bfw\asian\n000161\0087_02.jpg,n000161,n000161,asian,asian,males,males,,,1,0.7786571,15.15623,0.22134292
data\processed\bfw\asian\n002644\0997_01.jpg,data\processed\bfw\asian\n003467\0146_02.jpg,n002644,n003467,asian,asian,males,females,,,0,0.1716514,29.617468,0.82834864
data\processed\bfw\asian\n006634\0023_08.jpg,data\processed\bfw\asian\n000840\0042_01.jpg,n006634,n000840,asian,asian,females,females,,,0,0.2411366,26.278036,0.7588634
data\processed\bfw\asian\n000838\0058_01.jpg,data\processed\bfw\asian\n000838\0160_01.jpg,n000838,n000838,asian,asian,females,females,,,1,0.63273317,19.71651,0.36726683
data\processed\bfw\asian\n002320\0044_02.jpg,data\processed\bfw\asian\n002320\0086_03.jpg,n002320,n002320,asian,asian,males,males,,,1,0.7224289,16.953693,0.27757108
data\processed\bfw\asian\n007814\0382_01.jpg,data\processed\bfw\asian\n004472\0485_01.jpg,n007814,n004472,asian,asian,females,females,,,0,0.27010867,26.934858,0.7298913
data\processed\bfw\asian\n000158\0013_01.jpg,data\processed\bfw\asian\n000158\0245_02.jpg,n000158,n000158,asian,asian,males,males,,,1,0.78259695,15.506387,0.21740305
data\processed\bfw\asian\n007664\0029_01.jpg,data\processed\bfw\asian\n007664\0094_03.jpg,n007664,n007664,asian,asian,females,females,,,1,0.7913109,14.341677,0.2086891
data\processed\bfw\asian\n009277\0113_01.jpg,data\processed\bfw\asian\n009277\0395_02.jpg,n009277,n009277,asian,asian,females,females,,,1,0.5919326,20.35659,0.4080674
data\processed\bfw\asian\n009041\0040_01.jpg,data\processed\bfw\asian\n009041\0114_01.jpg,n009041,n009041,asian,asian,females,females,,,1,0.7722766,15.927608,0.22772342
data\processed\bfw\asian\n009294\0194_01.jpg,data\processed\bfw\asian\n000160\0150_01.jpg,n009294,n000160,asian,asian,females,females,,,0,0.29703832,26.558863,0.7029617
data\processed\bfw\asian\n005077\0054_01.jpg,data\processed\bfw\asian\n009125\0100_01.jpg,n005077,n009125,asian,asian,females,females,,,0,0.39258432,23.797754,0.6074157
data\processed\bfw\asian\n007089\0040_03.jpg,data\processed\bfw\asian\n007089\0121_01.jpg,n007089,n007089,asian,asian,females,females,,,1,0.6149143,20.666813,0.3850857
data\processed\bfw\asian\n000009\0205_01.jpg,data\processed\bfw\asian\n003155\0156_01.jpg,n000009,n003155,asian,asian,females,males,,,0,0.124129646,31.741611,0.87587035
data\processed\bfw\asian\n005063\0030_01.jpg,data\processed\bfw\asian\n004686\0034_01.jpg,n005063,n004686,asian,asian,females,males,,,0,0.23602529,27.544212,0.7639747
data\processed\bfw\asian\n008934\0426_01.jpg,data\processed\bfw\asian\n005078\0202_01.jpg,n008934,n005078,asian,asian,females,males,,,0,0.19574668,28.436878,0.80425334
data\processed\bfw\asian\n009103\0067_02.jpg,data\processed\bfw\asian\n003156\0073_02.jpg,n009103,n003156,asian,asian,females,males,,,0,0.099925816,29.100103,0.9000742
data\processed\bfw\asian\n004870\0007_01.jpg,data\processed\bfw\asian\n001864\0192_02.jpg,n004870,n001864,asian,asian,females,males,,,0,0.15375689,29.247238,0.84624314
data\processed\bfw\asian\n003155\0309_02.jpg,data\processed\bfw\asian\n003463\0017_01.jpg,n003155,n003463,asian,asian,males,males,,,0,0.12253984,32.14479,0.8774602
data\processed\bfw\asian\n004870\0070_02.jpg,data\processed\bfw\asian\n004870\0112_02.jpg,n004870,n004870,asian,asian,females,females,,,1,0.66106415,18.727623,0.33893585
data\processed\bfw\asian\n005216\0127_01.jpg,data\processed\bfw\asian\n005216\0133_01.jpg,n005216,n005216,asian,asian,females,females,,,1,0.5763689,20.818819,0.42363107
data\processed\bfw\asian\n006344\0350_01.jpg,data\processed\bfw\asian\n006344\0413_01.jpg,n006344,n006344,asian,asian,females,females,,,1,0.52117395,21.225471,0.47882605
data\processed\bfw\asian\n003824\0335_01.jpg,data\processed\bfw\asian\n002406\0137_01.jpg,n003824,n002406,asian,asian,females,males,,,0,0.3929841,26.548187,0.6070159
data\processed\bfw\asian\n001976\0121_02.jpg,data\processed\bfw\asian\n001976\0152_02.jpg,n001976,n001976,asian,asian,males,males,,,1,0.7353965,16.2072,0.2646035
data\processed\bfw\asian\n005083\0120_01.jpg,data\processed\bfw\asian\n003355\0008_01.jpg,n005083,n003355,asian,asian,females,males,,,0,0.17645365,28.138945,0.82354635
data\processed\bfw\asian\n002509\0243_01.jpg,data\processed\bfw\asian\n002509\0319_01.jpg,n002509,n002509,asian,asian,females,females,,,1,0.47240865,24.579332,0.52759135
data\processed\bfw\asian\n009276\0102_01.jpg,data\processed\bfw\asian\n009276\0106_07.jpg,n009276,n009276,asian,asian,females,females,,,1,0.59218305,19.1099,0.40781695
data\processed\bfw\asian\n006619\0216_01.jpg,data\processed\bfw\asian\n006619\0266_01.jpg,n006619,n006619,asian,asian,females,females,,,1,0.6105677,20.500277,0.3894323
data\processed\bfw\asian\n009137\0163_02.jpg,data\processed\bfw\asian\n009137\0321_02.jpg,n009137,n009137,asian,asian,females,females,,,1,0.67805445,18.268251,0.32194555
data\processed\bfw\asian\n000856\0026_01.jpg,data\processed\bfw\asian\n000856\0053_01.jpg,n000856,n000856,asian,asian,females,females,,,1,0.87603116,12.327352,0.12396884
data\processed\bfw\asian\n003162\0511_01.jpg,data\processed\bfw\asian\n000840\0541_02.jpg,n003162,n000840,asian,asian,males,females,,,0,0.1385562,30.197544,0.8614438
data\processed\bfw\asian\n006633\0221_02.jpg,data\processed\bfw\asian\n007899\0174_01.jpg,n006633,n007899,asian,asian,females,females,,,0,0.2796709,26.082771,0.7203291
data\processed\bfw\asian\n008401\0391_01.jpg,data\processed\bfw\asian\n000840\0003_02.jpg,n008401,n000840,asian,asian,females,females,,,0,0.2690574,29.702082,0.7309426
data\processed\bfw\asian\n009177\0175_01.jpg,data\processed\bfw\asian\n009177\0294_02.jpg,n009177,n009177,asian,asian,females,females,,,1,0.65899765,18.706299,0.34100235
data\processed\bfw\asian\n003355\0184_01.jpg,data\processed\bfw\asian\n003355\0203_01.jpg,n003355,n003355,asian,asian,males,males,,,1,0.7146202,16.568531,0.28537983
data\processed\bfw\asian\n004877\0100_01.jpg,data\processed\bfw\asian\n004877\0135_01.jpg,n004877,n004877,asian,asian,females,females,,,1,0.598516,22.245667,0.401484
data\processed\bfw\asian\n007814\0079_01.jpg,data\processed\bfw\asian\n007814\0382_01.jpg,n007814,n007814,asian,asian,females,females,,,1,0.5546824,20.261456,0.44531763
data\processed\bfw\asian\n005446\0103_01.jpg,data\processed\bfw\asian\n000436\0653_01.jpg,n005446,n000436,asian,asian,females,males,,,0,0.10621324,27.980385,0.8937868
data\processed\bfw\asian\n005083\0053_03.jpg,data\processed\bfw\asian\n005083\0108_01.jpg,n005083,n005083,asian,asian,females,females,,,1,0.84234047,12.446305,0.15765953
data\processed\bfw\asian\n004467\0191_01.jpg,data\processed\bfw\asian\n000837\0020_01.jpg,n004467,n000837,asian,asian,males,females,,,0,0.3124703,26.10492,0.6875297
data\processed\bfw\asian\n000161\0001_01.jpg,data\processed\bfw\asian\n000161\0445_03.jpg,n000161,n000161,asian,asian,males,males,,,1,0.79673654,15.195925,0.20326346
data\processed\bfw\asian\n006344\0143_01.jpg,data\processed\bfw\asian\n006344\0413_01.jpg,n006344,n006344,asian,asian,females,females,,,1,0.7472181,15.468346,0.25278193
data\processed\bfw\asian\n004687\0092_01.jpg,data\processed\bfw\asian\n004687\0104_02.jpg,n004687,n004687,asian,asian,females,females,,,1,0.5713928,21.8714,0.42860723
data\processed\bfw\asian\n003463\0367_01.jpg,data\processed\bfw\asian\n006344\0025_02.jpg,n003463,n006344,asian,asian,males,females,,,0,0.119988956,28.548832,0.880011
data\processed\bfw\asian\n009275\0323_03.jpg,data\processed\bfw\asian\n009275\0344_01.jpg,n009275,n009275,asian,asian,females,females,,,1,0.87587804,11.4755335,0.124121964
data\processed\bfw\asian\n003167\0074_01.jpg,data\processed\bfw\asian\n003167\0595_01.jpg,n003167,n003167,asian,asian,males,males,,,1,0.81387395,13.156786,0.18612605
data\processed\bfw\asian\n009288\0068_01.jpg,data\processed\bfw\asian\n001562\0018_01.jpg,n009288,n001562,asian,asian,females,males,,,0,0.20068674,30.482365,0.79931325
data\processed\bfw\asian\n006418\0021_02.jpg,data\processed\bfw\asian\n006418\0040_01.jpg,n006418,n006418,asian,asian,females,females,,,1,0.7686,15.214288,0.23140001
data\processed\bfw\asian\n004686\0055_01.jpg,data\processed\bfw\asian\n004877\0441_01.jpg,n004686,n004877,asian,asian,males,females,,,0,0.16639861,27.621067,0.83360136
data\processed\bfw\asian\n004787\0028_01.jpg,data\processed\bfw\asian\n006634\0120_01.jpg,n004787,n006634,asian,asian,females,females,,,0,0.33978507,25.473646,0.6602149
data\processed\bfw\asian\n009042\0047_02.jpg,data\processed\bfw\asian\n009042\0085_01.jpg,n009042,n009042,asian,asian,females,females,,,1,0.40454382,23.222658,0.5954562
data\processed\bfw\asian\n005116\0442_01.jpg,data\processed\bfw\asian\n004948\0212_01.jpg,n005116,n004948,asian,asian,males,males,,,0,0.39508417,26.41483,0.60491586
data\processed\bfw\asian\n009177\0005_01.jpg,data\processed\bfw\asian\n009177\0232_01.jpg,n009177,n009177,asian,asian,females,females,,,1,0.76986426,14.840256,0.23013574
data\processed\bfw\asian\n009103\0286_01.jpg,data\processed\bfw\asian\n009279\0393_04.jpg,n009103,n009279,asian,asian,females,females,,,0,0.21621272,28.525969,0.78378725
data\processed\bfw\asian\n004791\0416_01.jpg,data\processed\bfw\asian\n006774\0268_01.jpg,n004791,n006774,asian,asian,males,females,,,0,0.3939271,25.831781,0.6060729
data\processed\bfw\asian\n003463\0127_01.jpg,data\processed\bfw\asian\n002509\0013_01.jpg,n003463,n002509,asian,asian,males,females,,,0,0.41885504,24.242794,0.5811449
data\processed\bfw\asian\n007380\0052_01.jpg,data\processed\bfw\asian\n007380\0204_01.jpg,n007380,n007380,asian,asian,females,females,,,1,0.6572518,19.102982,0.34274822
data\processed\bfw\asian\n000137\0055_01.jpg,data\processed\bfw\asian\n009177\0606_02.jpg,n000137,n009177,asian,asian,females,females,,,0,0.04431055,31.910076,0.95568943
data\processed\bfw\asian\n007816\0164_01.jpg,data\processed\bfw\asian\n007816\0811_03.jpg,n007816,n007816,asian,asian,females,females,,,1,0.6341073,19.394686,0.3658927
data\processed\bfw\asian\n008383\0139_02.jpg,data\processed\bfw\asian\n008383\0251_01.jpg,n008383,n008383,asian,asian,females,females,,,1,0.6669619,19.249626,0.3330381
data\processed\bfw\asian\n003357\0034_01.jpg,data\processed\bfw\asian\n003357\0168_01.jpg,n003357,n003357,asian,asian,females,females,,,1,0.779757,14.81563,0.22024298
data\processed\bfw\asian\n000854\0262_01.jpg,data\processed\bfw\asian\n007664\0045_01.jpg,n000854,n007664,asian,asian,females,females,,,0,-0.02422622,33.268387,1.0242262
data\processed\bfw\asian\n007372\0099_01.jpg,data\processed\bfw\asian\n007372\0238_01.jpg,n007372,n007372,asian,asian,females,females,,,1,0.72985405,17.149986,0.27014595
data\processed\bfw\asian\n004864\0282_02.jpg,data\processed\bfw\asian\n004864\0607_01.jpg,n004864,n004864,asian,asian,females,females,,,1,0.599024,20.998404,0.400976
data\processed\bfw\asian\n005063\0027_01.jpg,data\processed\bfw\asian\n004687\0037_01.jpg,n005063,n004687,asian,asian,females,females,,,0,0.14342836,30.529812,0.8565717
data\processed\bfw\asian\n009125\0321_01.jpg,data\processed\bfw\asian\n004721\0110_01.jpg,n009125,n004721,asian,asian,females,males,,,0,0.11227371,29.792992,0.8877263
data\processed\bfw\asian\n003533\0019_01.jpg,data\processed\bfw\asian\n003533\0078_01.jpg,n003533,n003533,asian,asian,males,males,,,1,0.89648384,10.276191,0.10351616
data\processed\bfw\asian\n004680\0113_02.jpg,data\processed\bfw\asian\n004680\0143_02.jpg,n004680,n004680,asian,asian,females,females,,,1,0.61803555,20.873007,0.38196445
data\processed\bfw\asian\n004948\0057_01.jpg,data\processed\bfw\asian\n004948\0381_01.jpg,n004948,n004948,asian,asian,males,males,,,1,0.49467117,23.964182,0.50532883
data\processed\bfw\asian\n003506\0177_01.jpg,data\processed\bfw\asian\n006774\0391_01.jpg,n003506,n006774,asian,asian,females,females,,,0,0.33872974,26.394554,0.66127026
data\processed\bfw\asian\n003449\0001_01.jpg,data\processed\bfw\asian\n005072\0302_01.jpg,n003449,n005072,asian,asian,females,males,,,0,0.121102065,31.464478,0.8788979
data\processed\bfw\asian\n003449\0072_01.jpg,data\processed\bfw\asian\n003449\0129_01.jpg,n003449,n003449,asian,asian,females,females,,,1,0.6608595,18.6223,0.33914047
data\processed\bfw\asian\n005063\0249_05.jpg,data\processed\bfw\asian\n003153\0157_01.jpg,n005063,n003153,asian,asian,females,females,,,0,0.49573496,21.333315,0.50426507
data\processed\bfw\asian\n005378\0335_01.jpg,data\processed\bfw\asian\n005378\0388_01.jpg,n005378,n005378,asian,asian,females,females,,,1,0.6617693,18.426785,0.33823073
data\processed\bfw\asian\n009041\0077_01.jpg,data\processed\bfw\asian\n003481\0096_02.jpg,n009041,n003481,asian,asian,females,females,,,0,0.4503206,25.00795,0.5496794
data\processed\bfw\asian\n002406\0173_01.jpg,data\processed\bfw\asian\n009041\0560_01.jpg,n002406,n009041,asian,asian,males,females,,,0,0.067708574,29.870409,0.93229145
data\processed\bfw\asian\n003824\0262_01.jpg,data\processed\bfw\asian\n007378\0474_01.jpg,n003824,n007378,asian,asian,females,females,,,0,0.21026605,28.164358,0.78973395
data\processed\bfw\asian\n006223\0093_01.jpg,data\processed\bfw\asian\n006223\0126_01.jpg,n006223,n006223,asian,asian,females,females,,,1,0.8078495,13.701526,0.19215047
data\processed\bfw\asian\n009042\0015_01.jpg,data\processed\bfw\asian\n009042\0057_01.jpg,n009042,n009042,asian,asian,females,females,,,1,0.64928687,18.939825,0.35071313
data\processed\bfw\asian\n007738\0140_01.jpg,data\processed\bfw\asian\n007738\0329_02.jpg,n007738,n007738,asian,asian,females,females,,,1,0.70279735,16.796389,0.29720265
data\processed\bfw\asian\n006418\0061_04.jpg,data\processed\bfw\asian\n006418\0090_06.jpg,n006418,n006418,asian,asian,females,females,,,1,0.6806756,19.032827,0.31932437
data\processed\bfw\asian\n008934\0141_01.jpg,data\processed\bfw\asian\n008934\0211_01.jpg,n008934,n008934,asian,asian,females,females,,,1,0.60705465,20.700851,0.39294535
data\processed\bfw\asian\n004870\0063_01.jpg,data\processed\bfw\asian\n004870\0094_04.jpg,n004870,n004870,asian,asian,females,females,,,1,0.5498117,22.218998,0.45018828
data\processed\bfw\asian\n007270\0124_01.jpg,data\processed\bfw\asian\n006224\0160_01.jpg,n007270,n006224,asian,asian,females,females,,,0,0.30885875,27.884853,0.69114125
data\processed\bfw\asian\n000840\0162_01.jpg,data\processed\bfw\asian\n000840\0213_03.jpg,n000840,n000840,asian,asian,females,females,,,1,0.2632479,25.55015,0.7367521
data\processed\bfw\asian\n009125\0043_01.jpg,data\processed\bfw\asian\n009125\0172_01.jpg,n009125,n009125,asian,asian,females,females,,,1,0.88438445,11.1456995,0.11561555
data\processed\bfw\asian\n004805\0157_04.jpg,data\processed\bfw\asian\n004805\0612_01.jpg,n004805,n004805,asian,asian,males,males,,,1,0.6160446,20.721813,0.38395542
data\processed\bfw\asian\n000840\0036_01.jpg,data\processed\bfw\asian\n000840\0541_02.jpg,n000840,n000840,asian,asian,females,females,,,1,0.12770467,30.608206,0.8722953
data\processed\bfw\asian\n005216\0084_01.jpg,data\processed\bfw\asian\n009041\0091_06.jpg,n005216,n009041,asian,asian,females,females,,,0,0.20904756,28.400503,0.79095244
data\processed\bfw\asian\n008383\0193_12.jpg,data\processed\bfw\asian\n005072\0231_01.jpg,n008383,n005072,asian,asian,females,males,,,0,0.190537,28.053448,0.809463
data\processed\bfw\asian\n007899\0077_01.jpg,data\processed\bfw\asian\n007899\0166_01.jpg,n007899,n007899,asian,asian,females,females,,,1,0.8111562,13.750277,0.18884379
data\processed\bfw\asian\n000138\0153_02.jpg,data\processed\bfw\asian\n000138\0326_01.jpg,n000138,n000138,asian,asian,females,females,,,1,0.6530945,18.508585,0.34690553
data\processed\bfw\asian\n003824\0035_01.jpg,data\processed\bfw\asian\n008934\0029_02.jpg,n003824,n008934,asian,asian,females,females,,,0,0.3984443,25.6306,0.6015557
data\processed\bfw\asian\n003027\0470_01.jpg,data\processed\bfw\asian\n006619\0333_01.jpg,n003027,n006619,asian,asian,males,females,,,0,-0.17095397,34.942543,1.170954
data\processed\bfw\asian\n008383\0104_02.jpg,data\processed\bfw\asian\n008383\0268_01.jpg,n008383,n008383,asian,asian,females,females,,,1,0.69032735,17.659313,0.30967265
data\processed\bfw\asian\n000838\0463_01.jpg,data\processed\bfw\asian\n004469\0114_01.jpg,n000838,n004469,asian,asian,females,males,,,0,0.3419852,24.313631,0.6580148
data\processed\bfw\asian\n005216\0009_01.jpg,data\processed\bfw\asian\n001496\0311_01.jpg,n005216,n001496,asian,asian,females,males,,,0,0.17032497,28.79357,0.829675
data\processed\bfw\asian\n005063\0064_01.jpg,data\processed\bfw\asian\n005063\0249_05.jpg,n005063,n005063,asian,asian,females,females,,,1,0.55570483,22.105282,0.44429517
data\processed\bfw\asian\n004809\0328_01.jpg,data\processed\bfw\asian\n004809\0659_01.jpg,n004809,n004809,asian,asian,males,males,,,1,0.7622216,14.564328,0.23777843
data\processed\bfw\asian\n004466\0223_01.jpg,data\processed\bfw\asian\n000436\0466_01.jpg,n004466,n000436,asian,asian,males,males,,,0,0.4521925,25.605568,0.5478075
data\processed\bfw\asian\n001976\0038_01.jpg,data\processed\bfw\asian\n001562\0334_01.jpg,n001976,n001562,asian,asian,males,males,,,0,0.26307705,28.377275,0.736923
data\processed\bfw\asian\n006634\0089_03.jpg,data\processed\bfw\asian\n000873\0542_01.jpg,n006634,n000873,asian,asian,females,males,,,0,0.3006803,28.523985,0.6993197
data\processed\bfw\asian\n009177\0248_02.jpg,data\processed\bfw\asian\n009177\0626_01.jpg,n009177,n009177,asian,asian,females,females,,,1,0.7130913,16.823116,0.2869087
data\processed\bfw\asian\n000436\0407_01.jpg,data\processed\bfw\asian\n008401\0141_01.jpg,n000436,n008401,asian,asian,males,females,,,0,0.1817785,30.11859,0.8182215
data\processed\bfw\asian\n004469\0170_01.jpg,data\processed\bfw\asian\n004469\0853_02.jpg,n004469,n004469,asian,asian,males,males,,,1,0.68027204,18.797829,0.31972796
data\processed\bfw\asian\n005216\0017_01.jpg,data\processed\bfw\asian\n005216\0046_01.jpg,n005216,n005216,asian,asian,females,females,,,1,0.5940923,20.936346,0.4059077
data\processed\bfw\asian\n004791\0204_01.jpg,data\processed\bfw\asian\n004791\0315_02.jpg,n004791,n004791,asian,asian,males,males,,,1,0.7679754,14.892786,0.23202461
data\processed\bfw\asian\n003824\0037_01.jpg,data\processed\bfw\asian\n003824\0091_01.jpg,n003824,n003824,asian,asian,females,females,,,1,0.7646047,16.071817,0.23539531
data\processed\bfw\asian\n009278\0026_01.jpg,data\processed\bfw\asian\n009278\0066_01.jpg,n009278,n009278,asian,asian,females,females,,,1,0.77365834,15.144812,0.22634166
data\processed\bfw\asian\n004864\0056_01.jpg,data\processed\bfw\asian\n004864\0179_01.jpg,n004864,n004864,asian,asian,females,females,,,1,0.7520795,15.893852,0.24792051
data\processed\bfw\asian\n003491\0081_04.jpg,data\processed\bfw\asian\n003491\0096_01.jpg,n003491,n003491,asian,asian,males,males,,,1,0.7021845,18.963566,0.2978155
data\processed\bfw\asian\n004877\0004_01.jpg,data\processed\bfw\asian\n004935\0238_01.jpg,n004877,n004935,asian,asian,females,males,,,0,0.23213623,28.62182,0.76786375
data\processed\bfw\asian\n005077\0002_01.jpg,data\processed\bfw\asian\n005077\0094_01.jpg,n005077,n005077,asian,asian,females,females,,,1,0.6786168,18.012178,0.32138318
data\processed\bfw\asian\n007089\0162_01.jpg,data\processed\bfw\asian\n004680\0027_01.jpg,n007089,n004680,asian,asian,females,females,,,0,0.35210568,27.405224,0.6478943
data\processed\bfw\asian\n005072\0027_01.jpg,data\processed\bfw\asian\n000436\0002_01.jpg,n005072,n000436,asian,asian,males,males,,,0,0.50113976,23.067242,0.49886024
data\processed\bfw\asian\n004109\0122_01.jpg,data\processed\bfw\asian\n000158\0245_02.jpg,n004109,n000158,asian,asian,males,males,,,0,0.13496412,30.677183,0.8650359
data\processed\bfw\asian\n006149\0075_01.jpg,data\processed\bfw\asian\n006149\0162_01.jpg,n006149,n006149,asian,asian,females,females,,,1,0.71483284,17.371855,0.28516716
data\processed\bfw\asian\n003288\0222_01.jpg,data\processed\bfw\asian\n003288\0628_01.jpg,n003288,n003288,asian,asian,females,females,,,1,0.6197525,19.067862,0.38024747
data\processed\bfw\asian\n004467\0293_01.jpg,data\processed\bfw\asian\n005474\0072_02.jpg,n004467,n005474,asian,asian,males,females,,,0,0.34640563,27.31509,0.6535944
data\processed\bfw\asian\n000854\0275_01.jpg,data\processed\bfw\asian\n007899\0073_01.jpg,n000854,n007899,asian,asian,females,females,,,0,0.34882367,26.786072,0.65117633
data\processed\bfw\asian\n004466\0102_01.jpg,data\processed\bfw\asian\n006774\0070_01.jpg,n004466,n006774,asian,asian,males,females,,,0,0.2434786,30.377144,0.7565214
data\processed\bfw\asian\n009279\0227_01.jpg,data\processed\bfw\asian\n009279\0243_03.jpg,n009279,n009279,asian,asian,females,females,,,1,0.6174055,21.189802,0.38259453
data\processed\bfw\asian\n009275\0272_01.jpg,data\processed\bfw\asian\n009275\0376_01.jpg,n009275,n009275,asian,asian,females,females,,,1,0.80534256,13.92923,0.19465744
data\processed\bfw\asian\n009294\0124_01.jpg,data\processed\bfw\asian\n009294\0222_01.jpg,n009294,n009294,asian,asian,females,females,,,1,0.77134466,15.147006,0.22865534
data\processed\bfw\asian\n006222\0071_01.jpg,data\processed\bfw\asian\n006222\0244_04.jpg,n006222,n006222,asian,asian,females,females,,,1,0.77772605,14.755123,0.22227395
data\processed\bfw\asian\n004549\0222_02.jpg,data\processed\bfw\asian\n004549\0656_02.jpg,n004549,n004549,asian,asian,females,females,,,1,0.5304279,22.504356,0.46957213
data\processed\bfw\asian\n005116\0228_03.jpg,data\processed\bfw\asian\n003506\0019_01.jpg,n005116,n003506,asian,asian,males,females,,,0,0.13952123,29.269777,0.86047876
data\processed\bfw\asian\n000161\0136_01.jpg,data\processed\bfw\asian\n000161\0237_01.jpg,n000161,n000161,asian,asian,males,males,,,1,0.6380084,20.495092,0.36199158
data\processed\bfw\asian\n005474\0118_02.jpg,data\processed\bfw\asian\n005474\0210_02.jpg,n005474,n005474,asian,asian,females,females,,,1,0.76222193,15.475522,0.23777807
data\processed\bfw\asian\n003156\0100_01.jpg,data\processed\bfw\asian\n006224\0138_01.jpg,n003156,n006224,asian,asian,males,females,,,0,0.40671825,25.538261,0.59328175
data\processed\bfw\asian\n009175\0054_01.jpg,data\processed\bfw\asian\n005071\0182_01.jpg,n009175,n005071,asian,asian,females,males,,,0,0.2529198,29.549324,0.7470802
data\processed\bfw\asian\n003489\0112_01.jpg,data\processed\bfw\asian\n004870\0112_02.jpg,n003489,n004870,asian,asian,males,females,,,0,0.40464938,24.689497,0.5953506
data\processed\bfw\asian\n006203\0092_06.jpg,data\processed\bfw\asian\n004935\0123_01.jpg,n006203,n004935,asian,asian,females,males,,,0,0.13565648,28.92827,0.8643435
data\processed\bfw\asian\n000137\0055_01.jpg,data\processed\bfw\asian\n000137\0120_01.jpg,n000137,n000137,asian,asian,females,females,,,1,0.7007441,18.289469,0.2992559
data\processed\bfw\asian\n009148\0027_01.jpg,data\processed\bfw\asian\n003155\1012_07.jpg,n009148,n003155,asian,asian,females,males,,,0,0.23850915,28.776175,0.7614908
data\processed\bfw\asian\n003167\0064_01.jpg,data\processed\bfw\asian\n003167\0141_01.jpg,n003167,n003167,asian,asian,males,males,,,1,0.8497117,11.855327,0.15028828
data\processed\bfw\asian\n004785\0167_02.jpg,data\processed\bfw\asian\n004785\0211_01.jpg,n004785,n004785,asian,asian,females,females,,,1,0.5945116,20.786383,0.40548837
data\processed\bfw\asian\n004469\0048_02.jpg,data\processed\bfw\asian\n004469\0083_02.jpg,n004469,n004469,asian,asian,males,males,,,1,0.6559076,18.498894,0.34409243
data\processed\bfw\asian\n007372\0177_01.jpg,data\processed\bfw\asian\n007372\0315_01.jpg,n007372,n007372,asian,asian,females,females,,,1,0.3869491,26.267393,0.61305094
data\processed\bfw\asian\n003167\0001_02.jpg,data\processed\bfw\asian\n004794\0135_01.jpg,n003167,n004794,asian,asian,males,males,,,0,0.32883838,25.423952,0.67116165
data\processed\bfw\asian\n007372\0039_01.jpg,data\processed\bfw\asian\n007372\0252_01.jpg,n007372,n007372,asian,asian,females,females,,,1,0.47651488,23.829226,0.5234851
data\processed\bfw\asian\n004680\0241_01.jpg,data\processed\bfw\asian\n007380\0601_01.jpg,n004680,n007380,asian,asian,females,females,,,0,0.533299,22.986248,0.46670097
data\processed\bfw\asian\n003167\0210_01.jpg,data\processed\bfw\asian\n004467\0221_02.jpg,n003167,n004467,asian,asian,males,males,,,0,0.10998087,29.662357,0.8900191
data\processed\bfw\asian\n006222\0071_01.jpg,data\processed\bfw\asian\n006222\0339_01.jpg,n006222,n006222,asian,asian,females,females,,,1,0.6771607,18.06825,0.32283932
data\processed\bfw\asian\n006344\0166_01.jpg,data\processed\bfw\asian\n006344\0350_01.jpg,n006344,n006344,asian,asian,females,females,,,1,0.36095247,24.727861,0.6390475
data\processed\bfw\asian\n001496\0047_02.jpg,data\processed\bfw\asian\n001496\0239_01.jpg,n001496,n001496,asian,asian,males,males,,,1,0.583576,21.7222,0.41642398
data\processed\bfw\asian\n003533\0138_01.jpg,data\processed\bfw\asian\n003533\0616_01.jpg,n003533,n003533,asian,asian,males,males,,,1,0.83975184,12.365666,0.16024816
data\processed\bfw\asian\n003635\0085_01.jpg,data\processed\bfw\asian\n000148\0013_01.jpg,n003635,n000148,asian,asian,males,females,,,0,-0.032203104,32.527073,1.0322031
data\processed\bfw\asian\n005063\0249_05.jpg,data\processed\bfw\asian\n003491\0181_02.jpg,n005063,n003491,asian,asian,females,males,,,0,0.07188916,30.852167,0.92811084
data\processed\bfw\asian\n007664\0087_03.jpg,data\processed\bfw\asian\n000138\0403_01.jpg,n007664,n000138,asian,asian,females,females,,,0,0.52555126,21.200546,0.47444874
data\processed\bfw\asian\n001572\0377_01.jpg,data\processed\bfw\asian\n003358\0202_01.jpg,n001572,n003358,asian,asian,females,females,,,0,0.4025712,24.32789,0.5974288
data\processed\bfw\asian\n007664\0153_01.jpg,data\processed\bfw\asian\n007664\0817_01.jpg,n007664,n007664,asian,asian,females,females,,,1,0.1484975,27.942404,0.8515025
data\processed\bfw\asian\n003533\0101_02.jpg,data\processed\bfw\asian\n003824\0122_01.jpg,n003533,n003824,asian,asian,males,females,,,0,0.17280695,27.69268,0.827193
data\processed\bfw\asian\n000160\0007_01.jpg,data\processed\bfw\asian\n000160\0278_01.jpg,n000160,n000160,asian,asian,females,females,,,1,0.6633507,18.844791,0.3366493
data\processed\bfw\asian\n000160\0150_01.jpg,data\processed\bfw\asian\n002775\0086_03.jpg,n000160,n002775,asian,asian,females,males,,,0,0.19560494,28.29852,0.8043951
data\processed\bfw\asian\n000137\0059_01.jpg,data\processed\bfw\asian\n000137\0097_01.jpg,n000137,n000137,asian,asian,females,females,,,1,0.7049276,18.844934,0.29507238
data\processed\bfw\asian\n002509\0315_04.jpg,data\processed\bfw\asian\n003223\0398_02.jpg,n002509,n003223,asian,asian,females,males,,,0,0.19802235,28.57321,0.80197763
data\processed\bfw\asian\n000838\0251_02.jpg,data\processed\bfw\asian\n005378\0294_01.jpg,n000838,n005378,asian,asian,females,females,,,0,0.45978206,22.649336,0.54021794
data\processed\bfw\asian\n004948\0091_01.jpg,data\processed\bfw\asian\n004948\0125_01.jpg,n004948,n004948,asian,asian,males,males,,,1,0.74781215,16.712717,0.25218785
data\processed\bfw\asian\n004860\0196_01.jpg,data\processed\bfw\asian\n005078\0032_01.jpg,n004860,n005078,asian,asian,females,males,,,0,0.09408648,29.152039,0.90591353
data\processed\bfw\asian\n008163\0609_02.jpg,data\processed\bfw\asian\n008163\0670_01.jpg,n008163,n008163,asian,asian,females,females,,,1,0.7321257,16.563698,0.2678743
data\processed\bfw\asian\n000138\0014_01.jpg,data\processed\bfw\asian\n000138\0066_09.jpg,n000138,n000138,asian,asian,females,females,,,1,0.69350034,17.736643,0.30649966
data\processed\bfw\asian\n000838\0044_01.jpg,data\processed\bfw\asian\n005177\0303_01.jpg,n000838,n005177,asian,asian,females,males,,,0,0.45498332,24.614016,0.54501665
data\processed\bfw\asian\n002775\0136_01.jpg,data\processed\bfw\asian\n004930\0044_01.jpg,n002775,n004930,asian,asian,males,females,,,0,0.21671622,30.3014,0.78328377
data\processed\bfw\asian\n009041\0069_01.jpg,data\processed\bfw\asian\n009041\0091_06.jpg,n009041,n009041,asian,asian,females,females,,,1,0.6875441,18.46355,0.3124559
data\processed\bfw\asian\n009148\0036_01.jpg,data\processed\bfw\asian\n004721\0476_01.jpg,n009148,n004721,asian,asian,females,males,,,0,0.15689714,27.628258,0.8431029
data\processed\bfw\asian\n005077\0140_01.jpg,data\processed\bfw\asian\n000838\0113_01.jpg,n005077,n000838,asian,asian,females,females,,,0,0.22818543,27.692524,0.7718146
data\processed\bfw\asian\n004930\0078_01.jpg,data\processed\bfw\asian\n005063\0030_01.jpg,n004930,n005063,asian,asian,females,females,,,0,0.27692032,28.057152,0.7230797
data\processed\bfw\asian\n000854\0193_01.jpg,data\processed\bfw\asian\n000854\0461_01.jpg,n000854,n000854,asian,asian,females,females,,,1,0.5039593,23.518944,0.4960407
data\processed\bfw\asian\n004935\0357_01.jpg,data\processed\bfw\asian\n006203\0654_01.jpg,n004935,n006203,asian,asian,males,females,,,0,0.17038368,27.954958,0.8296163
data\processed\bfw\asian\n006774\0070_01.jpg,data\processed\bfw\asian\n006774\0364_02.jpg,n006774,n006774,asian,asian,females,females,,,1,0.45329714,22.645721,0.54670286
data\processed\bfw\asian\n004786\0088_03.jpg,data\processed\bfw\asian\n004786\0129_01.jpg,n004786,n004786,asian,asian,females,females,,,1,0.7363778,16.061981,0.26362222
data\processed\bfw\asian\n003167\0274_01.jpg,data\processed\bfw\asian\n009042\0057_01.jpg,n003167,n009042,asian,asian,males,females,,,0,0.09299308,31.888842,0.9070069
data\processed\bfw\asian\n001976\0198_01.jpg,data\processed\bfw\asian\n001976\0694_01.jpg,n001976,n001976,asian,asian,males,males,,,1,0.6798541,18.39152,0.3201459
data\processed\bfw\asian\n003467\0112_01.jpg,data\processed\bfw\asian\n009288\0299_01.jpg,n003467,n009288,asian,asian,females,females,,,0,0.19396679,30.386135,0.8060332
data\processed\bfw\asian\n006774\0062_01.jpg,data\processed\bfw\asian\n006774\0156_01.jpg,n006774,n006774,asian,asian,females,females,,,1,0.42986012,24.306665,0.5701399
data\processed\bfw\asian\n009125\0064_01.jpg,data\processed\bfw\asian\n005378\0100_01.jpg,n009125,n005378,asian,asian,females,females,,,0,0.36138654,25.066858,0.63861346
data\processed\bfw\asian\n000436\0678_02.jpg,data\processed\bfw\asian\n005071\0334_01.jpg,n000436,n005071,asian,asian,males,males,,,0,0.37281102,26.035284,0.627189
data\processed\bfw\asian\n003482\0059_01.jpg,data\processed\bfw\asian\n003482\0227_01.jpg,n003482,n003482,asian,asian,males,males,,,1,0.6250039,20.76867,0.37499613
data\processed\bfw\asian\n000840\0042_01.jpg,data\processed\bfw\asian\n004109\0525_02.jpg,n000840,n004109,asian,asian,females,males,,,0,-0.12762302,33.515987,1.1276231
data\processed\bfw\asian\n005085\0652_01.jpg,data\processed\bfw\asian\n000138\0189_01.jpg,n005085,n000138,asian,asian,females,females,,,0,0.33943307,26.157639,0.6605669
data\processed\bfw\asian\n004725\0225_01.jpg,data\processed\bfw\asian\n005085\0005_01.jpg,n004725,n005085,asian,asian,males,females,,,0,0.07004987,33.0137,0.9299501
data\processed\bfw\asian\n003223\0154_01.jpg,data\processed\bfw\asian\n009277\0091_01.jpg,n003223,n009277,asian,asian,males,females,,,0,0.16019343,28.497438,0.83980656
data\processed\bfw\asian\n003167\0081_01.jpg,data\processed\bfw\asian\n003167\0533_01.jpg,n003167,n003167,asian,asian,males,males,,,1,0.8299257,12.058076,0.17007428
data\processed\bfw\asian\n003027\0170_01.jpg,data\processed\bfw\asian\n003027\0223_01.jpg,n003027,n003027,asian,asian,males,males,,,1,0.88593465,11.473038,0.11406535
data\processed\bfw\asian\n003491\0070_06.jpg,data\processed\bfw\asian\n008401\0297_01.jpg,n003491,n008401,asian,asian,males,females,,,0,0.21042663,29.806555,0.7895734
data\processed\bfw\asian\n004785\0280_01.jpg,data\processed\bfw\asian\n003481\0564_02.jpg,n004785,n003481,asian,asian,females,females,,,0,0.52860683,22.98929,0.47139317
data\processed\bfw\asian\n005069\0234_01.jpg,data\processed\bfw\asian\n003162\0259_01.jpg,n005069,n003162,asian,asian,females,males,,,0,0.14897619,31.317755,0.8510238
data\processed\bfw\asian\n009294\0079_01.jpg,data\processed\bfw\asian\n006418\0386_01.jpg,n009294,n006418,asian,asian,females,females,,,0,0.27012372,26.072859,0.7298763
data\processed\bfw\asian\n003156\0103_01.jpg,data\processed\bfw\asian\n003156\0119_01.jpg,n003156,n003156,asian,asian,males,males,,,1,0.6600185,18.555662,0.3399815
data\processed\bfw\asian\n002552\0142_01.jpg,data\processed\bfw\asian\n002552\0350_01.jpg,n002552,n002552,asian,asian,males,males,,,1,0.7954286,13.852896,0.20457143
data\processed\bfw\asian\n002775\0133_01.jpg,data\processed\bfw\asian\n002775\0187_04.jpg,n002775,n002775,asian,asian,males,males,,,1,0.6518938,19.511063,0.3481062
data\processed\bfw\asian\n001682\0096_01.jpg,data\processed\bfw\asian\n001682\0267_02.jpg,n001682,n001682,asian,asian,males,males,,,1,0.815504,14.833501,0.18449599
data\processed\bfw\asian\n004681\0592_01.jpg,data\processed\bfw\asian\n006148\0400_01.jpg,n004681,n006148,asian,asian,males,females,,,0,0.23182839,27.954924,0.7681716
data\processed\bfw\asian\n000161\0136_01.jpg,data\processed\bfw\asian\n000161\0461_01.jpg,n000161,n000161,asian,asian,males,males,,,1,0.604026,20.105484,0.39597398
data\processed\bfw\asian\n004935\0123_01.jpg,data\processed\bfw\asian\n004935\0210_01.jpg,n004935,n004935,asian,asian,males,males,,,1,0.676826,17.04719,0.323174
data\processed\bfw\asian\n003467\0055_01.jpg,data\processed\bfw\asian\n003482\0157_02.jpg,n003467,n003482,asian,asian,females,males,,,0,0.17923516,28.97843,0.82076484
data\processed\bfw\asian\n009125\0069_01.jpg,data\processed\bfw\asian\n008383\0143_01.jpg,n009125,n008383,asian,asian,females,females,,,0,0.5367238,22.270231,0.4632762
data\processed\bfw\asian\n001682\0172_02.jpg,data\processed\bfw\asian\n004864\0056_01.jpg,n001682,n004864,asian,asian,males,females,,,0,0.0021907692,31.972313,0.99780923
data\processed\bfw\asian\n005078\0295_03.jpg,data\processed\bfw\asian\n000143\0013_01.jpg,n005078,n000143,asian,asian,males,females,,,0,-0.058396805,31.147629,1.0583968
data\processed\bfw\asian\n006148\0129_01.jpg,data\processed\bfw\asian\n006203\0663_02.jpg,n006148,n006203,asian,asian,females,females,,,0,0.5589828,20.33121,0.4410172
data\processed\bfw\asian\n005446\0185_01.jpg,data\processed\bfw\asian\n008934\0433_01.jpg,n005446,n008934,asian,asian,females,females,,,0,0.30515176,28.024817,0.69484824
data\processed\bfw\asian\n009288\0068_01.jpg,data\processed\bfw\asian\n009288\0341_01.jpg,n009288,n009288,asian,asian,females,females,,,1,0.6827733,20.43137,0.3172267
data\processed\bfw\asian\n005474\0058_03.jpg,data\processed\bfw\asian\n005474\0129_02.jpg,n005474,n005474,asian,asian,females,females,,,1,0.6276507,19.942238,0.37234932
data\processed\bfw\asian\n007899\0017_01.jpg,data\processed\bfw\asian\n000161\0255_01.jpg,n007899,n000161,asian,asian,females,males,,,0,0.13902588,30.124678,0.86097413
data\processed\bfw\asian\n002320\0027_01.jpg,data\processed\bfw\asian\n002320\0186_02.jpg,n002320,n002320,asian,asian,males,males,,,1,0.6552409,19.50199,0.3447591
data\processed\bfw\asian\n009177\0060_01.jpg,data\processed\bfw\asian\n009177\0231_01.jpg,n009177,n009177,asian,asian,females,females,,,1,0.91302496,9.746664,0.08697504
data\processed\bfw\asian\n007380\0089_01.jpg,data\processed\bfw\asian\n007380\0173_01.jpg,n007380,n007380,asian,asian,females,females,,,1,0.56569076,21.472084,0.43430924
data\processed\bfw\asian\n009148\0079_01.jpg,data\processed\bfw\asian\n009148\0103_01.jpg,n009148,n009148,asian,asian,females,females,,,1,0.6327632,20.450523,0.3672368
data\processed\bfw\asian\n004472\0007_01.jpg,data\processed\bfw\asian\n004472\0295_03.jpg,n004472,n004472,asian,asian,females,females,,,1,0.4163315,24.515938,0.5836685
data\processed\bfw\asian\n003557\0165_01.jpg,data\processed\bfw\asian\n003557\0181_03.jpg,n003557,n003557,asian,asian,females,females,,,1,0.75315654,14.878546,0.24684346
data\processed\bfw\asian\n006203\0333_01.jpg,data\processed\bfw\asian\n009103\0106_01.jpg,n006203,n009103,asian,asian,females,females,,,0,0.17068835,28.853168,0.82931167
data\processed\bfw\asian\n006224\0067_01.jpg,data\processed\bfw\asian\n006224\0198_01.jpg,n006224,n006224,asian,asian,females,females,,,1,0.6875593,19.185364,0.3124407
data\processed\bfw\asian\n005446\0141_01.jpg,data\processed\bfw\asian\n004864\0056_01.jpg,n005446,n004864,asian,asian,females,females,,,0,0.42668018,23.38492,0.5733198
data\processed\bfw\asian\n005378\0176_01.jpg,data\processed\bfw\asian\n006634\0118_01.jpg,n005378,n006634,asian,asian,females,females,,,0,0.39262375,24.822126,0.6073762
data\processed\bfw\asian\n007899\0097_01.jpg,data\processed\bfw\asian\n007664\0047_01.jpg,n007899,n007664,asian,asian,females,females,,,0,0.23433237,27.516779,0.7656676
data\processed\bfw\asian\n004787\0101_02.jpg,data\processed\bfw\asian\n004787\0398_01.jpg,n004787,n004787,asian,asian,females,females,,,1,0.7349057,16.592133,0.26509428
data\processed\bfw\asian\n000137\0187_01.jpg,data\processed\bfw\asian\n000137\0265_01.jpg,n000137,n000137,asian,asian,females,females,,,1,0.61901003,20.297396,0.38098997
data\processed\bfw\asian\n006344\0051_03.jpg,data\processed\bfw\asian\n006344\0253_01.jpg,n006344,n006344,asian,asian,females,females,,,1,0.5873017,20.66093,0.41269833
data\processed\bfw\asian\n008401\0166_01.jpg,data\processed\bfw\asian\n008401\0247_01.jpg,n008401,n008401,asian,asian,females,females,,,1,0.8103157,14.034195,0.18968427
data\processed\bfw\asian\n003824\0148_01.jpg,data\processed\bfw\asian\n003824\0262_01.jpg,n003824,n003824,asian,asian,females,females,,,1,0.62561977,20.003353,0.37438023
data\processed\bfw\asian\n004221\0164_03.jpg,data\processed\bfw\asian\n007814\0175_01.jpg,n004221,n007814,asian,asian,males,females,,,0,-0.19634594,33.950233,1.1963459
data\processed\bfw\asian\n003824\0037_01.jpg,data\processed\bfw\asian\n003824\0697_01.jpg,n003824,n003824,asian,asian,females,females,,,1,0.56334543,20.920565,0.43665457
data\processed\bfw\asian\n009148\0005_01.jpg,data\processed\bfw\asian\n000160\0109_01.jpg,n009148,n000160,asian,asian,females,females,,,0,0.35440886,24.567501,0.64559114
data\processed\bfw\asian\n004472\0172_03.jpg,data\processed\bfw\asian\n004472\0295_02.jpg,n004472,n004472,asian,asian,females,females,,,1,0.43514654,22.588245,0.5648534
data\processed\bfw\asian\n008934\0029_02.jpg,data\processed\bfw\asian\n008934\0050_01.jpg,n008934,n008934,asian,asian,females,females,,,1,0.79639757,14.656549,0.20360243
data\processed\bfw\asian\n003449\0242_01.jpg,data\processed\bfw\asian\n000158\0034_01.jpg,n003449,n000158,asian,asian,females,males,,,0,0.10811522,30.376055,0.8918848
data\processed\bfw\asian\n007899\0222_01.jpg,data\processed\bfw\asian\n009041\0091_06.jpg,n007899,n009041,asian,asian,females,females,,,0,0.3085192,25.994919,0.69148076
data\processed\bfw\asian\n009148\0050_05.jpg,data\processed\bfw\asian\n004725\0079_01.jpg,n009148,n004725,asian,asian,females,males,,,0,0.03542791,30.772411,0.9645721
data\processed\bfw\asian\n000838\0044_01.jpg,data\processed\bfw\asian\n000838\0070_01.jpg,n000838,n000838,asian,asian,females,females,,,1,0.8154843,14.386421,0.18451571
data\processed\bfw\asian\n001976\0235_03.jpg,data\processed\bfw\asian\n007378\0175_01.jpg,n001976,n007378,asian,asian,males,females,,,0,0.3457833,26.808477,0.6542167
data\processed\bfw\asian\n007814\0185_02.jpg,data\processed\bfw\asian\n004680\0133_02.jpg,n007814,n004680,asian,asian,females,females,,,0,-0.024135312,32.749077,1.0241354
data\processed\bfw\asian\n000009\0216_01.jpg,data\processed\bfw\asian\n000009\0244_01.jpg,n000009,n000009,asian,asian,females,females,,,1,0.4254022,23.38947,0.57459784
data\processed\bfw\asian\n003449\0183_01.jpg,data\processed\bfw\asian\n004794\0043_01.jpg,n003449,n004794,asian,asian,females,males,,,0,0.28472131,27.056303,0.7152787
data\processed\bfw\asian\n000148\0153_01.jpg,data\processed\bfw\asian\n009103\0724_01.jpg,n000148,n009103,asian,asian,females,females,,,0,0.2902811,26.132952,0.70971894
data\processed\bfw\asian\n002552\0074_01.jpg,data\processed\bfw\asian\n002552\0106_01.jpg,n002552,n002552,asian,asian,males,males,,,1,0.8365148,12.500544,0.16348523
data\processed\bfw\asian\n000137\0012_01.jpg,data\processed\bfw\asian\n000158\0404_01.jpg,n000137,n000158,asian,asian,females,males,,,0,0.11160753,31.230648,0.88839245
data\processed\bfw\asian\n004935\0143_02.jpg,data\processed\bfw\asian\n003223\0398_02.jpg,n004935,n003223,asian,asian,males,males,,,0,0.30269545,24.82349,0.69730455
data\processed\bfw\asian\n000138\0153_02.jpg,data\processed\bfw\asian\n000138\0189_01.jpg,n000138,n000138,asian,asian,females,females,,,1,0.66952693,18.640762,0.33047307
data\processed\bfw\asian\n002644\0116_01.jpg,data\processed\bfw\asian\n005071\0096_01.jpg,n002644,n005071,asian,asian,males,males,,,0,0.21590605,28.93572,0.784094
data\processed\bfw\asian\n000132\0027_01__face_0.jpg,data\processed\bfw\asian\n000132\0153_01__face_0.jpg,n000132,n000132,asian,asian,males,males,,,1,0.64744747,18.679375,0.35255253
data\processed\bfw\asian\n008401\0053_01.jpg,data\processed\bfw\asian\n008401\0137_01.jpg,n008401,n008401,asian,asian,females,females,,,1,0.7723031,14.351902,0.2276969
data\processed\bfw\asian\n009103\0106_01.jpg,data\processed\bfw\asian\n009103\0421_01.jpg,n009103,n009103,asian,asian,females,females,,,1,0.5532367,20.662344,0.44676328
data\processed\bfw\asian\n006736\0367_01.jpg,data\processed\bfw\asian\n005216\0220_01.jpg,n006736,n005216,asian,asian,females,females,,,0,0.3837125,26.43565,0.61628747
data\processed\bfw\asian\n000135\0272_01.jpg,data\processed\bfw\asian\n008163\0035_02.jpg,n000135,n008163,asian,asian,females,females,,,0,0.4099004,24.252058,0.5900996
data\processed\bfw\asian\n008163\0609_02.jpg,data\processed\bfw\asian\n004800\0139_02.jpg,n008163,n004800,asian,asian,females,males,,,0,0.22930168,27.08312,0.7706983
data\processed\bfw\asian\n007378\0071_01.jpg,data\processed\bfw\asian\n007378\0082_07.jpg,n007378,n007378,asian,asian,females,females,,,1,0.68369627,16.804836,0.31630373
data\processed\bfw\asian\n000143\0156_04.jpg,data\processed\bfw\asian\n000143\0187_01.jpg,n000143,n000143,asian,asian,females,females,,,1,0.6071778,20.255676,0.3928222
data\processed\bfw\asian\n000138\0067_01.jpg,data\processed\bfw\asian\n000138\0082_01.jpg,n000138,n000138,asian,asian,females,females,,,1,0.7222679,16.843124,0.27773207
data\processed\bfw\asian\n006125\0120_01.jpg,data\processed\bfw\asian\n006125\0253_01.jpg,n006125,n006125,asian,asian,females,females,,,1,0.29943886,27.26121,0.70056117
data\processed\bfw\asian\n007899\0031_01.jpg,data\processed\bfw\asian\n000132\0299_02__face_0.jpg,n007899,n000132,asian,asian,females,males,,,0,0.12192019,30.644297,0.87807983
data\processed\bfw\asian\n004687\0037_01.jpg,data\processed\bfw\asian\n004687\0307_01.jpg,n004687,n004687,asian,asian,females,females,,,1,0.6625285,18.639385,0.3374715
data\processed\bfw\asian\n000837\0206_02.jpg,data\processed\bfw\asian\n007385\0044_01.jpg,n000837,n007385,asian,asian,females,females,,,0,0.41842663,25.635912,0.58157337
data\processed\bfw\asian\n003288\0579_02.jpg,data\processed\bfw\asian\n003533\0612_01.jpg,n003288,n003533,asian,asian,females,males,,,0,-0.06451681,32.57432,1.0645168
data\processed\bfw\asian\n004791\0205_02.jpg,data\processed\bfw\asian\n001562\0080_02.jpg,n004791,n001562,asian,asian,males,males,,,0,0.46098444,24.388235,0.53901553
data\processed\bfw\asian\n000873\0061_01.jpg,data\processed\bfw\asian\n005069\0017_02.jpg,n000873,n005069,asian,asian,males,females,,,0,0.41480193,25.060053,0.58519804
data\processed\bfw\asian\n000137\0050_01.jpg,data\processed\bfw\asian\n000137\0120_01.jpg,n000137,n000137,asian,asian,females,females,,,1,0.76691496,16.18081,0.23308504
data\processed\bfw\asian\n004466\0108_01.jpg,data\processed\bfw\asian\n000839\0295_01.jpg,n004466,n000839,asian,asian,males,females,,,0,0.06159578,31.582039,0.9384042
data\processed\bfw\asian\n004467\0186_01.jpg,data\processed\bfw\asian\n004467\0656_01.jpg,n004467,n004467,asian,asian,males,males,,,1,0.7229424,17.657299,0.2770576
data\processed\bfw\asian\n001496\0133_01.jpg,data\processed\bfw\asian\n001496\0149_01.jpg,n001496,n001496,asian,asian,males,males,,,1,0.779174,14.997956,0.22082603
data\processed\bfw\asian\n004549\0065_01.jpg,data\processed\bfw\asian\n004549\0198_04.jpg,n004549,n004549,asian,asian,females,females,,,1,0.7596041,15.436041,0.2403959
data\processed\bfw\asian\n003153\0219_02.jpg,data\processed\bfw\asian\n003358\0216_01.jpg,n003153,n003358,asian,asian,females,females,,,0,0.19676231,27.41686,0.8032377
data\processed\bfw\asian\n004466\0153_01.jpg,data\processed\bfw\asian\n004466\0184_01.jpg,n004466,n004466,asian,asian,males,males,,,1,0.5598688,23.845596,0.4401312
data\processed\bfw\asian\n009275\0039_01.jpg,data\processed\bfw\asian\n009275\0397_03.jpg,n009275,n009275,asian,asian,females,females,,,1,0.85901576,12.106863,0.14098424
data\processed\bfw\asian\n006633\0120_03.jpg,data\processed\bfw\asian\n006633\0283_02.jpg,n006633,n006633,asian,asian,females,females,,,1,0.69452006,16.395863,0.30547994
data\processed\bfw\asian\n005216\0154_03.jpg,data\processed\bfw\asian\n008383\0014_01.jpg,n005216,n008383,asian,asian,females,females,,,0,0.4725697,24.046673,0.5274303
data\processed\bfw\asian\n005069\0559_02.jpg,data\processed\bfw\asian\n007378\0071_01.jpg,n005069,n007378,asian,asian,females,females,,,0,0.410061,24.168133,0.589939
data\processed\bfw\asian\n006344\0012_01.jpg,data\processed\bfw\asian\n006344\0282_01.jpg,n006344,n006344,asian,asian,females,females,,,1,0.7589138,15.2800455,0.24108618
data\processed\bfw\asian\n006634\0679_01.jpg,data\processed\bfw\asian\n005378\0388_01.jpg,n006634,n005378,asian,asian,females,females,,,0,0.32544547,25.755125,0.6745545
data\processed\bfw\asian\n009275\0188_01.jpg,data\processed\bfw\asian\n009275\0397_05.jpg,n009275,n009275,asian,asian,females,females,,,1,0.56629896,19.9325,0.43370104
data\processed\bfw\asian\n009294\0084_01.jpg,data\processed\bfw\asian\n009294\0251_02.jpg,n009294,n009294,asian,asian,females,females,,,1,0.61363167,20.990688,0.38636833
data\processed\bfw\asian\n000161\0461_01.jpg,data\processed\bfw\asian\n003491\0181_02.jpg,n000161,n003491,asian,asian,males,males,,,0,0.4966096,22.951082,0.50339043
data\processed\bfw\asian\n008401\0023_01.jpg,data\processed\bfw\asian\n008401\0399_01.jpg,n008401,n008401,asian,asian,females,females,,,1,0.7443891,15.772938,0.25561088
data\processed\bfw\asian\n004108\0176_01.jpg,data\processed\bfw\asian\n004108\0337_02.jpg,n004108,n004108,asian,asian,males,males,,,1,0.52145416,22.047611,0.47854584
data\processed\bfw\asian\n000161\0125_01.jpg,data\processed\bfw\asian\n003288\0230_01.jpg,n000161,n003288,asian,asian,males,females,,,0,0.25613433,27.844385,0.74386567
data\processed\bfw\asian\n004864\0148_01.jpg,data\processed\bfw\asian\n004864\0588_04.jpg,n004864,n004864,asian,asian,females,females,,,1,0.66080666,18.884506,0.33919334
data\processed\bfw\asian\n005072\0043_05.jpg,data\processed\bfw\asian\n005072\0235_01.jpg,n005072,n005072,asian,asian,males,males,,,1,0.81384814,14.334065,0.18615186
data\processed\bfw\asian\n006344\0577_01.jpg,data\processed\bfw\asian\n002509\0139_03.jpg,n006344,n002509,asian,asian,females,females,,,0,0.3018477,26.399094,0.6981523
data\processed\bfw\asian\n008934\0053_01.jpg,data\processed\bfw\asian\n004472\0295_02.jpg,n008934,n004472,asian,asian,females,females,,,0,0.48941135,22.881454,0.51058865
data\processed\bfw\asian\n003358\0437_01.jpg,data\processed\bfw\asian\n005216\0026_01.jpg,n003358,n005216,asian,asian,females,females,,,0,0.40448356,24.421019,0.59551644
data\processed\bfw\asian\n001976\0441_01.jpg,data\processed\bfw\asian\n001976\0458_02.jpg,n001976,n001976,asian,asian,males,males,,,1,0.5948437,22.863174,0.4051563
data\processed\bfw\asian\n001562\0111_01.jpg,data\processed\bfw\asian\n006633\0036_02.jpg,n001562,n006633,asian,asian,males,females,,,0,0.08347809,31.816895,0.9165219
data\processed\bfw\asian\n004935\0061_01.jpg,data\processed\bfw\asian\n006125\0101_01.jpg,n004935,n006125,asian,asian,males,females,,,0,0.33911926,24.41879,0.66088074
data\processed\bfw\asian\n006774\0058_01.jpg,data\processed\bfw\asian\n004791\0253_01.jpg,n006774,n004791,asian,asian,females,males,,,0,0.23604731,26.131222,0.7639527
data\processed\bfw\asian\n006126\0055_01.jpg,data\processed\bfw\asian\n006634\0114_01.jpg,n006126,n006634,asian,asian,females,females,,,0,0.29210663,26.300983,0.7078934
data\processed\bfw\asian\n001976\0119_01.jpg,data\processed\bfw\asian\n001976\0622_02.jpg,n001976,n001976,asian,asian,males,males,,,1,0.63004047,19.27922,0.36995953
data\processed\bfw\asian\n006148\0030_01.jpg,data\processed\bfw\asian\n006148\0165_01.jpg,n006148,n006148,asian,asian,females,females,,,1,0.84439707,12.28156,0.15560293
data\processed\bfw\asian\n003358\0149_02.jpg,data\processed\bfw\asian\n003358\0702_01.jpg,n003358,n003358,asian,asian,females,females,,,1,0.6238603,18.345093,0.3761397
data\processed\bfw\asian\n005063\0089_02.jpg,data\processed\bfw\asian\n003027\0470_01.jpg,n005063,n003027,asian,asian,females,males,,,0,-0.10574649,31.968134,1.1057465
data\processed\bfw\asian\n002644\0123_02.jpg,data\processed\bfw\asian\n002644\0319_01.jpg,n002644,n002644,asian,asian,males,males,,,1,0.7322043,15.376007,0.26779568
data\processed\bfw\asian\n007738\0265_01.jpg,data\processed\bfw\asian\n003506\0307_01.jpg,n007738,n003506,asian,asian,females,females,,,0,0.3150624,28.714458,0.6849376
data\processed\bfw\asian\n001976\0121_02.jpg,data\processed\bfw\asian\n001976\0665_02.jpg,n001976,n001976,asian,asian,males,males,,,1,0.5180789,21.879272,0.48192108
data\processed\bfw\asian\n009137\0521_02.jpg,data\processed\bfw\asian\n002331\0054_02.jpg,n009137,n002331,asian,asian,females,males,,,0,0.20096055,27.176992,0.7990395
data\processed\bfw\asian\n003167\0532_01.jpg,data\processed\bfw\asian\n004936\0345_01.jpg,n003167,n004936,asian,asian,males,females,,,0,0.21626647,27.581629,0.78373355
data\processed\bfw\asian\n004680\0113_02.jpg,data\processed\bfw\asian\n004786\0011_02.jpg,n004680,n004786,asian,asian,females,females,,,0,0.19476911,29.723047,0.80523086
data\processed\bfw\asian\n001976\0622_02.jpg,data\processed\bfw\asian\n000839\0497_02.jpg,n001976,n000839,asian,asian,males,females,,,0,-0.047678582,32.264996,1.0476786
data\processed\bfw\asian\n005378\0093_02.jpg,data\processed\bfw\asian\n005378\0354_01.jpg,n005378,n005378,asian,asian,females,females,,,1,0.46094146,23.912695,0.53905857
data\processed\bfw\asian\n003027\0161_01.jpg,data\processed\bfw\asian\n009041\0077_01.jpg,n003027,n009041,asian,asian,males,females,,,0,0.21659987,28.947775,0.7834001
data\processed\bfw\asian\n003557\0007_02.jpg,data\processed\bfw\asian\n002775\0133_01.jpg,n003557,n002775,asian,asian,females,males,,,0,0.16086294,30.192291,0.8391371
data\processed\bfw\asian\n003355\0056_01.jpg,data\processed\bfw\asian\n002406\0126_01.jpg,n003355,n002406,asian,asian,males,males,,,0,0.36344245,25.562138,0.6365576
data\processed\bfw\asian\n004686\0072_01.jpg,data\processed\bfw\asian\n004686\0085_01.jpg,n004686,n004686,asian,asian,males,males,,,1,0.88061535,10.69365,0.11938465
data\processed\bfw\asian\n008401\0391_01.jpg,data\processed\bfw\asian\n008401\0405_01.jpg,n008401,n008401,asian,asian,females,females,,,1,0.63506526,20.288404,0.36493474
data\processed\bfw\asian\n006222\0015_01.jpg,data\processed\bfw\asian\n006222\0047_01.jpg,n006222,n006222,asian,asian,females,females,,,1,0.7513413,15.435325,0.24865872
data\processed\bfw\asian\n002320\0013_05.jpg,data\processed\bfw\asian\n001864\0021_01.jpg,n002320,n001864,asian,asian,males,males,,,0,0.05392268,31.26596,0.94607735
data\processed\bfw\asian\n002320\0072_01.jpg,data\processed\bfw\asian\n005071\0279_02.jpg,n002320,n005071,asian,asian,males,males,,,0,0.25263378,30.51782,0.7473662
data\processed\bfw\asian\n003355\0024_07.jpg,data\processed\bfw\asian\n003355\0620_01.jpg,n003355,n003355,asian,asian,males,males,,,1,0.7737545,14.866767,0.22624552
data\processed\bfw\asian\n004948\0091_01.jpg,data\processed\bfw\asian\n004948\0378_02.jpg,n004948,n004948,asian,asian,males,males,,,1,0.56807506,20.412334,0.43192494
data\processed\bfw\asian\n006418\0140_02.jpg,data\processed\bfw\asian\n006418\0235_01.jpg,n006418,n006418,asian,asian,females,females,,,1,0.6634309,18.526518,0.33656907
data\processed\bfw\asian\n000854\0060_01.jpg,data\processed\bfw\asian\n000854\0239_01.jpg,n000854,n000854,asian,asian,females,females,,,1,0.54537785,22.622766,0.45462215
data\processed\bfw\asian\n004680\0260_01.jpg,data\processed\bfw\asian\n003357\0469_01.jpg,n004680,n003357,asian,asian,females,females,,,0,0.12991051,30.099024,0.8700895
data\processed\bfw\asian\n003557\0017_02.jpg,data\processed\bfw\asian\n003557\0165_01.jpg,n003557,n003557,asian,asian,females,females,,,1,0.7938821,14.572372,0.20611793
data\processed\bfw\asian\n005071\0115_02.jpg,data\processed\bfw\asian\n005071\0483_01.jpg,n005071,n005071,asian,asian,males,males,,,1,0.5596205,22.948944,0.4403795
data\processed\bfw\asian\n001976\0458_02.jpg,data\processed\bfw\asian\n003357\0538_01.jpg,n001976,n003357,asian,asian,males,females,,,0,0.0764017,32.652218,0.9235983
data\processed\bfw\asian\n003481\0345_01.jpg,data\processed\bfw\asian\n003481\0431_01.jpg,n003481,n003481,asian,asian,females,females,,,1,0.51372075,22.602686,0.48627925
data\processed\bfw\asian\n003533\0128_01.jpg,data\processed\bfw\asian\n004785\0603_01.jpg,n003533,n004785,asian,asian,males,females,,,0,-0.14288582,35.972233,1.1428858
data\processed\bfw\asian\n003491\0019_01.jpg,data\processed\bfw\asian\n003491\0081_04.jpg,n003491,n003491,asian,asian,males,males,,,1,0.81474763,14.386801,0.18525237
data\processed\bfw\asian\n005063\0042_01.jpg,data\processed\bfw\asian\n005063\0044_03.jpg,n005063,n005063,asian,asian,females,females,,,1,0.7979094,13.471194,0.20209062
data\processed\bfw\asian\n003463\0017_01.jpg,data\processed\bfw\asian\n002552\0237_02.jpg,n003463,n002552,asian,asian,males,males,,,0,0.337991,25.92008,0.662009
data\processed\bfw\asian\n000138\0078_01.jpg,data\processed\bfw\asian\n009294\0124_01.jpg,n000138,n009294,asian,asian,females,females,,,0,0.022158913,32.297684,0.9778411
data\processed\bfw\asian\n004930\0103_01.jpg,data\processed\bfw\asian\n004930\0155_01.jpg,n004930,n004930,asian,asian,females,females,,,1,0.5912623,21.561974,0.40873772
data\processed\bfw\asian\n002552\0530_01.jpg,data\processed\bfw\asian\n007664\0053_01.jpg,n002552,n007664,asian,asian,males,females,,,0,-0.11447717,33.847458,1.1144772
data\processed\bfw\asian\n000856\0046_01.jpg,data\processed\bfw\asian\n000856\0070_01.jpg,n000856,n000856,asian,asian,females,females,,,1,0.81748366,14.923181,0.18251634
data\processed\bfw\asian\n004469\0038_01.jpg,data\processed\bfw\asian\n004469\0083_02.jpg,n004469,n004469,asian,asian,males,males,,,1,0.7515013,16.43778,0.24849868
data\processed\bfw\asian\n009294\0018_02.jpg,data\processed\bfw\asian\n009294\0081_01.jpg,n009294,n009294,asian,asian,females,females,,,1,0.67301166,19.192581,0.32698834
data\processed\bfw\asian\n004549\0202_01.jpg,data\processed\bfw\asian\n006418\1023_02.jpg,n004549,n006418,asian,asian,females,females,,,0,0.68845654,16.761147,0.31154346
data\processed\bfw\asian\n004809\0013_10.jpg,data\processed\bfw\asian\n004805\0357_01.jpg,n004809,n004805,asian,asian,males,males,,,0,0.7315538,16.379597,0.2684462
data\processed\bfw\asian\n006159\0045_01.jpg,data\processed\bfw\asian\n004108\0229_02.jpg,n006159,n004108,asian,asian,females,males,,,0,0.17525959,28.390213,0.8247404
data\processed\bfw\asian\n008163\0034_04.jpg,data\processed\bfw\asian\n008163\0645_01.jpg,n008163,n008163,asian,asian,females,females,,,1,0.8068748,13.3647375,0.19312519
data\processed\bfw\asian\n005177\0076_01.jpg,data\processed\bfw\asian\n005177\0321_01.jpg,n005177,n005177,asian,asian,males,males,,,1,0.85790616,12.443483,0.14209384
data\processed\bfw\asian\n006148\0014_03.jpg,data\processed\bfw\asian\n006148\0609_01.jpg,n006148,n006148,asian,asian,females,females,,,1,0.8629061,11.284199,0.1370939
data\processed\bfw\asian\n001976\0198_01.jpg,data\processed\bfw\asian\n004680\0180_01.jpg,n001976,n004680,asian,asian,males,females,,,0,0.31519976,26.640703,0.68480027
data\processed\bfw\asian\n001562\0009_02.jpg,data\processed\bfw\asian\n001562\0111_01.jpg,n001562,n001562,asian,asian,males,males,,,1,0.70979255,17.513277,0.29020745
data\processed\bfw\asian\n007899\0172_04.jpg,data\processed\bfw\asian\n003491\0147_05.jpg,n007899,n003491,asian,asian,females,males,,,0,0.16608529,30.69042,0.8339147
data\processed\bfw\asian\n006222\0002_01.jpg,data\processed\bfw\asian\n004930\0286_01.jpg,n006222,n004930,asian,asian,females,females,,,0,0.0980749,29.76691,0.9019251
data\processed\bfw\asian\n009275\0034_02.jpg,data\processed\bfw\asian\n009275\0158_05.jpg,n009275,n009275,asian,asian,females,females,,,1,0.7914655,13.830516,0.20853448
data\processed\bfw\asian\n009277\0091_01.jpg,data\processed\bfw\asian\n002331\0029_01.jpg,n009277,n002331,asian,asian,females,males,,,0,0.03608489,31.52784,0.9639151
data\processed\bfw\asian\n003463\0008_01.jpg,data\processed\bfw\asian\n003463\0110_01.jpg,n003463,n003463,asian,asian,males,males,,,1,0.81110454,13.769209,0.18889546
data\processed\bfw\asian\n004466\0349_01.jpg,data\processed\bfw\asian\n004948\0536_02.jpg,n004466,n004948,asian,asian,males,males,,,0,0.33024663,26.74421,0.6697534
data\processed\bfw\asian\n009125\0193_01.jpg,data\processed\bfw\asian\n009125\0196_01.jpg,n009125,n009125,asian,asian,females,females,,,1,0.8109658,13.463167,0.18903422
data\processed\bfw\asian\n009294\0063_01.jpg,data\processed\bfw\asian\n009294\0079_01.jpg,n009294,n009294,asian,asian,females,females,,,1,0.85474724,12.450922,0.14525276
data\processed\bfw\asian\n003288\0562_01.jpg,data\processed\bfw\asian\n007270\0471_01.jpg,n003288,n007270,asian,asian,females,females,,,0,0.13021988,31.3759,0.8697801
data\processed\bfw\asian\n003162\0024_01.jpg,data\processed\bfw\asian\n000838\0247_01.jpg,n003162,n000838,asian,asian,males,females,,,0,0.16055451,27.714308,0.8394455
data\processed\bfw\asian\n009042\0036_01.jpg,data\processed\bfw\asian\n009042\0043_01.jpg,n009042,n009042,asian,asian,females,females,,,1,0.76154816,15.694511,0.23845184
data\processed\bfw\asian\n000137\0032_01.jpg,data\processed\bfw\asian\n004860\0068_01.jpg,n000137,n004860,asian,asian,females,females,,,0,0.32117873,26.600796,0.67882127
data\processed\bfw\asian\n003167\0571_01.jpg,data\processed\bfw\asian\n003167\0595_01.jpg,n003167,n003167,asian,asian,males,males,,,1,0.68736374,17.495487,0.31263626
data\processed\bfw\asian\n009042\0250_01.jpg,data\processed\bfw\asian\n000872\0200_01.jpg,n009042,n000872,asian,asian,females,males,,,0,-0.07036003,31.69607,1.0703601
data\processed\bfw\asian\n004469\0107_01.jpg,data\processed\bfw\asian\n004469\0124_01.jpg,n004469,n004469,asian,asian,males,males,,,1,0.27768704,26.33111,0.7223129
data\processed\bfw\asian\n004686\0282_01.jpg,data\processed\bfw\asian\n008148\0195_01.jpg,n004686,n008148,asian,asian,males,females,,,0,-0.16369024,35.069954,1.1636902
data\processed\bfw\asian\n009042\0402_02.jpg,data\processed\bfw\asian\n009175\0486_01.jpg,n009042,n009175,asian,asian,females,females,,,0,0.3745588,25.33992,0.6254412
data\processed\bfw\asian\n001682\0088_01.jpg,data\processed\bfw\asian\n001682\0177_01.jpg,n001682,n001682,asian,asian,males,males,,,1,0.539075,22.51242,0.46092498
data\processed\bfw\asian\n004469\0019_02.jpg,data\processed\bfw\asian\n004469\0108_02.jpg,n004469,n004469,asian,asian,males,males,,,1,0.7299131,16.339537,0.27008688
data\processed\bfw\asian\n002644\0231_02.jpg,data\processed\bfw\asian\n007814\0287_01.jpg,n002644,n007814,asian,asian,males,females,,,0,0.31006995,25.680155,0.6899301
data\processed\bfw\asian\n009277\0067_01.jpg,data\processed\bfw\asian\n000436\0466_01.jpg,n009277,n000436,asian,asian,females,males,,,0,0.24499696,27.524668,0.75500304
data\processed\bfw\asian\n008383\0268_01.jpg,data\processed\bfw\asian\n009041\0562_01.jpg,n008383,n009041,asian,asian,females,females,,,0,0.4285796,23.675062,0.57142043
data\processed\bfw\asian\n006203\0654_01.jpg,data\processed\bfw\asian\n004687\0037_01.jpg,n006203,n004687,asian,asian,females,females,,,0,0.3917183,24.351933,0.60828173
data\processed\bfw\asian\n005446\0480_01.jpg,data\processed\bfw\asian\n003489\0068_01.jpg,n005446,n003489,asian,asian,females,males,,,0,0.043688755,30.748682,0.9563112
data\processed\bfw\asian\n006159\0011_01.jpg,data\processed\bfw\asian\n006159\0064_02.jpg,n006159,n006159,asian,asian,females,females,,,1,0.82523555,13.853277,0.17476445
data\processed\bfw\asian\n009287\0160_01.jpg,data\processed\bfw\asian\n007899\0213_01.jpg,n009287,n007899,asian,asian,females,females,,,0,0.15448433,29.753113,0.84551567
data\processed\bfw\asian\n009175\0007_01.jpg,data\processed\bfw\asian\n009175\0028_01.jpg,n009175,n009175,asian,asian,females,females,,,1,0.77315325,15.7803545,0.22684675
data\processed\bfw\asian\n006125\0120_01.jpg,data\processed\bfw\asian\n005069\0110_02.jpg,n006125,n005069,asian,asian,females,females,,,0,0.52381444,20.429031,0.47618556
data\processed\bfw\asian\n006148\0242_02.jpg,data\processed\bfw\asian\n009103\0291_01.jpg,n006148,n009103,asian,asian,females,females,,,0,0.4747171,22.67598,0.52528286
data\processed\bfw\asian\n005071\0581_01.jpg,data\processed\bfw\asian\n004805\0441_05.jpg,n005071,n004805,asian,asian,males,males,,,0,0.021270968,32.236164,0.978729
data\processed\bfw\asian\n009042\0017_03.jpg,data\processed\bfw\asian\n009042\0020_01.jpg,n009042,n009042,asian,asian,females,females,,,1,0.49933103,22.160286,0.500669
data\processed\bfw\asian\n009278\0259_01.jpg,data\processed\bfw\asian\n004870\0112_02.jpg,n009278,n004870,asian,asian,females,females,,,0,0.29169306,26.784092,0.7083069
data\processed\bfw\asian\n007899\0082_01.jpg,data\processed\bfw\asian\n004805\0015_01.jpg,n007899,n004805,asian,asian,females,males,,,0,0.25370395,26.794737,0.74629605
data\processed\bfw\asian\n007664\0053_01.jpg,data\processed\bfw\asian\n003533\0050_01.jpg,n007664,n003533,asian,asian,females,males,,,0,-0.12534167,33.405384,1.1253417
data\processed\bfw\asian\n005078\0092_02.jpg,data\processed\bfw\asian\n003506\0637_01.jpg,n005078,n003506,asian,asian,males,females,,,0,0.11370753,30.491533,0.88629246
data\processed\bfw\asian\n001562\0070_01.jpg,data\processed\bfw\asian\n001562\0092_02.jpg,n001562,n001562,asian,asian,males,males,,,1,0.6282352,21.100927,0.37176478
data\processed\bfw\asian\n009103\0035_01.jpg,data\processed\bfw\asian\n009103\0365_05.jpg,n009103,n009103,asian,asian,females,females,,,1,0.70666397,16.156288,0.29333603
data\processed\bfw\asian\n003354\0104_01.jpg,data\processed\bfw\asian\n003354\0243_01.jpg,n003354,n003354,asian,asian,females,females,,,1,0.520061,23.684437,0.47993898
data\processed\bfw\asian\n005446\0201_01.jpg,data\processed\bfw\asian\n005446\0279_01.jpg,n005446,n005446,asian,asian,females,females,,,1,0.69274837,17.610926,0.30725163
data\processed\bfw\asian\n007664\0066_01.jpg,data\processed\bfw\asian\n007664\0106_01.jpg,n007664,n007664,asian,asian,females,females,,,1,0.9828951,4.038136,0.017104924
data\processed\bfw\asian\n009175\0066_01.jpg,data\processed\bfw\asian\n000856\0079_01.jpg,n009175,n000856,asian,asian,females,females,,,0,0.2709646,28.760607,0.7290354
data\processed\bfw\asian\n001572\0349_01.jpg,data\processed\bfw\asian\n004721\0046_01.jpg,n001572,n004721,asian,asian,females,males,,,0,0.14044984,28.929544,0.8595502
data\processed\bfw\asian\n000872\0098_01.jpg,data\processed\bfw\asian\n000872\0581_01.jpg,n000872,n000872,asian,asian,males,males,,,1,0.5537789,22.912567,0.4462211
data\processed\bfw\asian\n003489\0323_01.jpg,data\processed\bfw\asian\n007380\0525_01.jpg,n003489,n007380,asian,asian,males,females,,,0,0.06405196,26.851383,0.935948
data\processed\bfw\asian\n006148\0165_01.jpg,data\processed\bfw\asian\n006148\0254_01.jpg,n006148,n006148,asian,asian,females,females,,,1,0.7907796,14.476625,0.20922041
data\processed\bfw\asian\n004805\0012_02.jpg,data\processed\bfw\asian\n000872\0137_01.jpg,n004805,n000872,asian,asian,males,males,,,0,0.13188319,29.524567,0.8681168
data\processed\bfw\asian\n004680\0116_01.jpg,data\processed\bfw\asian\n003489\0020_01.jpg,n004680,n003489,asian,asian,females,males,,,0,0.12835017,31.232763,0.87164986
data\processed\bfw\asian\n005078\0278_01.jpg,data\processed\bfw\asian\n005078\0289_01.jpg,n005078,n005078,asian,asian,males,males,,,1,0.5117839,23.076363,0.4882161
data\processed\bfw\asian\n004680\0175_01.jpg,data\processed\bfw\asian\n004680\0260_01.jpg,n004680,n004680,asian,asian,females,females,,,1,0.6907118,18.300432,0.3092882
data\processed\bfw\asian\n007089\0011_04.jpg,data\processed\bfw\asian\n007089\0033_01.jpg,n007089,n007089,asian,asian,females,females,,,1,0.8436307,12.989301,0.15636933
data\processed\bfw\asian\n006774\0070_01.jpg,data\processed\bfw\asian\n006224\0023_01.jpg,n006774,n006224,asian,asian,females,females,,,0,0.38819137,25.215626,0.61180866
data\processed\bfw\asian\n003153\0246_01.jpg,data\processed\bfw\asian\n003153\0397_02.jpg,n003153,n003153,asian,asian,females,females,,,1,0.67147386,18.287651,0.32852614
data\processed\bfw\asian\n003027\0173_01.jpg,data\processed\bfw\asian\n006633\0283_02.jpg,n003027,n006633,asian,asian,males,females,,,0,0.06581215,30.089128,0.9341878
data\processed\bfw\asian\n004936\0245_01.jpg,data\processed\bfw\asian\n004800\0139_02.jpg,n004936,n004800,asian,asian,females,males,,,0,0.22075629,25.061356,0.7792437
data\processed\bfw\asian\n006358\0004_01.jpg,data\processed\bfw\asian\n004786\0097_02.jpg,n006358,n004786,asian,asian,females,females,,,0,0.46657115,23.32262,0.53342885
data\processed\bfw\asian\n000840\0014_01.jpg,data\processed\bfw\asian\n000840\0580_01.jpg,n000840,n000840,asian,asian,females,females,,,1,0.34435982,24.58629,0.6556402
data\processed\bfw\asian\n008163\0239_02.jpg,data\processed\bfw\asian\n008934\0276_01.jpg,n008163,n008934,asian,asian,females,females,,,0,0.27628714,25.85969,0.72371286
data\processed\bfw\asian\n003481\0109_01.jpg,data\processed\bfw\asian\n002775\0047_05.jpg,n003481,n002775,asian,asian,females,males,,,0,0.15856364,30.308271,0.8414364
data\processed\bfw\asian\n006224\0053_01.jpg,data\processed\bfw\asian\n004809\0356_01.jpg,n006224,n004809,asian,asian,females,males,,,0,0.14747941,29.955519,0.8525206
data\processed\bfw\asian\n005116\0041_01.jpg,data\processed\bfw\asian\n005116\0332_01.jpg,n005116,n005116,asian,asian,males,males,,,1,0.641101,19.094482,0.358899
data\processed\bfw\asian\n000161\0170_01.jpg,data\processed\bfw\asian\n005116\0086_01.jpg,n000161,n005116,asian,asian,males,males,,,0,0.41225362,25.713526,0.5877464
data\processed\bfw\asian\n005116\0228_03.jpg,data\processed\bfw\asian\n005116\0333_03.jpg,n005116,n005116,asian,asian,males,males,,,1,0.5556409,21.48446,0.44435912
data\processed\bfw\asian\n003288\0495_01.jpg,data\processed\bfw\asian\n004725\0121_01.jpg,n003288,n004725,asian,asian,females,males,,,0,0.07840533,29.967896,0.9215947
data\processed\bfw\asian\n005216\0154_03.jpg,data\processed\bfw\asian\n005216\0189_01.jpg,n005216,n005216,asian,asian,females,females,,,1,0.61487466,20.362679,0.38512534
data\processed\bfw\asian\n007372\0086_01.jpg,data\processed\bfw\asian\n004870\0094_04.jpg,n007372,n004870,asian,asian,females,females,,,0,0.283425,28.468174,0.716575
data\processed\bfw\asian\n009041\0560_01.jpg,data\processed\bfw\asian\n000139\0109_03.jpg,n009041,n000139,asian,asian,females,females,,,0,0.26392394,28.227665,0.73607606
data\processed\bfw\asian\n002552\0142_01.jpg,data\processed\bfw\asian\n002552\0375_01.jpg,n002552,n002552,asian,asian,males,males,,,1,0.6226051,19.588465,0.3773949
data\processed\bfw\asian\n006634\0002_01.jpg,data\processed\bfw\asian\n006634\0039_01.jpg,n006634,n006634,asian,asian,females,females,,,1,0.84507436,12.425509,0.15492564
data\processed\bfw\asian\n004549\0275_01.jpg,data\processed\bfw\asian\n003506\0115_01.jpg,n004549,n003506,asian,asian,females,females,,,0,0.24284221,28.712143,0.7571578
data\processed\bfw\asian\n003223\0258_03.jpg,data\processed\bfw\asian\n003223\0327_01.jpg,n003223,n003223,asian,asian,males,males,,,1,0.7387673,17.082653,0.26123267
data\processed\bfw\asian\n003223\0033_02.jpg,data\processed\bfw\asian\n003223\0059_03.jpg,n003223,n003223,asian,asian,males,males,,,1,0.86991024,11.901493,0.13008976
data\processed\bfw\asian\n009148\0087_01.jpg,data\processed\bfw\asian\n006159\0174_01.jpg,n009148,n006159,asian,asian,females,females,,,0,0.13845274,30.441282,0.86154723
data\processed\bfw\asian\n000009\0010_01.jpg,data\processed\bfw\asian\n000009\0080_02.jpg,n000009,n000009,asian,asian,females,females,,,1,0.52069974,20.989685,0.47930026
data\processed\bfw\asian\n002775\0133_01.jpg,data\processed\bfw\asian\n002775\0812_02.jpg,n002775,n002775,asian,asian,males,males,,,1,0.7749719,15.436655,0.2250281
data\processed\bfw\asian\n004877\0014_03.jpg,data\processed\bfw\asian\n009041\0037_01.jpg,n004877,n009041,asian,asian,females,females,,,0,0.2635228,28.913883,0.7364772
data\processed\bfw\asian\n003533\0078_01.jpg,data\processed\bfw\asian\n003533\0138_01.jpg,n003533,n003533,asian,asian,males,males,,,1,0.8647711,11.247647,0.13522887
data\processed\bfw\asian\n004870\0170_01.jpg,data\processed\bfw\asian\n004870\0623_02.jpg,n004870,n004870,asian,asian,females,females,,,1,0.60289484,21.9894,0.39710516
data\processed\bfw\asian\n003481\0002_01.jpg,data\processed\bfw\asian\n009041\0066_01.jpg,n003481,n009041,asian,asian,females,females,,,0,0.39744735,24.662687,0.60255265
data\processed\bfw\asian\n007372\0113_01.jpg,data\processed\bfw\asian\n007372\0216_03.jpg,n007372,n007372,asian,asian,females,females,,,1,0.5433002,24.033934,0.4566998
data\processed\bfw\asian\n005083\0108_01.jpg,data\processed\bfw\asian\n005083\0385_01.jpg,n005083,n005083,asian,asian,females,females,,,1,0.6435835,18.646656,0.35641652
data\processed\bfw\asian\n000158\0211_05.jpg,data\processed\bfw\asian\n000139\0501_01.jpg,n000158,n000139,asian,asian,males,females,,,0,0.055404127,32.926037,0.9445959
data\processed\bfw\asian\n003354\0177_01.jpg,data\processed\bfw\asian\n004686\0079_01.jpg,n003354,n004686,asian,asian,females,males,,,0,0.2360996,28.75439,0.7639004
data\processed\bfw\asian\n003357\0368_01.jpg,data\processed\bfw\asian\n003357\0493_01.jpg,n003357,n003357,asian,asian,females,females,,,1,0.526563,21.37535,0.473437
data\processed\bfw\asian\n007738\0034_01.jpg,data\processed\bfw\asian\n007738\0336_02.jpg,n007738,n007738,asian,asian,females,females,,,1,0.452017,24.127678,0.547983
data\processed\bfw\asian\n008978\0101_01.jpg,data\processed\bfw\asian\n003167\0274_01.jpg,n008978,n003167,asian,asian,females,males,,,0,0.24028036,28.950994,0.7597196
data\processed\bfw\asian\n006223\0172_01.jpg,data\processed\bfw\asian\n006223\0385_01.jpg,n006223,n006223,asian,asian,females,females,,,1,0.6201518,19.052534,0.37984818
data\processed\bfw\asian\n004800\0560_01.jpg,data\processed\bfw\asian\n004800\0828_02.jpg,n004800,n004800,asian,asian,males,males,,,1,0.6698191,17.794262,0.33018088
data\processed\bfw\asian\n004221\0164_03.jpg,data\processed\bfw\asian\n006224\0083_01.jpg,n004221,n006224,asian,asian,males,females,,,0,0.08333355,30.978458,0.91666645
data\processed\bfw\asian\n007270\0017_01.jpg,data\processed\bfw\asian\n007270\0605_01.jpg,n007270,n007270,asian,asian,females,females,,,1,0.55294704,21.577686,0.44705296
data\processed\bfw\asian\n005077\0140_01.jpg,data\processed\bfw\asian\n004860\0107_01.jpg,n005077,n004860,asian,asian,females,females,,,0,0.2813753,26.422869,0.7186247
data\processed\bfw\asian\n003635\0089_02.jpg,data\processed\bfw\asian\n003506\0307_01.jpg,n003635,n003506,asian,asian,males,females,,,0,0.19657762,30.295322,0.8034224
data\processed\bfw\asian\n007816\0164_01.jpg,data\processed\bfw\asian\n009294\0098_01.jpg,n007816,n009294,asian,asian,females,females,,,0,0.122232914,30.749376,0.8777671
data\processed\bfw\asian\n003481\0022_02.jpg,data\processed\bfw\asian\n003481\0215_01.jpg,n003481,n003481,asian,asian,females,females,,,1,0.72397554,16.85572,0.27602446
data\processed\bfw\asian\n004472\0057_02.jpg,data\processed\bfw\asian\n004472\0146_01.jpg,n004472,n004472,asian,asian,females,females,,,1,0.7345995,16.308762,0.26540053
data\processed\bfw\asian\n000143\0734_02.jpg,data\processed\bfw\asian\n004860\0820_01.jpg,n000143,n004860,asian,asian,females,females,,,0,0.35163578,26.01267,0.6483642
data\processed\bfw\asian\n000132\0400_01__face_0.jpg,data\processed\bfw\asian\n007816\0407_01.jpg,n000132,n007816,asian,asian,males,females,,,0,0.2004561,28.35236,0.7995439
data\processed\bfw\asian\n003824\0111_01.jpg,data\processed\bfw\asian\n004680\0113_02.jpg,n003824,n004680,asian,asian,females,females,,,0,0.3496134,26.723549,0.6503866
data\processed\bfw\asian\n005116\0064_04.jpg,data\processed\bfw\asian\n005116\0210_01.jpg,n005116,n005116,asian,asian,males,males,,,1,0.74949884,16.423477,0.25050116
data\processed\bfw\asian\n004800\0111_01.jpg,data\processed\bfw\asian\n003533\0080_02.jpg,n004800,n003533,asian,asian,males,males,,,0,0.059163596,29.113228,0.9408364
data\processed\bfw\asian\n000009\0188_01.jpg,data\processed\bfw\asian\n004687\0151_01.jpg,n000009,n004687,asian,asian,females,females,,,0,0.48328236,21.959833,0.5167177
data\processed\bfw\asian\n007089\0015_01.jpg,data\processed\bfw\asian\n007089\0040_03.jpg,n007089,n007089,asian,asian,females,females,,,1,0.8524265,12.531027,0.14757347
data\processed\bfw\asian\n004785\0183_02.jpg,data\processed\bfw\asian\n004785\0280_01.jpg,n004785,n004785,asian,asian,females,females,,,1,0.7278405,16.450294,0.27215952
data\processed\bfw\asian\n009276\0006_08.jpg,data\processed\bfw\asian\n002775\0843_02.jpg,n009276,n002775,asian,asian,females,males,,,0,0.33500245,27.083586,0.6649976
data\processed\bfw\asian\n004787\0075_01.jpg,data\processed\bfw\asian\n004787\0485_01.jpg,n004787,n004787,asian,asian,females,females,,,1,0.70873445,17.144373,0.29126555
data\processed\bfw\asian\n002331\0292_01.jpg,data\processed\bfw\asian\n004787\0485_01.jpg,n002331,n004787,asian,asian,males,females,,,0,-0.06570728,33.47324,1.0657073
data\processed\bfw\asian\n009177\0011_01.jpg,data\processed\bfw\asian\n009177\0626_01.jpg,n009177,n009177,asian,asian,females,females,,,1,0.59099543,20.325426,0.40900457
data\processed\bfw\asian\n001976\0071_01.jpg,data\processed\bfw\asian\n007816\0091_01.jpg,n001976,n007816,asian,asian,males,females,,,0,0.43930775,23.697182,0.56069225
data\processed\bfw\asian\n008934\0426_01.jpg,data\processed\bfw\asian\n004466\0223_01.jpg,n008934,n004466,asian,asian,females,males,,,0,0.139227,31.840775,0.86077297
data\processed\bfw\asian\n007385\0137_01.jpg,data\processed\bfw\asian\n007385\0208_01.jpg,n007385,n007385,asian,asian,females,females,,,1,0.39804518,25.333353,0.6019548
data\processed\bfw\asian\n002552\0400_01.jpg,data\processed\bfw\asian\n002552\0569_01.jpg,n002552,n002552,asian,asian,males,males,,,1,0.7945587,14.7885,0.2054413
data\processed\bfw\asian\n003463\0017_01.jpg,data\processed\bfw\asian\n007380\0087_01.jpg,n003463,n007380,asian,asian,males,females,,,0,0.016918158,31.945189,0.9830818
data\processed\bfw\asian\n005083\0100_01.jpg,data\processed\bfw\asian\n005083\0367_02.jpg,n005083,n005083,asian,asian,females,females,,,1,0.5293012,21.865171,0.47069877
data\processed\bfw\asian\n002644\0054_01.jpg,data\processed\bfw\asian\n002775\0066_04.jpg,n002644,n002775,asian,asian,males,males,,,0,0.12778668,29.968012,0.8722133
data\processed\bfw\asian\n003357\0285_01.jpg,data\processed\bfw\asian\n003357\0533_01.jpg,n003357,n003357,asian,asian,females,females,,,1,0.6807227,18.043089,0.3192773
data\processed\bfw\asian\n000856\0110_02.jpg,data\processed\bfw\asian\n006619\0092_02.jpg,n000856,n006619,asian,asian,females,females,,,0,-0.022026673,33.602337,1.0220267
data\processed\bfw\asian\n005069\0068_01.jpg,data\processed\bfw\asian\n005069\0586_01.jpg,n005069,n005069,asian,asian,females,females,,,1,0.7156087,17.15282,0.28439128
data\processed\bfw\asian\n003489\0271_01.jpg,data\processed\bfw\asian\n007380\0168_01.jpg,n003489,n007380,asian,asian,males,females,,,0,0.006572043,30.439291,0.99342793
data\processed\bfw\asian\n007089\0015_01.jpg,data\processed\bfw\asian\n007089\0432_04.jpg,n007089,n007089,asian,asian,females,females,,,1,0.79830205,14.551509,0.20169795
data\processed\bfw\asian\n009041\0112_01.jpg,data\processed\bfw\asian\n002552\0063_02.jpg,n009041,n002552,asian,asian,females,males,,,0,0.26084325,27.854834,0.7391567
data\processed\bfw\asian\n000148\0025_01.jpg,data\processed\bfw\asian\n000148\0317_02.jpg,n000148,n000148,asian,asian,females,females,,,1,0.6113497,19.341093,0.3886503
data\processed\bfw\asian\n000872\0114_01.jpg,data\processed\bfw\asian\n000872\0137_01.jpg,n000872,n000872,asian,asian,males,males,,,1,0.7879882,15.038328,0.21201181
data\processed\bfw\asian\n004721\0505_01.jpg,data\processed\bfw\asian\n000139\0065_01.jpg,n004721,n000139,asian,asian,males,females,,,0,0.26860434,29.136856,0.73139566
data\processed\bfw\asian\n000135\0036_01.jpg,data\processed\bfw\asian\n000135\0255_01.jpg,n000135,n000135,asian,asian,females,females,,,1,0.2972332,26.288113,0.7027668
data\processed\bfw\asian\n000137\0082_02.jpg,data\processed\bfw\asian\n000137\0248_01.jpg,n000137,n000137,asian,asian,females,females,,,1,0.3390031,27.90948,0.6609969
data\processed\bfw\asian\n000148\0329_01.jpg,data\processed\bfw\asian\n000148\0353_01.jpg,n000148,n000148,asian,asian,females,females,,,1,0.6373198,18.817827,0.3626802
data\processed\bfw\asian\n008163\0429_01.jpg,data\processed\bfw\asian\n005446\0118_01.jpg,n008163,n005446,asian,asian,females,females,,,0,0.45346016,22.495195,0.54653984
data\processed\bfw\asian\n005216\0017_01.jpg,data\processed\bfw\asian\n005216\0242_01.jpg,n005216,n005216,asian,asian,females,females,,,1,0.51781446,22.782757,0.48218554
data\processed\bfw\asian\n004805\0127_02.jpg,data\processed\bfw\asian\n004805\0341_01.jpg,n004805,n004805,asian,asian,males,males,,,1,0.7551757,16.549866,0.24482429
data\processed\bfw\asian\n004935\0061_01.jpg,data\processed\bfw\asian\n009137\0104_01.jpg,n004935,n009137,asian,asian,males,females,,,0,0.10989407,28.617891,0.89010596
data\processed\bfw\asian\n009287\0100_01.jpg,data\processed\bfw\asian\n005078\0663_03.jpg,n009287,n005078,asian,asian,females,males,,,0,0.3780073,24.452366,0.6219927
data\processed\bfw\asian\n003449\0183_01.jpg,data\processed\bfw\asian\n003449\0242_01.jpg,n003449,n003449,asian,asian,females,females,,,1,0.6081029,21.047434,0.39189708
data\processed\bfw\asian\n009103\0256_01.jpg,data\processed\bfw\asian\n009103\0724_01.jpg,n009103,n009103,asian,asian,females,females,,,1,0.7067164,17.407892,0.29328358
data\processed\bfw\asian\n004870\0050_02.jpg,data\processed\bfw\asian\n004870\0170_01.jpg,n004870,n004870,asian,asian,females,females,,,1,0.51409817,23.791666,0.48590183
data\processed\bfw\asian\n004860\0091_02.jpg,data\processed\bfw\asian\n004860\0236_01.jpg,n004860,n004860,asian,asian,females,females,,,1,0.39848217,23.526846,0.6015178
data\processed\bfw\asian\n004108\0153_01.jpg,data\processed\bfw\asian\n004108\0391_01.jpg,n004108,n004108,asian,asian,males,males,,,1,0.77785534,14.897059,0.22214466
data\processed\bfw\asian\n005078\0092_02.jpg,data\processed\bfw\asian\n000148\0365_01.jpg,n005078,n000148,asian,asian,males,females,,,0,0.06558717,30.931145,0.93441284
data\processed\bfw\asian\n007814\0287_01.jpg,data\processed\bfw\asian\n007270\0060_01.jpg,n007814,n007270,asian,asian,females,females,,,0,0.44504172,23.679789,0.5549583
data\processed\bfw\asian\n002725\0290_01.jpg,data\processed\bfw\asian\n002725\0452_04.jpg,n002725,n002725,asian,asian,females,females,,,1,0.7637167,15.719955,0.2362833
data\processed\bfw\asian\n000839\0049_01.jpg,data\processed\bfw\asian\n003635\0660_01.jpg,n000839,n003635,asian,asian,females,males,,,0,0.33495218,26.904682,0.6650478
data\processed\bfw\asian\n006619\0092_02.jpg,data\processed\bfw\asian\n007738\0306_02.jpg,n006619,n007738,asian,asian,females,females,,,0,0.26994044,26.684366,0.73005956
data\processed\bfw\asian\n007378\0474_01.jpg,data\processed\bfw\asian\n007378\0509_01.jpg,n007378,n007378,asian,asian,females,females,,,1,0.66626316,17.701591,0.33373684
data\processed\bfw\asian\n000148\0053_02.jpg,data\processed\bfw\asian\n000148\0579_01.jpg,n000148,n000148,asian,asian,females,females,,,1,0.649726,18.464869,0.35027403
data\processed\bfw\asian\n000137\0033_01.jpg,data\processed\bfw\asian\n007372\0177_01.jpg,n000137,n007372,asian,asian,females,females,,,0,0.20504035,30.8771,0.79495966
data\processed\bfw\asian\n000132\0046_01__face_0.jpg,data\processed\bfw\asian\n000132\0707_01__face_0.jpg,n000132,n000132,asian,asian,males,males,,,1,0.61574167,20.779846,0.38425833
data\processed\bfw\asian\n000839\0007_01.jpg,data\processed\bfw\asian\n000839\0049_01.jpg,n000839,n000839,asian,asian,females,females,,,1,0.7733037,15.787957,0.22669631
data\processed\bfw\asian\n004936\0218_01.jpg,data\processed\bfw\asian\n005077\0002_01.jpg,n004936,n005077,asian,asian,females,females,,,0,0.49250892,22.232279,0.5074911
data\processed\bfw\asian\n004930\0027_01.jpg,data\processed\bfw\asian\n006203\0148_03.jpg,n004930,n006203,asian,asian,females,females,,,0,-0.036353264,32.814007,1.0363532
data\processed\bfw\asian\n004108\0401_02.jpg,data\processed\bfw\asian\n003288\0573_01.jpg,n004108,n003288,asian,asian,males,females,,,0,0.023036215,33.083797,0.97696376
data\processed\bfw\asian\n003491\0004_01.jpg,data\processed\bfw\asian\n003491\0147_05.jpg,n003491,n003491,asian,asian,males,males,,,1,0.83659285,13.4072895,0.16340715
data\processed\bfw\asian\n007385\0193_01.jpg,data\processed\bfw\asian\n007385\0258_01.jpg,n007385,n007385,asian,asian,females,females,,,1,0.49312094,23.844303,0.5068791
data\processed\bfw\asian\n009103\0331_01.jpg,data\processed\bfw\asian\n009103\0363_05.jpg,n009103,n009103,asian,asian,females,females,,,1,0.45999572,22.771112,0.54000425
data\processed\bfw\asian\n004864\0045_01.jpg,data\processed\bfw\asian\n004864\0607_01.jpg,n004864,n004864,asian,asian,females,females,,,1,0.7052551,17.77099,0.2947449
data\processed\bfw\asian\n009294\0242_01.jpg,data\processed\bfw\asian\n009294\0282_03.jpg,n009294,n009294,asian,asian,females,females,,,1,0.59947056,19.502657,0.40052944
data\processed\bfw\asian\n003824\0019_01.jpg,data\processed\bfw\asian\n005071\0254_01.jpg,n003824,n005071,asian,asian,females,males,,,0,0.30043155,28.702263,0.69956845
data\processed\bfw\asian\n001496\0218_01.jpg,data\processed\bfw\asian\n001496\0642_01.jpg,n001496,n001496,asian,asian,males,males,,,1,0.7525101,16.197151,0.24748993
data\processed\bfw\asian\n007378\0140_01.jpg,data\processed\bfw\asian\n007378\0217_01.jpg,n007378,n007378,asian,asian,females,females,,,1,0.51256865,23.04599,0.48743135
data\processed\bfw\asian\n003156\0069_01.jpg,data\processed\bfw\asian\n003156\0086_01.jpg,n003156,n003156,asian,asian,males,males,,,1,0.87128204,12.2943945,0.12871796
data\processed\bfw\asian\n001976\0038_01.jpg,data\processed\bfw\asian\n001976\0336_02.jpg,n001976,n001976,asian,asian,males,males,,,1,0.8150418,13.392897,0.18495822
data\processed\bfw\asian\n003467\0103_01.jpg,data\processed\bfw\asian\n000436\0653_01.jpg,n003467,n000436,asian,asian,females,males,,,0,0.15094349,28.90311,0.8490565
data\processed\bfw\asian\n004109\0130_01.jpg,data\processed\bfw\asian\n003027\0459_01.jpg,n004109,n003027,asian,asian,males,males,,,0,0.33274072,24.722961,0.6672593
data\processed\bfw\asian\n003557\0007_02.jpg,data\processed\bfw\asian\n003557\0128_01.jpg,n003557,n003557,asian,asian,females,females,,,1,0.76414126,15.854294,0.23585874
data\processed\bfw\asian\n003635\0012_02.jpg,data\processed\bfw\asian\n006223\0284_01.jpg,n003635,n006223,asian,asian,males,females,,,0,0.05874809,32.313435,0.94125193
data\processed\bfw\asian\n001682\0096_01.jpg,data\processed\bfw\asian\n003167\0602_01.jpg,n001682,n003167,asian,asian,males,males,,,0,0.46322745,26.57587,0.53677255
data\processed\bfw\asian\n002552\0375_01.jpg,data\processed\bfw\asian\n006148\0344_01.jpg,n002552,n006148,asian,asian,males,females,,,0,-0.2002065,35.068027,1.2002065
data\processed\bfw\asian\n003491\0086_01.jpg,data\processed\bfw\asian\n003491\0096_01.jpg,n003491,n003491,asian,asian,males,males,,,1,0.6260762,21.536007,0.37392378
data\processed\bfw\asian\n003557\0128_01.jpg,data\processed\bfw\asian\n003635\0047_02.jpg,n003557,n003635,asian,asian,females,males,,,0,0.005138837,32.946236,0.9948612
data\processed\bfw\asian\n003155\1014_01.jpg,data\processed\bfw\asian\n008401\0137_01.jpg,n003155,n008401,asian,asian,males,females,,,0,0.20275109,26.838411,0.7972489
data\processed\bfw\asian\n005069\0559_02.jpg,data\processed\bfw\asian\n005063\0271_01.jpg,n005069,n005063,asian,asian,females,females,,,0,0.41013396,24.414726,0.58986604
data\processed\bfw\asian\n007270\0605_01.jpg,data\processed\bfw\asian\n000856\0134_02.jpg,n007270,n000856,asian,asian,females,females,,,0,0.19224186,30.188656,0.80775815
data\processed\bfw\asian\n006633\0552_01.jpg,data\processed\bfw\asian\n008148\0244_01.jpg,n006633,n008148,asian,asian,females,females,,,0,0.38070765,25.85502,0.6192924
data\processed\bfw\asian\n005216\0093_01.jpg,data\processed\bfw\asian\n009175\0066_01.jpg,n005216,n009175,asian,asian,females,females,,,0,0.5290899,21.799585,0.47091007
data\processed\bfw\asian\n006634\0313_02.jpg,data\processed\bfw\asian\n006634\0679_01.jpg,n006634,n006634,asian,asian,females,females,,,1,0.78032523,14.006681,0.21967477
data\processed\bfw\asian\n009279\0021_01.jpg,data\processed\bfw\asian\n009279\0031_01.jpg,n009279,n009279,asian,asian,females,females,,,1,0.8501382,12.953174,0.14986181
data\processed\bfw\asian\n003354\0047_01.jpg,data\processed\bfw\asian\n003824\0091_01.jpg,n003354,n003824,asian,asian,females,females,,,0,0.4363516,24.927954,0.5636484
data\processed\bfw\asian\n006126\0197_01.jpg,data\processed\bfw\asian\n006126\0293_01.jpg,n006126,n006126,asian,asian,females,females,,,1,0.78295356,16.025396,0.21704644
data\processed\bfw\asian\n000856\0044_01.jpg,data\processed\bfw\asian\n000856\0538_01.jpg,n000856,n000856,asian,asian,females,females,,,1,0.68909794,18.01157,0.31090206
data\processed\bfw\asian\n004800\0184_01.jpg,data\processed\bfw\asian\n004681\0206_01.jpg,n004800,n004681,asian,asian,males,males,,,0,0.41166654,22.655605,0.5883335
data\processed\bfw\asian\n001572\0076_01.jpg,data\processed\bfw\asian\n001572\0129_01.jpg,n001572,n001572,asian,asian,females,females,,,1,0.7396037,15.641326,0.2603963
data\processed\bfw\asian\n005474\0074_01.jpg,data\processed\bfw\asian\n005474\0152_01.jpg,n005474,n005474,asian,asian,females,females,,,1,0.47013065,24.162455,0.5298693
data\processed\bfw\asian\n009279\0031_01.jpg,data\processed\bfw\asian\n009279\0185_01.jpg,n009279,n009279,asian,asian,females,females,,,1,0.7949267,14.746937,0.2050733
data\processed\bfw\asian\n005085\0001_01.jpg,data\processed\bfw\asian\n006125\0081_01.jpg,n005085,n006125,asian,asian,females,females,,,0,0.30555674,28.036692,0.6944432
data\processed\bfw\asian\n000137\0023_01.jpg,data\processed\bfw\asian\n000137\0187_01.jpg,n000137,n000137,asian,asian,females,females,,,1,0.7962589,15.4411545,0.20374107
data\processed\bfw\asian\n006634\0039_01.jpg,data\processed\bfw\asian\n006634\0135_01.jpg,n006634,n006634,asian,asian,females,females,,,1,0.7546065,15.7068,0.24539351
data\processed\bfw\asian\n003824\0091_01.jpg,data\processed\bfw\asian\n003824\0097_01.jpg,n003824,n003824,asian,asian,females,females,,,1,0.6857263,18.195381,0.31427372
data\processed\bfw\asian\n005378\0232_01.jpg,data\processed\bfw\asian\n000135\0005_01.jpg,n005378,n000135,asian,asian,females,females,,,0,0.25265402,27.618872,0.747346
data\processed\bfw\asian\n003162\0118_01.jpg,data\processed\bfw\asian\n002725\0295_01.jpg,n003162,n002725,asian,asian,males,females,,,0,0.15336244,29.774136,0.84663755
data\processed\bfw\asian\n003223\0089_01.jpg,data\processed\bfw\asian\n003223\0139_06.jpg,n003223,n003223,asian,asian,males,males,,,1,0.69548947,16.546598,0.30451053
data\processed\bfw\asian\n003162\0508_01.jpg,data\processed\bfw\asian\n000873\0106_01.jpg,n003162,n000873,asian,asian,males,males,,,0,0.06435442,31.681334,0.9356456
data\processed\bfw\asian\n003533\0053_01.jpg,data\processed\bfw\asian\n003533\0100_02.jpg,n003533,n003533,asian,asian,males,males,,,1,0.6806065,16.458965,0.31939352
data\processed\bfw\asian\n004786\0021_01.jpg,data\processed\bfw\asian\n009042\0017_03.jpg,n004786,n009042,asian,asian,females,females,,,0,0.31279588,24.886272,0.6872041
data\processed\bfw\asian\n004864\0148_01.jpg,data\processed\bfw\asian\n004864\0378_01.jpg,n004864,n004864,asian,asian,females,females,,,1,0.6800558,17.946281,0.3199442
data\processed\bfw\asian\n003463\0223_02.jpg,data\processed\bfw\asian\n006619\0328_01.jpg,n003463,n006619,asian,asian,males,females,,,0,0.051261358,32.826866,0.94873863
data\processed\bfw\asian\n007372\0039_01.jpg,data\processed\bfw\asian\n009275\0007_01.jpg,n007372,n009275,asian,asian,females,females,,,0,0.26699483,27.82545,0.73300517
data\processed\bfw\asian\n003465\0580_03.jpg,data\processed\bfw\asian\n005216\0133_01.jpg,n003465,n005216,asian,asian,males,females,,,0,-0.046793506,31.386234,1.0467935
data\processed\bfw\asian\n003491\0047_04.jpg,data\processed\bfw\asian\n003491\0081_04.jpg,n003491,n003491,asian,asian,males,males,,,1,0.83543766,13.724749,0.16456234
data\processed\bfw\asian\n003463\0517_02.jpg,data\processed\bfw\asian\n003358\0304_01.jpg,n003463,n003358,asian,asian,males,females,,,0,0.025921712,32.35595,0.9740783
data\processed\bfw\asian\n009288\0235_01.jpg,data\processed\bfw\asian\n009042\0015_01.jpg,n009288,n009042,asian,asian,females,females,,,0,0.46203434,23.996801,0.53796566
data\processed\bfw\asian\n004686\0077_01.jpg,data\processed\bfw\asian\n005077\0129_01.jpg,n004686,n005077,asian,asian,males,females,,,0,0.12775572,28.520723,0.8722443
data\processed\bfw\asian\n001976\0100_02.jpg,data\processed\bfw\asian\n007385\0358_01.jpg,n001976,n007385,asian,asian,males,females,,,0,0.1994598,28.000723,0.8005402
data\processed\bfw\asian\n002775\0015_01.jpg,data\processed\bfw\asian\n005085\0401_01.jpg,n002775,n005085,asian,asian,males,females,,,0,0.023314606,32.47696,0.9766854
data\processed\bfw\asian\n009177\0232_01.jpg,data\processed\bfw\asian\n009177\0626_01.jpg,n009177,n009177,asian,asian,females,females,,,1,0.6833535,17.835508,0.31664652
data\processed\bfw\asian\n002775\0069_01.jpg,data\processed\bfw\asian\n002775\0086_03.jpg,n002775,n002775,asian,asian,males,males,,,1,0.72730255,16.612764,0.27269745
data\processed\bfw\asian\n001864\0192_02.jpg,data\processed\bfw\asian\n006619\0065_01.jpg,n001864,n006619,asian,asian,males,females,,,0,0.055216804,31.350353,0.9447832
data\processed\bfw\asian\n003491\0131_03.jpg,data\processed\bfw\asian\n003357\0368_01.jpg,n003491,n003357,asian,asian,males,females,,,0,0.03017078,32.449844,0.9698292
data\processed\bfw\asian\n004870\0070_02.jpg,data\processed\bfw\asian\n001572\0238_01.jpg,n004870,n001572,asian,asian,females,females,,,0,0.1613588,29.110981,0.83864117
data\processed\bfw\asian\n000148\0025_01.jpg,data\processed\bfw\asian\n005069\0046_06.jpg,n000148,n005069,asian,asian,females,females,,,0,0.3603113,24.740217,0.63968873
data\processed\bfw\asian\n008978\0059_01.jpg,data\processed\bfw\asian\n008978\0138_01.jpg,n008978,n008978,asian,asian,females,females,,,1,0.70363796,17.286291,0.29636204
data\processed\bfw\asian\n003155\0062_02.jpg,data\processed\bfw\asian\n003155\0309_02.jpg,n003155,n003155,asian,asian,males,males,,,1,0.12179705,31.80815,0.878203
data\processed\bfw\asian\n009276\0049_01.jpg,data\processed\bfw\asian\n009276\0298_01.jpg,n009276,n009276,asian,asian,females,females,,,1,0.6340885,19.93652,0.36591148
data\processed\bfw\asian\n000837\0021_01.jpg,data\processed\bfw\asian\n003358\0318_01.jpg,n000837,n003358,asian,asian,females,females,,,0,0.4645556,24.767649,0.5354444
data\processed\bfw\asian\n003824\0026_01.jpg,data\processed\bfw\asian\n003824\0097_01.jpg,n003824,n003824,asian,asian,females,females,,,1,0.71385425,16.96154,0.28614575
data\processed\bfw\asian\n002725\0295_01.jpg,data\processed\bfw\asian\n002725\0336_01.jpg,n002725,n002725,asian,asian,females,females,,,1,0.66361946,19.65083,0.33638054
data\processed\bfw\asian\n005446\0135_01.jpg,data\processed\bfw\asian\n003463\0298_01.jpg,n005446,n003463,asian,asian,females,males,,,0,-0.1504918,32.933193,1.1504918
data\processed\bfw\asian\n003481\0794_01.jpg,data\processed\bfw\asian\n009275\0323_03.jpg,n003481,n009275,asian,asian,females,females,,,0,0.11883029,32.0183,0.8811697
data\processed\bfw\asian\n003358\0080_01.jpg,data\processed\bfw\asian\n003358\0149_01.jpg,n003358,n003358,asian,asian,females,females,,,1,0.5229629,22.57553,0.47703707
data\processed\bfw\asian\n003449\0197_01.jpg,data\processed\bfw\asian\n008401\0560_01.jpg,n003449,n008401,asian,asian,females,females,,,0,0.3525287,25.127512,0.6474713
data\processed\bfw\asian\n003449\0047_01.jpg,data\processed\bfw\asian\n003449\0101_01.jpg,n003449,n003449,asian,asian,females,females,,,1,0.49026972,23.294163,0.5097303
data\processed\bfw\asian\n003155\0004_01.jpg,data\processed\bfw\asian\n007380\0562_01.jpg,n003155,n007380,asian,asian,males,females,,,0,-0.05441755,34.285748,1.0544176
data\processed\bfw\asian\n009278\0049_02.jpg,data\processed\bfw\asian\n009278\0121_02.jpg,n009278,n009278,asian,asian,females,females,,,1,0.47534177,22.432823,0.5246582
data\processed\bfw\asian\n000854\0060_01.jpg,data\processed\bfw\asian\n006344\0413_01.jpg,n000854,n006344,asian,asian,females,females,,,0,0.1862104,29.876446,0.8137896
data\processed\bfw\asian\n009042\0072_01.jpg,data\processed\bfw\asian\n009148\0063_01.jpg,n009042,n009148,asian,asian,females,females,,,0,0.56389445,20.574265,0.43610555
data\processed\bfw\asian\n003354\0011_01.jpg,data\processed\bfw\asian\n003354\0346_02.jpg,n003354,n003354,asian,asian,females,females,,,1,0.45604873,24.865751,0.5439513
data\processed\bfw\asian\n004109\0100_01.jpg,data\processed\bfw\asian\n004109\0297_01.jpg,n004109,n004109,asian,asian,males,males,,,1,0.7779181,16.04077,0.2220819
data\processed\bfw\asian\n000840\0160_02.jpg,data\processed\bfw\asian\n003557\0574_01.jpg,n000840,n003557,asian,asian,females,females,,,0,0.37251168,24.60522,0.6274883
data\processed\bfw\asian\n008934\0645_01.jpg,data\processed\bfw\asian\n006344\0557_01.jpg,n008934,n006344,asian,asian,females,females,,,0,0.4199476,23.993935,0.5800524
data\processed\bfw\asian\n000872\0098_01.jpg,data\processed\bfw\asian\n009125\0172_01.jpg,n000872,n009125,asian,asian,males,females,,,0,0.18967132,29.38443,0.81032866
data\processed\bfw\asian\n005071\0128_02.jpg,data\processed\bfw\asian\n005071\0254_01.jpg,n005071,n005071,asian,asian,males,males,,,1,0.7586512,16.35097,0.2413488
data\processed\bfw\asian\n009042\0144_01.jpg,data\processed\bfw\asian\n009175\0077_01.jpg,n009042,n009175,asian,asian,females,females,,,0,0.30116424,26.93897,0.69883573
data\processed\bfw\asian\n006358\0041_01.jpg,data\processed\bfw\asian\n006358\0046_01.jpg,n006358,n006358,asian,asian,females,females,,,1,0.5915835,22.67415,0.4084165
data\processed\bfw\asian\n003489\0031_01.jpg,data\processed\bfw\asian\n003489\0323_01.jpg,n003489,n003489,asian,asian,males,males,,,1,0.21431264,24.266226,0.7856873
data\processed\bfw\asian\n002509\0041_01.jpg,data\processed\bfw\asian\n007385\0500_01.jpg,n002509,n007385,asian,asian,females,females,,,0,0.1300258,29.68553,0.8699742
data\processed\bfw\asian\n008978\0026_01.jpg,data\processed\bfw\asian\n008978\0035_01.jpg,n008978,n008978,asian,asian,females,females,,,1,0.77915496,14.954292,0.22084504
data\processed\bfw\asian\n004877\0050_01.jpg,data\processed\bfw\asian\n004877\0075_01.jpg,n004877,n004877,asian,asian,females,females,,,1,0.68777955,18.078617,0.31222045
data\processed\bfw\asian\n004936\0038_03.jpg,data\processed\bfw\asian\n004936\0202_01.jpg,n004936,n004936,asian,asian,females,females,,,1,0.79352534,13.902499,0.20647466
data\processed\bfw\asian\n005378\0234_02.jpg,data\processed\bfw\asian\n006774\0062_01.jpg,n005378,n006774,asian,asian,females,females,,,0,0.087861106,30.168169,0.9121389
data\processed\bfw\asian\n002406\0126_01.jpg,data\processed\bfw\asian\n000840\0036_01.jpg,n002406,n000840,asian,asian,males,females,,,0,0.098039195,29.856165,0.9019608
data\processed\bfw\asian\n009137\0092_01.jpg,data\processed\bfw\asian\n009175\0028_01.jpg,n009137,n009175,asian,asian,females,females,,,0,0.31838927,26.375578,0.6816107
data\processed\bfw\asian\n001562\0130_01.jpg,data\processed\bfw\asian\n001562\0165_02.jpg,n001562,n001562,asian,asian,males,males,,,1,0.71497375,18.003963,0.28502625
data\processed\bfw\asian\n004109\0185_03.jpg,data\processed\bfw\asian\n004109\0563_01.jpg,n004109,n004109,asian,asian,males,males,,,1,0.7639145,15.759296,0.23608547
data\processed\bfw\asian\n000856\0018_01.jpg,data\processed\bfw\asian\n006224\0023_01.jpg,n000856,n006224,asian,asian,females,females,,,0,0.53289795,23.171349,0.46710205
data\processed\bfw\asian\n004936\0304_02.jpg,data\processed\bfw\asian\n008978\0114_02.jpg,n004936,n008978,asian,asian,females,females,,,0,0.32021192,28.374512,0.6797881
data\processed\bfw\asian\n005446\0042_05.jpg,data\processed\bfw\asian\n003167\0081_01.jpg,n005446,n003167,asian,asian,females,males,,,0,0.030801507,29.617971,0.96919847
data\processed\bfw\asian\n004221\0155_01.jpg,data\processed\bfw\asian\n004221\0196_05.jpg,n004221,n004221,asian,asian,males,males,,,1,0.67726356,20.166998,0.32273644
data\processed\bfw\asian\n000137\0023_01.jpg,data\processed\bfw\asian\n006344\0112_01.jpg,n000137,n006344,asian,asian,females,females,,,0,0.11616446,30.280334,0.88383555
data\processed\bfw\asian\n004109\0100_01.jpg,data\processed\bfw\asian\n004109\0185_03.jpg,n004109,n004109,asian,asian,males,males,,,1,0.80743897,14.130701,0.19256103
data\processed\bfw\asian\n003354\0078_01.jpg,data\processed\bfw\asian\n002775\0843_02.jpg,n003354,n002775,asian,asian,females,males,,,0,0.3008487,29.175606,0.6991513
data\processed\bfw\asian\n008978\0082_01.jpg,data\processed\bfw\asian\n006344\0413_01.jpg,n008978,n006344,asian,asian,females,females,,,0,0.21584658,27.391218,0.7841534
data\processed\bfw\asian\n000854\0026_03.jpg,data\processed\bfw\asian\n000854\0275_01.jpg,n000854,n000854,asian,asian,females,females,,,1,0.58607334,22.256748,0.41392666
data\processed\bfw\asian\n004800\0276_03.jpg,data\processed\bfw\asian\n004800\0740_01.jpg,n004800,n004800,asian,asian,males,males,,,1,0.24859667,27.6766,0.75140333
data\processed\bfw\asian\n001976\0121_02.jpg,data\processed\bfw\asian\n001976\0372_01.jpg,n001976,n001976,asian,asian,males,males,,,1,0.5449094,21.605682,0.45509058
data\processed\bfw\asian\n006358\0055_02.jpg,data\processed\bfw\asian\n000158\0114_01.jpg,n006358,n000158,asian,asian,females,males,,,0,0.10141136,32.042156,0.89858866
data\processed\bfw\asian\n000436\0040_04.jpg,data\processed\bfw\asian\n000436\0088_03.jpg,n000436,n000436,asian,asian,males,males,,,1,0.611967,21.42819,0.38803297
data\processed\bfw\asian\n005216\0017_01.jpg,data\processed\bfw\asian\n005216\0041_01.jpg,n005216,n005216,asian,asian,females,females,,,1,0.63669765,19.636354,0.36330235
data\processed\bfw\asian\n009278\0237_01.jpg,data\processed\bfw\asian\n005085\0001_01.jpg,n009278,n005085,asian,asian,females,females,,,0,0.534541,22.17331,0.465459
data\processed\bfw\asian\n007814\0246_01.jpg,data\processed\bfw\asian\n003489\0137_01.jpg,n007814,n003489,asian,asian,females,males,,,0,0.08914017,31.67025,0.9108598
data\processed\bfw\asian\n003463\0017_01.jpg,data\processed\bfw\asian\n000160\0338_01.jpg,n003463,n000160,asian,asian,males,females,,,0,0.20793794,29.145382,0.79206204
data\processed\bfw\asian\n006736\0218_01.jpg,data\processed\bfw\asian\n006736\0367_01.jpg,n006736,n006736,asian,asian,females,females,,,1,0.7776444,15.863296,0.2223556
data\processed\bfw\asian\n001864\0038_01.jpg,data\processed\bfw\asian\n001864\0078_01.jpg,n001864,n001864,asian,asian,males,males,,,1,0.85158384,13.631862,0.14841616
data\processed\bfw\asian\n004786\0101_01.jpg,data\processed\bfw\asian\n004786\0156_03.jpg,n004786,n004786,asian,asian,females,females,,,1,0.674143,18.915133,0.32585698
data\processed\bfw\asian\n008383\0372_01.jpg,data\processed\bfw\asian\n002644\0418_01.jpg,n008383,n002644,asian,asian,females,males,,,0,0.068580516,32.083046,0.9314195
data\processed\bfw\asian\n003506\0110_01.jpg,data\processed\bfw\asian\n003506\0367_01.jpg,n003506,n003506,asian,asian,females,females,,,1,0.7511099,16.60168,0.2488901
data\processed\bfw\asian\n009276\0102_01.jpg,data\processed\bfw\asian\n009276\0140_04.jpg,n009276,n009276,asian,asian,females,females,,,1,0.2583413,27.14991,0.7416587
data\processed\bfw\asian\n000143\0080_02.jpg,data\processed\bfw\asian\n007899\0154_01.jpg,n000143,n007899,asian,asian,females,females,,,0,0.22220609,27.195038,0.7777939
