split,threshold,far,frr
train,inf,0.0,1.0
train,0.99339086,0.0,0.9998547988964717
train,0.7040415,0.0,0.8977784231160156
train,0.7039857,0.0001452011035283868,0.8977784231160156
train,0.6779089,0.0001452011035283868,0.8604617395092202
train,0.6778914,0.0002904022070567736,0.8604617395092202
train,0.66510665,0.0002904022070567736,0.8381007695658487
train,0.6650328,0.00043560331058516046,0.8381007695658487
train,0.6604093,0.00043560331058516046,0.8283722956294468
train,0.6603812,0.0005808044141135473,0.8283722956294468
train,0.65994346,0.0005808044141135473,0.8272106868012197
train,0.6599331,0.000726005517641934,0.8272106868012197
train,0.6587751,0.000726005517641934,0.8257586757659359
train,0.6587316,0.0008712066211703209,0.8257586757659359
train,0.65792847,0.0008712066211703209,0.82358065921301
train,0.65783775,0.0010164077246987077,0.82358065921301
train,0.65648943,0.0010164077246987077,0.8214026426600842
train,0.656469,0.0010164077246987077,0.8211122404530274
train,0.6540399,0.0010164077246987077,0.8139973863801365
train,0.6540305,0.0011616088282270945,0.8139973863801365
train,0.6518378,0.0011616088282270945,0.8078989400319443
train,0.6518032,0.0013068099317554813,0.8078989400319443
train,0.64622945,0.0013068099317554813,0.7949760418179178
train,0.6461741,0.001452011035283868,0.7949760418179178
train,0.6326377,0.001452011035283868,0.7652098155945986
train,0.632609,0.001597212138812255,0.7652098155945986
train,0.6301908,0.001597212138812255,0.7614345869028605
train,0.63018537,0.0017424132423406419,0.7614345869028605
train,0.6288533,0.0017424132423406419,0.7579497604181792
train,0.62863445,0.0018876143458690286,0.7579497604181792
train,0.6233729,0.0018876143458690286,0.7453172644112096
train,0.623088,0.0020328154493974154,0.7453172644112096
train,0.6228228,0.0020328154493974154,0.7443008566865108
train,0.6227856,0.0021780165529258024,0.7443008566865108
train,0.6218273,0.0021780165529258024,0.7424132423406418
train,0.621822,0.002323217656454189,0.7424132423406418
train,0.6184225,0.002323217656454189,0.733846377232467
train,0.6183164,0.002468418759982576,0.733846377232467
train,0.61744523,0.002468418759982576,0.731232757368956
train,0.61740077,0.0026136198635109626,0.731232757368956
train,0.61672163,0.0026136198635109626,0.7302163496442573
train,0.6166793,0.0027588209670393496,0.7302163496442573
train,0.61252624,0.0027588209670393496,0.7197618701902134
train,0.61246073,0.002904022070567736,0.7197618701902134
train,0.6124136,0.002904022070567736,0.7194714679831566
train,0.6124073,0.003049223174096123,0.7194714679831566
train,0.60664356,0.003049223174096123,0.7045157543197329
train,0.606635,0.00319442427762451,0.7045157543197329
train,0.6060388,0.00319442427762451,0.7027733410773922
train,0.6058648,0.0033396253811528967,0.7027733410773922
train,0.6056599,0.0033396253811528967,0.7016117322491651
train,0.60564786,0.0034848264846812837,0.7016117322491651
train,0.60495263,0.0034848264846812837,0.7001597212138813
train,0.6048592,0.0036300275882096703,0.7001597212138813
train,0.6039908,0.0036300275882096703,0.6972556991433134
train,0.6038826,0.0037752286917380573,0.6972556991433134
train,0.60179704,0.0037752286917380573,0.6917380572092349
train,0.60179454,0.003920429795266444,0.6917380572092349
train,0.6017028,0.003920429795266444,0.6915928561057064
train,0.6016153,0.004065630898794831,0.6915928561057064
train,0.6010422,0.004065630898794831,0.6902860461739508
train,0.60102224,0.004210832002323217,0.6902860461739508
train,0.5993232,0.004210832002323217,0.6856396108610425
train,0.5993147,0.004356033105851605,0.6856396108610425
train,0.5984509,0.004356033105851605,0.6828807898940032
train,0.59833294,0.0045012342093799914,0.6828807898940032
train,0.5975778,0.0045012342093799914,0.6795411645128503
train,0.5975714,0.004646435312908378,0.6795411645128503
train,0.5964663,0.004646435312908378,0.676056338028169
train,0.59641486,0.004791636416436765,0.676056338028169
train,0.5961237,0.004791636416436765,0.6750399303034703
train,0.5960688,0.004936837519965152,0.6750399303034703
train,0.5953075,0.004936837519965152,0.6732975170611297
train,0.59525245,0.005082038623493539,0.6732975170611297
train,0.5948846,0.005082038623493539,0.6727167126470162
train,0.59485906,0.005227239727021925,0.6727167126470162
train,0.59325284,0.005227239727021925,0.6676346740235226
train,0.5932442,0.005372440830550313,0.6676346740235226
train,0.58934,0.005372440830550313,0.6577609989835922
train,0.5893088,0.005517641934078699,0.6577609989835922
train,0.5881087,0.005517641934078699,0.6528241614636272
train,0.58810484,0.005662843037607086,0.6528241614636272
train,0.58765376,0.005662843037607086,0.6510817482212865
train,0.58761847,0.005808044141135472,0.6510817482212865
train,0.5857653,0.005808044141135472,0.6452737040801511
train,0.5857388,0.00595324524466386,0.6452737040801511
train,0.58437014,0.00595324524466386,0.6422244809060549
train,0.5843327,0.006098446348192246,0.6422244809060549
train,0.5824909,0.006098446348192246,0.6375780455931466
train,0.5824535,0.006243647451720633,0.6375780455931466
train,0.5814735,0.006243647451720633,0.6346740235225787
train,0.5814522,0.00638884855524902,0.6346740235225787
train,0.5813336,0.00638884855524902,0.6340932191084652
train,0.5813015,0.006534049658777407,0.6340932191084652
train,0.58129543,0.006534049658777407,0.6339480180049368
train,0.5812838,0.006679250762305793,0.6339480180049368
train,0.5811766,0.006679250762305793,0.6338028169014085
train,0.5811106,0.006679250762305793,0.6335124146943516
train,0.5799826,0.006679250762305793,0.6307535937273123
train,0.5799367,0.00682445186583418,0.6307535937273123
train,0.57950795,0.00682445186583418,0.6295919848990852
train,0.5795041,0.0069696529693625674,0.6295919848990852
train,0.5793567,0.0069696529693625674,0.6290111804849716
train,0.579333,0.007114854072890954,0.6290111804849716
train,0.5744864,0.007114854072890954,0.614491070132133
train,0.5744662,0.007260055176419341,0.614491070132133
train,0.5726427,0.007260055176419341,0.6086830259909976
train,0.5725856,0.007405256279947728,0.6086830259909976
train,0.5715855,0.007405256279947728,0.6046173950922027
train,0.5715809,0.007550457383476115,0.6046173950922027
train,0.56921095,0.007550457383476115,0.5967765355016699
train,0.5692045,0.007695658487004501,0.5967765355016699
train,0.5666251,0.007695658487004501,0.5903876869464209
train,0.5665279,0.007840859590532889,0.5903876869464209
train,0.56624264,0.007840859590532889,0.5892260781181937
train,0.5662305,0.007986060694061275,0.5892260781181937
train,0.5660757,0.007986060694061275,0.5885000726005518
train,0.5660508,0.008131261797589662,0.5885000726005518
train,0.56588733,0.008131261797589662,0.5880644692899666
train,0.56587696,0.008276462901118048,0.5880644692899666
train,0.5643247,0.008276462901118048,0.5841440394947002
train,0.5643208,0.008421664004646435,0.5841440394947002
train,0.56213635,0.008421664004646435,0.5789167997676783
train,0.5621171,0.008566865108174821,0.5789167997676783
train,0.5620833,0.008566865108174821,0.5784811964570931
train,0.5619648,0.00871206621170321,0.5784811964570931
train,0.56194496,0.00871206621170321,0.5783359953535647
train,0.56192225,0.008857267315231596,0.5783359953535647
train,0.5614099,0.008857267315231596,0.5755771743865253
train,0.56134623,0.009002468418759983,0.5755771743865253
train,0.5603947,0.009002468418759983,0.5733991578335995
train,0.5603505,0.00914766952228837,0.5733991578335995
train,0.5582889,0.00914766952228837,0.5677363147959924
train,0.5581872,0.009292870625816756,0.5677363147959924
train,0.5580889,0.009292870625816756,0.5673007114854073
train,0.5580672,0.009438071729345143,0.5673007114854073
train,0.5579449,0.009438071729345143,0.5670103092783505
train,0.55783176,0.00958327283287353,0.5670103092783505
train,0.55744463,0.00958327283287353,0.5655582982430667
train,0.5574355,0.009728473936401917,0.5655582982430667
train,0.5572103,0.009728473936401917,0.5649774938289531
train,0.55716985,0.009873675039930304,0.5649774938289531
train,0.5564643,0.009873675039930304,0.5626542761724989
train,0.5563818,0.01001887614345869,0.5626542761724989
train,0.55569875,0.01001887614345869,0.5609118629301583
train,0.55568486,0.010164077246987077,0.5609118629301583
train,0.55488807,0.010164077246987077,0.5590242485842892
train,0.5547781,0.010309278350515464,0.5590242485842892
train,0.5546406,0.010309278350515464,0.5580078408595905
train,0.55459726,0.01045447945404385,0.5580078408595905
train,0.5544599,0.01045447945404385,0.5575722375490053
train,0.5544426,0.010599680557572237,0.5575722375490053
train,0.5543522,0.010599680557572237,0.557427036445477
train,0.5543286,0.010744881661100625,0.557427036445477
train,0.55409884,0.010744881661100625,0.5568462320313634
train,0.55408615,0.010890082764629012,0.5568462320313634
train,0.5535625,0.010890082764629012,0.5551038187890228
train,0.5535593,0.011035283868157398,0.5551038187890228
train,0.5533254,0.011035283868157398,0.5537970088572672
train,0.5532971,0.011180484971685785,0.5537970088572672
train,0.5532001,0.011180484971685785,0.5533614055466822
train,0.55318856,0.011325686075214171,0.5533614055466822
train,0.55232596,0.011325686075214171,0.5507477856831712
train,0.55228245,0.011470887178742558,0.5507477856831712
train,0.55133677,0.011470887178742558,0.5476985625090751
train,0.5512977,0.011761289385799333,0.5476985625090751
train,0.5503904,0.011761289385799333,0.5443589371279222
train,0.5503661,0.01190649048932772,0.5443589371279222
train,0.5498213,0.01190649048932772,0.5424713227820531
train,0.549804,0.012051691592856106,0.5424713227820531
train,0.54966426,0.012051691592856106,0.5417453172644112
train,0.54965013,0.012196892696384493,0.5417453172644112
train,0.5495817,0.012196892696384493,0.5413097139538261
train,0.549498,0.01234209379991288,0.5413097139538261
train,0.54932886,0.01234209379991288,0.5407289095397125
train,0.5492219,0.012632496006969652,0.5407289095397125
train,0.5489154,0.012632496006969652,0.5394220996079571
train,0.54890037,0.01277769711049804,0.5394220996079571
train,0.54887456,0.01277769711049804,0.5391316974009002
train,0.54885274,0.012922898214026427,0.5391316974009002
train,0.54864407,0.012922898214026427,0.5386960940903152
train,0.5486305,0.013068099317554814,0.5386960940903152
train,0.5479815,0.013068099317554814,0.5366632786409177
train,0.5479033,0.0132133004210832,0.5366632786409177
train,0.5475494,0.0132133004210832,0.5355016698126907
train,0.54750586,0.013358501524611587,0.5355016698126907
train,0.5471704,0.013358501524611587,0.5347756642950486
train,0.5471248,0.013503702628139973,0.5347756642950486
train,0.54676485,0.013503702628139973,0.5334688543632932
train,0.5467637,0.01364890373166836,0.5334688543632932
train,0.5465986,0.01364890373166836,0.5327428488456512
train,0.54657406,0.013794104835196748,0.5327428488456512
train,0.54517376,0.013794104835196748,0.5286772179468564
train,0.5451021,0.013939305938725135,0.5286772179468564
train,0.5450342,0.013939305938725135,0.5283868157397996
train,0.5450215,0.013939305938725135,0.5280964135327428
train,0.54460156,0.013939305938725135,0.526644402497459
train,0.5445963,0.014084507042253521,0.526644402497459
train,0.5434332,0.014084507042253521,0.5240307826339481
train,0.54334503,0.014374909249310295,0.5240307826339481
train,0.54329294,0.014374909249310295,0.5237403804268912
train,0.54320776,0.014520110352838681,0.5237403804268912
train,0.54319686,0.014520110352838681,0.5235951793233629
train,0.5431769,0.014665311456367068,0.5235951793233629
train,0.54286826,0.014665311456367068,0.5231595760127776
train,0.5428303,0.014810512559895456,0.5231595760127776
train,0.542803,0.014810512559895456,0.5230143749092493
train,0.54275954,0.014955713663423843,0.5230143749092493
train,0.54244304,0.014955713663423843,0.5224335704951357
train,0.54239327,0.01510091476695223,0.5224335704951357
train,0.54208696,0.01510091476695223,0.5206911572527951
train,0.5419259,0.015246115870480616,0.5206911572527951
train,0.54101026,0.015246115870480616,0.5177871351822274
train,0.54089403,0.015536518077537389,0.5177871351822274
train,0.5403774,0.015536518077537389,0.5166255263540003
train,0.54033923,0.015681719181065777,0.5166255263540003
train,0.5402715,0.015681719181065777,0.5163351241469435
train,0.5401237,0.015826920284594162,0.5163351241469435
train,0.5396928,0.015826920284594162,0.515028314215188
train,0.53966475,0.01597212138812255,0.515028314215188
train,0.53951716,0.01597212138812255,0.5147379120081312
train,0.53950024,0.016117322491650935,0.5147379120081312
train,0.53892064,0.016117322491650935,0.5134311020763758
train,0.5388392,0.016262523595179323,0.5134311020763758
train,0.5383664,0.016262523595179323,0.5124146943516771
train,0.5383186,0.016407724698707712,0.5124146943516771
train,0.53823626,0.016407724698707712,0.5121242921446203
train,0.5381483,0.016552925802236097,0.5121242921446203
train,0.53782934,0.016552925802236097,0.5116886888340351
train,0.5378246,0.016698126905764485,0.5116886888340351
train,0.53744054,0.016698126905764485,0.509801074488166
train,0.5373784,0.01684332800929287,0.509801074488166
train,0.537371,0.01684332800929287,0.5096558733846377
train,0.5373653,0.016988529112821258,0.5096558733846377
train,0.53727376,0.016988529112821258,0.5092202700740526
train,0.537198,0.017133730216349643,0.5092202700740526
train,0.5370708,0.017133730216349643,0.508639465659939
train,0.53695005,0.01742413242340642,0.508639465659939
train,0.53694427,0.01742413242340642,0.5084942645564106
train,0.5368291,0.017714534630463193,0.5084942645564106
train,0.53613865,0.017714534630463193,0.5055902424858429
train,0.5361316,0.017859735733991577,0.5055902424858429
train,0.53579855,0.017859735733991577,0.5050094380717294
train,0.53579444,0.018004936837519966,0.5050094380717294
train,0.5357038,0.018004936837519966,0.5045738347611441
train,0.53564787,0.01815013794104835,0.5045738347611441
train,0.53544474,0.01815013794104835,0.5039930303470306
train,0.5354372,0.01829533904457674,0.5039930303470306
train,0.5353913,0.01829533904457674,0.5038478292435022
train,0.5353795,0.018440540148105127,0.5038478292435022
train,0.5344554,0.018440540148105127,0.5013794104835196
train,0.53429735,0.0187309423551619,0.5013794104835196
train,0.53393227,0.0187309423551619,0.49963699724117905
train,0.53391266,0.018876143458690285,0.49963699724117905
train,0.5336291,0.018876143458690285,0.49934659503412226
train,0.5335886,0.019021344562218673,0.49934659503412226
train,0.5334774,0.019021344562218673,0.4987657906200087
train,0.53346586,0.01916654566574706,0.4987657906200087
train,0.5329479,0.01916654566574706,0.49644257296355454
train,0.5329178,0.019311746769275447,0.49644257296355454
train,0.5328286,0.019311746769275447,0.4955713663423842
train,0.53278977,0.01960214897633222,0.4955713663423842
train,0.53205967,0.01960214897633222,0.49252214316828813
train,0.5320271,0.019747350079860608,0.49252214316828813
train,0.5310146,0.019747350079860608,0.4896181210977203
train,0.5309671,0.019892551183388993,0.4896181210977203
train,0.5307184,0.019892551183388993,0.48903731668360684
train,0.5307075,0.02003775228691738,0.48903731668360684
train,0.5299999,0.02003775228691738,0.4875853056483229
train,0.5299444,0.020182953390445766,0.4875853056483229
train,0.52965105,0.020182953390445766,0.48671409902715257
train,0.52960795,0.020328154493974154,0.48671409902715257
train,0.52946347,0.020328154493974154,0.4864236968200958
train,0.52927744,0.020618556701030927,0.4864236968200958
train,0.52918655,0.020618556701030927,0.4861332946130391
train,0.52915466,0.020763757804559316,0.4861332946130391
train,0.5289005,0.020763757804559316,0.48555249019892555
train,0.5288628,0.02105416001161609,0.48555249019892555
train,0.52855533,0.02105416001161609,0.484971685784812
train,0.5285309,0.021199361115144474,0.484971685784812
train,0.5284878,0.021199361115144474,0.4846812835777552
train,0.52831006,0.021344562218672862,0.4846812835777552
train,0.5280978,0.021344562218672862,0.4839552780601133
train,0.52806866,0.02148976332220125,0.4839552780601133
train,0.5279752,0.02148976332220125,0.4836648758530565
train,0.5278762,0.021634964425729635,0.4836648758530565
train,0.52777374,0.021634964425729635,0.48308407143894294
train,0.52777135,0.021780165529258023,0.48308407143894294
train,0.5274901,0.021780165529258023,0.48279366923188616
train,0.5274748,0.02192536663278641,0.48279366923188616
train,0.5272103,0.02192536663278641,0.4822128648177726
train,0.5271875,0.022070567736314797,0.4822128648177726
train,0.52697843,0.022070567736314797,0.4814868593001307
train,0.52697223,0.02221576883984318,0.4814868593001307
train,0.5265419,0.02221576883984318,0.48032525047190355
train,0.5265378,0.02236096994337157,0.48032525047190355
train,0.5259733,0.02236096994337157,0.47916364164367653
train,0.52595115,0.022506171046899958,0.47916364164367653
train,0.52539814,0.022506171046899958,0.47814723391897773
train,0.5253945,0.022651372150428343,0.47814723391897773
train,0.5241819,0.022651372150428343,0.4748076085378249
train,0.52414954,0.02279657325395673,0.4748076085378249
train,0.523943,0.02279657325395673,0.4745172063307681
train,0.52391356,0.02279657325395673,0.4742268041237113
train,0.5238258,0.02279657325395673,0.47364599970959775
train,0.523818,0.022941774357485116,0.47364599970959775
train,0.5229149,0.022941774357485116,0.47146798315667204
train,0.5229095,0.023086975461013504,0.47146798315667204
train,0.52286196,0.023086975461013504,0.4713227820531436
train,0.52286184,0.02323217656454189,0.4713227820531436
train,0.52285,0.02323217656454189,0.47117758094961526
train,0.5227596,0.023522578771598666,0.47117758094961526
train,0.52269536,0.023522578771598666,0.4708871787425585
train,0.52263033,0.02366777987512705,0.4708871787425585
train,0.5221765,0.02366777987512705,0.469580368810803
train,0.52216905,0.02381298097865544,0.469580368810803
train,0.5221565,0.02381298097865544,0.4692899666037462
train,0.522036,0.023958182082183824,0.4692899666037462
train,0.52134246,0.023958182082183824,0.46696674894729195
train,0.5212808,0.024103383185712212,0.46696674894729195
train,0.52068275,0.024103383185712212,0.46449833018730946
train,0.5206444,0.024248584289240597,0.46449833018730946
train,0.5201569,0.024248584289240597,0.463191520255554
train,0.52011013,0.024393785392768985,0.463191520255554
train,0.5200243,0.024393785392768985,0.4626107158414404
train,0.520003,0.024538986496297373,0.4626107158414404
train,0.51990545,0.024538986496297373,0.46232031363438364
train,0.5198959,0.02468418759982576,0.46232031363438364
train,0.51971406,0.02468418759982576,0.4614491070132133
train,0.51966983,0.024829388703354147,0.4614491070132133
train,0.51938295,0.024829388703354147,0.4599970959779295
train,0.5193608,0.02497458980688253,0.4599970959779295
train,0.5183124,0.02497458980688253,0.45810948163206044
train,0.51821625,0.025264992013939305,0.45810948163206044
train,0.5179858,0.025264992013939305,0.456802671700305
train,0.51792055,0.025410193117467693,0.456802671700305
train,0.51760656,0.025410193117467693,0.45607666618266296
train,0.5175569,0.025700595324524466,0.45607666618266296
train,0.51753694,0.025700595324524466,0.4559314650791346
train,0.5175071,0.025845796428052854,0.4559314650791346
train,0.5172234,0.025845796428052854,0.45491505735443594
train,0.51721436,0.02599099753158124,0.45491505735443594
train,0.51714224,0.02599099753158124,0.45462465514737915
train,0.51694083,0.026136198635109627,0.45462465514737915
train,0.51647353,0.026136198635109627,0.45389864962973714
train,0.5164583,0.026281399738638012,0.45389864962973714
train,0.51644564,0.026281399738638012,0.4537534485262088
train,0.51629883,0.0264266008421664,0.4537534485262088
train,0.5161074,0.0264266008421664,0.45317264411209524
train,0.51609385,0.02657180194569479,0.45317264411209524
train,0.5149783,0.02657180194569479,0.4499782198344707
train,0.5149439,0.026717003049223174,0.4499782198344707
train,0.5146899,0.026717003049223174,0.44896181210977204
train,0.5146454,0.027007405256279947,0.44896181210977204
train,0.5143994,0.027007405256279947,0.44765500217801657
train,0.5141313,0.02729780746333672,0.44765500217801657
train,0.5139962,0.02729780746333672,0.4467837955568462
train,0.51391256,0.02744300856686511,0.4467837955568462
train,0.5136933,0.02744300856686511,0.4466385944533179
train,0.513631,0.027588209670393497,0.4466385944533179
train,0.5133873,0.027588209670393497,0.44576738783214753
train,0.51335245,0.02773341077392188,0.44576738783214753
train,0.51294154,0.02773341077392188,0.44446057790039206
train,0.5129285,0.028023812980978655,0.44446057790039206
train,0.51243585,0.028023812980978655,0.4424277624509946
train,0.5124347,0.028169014084507043,0.4424277624509946
train,0.5120839,0.028169014084507043,0.4408305503121823
train,0.512056,0.028314215188035428,0.4408305503121823
train,0.51188886,0.028314215188035428,0.44024974589806887
train,0.51179194,0.028604617395092204,0.44024974589806887
train,0.5117782,0.028604617395092204,0.4399593436910121
train,0.5117571,0.028895019602148977,0.4399593436910121
train,0.510713,0.028895019602148977,0.43705532162044436
train,0.51069903,0.029040220705677362,0.43705532162044436
train,0.5105003,0.029040220705677362,0.4354581094816321
train,0.510459,0.02918542180920575,0.4354581094816321
train,0.51006955,0.02918542180920575,0.43429650065340497
train,0.51000214,0.02918542180920575,0.4340060984463482
train,0.50997037,0.029330622912734135,0.4340060984463482
train,0.50924635,0.029330622912734135,0.4319732829969508
train,0.50921845,0.029621025119790912,0.4319732829969508
train,0.5090993,0.029621025119790912,0.43168288078989403
train,0.5090468,0.029766226223319297,0.43168288078989403
train,0.50897783,0.029766226223319297,0.43110207637578046
train,0.50895715,0.029911427326847685,0.43110207637578046
train,0.508879,0.029911427326847685,0.4308116741687237
train,0.508779,0.03005662843037607,0.4308116741687237
train,0.5087156,0.03005662843037607,0.4305212719616669
train,0.5085893,0.03020182953390446,0.4305212719616669
train,0.5085807,0.03020182953390446,0.43037607085813856
train,0.50855035,0.030347030637432843,0.43037607085813856
train,0.5079246,0.030347030637432843,0.42819805430521274
train,0.507899,0.03049223174096123,0.42819805430521274
train,0.50759,0.03049223174096123,0.42718164658051405
train,0.5075435,0.03063743284448962,0.42718164658051405
train,0.50732356,0.03063743284448962,0.4263104399593437
train,0.50724286,0.030782633948018005,0.4263104399593437
train,0.5068263,0.030782633948018005,0.424568026717003
train,0.5065516,0.031073036155074778,0.424568026717003
train,0.5062273,0.031073036155074778,0.4231160156817192
train,0.50622255,0.031218237258603166,0.4231160156817192
train,0.50620544,0.031218237258603166,0.42297081457819075
train,0.5061997,0.031363438362131554,0.42297081457819075
train,0.50597197,0.031363438362131554,0.4225352112676056
train,0.50596994,0.03150863946565994,0.4225352112676056
train,0.5055024,0.03150863946565994,0.42122840133585016
train,0.5054735,0.031653840569188324,0.42122840133585016
train,0.5050422,0.031653840569188324,0.4203571947146798
train,0.5050122,0.031799041672716716,0.4203571947146798
train,0.50500804,0.031799041672716716,0.42021199361115147
train,0.50496924,0.0319442427762451,0.42021199361115147
train,0.5044721,0.0319442427762451,0.4191955858864528
train,0.5044359,0.03223464498330187,0.4191955858864528
train,0.5044176,0.03223464498330187,0.41905038478292433
train,0.5043644,0.03237984608683026,0.41905038478292433
train,0.50436234,0.03237984608683026,0.418905183679396
train,0.50433934,0.03252504719035865,0.418905183679396
train,0.50415164,0.03252504719035865,0.418179178161754
train,0.50413674,0.03267024829388703,0.418179178161754
train,0.50397736,0.03267024829388703,0.41774357485116886
train,0.50397,0.032815449397415423,0.41774357485116886
train,0.5037259,0.032815449397415423,0.41658196602294173
train,0.5036021,0.03296065050094381,0.41658196602294173
train,0.50320655,0.03296065050094381,0.41483955278060114
train,0.50309616,0.03325105270800058,0.41483955278060114
train,0.5029139,0.03325105270800058,0.41411354726295924
train,0.50282526,0.03339625381152897,0.41411354726295924
train,0.50281584,0.03339625381152897,0.4139683461594308
train,0.50275016,0.033541454915057355,0.4139683461594308
train,0.50260246,0.033541454915057355,0.41382314505590245
train,0.5025315,0.03368665601858574,0.41382314505590245
train,0.50240946,0.03368665601858574,0.4129519384347321
train,0.50240666,0.03383185712211413,0.4129519384347321
train,0.502216,0.03383185712211413,0.4126615362276753
train,0.50217324,0.033977058225642516,0.4126615362276753
train,0.50205696,0.033977058225642516,0.41237113402061853
train,0.5020046,0.034267460432699286,0.41237113402061853
train,0.5011044,0.034267460432699286,0.4100479163641644
train,0.5010469,0.03441266153622768,0.4100479163641644
train,0.50101703,0.03441266153622768,0.4097575141571076
train,0.50094485,0.03455786263975606,0.4097575141571076
train,0.50057405,0.03455786263975606,0.4083055031218237
train,0.50055647,0.03470306374328445,0.4083055031218237
train,0.5004681,0.03470306374328445,0.40786989981123856
train,0.50031006,0.03484826484681284,0.40786989981123856
train,0.50017494,0.03484826484681284,0.40743429650065344
train,0.5001307,0.034993465950341224,0.40743429650065344
train,0.5001217,0.034993465950341224,0.407289095397125
train,0.5001213,0.03513866705386961,0.407289095397125
train,0.5000821,0.03513866705386961,0.40714389429359665
train,0.50003946,0.035429069260926385,0.40714389429359665
train,0.49979213,0.035429069260926385,0.40612748656889797
train,0.49976552,0.03557427036445477,0.40612748656889797
train,0.4996119,0.03557427036445477,0.40569188325831274
train,0.49953684,0.035719471467983155,0.40569188325831274
train,0.4994947,0.035719471467983155,0.4055466821547844
train,0.49947962,0.03586467257151155,0.4055466821547844
train,0.4993895,0.03586467257151155,0.40540148105125595
train,0.4993405,0.03600987367503993,0.40540148105125595
train,0.49912715,0.03600987367503993,0.40438507332655727
train,0.49908024,0.036155074778568316,0.40438507332655727
train,0.49887225,0.036155074778568316,0.4038042689124437
train,0.4988624,0.0363002758820967,0.4038042689124437
train,0.4988469,0.0363002758820967,0.40365906780891536
train,0.49873406,0.03644547698562509,0.40365906780891536
train,0.4987196,0.03644547698562509,0.4035138667053869
train,0.4986844,0.03673587919268186,0.4035138667053869
train,0.49862942,0.03673587919268186,0.4033686656018586
train,0.4985551,0.036881080296210254,0.4033686656018586
train,0.49822623,0.036881080296210254,0.40191665456657466
train,0.49817488,0.03702628139973864,0.40191665456657466
train,0.49800274,0.03702628139973864,0.4010454479454044
train,0.4979891,0.037171482503267024,0.4010454479454044
train,0.49793422,0.037171482503267024,0.400900246841876
train,0.49791822,0.03731668360679541,0.400900246841876
train,0.49784204,0.03731668360679541,0.4003194424277624
train,0.49778605,0.0374618847103238,0.4003194424277624
train,0.49751663,0.0374618847103238,0.3998838391171773
train,0.4974601,0.037607085813852185,0.3998838391171773
train,0.4974453,0.037607085813852185,0.39973863801364895
train,0.49735516,0.03775228691738057,0.39973863801364895
train,0.4971936,0.03775228691738057,0.3993030347030637
train,0.49718133,0.03789748802090896,0.3993030347030637
train,0.49700573,0.03789748802090896,0.3985770291854218
train,0.49696735,0.03804268912443735,0.3985770291854218
train,0.49524766,0.03804268912443735,0.3942209960795702
train,0.49524358,0.03818789022796573,0.3942209960795702
train,0.4949747,0.03818789022796573,0.39305938725134315
train,0.49493358,0.03833309133149412,0.39305938725134315
train,0.4949247,0.03833309133149412,0.39276898504428637
train,0.49482432,0.03847829243502251,0.39276898504428637
train,0.49469537,0.03847829243502251,0.3924785828372296
train,0.49466738,0.03862349353855089,0.3924785828372296
train,0.49451104,0.03862349353855089,0.3917525773195877
train,0.49451005,0.03876869464207928,0.3917525773195877
train,0.49440104,0.03876869464207928,0.39160737621605923
train,0.49439734,0.03891389574560767,0.39160737621605923
train,0.4943856,0.03891389574560767,0.3914621751125309
train,0.4943657,0.039059096849136055,0.3914621751125309
train,0.4941478,0.039059096849136055,0.3911717729054741
train,0.49404868,0.03920429795266444,0.3911717729054741
train,0.49392566,0.03920429795266444,0.39059096849136055
train,0.4938534,0.039349499056192824,0.39059096849136055
train,0.4936364,0.039349499056192824,0.390010164077247
train,0.49359152,0.039494700159721216,0.390010164077247
train,0.49357477,0.039494700159721216,0.38986496297371864
train,0.4934472,0.039785102366777986,0.38986496297371864
train,0.4930208,0.039785102366777986,0.3892841585596051
train,0.49302018,0.03993030347030638,0.3892841585596051
train,0.4927788,0.03993030347030638,0.3885581530419632
train,0.4927065,0.04007550457383476,0.3885581530419632
train,0.492588,0.04007550457383476,0.38739654421373604
train,0.4925676,0.04022070567736315,0.38739654421373604
train,0.49242175,0.04022070567736315,0.38681573979962247
train,0.49231553,0.04065630898794831,0.38681573979962247
train,0.49224305,0.04065630898794831,0.3865253375925657
train,0.49224243,0.04080151009147669,0.3865253375925657
train,0.49211994,0.04080151009147669,0.3862349353855089
train,0.49211752,0.040946711195005085,0.3862349353855089
train,0.49200878,0.040946711195005085,0.3859445331784521
train,0.49194556,0.04109191229853347,0.3859445331784521
train,0.4916796,0.04109191229853347,0.385508929867867
train,0.4916598,0.04138231450559024,0.385508929867867
train,0.49159193,0.04138231450559024,0.38536372876433866
train,0.49140635,0.04152751560911863,0.38536372876433866
train,0.49139413,0.04152751560911863,0.38492812545375343
train,0.49131146,0.041672716712647016,0.38492812545375343
train,0.49127567,0.041672716712647016,0.3847829243502251
train,0.49119058,0.0418179178161754,0.3847829243502251
train,0.49108943,0.0418179178161754,0.38463772324669665
train,0.49107397,0.04196311891970379,0.38463772324669665
train,0.49085733,0.04196311891970379,0.38391171772905475
train,0.49084294,0.04210832002323218,0.38391171772905475
train,0.49082482,0.04210832002323218,0.3837665166255263
train,0.49081758,0.04225352112676056,0.3837665166255263
train,0.49063322,0.04225352112676056,0.38289531000435606
train,0.49062544,0.04239872223028895,0.38289531000435606
train,0.49046147,0.04239872223028895,0.3827501089008276
train,0.490392,0.04254392333381734,0.3827501089008276
train,0.4899114,0.04254392333381734,0.3817337011761289
train,0.48986378,0.042689124437345724,0.3817337011761289
train,0.48982137,0.042689124437345724,0.38144329896907214
train,0.48976994,0.04283432554087411,0.38144329896907214
train,0.48950216,0.04283432554087411,0.38071729345143024
train,0.48948556,0.0429795266444025,0.38071729345143024
train,0.48944002,0.0429795266444025,0.3805720923479018
train,0.48937818,0.043415129954987655,0.3805720923479018
train,0.48933673,0.043415129954987655,0.38042689124437346
train,0.4893168,0.04356033105851605,0.38042689124437346
train,0.48922405,0.04356033105851605,0.37999128793378834
train,0.4891727,0.04385073326557282,0.37999128793378834
train,0.48881027,0.04385073326557282,0.37897488020908954
train,0.48872265,0.04399593436910121,0.37897488020908954
train,0.48857647,0.04399593436910121,0.37824887469144763
train,0.48856735,0.04414113547262959,0.37824887469144763
train,0.48826566,0.04414113547262959,0.3767968636561638
train,0.4882255,0.04428633657615798,0.3767968636561638
train,0.48808002,0.04428633657615798,0.37621605924205026
train,0.4879915,0.04443153767968636,0.37621605924205026
train,0.48792714,0.04443153767968636,0.37578045593146503
train,0.48791978,0.044576738783214755,0.37578045593146503
train,0.48778743,0.044576738783214755,0.3753448526208799
train,0.4877679,0.04472193988674314,0.3753448526208799
train,0.487445,0.04472193988674314,0.3743284448961812
train,0.4874124,0.044867140990271524,0.3743284448961812
train,0.48715696,0.044867140990271524,0.3736024393785393
train,0.4870176,0.045012342093799916,0.3736024393785393
train,0.48688805,0.045012342093799916,0.37302163496442575
train,0.48682344,0.045302744300856686,0.37302163496442575
train,0.48677805,0.045302744300856686,0.37273123275736897
train,0.4867439,0.04544794540438507,0.37273123275736897
train,0.4866898,0.04544794540438507,0.3725860316538405
train,0.48663083,0.04559314650791346,0.3725860316538405
train,0.48655963,0.04559314650791346,0.37229562944678385
train,0.48647833,0.04573834761144185,0.37229562944678385
train,0.4860355,0.04573834761144185,0.37127922172208505
train,0.48588392,0.04588354871497023,0.37127922172208505
train,0.48552862,0.04588354871497023,0.37055321620444315
train,0.48551717,0.046028749818498624,0.37055321620444315
train,0.48551404,0.046028749818498624,0.3704080151009148
train,0.48545927,0.04617395092202701,0.3704080151009148
train,0.48488325,0.04617395092202701,0.3692464062726877
train,0.48481163,0.04631915202555539,0.3692464062726877
train,0.48466903,0.04631915202555539,0.3689560040656309
train,0.4846281,0.04646435312908378,0.3689560040656309
train,0.4845543,0.04646435312908378,0.3686656018585741
train,0.48446456,0.04660955423261217,0.3686656018585741
train,0.48417214,0.04660955423261217,0.367503993030347
train,0.4841109,0.046754755336140555,0.367503993030347
train,0.4836645,0.046754755336140555,0.3661971830985915
train,0.48360875,0.04689995643966894,0.3661971830985915
train,0.48345897,0.04689995643966894,0.3657615797880064
train,0.48338926,0.047190358646725716,0.3657615797880064
train,0.483377,0.047190358646725716,0.36561637868447805
train,0.48327026,0.04777116306083926,0.36561637868447805
train,0.4830629,0.04777116306083926,0.36489037316683604
train,0.48304695,0.04791636416436765,0.36489037316683604
train,0.48294467,0.04791636416436765,0.3647451720633077
train,0.48288554,0.04806156526789604,0.3647451720633077
train,0.4828255,0.04806156526789604,0.3644547698562509
train,0.48269415,0.04835196747495281,0.3644547698562509
train,0.48258382,0.04835196747495281,0.36430956875272247
train,0.48254552,0.048497168578481194,0.36430956875272247
train,0.48198652,0.048497168578481194,0.3619863510962683
train,0.48198545,0.048642369682009585,0.3619863510962683
train,0.4818938,0.048642369682009585,0.36184114999274
train,0.4818379,0.04878757078553797,0.36184114999274
train,0.4818008,0.04878757078553797,0.3616959488892115
train,0.48178628,0.04907797299259475,0.3616959488892115
train,0.4817458,0.04907797299259475,0.3615507477856832
train,0.4817448,0.04922317409612313,0.3615507477856832
train,0.48132747,0.04922317409612313,0.3602439378539277
train,0.48127484,0.04936837519965152,0.3602439378539277
train,0.48126087,0.04936837519965152,0.3600987367503993
train,0.48125055,0.0495135763031799,0.3600987367503993
train,0.48124796,0.0495135763031799,0.35995353564687094
train,0.48108205,0.04994917961376506,0.35995353564687094
train,0.48095047,0.04994917961376506,0.35966313343981415
train,0.48093835,0.05023958182082184,0.35966313343981415
train,0.48089728,0.05023958182082184,0.3595179323362857
train,0.48080158,0.050384782924350224,0.3595179323362857
train,0.4807359,0.050384782924350224,0.35922753012922903
train,0.48064756,0.05052998402787861,0.35922753012922903
train,0.4804053,0.05052998402787861,0.358501524611587
train,0.48035192,0.050820386234935386,0.358501524611587
train,0.48032793,0.050820386234935386,0.3583563235080587
train,0.48031804,0.05096558733846377,0.3583563235080587
train,0.47992018,0.05096558733846377,0.356613910265718
train,0.47985372,0.05125598954552055,0.356613910265718
train,0.47982842,0.05125598954552055,0.3563235080586612
train,0.4797479,0.05169159285610571,0.3563235080586612
train,0.47948757,0.05169159285610571,0.3558879047480761
train,0.47945917,0.05198199506316248,0.3558879047480761
train,0.47943023,0.05198199506316248,0.35574270364454774
train,0.47942683,0.05212719616669087,0.35574270364454774
train,0.47926518,0.05212719616669087,0.3550166981269057
train,0.47915062,0.05241759837374764,0.3550166981269057
train,0.4790198,0.05241759837374764,0.3545810948163206
train,0.47893083,0.0528532016843328,0.3545810948163206
train,0.47823858,0.0528532016843328,0.35153187164222444
train,0.47821555,0.052998402787861186,0.35153187164222444
train,0.4779151,0.052998402787861186,0.35051546391752575
train,0.4778402,0.05314360389138958,0.35051546391752575
train,0.4778301,0.05314360389138958,0.35022506171046897
train,0.47778258,0.05328880499491796,0.35022506171046897
train,0.47760665,0.05328880499491796,0.34978945839988385
train,0.47746086,0.053724408305503124,0.34978945839988385
train,0.4774547,0.053724408305503124,0.3496442572963554
train,0.47737992,0.054014810512559894,0.3496442572963554
train,0.4773505,0.054014810512559894,0.34949905619282706
train,0.47734064,0.054160011616088286,0.34949905619282706
train,0.47723702,0.054160011616088286,0.3492086539857703
train,0.47721285,0.05430521271961667,0.3492086539857703
train,0.47699678,0.05430521271961667,0.3484826484681284
train,0.4769688,0.054450413823145055,0.3484826484681284
train,0.47689292,0.054450413823145055,0.34804704515754314
train,0.47676125,0.05474081603020183,0.34804704515754314
train,0.4767248,0.05474081603020183,0.3479018440540148
train,0.47670433,0.05488601713373022,0.3479018440540148
train,0.47662488,0.05488601713373022,0.3474662407434297
train,0.4764716,0.05532162044431538,0.3474662407434297
train,0.47630602,0.05532162044431538,0.34703063743284446
train,0.47629845,0.05546682154784376,0.34703063743284446
train,0.47623873,0.05546682154784376,0.3468854363293161
train,0.47603264,0.055902424858428924,0.3468854363293161
train,0.47597533,0.055902424858428924,0.3467402352257877
train,0.47595218,0.05604762596195731,0.3467402352257877
train,0.47578782,0.05604762596195731,0.34586902860461743
train,0.47569287,0.056338028169014086,0.34586902860461743
train,0.4756131,0.056338028169014086,0.34557862639756065
train,0.47556466,0.056628430376070855,0.34557862639756065
train,0.47504586,0.056628430376070855,0.3447074197763903
train,0.47495982,0.05691883258312763,0.3447074197763903
train,0.47481155,0.05691883258312763,0.34456221867286196
train,0.47477123,0.05749963699724118,0.34456221867286196
train,0.47468334,0.05749963699724118,0.3439814142587484
train,0.4744834,0.057790039204297955,0.3439814142587484
train,0.47441423,0.057790039204297955,0.34383621315521995
train,0.47434622,0.05793524030782634,0.34383621315521995
train,0.4743076,0.05793524030782634,0.3436910120516916
train,0.47423023,0.0583708436184115,0.3436910120516916
train,0.47422275,0.0583708436184115,0.34354581094816317
train,0.47419658,0.058516044721939886,0.34354581094816317
train,0.47405297,0.058516044721939886,0.3432554087411064
train,0.47402522,0.05866124582546827,0.3432554087411064
train,0.4740124,0.05866124582546827,0.34311020763757805
train,0.4739755,0.05880644692899666,0.34311020763757805
train,0.47397253,0.05880644692899666,0.3429650065340497
train,0.47393525,0.05895164803252505,0.3429650065340497
train,0.47381875,0.05895164803252505,0.3425294032234645
train,0.47377884,0.05909684913605343,0.3425294032234645
train,0.47375244,0.05909684913605343,0.3422390010164077
train,0.47373635,0.059242050239581824,0.3422390010164077
train,0.47362623,0.059242050239581824,0.34209379991287936
train,0.47354192,0.05938725134311021,0.34209379991287936
train,0.47350425,0.05938725134311021,0.3419485988093509
train,0.4735031,0.059532452446638594,0.3419485988093509
train,0.47341397,0.059532452446638594,0.3418033977058226
train,0.47332016,0.05982285465369537,0.3418033977058226
train,0.47323513,0.05982285465369537,0.34165819660229413
train,0.47313437,0.059968055757223755,0.34165819660229413
train,0.473132,0.059968055757223755,0.3415129954987658
train,0.47310603,0.06011325686075214,0.3415129954987658
train,0.4729649,0.06011325686075214,0.3407869899811239
train,0.47287688,0.06040365906780892,0.3407869899811239
train,0.47272077,0.06040365906780892,0.34064178887759544
train,0.47265732,0.06083926237839408,0.34064178887759544
train,0.4726522,0.06083926237839408,0.3404965877740671
train,0.47263533,0.06098446348192246,0.3404965877740671
train,0.47233135,0.06098446348192246,0.3390445767387832
train,0.47218692,0.06112966458545085,0.3390445767387832
train,0.47214767,0.06112966458545085,0.33860897342819807
train,0.472097,0.061420066792507624,0.33860897342819807
train,0.47188833,0.061420066792507624,0.3377377668070277
train,0.47184736,0.061710468999564394,0.3377377668070277
train,0.47182277,0.061710468999564394,0.3375925657034994
train,0.47179016,0.061855670103092786,0.3375925657034994
train,0.47152346,0.061855670103092786,0.33643095687527225
train,0.47152296,0.06200087120662117,0.33643095687527225
train,0.47144148,0.06200087120662117,0.3362857557717439
train,0.47141,0.062146072310149555,0.3362857557717439
train,0.47140032,0.062146072310149555,0.33614055466821546
train,0.471366,0.06229127341367795,0.33614055466821546
train,0.47098958,0.06229127341367795,0.3352693480470451
train,0.47094962,0.06243647451720633,0.3352693480470451
train,0.470645,0.06243647451720633,0.3343981414258749
train,0.47056946,0.06287207782779149,0.3343981414258749
train,0.47056255,0.06287207782779149,0.3342529403223464
train,0.47053254,0.06301727893131988,0.3342529403223464
train,0.47030145,0.06301727893131988,0.33323653259764774
train,0.4702726,0.06316248003484827,0.33323653259764774
train,0.47020224,0.06316248003484827,0.3330913314941194
train,0.47017944,0.06345288224190504,0.3330913314941194
train,0.4701065,0.06345288224190504,0.3323653259764774
train,0.4700558,0.06359808334543343,0.3323653259764774
train,0.4699307,0.06359808334543343,0.3320749237694206
train,0.46992597,0.06374328444896181,0.3320749237694206
train,0.46990484,0.06374328444896181,0.33192972266589227
train,0.46987218,0.0638884855524902,0.33192972266589227
train,0.4698144,0.0638884855524902,0.3316393204588355
train,0.46981013,0.06403368665601858,0.3316393204588355
train,0.46978703,0.06403368665601858,0.33149411935530715
train,0.46973395,0.06417888775954697,0.33149411935530715
train,0.46946663,0.06417888775954697,0.3306229127341368
train,0.46933183,0.06446928996660374,0.3306229127341368
train,0.4691872,0.06446928996660374,0.3298969072164949
train,0.46915743,0.06475969217366052,0.3298969072164949
train,0.46910277,0.06475969217366052,0.3296065050094381
train,0.46908167,0.0649048932771889,0.3296065050094381
train,0.46859786,0.0649048932771889,0.3285900972847393
train,0.46859273,0.0650500943807173,0.3285900972847393
train,0.46855363,0.0650500943807173,0.328444896181211
train,0.4684027,0.06534049658777406,0.328444896181211
train,0.46817505,0.06534049658777406,0.3278640917670974
train,0.4679888,0.06563089879483085,0.3278640917670974
train,0.46788847,0.06563089879483085,0.3275736895600406
train,0.46788067,0.06577609989835922,0.3275736895600406
train,0.46780044,0.06577609989835922,0.3274284884565123
train,0.4677087,0.066066502105416,0.3274284884565123
train,0.4675539,0.066066502105416,0.32699288514592706
train,0.46735886,0.06650210541600116,0.32699288514592706
train,0.46696463,0.06650210541600116,0.32554087411064325
train,0.4669108,0.06664730651952955,0.32554087411064325
train,0.4667364,0.06664730651952955,0.3249600696965297
train,0.4666911,0.06679250762305794,0.3249600696965297
train,0.46667027,0.06679250762305794,0.32481486859300135
train,0.46666956,0.06693770872658632,0.32481486859300135
train,0.46654853,0.06693770872658632,0.3242340641788878
train,0.46649864,0.06708290983011471,0.3242340641788878
train,0.466332,0.06708290983011471,0.323943661971831
train,0.46621385,0.06766371424422826,0.323943661971831
train,0.46616662,0.06766371424422826,0.3236532597647742
train,0.4659847,0.06809931755481341,0.3236532597647742
train,0.46594077,0.06809931755481341,0.3235080586612459
train,0.46590224,0.0682445186583418,0.3235080586612459
train,0.465835,0.0682445186583418,0.32336285755771743
train,0.46576375,0.06853492086539857,0.32336285755771743
train,0.46576267,0.06853492086539857,0.3232176564541891
train,0.46565667,0.06868012196892696,0.3232176564541891
train,0.4654352,0.06868012196892696,0.32278205314360386
train,0.46543375,0.06882532307245535,0.32278205314360386
train,0.4654098,0.06882532307245535,0.32263685204007553
train,0.46531788,0.06926092638304052,0.32263685204007553
train,0.46523386,0.06926092638304052,0.3222012487294903
train,0.46505064,0.06969652969362568,0.3222012487294903
train,0.4650237,0.06969652969362568,0.3217656454189052
train,0.4649701,0.06998693190068245,0.3217656454189052
train,0.4649435,0.06998693190068245,0.32162044431537684
train,0.46490267,0.07013213300421083,0.32162044431537684
train,0.46475896,0.07013213300421083,0.3208944387977348
train,0.46469805,0.07056773631479599,0.3208944387977348
train,0.46422303,0.07056773631479599,0.3201684332800929
train,0.46393073,0.07100333962538115,0.3201684332800929
train,0.4639091,0.07100333962538115,0.3200232321765646
train,0.4639043,0.07114854072890954,0.3200232321765646
train,0.4636894,0.07114854072890954,0.319442427762451
train,0.46363035,0.07143894293596631,0.319442427762451
train,0.4633763,0.07143894293596631,0.31915202555539424
train,0.46336636,0.0715841440394947,0.31915202555539424
train,0.4633544,0.0715841440394947,0.3190068244518658
train,0.4631498,0.0717293451430231,0.3190068244518658
train,0.4630472,0.0717293451430231,0.31886162334833745
train,0.46300992,0.07187454624655147,0.31886162334833745
train,0.46290332,0.07187454624655147,0.31842602003775233
train,0.4628537,0.07201974735007986,0.31842602003775233
train,0.46275967,0.07201974735007986,0.31813561783069555
train,0.46272293,0.07216494845360824,0.31813561783069555
train,0.46259353,0.07216494845360824,0.31784521562363877
train,0.4624605,0.07245535066066502,0.31784521562363877
train,0.462374,0.07245535066066502,0.317554813416582
train,0.4621965,0.0727457528677218,0.317554813416582
train,0.46219352,0.0727457528677218,0.31740961231305354
train,0.46214134,0.07289095397125019,0.31740961231305354
train,0.46211004,0.07289095397125019,0.31711921010599675
train,0.4620782,0.07332655728183535,0.31711921010599675
train,0.4619105,0.07332655728183535,0.3168288078989401
train,0.4619098,0.07347175838536373,0.3168288078989401
train,0.4614618,0.07347175838536373,0.3152315957601278
train,0.46144706,0.07361695948889212,0.3152315957601278
train,0.46129274,0.07361695948889212,0.3143603891389575
train,0.4612758,0.07376216059242051,0.3143603891389575
train,0.46079892,0.07376216059242051,0.3133439814142588
train,0.4607746,0.07390736169594889,0.3133439814142588
train,0.4607552,0.07390736169594889,0.313053579207202
train,0.4605275,0.07434296500653405,0.313053579207202
train,0.4603244,0.07434296500653405,0.31290837810367356
train,0.46025145,0.07477856831711921,0.31290837810367356
train,0.46023786,0.07477856831711921,0.3127631770001452
train,0.46014604,0.07506897052417598,0.3127631770001452
train,0.46013865,0.07506897052417598,0.3126179758966168
train,0.4600596,0.07535937273123276,0.3126179758966168
train,0.4599595,0.07535937273123276,0.31218237258603165
train,0.45986128,0.07550457383476114,0.31218237258603165
train,0.45979092,0.07550457383476114,0.31189197037897487
train,0.45965078,0.07637578045593146,0.31189197037897487
train,0.45950472,0.07637578045593146,0.3113111659648613
train,0.459465,0.07652098155945986,0.3113111659648613
train,0.45933095,0.07652098155945986,0.3110207637578045
train,0.45924687,0.07681138376651662,0.3110207637578045
train,0.45919704,0.07681138376651662,0.3108755626542762
train,0.45915368,0.07695658487004502,0.3108755626542762
train,0.45901334,0.07695658487004502,0.31043995934369106
train,0.45899084,0.0771017859735734,0.31043995934369106
train,0.45880538,0.0771017859735734,0.3101495571366343
train,0.45877805,0.07724698707710179,0.3101495571366343
train,0.4585239,0.07724698707710179,0.30942355161899227
train,0.4584813,0.07739218818063018,0.30942355161899227
train,0.45845947,0.07739218818063018,0.30898794830840715
train,0.45832953,0.07753738928415856,0.30898794830840715
train,0.45814034,0.07753738928415856,0.30826194279076524
train,0.4580906,0.07782779149121534,0.30826194279076524
train,0.45802927,0.07782779149121534,0.30797154058370846
train,0.45800823,0.07797299259474372,0.30797154058370846
train,0.45791477,0.07797299259474372,0.3076811383766517
train,0.45787504,0.07811819369827211,0.3076811383766517
train,0.45779076,0.07811819369827211,0.30724553506606656
train,0.45774543,0.07826339480180049,0.30724553506606656
train,0.4577108,0.07826339480180049,0.3071003339625381
train,0.45760205,0.07840859590532888,0.3071003339625381
train,0.45752662,0.07840859590532888,0.3068099317554813
train,0.45742625,0.07869899811238565,0.3068099317554813
train,0.45742357,0.07869899811238565,0.306664730651953
train,0.4573906,0.07884419921591404,0.306664730651953
train,0.45730543,0.07884419921591404,0.30622912734136776
train,0.4571358,0.0794250036300276,0.30622912734136776
train,0.45696428,0.0794250036300276,0.30579352403078264
train,0.4569354,0.07957020473355597,0.30579352403078264
train,0.45687267,0.07957020473355597,0.30521271961666907
train,0.4567576,0.0802962102511979,0.30521271961666907
train,0.4567125,0.0802962102511979,0.3049223174096123
train,0.45658317,0.08058661245825469,0.3049223174096123
train,0.45655072,0.08058661245825469,0.30477711630608395
train,0.45652542,0.08087701466531146,0.30477711630608395
train,0.45651308,0.08087701466531146,0.3046319152025555
train,0.45648715,0.08116741687236823,0.3046319152025555
train,0.4564793,0.08116741687236823,0.3043415129954987
train,0.45639792,0.08145781907942501,0.3043415129954987
train,0.4563469,0.08145781907942501,0.3041963118919704
train,0.45625976,0.08189342239001017,0.3041963118919704
train,0.45609415,0.08189342239001017,0.3039059096849136
train,0.45601776,0.08218382459706694,0.3039059096849136
train,0.45595005,0.08218382459706694,0.3036155074778568
train,0.45592988,0.08232902570059532,0.3036155074778568
train,0.45572558,0.08232902570059532,0.30259909975315813
train,0.4556918,0.0826194279076521,0.30259909975315813
train,0.45562598,0.0826194279076521,0.30230869754610135
train,0.45559517,0.08276462901118048,0.30230869754610135
train,0.45559156,0.08276462901118048,0.302163496442573
train,0.4555244,0.08290983011470887,0.302163496442573
train,0.4554878,0.08290983011470887,0.30201829533904456
train,0.45540532,0.08320023232176564,0.30201829533904456
train,0.45518476,0.08320023232176564,0.3017278931319878
train,0.45512238,0.08334543342529403,0.3017278931319878
train,0.4550815,0.08334543342529403,0.30158269202845944
train,0.4548744,0.0836358356323508,0.30158269202845944
train,0.4544761,0.0836358356323508,0.30027588209670397
train,0.45442706,0.0837810367358792,0.30027588209670397
train,0.4544046,0.0837810367358792,0.3001306809931755
train,0.45439413,0.08407143894293596,0.3001306809931755
train,0.45435038,0.08407143894293596,0.2999854798896472
train,0.45434746,0.08421664004646436,0.2999854798896472
train,0.454313,0.08421664004646436,0.29984027878611874
train,0.45425,0.08450704225352113,0.29984027878611874
train,0.4541006,0.08450704225352113,0.2992594743720052
train,0.45409638,0.08465224335704952,0.2992594743720052
train,0.45408976,0.08465224335704952,0.29911427326847684
train,0.45407212,0.0847974444605779,0.29911427326847684
train,0.45406646,0.0847974444605779,0.2989690721649485
train,0.45404732,0.08494264556410629,0.2989690721649485
train,0.45398042,0.08494264556410629,0.2982430666473065
train,0.45392993,0.08508784666763468,0.2982430666473065
train,0.4535902,0.08508784666763468,0.2975170611296646
train,0.4535117,0.08552344997821984,0.2975170611296646
train,0.4533793,0.08552344997821984,0.29737186002613625
train,0.45337886,0.08566865108174822,0.29737186002613625
train,0.4533471,0.08566865108174822,0.2972266589226078
train,0.45334682,0.08581385218527661,0.2972266589226078
train,0.45328626,0.08581385218527661,0.296936256715551
train,0.4531927,0.085959053288805,0.296936256715551
train,0.45269135,0.085959053288805,0.29533904457673876
train,0.4526443,0.08624945549586177,0.29533904457673876
train,0.45261592,0.08624945549586177,0.295048642369682
train,0.45256418,0.08639465659939015,0.295048642369682
train,0.452552,0.08639465659939015,0.29490344126615364
train,0.4525393,0.08668505880644693,0.29490344126615364
train,0.45247558,0.08668505880644693,0.29461303905909686
train,0.45242894,0.08683025990997531,0.29461303905909686
train,0.45242652,0.08683025990997531,0.2944678379555684
train,0.45223472,0.08741106432408886,0.2944678379555684
train,0.4521052,0.08741106432408886,0.29388703354145496
train,0.4520264,0.08755626542761726,0.29388703354145496
train,0.45165336,0.08755626542761726,0.2933062291273414
train,0.4515971,0.08770146653114563,0.2933062291273414
train,0.4515019,0.08770146653114563,0.29287062581675616
train,0.45146653,0.08799186873820242,0.29287062581675616
train,0.45142978,0.08799186873820242,0.2927254247132278
train,0.45121104,0.08842747204878756,0.2927254247132278
train,0.45119965,0.08842747204878756,0.2925802236096995
train,0.45119795,0.08857267315231596,0.2925802236096995
train,0.4511471,0.08857267315231596,0.29243502250617104
train,0.4511106,0.08871787425584435,0.29243502250617104
train,0.45076594,0.08871787425584435,0.29098301147088723
train,0.45073485,0.08900827646290112,0.29098301147088723
train,0.4506346,0.08900827646290112,0.29040220705677366
train,0.4506218,0.08915347756642951,0.29040220705677366
train,0.45054737,0.08915347756642951,0.2901118048497169
train,0.45041198,0.08958908087701467,0.2901118048497169
train,0.45024982,0.08958908087701467,0.28924059822854653
train,0.45021904,0.08973428198054305,0.28924059822854653
train,0.45007992,0.08973428198054305,0.28895019602148975
train,0.4500545,0.08987948308407144,0.28895019602148975
train,0.45001796,0.08987948308407144,0.28865979381443296
train,0.44999695,0.09002468418759983,0.28865979381443296
train,0.4498839,0.09002468418759983,0.2883693916073762
train,0.449837,0.0903150863946566,0.2883693916073762
train,0.4498189,0.0903150863946566,0.28822419050384784
train,0.44977123,0.09046028749818498,0.28822419050384784
train,0.4497476,0.09046028749818498,0.2880789894003194
train,0.44974566,0.09060548860171337,0.2880789894003194
train,0.44959018,0.09060548860171337,0.2869173805720924
train,0.4495847,0.09075068970524176,0.2869173805720924
train,0.449584,0.09075068970524176,0.2867721794685639
train,0.44956693,0.09104109191229853,0.2867721794685639
train,0.4495272,0.09104109191229853,0.2866269783650356
train,0.4495181,0.09118629301582692,0.2866269783650356
train,0.44935194,0.09118629301582692,0.2863365761579788
train,0.44932207,0.0913314941193553,0.2863365761579788
train,0.44912297,0.0913314941193553,0.2856105706403369
train,0.4491166,0.0914766952228837,0.2856105706403369
train,0.44876698,0.0914766952228837,0.28430376070858143
train,0.4487207,0.09162189632641209,0.28430376070858143
train,0.44857466,0.09162189632641209,0.2838681573979962
train,0.44843686,0.09234790184405402,0.2838681573979962
train,0.44841,0.09234790184405402,0.28372295629446787
train,0.44835767,0.0924931029475824,0.28372295629446787
train,0.4481918,0.0924931029475824,0.2827065485697692
train,0.4480404,0.09307390736169595,0.2827065485697692
train,0.44800973,0.09307390736169595,0.28256134746624073
train,0.44790354,0.09321910846522434,0.28256134746624073
train,0.44785485,0.09321910846522434,0.28227094525918395
train,0.44784585,0.09336430956875272,0.28227094525918395
train,0.4477914,0.09336430956875272,0.28198054305212716
train,0.44774008,0.09350951067228111,0.28198054305212716
train,0.44766238,0.09350951067228111,0.2818353419485988
train,0.44756714,0.09394511398286627,0.2818353419485988
train,0.4473843,0.09394511398286627,0.2813997386380136
train,0.44726187,0.09438071729345143,0.2813997386380136
train,0.44715175,0.09438071729345143,0.2811093364309569
train,0.4471302,0.0946711195005082,0.2811093364309569
train,0.4466914,0.0946711195005082,0.2793669231886162
train,0.44666582,0.0948163206040366,0.2793669231886162
train,0.44648486,0.0948163206040366,0.2789313198780311
train,0.44633925,0.09496152170756497,0.2789313198780311
train,0.44624412,0.09496152170756497,0.2786409176709743
train,0.44623628,0.09510672281109336,0.2786409176709743
train,0.44616312,0.09510672281109336,0.27806011325686075
train,0.4461198,0.09539712501815013,0.27806011325686075
train,0.44611117,0.09539712501815013,0.27776971104980397
train,0.44603857,0.09554232612167853,0.27776971104980397
train,0.44592777,0.09554232612167853,0.2774793088427472
train,0.4459204,0.09568752722520692,0.2774793088427472
train,0.44585449,0.09568752722520692,0.27733410773921885
train,0.44573817,0.09597792943226369,0.27733410773921885
train,0.4456922,0.09597792943226369,0.2771889066356904
train,0.44562063,0.09626833163932046,0.2771889066356904
train,0.4456093,0.09626833163932046,0.27704370553216207
train,0.44554517,0.09655873384637723,0.27704370553216207
train,0.44523525,0.09655873384637723,0.27631770001452016
train,0.44523382,0.09670393494990562,0.27631770001452016
train,0.44523248,0.09670393494990562,0.2761724989109917
train,0.4451691,0.09684913605343401,0.2761724989109917
train,0.4450582,0.09684913605343401,0.27559169449687815
train,0.444972,0.09713953826049078,0.27559169449687815
train,0.4448313,0.09713953826049078,0.27530129228982136
train,0.44469732,0.09742994046754755,0.27530129228982136
train,0.44469678,0.09742994046754755,0.27515609118629303
train,0.4444891,0.0980107448816611,0.27515609118629303
train,0.4444658,0.0980107448816611,0.2750108900827646
train,0.4443598,0.0981559459851895,0.2750108900827646
train,0.4443255,0.0981559459851895,0.27486568897923624
train,0.44411153,0.09844634819224626,0.27486568897923624
train,0.44406134,0.09844634819224626,0.27457528677217946
train,0.44403297,0.09859154929577464,0.27457528677217946
train,0.44397727,0.09859154929577464,0.2744300856686511
train,0.44389883,0.09873675039930303,0.2744300856686511
train,0.4438935,0.09873675039930303,0.2742848845651227
train,0.4438123,0.0990271526063598,0.2742848845651227
train,0.44379324,0.0990271526063598,0.27413968346159434
train,0.44377795,0.0991723537098882,0.27413968346159434
train,0.44369033,0.0991723537098882,0.27384928125453756
train,0.44358578,0.09931755481341659,0.27384928125453756
train,0.44348684,0.09931755481341659,0.2737040801510091
train,0.44335252,0.09975315812400175,0.2737040801510091
train,0.44325805,0.09975315812400175,0.2735588790474808
train,0.44324708,0.09989835922753013,0.2735588790474808
train,0.4431493,0.09989835922753013,0.27312327573689565
train,0.44310197,0.10004356033105852,0.27312327573689565
train,0.44304642,0.10004356033105852,0.2729780746333672
train,0.4430256,0.10018876143458691,0.2729780746333672
train,0.44295514,0.10018876143458691,0.27283287352983887
train,0.44292918,0.10033396253811529,0.27283287352983887
train,0.44290623,0.10033396253811529,0.2726876724263104
train,0.44280845,0.10062436474517206,0.2726876724263104
train,0.4427601,0.10062436474517206,0.27239727021925364
train,0.44272476,0.10091476695222884,0.27239727021925364
train,0.44218773,0.10091476695222884,0.27210686801219686
train,0.4421827,0.10105996805575722,0.27210686801219686
train,0.4419148,0.10105996805575722,0.2715260635980834
train,0.44189703,0.10120516915928561,0.2715260635980834
train,0.44149616,0.10120516915928561,0.2705096558733846
train,0.44139314,0.10193117467692754,0.2705096558733846
train,0.44137627,0.10193117467692754,0.27036445476985627
train,0.44132295,0.1023667779875127,0.27036445476985627
train,0.44130754,0.1023667779875127,0.2700740525627995
train,0.44127133,0.1025119790910411,0.2700740525627995
train,0.44100854,0.1025119790910411,0.26891244373457235
train,0.4409431,0.10280238129809786,0.26891244373457235
train,0.44072467,0.10280238129809786,0.268767242631044
train,0.44070905,0.10294758240162626,0.268767242631044
train,0.4406851,0.10294758240162626,0.26862204152751556
train,0.44067797,0.10309278350515463,0.26862204152751556
train,0.44062352,0.10309278350515463,0.2683316393204588
train,0.44059157,0.10323798460868303,0.2683316393204588
train,0.44035548,0.10323798460868303,0.2677508349063453
train,0.44032255,0.10338318571221142,0.2677508349063453
train,0.4402288,0.10338318571221142,0.2676056338028169
train,0.4401867,0.1035283868157398,0.2676056338028169
train,0.44013777,0.1035283868157398,0.2673152315957601
train,0.44007236,0.10381878902279658,0.2673152315957601
train,0.4400668,0.10381878902279658,0.26717003049223176
train,0.43993223,0.10396399012632496,0.26717003049223176
train,0.43984503,0.10396399012632496,0.266879628285175
train,0.4398426,0.10410919122985335,0.266879628285175
train,0.43971398,0.10410919122985335,0.2665892260781182
train,0.43969792,0.10425439233338174,0.2665892260781182
train,0.43963778,0.10425439233338174,0.2662988238710614
train,0.43952137,0.10512559895455205,0.2662988238710614
train,0.43950012,0.10512559895455205,0.26615362276753307
train,0.43941987,0.10541600116160883,0.26615362276753307
train,0.43928185,0.10541600116160883,0.2652824161463627
train,0.43923002,0.105851604472194,0.2652824161463627
train,0.439203,0.105851604472194,0.2648468128357776
train,0.43915078,0.10599680557572237,0.2648468128357776
train,0.43906093,0.10599680557572237,0.26470161173224915
train,0.4389818,0.1067228110933643,0.26470161173224915
train,0.43897778,0.1067228110933643,0.2645564106287208
train,0.43895096,0.10701321330042109,0.2645564106287208
train,0.4387886,0.10701321330042109,0.26397560621460725
train,0.4387393,0.10715841440394946,0.26397560621460725
train,0.43869248,0.10715841440394946,0.26368520400755047
train,0.43857875,0.10759401771453463,0.26368520400755047
train,0.43838653,0.10759401771453463,0.2633948018004937
train,0.4383519,0.10788441992159141,0.2633948018004937
train,0.4382398,0.10788441992159141,0.2626687962828518
train,0.43817505,0.10802962102511979,0.2626687962828518
train,0.43813828,0.10802962102511979,0.262378394075795
train,0.43808818,0.10846522433570495,0.262378394075795
train,0.43794206,0.10846522433570495,0.2616523885581531
train,0.4379131,0.10875562654276172,0.2616523885581531
train,0.43788016,0.10875562654276172,0.2613619863510963
train,0.43778175,0.10919122985334688,0.2613619863510963
train,0.4377602,0.10919122985334688,0.26121678524756786
train,0.43775997,0.10933643095687527,0.26121678524756786
train,0.43770695,0.10933643095687527,0.2609263830405111
train,0.4375577,0.10977203426746043,0.2609263830405111
train,0.43738815,0.10977203426746043,0.26049077972992596
train,0.43729138,0.1100624364745172,0.26049077972992596
train,0.4372557,0.1100624364745172,0.2602003775228692
train,0.43705934,0.11049803978510236,0.2602003775228692
train,0.43694812,0.11049803978510236,0.25976477421228406
train,0.43686232,0.11064324088863076,0.25976477421228406
train,0.43681505,0.11064324088863076,0.2596195731087556
train,0.43677616,0.11078844199215913,0.2596195731087556
train,0.43672705,0.11078844199215913,0.2591839697981705
train,0.43662104,0.1112240453027443,0.2591839697981705
train,0.43657354,0.1112240453027443,0.25874836648758526
train,0.43640825,0.11165964861332946,0.25874836648758526
train,0.43632886,0.11165964861332946,0.2584579642805286
train,0.43616575,0.11180484971685785,0.2584579642805286
train,0.43613285,0.11180484971685785,0.2581675620734718
train,0.43603492,0.11195005082038624,0.2581675620734718
train,0.43592048,0.11195005082038624,0.25802236096994335
train,0.43577254,0.11209525192391462,0.25802236096994335
train,0.43554705,0.11209525192391462,0.25729635545230145
train,0.43549943,0.1123856541309714,0.25729635545230145
train,0.43541557,0.1123856541309714,0.257151154348773
train,0.4351056,0.11311165964861333,0.257151154348773
train,0.43507385,0.11311165964861333,0.25686075214171633
train,0.43498307,0.1134020618556701,0.25686075214171633
train,0.43497863,0.1134020618556701,0.2567155510381879
train,0.43492806,0.1135472629591985,0.2567155510381879
train,0.43489152,0.1135472629591985,0.25657034993465955
train,0.43481505,0.11369246406272687,0.25657034993465955
train,0.43480942,0.11369246406272687,0.2564251488311311
train,0.43479657,0.11383766516625526,0.2564251488311311
train,0.43471277,0.11383766516625526,0.2561347466240743
train,0.4346179,0.11398286626978366,0.2561347466240743
train,0.43444207,0.11398286626978366,0.2552635400029041
train,0.43430632,0.11412806737331203,0.2552635400029041
train,0.43428934,0.11412806737331203,0.25511833889937563
train,0.43410674,0.11441846958036882,0.25511833889937563
train,0.43404344,0.11441846958036882,0.25482793669231885
train,0.43387586,0.1145636706838972,0.25482793669231885
train,0.4338298,0.1145636706838972,0.2546827355887905
train,0.43370524,0.11470887178742559,0.2546827355887905
train,0.4336556,0.11470887178742559,0.2542471322782053
train,0.4333092,0.11543487730506752,0.2542471322782053
train,0.4331738,0.11543487730506752,0.2539567300711485
train,0.43301296,0.11616088282270945,0.2539567300711485
train,0.43285236,0.11616088282270945,0.25337592565703504
train,0.4327162,0.11630608392623784,0.25337592565703504
train,0.43271306,0.11630608392623784,0.2532307245535066
train,0.43261838,0.116741687236823,0.2532307245535066
train,0.43260774,0.116741687236823,0.25308552344997826
train,0.43259972,0.11688688834035138,0.25308552344997826
train,0.43241856,0.11688688834035138,0.252649920139393
train,0.43234625,0.11717729054740816,0.252649920139393
train,0.43226898,0.11717729054740816,0.2522143168288079
train,0.43225193,0.11746769275446493,0.2522143168288079
train,0.43218565,0.11746769275446493,0.2519239146217511
train,0.43212086,0.1179032960650501,0.2519239146217511
train,0.43204027,0.1179032960650501,0.2517787135182228
train,0.4320251,0.11804849716857849,0.2517787135182228
train,0.431997,0.11804849716857849,0.25163351241469434
train,0.43197978,0.11819369827210686,0.25163351241469434
train,0.4318435,0.11819369827210686,0.25090750689705243
train,0.43178895,0.11833889937563526,0.25090750689705243
train,0.4317111,0.11833889937563526,0.250762305793524
train,0.43167678,0.11862930158269203,0.250762305793524
train,0.43166715,0.11862930158269203,0.25061710468999565
train,0.43166324,0.11877450268622042,0.25061710468999565
train,0.4315862,0.11877450268622042,0.25032670248293887
train,0.43157083,0.1189197037897488,0.25032670248293887
train,0.43156376,0.1189197037897488,0.25018150137941053
train,0.43133426,0.11950050820386235,0.25018150137941053
train,0.43123114,0.11950050820386235,0.24989109917235375
train,0.43111026,0.11993611151444751,0.24989109917235375
train,0.43078622,0.11993611151444751,0.24931029475824018
train,0.43064594,0.12022651372150428,0.24931029475824018
train,0.4305214,0.12022651372150428,0.2487294903441266
train,0.4302487,0.12080731813561783,0.2487294903441266
train,0.43013486,0.12080731813561783,0.24843908813706983
train,0.43005183,0.1210977203426746,0.24843908813706983
train,0.4300175,0.1210977203426746,0.2480034848264847
train,0.4299227,0.121242921446203,0.2480034848264847
train,0.42991582,0.121242921446203,0.24785828372295626
train,0.42990705,0.12138812254973137,0.24785828372295626
train,0.42985243,0.12138812254973137,0.24771308261942793
train,0.42969772,0.12196892696384493,0.24771308261942793
train,0.42944536,0.12196892696384493,0.2472774793088427
train,0.4292477,0.1222593291709017,0.2472774793088427
train,0.42920017,0.1222593291709017,0.24698707710178602
train,0.4291886,0.12240453027443009,0.24698707710178602
train,0.42918077,0.12240453027443009,0.24684187599825758
train,0.42916587,0.12254973137795848,0.24684187599825758
train,0.42914477,0.12254973137795848,0.2465514737912008
train,0.4291132,0.12269493248148686,0.2465514737912008
train,0.4289992,0.12269493248148686,0.24640627268767246
train,0.42896453,0.12284013358501525,0.24640627268767246
train,0.42888084,0.12284013358501525,0.2455350660665021
train,0.4286712,0.12342093799912879,0.2455350660665021
train,0.42865545,0.12342093799912879,0.24538986496297377
train,0.4286271,0.12356613910265718,0.24538986496297377
train,0.42860365,0.12356613910265718,0.24524466385944532
train,0.4285475,0.12371134020618557,0.24524466385944532
train,0.4285138,0.12371134020618557,0.24509946275591699
train,0.42839667,0.12400174241324234,0.24509946275591699
train,0.42825502,0.12400174241324234,0.24495426165238854
train,0.42795676,0.12487294903441266,0.24495426165238854
train,0.42785367,0.12487294903441266,0.2448090605488602
train,0.42774224,0.12530855234499783,0.2448090605488602
train,0.42761502,0.12530855234499783,0.24451865834180342
train,0.42756006,0.12545375344852622,0.24451865834180342
train,0.42750433,0.12545375344852622,0.24422825613474664
train,0.42748404,0.12574415565558297,0.24422825613474664
train,0.4272888,0.12574415565558297,0.24393785392768985
train,0.42728832,0.12588935675911136,0.24393785392768985
train,0.427233,0.12588935675911136,0.24379265282416152
train,0.42719367,0.12603455786263976,0.24379265282416152
train,0.42717436,0.12603455786263976,0.24364745172063307
train,0.42707887,0.1264701611732249,0.24364745172063307
train,0.42688644,0.1264701611732249,0.24321184841004795
train,0.42687532,0.1267605633802817,0.24321184841004795
train,0.42675498,0.1267605633802817,0.2430666473065195
train,0.4266608,0.12705096558733847,0.2430666473065195
train,0.42654353,0.12705096558733847,0.24248584289240593
train,0.42643708,0.12734136779439523,0.24248584289240593
train,0.42642295,0.12734136779439523,0.24219544068534926
train,0.42630875,0.1277769711049804,0.24219544068534926
train,0.42629397,0.1277769711049804,0.24190503847829248
train,0.42627907,0.12806737331203716,0.24190503847829248
train,0.4262505,0.12806737331203716,0.2416146362712357
train,0.42612794,0.12850297662262233,0.2416146362712357
train,0.4260601,0.12850297662262233,0.2413242340641789
train,0.42604083,0.12864817772615073,0.2413242340641789
train,0.42577246,0.12864817772615073,0.24030782633948022
train,0.42573658,0.12879337882967912,0.24030782633948022
train,0.42550302,0.12879337882967912,0.239872223028895
train,0.42544413,0.12893857993320748,0.239872223028895
train,0.42538792,0.12893857993320748,0.23972702192536666
train,0.42531312,0.12908378103673587,0.23972702192536666
train,0.42493883,0.12908378103673587,0.23943661971830987
train,0.42491972,0.12937418324379266,0.23943661971830987
train,0.4248902,0.12937418324379266,0.23929141861478143
train,0.42483193,0.12966458545084944,0.23929141861478143
train,0.4247608,0.12966458545084944,0.2391462175112531
train,0.4246495,0.1299549876579062,0.2391462175112531
train,0.42462426,0.1299549876579062,0.2388558153041963
train,0.42461497,0.1301001887614346,0.2388558153041963
train,0.42453602,0.1301001887614346,0.23856541309713952
train,0.4245117,0.13024538986496298,0.23856541309713952
train,0.42444697,0.13024538986496298,0.23827501089008274
train,0.4244262,0.13039059096849137,0.23827501089008274
train,0.42439878,0.13039059096849137,0.2381298097865544
train,0.4243732,0.13053579207201974,0.2381298097865544
train,0.42435032,0.13053579207201974,0.23798460868302596
train,0.42430946,0.13068099317554813,0.23798460868302596
train,0.42427614,0.13068099317554813,0.23783940757949762
train,0.42427105,0.13082619427907652,0.23783940757949762
train,0.42421794,0.13082619427907652,0.23769420647596917
train,0.42414826,0.1309713953826049,0.23769420647596917
train,0.42403492,0.1309713953826049,0.2374038042689124
train,0.4239798,0.1312617975896617,0.2374038042689124
train,0.42394495,0.1312617975896617,0.23711340206185572
train,0.42393097,0.13155219979671845,0.23711340206185572
train,0.42391503,0.13155219979671845,0.23696820095832727
train,0.42389384,0.13169740090024684,0.23696820095832727
train,0.4238087,0.13169740090024684,0.23667779875127049
train,0.42379305,0.13184260200377523,0.23667779875127049
train,0.42373586,0.13184260200377523,0.23653259764774215
train,0.42373043,0.132133004210832,0.23653259764774215
train,0.42361507,0.132133004210832,0.2363873965442137
train,0.42355096,0.13227820531436038,0.2363873965442137
train,0.4234002,0.13227820531436038,0.23609699433715692
train,0.42330173,0.13256860752141716,0.23609699433715692
train,0.42326796,0.13256860752141716,0.23580659213010013
train,0.42324793,0.13285900972847395,0.23580659213010013
train,0.42323795,0.13285900972847395,0.23551618992304346
train,0.4232219,0.1330042108320023,0.23551618992304346
train,0.4232157,0.1330042108320023,0.23537098881951501
train,0.42313173,0.1332946130390591,0.23537098881951501
train,0.42305475,0.1332946130390591,0.23522578771598668
train,0.42298022,0.1334398141425875,0.23522578771598668
train,0.42293578,0.1334398141425875,0.2349353855089299
train,0.42293224,0.13358501524611588,0.2349353855089299
train,0.42282742,0.13358501524611588,0.23449978219834466
train,0.42273292,0.13373021634964427,0.23449978219834466
train,0.42269763,0.13373021634964427,0.23435458109481633
train,0.42264998,0.13387541745317263,0.23435458109481633
train,0.42259246,0.13387541745317263,0.23420937999128788
train,0.42256027,0.13402061855670103,0.23420937999128788
train,0.42230296,0.13402061855670103,0.23362857557717442
train,0.4222954,0.13416581966022942,0.23362857557717442
train,0.42227727,0.13416581966022942,0.23348337447364598
train,0.42226848,0.1344562218672862,0.23348337447364598
train,0.42220214,0.1344562218672862,0.23333817337011764
train,0.4220755,0.13489182517787135,0.23333817337011764
train,0.42203704,0.13489182517787135,0.2331929722665892
train,0.4219695,0.13503702628139974,0.2331929722665892
train,0.42191604,0.13503702628139974,0.23304777116306086
train,0.42166328,0.13561783069551328,0.23304777116306086
train,0.4215229,0.13561783069551328,0.23232176564541895
train,0.42133188,0.13619863510962682,0.23232176564541895
train,0.42132038,0.13619863510962682,0.23203136343836217
train,0.42131323,0.1363438362131552,0.23203136343836217
train,0.4210852,0.1363438362131552,0.2314505590242486
train,0.42106673,0.1364890373166836,0.2314505590242486
train,0.42106462,0.1364890373166836,0.23130535792072016
train,0.42089272,0.13706984173079714,0.23130535792072016
train,0.4208404,0.13706984173079714,0.23116015681719182
train,0.4208237,0.13736024393785393,0.23116015681719182
train,0.4206413,0.13736024393785393,0.23014374909249313
train,0.42059416,0.13750544504138232,0.23014374909249313
train,0.42042574,0.13750544504138232,0.2297081457819079
train,0.42014724,0.13837665166255264,0.2297081457819079
train,0.42014694,0.13837665166255264,0.22956294467837957
train,0.4201017,0.13852185276608103,0.22956294467837957
train,0.42000198,0.13852185276608103,0.22912734136779445
train,0.41988948,0.1386670538696094,0.22912734136779445
train,0.41985744,0.1386670538696094,0.22883693916073766
train,0.4198536,0.1388122549731378,0.22883693916073766
train,0.4198211,0.1388122549731378,0.22854653695368088
train,0.41950998,0.13953826049077972,0.22854653695368088
train,0.41943505,0.13953826049077972,0.22840133585015243
train,0.41938874,0.1398286626978365,0.22840133585015243
train,0.41935855,0.1398286626978365,0.22811093364309565
train,0.41930684,0.1399738638013649,0.22811093364309565
train,0.419074,0.1399738638013649,0.22738492812545374
train,0.41905707,0.1401190649048933,0.22738492812545374
train,0.41899547,0.1401190649048933,0.2272397270219254
train,0.41893235,0.14026426600842165,0.2272397270219254
train,0.4187983,0.14026426600842165,0.22694932481486862
train,0.4187543,0.14040946711195004,0.22694932481486862
train,0.4187518,0.14040946711195004,0.22680412371134018
train,0.41853264,0.14142587483664876,0.22680412371134018
train,0.41842863,0.14142587483664876,0.22665892260781184
train,0.41841668,0.14171627704370554,0.22665892260781184
train,0.41839784,0.14171627704370554,0.22636852040075506
train,0.41837746,0.14186147814723393,0.22636852040075506
train,0.4183728,0.14186147814723393,0.2262233192972266
train,0.41823986,0.14244228256134747,0.2262233192972266
train,0.41817823,0.14244228256134747,0.2257877159866415
train,0.41813403,0.14258748366487586,0.2257877159866415
train,0.41804633,0.14258748366487586,0.22564251488311315
train,0.4179363,0.14287788587193262,0.22564251488311315
train,0.41784945,0.14287788587193262,0.22520691157252792
train,0.4177559,0.1434586902860462,0.22520691157252792
train,0.41767713,0.1434586902860462,0.2250617104689996
train,0.4175897,0.14389429359663133,0.2250617104689996
train,0.41751957,0.14389429359663133,0.22491650936547114
train,0.41740286,0.14418469580368812,0.22491650936547114
train,0.41730982,0.14418469580368812,0.22448090605488602
train,0.41725057,0.14476550021780166,0.22448090605488602
train,0.41724825,0.14476550021780166,0.22433570495135768
train,0.41703105,0.14578190794250037,0.22433570495135768
train,0.41700402,0.14578190794250037,0.22419050384782924
train,0.41688222,0.14621751125308552,0.22419050384782924
train,0.41683152,0.14621751125308552,0.22375490053724412
train,0.41671982,0.1466531145636707,0.22375490053724412
train,0.41664296,0.1466531145636707,0.22360969943371567
train,0.4165877,0.14694351677072745,0.22360969943371567
train,0.41645658,0.14694351677072745,0.22346449833018733
train,0.41640443,0.14723391897778423,0.22346449833018733
train,0.41637763,0.14723391897778423,0.22331929722665889
train,0.41627514,0.14781472339189777,0.22331929722665889
train,0.4162667,0.14781472339189777,0.2230288950196021
train,0.4161061,0.1483955278060113,0.2230288950196021
train,0.41606966,0.1483955278060113,0.22273849281254543
train,0.41603583,0.1485407289095397,0.22273849281254543
train,0.41598508,0.1485407289095397,0.22259329170901698
train,0.41596073,0.1486859300130681,0.22259329170901698
train,0.41575426,0.1486859300130681,0.22215768839843186
train,0.41574576,0.1488311311165965,0.22215768839843186
train,0.4157095,0.1488311311165965,0.22201248729490342
train,0.4155842,0.14941193553071003,0.22201248729490342
train,0.4155428,0.14941193553071003,0.22172208508784663
train,0.41553366,0.14955713663423842,0.22172208508784663
train,0.41550407,0.14955713663423842,0.22143168288078985
train,0.41548857,0.1498475388412952,0.22143168288078985
train,0.41541925,0.1498475388412952,0.22114128067373306
train,0.41540277,0.1499927399448236,0.22114128067373306
train,0.41491878,0.1499927399448236,0.2205604762596196
train,0.41474584,0.1508639465659939,0.2205604762596196
train,0.41473845,0.1508639465659939,0.22027007405256283
train,0.41461435,0.15129954987657906,0.22027007405256283
train,0.41451603,0.15129954987657906,0.21997967184550604
train,0.4144284,0.1517351531871642,0.21997967184550604
train,0.4144209,0.1517351531871642,0.2198344707419776
train,0.4144067,0.1518803542906926,0.2198344707419776
train,0.4143339,0.1518803542906926,0.2195440685349208
train,0.41432428,0.152025555394221,0.2195440685349208
train,0.41432258,0.152025555394221,0.21939886743139247
train,0.41431442,0.15231595760127778,0.21939886743139247
train,0.41430685,0.15231595760127778,0.21925366632786414
train,0.41409522,0.1530419631189197,0.21925366632786414
train,0.41403672,0.1530419631189197,0.2191084652243357
train,0.41400415,0.1531871642224481,0.2191084652243357
train,0.41398433,0.1531871642224481,0.21896326412080735
train,0.4139202,0.15347756642950486,0.21896326412080735
train,0.41383654,0.15347756642950486,0.2188180630172789
train,0.413538,0.15434877305067518,0.2188180630172789
train,0.41343737,0.15434877305067518,0.21823725860316534
train,0.4133808,0.15478437636126036,0.21823725860316534
train,0.41337478,0.15478437636126036,0.218092057499637
train,0.41332006,0.15492957746478872,0.218092057499637
train,0.41323343,0.15492957746478872,0.21794685639610856
train,0.41299435,0.1563815885000726,0.21794685639610856
train,0.41270322,0.1563815885000726,0.21707564977493832
train,0.4126995,0.15652678960360097,0.21707564977493832
train,0.41259545,0.15652678960360097,0.21678524756788153
train,0.41257343,0.15667199070712937,0.21678524756788153
train,0.41250047,0.15667199070712937,0.2166400464643531
train,0.41249248,0.15681719181065776,0.2166400464643531
train,0.4123943,0.15681719181065776,0.21649484536082475
train,0.4123165,0.15696239291418615,0.21649484536082475
train,0.41204903,0.15696239291418615,0.2156236387396544
train,0.41200593,0.15725279512124293,0.2156236387396544
train,0.41193917,0.15725279512124293,0.21547843763612606
train,0.41188717,0.1573979962247713,0.21547843763612606
train,0.4117919,0.1573979962247713,0.21533323653259762
train,0.41171712,0.15826920284594162,0.21533323653259762
train,0.41159296,0.15826920284594162,0.21504283432554083
train,0.41155753,0.1585596050529984,0.21504283432554083
train,0.41149026,0.1585596050529984,0.2146072310149557
train,0.41146943,0.1587048061565268,0.2146072310149557
train,0.41142875,0.1587048061565268,0.21431682880789893
train,0.41139317,0.1588500072600552,0.21431682880789893
train,0.41137463,0.1588500072600552,0.2141716277043706
train,0.41120854,0.15914040946711194,0.2141716277043706
train,0.4109326,0.15914040946711194,0.21271961666908668
train,0.41073763,0.15943081167416873,0.21271961666908668
train,0.41059923,0.15943081167416873,0.21257441556555834
train,0.41053522,0.1597212138812255,0.21257441556555834
train,0.41050658,0.1597212138812255,0.21228401335850156
train,0.41042843,0.15986641498475387,0.21228401335850156
train,0.41041934,0.15986641498475387,0.2121388122549731
train,0.4103925,0.16001161608828227,0.2121388122549731
train,0.41034195,0.16001161608828227,0.21199361115144477
train,0.41030028,0.16015681719181066,0.21199361115144477
train,0.41028744,0.16015681719181066,0.21184841004791632
train,0.41024852,0.16030201829533905,0.21184841004791632
train,0.4101757,0.16030201829533905,0.21155800784085954
train,0.41000685,0.1608828227094526,0.21155800784085954
train,0.40998334,0.1608828227094526,0.21126760563380287
train,0.4099461,0.16102802381298098,0.21126760563380287
train,0.40989953,0.16102802381298098,0.21112240453027442
train,0.40961528,0.1618992304341513,0.21112240453027442
train,0.4096029,0.1618992304341513,0.21097720342674608
train,0.40922186,0.16262523595179323,0.21097720342674608
train,0.40900597,0.16262523595179323,0.21054160011616085
train,0.40894243,0.16277043705532163,0.21054160011616085
train,0.40884563,0.16277043705532163,0.21039639901263252
train,0.40866023,0.16291563815885002,0.21039639901263252
train,0.4086399,0.16291563815885002,0.21025119790910407
train,0.40862498,0.16306083926237838,0.21025119790910407
train,0.40860984,0.16306083926237838,0.2099607957020473
train,0.40856415,0.16320604036590677,0.2099607957020473
train,0.4085287,0.16320604036590677,0.20967039349499061
train,0.40843284,0.16378684478002034,0.20967039349499061
train,0.4083544,0.16378684478002034,0.2089443879773486
train,0.4081087,0.1642224480906055,0.2089443879773486
train,0.40807495,0.1642224480906055,0.20865398577029182
train,0.40805474,0.16436764919413388,0.20865398577029182
train,0.4080245,0.16436764919413388,0.20836358356323503
train,0.40800402,0.16451285029766227,0.20836358356323503
train,0.40799296,0.16451285029766227,0.2082183824597067
train,0.40790355,0.16465805140119064,0.2082183824597067
train,0.40790212,0.16465805140119064,0.20807318135617836
train,0.40786907,0.16494845360824742,0.20807318135617836
train,0.40777698,0.16494845360824742,0.20763757804559313
train,0.4076986,0.16552925802236096,0.20763757804559313
train,0.40769574,0.16552925802236096,0.20734717583853635
train,0.4075919,0.16581966022941774,0.20734717583853635
train,0.40758064,0.16581966022941774,0.207201974735008
train,0.4075797,0.16596486133294613,0.207201974735008
train,0.407508,0.16596486133294613,0.20691157252795123
train,0.40748492,0.16640046464353128,0.20691157252795123
train,0.4074237,0.16640046464353128,0.20662117032089444
train,0.40730318,0.16683606795411646,0.20662117032089444
train,0.40710938,0.16683606795411646,0.20618556701030932
train,0.407034,0.16698126905764485,0.20618556701030932
train,0.4070201,0.16698126905764485,0.20604036590678088
train,0.4069949,0.1672716712647016,0.20604036590678088
train,0.40699276,0.1672716712647016,0.20589516480325254
train,0.40660682,0.16814287788587193,0.20589516480325254
train,0.4065355,0.16814287788587193,0.2057499636997241
train,0.40646273,0.1684332800929287,0.2057499636997241
train,0.40643328,0.1684332800929287,0.20560476259619576
train,0.40629873,0.16872368229998547,0.20560476259619576
train,0.40627345,0.16872368229998547,0.2054595614926673
train,0.406272,0.16886888340351386,0.2054595614926673
train,0.40622902,0.16886888340351386,0.20531436038913897
train,0.40621325,0.16915928561057064,0.20531436038913897
train,0.40620458,0.16915928561057064,0.20516915928561053
train,0.4061095,0.16944968781762743,0.20516915928561053
train,0.40601182,0.16944968781762743,0.20458835487149707
train,0.40599617,0.1695948889211558,0.20458835487149707
train,0.40596578,0.1695948889211558,0.20444315376796862
train,0.40593052,0.17003049223174097,0.20444315376796862
train,0.40592965,0.17003049223174097,0.20429795266444029
train,0.40582272,0.1704660955423261,0.20429795266444029
train,0.4057026,0.1704660955423261,0.2040075504573835
train,0.40558913,0.1709016988529113,0.2040075504573835
train,0.4055654,0.17104689995643968,0.20386234935385505
train,0.40528482,0.17220850878466676,0.20386234935385505
train,0.4052224,0.17220850878466676,0.20371714825032672
train,0.40504333,0.1729345143023087,0.20371714825032672
train,0.40503663,0.1729345143023087,0.20357194714679827
train,0.40498975,0.17322491650936547,0.20357194714679827
train,0.40483886,0.17322491650936547,0.20299114273268482
train,0.40483654,0.17337011761289386,0.20299114273268482
train,0.40480047,0.17337011761289386,0.20270074052562803
train,0.40461493,0.1740961231305358,0.20270074052562803
train,0.4045803,0.1740961231305358,0.20255553942209958
train,0.40451637,0.17482212864817773,0.20255553942209958
train,0.40447572,0.17482212864817773,0.20241033831857125
train,0.40444,0.17496732975170612,0.20241033831857125
train,0.40443173,0.17496732975170612,0.2022651372150428
train,0.4041896,0.1761289385799332,0.2022651372150428
train,0.40409493,0.1761289385799332,0.20211993611151446
train,0.40402502,0.17670974299404676,0.20211993611151446
train,0.40397534,0.17670974299404676,0.20197473500798602
train,0.4038803,0.17685494409757513,0.20197473500798602
train,0.40384522,0.17685494409757513,0.20182953390445768
train,0.40383723,0.17700014520110352,0.20182953390445768
train,0.4037899,0.17700014520110352,0.20168433280092923
train,0.4037292,0.1772905474081603,0.20168433280092923
train,0.40371868,0.1772905474081603,0.2015391316974009
train,0.4033936,0.17801655292580223,0.2015391316974009
train,0.40325564,0.17801655292580223,0.200813126179759
train,0.40324682,0.17816175402933063,0.200813126179759
train,0.40313518,0.17816175402933063,0.20037752286917376
train,0.40298623,0.17859735733991577,0.20037752286917376
train,0.4029564,0.17859735733991577,0.20023232176564543
train,0.40293497,0.17888775954697256,0.20023232176564543
train,0.40293172,0.17888775954697256,0.20008712066211698
train,0.40284923,0.17917816175402934,0.20008712066211698
train,0.40282205,0.17917816175402934,0.19994191955858864
train,0.4026233,0.17975896616814288,0.19994191955858864
train,0.40249142,0.17975896616814288,0.19936111514447508
train,0.40235263,0.17990416727167127,0.19936111514447508
train,0.40224466,0.17990416727167127,0.19892551183388996
train,0.40221626,0.18004936837519966,0.19892551183388996
train,0.40219444,0.18004936837519966,0.19863510962683317
train,0.40219262,0.18019456947872803,0.19863510962683317
train,0.4021454,0.18019456947872803,0.19848990852330473
train,0.40209633,0.1804849716857848,0.19848990852330473
train,0.40207615,0.1804849716857848,0.1983447074197764
train,0.40190902,0.1807753738928416,0.1983447074197764
train,0.4018406,0.1807753738928416,0.19790910410919127
train,0.40170664,0.18106577609989835,0.19790910410919127
train,0.40165147,0.18106577609989835,0.19761870190213449
train,0.40158355,0.18150137941048353,0.19761870190213449
train,0.4015531,0.18150137941048353,0.19747350079860604
train,0.40128055,0.18237258603165385,0.19747350079860604
train,0.40109107,0.18237258603165385,0.19718309859154926
train,0.4008838,0.182808189342239,0.19718309859154926
train,0.40086794,0.182808189342239,0.19689269638449247
train,0.40081066,0.1829533904457674,0.19689269638449247
train,0.40075952,0.1829533904457674,0.19674749528096414
train,0.40075585,0.18309859154929578,0.19674749528096414
train,0.400619,0.18309859154929578,0.19645709307390735
train,0.40016472,0.18440540148105125,0.19645709307390735
train,0.39995396,0.18440540148105125,0.19602148976332223
train,0.39994258,0.18455060258457964,0.19602148976332223
train,0.3998812,0.18455060258457964,0.19587628865979378
train,0.3998101,0.18484100479163643,0.19587628865979378
train,0.39980307,0.18484100479163643,0.19573108755626545
train,0.39968705,0.18542180920574997,0.19573108755626545
train,0.39960456,0.18542180920574997,0.19544068534920866
train,0.3994531,0.1861478147233919,0.19544068534920866
train,0.39924785,0.1861478147233919,0.19515028314215188
train,0.39917564,0.18658341803397707,0.19515028314215188
train,0.39907497,0.18658341803397707,0.19500508203862355
train,0.398905,0.1871642224480906,0.19500508203862355
train,0.39882544,0.1871642224480906,0.19471467983156676
train,0.3986507,0.18789022796573254,0.19471467983156676
train,0.39861402,0.18789022796573254,0.19456947872803831
train,0.39845753,0.18818063017278933,0.19456947872803831
train,0.39842105,0.18818063017278933,0.19442427762450998
train,0.39840588,0.1883258312763177,0.19442427762450998
train,0.3983946,0.1883258312763177,0.19427907652098153
train,0.3983501,0.18847103237984608,0.19427907652098153
train,0.39833045,0.18847103237984608,0.1941338754174532
train,0.39811948,0.18890663569043126,0.1941338754174532
train,0.39809355,0.18890663569043126,0.1938434732103964
train,0.3980252,0.189197037897488,0.1938434732103964
train,0.39792916,0.189197037897488,0.19326266879628284
train,0.39791045,0.1893422390010164,0.19326266879628284
train,0.39789233,0.1893422390010164,0.1931174676927545
train,0.39784673,0.1894874401045448,0.1931174676927545
train,0.39781252,0.1894874401045448,0.19282706548569772
train,0.3976932,0.19006824451865834,0.19282706548569772
train,0.39766055,0.19006824451865834,0.19268186438216928
train,0.39760888,0.19035864672571512,0.19268186438216928
train,0.39758375,0.19035864672571512,0.19253666327864094
train,0.39755687,0.19093945113982866,0.19253666327864094
train,0.39746282,0.19093945113982866,0.1921010599680557
train,0.39729398,0.1915202555539422,0.1921010599680557
train,0.39725763,0.1915202555539422,0.19195585886452737
train,0.39717233,0.19181065776099898,0.19195585886452737
train,0.39709404,0.19181065776099898,0.19181065776099904
train,0.3968945,0.19239146217511252,0.19181065776099904
train,0.3968741,0.19239146217511252,0.19152025555394225
train,0.39683032,0.1925366632786409,0.19152025555394225
train,0.3967456,0.1925366632786409,0.19108465224335702
train,0.3967083,0.1929722665892261,0.19108465224335702
train,0.39670643,0.1929722665892261,0.1909394511398287
train,0.3966754,0.19311746769275445,0.1909394511398287
train,0.39666146,0.19311746769275445,0.19079425003630024
train,0.39653802,0.19355307100333963,0.19079425003630024
train,0.3964312,0.19355307100333963,0.19021344562218678
train,0.39635986,0.19369827210686802,0.19021344562218678
train,0.3963464,0.19369827210686802,0.19006824451865834
train,0.3962012,0.19427907652098156,0.19006824451865834
train,0.39611155,0.19427907652098156,0.18977784231160155
train,0.39604756,0.19442427762450995,0.18977784231160155
train,0.39595264,0.19442427762450995,0.18934223900101643
train,0.39594743,0.19456947872803834,0.18934223900101643
train,0.39586237,0.19456947872803834,0.1889066356904312
train,0.39579406,0.1950050820386235,0.1889066356904312
train,0.39573923,0.1950050820386235,0.18832583127631775
train,0.3957255,0.19515028314215188,0.18832583127631775
train,0.3956763,0.19515028314215188,0.18803542906926096
train,0.3956497,0.19529548424568027,0.18803542906926096
train,0.39562362,0.19529548424568027,0.18789022796573251
train,0.3955836,0.19558588645273703,0.18789022796573251
train,0.3955533,0.19558588645273703,0.18759982575867573
train,0.39539203,0.19573108755626542,0.18759982575867573
train,0.39536205,0.19573108755626542,0.18730942355161895
train,0.3952723,0.1961666908668506,0.18730942355161895
train,0.3952498,0.1961666908668506,0.1871642224480906
train,0.39523992,0.196311891970379,0.1871642224480906
train,0.3951926,0.196311891970379,0.18687382024103383
train,0.3951212,0.19660229417743574,0.18687382024103383
train,0.3950897,0.19660229417743574,0.18658341803397704
train,0.39499828,0.19718309859154928,0.18658341803397704
train,0.3948922,0.19718309859154928,0.18614781472339192
train,0.39486027,0.19732829969507767,0.18614781472339192
train,0.3948115,0.19732829969507767,0.18556701030927836
train,0.39473662,0.19761870190213446,0.18556701030927836
train,0.39468837,0.19761870190213446,0.18527660810222157
train,0.39463538,0.19776390300566285,0.18527660810222157
train,0.39461526,0.19776390300566285,0.18513140699869324
train,0.39451486,0.19848990852330478,0.18513140699869324
train,0.39451045,0.19848990852330478,0.1849862058951648
train,0.39439213,0.19892551183388993,0.1849862058951648
train,0.39434806,0.19892551183388993,0.18455060258457967
train,0.3942808,0.19907071293741832,0.18455060258457967
train,0.39420232,0.19907071293741832,0.1842602003775229
train,0.39412498,0.1992159140409467,0.1842602003775229
train,0.3940569,0.1992159140409467,0.18411499927399444
train,0.3940516,0.1993611151444751,0.18411499927399444
train,0.3938402,0.1993611151444751,0.18382459706693766
train,0.39382955,0.1995063162480035,0.18382459706693766
train,0.3938048,0.1995063162480035,0.18367939596340932
train,0.39376378,0.19994191955858864,0.18367939596340932
train,0.39374658,0.19994191955858864,0.18353419485988098
train,0.39370018,0.20008712066211704,0.18353419485988098
train,0.39364615,0.20008712066211704,0.1832437926528242
train,0.39361376,0.20037752286917382,0.1832437926528242
train,0.39350942,0.20037752286917382,0.18251778713518219
train,0.39335954,0.20095832728328736,0.18251778713518219
train,0.39331576,0.20095832728328736,0.1822273849281254
train,0.39331025,0.20110352838681575,0.1822273849281254
train,0.39298478,0.20110352838681575,0.18135617830695516
train,0.39290586,0.2013939305938725,0.18135617830695516
train,0.39287964,0.2013939305938725,0.18121097720342672
train,0.39284736,0.2015391316974009,0.18121097720342672
train,0.39270297,0.2015391316974009,0.18106577609989838
train,0.3926906,0.20197473500798607,0.18106577609989838
train,0.39263946,0.20197473500798607,0.18092057499636993
train,0.39262682,0.20226513721504283,0.18092057499636993
train,0.3925908,0.20226513721504283,0.1807753738928416
train,0.39239207,0.20313634383621315,0.1807753738928416
train,0.39229146,0.20313634383621315,0.1804849716857848
train,0.39228284,0.20328154493974154,0.1804849716857848
train,0.39223227,0.20328154493974154,0.18033977058225648
train,0.39218763,0.20357194714679833,0.18033977058225648
train,0.39218542,0.20357194714679833,0.18019456947872803
train,0.39211512,0.20386234935385508,0.18019456947872803
train,0.39195812,0.20386234935385508,0.1797589661681429
train,0.39193383,0.20415275156091187,0.1797589661681429
train,0.39189819,0.20415275156091187,0.17946856396108612
train,0.3918601,0.20415275156091187,0.17917816175402934
train,0.39182314,0.20415275156091187,0.1790329606505009
train,0.39175615,0.20429795266444026,0.1790329606505009
train,0.39168522,0.20429795266444026,0.17874255844344422
train,0.39164543,0.20444315376796865,0.17874255844344422
train,0.3914992,0.20444315376796865,0.178306955132859
train,0.39139587,0.2050239581820822,0.178306955132859
train,0.3913344,0.2050239581820822,0.17816175402933065
train,0.39125472,0.20516915928561058,0.17816175402933065
train,0.3911352,0.20516915928561058,0.17772615071874542
train,0.3910798,0.20545956149266734,0.17772615071874542
train,0.39105088,0.20545956149266734,0.1775809496152171
train,0.39087462,0.20574996369972412,0.1775809496152171
train,0.39085558,0.20574996369972412,0.17743574851168864
train,0.39082864,0.2058951648032525,0.17743574851168864
train,0.39081642,0.2058951648032525,0.1772905474081603
train,0.39063868,0.20647596921736605,0.1772905474081603
train,0.3906272,0.20647596921736605,0.17714534630463197
train,0.39062184,0.20662117032089444,0.17714534630463197
train,0.39057294,0.20662117032089444,0.17670974299404674
train,0.39052746,0.20676637142442283,0.17670974299404674
train,0.39041033,0.20676637142442283,0.1758385363728764
train,0.39033118,0.2070567736314796,0.1758385363728764
train,0.39031717,0.2070567736314796,0.17569333526934805
train,0.3903122,0.20720197473500798,0.17569333526934805
train,0.39029372,0.20720197473500798,0.1755481341658197
train,0.39011192,0.20763757804559316,0.1755481341658197
train,0.39002404,0.20763757804559316,0.17540293306229127
train,0.39000595,0.2080731813561783,0.17540293306229127
train,0.38996652,0.2080731813561783,0.17525773195876293
train,0.38996387,0.2082183824597067,0.17525773195876293
train,0.38976485,0.2082183824597067,0.17467692754464936
train,0.38972902,0.20850878466676348,0.17467692754464936
train,0.38967073,0.20850878466676348,0.17453172644112092
train,0.38961267,0.20879918687382024,0.17453172644112092
train,0.3895607,0.20879918687382024,0.1740961231305358
train,0.38945496,0.2092347901844054,0.1740961231305358
train,0.3893903,0.2092347901844054,0.17366051981995068
train,0.3893394,0.20952519239146217,0.17366051981995068
train,0.38932538,0.20952519239146217,0.17351531871642223
train,0.38908017,0.21010599680557573,0.17351531871642223
train,0.38886425,0.21010599680557573,0.1730797154058371
train,0.3887912,0.2103963990126325,0.1730797154058371
train,0.388645,0.2103963990126325,0.17264411209525188
train,0.38861066,0.21068680121968927,0.17264411209525188
train,0.38857713,0.21068680121968927,0.17249891099172354
train,0.3884634,0.21112240453027442,0.17249891099172354
train,0.3884155,0.21112240453027442,0.1723537098881952
train,0.3884023,0.2112676056338028,0.1723537098881952
train,0.38832724,0.2112676056338028,0.17206330768113842
train,0.38831782,0.2114128067373312,0.17206330768113842
train,0.3883032,0.2114128067373312,0.17191810657760997
train,0.3882922,0.2115580078408596,0.17191810657760997
train,0.38806462,0.2115580078408596,0.1713373021634964
train,0.3878534,0.21228401335850153,0.1713373021634964
train,0.38777336,0.21228401335850153,0.17104689995643962
train,0.3876703,0.21286481777261507,0.17104689995643962
train,0.38766974,0.21286481777261507,0.1709016988529113
train,0.38757735,0.21330042108320024,0.1709016988529113
train,0.3875163,0.21330042108320024,0.17075649774938284
train,0.387498,0.213590823290257,0.17075649774938284
train,0.3874427,0.213590823290257,0.1706112966458545
train,0.3874392,0.2137360243937854,0.1706112966458545
train,0.38740203,0.2137360243937854,0.17046609554232617
train,0.38735923,0.21388122549731378,0.17046609554232617
train,0.38735202,0.21388122549731378,0.17032089443879772
train,0.38734323,0.21402642660084217,0.17032089443879772
train,0.38732144,0.21402642660084217,0.17017569333526938
train,0.38728425,0.21431682880789893,0.17017569333526938
train,0.387259,0.21431682880789893,0.17003049223174094
train,0.38723508,0.2146072310149557,0.17003049223174094
train,0.3871264,0.2146072310149557,0.1698852911282126
train,0.3870962,0.2147524321184841,0.1698852911282126
train,0.38700458,0.2147524321184841,0.16944968781762737
train,0.38684234,0.21547843763612604,0.16944968781762737
train,0.38683206,0.21547843763612604,0.1691592856105706
train,0.38681045,0.21576883984318282,0.1691592856105706
train,0.38679853,0.21576883984318282,0.16901408450704225
train,0.3867287,0.21605924205023957,0.16901408450704225
train,0.386564,0.21605924205023957,0.16872368229998547
train,0.3865251,0.21620444315376797,0.16872368229998547
train,0.3865119,0.21620444315376797,0.16857848119645713
train,0.3864733,0.21634964425729636,0.16857848119645713
train,0.38628796,0.21634964425729636,0.1681428778858719
train,0.38624072,0.2170756497749383,0.1681428778858719
train,0.38620552,0.2170756497749383,0.16799767678234356
train,0.38615066,0.21722085087846668,0.16799767678234356
train,0.3860884,0.21722085087846668,0.16785247567881512
train,0.3860355,0.21751125308552344,0.16785247567881512
train,0.38597342,0.21751125308552344,0.16770727457528678
train,0.38597032,0.21765645418905183,0.16770727457528678
train,0.38587236,0.21765645418905183,0.16727167126470166
train,0.38579,0.21780165529258022,0.16727167126470166
train,0.38574985,0.21780165529258022,0.16698126905764488
train,0.38564697,0.218092057499637,0.16698126905764488
train,0.38558292,0.218092057499637,0.16683606795411643
train,0.38541558,0.21867286191375054,0.16683606795411643
train,0.3853442,0.21867286191375054,0.1666908668505881
train,0.38531923,0.21881806301727894,0.1666908668505881
train,0.38526255,0.21881806301727894,0.16654566574705965
train,0.3851319,0.2191084652243357,0.16654566574705965
train,0.38510212,0.2191084652243357,0.1664004646435313
train,0.38502753,0.21925366632786408,0.1664004646435313
train,0.3850244,0.21925366632786408,0.16625526354000286
train,0.38498324,0.21939886743139247,0.16625526354000286
train,0.3849033,0.21939886743139247,0.16581966022941774
train,0.38446712,0.22070567736314797,0.16581966022941774
train,0.38428426,0.22070567736314797,0.16523885581530418
train,0.3842538,0.22099607957020473,0.16523885581530418
train,0.38423246,0.22099607957020473,0.16509365471177584
train,0.38421622,0.22114128067373312,0.16509365471177584
train,0.38417733,0.22114128067373312,0.1649484536082474
train,0.3839445,0.22230288950196023,0.1649484536082474
train,0.3839035,0.22230288950196023,0.16480325250471906
train,0.38387367,0.2224480906054886,0.16480325250471906
train,0.38380247,0.2224480906054886,0.1646580514011906
train,0.3837696,0.22273849281254537,0.1646580514011906
train,0.38370752,0.22273849281254537,0.16451285029766227
train,0.3837014,0.22288369391607377,0.16451285029766227
train,0.3836446,0.22288369391607377,0.16436764919413382
train,0.38352206,0.22317409612313052,0.16436764919413382
train,0.38347188,0.22317409612313052,0.1642224480906055
train,0.38330293,0.2246261071584144,0.1642224480906055
train,0.3831846,0.2246261071584144,0.16378684478002037
train,0.38316053,0.2247713082619428,0.16378684478002037
train,0.38304177,0.2247713082619428,0.1632060403659068
train,0.38286442,0.22593291709016988,0.1632060403659068
train,0.38278463,0.22593291709016988,0.16291563815885002
train,0.3826317,0.22622331929722667,0.16291563815885002
train,0.3826238,0.22622331929722667,0.16277043705532157
train,0.38252258,0.2266589226078118,0.16277043705532157
train,0.3824342,0.2266589226078118,0.16262523595179323
train,0.38238218,0.2268041237113402,0.16262523595179323
train,0.38237247,0.2268041237113402,0.16233483374473645
train,0.38214183,0.22738492812545374,0.16233483374473645
train,0.3821345,0.22738492812545374,0.16218963264120811
train,0.38139465,0.228982140264266,0.16218963264120811
train,0.38138694,0.228982140264266,0.16204443153767967
train,0.38115308,0.22941774357485117,0.16204443153767967
train,0.38109225,0.22941774357485117,0.16189923043415133
train,0.38086575,0.23086975461013504,0.16189923043415133
train,0.38085264,0.23086975461013504,0.16175402933062288
train,0.38051096,0.23174096123130536,0.16175402933062288
train,0.38045985,0.23174096123130536,0.1614636271235661
train,0.3803358,0.2321765645418905,0.1614636271235661
train,0.38033298,0.2321765645418905,0.16131842602003776
train,0.3803276,0.2323217656454189,0.16131842602003776
train,0.38027725,0.2323217656454189,0.16117322491650932
train,0.3802486,0.2324669667489473,0.16117322491650932
train,0.38024342,0.2324669667489473,0.16102802381298098
train,0.3798476,0.2336285755771744,0.16102802381298098
train,0.37983483,0.2336285755771744,0.16088282270945264
train,0.3797963,0.23391897778423115,0.16088282270945264
train,0.3797349,0.23391897778423115,0.16059242050239586
train,0.3794245,0.23449978219834472,0.16059242050239586
train,0.379409,0.23449978219834472,0.1604472193988674
train,0.3793377,0.23493538550892987,0.1604472193988674
train,0.3791863,0.23493538550892987,0.1600116160882823
train,0.37909332,0.23508058661245826,0.1600116160882823
train,0.37906334,0.23508058661245826,0.15986641498475385
train,0.37895793,0.2358065921301002,0.15986641498475385
train,0.37891743,0.2358065921301002,0.1597212138812255
train,0.37885782,0.23609699433715697,0.1597212138812255
train,0.3788101,0.23609699433715697,0.15957601277769706
train,0.37854978,0.2366777987512705,0.15957601277769706
train,0.37851036,0.2366777987512705,0.15914040946711194
train,0.37849954,0.2368229998547989,0.15914040946711194
train,0.3784704,0.2368229998547989,0.1589952083635836
train,0.3783647,0.23725860316538405,0.1589952083635836
train,0.37825805,0.23725860316538405,0.15885000726005516
train,0.37807158,0.23769420647596923,0.15885000726005516
train,0.37791738,0.23769420647596923,0.15855960505299838
train,0.37791568,0.2378394075794976,0.15855960505299838
train,0.37787783,0.2378394075794976,0.15841440394947004
train,0.37785545,0.23798460868302598,0.15841440394947004
train,0.37779462,0.23798460868302598,0.1582692028459416
train,0.3777486,0.23812980978655438,0.1582692028459416
train,0.3777263,0.23812980978655438,0.15812400174241326
train,0.37761393,0.23856541309713955,0.15812400174241326
train,0.3775992,0.23856541309713955,0.1579788006388848
train,0.3775097,0.2391462175112531,0.1579788006388848
train,0.3774716,0.2391462175112531,0.15783359953535647
train,0.377349,0.23958182082183824,0.15783359953535647
train,0.3773026,0.23958182082183824,0.1575431973282997
train,0.37727535,0.23972702192536663,0.1575431973282997
train,0.377261,0.23972702192536663,0.15739799622477135
train,0.37709382,0.24059822854653695,0.15739799622477135
train,0.37705988,0.24059822854653695,0.15710759401771457
train,0.37690946,0.24132423406417888,0.15710759401771457
train,0.37688679,0.24132423406417888,0.15696239291418612
train,0.37685937,0.24146943516770727,0.15696239291418612
train,0.37680772,0.24146943516770727,0.15681719181065779
train,0.37673828,0.24161463627123567,0.15681719181065779
train,0.37656483,0.24161463627123567,0.15638158850007255
train,0.37654296,0.24175983737476406,0.15638158850007255
train,0.3765277,0.24175983737476406,0.15623638739654422
train,0.3764066,0.24190503847829242,0.15623638739654422
train,0.37640324,0.24190503847829242,0.15609118629301588
train,0.37637892,0.24205023958182081,0.15609118629301588
train,0.37626433,0.24205023958182081,0.15594598518948743
train,0.37621424,0.2423406417888776,0.15594598518948743
train,0.37620848,0.2423406417888776,0.1558007840859591
train,0.3762046,0.242485842892406,0.1558007840859591
train,0.3761503,0.242485842892406,0.15536518077537387
train,0.3761058,0.24292144620299114,0.15536518077537387
train,0.3760223,0.24292144620299114,0.15521997967184553
train,0.37598792,0.2433570495135763,0.15521997967184553
train,0.3759619,0.2433570495135763,0.15507477856831708
train,0.3759461,0.24350225061710468,0.15507477856831708
train,0.37590167,0.24350225061710468,0.15492957746478875
train,0.37589896,0.24364745172063307,0.15492957746478875
train,0.37589845,0.24364745172063307,0.1547843763612603
train,0.37564284,0.24466385944533178,0.1547843763612603
train,0.37546724,0.24466385944533178,0.15434877305067518
train,0.37530082,0.24509946275591696,0.15434877305067518
train,0.37525728,0.24509946275591696,0.15420357194714684
train,0.37510997,0.2456802671700305,0.15420357194714684
train,0.37506083,0.2456802671700305,0.15391316974009006
train,0.3750347,0.2458254682735589,0.15391316974009006
train,0.37502468,0.2458254682735589,0.1537679686365616
train,0.37456685,0.24655147379120082,0.1537679686365616
train,0.3745255,0.24655147379120082,0.15362276753303328
train,0.37437972,0.24698707710178597,0.15362276753303328
train,0.37435043,0.24698707710178597,0.15347756642950483
train,0.37433574,0.24713227820531436,0.15347756642950483
train,0.37429965,0.24713227820531436,0.1533323653259765
train,0.3742203,0.2475678815158995,0.1533323653259765
train,0.3742198,0.2475678815158995,0.15318716422244805
train,0.3742106,0.2478582837229563,0.15318716422244805
train,0.3742084,0.2478582837229563,0.1530419631189197
train,0.37420508,0.24800348482648468,0.1530419631189197
train,0.37412298,0.24800348482648468,0.15289676201539126
train,0.37411466,0.24814868593001307,0.15289676201539126
train,0.37411022,0.24814868593001307,0.15275156091186293
train,0.3741084,0.24829388703354147,0.15275156091186293
train,0.37409103,0.24829388703354147,0.1526063598083346
train,0.3739728,0.24858428924059822,0.1526063598083346
train,0.37395808,0.24858428924059822,0.15246115870480614
train,0.37391743,0.2487294903441266,0.15246115870480614
train,0.37391257,0.2487294903441266,0.1523159576012778
train,0.373902,0.248874691447655,0.1523159576012778
train,0.37384605,0.248874691447655,0.15173515318716424
train,0.37379503,0.2491650936547118,0.15173515318716424
train,0.37377188,0.2491650936547118,0.1515899520836358
train,0.3737702,0.24931029475824015,0.1515899520836358
train,0.3736601,0.24931029475824015,0.151299549876579
train,0.37363386,0.24960069696529694,0.151299549876579
train,0.37358904,0.24960069696529694,0.15115434877305067
train,0.3735385,0.2500363002758821,0.15115434877305067
train,0.37352502,0.2500363002758821,0.15100914766952234
train,0.37341297,0.25061710468999565,0.15100914766952234
train,0.3732407,0.25061710468999565,0.1505735443589371
train,0.37317786,0.2510527080005808,0.1505735443589371
train,0.37307194,0.2510527080005808,0.14999273994482354
train,0.3730539,0.2511979091041092,0.14999273994482354
train,0.37298384,0.2511979091041092,0.14970233773776676
train,0.37291482,0.25148831131116595,0.14970233773776676
train,0.37281257,0.25148831131116595,0.14926673442718164
train,0.37277818,0.25163351241469434,0.14926673442718164
train,0.37276974,0.25163351241469434,0.1491215333236533
train,0.37276754,0.25177871351822273,0.1491215333236533
train,0.37270403,0.25177871351822273,0.14883113111659652
train,0.37266675,0.2519239146217511,0.14883113111659652
train,0.3726461,0.2519239146217511,0.14868593001306807
train,0.37260985,0.2520691157252795,0.14868593001306807
train,0.37256542,0.2520691157252795,0.14839552780601128
train,0.37249285,0.2526499201393931,0.14839552780601128
train,0.37239334,0.2526499201393931,0.14825032670248295
train,0.37227994,0.2529403223464498,0.14825032670248295
train,0.37225962,0.2529403223464498,0.1481051255989545
train,0.37223405,0.2532307245535066,0.1481051255989545
train,0.3722149,0.2532307245535066,0.14781472339189783
train,0.37188643,0.25410193117467694,0.14781472339189783
train,0.37188545,0.25410193117467694,0.14766952228836938
train,0.37184748,0.25424713227820533,0.14766952228836938
train,0.3718168,0.25424713227820533,0.1473791200813126
train,0.3716083,0.25468273558879045,0.1473791200813126
train,0.37153757,0.25468273558879045,0.14723391897778426
train,0.37150443,0.25482793669231885,0.14723391897778426
train,0.37125227,0.25482793669231885,0.14650791346014225
train,0.3710106,0.2554087411064324,0.14650791346014225
train,0.37090173,0.2554087411064324,0.14621751125308557
train,0.370857,0.2555539422099608,0.14621751125308557
train,0.37073708,0.2555539422099608,0.14607231014955713
train,0.37058562,0.255989545520546,0.14607231014955713
train,0.37051183,0.255989545520546,0.14578190794250034
train,0.37046522,0.2565703499346595,0.14578190794250034
train,0.37039387,0.2565703499346595,0.145636706838972
train,0.37025487,0.25700595324524467,0.145636706838972
train,0.37024406,0.25700595324524467,0.14549150573544356
train,0.37023008,0.25715115434877306,0.14549150573544356
train,0.37020898,0.25715115434877306,0.14520110352838678
train,0.3699636,0.25802236096994335,0.14520110352838678
train,0.3696927,0.25802236096994335,0.14476550021780166
train,0.36901155,0.2594743720052272,0.14476550021780166
train,0.36900148,0.2594743720052272,0.14462029911427332
train,0.36878467,0.26034557862639757,0.14462029911427332
train,0.36878145,0.26034557862639757,0.14447509801074487
train,0.3687107,0.26063598083345435,0.14447509801074487
train,0.36867255,0.26063598083345435,0.1441846958036881
train,0.3685755,0.26107158414403947,0.1441846958036881
train,0.36857265,0.26107158414403947,0.14403949470015975
train,0.3685246,0.26136198635109625,0.14403949470015975
train,0.36849365,0.26136198635109625,0.1438942935966313
train,0.3684688,0.26150718745462465,0.1438942935966313
train,0.36837336,0.26150718745462465,0.14360389138957452
train,0.3683564,0.26165238855815304,0.14360389138957452
train,0.36822206,0.26165238855815304,0.1431682880789894
train,0.36819297,0.26179758966168143,0.1431682880789894
train,0.36817873,0.26179758966168143,0.14302308697546107
train,0.36798388,0.2629591984899085,0.14302308697546107
train,0.3679277,0.2629591984899085,0.14273268476840428
train,0.36787453,0.2631043995934369,0.14273268476840428
train,0.36784837,0.2631043995934369,0.14258748366487584
train,0.3675378,0.264266008421664,0.14258748366487584
train,0.3674744,0.264266008421664,0.14215188035429072
train,0.36742845,0.26441120952519237,0.14215188035429072
train,0.36739844,0.26441120952519237,0.14200667925076227
train,0.36726588,0.26513721504283433,0.14200667925076227
train,0.36723793,0.26513721504283433,0.14186147814723393
train,0.36703712,0.2657180194569479,0.14186147814723393
train,0.36699814,0.2657180194569479,0.1414258748366488
train,0.36686653,0.2664440249745898,0.1414258748366488
train,0.3668575,0.2664440249745898,0.14128067373312037
train,0.36667073,0.2667344271816466,0.14128067373312037
train,0.36653316,0.2667344271816466,0.14099027152606358
train,0.36642325,0.26717003049223176,0.14099027152606358
train,0.36637944,0.26717003049223176,0.14084507042253525
train,0.36636686,0.26731523159576015,0.14084507042253525
train,0.3663493,0.26731523159576015,0.1406998693190068
train,0.36632118,0.2676056338028169,0.1406998693190068
train,0.3663101,0.2676056338028169,0.14055466821547846
train,0.36615986,0.26804123711340205,0.14055466821547846
train,0.36605337,0.26804123711340205,0.14026426600842168
train,0.36599314,0.26833163932045884,0.14026426600842168
train,0.36598024,0.26833163932045884,0.14011906490489323
train,0.36574697,0.2697836503557427,0.14011906490489323
train,0.36572108,0.2697836503557427,0.1399738638013649
train,0.36562994,0.27036445476985627,0.1399738638013649
train,0.36560914,0.27036445476985627,0.13982866269783656
train,0.3655427,0.2708000580804414,0.13982866269783656
train,0.3655281,0.2708000580804414,0.1396834615943081
train,0.36539856,0.27123566139102656,0.1396834615943081
train,0.3653963,0.27123566139102656,0.13953826049077978
train,0.36526507,0.27167126470161174,0.13953826049077978
train,0.36523986,0.27167126470161174,0.13939305938725133
train,0.36494154,0.2729780746333672,0.13939305938725133
train,0.36493737,0.2729780746333672,0.139247858283723
train,0.36479664,0.2735588790474808,0.139247858283723
train,0.36463004,0.2735588790474808,0.13852185276608098
train,0.36458156,0.27384928125453756,0.13852185276608098
train,0.36457348,0.27384928125453756,0.13837665166255264
train,0.36447898,0.27443008566865107,0.13837665166255264
train,0.36446762,0.27443008566865107,0.1382314505590242
train,0.36446053,0.27457528677217946,0.1382314505590242
train,0.36445954,0.27457528677217946,0.13808624945549586
train,0.3642491,0.2754464933933498,0.13808624945549586
train,0.3641678,0.2754464933933498,0.13779584724843907
train,0.3640666,0.27588209670393493,0.13779584724843907
train,0.36406523,0.27588209670393493,0.13765064614491074
train,0.36379004,0.2766081022215769,0.13765064614491074
train,0.36378396,0.2766081022215769,0.1375054450413823
train,0.36363244,0.2773341077392188,0.1375054450413823
train,0.3634796,0.2773341077392188,0.1372150428343255
train,0.36334538,0.27791491215333236,0.1372150428343255
train,0.36328188,0.27791491215333236,0.13692464062726872
train,0.36315015,0.27806011325686075,0.13692464062726872
train,0.36314502,0.27806011325686075,0.1367794395237404
train,0.3631249,0.27835051546391754,0.1367794395237404
train,0.36312065,0.27835051546391754,0.13663423842021194
train,0.3630805,0.27893131987803105,0.13663423842021194
train,0.3628693,0.27893131987803105,0.13634383621315527
train,0.36272684,0.2795121242921446,0.13634383621315527
train,0.36272183,0.2795121242921446,0.13619863510962682
train,0.36267263,0.279657325395673,0.13619863510962682
train,0.36254928,0.279657325395673,0.1357630317990417
train,0.36238858,0.2808189342239001,0.1357630317990417
train,0.3623776,0.2808189342239001,0.13561783069551325
train,0.36217535,0.28125453753448526,0.13561783069551325
train,0.36200204,0.28125453753448526,0.13532742848845647
train,0.36166316,0.2828517496732975,0.13532742848845647
train,0.3616353,0.2828517496732975,0.13518222738492813
train,0.36119077,0.28473936401916655,0.13518222738492813
train,0.36108157,0.28473936401916655,0.13489182517787135
train,0.3610712,0.28488456512269494,0.13489182517787135
train,0.36106467,0.28488456512269494,0.134746624074343
train,0.36098474,0.2853201684332801,0.134746624074343
train,0.36098304,0.2853201684332801,0.13460142297081457
train,0.36083972,0.28546536953680846,0.13460142297081457
train,0.36083743,0.28546536953680846,0.13445622186728623
train,0.36042884,0.286772179468564,0.13445622186728623
train,0.36041293,0.286772179468564,0.13431102076375778
train,0.36038825,0.2870625816756207,0.13431102076375778
train,0.36038637,0.2870625816756207,0.13416581966022945
train,0.36032888,0.2872077827791491,0.13416581966022945
train,0.36031204,0.2872077827791491,0.134020618556701
train,0.36007458,0.28836939160737624,0.134020618556701
train,0.36000508,0.28836939160737624,0.13373021634964422
train,0.35999554,0.28865979381443296,0.13373021634964422
train,0.35996428,0.28865979381443296,0.13358501524611588
train,0.35995337,0.28880499491796136,0.13358501524611588
train,0.3599346,0.28880499491796136,0.1332946130390591
train,0.35992292,0.28895019602148975,0.1332946130390591
train,0.359861,0.28895019602148975,0.13314941193553076
train,0.35983825,0.28924059822854653,0.13314941193553076
train,0.35982567,0.28924059822854653,0.1330042108320023
train,0.35970414,0.2898214026426601,0.1330042108320023
train,0.35966796,0.2898214026426601,0.13285900972847398
train,0.35943753,0.2902570059532452,0.13285900972847398
train,0.35937822,0.2902570059532452,0.1325686075214172
train,0.35926458,0.290547408160302,0.1325686075214172
train,0.35926378,0.290547408160302,0.13242340641788874
train,0.35923576,0.2906926092638304,0.13242340641788874
train,0.35912576,0.2906926092638304,0.1322782053143604
train,0.35898152,0.2909830114708872,0.1322782053143604
train,0.3589349,0.2909830114708872,0.13213300421083196
train,0.35882083,0.29156381588500074,0.13213300421083196
train,0.35864866,0.29156381588500074,0.13169740090024684
train,0.3586104,0.29170901698852914,0.13169740090024684
train,0.3585894,0.29170901698852914,0.1315521997967185
train,0.35819772,0.2927254247132278,0.1315521997967185
train,0.35819292,0.2927254247132278,0.13140699869319006
train,0.35817197,0.2928706258167562,0.13140699869319006
train,0.3581463,0.2928706258167562,0.13126179758966172
train,0.35799432,0.2933062291273414,0.13126179758966172
train,0.3579666,0.2933062291273414,0.13111659648613327
train,0.35779408,0.2943226368520401,0.13111659648613327
train,0.3576856,0.2943226368520401,0.1308261942790765
train,0.3575822,0.29446783795556847,0.1308261942790765
train,0.35756147,0.29446783795556847,0.1305357920720197
train,0.3575091,0.29490344126615364,0.1305357920720197
train,0.35750648,0.29490344126615364,0.13039059096849137
train,0.35735467,0.29533904457673876,0.13039059096849137
train,0.35733193,0.29533904457673876,0.13024538986496292
train,0.35729283,0.29548424568026715,0.13024538986496292
train,0.35724363,0.29548424568026715,0.1301001887614346
train,0.35706872,0.29591984899085233,0.1301001887614346
train,0.3570148,0.29591984899085233,0.12995498765790625
train,0.35686392,0.2965006534049659,0.12995498765790625
train,0.35685444,0.2965006534049659,0.1298097865543778
train,0.35671762,0.2972266589226078,0.1298097865543778
train,0.35669035,0.2972266589226078,0.12966458545084947
train,0.35647798,0.29867866995789166,0.12966458545084947
train,0.3564721,0.29867866995789166,0.12951938434732102
train,0.35634297,0.299549876579062,0.12951938434732102
train,0.35633323,0.299549876579062,0.12937418324379268
train,0.35627252,0.2998402787861188,0.12937418324379268
train,0.35623562,0.2998402787861188,0.12922898214026424
train,0.3562326,0.2999854798896472,0.12922898214026424
train,0.35616526,0.2999854798896472,0.12893857993320745
train,0.3559771,0.3008566865108175,0.12893857993320745
train,0.355936,0.3008566865108175,0.128357775519094
train,0.35571462,0.30201829533904456,0.128357775519094
train,0.35563785,0.30201829533904456,0.12777697110498043
train,0.3555561,0.30216349644257295,0.12777697110498043
train,0.35551557,0.30216349644257295,0.12763177000145198
train,0.3554832,0.30259909975315813,0.12763177000145198
train,0.35544991,0.30259909975315813,0.12748656889792365
train,0.35539395,0.3027443008566865,0.12748656889792365
train,0.3553752,0.3027443008566865,0.1273413677943952
train,0.35522836,0.3034703063743284,0.1273413677943952
train,0.35521492,0.3034703063743284,0.12719616669086686
train,0.35508654,0.3039059096849136,0.12719616669086686
train,0.35507283,0.3039059096849136,0.12705096558733842
train,0.3547524,0.30550312182372585,0.12705096558733842
train,0.35469824,0.30550312182372585,0.12690576448381008
train,0.3546004,0.3060839262378394,0.12690576448381008
train,0.35457388,0.3060839262378394,0.12676056338028174
train,0.35450825,0.3063743284448962,0.12676056338028174
train,0.35447696,0.3063743284448962,0.1266153622767533
train,0.35441747,0.30666473065195293,0.1266153622767533
train,0.35439304,0.30666473065195293,0.1263249600696965
train,0.3542822,0.3071003339625381,0.1263249600696965
train,0.35423705,0.3071003339625381,0.12603455786263973
train,0.35389942,0.3084071438942936,0.12603455786263973
train,0.35389617,0.3084071438942936,0.1258893567591114
train,0.35376784,0.30884274720487875,0.1258893567591114
train,0.35371667,0.30884274720487875,0.12574415565558295
train,0.35367757,0.30913314941193554,0.12574415565558295
train,0.35366273,0.30913314941193554,0.1255989545520546
train,0.3536433,0.3094235516189923,0.1255989545520546
train,0.35356134,0.3094235516189923,0.12545375344852616
train,0.35306543,0.3107303615507478,0.12545375344852616
train,0.35302925,0.3107303615507478,0.12530855234499783
train,0.35300234,0.3108755626542762,0.12530855234499783
train,0.35299984,0.3108755626542762,0.1251633512414695
train,0.35286155,0.3117467692754465,0.1251633512414695
train,0.3528577,0.3117467692754465,0.12501815013794104
train,0.35285005,0.31189197037897487,0.12501815013794104
train,0.35283574,0.31189197037897487,0.1248729490344127
train,0.3527826,0.31203717148250326,0.1248729490344127
train,0.3525178,0.31203717148250326,0.12458254682735592
train,0.3523531,0.31232757368956005,0.12458254682735592
train,0.35228735,0.31261797589661683,0.12458254682735592
train,0.35217598,0.31334398141425873,0.12458254682735592
train,0.35213315,0.31334398141425873,0.12429214462029914
train,0.35211128,0.3134891825177871,0.12429214462029914
train,0.35210696,0.3134891825177871,0.12414694351677069
train,0.352047,0.3139247858283723,0.12414694351677069
train,0.3520311,0.3139247858283723,0.12400174241324236
train,0.35179725,0.3146507913460142,0.12400174241324236
train,0.35175496,0.3146507913460142,0.12385654130971391
train,0.35165277,0.314941193553071,0.12385654130971391
train,0.3516284,0.314941193553071,0.12371134020618557
train,0.35135487,0.31552199796718455,0.12371134020618557
train,0.3512725,0.31552199796718455,0.12342093799912879
train,0.35121408,0.31581240017424134,0.12342093799912879
train,0.351139,0.31581240017424134,0.123130535792072
train,0.35100695,0.31653840569188324,0.123130535792072
train,0.35100335,0.31653840569188324,0.12298533468854367
train,0.35074446,0.317554813416582,0.12298533468854367
train,0.35064653,0.317554813416582,0.12269493248148688
train,0.35056928,0.31784521562363877,0.12269493248148688
train,0.35055867,0.31784521562363877,0.12254973137795844
train,0.35037187,0.31871642224480906,0.12254973137795844
train,0.35035756,0.31871642224480906,0.1224045302744301
train,0.35032514,0.31900682445186584,0.1224045302744301
train,0.35023525,0.31900682445186584,0.12225932917090165
train,0.35013556,0.31973282996950775,0.12225932917090165
train,0.35013345,0.31973282996950775,0.12211412806737332
train,0.35012254,0.31987803107303614,0.12211412806737332
train,0.35011023,0.31987803107303614,0.12196892696384487
train,0.3499739,0.3204588354871497,0.12196892696384487
train,0.34996176,0.3204588354871497,0.12182372586031653
train,0.34910575,0.3235080586612458,0.12182372586031653
train,0.34908956,0.3235080586612458,0.1216785247567882
train,0.34907037,0.3237984608683026,0.1216785247567882
train,0.34905264,0.3237984608683026,0.12153332365325975
train,0.3490232,0.323943661971831,0.12153332365325975
train,0.3490203,0.323943661971831,0.12138812254973141
train,0.3487671,0.3243792652824162,0.12138812254973141
train,0.3487655,0.3243792652824162,0.12124292144620297
train,0.34864148,0.3245244663859445,0.12124292144620297
train,0.34862903,0.3245244663859445,0.12109772034267463
train,0.34862253,0.3246696674894729,0.12109772034267463
train,0.34855756,0.3246696674894729,0.12080731813561785
train,0.3484601,0.32539567300711486,0.12080731813561785
train,0.34843737,0.32539567300711486,0.1206621170320894
train,0.3484108,0.32554087411064325,0.1206621170320894
train,0.34840542,0.32554087411064325,0.12051691592856106
train,0.3483728,0.32583127631770004,0.12051691592856106
train,0.3483464,0.32583127631770004,0.12022651372150428
train,0.34825498,0.32626687962828516,0.12022651372150428
train,0.34822586,0.32626687962828516,0.12008131261797594
train,0.34819624,0.32670248293887033,0.12008131261797594
train,0.34818918,0.32670248293887033,0.1199361115144475
train,0.34801313,0.3272832873529839,0.1199361115144475
train,0.3479563,0.3272832873529839,0.11950050820386238
train,0.34773582,0.3274284884565123,0.11950050820386238
train,0.3476781,0.3274284884565123,0.11935530710033393
train,0.34763527,0.3278640917670974,0.11935530710033393
train,0.34759736,0.3278640917670974,0.11906490489327715
train,0.34758204,0.3281544939741542,0.11906490489327715
train,0.34755102,0.3281544939741542,0.11891970378974881
train,0.34743854,0.328444896181211,0.11891970378974881
train,0.34742898,0.328444896181211,0.11877450268622036
train,0.34735888,0.32917090169885294,0.11877450268622036
train,0.34735626,0.32917090169885294,0.11862930158269203
train,0.3472606,0.32946130390590966,0.11862930158269203
train,0.3472492,0.32946130390590966,0.11848410047916369
train,0.34723678,0.32975170611296645,0.11848410047916369
train,0.3472287,0.32975170611296645,0.1181936982721069
train,0.3468874,0.3304777116306084,0.1181936982721069
train,0.34683648,0.3304777116306084,0.11804849716857846
train,0.34677744,0.3307681138376652,0.11804849716857846
train,0.34676906,0.3307681138376652,0.11790329606505012
train,0.34660432,0.3312037171482503,0.11790329606505012
train,0.34636098,0.3312037171482503,0.11732249165093656
train,0.34626344,0.3313489182517787,0.11732249165093656
train,0.34625885,0.3313489182517787,0.11717729054740811
train,0.34606093,0.33251052708000584,0.11717729054740811
train,0.34606063,0.33251052708000584,0.11703208944387977
train,0.3458345,0.3336721359082329,0.11703208944387977
train,0.34579682,0.3336721359082329,0.11688688834035144
train,0.34563383,0.33483374473646,0.11688688834035144
train,0.34555274,0.33483374473646,0.1164512850297662
train,0.34536728,0.3358501524611587,0.1164512850297662
train,0.3453444,0.3358501524611587,0.11630608392623787
train,0.34476852,0.33744736459997093,0.11630608392623787
train,0.3447274,0.33744736459997093,0.11616088282270942
train,0.34472674,0.3375925657034993,0.11616088282270942
train,0.34464395,0.3375925657034993,0.11601568171918109
train,0.3444071,0.3384637723246697,0.11601568171918109
train,0.34433004,0.3384637723246697,0.11558007840859585
train,0.34422183,0.33962538115289675,0.11558007840859585
train,0.34420905,0.33962538115289675,0.11543487730506752
train,0.34416562,0.33977058225642515,0.11543487730506752
train,0.34412843,0.33977058225642515,0.11514447509801073
train,0.3438456,0.3409321910846522,0.11514447509801073
train,0.34375364,0.3409321910846522,0.11470887178742561
train,0.34366,0.3415129954987658,0.11470887178742561
train,0.34354177,0.3415129954987658,0.11456367068389717
train,0.34348342,0.34194859880935097,0.11456367068389717
train,0.34346724,0.34194859880935097,0.11441846958036883
train,0.34346542,0.34209379991287936,0.11441846958036883
train,0.3433748,0.34209379991287936,0.1139828662697836
train,0.3432372,0.34267460432699287,0.1139828662697836
train,0.34323618,0.34267460432699287,0.11383766516625526
train,0.343201,0.34296500653404965,0.11383766516625526
train,0.34315312,0.34296500653404965,0.11369246406272693
train,0.3429601,0.34340060984463483,0.11369246406272693
train,0.34292382,0.34340060984463483,0.11354726295919848
train,0.34289277,0.3436910120516916,0.11354726295919848
train,0.34282303,0.3436910120516916,0.11340206185567014
train,0.34264737,0.3444170175693335,0.11340206185567014
train,0.34264296,0.3444170175693335,0.1132568607521417
train,0.34262025,0.3445622186728619,0.1132568607521417
train,0.34261924,0.3445622186728619,0.11311165964861336
train,0.3424581,0.34528822419050387,0.11311165964861336
train,0.34241846,0.34528822419050387,0.11296645854508491
train,0.34228265,0.3455786263975606,0.11296645854508491
train,0.34214297,0.3455786263975606,0.1125308552344998
train,0.3421245,0.345723827501089,0.1125308552344998
train,0.34209347,0.345723827501089,0.11238565413097135
train,0.3419885,0.34630463191520255,0.11238565413097135
train,0.34194988,0.34630463191520255,0.11209525192391467
train,0.34189147,0.34659503412225934,0.11209525192391467
train,0.3418763,0.34659503412225934,0.11195005082038623
train,0.34185985,0.34674023522578773,0.11195005082038623
train,0.3418386,0.34674023522578773,0.11165964861332944
train,0.34154278,0.34732103963990124,0.11165964861332944
train,0.3414895,0.34732103963990124,0.11122404530274432
train,0.3412584,0.347611441846958,0.11122404530274432
train,0.34112835,0.347611441846958,0.11107884419921588
train,0.34111747,0.3477566429504864,0.11107884419921588
train,0.34111208,0.3477566429504864,0.11093364309568754
train,0.34103236,0.3481922462610716,0.11093364309568754
train,0.34100118,0.3481922462610716,0.11064324088863076
train,0.34091982,0.3484826484681284,0.11064324088863076
train,0.34091592,0.3484826484681284,0.11049803978510242
train,0.34081754,0.34877305067518516,0.11049803978510242
train,0.340742,0.34877305067518516,0.11035283868157397
train,0.3404136,0.34949905619282706,0.11035283868157397
train,0.3403728,0.34949905619282706,0.11020763757804564
train,0.34033778,0.34978945839988385,0.11020763757804564
train,0.3403262,0.34978945839988385,0.11006243647451719
train,0.34001505,0.35066066502105414,0.11006243647451719
train,0.34001392,0.35066066502105414,0.10991723537098885
train,0.3397018,0.3524030782633948,0.10991723537098885
train,0.33968738,0.3524030782633948,0.1097720342674604
train,0.33964992,0.35269348047045157,0.1097720342674604
train,0.33948126,0.35269348047045157,0.10948163206040362
train,0.3392864,0.35341948598809353,0.10948163206040362
train,0.33928108,0.35341948598809353,0.10933643095687529
train,0.33902454,0.3542906926092638,0.10933643095687529
train,0.3388669,0.3542906926092638,0.10919122985334684
train,0.33875683,0.3544358937127922,0.10919122985334684
train,0.33874434,0.3544358937127922,0.1090460287498185
train,0.33867854,0.3545810948163206,0.1090460287498185
train,0.33862773,0.3545810948163206,0.10890082764629017
train,0.3384626,0.3551618992304342,0.10890082764629017
train,0.33844593,0.3551618992304342,0.10875562654276172
train,0.33827454,0.35617830695513286,0.10875562654276172
train,0.33814037,0.35617830695513286,0.1083200232321766
train,0.33813176,0.35632350805866125,0.1083200232321766
train,0.33809596,0.35632350805866125,0.10802962102511982
train,0.338,0.3569043124727748,0.10802962102511982
train,0.33799088,0.3569043124727748,0.10788441992159137
train,0.33790165,0.35719471467983155,0.10788441992159137
train,0.33790156,0.35719471467983155,0.10773921881806303
train,0.33787677,0.35748511688688833,0.10773921881806303
train,0.33783227,0.35748511688688833,0.10744881661100625
train,0.33783057,0.3576303179904167,0.10744881661100625
train,0.3378044,0.3576303179904167,0.10730361550747791
train,0.3377224,0.3577755190939451,0.10730361550747791
train,0.33771384,0.3577755190939451,0.10715841440394946
train,0.33765897,0.3579207201974735,0.10715841440394946
train,0.33758044,0.3579207201974735,0.10701321330042113
train,0.33754125,0.3583563235080587,0.10701321330042113
train,0.33753356,0.3583563235080587,0.10686801219689268
train,0.3373181,0.3585015246115871,0.10686801219689268
train,0.3373153,0.3585015246115871,0.10672281109336434
train,0.33730245,0.3586467257151154,0.10672281109336434
train,0.33726823,0.3586467257151154,0.1065776099898359
train,0.33704695,0.35951793233628576,0.1065776099898359
train,0.33699754,0.35951793233628576,0.10643240888630756
train,0.33682933,0.36038913895745606,0.10643240888630756
train,0.33681914,0.36038913895745606,0.10628720778277911
train,0.33680266,0.36067954116451284,0.10628720778277911
train,0.3367631,0.36067954116451284,0.10614200667925078
train,0.33657205,0.361115144475098,0.10614200667925078
train,0.3365433,0.361115144475098,0.10599680557572233
train,0.33653384,0.3612603455786264,0.10599680557572233
train,0.33644322,0.3612603455786264,0.105851604472194
train,0.3364403,0.3614055466821548,0.105851604472194
train,0.33641466,0.3614055466821548,0.10570640336866555
train,0.33624965,0.3621315521997967,0.10570640336866555
train,0.33624807,0.3621315521997967,0.10556120226513721
train,0.336203,0.3622767533033251,0.10556120226513721
train,0.33618358,0.3622767533033251,0.10541600116160887
train,0.33608216,0.36300275882096705,0.10541600116160887
train,0.3360388,0.36300275882096705,0.10512559895455209
train,0.3358908,0.36372876433860896,0.10512559895455209
train,0.3358135,0.36372876433860896,0.10468999564396686
train,0.33553347,0.3653259764774212,0.10468999564396686
train,0.33553067,0.3653259764774212,0.10454479454043852
train,0.33549017,0.3654711775809496,0.10454479454043852
train,0.33545867,0.3654711775809496,0.10439959343691008
train,0.33545777,0.365616378684478,0.10439959343691008
train,0.33538085,0.365616378684478,0.10425439233338174
train,0.33523366,0.3667779875127051,0.10425439233338174
train,0.33523238,0.3667779875127051,0.10410919122985329
train,0.3349457,0.36735879192681864,0.10410919122985329
train,0.33491367,0.36735879192681864,0.10396399012632496
train,0.33480382,0.3677943952374038,0.10396399012632496
train,0.33478242,0.3677943952374038,0.10381878902279662
train,0.3341444,0.370117612893858,0.10381878902279662
train,0.3340712,0.370117612893858,0.10367358791926817
train,0.33393356,0.37040801510091476,0.10367358791926817
train,0.3339214,0.37040801510091476,0.10338318571221139
train,0.33392102,0.37055321620444315,0.10338318571221139
train,0.33391944,0.37055321620444315,0.10323798460868305
train,0.33389795,0.3709888195150283,0.10323798460868305
train,0.33386925,0.3709888195150283,0.1030927835051546
train,0.33381745,0.37156962392914183,0.1030927835051546
train,0.3337344,0.37156962392914183,0.10280238129809782
train,0.33367157,0.3717148250326702,0.10280238129809782
train,0.33363077,0.3717148250326702,0.10265718019456949
train,0.33361733,0.3718600261361986,0.10265718019456949
train,0.33355987,0.3718600261361986,0.10251197909104104
train,0.33341426,0.3722956294467838,0.10251197909104104
train,0.33340436,0.3722956294467838,0.1023667779875127
train,0.3333607,0.37273123275736897,0.1023667779875127
train,0.33335984,0.37273123275736897,0.10222157688398437
train,0.3333593,0.37287643386089736,0.10222157688398437
train,0.3333274,0.37287643386089736,0.10193117467692758
train,0.3333056,0.37316683606795414,0.10193117467692758
train,0.3332853,0.37316683606795414,0.10178597357339914
train,0.3331498,0.37360243937853926,0.10178597357339914
train,0.33311778,0.37360243937853926,0.1016407724698708
train,0.3330281,0.37418324379265283,0.1016407724698708
train,0.33301437,0.37418324379265283,0.10149557136634235
train,0.33296597,0.3744736459997096,0.10149557136634235
train,0.33295807,0.3744736459997096,0.10135037026281402
train,0.33259287,0.3756352548279367,0.10135037026281402
train,0.33255902,0.3756352548279367,0.10120516915928557
train,0.33219156,0.37752286917380573,0.10120516915928557
train,0.33211228,0.37752286917380573,0.10091476695222878
train,0.33206517,0.3779584724843909,0.10091476695222878
train,0.332,0.3779584724843909,0.10076956584870045
train,0.33138746,0.37955568462320316,0.10076956584870045
train,0.33136553,0.37955568462320316,0.10062436474517211
train,0.33124667,0.38013648903731667,0.10062436474517211
train,0.33120292,0.38013648903731667,0.10047916364164367
train,0.33111987,0.38028169014084506,0.10047916364164367
train,0.3311046,0.38028169014084506,0.10033396253811533
train,0.33080894,0.38144329896907214,0.10033396253811533
train,0.33079177,0.38144329896907214,0.10004356033105855
train,0.33068973,0.3823145055902425,0.10004356033105855
train,0.33065394,0.3823145055902425,0.0998983592275301
train,0.33059537,0.3826049077972993,0.0998983592275301
train,0.33057916,0.3826049077972993,0.09975315812400176
train,0.33028743,0.3831857122114128,0.09975315812400176
train,0.33019486,0.3831857122114128,0.09960795702047331
train,0.33017302,0.3833309133149412,0.09960795702047331
train,0.33017117,0.3833309133149412,0.09931755481341653
train,0.33016688,0.38347611441846957,0.09931755481341653
train,0.33014596,0.38347611441846957,0.0991723537098882
train,0.32997552,0.38391171772905475,0.0991723537098882
train,0.32996583,0.38391171772905475,0.09902715260635986
train,0.32986975,0.3844925221431683,0.09902715260635986
train,0.3298028,0.3844925221431683,0.09859154929577463
train,0.3294345,0.3859445331784522,0.09859154929577463
train,0.3294165,0.3859445331784522,0.09815594598518951
train,0.32918146,0.3862349353855089,0.09815594598518951
train,0.32917187,0.3862349353855089,0.09801074488166106
train,0.3287419,0.38725134311020765,0.09801074488166106
train,0.3287298,0.38725134311020765,0.09786554377813272
train,0.32871583,0.38739654421373604,0.09786554377813272
train,0.32867044,0.38739654421373604,0.09772034267460428
train,0.3285351,0.38797734862784955,0.09772034267460428
train,0.32853386,0.38797734862784955,0.09757514157107594
train,0.32838282,0.3884129519384347,0.09757514157107594
train,0.32836348,0.3884129519384347,0.0974299404675476
train,0.32774222,0.39117177290547406,0.0974299404675476
train,0.32772782,0.39117177290547406,0.09728473936401916
train,0.32747987,0.3921881806301728,0.09728473936401916
train,0.32738045,0.3921881806301728,0.09699433715696237
train,0.32735723,0.3924785828372296,0.09699433715696237
train,0.3273458,0.3924785828372296,0.09684913605343404
train,0.32701147,0.39364019166545666,0.09684913605343404
train,0.32696125,0.39364019166545666,0.09670393494990559
train,0.3268095,0.39422099607957023,0.09670393494990559
train,0.32665977,0.39422099607957023,0.0964135327428488
train,0.32640222,0.396399012632496,0.0964135327428488
train,0.3262762,0.396399012632496,0.09597792943226369
train,0.32622907,0.3966894148395528,0.09597792943226369
train,0.3262182,0.3966894148395528,0.09583272832873535
train,0.32583943,0.39785102366777986,0.09583272832873535
train,0.32580316,0.39785102366777986,0.09554232612167857
train,0.32561004,0.39814142587483664,0.09554232612167857
train,0.32559243,0.39814142587483664,0.09539712501815012
train,0.3254164,0.3988674313924786,0.09539712501815012
train,0.32532763,0.3988674313924786,0.094961521707565
train,0.3248858,0.40060984463481925,0.094961521707565
train,0.32471097,0.40060984463481925,0.09452591839697977
train,0.3244425,0.40162625235951793,0.09452591839697977
train,0.3243915,0.40162625235951793,0.09438071729345143
train,0.32426894,0.4020618556701031,0.09438071729345143
train,0.3242511,0.4020618556701031,0.0942355161899231
train,0.32400087,0.40351386670538697,0.0942355161899231
train,0.32397893,0.40351386670538697,0.09409031508639465
train,0.32371032,0.40453027443008566,0.09409031508639465
train,0.32370713,0.40453027443008566,0.09394511398286631
train,0.3236681,0.40496587774067083,0.09394511398286631
train,0.32365152,0.40496587774067083,0.09379991287933787
train,0.32350847,0.4058370843618411,0.09379991287933787
train,0.32349265,0.4058370843618411,0.09365471177580953
train,0.32331088,0.40699869319006826,0.09365471177580953
train,0.32323822,0.40699869319006826,0.09350951067228108
train,0.323081,0.40714389429359665,0.09350951067228108
train,0.32299486,0.40714389429359665,0.09307390736169596
train,0.32282123,0.40786989981123856,0.09307390736169596
train,0.3227279,0.40786989981123856,0.09292870625816751
train,0.32244727,0.40830550312182373,0.09292870625816751
train,0.32222226,0.40830550312182373,0.0924931029475824
train,0.3221047,0.4085959053288805,0.0924931029475824
train,0.32203877,0.4085959053288805,0.09234790184405406
train,0.32200316,0.4087411064324089,0.09234790184405406
train,0.32197264,0.4087411064324089,0.09205749963699728
train,0.32151046,0.41048351967474955,0.09205749963699728
train,0.32150817,0.41048351967474955,0.09191229853346883
train,0.3213382,0.41106432408886306,0.09191229853346883
train,0.3213316,0.41106432408886306,0.09176709742994049
train,0.3211672,0.411790329606505,0.09176709742994049
train,0.3210742,0.411790329606505,0.09147669522288371
train,0.3210375,0.41222593291709014,0.09147669522288371
train,0.32101375,0.41222593291709014,0.09133149411935526
train,0.32094228,0.4126615362276753,0.09133149411935526
train,0.32093188,0.4126615362276753,0.09118629301582692
train,0.32087892,0.4129519384347321,0.09118629301582692
train,0.32086736,0.4129519384347321,0.09104109191229859
train,0.3208389,0.4130971395382605,0.09104109191229859
train,0.32078618,0.4130971395382605,0.09089589080877014
train,0.3206102,0.41353274284884567,0.09089589080877014
train,0.32045597,0.41353274284884567,0.09046028749818502
train,0.32035092,0.4139683461594308,0.09046028749818502
train,0.32029662,0.4139683461594308,0.09031508639465657
train,0.3199857,0.4154203571947147,0.09031508639465657
train,0.3199751,0.4154203571947147,0.09016988529112824
train,0.31992945,0.4158559605052998,0.09016988529112824
train,0.3199177,0.4158559605052998,0.09002468418759979
train,0.3198828,0.4161463627123566,0.09002468418759979
train,0.31983116,0.4161463627123566,0.08973428198054301
train,0.31982735,0.416291563815885,0.08973428198054301
train,0.3197114,0.416291563815885,0.08958908087701467
train,0.3194769,0.41759837374764047,0.08958908087701467
train,0.31946695,0.41759837374764047,0.08944387977348622
train,0.31943977,0.41788877595469726,0.08944387977348622
train,0.31938866,0.41788877595469726,0.08915347756642955
train,0.31928718,0.4184695803688108,0.08915347756642955
train,0.31927514,0.4184695803688108,0.0890082764629011
train,0.31911665,0.4191955858864527,0.0890082764629011
train,0.3191137,0.4194859880935095,0.0890082764629011
train,0.31902766,0.4200667925076231,0.0890082764629011
train,0.31900516,0.4200667925076231,0.08886307535937277
train,0.31893668,0.42021199361115147,0.08886307535937277
train,0.31889802,0.42021199361115147,0.08857267315231598
train,0.3187168,0.42093799912879337,0.08857267315231598
train,0.31866336,0.42093799912879337,0.08842747204878754
train,0.31863618,0.42137360243937855,0.08842747204878754
train,0.31862095,0.42137360243937855,0.0882822709452592
train,0.31850904,0.4218092057499637,0.0882822709452592
train,0.31849283,0.4218092057499637,0.08813706984173075
train,0.3183193,0.42209960795702045,0.08813706984173075
train,0.31830826,0.42209960795702045,0.08799186873820242
train,0.3180594,0.4229708145781908,0.08799186873820242
train,0.31801328,0.4229708145781908,0.08770146653114563
train,0.31795013,0.423406417888776,0.08770146653114563
train,0.31792206,0.423406417888776,0.0875562654276173
train,0.31773606,0.4241324234064179,0.0875562654276173
train,0.31772578,0.4241324234064179,0.08741106432408885
train,0.31762934,0.42456802671700306,0.08741106432408885
train,0.31756845,0.42456802671700306,0.08726586322056051
train,0.31744647,0.4251488311311166,0.08726586322056051
train,0.31744617,0.4251488311311166,0.08712066211703207
train,0.31716305,0.4263104399593437,0.08712066211703207
train,0.31709507,0.4263104399593437,0.08683025990997528
train,0.3170246,0.4264556410628721,0.08683025990997528
train,0.31688723,0.4264556410628721,0.0865398577029185
train,0.31686383,0.4266008421664005,0.0865398577029185
train,0.31682834,0.4266008421664005,0.08639465659939016
train,0.31681752,0.4268912443734572,0.08639465659939016
train,0.31666532,0.4268912443734572,0.08610425439233338
train,0.31649828,0.42834325540874113,0.08610425439233338
train,0.31646338,0.42834325540874113,0.08595905328880504
train,0.31567073,0.4308116741687237,0.08595905328880504
train,0.31564698,0.4308116741687237,0.0858138521852766
train,0.31550056,0.43139247858283725,0.0858138521852766
train,0.3154599,0.43139247858283725,0.08552344997821981
train,0.31514865,0.43168288078989403,0.08552344997821981
train,0.31509143,0.43168288078989403,0.08537824887469148
train,0.3149318,0.43240888630753593,0.08537824887469148
train,0.31488648,0.43240888630753593,0.08523304777116303
train,0.3146827,0.4329896907216495,0.08523304777116303
train,0.3146111,0.4329896907216495,0.08508784666763469
train,0.3142991,0.43429650065340497,0.08508784666763469
train,0.31429744,0.43429650065340497,0.08494264556410625
train,0.3142004,0.43473210396399015,0.08494264556410625
train,0.31416813,0.43473210396399015,0.08479744446057791
train,0.3141044,0.43516770727457527,0.08479744446057791
train,0.31401125,0.43516770727457527,0.08465224335704946
train,0.31391248,0.43545810948163205,0.08465224335704946
train,0.31384203,0.43545810948163205,0.08450704225352113
train,0.31364277,0.436184114999274,0.08450704225352113
train,0.31357977,0.436184114999274,0.08421664004646434
train,0.31354746,0.4363293161028024,0.08421664004646434
train,0.31351557,0.4363293161028024,0.084071438942936
train,0.3134265,0.4369101205169159,0.084071438942936
train,0.31339514,0.4369101205169159,0.08392623783940756
train,0.31328213,0.43807172934514305,0.08392623783940756
train,0.31317785,0.43807172934514305,0.08378103673587922
train,0.31316444,0.4382169304486714,0.08378103673587922
train,0.3131583,0.4382169304486714,0.08363583563235077
train,0.31308234,0.43865253375925656,0.08363583563235077
train,0.31307524,0.43865253375925656,0.08349063452882244
train,0.3127761,0.4393785392768985,0.08349063452882244
train,0.31274268,0.4393785392768985,0.08334543342529399
train,0.31259003,0.4402497458980688,0.08334543342529399
train,0.31255773,0.4402497458980688,0.08320023232176565
train,0.3123731,0.4405401481051256,0.08320023232176565
train,0.31232673,0.4405401481051256,0.08305503121823721
train,0.31191066,0.44228256134746624,0.08305503121823721
train,0.31188264,0.44228256134746624,0.08290983011470887
train,0.31182346,0.44242776245099463,0.08290983011470887
train,0.31182063,0.44242776245099463,0.08276462901118053
train,0.31136653,0.4437345723827501,0.08276462901118053
train,0.31134787,0.4437345723827501,0.08261942790765209
train,0.31128722,0.4438797734862785,0.08261942790765209
train,0.31120366,0.4438797734862785,0.08218382459706697
train,0.31117967,0.4441701756933353,0.08218382459706697
train,0.311171,0.4441701756933353,0.08203862349353852
train,0.3109001,0.44460577900392045,0.08203862349353852
train,0.31088012,0.44460577900392045,0.08174822128648174
train,0.31066376,0.44562218672861914,0.08174822128648174
train,0.31064272,0.44562218672861914,0.0816030201829534
train,0.3106214,0.44576738783214753,0.0816030201829534
train,0.31060758,0.44576738783214753,0.08145781907942495
train,0.31051219,0.4460577900392043,0.08145781907942495
train,0.31050813,0.4460577900392043,0.08131261797589662
train,0.31036162,0.44649339334978944,0.08131261797589662
train,0.31026447,0.44649339334978944,0.08116741687236828
train,0.3102402,0.4466385944533178,0.08116741687236828
train,0.3101645,0.4466385944533178,0.08102221576883983
train,0.31010365,0.447074197763903,0.08102221576883983
train,0.3100394,0.447074197763903,0.0808770146653115
train,0.3097729,0.44780020328154496,0.0808770146653115
train,0.30971494,0.44780020328154496,0.08073181356178305
train,0.3094925,0.44852620879918687,0.08073181356178305
train,0.30945155,0.44852620879918687,0.08058661245825471
train,0.30923828,0.44881661100624365,0.08058661245825471
train,0.30920961,0.44881661100624365,0.08044141135472627
train,0.3084454,0.4512850297662262,0.08044141135472627
train,0.30841595,0.4512850297662262,0.08015100914766948
train,0.30817136,0.45215623638739655,0.08015100914766948
train,0.30816603,0.45215623638739655,0.08000580804414115
train,0.30798823,0.4525918396979817,0.08000580804414115
train,0.30797124,0.4525918396979817,0.0798606069406127
train,0.30784154,0.45317264411209524,0.0798606069406127
train,0.3078275,0.45317264411209524,0.07971540583708436
train,0.30764306,0.45433425294032237,0.07971540583708436
train,0.30761597,0.45433425294032237,0.07957020473355603
train,0.30719766,0.45578626397560623,0.07957020473355603
train,0.30719146,0.45578626397560623,0.07942500363002758
train,0.3070242,0.4559314650791346,0.07942500363002758
train,0.30702284,0.4559314650791346,0.07927980252649924
train,0.30685022,0.4568026717003049,0.07927980252649924
train,0.3068109,0.4568026717003049,0.0791346014229708
train,0.30673814,0.4569478728038333,0.0791346014229708
train,0.30671015,0.4569478728038333,0.07898940031944246
train,0.30637783,0.4583998838391172,0.07898940031944246
train,0.30635872,0.4583998838391172,0.07869899811238568
train,0.30635178,0.45854508494264556,0.07869899811238568
train,0.306329,0.45854508494264556,0.07855379700885723
train,0.30606657,0.45941629156381586,0.07855379700885723
train,0.30598718,0.45941629156381586,0.07840859590532889
train,0.3058128,0.4602874981849862,0.07840859590532889
train,0.30573675,0.4602874981849862,0.07797299259474377
train,0.3053674,0.46319152025555393,0.07797299259474377
train,0.3053449,0.46319152025555393,0.07782779149121533
train,0.30493575,0.464353129083781,0.07782779149121533
train,0.30488923,0.464353129083781,0.07768259038768699
train,0.30449858,0.46653114563670683,0.07768259038768699
train,0.30438524,0.46653114563670683,0.0773921881806302
train,0.30407587,0.4679831566719907,0.0773921881806302
train,0.30396312,0.4679831566719907,0.07724698707710176
train,0.30392194,0.4681283577755191,0.07724698707710176
train,0.30390713,0.4681283577755191,0.07710178597357342
train,0.3037989,0.4691447655002178,0.07710178597357342
train,0.3037841,0.4691447655002178,0.07695658487004498
train,0.30342284,0.4705967765355017,0.07695658487004498
train,0.30341017,0.4705967765355017,0.07681138376651664
train,0.3031963,0.4713227820531436,0.07681138376651664
train,0.3031508,0.4713227820531436,0.07652098155945986
train,0.30305967,0.47190358646725716,0.07652098155945986
train,0.30300197,0.47190358646725716,0.07637578045593152
train,0.3026262,0.4736459997095978,0.07637578045593152
train,0.30259615,0.4736459997095978,0.07623057935240307
train,0.30240393,0.4743720052272397,0.07623057935240307
train,0.30238238,0.4743720052272397,0.07594017714534629
train,0.3022883,0.47509801074488167,0.07594017714534629
train,0.3022737,0.47509801074488167,0.07579497604181795
train,0.3020308,0.4756788151589952,0.07579497604181795
train,0.30192888,0.4756788151589952,0.0756497749382895
train,0.30190337,0.4758240162625236,0.0756497749382895
train,0.30189314,0.4758240162625236,0.07550457383476117
train,0.3017728,0.47640482067663714,0.07550457383476117
train,0.30175224,0.47640482067663714,0.07535937273123272
train,0.3016393,0.4769856250907507,0.07535937273123272
train,0.30160013,0.4769856250907507,0.07506897052417594
train,0.3013604,0.477856831711921,0.07506897052417594
train,0.30132762,0.477856831711921,0.0749237694206476
train,0.30120862,0.47858283722956296,0.0749237694206476
train,0.3012071,0.47858283722956296,0.07477856831711926
train,0.30001554,0.4825032670248294,0.07477856831711926
train,0.29997882,0.4825032670248294,0.07448816611006248
train,0.2999401,0.48264846812835777,0.07448816611006248
train,0.2999164,0.48264846812835777,0.07434296500653403
train,0.2996062,0.4845360824742268,0.07434296500653403
train,0.29959792,0.4845360824742268,0.0741977639030057
train,0.29952317,0.48511688688834037,0.0741977639030057
train,0.2994826,0.48511688688834037,0.07405256279947725
train,0.2993951,0.4855524901989255,0.07405256279947725
train,0.29936087,0.4855524901989255,0.07390736169594891
train,0.2993195,0.4856976913024539,0.07390736169594891
train,0.29928616,0.4856976913024539,0.07361695948889213
train,0.29906505,0.48627849571656745,0.07361695948889213
train,0.29905212,0.48627849571656745,0.07347175838536368
train,0.29901084,0.48642369682009584,0.07347175838536368
train,0.29893646,0.48642369682009584,0.07332655728183535
train,0.2989085,0.486859300130681,0.07332655728183535
train,0.29890648,0.486859300130681,0.0731813561783069
train,0.29886684,0.48714970233773774,0.0731813561783069
train,0.29879078,0.48714970233773774,0.07289095397125023
train,0.29872426,0.48729490344126614,0.07289095397125023
train,0.29863468,0.48729490344126614,0.07274575286772178
train,0.2986339,0.48744010454479453,0.07274575286772178
train,0.29852232,0.48744010454479453,0.07260055176419344
train,0.29842016,0.48860171337302166,0.07260055176419344
train,0.29841498,0.48860171337302166,0.072455350660665
train,0.29816726,0.48976332220124874,0.072455350660665
train,0.2981654,0.48976332220124874,0.07231014955713666
train,0.297957,0.49048932771889064,0.07231014955713666
train,0.29794055,0.49048932771889064,0.07216494845360821
train,0.29791385,0.4907797299259474,0.07216494845360821
train,0.29781908,0.4907797299259474,0.0717293451430231
train,0.29768443,0.4915057354435894,0.0717293451430231
train,0.2976651,0.4915057354435894,0.07158414403949465
train,0.29750246,0.4922317409612313,0.07158414403949465
train,0.29749116,0.4922317409612313,0.07143894293596631
train,0.29743978,0.4925221431682881,0.07143894293596631
train,0.29739404,0.4925221431682881,0.07129374183243797
train,0.29726025,0.49295774647887325,0.07129374183243797
train,0.2972585,0.49295774647887325,0.07114854072890953
train,0.2971924,0.4933933497894584,0.07114854072890953
train,0.29718438,0.4933933497894584,0.07100333962538119
train,0.29710633,0.49382895310004354,0.07100333962538119
train,0.29706085,0.49382895310004354,0.07085813852185274
train,0.2969713,0.4942645564106287,0.07085813852185274
train,0.29692453,0.4942645564106287,0.0707129374183244
train,0.2968942,0.4944097575141571,0.0707129374183244
train,0.2968856,0.4944097575141571,0.07056773631479596
train,0.29678345,0.4947001597212139,0.07056773631479596
train,0.29677752,0.4947001597212139,0.07042253521126762
train,0.296763,0.4948453608247423,0.07042253521126762
train,0.29670382,0.4948453608247423,0.07027733410773918
train,0.29668003,0.495135763031799,0.07027733410773918
train,0.2966698,0.495135763031799,0.07013213300421084
train,0.2963451,0.49644257296355454,0.07013213300421084
train,0.296242,0.49644257296355454,0.06998693190068239
train,0.29616964,0.49658777406708293,0.06998693190068239
train,0.2961205,0.49658777406708293,0.06984173079715406
train,0.29518905,0.5000726005517642,0.06984173079715406
train,0.29517555,0.5000726005517642,0.06969652969362572
train,0.29511908,0.5002178016552926,0.06969652969362572
train,0.29509476,0.5002178016552926,0.06955132859009727
train,0.29507777,0.5005082038623494,0.06955132859009727
train,0.2950633,0.5005082038623494,0.06940612748656894
train,0.29474023,0.5023958182082184,0.06940612748656894
train,0.29474005,0.5023958182082184,0.06926092638304049
train,0.29463634,0.5025410193117468,0.06926092638304049
train,0.2946223,0.5025410193117468,0.06911572527951215
train,0.29426122,0.5044286336576158,0.06911572527951215
train,0.2942116,0.5044286336576158,0.0689705241759837
train,0.29413334,0.5045738347611441,0.0689705241759837
train,0.29410717,0.5045738347611441,0.06882532307245537
train,0.29400197,0.5051546391752577,0.06882532307245537
train,0.2939601,0.5051546391752577,0.06868012196892692
train,0.2935317,0.5073326557281835,0.06868012196892692
train,0.2935111,0.5073326557281835,0.06853492086539859
train,0.2934122,0.5074778568317119,0.06853492086539859
train,0.2933694,0.5074778568317119,0.06838971976187014
train,0.29332006,0.5076230579352403,0.06838971976187014
train,0.29325187,0.5076230579352403,0.0682445186583418
train,0.2932517,0.5077682590387687,0.0682445186583418
train,0.29324523,0.5077682590387687,0.06809931755481347
train,0.2926323,0.5092202700740526,0.06809931755481347
train,0.292628,0.5092202700740526,0.06795411645128502
train,0.2921825,0.5103818789022797,0.06795411645128502
train,0.29217708,0.5103818789022797,0.06780891534775668
train,0.2920453,0.5108174822128648,0.06780891534775668
train,0.29196328,0.5108174822128648,0.06766371424422823
train,0.2919127,0.5115434877305067,0.06766371424422823
train,0.29187953,0.5115434877305067,0.0675185131406999
train,0.29175004,0.511979091041092,0.0675185131406999
train,0.29166228,0.511979091041092,0.06722811093364311
train,0.29144633,0.5134311020763758,0.06722811093364311
train,0.29143927,0.5134311020763758,0.06708290983011467
train,0.29135662,0.5140119064904893,0.06708290983011467
train,0.29135507,0.5140119064904893,0.06693770872658633
train,0.29130453,0.5141571075940177,0.06693770872658633
train,0.29129797,0.5141571075940177,0.06679250762305788
train,0.29109716,0.515028314215188,0.06679250762305788
train,0.29108712,0.515028314215188,0.06664730651952955
train,0.290935,0.5154639175257731,0.06664730651952955
train,0.29093468,0.5154639175257731,0.06650210541600121
train,0.2908872,0.5156091186293016,0.06650210541600121
train,0.29086795,0.5156091186293016,0.06621170320894443
train,0.29072946,0.5167707274575287,0.06621170320894443
train,0.2907224,0.5167707274575287,0.06606650210541598
train,0.29071963,0.5169159285610571,0.06606650210541598
train,0.29069522,0.5169159285610571,0.06592130100188764
train,0.28963175,0.5211267605633803,0.06592130100188764
train,0.28959447,0.5211267605633803,0.0657760998983592
train,0.2888054,0.524030782633948,0.0657760998983592
train,0.28876996,0.524030782633948,0.06563089879483086
train,0.2887293,0.5243211848410048,0.06563089879483086
train,0.28872663,0.5243211848410048,0.06548569769130241
train,0.2886222,0.5244663859445332,0.06548569769130241
train,0.28860158,0.5244663859445332,0.06534049658777408
train,0.28849664,0.5249019892551183,0.06534049658777408
train,0.2884644,0.5249019892551183,0.06519529548424563
train,0.2882212,0.5260635980833455,0.06519529548424563
train,0.28820467,0.5260635980833455,0.0650500943807173
train,0.28783846,0.527806011325686,0.0650500943807173
train,0.2878038,0.527806011325686,0.06490489327718896
train,0.28773898,0.528532016843328,0.06490489327718896
train,0.2877355,0.528532016843328,0.06475969217366051
train,0.28727466,0.5298388267750835,0.06475969217366051
train,0.2872655,0.5298388267750835,0.06461449107013217
train,0.2872638,0.5299840278786119,0.06461449107013217
train,0.28725675,0.5299840278786119,0.06446928996660373
train,0.2870938,0.531145636706839,0.06446928996660373
train,0.2870131,0.531145636706839,0.06432408886307539
train,0.28680435,0.5318716422244809,0.06432408886307539
train,0.28676507,0.5318716422244809,0.06417888775954694
train,0.2866977,0.5321620444315377,0.06417888775954694
train,0.28667563,0.5321620444315377,0.0640336866560186
train,0.2865966,0.5325976477421228,0.0640336866560186
train,0.28656742,0.5325976477421228,0.06388848555249016
train,0.2862662,0.5341948598809351,0.06388848555249016
train,0.28623635,0.5341948598809351,0.06374328444896182
train,0.28623295,0.5343400609844635,0.06374328444896182
train,0.28611478,0.5343400609844635,0.06359808334543338
train,0.2859978,0.5355016698126905,0.06359808334543338
train,0.28598365,0.5355016698126905,0.06345288224190504
train,0.28559858,0.5370988819515028,0.06345288224190504
train,0.28547254,0.5370988819515028,0.0633076811383767
train,0.28537503,0.5373892841585596,0.0633076811383767
train,0.28534305,0.5373892841585596,0.06316248003484826
train,0.28515583,0.5382604907797299,0.06316248003484826
train,0.28509554,0.5382604907797299,0.06301727893131992
train,0.285092,0.5384056918832583,0.06301727893131992
train,0.2850408,0.5384056918832583,0.06287207782779147
train,0.28429902,0.5424713227820531,0.06287207782779147
train,0.28426105,0.5424713227820531,0.06272687672426314
train,0.28408214,0.543197328299695,0.06272687672426314
train,0.2840445,0.543197328299695,0.06243647451720635
train,0.2840213,0.5433425294032235,0.06243647451720635
train,0.28395316,0.5433425294032235,0.062291273413677906
train,0.2838931,0.5436329316102803,0.062291273413677906
train,0.28385276,0.5436329316102803,0.06214607231014957
train,0.28342834,0.5450849426455641,0.06214607231014957
train,0.2833972,0.5450849426455641,0.061855670103092786
train,0.28308928,0.5459561492667344,0.061855670103092786
train,0.28306267,0.5459561492667344,0.06171046899956445
train,0.28253433,0.548424568026717,0.06171046899956445
train,0.28253242,0.548424568026717,0.061565267896036
train,0.28242925,0.5488601713373021,0.061565267896036
train,0.28239882,0.5488601713373021,0.061420066792507666
train,0.2820835,0.5498765790620008,0.061420066792507666
train,0.2820672,0.5498765790620008,0.06127486568897922
train,0.28204086,0.5500217801655293,0.06127486568897922
train,0.2820177,0.5500217801655293,0.06112966458545088
train,0.28192684,0.5504573834761144,0.06112966458545088
train,0.28183687,0.5504573834761144,0.060984463481922435
train,0.28136566,0.5530710033396253,0.060984463481922435
train,0.28136206,0.5530710033396253,0.0608392623783941
train,0.28124472,0.5537970088572673,0.0608392623783941
train,0.28120947,0.5537970088572673,0.06069406127486565
train,0.28020748,0.5569914331348919,0.06069406127486565
train,0.2801339,0.5569914331348919,0.06025845796428053
train,0.27988517,0.5585886452737041,0.06025845796428053
train,0.27987584,0.5585886452737041,0.060113256860752196
train,0.2797704,0.559314650791346,0.060113256860752196
train,0.2796687,0.559314650791346,0.05996805575722375
train,0.27951646,0.5600406563089879,0.05996805575722375
train,0.27943996,0.5600406563089879,0.05982285465369541
train,0.27941272,0.5601858574125164,0.05982285465369541
train,0.27938703,0.5601858574125164,0.059677653550166965
train,0.27935696,0.5603310585160447,0.059677653550166965
train,0.27932695,0.5603310585160447,0.05938725134311018
train,0.27931494,0.5604762596195731,0.05938725134311018
train,0.27927646,0.5604762596195731,0.059242050239581845
train,0.27923584,0.5606214607231015,0.059242050239581845
train,0.27922806,0.5606214607231015,0.0590968491360534
train,0.2789269,0.5620734717583854,0.0590968491360534
train,0.2788741,0.5620734717583854,0.05895164803252506
train,0.2787851,0.5623638739654422,0.05895164803252506
train,0.27872494,0.5623638739654422,0.058806446928996614
train,0.27853218,0.5632350805866124,0.058806446928996614
train,0.27846333,0.5632350805866124,0.05866124582546828
train,0.2781719,0.5641062872077828,0.05866124582546828
train,0.27809507,0.5641062872077828,0.058370843618411494
train,0.27758855,0.5667199070712937,0.058370843618411494
train,0.27755892,0.5667199070712937,0.05822564251488316
train,0.2775301,0.5668651081748222,0.05822564251488316
train,0.27744502,0.5668651081748222,0.05808044141135471
train,0.27658,0.5691883258312763,0.05808044141135471
train,0.27657577,0.5691883258312763,0.057935240307826374
train,0.2765606,0.5694787280383331,0.057935240307826374
train,0.27655554,0.5694787280383331,0.05779003920429793
train,0.27571383,0.5726731523159576,0.05779003920429793
train,0.27568826,0.5726731523159576,0.05764483810076959
train,0.27547866,0.5738347611441847,0.05764483810076959
train,0.2754499,0.5738347611441847,0.057499636997241144
train,0.27481106,0.5768839843182808,0.057499636997241144
train,0.27479574,0.5768839843182808,0.05735443589371281
train,0.2747444,0.5771743865253376,0.05735443589371281
train,0.27464446,0.5771743865253376,0.05720923479018436
train,0.274474,0.5779003920429795,0.05720923479018436
train,0.2744669,0.5779003920429795,0.057064033686656024
train,0.27429664,0.5789167997676782,0.057064033686656024
train,0.27422315,0.5789167997676782,0.05691883258312758
train,0.274118,0.5800784085959053,0.05691883258312758
train,0.27409348,0.5800784085959053,0.05677363147959924
train,0.27376562,0.5821112240453028,0.05677363147959924
train,0.27365285,0.5821112240453028,0.05648322927254246
train,0.27344552,0.5832728328735298,0.05648322927254246
train,0.2734061,0.5832728328735298,0.05633802816901412
train,0.2731597,0.584434441701757,0.05633802816901412
train,0.27315637,0.584434441701757,0.05619282706548567
train,0.27282503,0.5860316538405692,0.05619282706548567
train,0.2728067,0.5860316538405692,0.05604762596195734
train,0.27280045,0.586322056047626,0.05604762596195734
train,0.2724361,0.5877740670829098,0.05604762596195734
train,0.27242023,0.5877740670829098,0.05590242485842889
train,0.27147767,0.5905328880499492,0.05590242485842889
train,0.27147663,0.5905328880499492,0.05575722375490055
train,0.27141783,0.5906780891534775,0.05575722375490055
train,0.27135757,0.5906780891534775,0.055612022651372106
train,0.27126628,0.5909684913605343,0.055612022651372106
train,0.27104315,0.5909684913605343,0.05532162044431532
train,0.27097487,0.5911136924640628,0.05532162044431532
train,0.27092838,0.5911136924640628,0.0548860171337302
train,0.2707575,0.5921301001887614,0.0548860171337302
train,0.27075335,0.5921301001887614,0.054740816030201866
train,0.2707283,0.5922753012922898,0.054740816030201866
train,0.27065486,0.5922753012922898,0.05445041382314508
train,0.27060115,0.5924205023958182,0.05445041382314508
train,0.27051046,0.5924205023958182,0.05401481051255985
train,0.2704379,0.592710904602875,0.05401481051255985
train,0.2704273,0.592710904602875,0.053869609409031516
train,0.26935178,0.5973573399157833,0.053869609409031516
train,0.26934963,0.5973573399157833,0.05372440830550307
train,0.26889387,0.5982285465369537,0.05372440830550307
train,0.26886675,0.5982285465369537,0.05357920720197473
train,0.2685193,0.599099753158124,0.05357920720197473
train,0.26846173,0.599099753158124,0.053434006098446396
train,0.26799718,0.6004065630898795,0.053434006098446396
train,0.2679872,0.6004065630898795,0.05328880499491795
train,0.2679742,0.6006969652969363,0.05328880499491795
train,0.26797038,0.6006969652969363,0.05314360389138961
train,0.26760426,0.6018585741251633,0.05314360389138961
train,0.26749185,0.6018585741251633,0.052998402787861165
train,0.26742712,0.6020037752286918,0.052998402787861165
train,0.2674121,0.6020037752286918,0.05285320168433283
train,0.26710722,0.6037461884710323,0.05285320168433283
train,0.26704574,0.6037461884710323,0.05270800058080438
train,0.26703012,0.6038913895745608,0.05270800058080438
train,0.26698765,0.6038913895745608,0.052562799477276045
train,0.2668535,0.6046173950922027,0.052562799477276045
train,0.26682907,0.6046173950922027,0.0524175983737476
train,0.266806,0.6049077972992595,0.0524175983737476
train,0.2666888,0.6049077972992595,0.05227239727021926
train,0.2664516,0.606214607231015,0.05227239727021926
train,0.2663645,0.606214607231015,0.052127196166690815
train,0.26626176,0.6066502105416001,0.052127196166690815
train,0.26621097,0.6066502105416001,0.05198199506316248
train,0.2661273,0.6073762160592421,0.05198199506316248
train,0.26611105,0.6073762160592421,0.05183679395963414
train,0.2655318,0.6104254392333381,0.05183679395963414
train,0.26551569,0.6104254392333381,0.05154639175257736
train,0.26531598,0.6112966458545085,0.05154639175257736
train,0.26511535,0.6112966458545085,0.05140119064904891
train,0.264386,0.6149266734427181,0.05140119064904891
train,0.26437983,0.6149266734427181,0.051255989545520575
train,0.26434487,0.6152170756497749,0.051255989545520575
train,0.26432562,0.6152170756497749,0.05111078844199213
train,0.2628485,0.6195731087556265,0.05111078844199213
train,0.26283738,0.6195731087556265,0.05096558733846379
train,0.26254576,0.6207347175838537,0.05096558733846379
train,0.26254085,0.6207347175838537,0.050820386234935344
train,0.26231283,0.6214607231014956,0.050820386234935344
train,0.2622324,0.6214607231014956,0.05067518513140701
train,0.26202893,0.6221867286191375,0.05067518513140701
train,0.26202795,0.6221867286191375,0.05052998402787856
train,0.26146847,0.6243647451720633,0.05052998402787856
train,0.26139793,0.6243647451720633,0.050384782924350224
train,0.26139328,0.6246551473791201,0.050384782924350224
train,0.2611958,0.6246551473791201,0.05023958182082189
train,0.26112238,0.6250907506897052,0.05023958182082189
train,0.26111895,0.6250907506897052,0.05009438071729344
train,0.2608222,0.6266879628285175,0.05009438071729344
train,0.2608078,0.6266879628285175,0.049949179613765105
train,0.2605858,0.627268767242631,0.049949179613765105
train,0.26056105,0.627268767242631,0.04980397851023666
train,0.25993934,0.6288659793814433,0.04980397851023666
train,0.25993553,0.6288659793814433,0.04965877740670832
train,0.25938523,0.6310439959343691,0.04965877740670832
train,0.25938335,0.6310439959343691,0.049513576303179874
train,0.2591679,0.631770001452011,0.049513576303179874
train,0.25902385,0.631770001452011,0.04936837519965154
train,0.25894994,0.6320604036590678,0.04936837519965154
train,0.2588826,0.6320604036590678,0.04922317409612309
train,0.2587795,0.6323508058661246,0.04922317409612309
train,0.25876915,0.6323508058661246,0.049077972992594754
train,0.2586394,0.6330768113837665,0.049077972992594754
train,0.25858438,0.6330768113837665,0.04893277188906631
train,0.25813636,0.6345288224190504,0.04893277188906631
train,0.25806448,0.6345288224190504,0.048642369682009634
train,0.2577552,0.6349644257296355,0.048642369682009634
train,0.25775033,0.6349644257296355,0.04849716857848119
train,0.25773332,0.635109626833164,0.04849716857848119
train,0.25769132,0.635109626833164,0.0482067663714244
train,0.25765687,0.6352548279366923,0.0482067663714244
train,0.25764924,0.6352548279366923,0.04806156526789607
train,0.25760835,0.6354000290402207,0.04806156526789607
train,0.2575668,0.6354000290402207,0.04791636416436762
train,0.25746894,0.6359808334543342,0.04791636416436762
train,0.25727892,0.6359808334543342,0.04777116306083928
train,0.25714856,0.636997241179033,0.04777116306083928
train,0.25708833,0.636997241179033,0.047625961957310836
train,0.25706044,0.6371424422825613,0.047625961957310836
train,0.2570464,0.6371424422825613,0.0474807608537825
train,0.25699398,0.6372876433860898,0.0474807608537825
train,0.25697568,0.6372876433860898,0.04733555975025405
train,0.25637123,0.6403368665601858,0.04733555975025405
train,0.256259,0.6403368665601858,0.047190358646725716
train,0.25597358,0.641498475388413,0.047190358646725716
train,0.25595906,0.641498475388413,0.04704515754319738
train,0.25554475,0.6432408886307536,0.04704515754319738
train,0.25554308,0.6432408886307536,0.04689995643966893
train,0.25538033,0.6442572963554523,0.04689995643966893
train,0.25536463,0.6442572963554523,0.0467547553361406
train,0.25509804,0.6452737040801511,0.0467547553361406
train,0.25504035,0.6452737040801511,0.04660955423261215
train,0.25503057,0.6454189051836794,0.04660955423261215
train,0.25495997,0.6454189051836794,0.04646435312908381
train,0.25494274,0.6455641062872077,0.04646435312908381
train,0.25487912,0.6455641062872077,0.04617395092202703
train,0.2543939,0.6470161173224916,0.04617395092202703
train,0.25437716,0.6470161173224916,0.04602874981849858
train,0.25400105,0.6475969217366052,0.04602874981849858
train,0.25399575,0.6475969217366052,0.045883548714970246
train,0.25379315,0.647887323943662,0.045883548714970246
train,0.2537829,0.647887323943662,0.0457383476114418
train,0.2537026,0.6486133294613039,0.0457383476114418
train,0.25368565,0.6486133294613039,0.04559314650791346
train,0.25351128,0.6499201393930594,0.04559314650791346
train,0.2535059,0.6499201393930594,0.045447945404385126
train,0.2531651,0.6510817482212865,0.045447945404385126
train,0.2530787,0.6510817482212865,0.04530274430085668
train,0.25296578,0.6515173515318716,0.04530274430085668
train,0.25288087,0.6515173515318716,0.045012342093799895
train,0.2527057,0.6519529548424569,0.045012342093799895
train,0.25254613,0.6519529548424569,0.04486714099027156
train,0.25225934,0.6531145636706839,0.04486714099027156
train,0.252143,0.6531145636706839,0.04472193988674311
train,0.2511789,0.6564541890518368,0.04472193988674311
train,0.25113466,0.6564541890518368,0.04443153767968633
train,0.25103837,0.6571801945694787,0.04443153767968633
train,0.25102803,0.6571801945694787,0.04428633657615799
train,0.25090057,0.6573253956730071,0.04428633657615799
train,0.25069267,0.6573253956730071,0.04399593436910121
train,0.2506651,0.6574705967765355,0.04399593436910121
train,0.25064844,0.6574705967765355,0.04385073326557287
train,0.25055388,0.6577609989835923,0.04385073326557287
train,0.2505307,0.6577609989835923,0.043705532162044425
train,0.24842328,0.6656018585741251,0.043705532162044425
train,0.2483647,0.6656018585741251,0.04356033105851609
train,0.24793227,0.6671990707129374,0.04356033105851609
train,0.24770579,0.6671990707129374,0.04341512995498764
train,0.24739043,0.6682154784376362,0.04341512995498764
train,0.24738775,0.6682154784376362,0.043269928851459305
train,0.24710335,0.6693770872658632,0.043269928851459305
train,0.24698333,0.6693770872658632,0.04312472774793086
train,0.24684829,0.6698126905764484,0.04312472774793086
train,0.24673519,0.6698126905764484,0.042834325540874074
train,0.24636774,0.6714099027152607,0.042834325540874074
train,0.24629332,0.6714099027152607,0.04268912443734574
train,0.24617058,0.6719907071293741,0.04268912443734574
train,0.24611565,0.6719907071293741,0.04254392333381729
train,0.244825,0.6763467402352258,0.04254392333381729
train,0.24470298,0.6763467402352258,0.042398722230288954
train,0.2440337,0.6777987512705097,0.042398722230288954
train,0.24391785,0.6777987512705097,0.04225352112676062
train,0.24343932,0.6796863656163786,0.04225352112676062
train,0.24338607,0.6796863656163786,0.04210832002323217
train,0.24333178,0.6802671700304922,0.04210832002323217
train,0.24331853,0.6802671700304922,0.041963118919703835
train,0.24327458,0.6808479744446058,0.041963118919703835
train,0.24322611,0.6808479744446058,0.04181791781617539
train,0.24317718,0.6814287788587193,0.04181791781617539
train,0.24317625,0.6814287788587193,0.04167271671264705
train,0.2428435,0.6830259909975316,0.04167271671264705
train,0.24280734,0.6830259909975316,0.041527515609118604
train,0.24262474,0.6834615943081167,0.041527515609118604
train,0.24261394,0.6834615943081167,0.04138231450559027
train,0.24202828,0.6852040075504574,0.04138231450559027
train,0.24200088,0.6852040075504574,0.04123711340206182
train,0.24170072,0.6859300130680993,0.04123711340206182
train,0.24166235,0.6859300130680993,0.041091912298533484
train,0.24115661,0.6873820241033832,0.041091912298533484
train,0.24115513,0.6873820241033832,0.04094671119500504
train,0.24103935,0.6878176274139683,0.04094671119500504
train,0.24097934,0.6878176274139683,0.0408015100914767
train,0.2406565,0.6892696384492523,0.0408015100914767
train,0.24062791,0.6892696384492523,0.04065630898794825
train,0.24007043,0.6908668505880645,0.04065630898794825
train,0.24005632,0.6908668505880645,0.04051110788441992
train,0.23938084,0.6923188616233483,0.04051110788441992
train,0.2393256,0.6923188616233483,0.04036590678089158
train,0.2390123,0.6931900682445187,0.04036590678089158
train,0.23898417,0.6931900682445187,0.04022070567736313
train,0.23859644,0.6949324814868593,0.04022070567736313
train,0.23847571,0.6949324814868593,0.03993030347030635
train,0.23829803,0.695948889211558,0.03993030347030635
train,0.23824756,0.695948889211558,0.039639901263249566
train,0.23822385,0.6960940903150864,0.039639901263249566
train,0.2382186,0.6960940903150864,0.03949470015972123
train,0.2377307,0.6979817046609554,0.03949470015972123
train,0.23757845,0.6979817046609554,0.03934949905619278
train,0.23745467,0.698562509075069,0.03934949905619278
train,0.23739344,0.698562509075069,0.039204297952664446
train,0.23724526,0.6994337156962392,0.039204297952664446
train,0.23723492,0.6994337156962392,0.039059096849136
train,0.23644863,0.7027733410773922,0.039059096849136
train,0.23639329,0.7027733410773922,0.03891389574560766
train,0.23585238,0.7048061565267896,0.03891389574560766
train,0.23584135,0.7048061565267896,0.03876869464207933
train,0.23560676,0.7058225642514883,0.03876869464207933
train,0.23556164,0.7058225642514883,0.03862349353855088
train,0.23551829,0.706112966458545,0.03862349353855088
train,0.23550183,0.706112966458545,0.03847829243502254
train,0.23418283,0.7103237984608683,0.03847829243502254
train,0.23415913,0.7103237984608683,0.038333091331494096
train,0.23400837,0.7109046028749818,0.038333091331494096
train,0.23396012,0.7109046028749818,0.03818789022796576
train,0.23353535,0.7119210105996806,0.03818789022796576
train,0.23339301,0.7119210105996806,0.03804268912443731
train,0.2327042,0.7138086249455496,0.03804268912443731
train,0.23265152,0.7138086249455496,0.037897488020908976
train,0.23254387,0.7143894293596631,0.037897488020908976
train,0.23243728,0.7143894293596631,0.03775228691738053
train,0.23237449,0.7146798315667199,0.03775228691738053
train,0.23237424,0.7146798315667199,0.03760708581385219
train,0.23214561,0.7151154348773051,0.03760708581385219
train,0.23214048,0.7151154348773051,0.037461884710323745
train,0.23198068,0.715841440394947,0.037461884710323745
train,0.23197424,0.715841440394947,0.03731668360679541
train,0.23156579,0.7167126470161174,0.03731668360679541
train,0.23145518,0.7167126470161174,0.03717148250326707
train,0.23109427,0.7178742558443444,0.03717148250326707
train,0.23101868,0.7178742558443444,0.037026281399738625
train,0.23032506,0.7207782779149121,0.037026281399738625
train,0.23029394,0.7207782779149121,0.03688108029621029
train,0.22992727,0.7215042834325541,0.03688108029621029
train,0.22990221,0.7215042834325541,0.03673587919268184
train,0.22928822,0.7232466966748947,0.03673587919268184
train,0.22909719,0.7232466966748947,0.036590678089153506
train,0.22746679,0.7278931319878031,0.036590678089153506
train,0.22741674,0.7278931319878031,0.03644547698562506
train,0.22699647,0.7291999419195586,0.03644547698562506
train,0.2269695,0.7291999419195586,0.03630027588209672
train,0.22671945,0.7302163496442573,0.03630027588209672
train,0.22660792,0.7302163496442573,0.036155074778568275
train,0.22604188,0.7326847684042399,0.036155074778568275
train,0.22594906,0.7326847684042399,0.03600987367503994
train,0.2252429,0.7350079860606941,0.03600987367503994
train,0.22517128,0.7350079860606941,0.03586467257151149
train,0.22505338,0.7360243937853927,0.03586467257151149
train,0.22503643,0.7360243937853927,0.035719471467983155
train,0.22428578,0.7380572092347902,0.035719471467983155
train,0.22427875,0.7380572092347902,0.03557427036445482
train,0.22292332,0.7429940467547553,0.03557427036445482
train,0.22289895,0.7429940467547553,0.03542906926092637
train,0.22282076,0.7434296500653405,0.03542906926092637
train,0.22281934,0.7434296500653405,0.035283868157398035
train,0.22277719,0.7437200522723972,0.035283868157398035
train,0.22273669,0.7437200522723972,0.03513866705386959
train,0.22148882,0.7482212864817772,0.03513866705386959
train,0.22143014,0.7482212864817772,0.03499346595034125
train,0.21958637,0.753738928415856,0.03499346595034125
train,0.2195783,0.753738928415856,0.034848264846812804
train,0.21940252,0.7540293306229128,0.034848264846812804
train,0.21938588,0.7540293306229128,0.03470306374328447
train,0.21922034,0.7543197328299696,0.03470306374328447
train,0.21921551,0.7543197328299696,0.03455786263975602
train,0.21906812,0.7550457383476115,0.03455786263975602
train,0.21900757,0.7550457383476115,0.034412661536227684
train,0.21892278,0.7559169449687818,0.034412661536227684
train,0.21889019,0.7559169449687818,0.03426746043269924
train,0.21869102,0.7569333526934805,0.03426746043269924
train,0.21867977,0.7569333526934805,0.0341222593291709
train,0.21861267,0.7572237549005373,0.0341222593291709
train,0.21858907,0.7572237549005373,0.033977058225642565
train,0.2183926,0.7580949615217075,0.033977058225642565
train,0.21837662,0.7580949615217075,0.03383185712211412
train,0.21764591,0.7592565703499347,0.03383185712211412
train,0.21761255,0.7592565703499347,0.03368665601858578
train,0.21742733,0.7599825758675766,0.03368665601858578
train,0.21741308,0.7599825758675766,0.033541454915057334
train,0.21700364,0.762015391316974,0.033541454915057334
train,0.21697146,0.762015391316974,0.033396253811529
train,0.2164589,0.7630317990416727,0.033396253811529
train,0.21637392,0.7630317990416727,0.033105851604472214
train,0.21599315,0.7640482067663714,0.033105851604472214
train,0.21597932,0.7640482067663714,0.03296065050094377
train,0.21535543,0.7650646144910701,0.03296065050094377
train,0.21535288,0.7650646144910701,0.03281544939741543
train,0.21528937,0.7653550166981269,0.03281544939741543
train,0.21526931,0.7653550166981269,0.03267024829388698
train,0.21496645,0.7660810222157688,0.03267024829388698
train,0.2148869,0.7660810222157688,0.03252504719035865
train,0.2143264,0.767678234354581,0.03252504719035865
train,0.2143081,0.767678234354581,0.03237984608683031
train,0.2140365,0.7684042398722231,0.03237984608683031
train,0.2139614,0.7684042398722231,0.03223464498330186
train,0.21392094,0.7685494409757514,0.03223464498330186
train,0.21377125,0.7685494409757514,0.03208944387977353
train,0.2130542,0.7707274575286772,0.03208944387977353
train,0.21297754,0.7707274575286772,0.031799041672716744
train,0.21290714,0.7711630608392623,0.031799041672716744
train,0.2128829,0.7711630608392623,0.031653840569188296
train,0.21219479,0.7723246696674895,0.031653840569188296
train,0.21215183,0.7723246696674895,0.03150863946565996
train,0.21210296,0.7724698707710178,0.03150863946565996
train,0.21210065,0.7724698707710178,0.03136343836213151
train,0.21179347,0.772905474081603,0.03136343836213151
train,0.211782,0.772905474081603,0.031218237258603176
train,0.2117686,0.7731958762886598,0.031218237258603176
train,0.21173751,0.7731958762886598,0.03107303615507473
train,0.21158703,0.7736314795992449,0.03107303615507473
train,0.21158259,0.7736314795992449,0.030927835051546393
train,0.2115201,0.7737766807027734,0.030927835051546393
train,0.21150014,0.7737766807027734,0.030782633948018057
train,0.21149896,0.7739218818063017,0.030782633948018057
train,0.2113504,0.7739218818063017,0.03063743284448961
train,0.2110672,0.7745026862204153,0.03063743284448961
train,0.2110564,0.7745026862204153,0.030492231740961273
train,0.21061128,0.7758094961521708,0.030492231740961273
train,0.21057916,0.7758094961521708,0.030347030637432826
train,0.20997788,0.7779875127050966,0.030347030637432826
train,0.20996322,0.7779875127050966,0.03020182953390449
train,0.20955732,0.7794395237403804,0.03020182953390449
train,0.20955114,0.7794395237403804,0.030056628430376042
train,0.20950706,0.7797299259474372,0.030056628430376042
train,0.20945056,0.7797299259474372,0.029911427326847706
train,0.20878866,0.7826339480180049,0.029911427326847706
train,0.20871322,0.7826339480180049,0.02976622622331926
train,0.20863259,0.7830695513285901,0.02976622622331926
train,0.20850572,0.7830695513285901,0.029621025119790922
train,0.20814914,0.7846667634674024,0.029621025119790922
train,0.20814303,0.7846667634674024,0.029475824016262475
train,0.20777628,0.7849571656744592,0.029475824016262475
train,0.20749794,0.7849571656744592,0.029185421809205803
train,0.20732994,0.7853927689850443,0.029185421809205803
train,0.2072533,0.7853927689850443,0.02889501960214902
train,0.207018,0.7859735733991579,0.02889501960214902
train,0.20701277,0.7859735733991579,0.028749818498620572
train,0.20684882,0.7865543778132714,0.028749818498620572
train,0.2068394,0.7865543778132714,0.028604617395092236
train,0.20672041,0.7868447800203282,0.028604617395092236
train,0.20670806,0.7868447800203282,0.02845941629156379
train,0.20574771,0.7904748076085378,0.02845941629156379
train,0.205709,0.7904748076085378,0.028314215188035452
train,0.20556383,0.790910410919123,0.028314215188035452
train,0.20555808,0.790910410919123,0.028169014084507005
train,0.20534497,0.7912008131261797,0.028169014084507005
train,0.20520197,0.7912008131261797,0.02802381298097867
train,0.20481889,0.7919268186438216,0.02802381298097867
train,0.20475808,0.7919268186438216,0.02787861187745022
train,0.20462812,0.7920720197473501,0.02787861187745022
train,0.20461577,0.7920720197473501,0.027733410773921885
train,0.20455994,0.7923624219544069,0.027733410773921885
train,0.2045295,0.7923624219544069,0.02758820967039355
train,0.20405811,0.7938144329896907,0.02758820967039355
train,0.20404114,0.7938144329896907,0.0274430085668651
train,0.20312816,0.7967184550602585,0.0274430085668651
train,0.20298143,0.7967184550602585,0.027297807463336765
train,0.2029743,0.7968636561637868,0.027297807463336765
train,0.20278521,0.7968636561637868,0.027152606359808318
train,0.20266728,0.797299259474372,0.027152606359808318
train,0.2026599,0.797299259474372,0.02700740525627998
train,0.20224419,0.7981704660955423,0.02700740525627998
train,0.20210518,0.7981704660955423,0.026717003049223198
train,0.20180652,0.7994772760272978,0.026717003049223198
train,0.20173697,0.7994772760272978,0.02657180194569475
train,0.20128028,0.8002032815449397,0.02657180194569475
train,0.20120034,0.8002032815449397,0.026426600842166414
train,0.2007003,0.8007840859590533,0.026426600842166414
train,0.20067206,0.8007840859590533,0.02613619863510963
train,0.20043431,0.80107448816611,0.02613619863510963
train,0.20029888,0.80107448816611,0.025990997531581295
train,0.20010673,0.8016552925802236,0.025990997531581295
train,0.20009665,0.8016552925802236,0.025845796428052847
train,0.1998321,0.802526499201394,0.025845796428052847
train,0.19982941,0.802526499201394,0.02570059532452451
train,0.1995632,0.8031073036155075,0.02570059532452451
train,0.19952622,0.8031073036155075,0.025555394220996064
train,0.19943258,0.8035429069260926,0.025555394220996064
train,0.19941787,0.8035429069260926,0.025410193117467728
train,0.19890752,0.8054305212719617,0.025410193117467728
train,0.19886579,0.8054305212719617,0.02526499201393928
train,0.19882342,0.8060113256860753,0.02526499201393928
train,0.19873793,0.8060113256860753,0.025119790910410944
train,0.19818336,0.8078989400319443,0.025119790910410944
train,0.19814542,0.8078989400319443,0.024974589806882497
train,0.19766667,0.8094961521707565,0.024974589806882497
train,0.19763522,0.8094961521707565,0.02482938870335416
train,0.19698189,0.8113837665166255,0.02482938870335416
train,0.1969106,0.8113837665166255,0.024684187599825713
train,0.19646388,0.8128357775519094,0.024684187599825713
train,0.19632229,0.8128357775519094,0.024538986496297377
train,0.1962215,0.8131261797589662,0.024538986496297377
train,0.1961932,0.8131261797589662,0.02439378539276893
train,0.19532003,0.815304196311892,0.02439378539276893
train,0.19531932,0.815304196311892,0.024248584289240593
train,0.1950176,0.8160302018295339,0.024248584289240593
train,0.19498348,0.8160302018295339,0.024103383185712257
train,0.19464578,0.8174822128648178,0.024103383185712257
train,0.19463065,0.8174822128648178,0.02395818208218381
train,0.19447061,0.8177726150718746,0.02395818208218381
train,0.19442114,0.8177726150718746,0.023812980978655474
train,0.1936437,0.8196602294177435,0.023812980978655474
train,0.19364095,0.8196602294177435,0.023667779875127026
train,0.19218756,0.822854653695368,0.023667779875127026
train,0.19214545,0.822854653695368,0.023377377668070243
train,0.19203915,0.8232902570059533,0.023377377668070243
train,0.19201025,0.8232902570059533,0.023232176564541906
train,0.19180219,0.8237258603165384,0.023232176564541906
train,0.19172773,0.8237258603165384,0.02308697546101346
train,0.19087918,0.8247422680412371,0.02308697546101346
train,0.19080524,0.8247422680412371,0.022941774357485123
train,0.19030097,0.8256134746624074,0.022941774357485123
train,0.19026724,0.8256134746624074,0.022796573253956676
train,0.19017832,0.8257586757659359,0.022796573253956676
train,0.19013293,0.8257586757659359,0.02265137215042834
train,0.18997754,0.826194279076521,0.02265137215042834
train,0.18964109,0.826194279076521,0.022360969943371556
train,0.1892757,0.8272106868012197,0.022360969943371556
train,0.18925618,0.8272106868012197,0.02221576883984322
train,0.18922026,0.8273558879047481,0.02221576883984322
train,0.18913956,0.8273558879047481,0.021925366632786436
train,0.18841614,0.8288078989400319,0.021925366632786436
train,0.18836743,0.8288078989400319,0.02178016552925799
train,0.18733345,0.8305503121823726,0.02178016552925799
train,0.18716945,0.8305503121823726,0.021634964425729653
train,0.18514647,0.8359227530129228,0.021634964425729653
train,0.18509619,0.8359227530129228,0.021489763322201205
train,0.18495126,0.8363583563235081,0.021489763322201205
train,0.18493234,0.8363583563235081,0.02134456221867287
train,0.18491799,0.8365035574270364,0.02134456221867287
train,0.18489783,0.8365035574270364,0.02119936111514442
train,0.1836346,0.8398431828081894,0.02119936111514442
train,0.18351142,0.8398431828081894,0.021054160011616085
train,0.18288201,0.8414403949470016,0.021054160011616085
train,0.18287556,0.8414403949470016,0.02090895890808775
train,0.18173972,0.8437636126034558,0.02090895890808775
train,0.18165508,0.8437636126034558,0.020763757804559302
train,0.18140024,0.8447800203281545,0.020763757804559302
train,0.18135455,0.8447800203281545,0.020618556701030966
train,0.1812455,0.845360824742268,0.020618556701030966
train,0.18122306,0.845360824742268,0.02047335559750252
train,0.18093172,0.8460868302599099,0.02047335559750252
train,0.18087389,0.8460868302599099,0.020328154493974182
train,0.18055904,0.8469580368810803,0.020328154493974182
train,0.18036145,0.8469580368810803,0.020182953390445735
train,0.1797613,0.8484100479163642,0.020182953390445735
train,0.17973149,0.8484100479163642,0.0200377522869174
train,0.1790366,0.8500072600551765,0.0200377522869174
train,0.1790216,0.8500072600551765,0.01989255118338895
train,0.17884004,0.8501524611587048,0.01989255118338895
train,0.17860644,0.8501524611587048,0.019602148976332168
train,0.17712432,0.8542180920574997,0.019602148976332168
train,0.17710024,0.8542180920574997,0.01945694787280383
train,0.17641698,0.8558153041963119,0.01945694787280383
train,0.17638041,0.8558153041963119,0.019166545665747048
train,0.17636,0.8561057064033687,0.019166545665747048
train,0.17629847,0.8561057064033687,0.01902134456221871
train,0.17585903,0.8574125163351242,0.01902134456221871
train,0.1757643,0.8574125163351242,0.018876143458690264
train,0.17574778,0.8575577174386525,0.018876143458690264
train,0.1756598,0.8575577174386525,0.018730942355161928
train,0.17528798,0.8584289240598229,0.018730942355161928
train,0.17522524,0.8584289240598229,0.01858574125163348
train,0.17490453,0.8590097284739364,0.01858574125163348
train,0.17488511,0.8590097284739364,0.018440540148105145
train,0.17482106,0.8593001306809932,0.018440540148105145
train,0.17472956,0.8593001306809932,0.01815013794104836
train,0.174554,0.8604617395092202,0.01815013794104836
train,0.17431062,0.8604617395092202,0.018004936837519914
train,0.17378156,0.8619137505445041,0.018004936837519914
train,0.17375898,0.8619137505445041,0.017859735733991577
train,0.17355438,0.8620589516480325,0.017859735733991577
train,0.17347816,0.8620589516480325,0.01771453463046324
train,0.17303479,0.8627849571656745,0.01771453463046324
train,0.17297252,0.8627849571656745,0.017424132423406458
train,0.17269681,0.8635109626833164,0.017424132423406458
train,0.17264044,0.8635109626833164,0.017133730216349674
train,0.1711388,0.8665601858574126,0.017133730216349674
train,0.17109096,0.8665601858574126,0.016988529112821227
train,0.17106567,0.8667053869609409,0.016988529112821227
train,0.17102063,0.8667053869609409,0.01684332800929289
train,0.17075409,0.867140990271526,0.01684332800929289
train,0.1704885,0.867140990271526,0.016698126905764443
train,0.16937059,0.8698998112385654,0.016698126905764443
train,0.16911839,0.8698998112385654,0.016552925802236107
train,0.16889742,0.8701902134456222,0.016552925802236107
train,0.16880126,0.8701902134456222,0.01640772469870766
train,0.16877754,0.8703354145491505,0.01640772469870766
train,0.16871029,0.8703354145491505,0.016262523595179323
train,0.16865472,0.8706258167562073,0.016262523595179323
train,0.16861965,0.8706258167562073,0.016117322491650987
train,0.1653916,0.8778858719326267,0.016117322491650987
train,0.16529101,0.8778858719326267,0.015826920284594204
train,0.16498518,0.8784666763467402,0.015826920284594204
train,0.16493388,0.8784666763467402,0.015681719181065756
train,0.1645268,0.8789022796573254,0.015681719181065756
train,0.16448335,0.8789022796573254,0.01553651807753742
train,0.16391228,0.8796282851749674,0.01553651807753742
train,0.1638578,0.8796282851749674,0.015391316974008973
train,0.16355018,0.8802090895890808,0.015391316974008973
train,0.16348371,0.8802090895890808,0.015246115870480637
train,0.16336435,0.8806446928996661,0.015246115870480637
train,0.16326031,0.8806446928996661,0.01510091476695219
train,0.16202588,0.8823871061420067,0.01510091476695219
train,0.16197298,0.8823871061420067,0.014955713663423853
train,0.16017659,0.8861623348337447,0.014955713663423853
train,0.16011247,0.8861623348337447,0.014810512559895406
train,0.15974732,0.8870335414549151,0.014810512559895406
train,0.15953778,0.8870335414549151,0.01466531145636707
train,0.15860656,0.8892115580078409,0.01466531145636707
train,0.158522,0.8892115580078409,0.014520110352838733
train,0.1547926,0.8953100043560331,0.014520110352838733
train,0.15478536,0.8953100043560331,0.014374909249310286
train,0.1541489,0.896762015391317,0.014374909249310286
train,0.15410176,0.896762015391317,0.014084507042253502
train,0.1527825,0.8990852330477712,0.014084507042253502
train,0.15272719,0.8990852330477712,0.013939305938725166
train,0.15265632,0.8996660374618847,0.013939305938725166
train,0.15245894,0.8996660374618847,0.013794104835196719
train,0.15195124,0.900537244083055,0.013794104835196719
train,0.1519444,0.900537244083055,0.013648903731668383
train,0.15159243,0.9012632496006969,0.013648903731668383
train,0.15135139,0.9012632496006969,0.013358501524611599
train,0.15069565,0.9021344562218673,0.013358501524611599
train,0.15067941,0.9021344562218673,0.013213300421083152
train,0.15062588,0.9022796573253957,0.013213300421083152
train,0.1506243,0.9022796573253957,0.013068099317554815
train,0.14947037,0.9030056628430376,0.013068099317554815
train,0.14938514,0.9030056628430376,0.01292289821402648
train,0.1485957,0.9037316683606795,0.01292289821402648
train,0.1485854,0.9037316683606795,0.012777697110498032
train,0.14855786,0.903876869464208,0.012777697110498032
train,0.14824624,0.903876869464208,0.012632496006969696
train,0.14813499,0.9040220705677363,0.012632496006969696
train,0.14810513,0.9040220705677363,0.012487294903441248
train,0.1467564,0.9048932771889067,0.012487294903441248
train,0.14669637,0.9048932771889067,0.012342093799912912
train,0.14453025,0.9079425003630027,0.012342093799912912
train,0.14422615,0.9079425003630027,0.012196892696384465
train,0.14342536,0.9089589080877014,0.012196892696384465
train,0.14339021,0.9089589080877014,0.012051691592856129
train,0.14280236,0.9107013213300421,0.012051691592856129
train,0.14265205,0.9107013213300421,0.011906490489327681
train,0.14253749,0.9109917235370989,0.011906490489327681
train,0.1421321,0.9109917235370989,0.011761289385799345
train,0.14184627,0.9111369246406272,0.011761289385799345
train,0.14174868,0.9111369246406272,0.011616088282270898
train,0.14073953,0.912153332365326,0.011616088282270898
train,0.14071889,0.912153332365326,0.011470887178742561
train,0.14041373,0.9122985334688544,0.011470887178742561
train,0.14036173,0.9122985334688544,0.011325686075214225
train,0.14034541,0.9124437345723827,0.011325686075214225
train,0.13998011,0.9124437345723827,0.011180484971685778
train,0.13975215,0.9128793378829679,0.011180484971685778
train,0.139627,0.9128793378829679,0.011035283868157442
train,0.13924073,0.913314941193553,0.011035283868157442
train,0.13917316,0.913314941193553,0.010890082764628994
train,0.13885416,0.914040946711195,0.010890082764628994
train,0.13882612,0.914040946711195,0.010744881661100658
train,0.13777305,0.9150573544358938,0.010744881661100658
train,0.13760161,0.9150573544358938,0.01059968055757221
train,0.13670039,0.9170901698852911,0.01059968055757221
train,0.13669975,0.9170901698852911,0.010454479454043875
train,0.13659428,0.9175257731958762,0.010454479454043875
train,0.1365483,0.9175257731958762,0.010309278350515427
train,0.1329211,0.9227530129228982,0.010309278350515427
train,0.13279442,0.9227530129228982,0.010164077246987091
train,0.13278338,0.9228982140264266,0.010164077246987091
train,0.13268025,0.9228982140264266,0.010018876143458644
train,0.13207203,0.9243502250617105,0.010018876143458644
train,0.13197286,0.9243502250617105,0.009873675039930307
train,0.13114944,0.9252214316828807,0.009873675039930307
train,0.13108745,0.9252214316828807,0.009728473936401971
train,0.13058709,0.9260926383040511,0.009728473936401971
train,0.13052145,0.9260926383040511,0.009583272832873524
train,0.13041623,0.9262378394075795,0.009583272832873524
train,0.12972496,0.9262378394075795,0.009438071729345188
train,0.12894548,0.9268186438216931,0.009438071729345188
train,0.12887548,0.9268186438216931,0.00929287062581674
train,0.12832595,0.9271090460287498,0.00929287062581674
train,0.12829722,0.9271090460287498,0.009147669522288404
train,0.12708133,0.9282706548569769,0.009147669522288404
train,0.12702557,0.9282706548569769,0.009002468418759957
train,0.12697154,0.9285610570640337,0.009002468418759957
train,0.12673329,0.9285610570640337,0.008712066211703173
train,0.12612498,0.9295774647887324,0.008712066211703173
train,0.1260651,0.9295774647887324,0.008566865108174837
train,0.12572207,0.9300130680993176,0.008566865108174837
train,0.12567154,0.9300130680993176,0.00842166400464639
train,0.12446911,0.9317554813416582,0.00842166400464639
train,0.124331005,0.9317554813416582,0.008276462901118053
train,0.12316603,0.9337882967910556,0.008276462901118053
train,0.12304195,0.9337882967910556,0.008131261797589606
train,0.12303342,0.933933497894584,0.008131261797589606
train,0.122883394,0.933933497894584,0.00798606069406127
train,0.12010661,0.9372731232757369,0.00798606069406127
train,0.11999673,0.9372731232757369,0.007840859590532934
train,0.11840673,0.9395963409321911,0.007840859590532934
train,0.118363865,0.9395963409321911,0.007695658487004486
train,0.11769229,0.9401771453463046,0.007695658487004486
train,0.11745087,0.9401771453463046,0.00755045738347615
train,0.11665756,0.9407579497604182,0.00755045738347615
train,0.116612665,0.9407579497604182,0.007405256279947703
train,0.115724556,0.9414839552780601,0.007405256279947703
train,0.115664825,0.9414839552780601,0.007260055176419367
train,0.11483078,0.9425003630027589,0.007260055176419367
train,0.114732824,0.9425003630027589,0.007114854072890919
train,0.11395776,0.9432263685204008,0.007114854072890919
train,0.11384681,0.9432263685204008,0.006969652969362583
train,0.1121687,0.9455495861768549,0.006969652969362583
train,0.11214447,0.9455495861768549,0.006824451865834136
train,0.111651495,0.9461303905909685,0.006824451865834136
train,0.11158162,0.9461303905909685,0.0066792507623057995
train,0.11125623,0.9465659939015536,0.0066792507623057995
train,0.11103832,0.9465659939015536,0.006534049658777352
train,0.10766391,0.949324814868593,0.006534049658777352
train,0.107592106,0.949324814868593,0.006388848555249016
train,0.10367306,0.9533904457673879,0.006388848555249016
train,0.10333995,0.9533904457673879,0.00624364745172068
train,0.09964392,0.9564396689414839,0.00624364745172068
train,0.09953547,0.9564396689414839,0.006098446348192232
train,0.097970635,0.957601277769711,0.006098446348192232
train,0.0979372,0.957601277769711,0.005953245244663896
train,0.0945667,0.9606505009438072,0.005953245244663896
train,0.09423406,0.9606505009438072,0.005808044141135449
train,0.09318618,0.9615217075649775,0.005808044141135449
train,0.093065016,0.9615217075649775,0.005662843037607113
train,0.09234363,0.9623929141861478,0.005662843037607113
train,0.09193342,0.9623929141861478,0.005517641934078665
train,0.09174777,0.9626833163932046,0.005517641934078665
train,0.09145422,0.9626833163932046,0.005372440830550329
train,0.09084643,0.9631189197037897,0.005372440830550329
train,0.09057701,0.9631189197037897,0.005227239727021882
train,0.0872133,0.965442137360244,0.005227239727021882
train,0.087016545,0.965442137360244,0.0050820386234935455
train,0.08367409,0.9671845506025846,0.0050820386234935455
train,0.08357959,0.9671845506025846,0.004936837519965098
train,0.08141783,0.9686365616378685,0.004936837519965098
train,0.08115985,0.9686365616378685,0.004791636416436762
train,0.0790323,0.969943371569624,0.004791636416436762
train,0.07901117,0.969943371569624,0.004646435312908426
train,0.074919,0.9722665892260781,0.004646435312908426
train,0.074553095,0.9722665892260781,0.004501234209379978
train,0.07148479,0.973718600261362,0.004501234209379978
train,0.071481146,0.973718600261362,0.004356033105851642
train,0.07071561,0.9744446057790039,0.004356033105851642
train,0.07042477,0.9744446057790039,0.004210832002323195
train,0.07005052,0.9753158124001743,0.004210832002323195
train,0.06938874,0.9753158124001743,0.003920429795266411
train,0.06861727,0.9756062146072311,0.003920429795266411
train,0.068456516,0.9756062146072311,0.003775228691738075
train,0.06832651,0.9757514157107594,0.003775228691738075
train,0.06827123,0.9757514157107594,0.003630027588209628
train,0.06547085,0.9769130245389865,0.003630027588209628
train,0.06491997,0.9769130245389865,0.0033396253811528442
train,0.059517853,0.9786554377813271,0.0033396253811528442
train,0.059363768,0.9786554377813271,0.003194424277624508
train,0.059329525,0.9788006388848556,0.003194424277624508
train,0.059114985,0.9788006388848556,0.0030492231740961717
train,0.05766263,0.9795266444024975,0.0030492231740961717
train,0.05737674,0.9795266444024975,0.0029040220705677244
train,0.056334913,0.9799622477130826,0.0029040220705677244
train,0.056221634,0.9799622477130826,0.002758820967039388
train,0.05472388,0.9806882532307245,0.002758820967039388
train,0.05468086,0.9806882532307245,0.002613619863510941
train,0.048334554,0.9833018730942356,0.002613619863510941
train,0.048323758,0.9833018730942356,0.0024684187599826046
train,0.046718802,0.9841730797154058,0.0024684187599826046
train,0.04665165,0.9841730797154058,0.0023232176564541573
train,0.0435155,0.9848990852330478,0.0023232176564541573
train,0.04306328,0.9848990852330478,0.002178016552925821
train,0.037507523,0.9863510962683316,0.002178016552925821
train,0.03721776,0.9863510962683316,0.002032815449397374
train,0.037160143,0.9864962973718601,0.002032815449397374
train,0.03698359,0.9864962973718601,0.0018876143458690375
train,0.036650535,0.9866414984753884,0.0018876143458690375
train,0.036045354,0.9866414984753884,0.0017424132423405903
train,0.03568888,0.9869319006824452,0.0017424132423405903
train,0.035548072,0.9869319006824452,0.001597212138812254
train,0.035116974,0.987222302889502,0.001597212138812254
train,0.033876628,0.987222302889502,0.0014520110352839177
train,0.031614203,0.9876579062000871,0.0014520110352839177
train,0.03153974,0.9876579062000871,0.0013068099317554704
train,0.031531967,0.9878031073036155,0.0013068099317554704
train,0.03136372,0.9878031073036155,0.0011616088282271342
train,0.021953413,0.990271526063598,0.0011616088282271342
train,0.021674689,0.990271526063598,0.001016407724698687
train,0.020914223,0.9904167271671265,0.001016407724698687
train,0.020598568,0.9904167271671265,0.0008712066211703506
train,0.019062428,0.9911427326847684,0.0008712066211703506
train,0.01670574,0.9911427326847684,0.0007260055176419034
train,0.008095629,0.9930303470306374,0.0007260055176419034
train,0.0079333875,0.9930303470306374,0.0005808044141135671
train,0.002792202,0.9937563525482793,0.0005808044141135671
train,-0.0005761396,0.9937563525482793,0.0004356033105851198
train,-0.0016940591,0.9941919558588646,0.0004356033105851198
train,-0.0023175853,0.9941919558588646,0.00029040220705678355
train,-0.01642085,0.9969507768259038,0.00029040220705678355
train,-0.018501284,0.9969507768259038,0.00014520110352833626
train,-0.020081647,0.9970959779294323,0.00014520110352833626
train,-0.020283679,0.9970959779294323,0.0
train,-0.121800065,1.0,0.0
validation,inf,0.0,1.0
validation,0.98359454,0.0,0.9993224932249323
validation,0.65042245,0.0,0.8028455284552846
validation,0.6502017,0.0006775067750677507,0.8028455284552846
validation,0.6346088,0.0006775067750677507,0.7710027100271003
validation,0.6344287,0.0013550135501355014,0.7710027100271003
validation,0.62197316,0.0013550135501355014,0.736449864498645
validation,0.6211231,0.0020325203252032522,0.736449864498645
validation,0.61498266,0.0020325203252032522,0.7235772357723578
validation,0.6141281,0.0027100271002710027,0.7235772357723578
validation,0.6121366,0.0027100271002710027,0.7161246612466124
validation,0.6119545,0.0033875338753387536,0.7161246612466124
validation,0.6019902,0.0033875338753387536,0.6883468834688347
validation,0.60161567,0.0040650406504065045,0.6883468834688347
validation,0.5952297,0.0040650406504065045,0.6680216802168022
validation,0.59497905,0.0047425474254742545,0.6680216802168022
validation,0.5934471,0.0047425474254742545,0.6653116531165312
validation,0.5932301,0.005420054200542005,0.6653116531165312
validation,0.5847373,0.005420054200542005,0.64159891598916
validation,0.58439577,0.006097560975609756,0.64159891598916
validation,0.5761911,0.006097560975609756,0.6192411924119241
validation,0.5753496,0.006775067750677507,0.6192411924119241
validation,0.57425576,0.006775067750677507,0.6151761517615176
validation,0.5741068,0.007452574525745257,0.6151761517615176
validation,0.57309395,0.007452574525745257,0.6131436314363143
validation,0.5722429,0.008130081300813009,0.6131436314363143
validation,0.5708906,0.008130081300813009,0.6104336043360434
validation,0.57085574,0.008807588075880758,0.6104336043360434
validation,0.56489545,0.008807588075880758,0.5901084010840109
validation,0.5638308,0.009485094850948509,0.5901084010840109
validation,0.5616655,0.009485094850948509,0.5806233062330624
validation,0.5610595,0.01016260162601626,0.5806233062330624
validation,0.55947036,0.01016260162601626,0.5779132791327913
validation,0.5592769,0.01084010840108401,0.5779132791327913
validation,0.5570172,0.01084010840108401,0.5724932249322493
validation,0.5569875,0.011517615176151762,0.5724932249322493
validation,0.55653507,0.011517615176151762,0.5711382113821138
validation,0.5561674,0.012195121951219513,0.5711382113821138
validation,0.5509498,0.012195121951219513,0.551490514905149
validation,0.55027604,0.012872628726287264,0.551490514905149
validation,0.5480023,0.012872628726287264,0.5453929539295392
validation,0.5479477,0.013550135501355014,0.5453929539295392
validation,0.5464079,0.013550135501355014,0.5399728997289973
validation,0.5461222,0.014227642276422764,0.5399728997289973
validation,0.5447493,0.014227642276422764,0.5352303523035231
validation,0.5446084,0.014905149051490514,0.5352303523035231
validation,0.5414464,0.014905149051490514,0.5277777777777778
validation,0.54137295,0.015582655826558265,0.5277777777777778
validation,0.5383904,0.015582655826558265,0.5128726287262872
validation,0.53777564,0.016260162601626018,0.5128726287262872
validation,0.53657216,0.016260162601626018,0.5108401084010841
validation,0.53609776,0.017615176151761516,0.5108401084010841
validation,0.53444576,0.017615176151761516,0.5013550135501355
validation,0.5344281,0.018970189701897018,0.5013550135501355
validation,0.52900755,0.018970189701897018,0.48035230352303526
validation,0.5287554,0.01964769647696477,0.48035230352303526
validation,0.5224121,0.01964769647696477,0.45731707317073167
validation,0.5222805,0.02032520325203252,0.45731707317073167
validation,0.51991254,0.02032520325203252,0.4512195121951219
validation,0.51991224,0.02100271002710027,0.4512195121951219
validation,0.5181221,0.02100271002710027,0.44512195121951215
validation,0.51806223,0.02168021680216802,0.44512195121951215
validation,0.5161511,0.02168021680216802,0.44037940379403795
validation,0.515936,0.022357723577235773,0.44037940379403795
validation,0.5133248,0.022357723577235773,0.43089430894308944
validation,0.51294804,0.023035230352303523,0.43089430894308944
validation,0.51260674,0.023035230352303523,0.4302168021680217
validation,0.5120091,0.023712737127371274,0.4302168021680217
validation,0.51157975,0.023712737127371274,0.42886178861788615
validation,0.5115146,0.024390243902439025,0.42886178861788615
validation,0.51149076,0.024390243902439025,0.4281842818428184
validation,0.5114741,0.025067750677506776,0.4281842818428184
validation,0.5100632,0.025067750677506776,0.42208672086720866
validation,0.5097256,0.025745257452574527,0.42208672086720866
validation,0.50971675,0.025745257452574527,0.42140921409214094
validation,0.50964314,0.026422764227642278,0.42140921409214094
validation,0.50865614,0.026422764227642278,0.41937669376693765
validation,0.5083325,0.027777777777777776,0.41937669376693765
validation,0.5074641,0.027777777777777776,0.41666666666666663
validation,0.5070475,0.028455284552845527,0.41666666666666663
validation,0.5069446,0.028455284552845527,0.4159891598915989
validation,0.5067894,0.02981029810298103,0.4159891598915989
validation,0.5064953,0.02981029810298103,0.41463414634146345
validation,0.5063647,0.03048780487804878,0.41463414634146345
validation,0.50512135,0.03048780487804878,0.40989159891598914
validation,0.5048868,0.03184281842818428,0.40989159891598914
validation,0.50439966,0.03184281842818428,0.4085365853658537
validation,0.5031747,0.034552845528455285,0.4085365853658537
validation,0.50292885,0.034552845528455285,0.4071815718157181
validation,0.5028099,0.03523035230352303,0.4071815718157181
validation,0.5027017,0.03523035230352303,0.4065040650406504
validation,0.502083,0.036585365853658534,0.4065040650406504
validation,0.50086296,0.036585365853658534,0.40514905149051494
validation,0.5007055,0.03726287262872629,0.40514905149051494
validation,0.5003283,0.03726287262872629,0.4044715447154471
validation,0.50027496,0.037940379403794036,0.4044715447154471
validation,0.5001987,0.037940379403794036,0.4037940379403794
validation,0.49962038,0.03997289972899729,0.4037940379403794
validation,0.49943167,0.03997289972899729,0.40311653116531165
validation,0.49933448,0.04065040650406504,0.40311653116531165
validation,0.49857727,0.04065040650406504,0.40108401084010836
validation,0.49850118,0.041327913279132794,0.40108401084010836
validation,0.49711078,0.041327913279132794,0.39566395663956644
validation,0.49705955,0.04200542005420054,0.39566395663956644
validation,0.49610856,0.04200542005420054,0.39159891598915986
validation,0.49610603,0.042682926829268296,0.39159891598915986
validation,0.49531835,0.042682926829268296,0.3902439024390244
validation,0.4952756,0.04336043360433604,0.3902439024390244
validation,0.4935722,0.04336043360433604,0.38414634146341464
validation,0.4931716,0.04403794037940379,0.38414634146341464
validation,0.49212736,0.04403794037940379,0.3814363143631436
validation,0.4918655,0.044715447154471545,0.3814363143631436
validation,0.49053386,0.044715447154471545,0.37737127371273715
validation,0.49021766,0.04607046070460705,0.37737127371273715
validation,0.48895007,0.04607046070460705,0.37533875338753386
validation,0.48888484,0.046747967479674794,0.37533875338753386
validation,0.48722994,0.046747967479674794,0.36991869918699183
validation,0.4871894,0.04742547425474255,0.36991869918699183
validation,0.4870743,0.04742547425474255,0.3685636856368564
validation,0.4868215,0.048102981029810296,0.3685636856368564
validation,0.4861463,0.048102981029810296,0.3672086720867209
validation,0.4855482,0.0494579945799458,0.3672086720867209
validation,0.4833706,0.0494579945799458,0.3617886178861789
validation,0.48331976,0.05013550135501355,0.3617886178861789
validation,0.48065543,0.05013550135501355,0.35636856368563685
validation,0.48051688,0.0508130081300813,0.35636856368563685
validation,0.4797567,0.0508130081300813,0.3529810298102981
validation,0.47935677,0.0521680216802168,0.3529810298102981
validation,0.47900793,0.0521680216802168,0.35162601626016265
validation,0.47891137,0.052845528455284556,0.35162601626016265
validation,0.4785864,0.052845528455284556,0.34959349593495936
validation,0.47815466,0.05420054200542006,0.34959349593495936
validation,0.47711045,0.05420054200542006,0.3462059620596206
validation,0.47696805,0.054878048780487805,0.3462059620596206
validation,0.4768855,0.054878048780487805,0.3455284552845529
validation,0.47687268,0.05555555555555555,0.3455284552845529
validation,0.47632876,0.05555555555555555,0.34417344173441733
validation,0.47621945,0.05623306233062331,0.34417344173441733
validation,0.4761748,0.05623306233062331,0.3434959349593496
validation,0.47562927,0.05758807588075881,0.3434959349593496
validation,0.47528294,0.05758807588075881,0.3414634146341463
validation,0.47508758,0.058265582655826556,0.3414634146341463
validation,0.47473276,0.058265582655826556,0.33943089430894313
validation,0.47365877,0.05962059620596206,0.33943089430894313
validation,0.47201914,0.05962059620596206,0.33536585365853655
validation,0.47156087,0.06097560975609756,0.33536585365853655
validation,0.4712243,0.06097560975609756,0.3340108401084011
validation,0.47070685,0.061653116531165314,0.3340108401084011
validation,0.4698633,0.061653116531165314,0.3313008130081301
validation,0.46962398,0.06233062330623306,0.3313008130081301
validation,0.46839258,0.06233062330623306,0.3272357723577236
validation,0.4683729,0.06300813008130081,0.3272357723577236
validation,0.466841,0.06300813008130081,0.31842818428184283
validation,0.4668011,0.06436314363143632,0.31842818428184283
validation,0.46665138,0.06436314363143632,0.3177506775067751
validation,0.46665037,0.06504065040650407,0.3177506775067751
validation,0.4648348,0.06504065040650407,0.31436314363143636
validation,0.4647685,0.06571815718157181,0.31436314363143636
validation,0.4627113,0.06571815718157181,0.3102981029810298
validation,0.46259803,0.06707317073170732,0.3102981029810298
validation,0.46174064,0.06707317073170732,0.30758807588075876
validation,0.46166942,0.06775067750677506,0.30758807588075876
validation,0.46143082,0.06775067750677506,0.30691056910569103
validation,0.46103945,0.06910569105691057,0.30691056910569103
validation,0.46058747,0.06910569105691057,0.3062330623306233
validation,0.4601777,0.07046070460704607,0.3062330623306233
validation,0.4600233,0.07046070460704607,0.3055555555555556
validation,0.4597309,0.07113821138211382,0.3055555555555556
validation,0.4596094,0.07113821138211382,0.3035230352303523
validation,0.4590833,0.07181571815718157,0.3035230352303523
validation,0.4589877,0.07181571815718157,0.30284552845528456
validation,0.4588106,0.07249322493224933,0.30284552845528456
validation,0.4584508,0.07249322493224933,0.30081300813008127
validation,0.45821047,0.07452574525745258,0.30081300813008127
validation,0.45789275,0.07452574525745258,0.30013550135501355
validation,0.45742205,0.07520325203252033,0.30013550135501355
validation,0.45562568,0.07520325203252033,0.2960704607046071
validation,0.45557594,0.07588075880758807,0.2960704607046071
validation,0.45460388,0.07588075880758807,0.2947154471544715
validation,0.45426857,0.07791327913279132,0.2947154471544715
validation,0.45279613,0.07791327913279132,0.29268292682926833
validation,0.4527606,0.07926829268292683,0.29268292682926833
validation,0.4526925,0.07926829268292683,0.2920054200542005
validation,0.45216125,0.07994579945799458,0.2920054200542005
validation,0.45191473,0.07994579945799458,0.29132791327913277
validation,0.45147094,0.08333333333333333,0.29132791327913277
validation,0.4510207,0.08333333333333333,0.2872628726287263
validation,0.4503397,0.08739837398373984,0.2872628726287263
validation,0.44877222,0.08739837398373984,0.2831978319783198
validation,0.44860607,0.08807588075880758,0.2831978319783198
validation,0.44843856,0.08807588075880758,0.282520325203252
validation,0.44802722,0.08875338753387534,0.282520325203252
validation,0.44713935,0.08875338753387534,0.2798102981029811
validation,0.4471103,0.08943089430894309,0.2798102981029811
validation,0.44622627,0.08943089430894309,0.27913279132791324
validation,0.4450404,0.09146341463414634,0.27913279132791324
validation,0.44501534,0.09146341463414634,0.2777777777777778
validation,0.4444181,0.09349593495934959,0.2777777777777778
validation,0.44411665,0.09349593495934959,0.2764227642276422
validation,0.4440758,0.09417344173441734,0.2764227642276422
validation,0.44393378,0.09417344173441734,0.2750677506775068
validation,0.44323516,0.09620596205962059,0.2750677506775068
validation,0.44275028,0.09620596205962059,0.27168021680216803
validation,0.44262454,0.09688346883468835,0.27168021680216803
validation,0.44229695,0.09688346883468835,0.2703252032520326
validation,0.44198704,0.09823848238482384,0.2703252032520326
validation,0.44148022,0.09823848238482384,0.2669376693766937
validation,0.44090727,0.1002710027100271,0.2669376693766937
validation,0.4406021,0.1002710027100271,0.266260162601626
validation,0.4405034,0.10094850948509485,0.266260162601626
validation,0.438147,0.10094850948509485,0.2615176151761518
validation,0.43678984,0.1043360433604336,0.2615176151761518
validation,0.43610406,0.1043360433604336,0.2594850948509485
validation,0.43538976,0.10501355013550136,0.2594850948509485
validation,0.43532515,0.10501355013550136,0.2588075880758808
validation,0.43451923,0.10840108401084012,0.2588075880758808
validation,0.43378627,0.10840108401084012,0.25609756097560976
validation,0.43259078,0.1111111111111111,0.25609756097560976
validation,0.4323106,0.1111111111111111,0.25542005420054203
validation,0.43089917,0.11585365853658537,0.25542005420054203
validation,0.4301053,0.11585365853658537,0.252710027100271
validation,0.4297892,0.11653116531165311,0.252710027100271
validation,0.4296831,0.11653116531165311,0.2520325203252033
validation,0.4295841,0.11720867208672087,0.2520325203252033
validation,0.4289078,0.11720867208672087,0.24932249322493227
validation,0.42882276,0.11856368563685638,0.24932249322493227
validation,0.42846075,0.11856368563685638,0.24864498644986455
validation,0.4278137,0.11924119241192412,0.24864498644986455
validation,0.42759633,0.11924119241192412,0.2479674796747967
validation,0.4271386,0.12127371273712736,0.2479674796747967
validation,0.42676798,0.12127371273712736,0.24661246612466126
validation,0.4264905,0.12195121951219512,0.24661246612466126
validation,0.42643368,0.12195121951219512,0.24593495934959353
validation,0.4254988,0.12466124661246612,0.24593495934959353
validation,0.4248565,0.12466124661246612,0.24390243902439024
validation,0.4244735,0.12601626016260162,0.24390243902439024
validation,0.42422986,0.12601626016260162,0.2432249322493225
validation,0.42350185,0.1294037940379404,0.2432249322493225
validation,0.42340443,0.1294037940379404,0.24186991869918695
validation,0.422623,0.13211382113821138,0.24186991869918695
validation,0.42256683,0.13211382113821138,0.24119241192411922
validation,0.42240223,0.13279132791327913,0.24119241192411922
validation,0.4214194,0.13279132791327913,0.2384823848238482
validation,0.42109987,0.1334688346883469,0.2384823848238482
validation,0.42017767,0.1334688346883469,0.2357723577235772
validation,0.4197992,0.13414634146341464,0.2357723577235772
validation,0.41895527,0.13414634146341464,0.23509485094850946
validation,0.4184563,0.1348238482384824,0.23509485094850946
validation,0.41787893,0.1348238482384824,0.233739837398374
validation,0.41768003,0.13550135501355012,0.233739837398374
validation,0.41734397,0.13550135501355012,0.23306233062330628
validation,0.41654104,0.13685636856368563,0.23306233062330628
validation,0.41607893,0.13685636856368563,0.22967479674796742
validation,0.41540444,0.1402439024390244,0.22967479674796742
validation,0.41499603,0.1402439024390244,0.22831978319783197
validation,0.41488644,0.14092140921409213,0.22831978319783197
validation,0.41428044,0.14092140921409213,0.22696476964769652
validation,0.41408095,0.14159891598915988,0.22696476964769652
validation,0.4131518,0.14159891598915988,0.22493224932249323
validation,0.41283393,0.14227642276422764,0.22493224932249323
validation,0.41281798,0.14227642276422764,0.2242547425474255
validation,0.4120883,0.14566395663956638,0.2242547425474255
validation,0.41170564,0.14566395663956638,0.22289972899728994
validation,0.41108406,0.14769647696476965,0.22289972899728994
validation,0.41014925,0.14769647696476965,0.2222222222222222
validation,0.4093141,0.14905149051490515,0.2222222222222222
validation,0.40913796,0.14905149051490515,0.22154471544715448
validation,0.40878925,0.1497289972899729,0.22154471544715448
validation,0.40867946,0.1497289972899729,0.22086720867208676
validation,0.40736383,0.1524390243902439,0.22086720867208676
validation,0.40730748,0.1524390243902439,0.22018970189701892
validation,0.40725365,0.15311653116531165,0.22018970189701892
validation,0.40706357,0.15311653116531165,0.2195121951219512
validation,0.4070262,0.15447154471544716,0.2195121951219512
validation,0.40662932,0.15447154471544716,0.21612466124661245
validation,0.40649298,0.15582655826558264,0.21612466124661245
validation,0.40642157,0.15582655826558264,0.21544715447154472
validation,0.40640652,0.1565040650406504,0.21544715447154472
validation,0.40590596,0.1565040650406504,0.21341463414634143
validation,0.40587965,0.15718157181571815,0.21341463414634143
validation,0.40537062,0.15718157181571815,0.2127371273712737
validation,0.4052729,0.1578590785907859,0.2127371273712737
validation,0.40526682,0.1578590785907859,0.21205962059620598
validation,0.4049917,0.15921409214092141,0.21205962059620598
validation,0.404675,0.15921409214092141,0.21138211382113825
validation,0.40430745,0.16260162601626016,0.21138211382113825
validation,0.40429243,0.16260162601626016,0.2107046070460704
validation,0.40381134,0.16395663956639567,0.2107046070460704
validation,0.40374127,0.16395663956639567,0.20934959349593496
validation,0.40342066,0.16463414634146342,0.20934959349593496
validation,0.40335625,0.16463414634146342,0.20867208672086723
validation,0.4025099,0.16802168021680217,0.20867208672086723
validation,0.40235937,0.16802168021680217,0.20731707317073167
validation,0.40235734,0.16869918699186992,0.20731707317073167
validation,0.40193352,0.16869918699186992,0.20663956639566394
validation,0.40186998,0.16937669376693767,0.20663956639566394
validation,0.4011478,0.16937669376693767,0.20460704607046065
validation,0.40081152,0.1714092140921409,0.20460704607046065
validation,0.39970696,0.1714092140921409,0.2032520325203252
validation,0.39800736,0.17344173441734417,0.2032520325203252
validation,0.3977746,0.17344173441734417,0.20054200542005418
validation,0.39738664,0.17547425474254744,0.20054200542005418
validation,0.39736104,0.17547425474254744,0.19986449864498645
validation,0.39713693,0.17682926829268292,0.19986449864498645
validation,0.39644426,0.17682926829268292,0.19918699186991873
validation,0.3961065,0.17750677506775067,0.19918699186991873
validation,0.39569494,0.17750677506775067,0.198509485094851
validation,0.39528808,0.17886178861788618,0.198509485094851
validation,0.39515314,0.17886178861788618,0.19783197831978316
validation,0.39454225,0.18089430894308944,0.19783197831978316
validation,0.39421192,0.18089430894308944,0.1964769647696477
validation,0.3935681,0.18292682926829268,0.1964769647696477
validation,0.39293268,0.18292682926829268,0.19512195121951215
validation,0.39252147,0.18360433604336043,0.19512195121951215
validation,0.3920465,0.18360433604336043,0.19444444444444442
validation,0.39189628,0.1842818428184282,0.19444444444444442
validation,0.39155847,0.1842818428184282,0.19308943089430897
validation,0.39108753,0.18699186991869918,0.19308943089430897
validation,0.39108428,0.18699186991869918,0.19241192411924124
validation,0.39096224,0.18834688346883469,0.19241192411924124
validation,0.3906183,0.18834688346883469,0.19105691056910568
validation,0.3902175,0.18902439024390244,0.19105691056910568
validation,0.38993597,0.18902439024390244,0.19037940379403795
validation,0.38967675,0.19037940379403795,0.19037940379403795
validation,0.38957712,0.19037940379403795,0.18970189701897022
validation,0.38947922,0.1910569105691057,0.18970189701897022
validation,0.38916695,0.1910569105691057,0.18902439024390238
validation,0.3888842,0.19241192411924118,0.18902439024390238
validation,0.3887091,0.19241192411924118,0.18834688346883466
validation,0.3885128,0.1937669376693767,0.18834688346883466
validation,0.38817868,0.1937669376693767,0.1869918699186992
validation,0.3881169,0.1951219512195122,0.1869918699186992
validation,0.3878297,0.1951219512195122,0.18631436314363148
validation,0.3877542,0.19579945799457996,0.18631436314363148
validation,0.38725883,0.19579945799457996,0.18360433604336046
validation,0.38601428,0.1991869918699187,0.18360433604336046
validation,0.38559154,0.1991869918699187,0.18157181571815717
validation,0.38538602,0.19986449864498645,0.18157181571815717
validation,0.3851524,0.19986449864498645,0.18021680216802172
validation,0.38480517,0.2005420054200542,0.18021680216802172
validation,0.38438097,0.2005420054200542,0.17953929539295388
validation,0.38379058,0.2018970189701897,0.17953929539295388
validation,0.38358182,0.2018970189701897,0.17886178861788615
validation,0.3827836,0.2032520325203252,0.17886178861788615
validation,0.38255945,0.2032520325203252,0.17818428184281843
validation,0.38218844,0.2046070460704607,0.17818428184281843
validation,0.3821362,0.2046070460704607,0.1775067750677507
validation,0.38204515,0.20528455284552846,0.1775067750677507
validation,0.3820041,0.20528455284552846,0.17682926829268297
validation,0.38095495,0.20799457994579945,0.17682926829268297
validation,0.38066933,0.20799457994579945,0.1754742547425474
validation,0.37875885,0.21680216802168023,0.1754742547425474
validation,0.37869197,0.21680216802168023,0.17479674796747968
validation,0.3785438,0.2181571815718157,0.17479674796747968
validation,0.37820938,0.2181571815718157,0.17344173441734423
validation,0.3775327,0.21883468834688347,0.17344173441734423
validation,0.37740642,0.21883468834688347,0.1727642276422764
validation,0.3773899,0.22018970189701897,0.1727642276422764
validation,0.37737894,0.22018970189701897,0.17208672086720866
validation,0.37588888,0.22493224932249323,0.17208672086720866
validation,0.37568834,0.22493224932249323,0.1707317073170732
validation,0.3743873,0.22764227642276422,0.1707317073170732
validation,0.37421137,0.22764227642276422,0.17005420054200537
validation,0.37414238,0.22831978319783197,0.17005420054200537
validation,0.37407556,0.22831978319783197,0.16937669376693765
validation,0.3737618,0.22967479674796748,0.16937669376693765
validation,0.37351453,0.22967479674796748,0.16734417344173447
validation,0.373367,0.23035230352303523,0.16734417344173447
validation,0.37323022,0.23035230352303523,0.16666666666666663
validation,0.37322977,0.231029810298103,0.16666666666666663
validation,0.37304017,0.231029810298103,0.16531165311653118
validation,0.37302068,0.23170731707317074,0.16531165311653118
validation,0.3729051,0.23170731707317074,0.16463414634146345
validation,0.37265345,0.23238482384823847,0.16463414634146345
validation,0.3725099,0.23238482384823847,0.1639566395663956
validation,0.37250155,0.23306233062330622,0.1639566395663956
validation,0.37191376,0.23306233062330622,0.16327913279132789
validation,0.3698839,0.23983739837398374,0.16327913279132789
validation,0.36981267,0.23983739837398374,0.16260162601626016
validation,0.3695827,0.241869918699187,0.16260162601626016
validation,0.36871982,0.241869918699187,0.15989159891598914
validation,0.36822513,0.24322493224932248,0.15989159891598914
validation,0.36737165,0.24322493224932248,0.15921409214092141
validation,0.36717817,0.24390243902439024,0.15921409214092141
validation,0.36706653,0.24390243902439024,0.1585365853658537
validation,0.366802,0.244579945799458,0.1585365853658537
validation,0.3667302,0.244579945799458,0.15785907859078596
validation,0.36666104,0.24525745257452575,0.15785907859078596
validation,0.3666109,0.24525745257452575,0.15718157181571812
validation,0.36626503,0.24661246612466126,0.15718157181571812
validation,0.3661148,0.24661246612466126,0.15582655826558267
validation,0.36564636,0.2486449864498645,0.15582655826558267
validation,0.36540315,0.2486449864498645,0.15514905149051494
validation,0.36484453,0.2506775067750677,0.15514905149051494
validation,0.36469135,0.2506775067750677,0.1544715447154471
validation,0.36464128,0.25203252032520324,0.1544715447154471
validation,0.36455843,0.25203252032520324,0.15379403794037938
validation,0.36453474,0.252710027100271,0.15379403794037938
validation,0.3642634,0.252710027100271,0.15243902439024393
validation,0.36414188,0.2540650406504065,0.15243902439024393
validation,0.3637706,0.2540650406504065,0.15108401084010836
validation,0.36351293,0.2567750677506775,0.15108401084010836
validation,0.36346257,0.2567750677506775,0.15040650406504064
validation,0.36312506,0.258130081300813,0.15040650406504064
validation,0.36299106,0.258130081300813,0.1497289972899729
validation,0.3629376,0.2588075880758808,0.1497289972899729
validation,0.36277798,0.2588075880758808,0.14905149051490518
validation,0.36122087,0.26287262872628725,0.14905149051490518
validation,0.36108077,0.26287262872628725,0.14837398373983735
validation,0.36019972,0.266260162601626,0.14837398373983735
validation,0.3600507,0.266260162601626,0.14769647696476962
validation,0.35918272,0.268970189701897,0.14769647696476962
validation,0.35866603,0.268970189701897,0.14634146341463417
validation,0.35833102,0.27168021680216803,0.14634146341463417
validation,0.35826746,0.27168021680216803,0.14566395663956644
validation,0.3581128,0.27235772357723576,0.14566395663956644
validation,0.35784724,0.27235772357723576,0.14430894308943087
validation,0.3573048,0.27303523035230354,0.14430894308943087
validation,0.35729548,0.27303523035230354,0.14363143631436315
validation,0.3567082,0.27439024390243905,0.14363143631436315
validation,0.35633978,0.27439024390243905,0.14295392953929542
validation,0.35610947,0.2764227642276423,0.14295392953929542
validation,0.35599485,0.2764227642276423,0.1422764227642277
validation,0.35592598,0.27710027100271,0.1422764227642277
validation,0.35591024,0.27710027100271,0.14159891598915986
validation,0.35530743,0.2791327913279133,0.14159891598915986
validation,0.3551903,0.2791327913279133,0.14092140921409213
validation,0.354718,0.2804878048780488,0.14092140921409213
validation,0.35457984,0.2804878048780488,0.1402439024390244
validation,0.35452774,0.28116531165311653,0.1402439024390244
validation,0.35449928,0.28116531165311653,0.13956639566395668
validation,0.35351288,0.28319783197831977,0.13956639566395668
validation,0.35348728,0.28319783197831977,0.13888888888888884
validation,0.3532559,0.2865853658536585,0.13888888888888884
validation,0.3525761,0.2865853658536585,0.1355013550135501
validation,0.35187063,0.29065040650406504,0.1355013550135501
validation,0.3516137,0.29065040650406504,0.13414634146341464
validation,0.35134897,0.29200542005420055,0.13414634146341464
validation,0.35066542,0.29200542005420055,0.13279132791327908
validation,0.3505106,0.2940379403794038,0.13279132791327908
validation,0.35013267,0.2940379403794038,0.1307588075880759
validation,0.349844,0.29471544715447157,0.1307588075880759
validation,0.3489612,0.29471544715447157,0.12804878048780488
validation,0.3489556,0.2953929539295393,0.12804878048780488
validation,0.348926,0.2953929539295393,0.12737127371273715
validation,0.3483516,0.29878048780487804,0.12737127371273715
validation,0.34800184,0.29878048780487804,0.12669376693766943
validation,0.34752798,0.30013550135501355,0.12669376693766943
validation,0.34730497,0.30013550135501355,0.1260162601626016
validation,0.34681338,0.30149051490514905,0.1260162601626016
validation,0.34661734,0.30149051490514905,0.12533875338753386
validation,0.3465106,0.3021680216802168,0.12533875338753386
validation,0.3464545,0.3021680216802168,0.12466124661246614
validation,0.34517276,0.3048780487804878,0.12466124661246614
validation,0.34510285,0.3048780487804878,0.12398373983739841
validation,0.3443722,0.3116531165311653,0.12398373983739841
validation,0.34376073,0.3116531165311653,0.12262872628726285
validation,0.34368175,0.31233062330623307,0.12262872628726285
validation,0.34326363,0.31233062330623307,0.12127371273712739
validation,0.34193477,0.3170731707317073,0.12127371273712739
validation,0.3418284,0.3170731707317073,0.12059620596205967
validation,0.34082115,0.31842818428184283,0.12059620596205967
validation,0.34073064,0.31842818428184283,0.11991869918699183
validation,0.33927125,0.3238482384823848,0.11991869918699183
validation,0.3390551,0.3238482384823848,0.1192411924119241
validation,0.33831975,0.3252032520325203,0.1192411924119241
validation,0.33817396,0.3252032520325203,0.11856368563685638
validation,0.33813426,0.3265582655826558,0.11856368563685638
validation,0.33766544,0.3265582655826558,0.11788617886178865
validation,0.33691657,0.3313008130081301,0.11788617886178865
validation,0.33668965,0.3313008130081301,0.11720867208672092
validation,0.33635595,0.3326558265582656,0.11720867208672092
validation,0.33604506,0.3326558265582656,0.11653116531165308
validation,0.33572596,0.3353658536585366,0.11653116531165308
validation,0.33561438,0.3353658536585366,0.11585365853658536
validation,0.33420214,0.3428184281842818,0.11585365853658536
validation,0.33411828,0.3428184281842818,0.11517615176151763
validation,0.33402473,0.3434959349593496,0.11517615176151763
validation,0.33389217,0.3434959349593496,0.1144986449864499
validation,0.33302173,0.3475609756097561,0.1144986449864499
validation,0.33279884,0.3475609756097561,0.11382113821138207
validation,0.33249405,0.34959349593495936,0.11382113821138207
validation,0.33201292,0.34959349593495936,0.11314363143631434
validation,0.33183542,0.3516260162601626,0.11314363143631434
validation,0.3315141,0.3516260162601626,0.11246612466124661
validation,0.33107752,0.3543360433604336,0.11246612466124661
validation,0.33099777,0.3543360433604336,0.11178861788617889
validation,0.33062595,0.35501355013550134,0.11178861788617889
validation,0.33059824,0.35501355013550134,0.11111111111111116
validation,0.32926324,0.3617886178861789,0.11111111111111116
validation,0.32921696,0.3617886178861789,0.11043360433604332
validation,0.32899347,0.3624661246612466,0.11043360433604332
validation,0.32885382,0.3624661246612466,0.1097560975609756
validation,0.32854226,0.3638211382113821,0.1097560975609756
validation,0.3283514,0.3638211382113821,0.10840108401084014
validation,0.3282001,0.36449864498644985,0.10840108401084014
validation,0.32819235,0.36449864498644985,0.1077235772357723
validation,0.32800707,0.36585365853658536,0.1077235772357723
validation,0.3276648,0.36585365853658536,0.10569105691056913
validation,0.3274394,0.36653116531165314,0.10569105691056913
validation,0.3271859,0.36653116531165314,0.1050135501355014
validation,0.32639745,0.3719512195121951,0.1050135501355014
validation,0.3261031,0.3719512195121951,0.10433604336043356
validation,0.32606816,0.37262872628726285,0.10433604336043356
validation,0.3260489,0.37262872628726285,0.10365853658536583
validation,0.32412672,0.37737127371273715,0.10365853658536583
validation,0.32411098,0.37737127371273715,0.10298102981029811
validation,0.32344848,0.3807588075880759,0.10298102981029811
validation,0.32336855,0.3807588075880759,0.10230352303523038
validation,0.32031783,0.3875338753387534,0.10230352303523038
validation,0.3202247,0.3875338753387534,0.10162601626016265
validation,0.31974524,0.3895663956639566,0.10162601626016265
validation,0.31964248,0.3895663956639566,0.10027100271002709
validation,0.3193491,0.3915989159891599,0.10027100271002709
validation,0.31933448,0.3915989159891599,0.09959349593495936
validation,0.3179527,0.3983739837398374,0.09959349593495936
validation,0.3177294,0.3983739837398374,0.09891598915989164
validation,0.31762293,0.3997289972899729,0.09891598915989164
validation,0.31752178,0.3997289972899729,0.09756097560975607
validation,0.31637993,0.4071815718157182,0.09756097560975607
validation,0.31636563,0.4071815718157182,0.09688346883468835
validation,0.3156664,0.40989159891598914,0.09688346883468835
validation,0.31563756,0.40989159891598914,0.09620596205962062
validation,0.31532487,0.4105691056910569,0.09620596205962062
validation,0.31524456,0.4105691056910569,0.0955284552845529
validation,0.3150499,0.41260162601626016,0.0955284552845529
validation,0.31498647,0.41260162601626016,0.09485094850948506
validation,0.31483445,0.41395663956639567,0.09485094850948506
validation,0.3146685,0.41395663956639567,0.09417344173441733
validation,0.31366032,0.4159891598915989,0.09417344173441733
validation,0.31350726,0.4159891598915989,0.09281842818428188
validation,0.313409,0.4166666666666667,0.09281842818428188
validation,0.31319004,0.4166666666666667,0.09214092140921404
validation,0.3119595,0.42073170731707316,0.09214092140921404
validation,0.31171325,0.42073170731707316,0.09146341463414631
validation,0.3094219,0.43089430894308944,0.09146341463414631
validation,0.30928907,0.43089430894308944,0.09010840108401086
validation,0.3090535,0.43224932249322495,0.09010840108401086
validation,0.30872366,0.43224932249322495,0.08807588075880757
validation,0.3081999,0.4356368563685637,0.08807588075880757
validation,0.30807167,0.4356368563685637,0.08739837398373984
validation,0.30754182,0.43902439024390244,0.08739837398373984
validation,0.30752352,0.43902439024390244,0.08672086720867211
validation,0.30678964,0.4424119241192412,0.08672086720867211
validation,0.30672875,0.4424119241192412,0.08604336043360439
validation,0.30437812,0.45257452574525747,0.08604336043360439
validation,0.3037762,0.45257452574525747,0.08536585365853655
validation,0.30349758,0.4532520325203252,0.08536585365853655
validation,0.30337122,0.4532520325203252,0.08468834688346882
validation,0.3016444,0.45934959349593496,0.08468834688346882
validation,0.30126816,0.45934959349593496,0.0840108401084011
validation,0.30105907,0.46070460704607047,0.0840108401084011
validation,0.30097985,0.46070460704607047,0.08333333333333337
validation,0.30040887,0.46476964769647694,0.08333333333333337
validation,0.30030972,0.46476964769647694,0.0819783197831978
validation,0.29985213,0.46680216802168023,0.0819783197831978
validation,0.29963085,0.46680216802168023,0.08130081300813008
validation,0.2974799,0.4735772357723577,0.08130081300813008
validation,0.29738936,0.4735772357723577,0.08062330623306235
validation,0.2967907,0.47628726287262874,0.08062330623306235
validation,0.2966111,0.47628726287262874,0.07994579945799463
validation,0.29587817,0.47899728997289975,0.07994579945799463
validation,0.29579446,0.47899728997289975,0.07926829268292679
validation,0.29531583,0.4803523035230352,0.07926829268292679
validation,0.29530245,0.4803523035230352,0.07859078590785906
validation,0.29494917,0.4830623306233062,0.07859078590785906
validation,0.29473764,0.4830623306233062,0.07791327913279134
validation,0.2943202,0.48509485094850946,0.07791327913279134
validation,0.29385835,0.48509485094850946,0.07723577235772361
validation,0.29358694,0.4878048780487805,0.07723577235772361
validation,0.2935,0.4878048780487805,0.07655826558265577
validation,0.29346097,0.48848238482384826,0.07655826558265577
validation,0.2933754,0.48848238482384826,0.07588075880758804
validation,0.29309928,0.489159891598916,0.07588075880758804
validation,0.29274216,0.489159891598916,0.07520325203252032
validation,0.29182854,0.4986449864498645,0.07520325203252032
validation,0.29176196,0.4986449864498645,0.07452574525745259
validation,0.29163274,0.5,0.07452574525745259
validation,0.29124317,0.5,0.07317073170731703
validation,0.28915954,0.508130081300813,0.07317073170731703
validation,0.28910753,0.508130081300813,0.0724932249322493
validation,0.2889993,0.5094850948509485,0.0724932249322493
validation,0.28874072,0.5094850948509485,0.07181571815718157
validation,0.28757602,0.513550135501355,0.07181571815718157
validation,0.28757572,0.513550135501355,0.07113821138211385
validation,0.28456655,0.5257452574525745,0.07113821138211385
validation,0.2844323,0.5257452574525745,0.06978319783197828
validation,0.28391278,0.5271002710027101,0.06978319783197828
validation,0.28386238,0.5271002710027101,0.06910569105691056
validation,0.28325337,0.5284552845528455,0.06910569105691056
validation,0.28316128,0.5284552845528455,0.06842818428184283
validation,0.2825767,0.532520325203252,0.06842818428184283
validation,0.28220913,0.532520325203252,0.06639566395663954
validation,0.27988514,0.5420054200542005,0.06639566395663954
validation,0.27964783,0.5420054200542005,0.06571815718157181
validation,0.27914482,0.5447154471544715,0.06571815718157181
validation,0.27897903,0.5447154471544715,0.06504065040650409
validation,0.27885193,0.5460704607046071,0.06504065040650409
validation,0.27880982,0.5460704607046071,0.06436314363143636
validation,0.2762532,0.5575880758807588,0.06436314363143636
validation,0.27621865,0.5575880758807588,0.06368563685636852
validation,0.27534875,0.5636856368563685,0.06368563685636852
validation,0.2753331,0.5636856368563685,0.0630081300813008
validation,0.27397877,0.5684281842818428,0.0630081300813008
validation,0.27388355,0.5684281842818428,0.06165311653116534
validation,0.2729835,0.5724932249322493,0.06165311653116534
validation,0.27268314,0.5724932249322493,0.060975609756097615
validation,0.27156448,0.5738482384823849,0.060975609756097615
validation,0.27153116,0.5738482384823849,0.06029810298102978
validation,0.27131075,0.5752032520325203,0.06029810298102978
validation,0.27112246,0.5752032520325203,0.05962059620596205
validation,0.27095985,0.575880758807588,0.05962059620596205
validation,0.2709345,0.575880758807588,0.058943089430894324
validation,0.27018625,0.5799457994579946,0.058943089430894324
validation,0.2701642,0.5799457994579946,0.0582655826558266
validation,0.26944277,0.5833333333333334,0.0582655826558266
validation,0.2691575,0.5833333333333334,0.05758807588075876
validation,0.26762417,0.5894308943089431,0.05758807588075876
validation,0.2675723,0.5894308943089431,0.05691056910569103
validation,0.26656464,0.5948509485094851,0.05691056910569103
validation,0.26629227,0.5948509485094851,0.05623306233062331
validation,0.26481533,0.6002710027100271,0.05623306233062331
validation,0.2643719,0.6002710027100271,0.05555555555555558
validation,0.2639362,0.6016260162601627,0.05555555555555558
validation,0.2638688,0.6016260162601627,0.054878048780487854
validation,0.26199415,0.6111111111111112,0.054878048780487854
validation,0.26175877,0.6111111111111112,0.054200542005420016
validation,0.2613744,0.6144986449864499,0.054200542005420016
validation,0.26128665,0.6144986449864499,0.05352303523035229
validation,0.25951087,0.6246612466124661,0.05352303523035229
validation,0.25937483,0.6246612466124661,0.05284552845528456
validation,0.2591388,0.6253387533875339,0.05284552845528456
validation,0.2587988,0.6253387533875339,0.052168021680216836
validation,0.25742444,0.6294037940379403,0.052168021680216836
validation,0.25741985,0.6294037940379403,0.051490514905149
validation,0.25341207,0.6429539295392954,0.051490514905149
validation,0.25339565,0.6429539295392954,0.05081300813008127
validation,0.251713,0.6517615176151762,0.05081300813008127
validation,0.25161153,0.6517615176151762,0.050135501355013545
validation,0.25134876,0.6531165311653117,0.050135501355013545
validation,0.25120425,0.6531165311653117,0.04945799457994582
validation,0.24889691,0.6612466124661247,0.04945799457994582
validation,0.2488161,0.6612466124661247,0.04878048780487809
validation,0.24746321,0.6646341463414634,0.04878048780487809
validation,0.24725915,0.6646341463414634,0.048102981029810254
validation,0.24573517,0.6693766937669376,0.048102981029810254
validation,0.24570222,0.6693766937669376,0.04742547425474253
validation,0.2456154,0.6700542005420054,0.04742547425474253
validation,0.24524003,0.6700542005420054,0.04539295392953935
validation,0.24434923,0.6720867208672087,0.04539295392953935
validation,0.24427025,0.6720867208672087,0.04471544715447151
validation,0.24354622,0.6754742547425474,0.04471544715447151
validation,0.24353926,0.6754742547425474,0.044037940379403784
validation,0.23954523,0.6876693766937669,0.044037940379403784
validation,0.23945424,0.6876693766937669,0.04336043360433606
validation,0.23933761,0.6883468834688347,0.04336043360433606
validation,0.23931663,0.6883468834688347,0.04268292682926833
validation,0.2392183,0.6890243902439024,0.04268292682926833
validation,0.23895787,0.6890243902439024,0.041327913279132766
validation,0.23617032,0.6951219512195121,0.041327913279132766
validation,0.23600192,0.6951219512195121,0.04065040650406504
validation,0.23500957,0.6991869918699187,0.04065040650406504
validation,0.23482306,0.6991869918699187,0.03997289972899731
validation,0.230911,0.7059620596205962,0.03997289972899731
validation,0.23086232,0.7059620596205962,0.03929539295392959
validation,0.23072919,0.7073170731707317,0.03929539295392959
validation,0.23069969,0.7073170731707317,0.03861788617886175
validation,0.2295297,0.712059620596206,0.03861788617886175
validation,0.22946781,0.712059620596206,0.037262872628726296
validation,0.22906245,0.7127371273712737,0.037262872628726296
validation,0.22891444,0.7127371273712737,0.03658536585365857
validation,0.2256269,0.7228997289972899,0.03658536585365857
validation,0.22557488,0.7228997289972899,0.03590785907859073
validation,0.22336844,0.7296747967479674,0.03590785907859073
validation,0.22286844,0.7296747967479674,0.035230352303523005
validation,0.22273913,0.731029810298103,0.035230352303523005
validation,0.22227037,0.731029810298103,0.03455284552845528
validation,0.2182335,0.747289972899729,0.03455284552845528
validation,0.21772073,0.747289972899729,0.03252032520325199
validation,0.21627721,0.7533875338753387,0.03252032520325199
validation,0.21604602,0.7533875338753387,0.03184281842818426
validation,0.2141638,0.7628726287262872,0.03184281842818426
validation,0.21378255,0.7628726287262872,0.031165311653116534
validation,0.21357663,0.763550135501355,0.031165311653116534
validation,0.21348049,0.763550135501355,0.030487804878048808
validation,0.21125148,0.7710027100271003,0.030487804878048808
validation,0.21068254,0.7710027100271003,0.029132791327913243
validation,0.2098352,0.7750677506775068,0.029132791327913243
validation,0.20955981,0.7750677506775068,0.028455284552845517
validation,0.20643307,0.7872628726287263,0.028455284552845517
validation,0.20563489,0.7872628726287263,0.02777777777777779
validation,0.2052334,0.787940379403794,0.02777777777777779
validation,0.20510042,0.787940379403794,0.027100271002710064
validation,0.20421548,0.790650406504065,0.027100271002710064
validation,0.20385574,0.790650406504065,0.0257452574525745
validation,0.19994573,0.7981029810298103,0.0257452574525745
validation,0.19937542,0.7981029810298103,0.025067750677506773
validation,0.19790317,0.8055555555555556,0.025067750677506773
validation,0.19786339,0.8055555555555556,0.024390243902439046
validation,0.19632903,0.8136856368563685,0.024390243902439046
validation,0.19615057,0.8136856368563685,0.02371273712737132
validation,0.19594574,0.8143631436314364,0.02371273712737132
validation,0.1959406,0.8143631436314364,0.023035230352303482
validation,0.19447158,0.8184281842818428,0.023035230352303482
validation,0.19407502,0.8184281842818428,0.022357723577235755
validation,0.19202943,0.823170731707317,0.022357723577235755
validation,0.19167107,0.823170731707317,0.02168021680216803
validation,0.1887189,0.8340108401084011,0.02168021680216803
validation,0.18867385,0.8340108401084011,0.021002710027100302
validation,0.1874605,0.8353658536585366,0.021002710027100302
validation,0.1863783,0.8353658536585366,0.019647696476964738
validation,0.17605172,0.8584010840108401,0.019647696476964738
validation,0.17491439,0.8584010840108401,0.01897018970189701
validation,0.16581522,0.8733062330623306,0.01897018970189701
validation,0.16551006,0.8733062330623306,0.018292682926829285
validation,0.16428757,0.8766937669376694,0.018292682926829285
validation,0.1642808,0.8766937669376694,0.017615176151761558
validation,0.15860309,0.8882113821138211,0.017615176151761558
validation,0.1585834,0.8882113821138211,0.01693766937669372
validation,0.15836267,0.8888888888888888,0.01693766937669372
validation,0.15802687,0.8888888888888888,0.016260162601625994
validation,0.15693898,0.8922764227642277,0.016260162601625994
validation,0.1568508,0.8922764227642277,0.015582655826558267
validation,0.15563838,0.8943089430894309,0.015582655826558267
validation,0.15543804,0.8943089430894309,0.01490514905149054
validation,0.15405315,0.8983739837398373,0.01490514905149054
validation,0.15376233,0.8983739837398373,0.014227642276422814
validation,0.1527537,0.9010840108401084,0.014227642276422814
validation,0.15182714,0.9010840108401084,0.013550135501354976
validation,0.14847282,0.9071815718157181,0.013550135501354976
validation,0.14703465,0.9071815718157181,0.01287262872628725
validation,0.14434709,0.9105691056910569,0.01287262872628725
validation,0.14414228,0.9105691056910569,0.012195121951219523
validation,0.14339818,0.9126016260162602,0.012195121951219523
validation,0.14326921,0.9126016260162602,0.011517615176151796
validation,0.13284741,0.9275067750677507,0.011517615176151796
validation,0.13256346,0.9275067750677507,0.010840108401083959
validation,0.11933112,0.9417344173441734,0.010840108401083959
validation,0.1192246,0.9417344173441734,0.010162601626016232
validation,0.11563229,0.9491869918699187,0.010162601626016232
validation,0.1154555,0.9491869918699187,0.009485094850948506
validation,0.11179186,0.9518970189701897,0.009485094850948506
validation,0.111624785,0.9518970189701897,0.008807588075880779
validation,0.11032339,0.9539295392953929,0.008807588075880779
validation,0.108680464,0.9539295392953929,0.007452574525745215
validation,0.10495009,0.9552845528455285,0.007452574525745215
validation,0.10342415,0.9552845528455285,0.006775067750677488
validation,0.10332124,0.9559620596205962,0.006775067750677488
validation,0.103140905,0.9559620596205962,0.0060975609756097615
validation,0.10064686,0.9573170731707317,0.0060975609756097615
validation,0.100217625,0.9573170731707317,0.005420054200542035
validation,0.09614684,0.9627371273712737,0.005420054200542035
validation,0.096107244,0.9627371273712737,0.004742547425474308
validation,0.09458481,0.9634146341463414,0.004742547425474308
validation,0.09309077,0.9634146341463414,0.004065040650406471
validation,0.08850298,0.9681571815718157,0.004065040650406471
validation,0.08723826,0.9681571815718157,0.002032520325203291
validation,0.080232866,0.9701897018970189,0.002032520325203291
validation,0.07923832,0.9701897018970189,0.0006775067750677266
validation,0.060828213,0.9803523035230353,0.0006775067750677266
validation,0.053676397,0.9803523035230353,0.0
validation,-0.098731525,1.0,0.0
test,inf,0.0,1.0
test,0.9255291,0.0,0.9993224932249323
test,0.73624194,0.0,0.9329268292682926
test,0.7353477,0.0006775067750677507,0.9329268292682926
test,0.6426222,0.0006775067750677507,0.7608401084010841
test,0.64252335,0.0013550135501355014,0.7608401084010841
test,0.6243073,0.0013550135501355014,0.7215447154471545
test,0.6241999,0.0020325203252032522,0.7215447154471545
test,0.6229946,0.0020325203252032522,0.7154471544715447
test,0.62257564,0.0027100271002710027,0.7154471544715447
test,0.6000721,0.0027100271002710027,0.6463414634146342
test,0.59987503,0.0033875338753387536,0.6463414634146342
test,0.5633013,0.0033875338753387536,0.5399728997289973
test,0.56292766,0.0047425474254742545,0.5399728997289973
test,0.55785817,0.0047425474254742545,0.5264227642276422
test,0.5576989,0.005420054200542005,0.5264227642276422
test,0.5563787,0.005420054200542005,0.518970189701897
test,0.5562101,0.006097560975609756,0.518970189701897
test,0.5560558,0.006097560975609756,0.5176151761517616
test,0.5558212,0.006775067750677507,0.5176151761517616
test,0.5555708,0.006775067750677507,0.5169376693766938
test,0.5554644,0.007452574525745257,0.5169376693766938
test,0.5538636,0.007452574525745257,0.5094850948509485
test,0.5537903,0.008130081300813009,0.5094850948509485
test,0.5526955,0.008130081300813009,0.5060975609756098
test,0.5525829,0.008807588075880758,0.5060975609756098
test,0.5503889,0.008807588075880758,0.49661246612466126
test,0.55037004,0.009485094850948509,0.49661246612466126
test,0.5443619,0.009485094850948509,0.4830623306233063
test,0.54426414,0.01016260162601626,0.4830623306233063
test,0.54407114,0.01016260162601626,0.481029810298103
test,0.5435949,0.01084010840108401,0.481029810298103
test,0.5430782,0.01084010840108401,0.4789972899728997
test,0.542976,0.011517615176151762,0.4789972899728997
test,0.5383061,0.011517615176151762,0.46883468834688347
test,0.53813714,0.012195121951219513,0.46883468834688347
test,0.53770787,0.012195121951219513,0.4668021680216802
test,0.537492,0.013550135501355014,0.4668021680216802
test,0.53677535,0.013550135501355014,0.46612466124661245
test,0.5365916,0.014227642276422764,0.46612466124661245
test,0.53436387,0.014227642276422764,0.4607046070460704
test,0.53430575,0.014905149051490514,0.4607046070460704
test,0.53413785,0.014905149051490514,0.45934959349593496
test,0.5339224,0.015582655826558265,0.45934959349593496
test,0.53257287,0.015582655826558265,0.4559620596205962
test,0.5325634,0.016260162601626018,0.4559620596205962
test,0.53160447,0.016260162601626018,0.45189701897018975
test,0.53141654,0.016937669376693765,0.45189701897018975
test,0.5291564,0.016937669376693765,0.44783197831978316
test,0.5280874,0.018292682926829267,0.44783197831978316
test,0.52683586,0.018292682926829267,0.4417344173441734
test,0.5265222,0.018970189701897018,0.4417344173441734
test,0.5263941,0.018970189701897018,0.4410569105691057
test,0.5263724,0.01964769647696477,0.4410569105691057
test,0.52576697,0.01964769647696477,0.44037940379403795
test,0.5257173,0.02032520325203252,0.44037940379403795
test,0.525483,0.02032520325203252,0.4397018970189702
test,0.52466553,0.02100271002710027,0.4397018970189702
test,0.52251965,0.02100271002710027,0.43292682926829273
test,0.52237284,0.02168021680216802,0.43292682926829273
test,0.5187237,0.02168021680216802,0.4247967479674797
test,0.5183878,0.022357723577235773,0.4247967479674797
test,0.5178307,0.022357723577235773,0.42344173441734423
test,0.51765686,0.023035230352303523,0.42344173441734423
test,0.51687086,0.023035230352303523,0.42140921409214094
test,0.5166952,0.023712737127371274,0.42140921409214094
test,0.5160016,0.023712737127371274,0.41937669376693765
test,0.515685,0.025067750677506776,0.41937669376693765
test,0.5154713,0.025067750677506776,0.4186991869918699
test,0.5153893,0.025745257452574527,0.4186991869918699
test,0.51453024,0.025745257452574527,0.41463414634146345
test,0.5145176,0.026422764227642278,0.41463414634146345
test,0.512499,0.026422764227642278,0.40785907859078596
test,0.5124384,0.027777777777777776,0.40785907859078596
test,0.5098474,0.027777777777777776,0.4037940379403794
test,0.5095656,0.029132791327913278,0.4037940379403794
test,0.50898814,0.029132791327913278,0.4024390243902439
test,0.50840765,0.03048780487804878,0.4024390243902439
test,0.5039139,0.03048780487804878,0.3855013550135501
test,0.5031503,0.03116531165311653,0.3855013550135501
test,0.5028947,0.03116531165311653,0.3827913279132791
test,0.5023178,0.03184281842818428,0.3827913279132791
test,0.5016381,0.03184281842818428,0.3807588075880759
test,0.5015428,0.032520325203252036,0.3807588075880759
test,0.5002975,0.032520325203252036,0.3766937669376694
test,0.4999604,0.03319783197831978,0.3766937669376694
test,0.49995193,0.03319783197831978,0.3760162601626016
test,0.49963853,0.03387533875338753,0.3760162601626016
test,0.49867275,0.03387533875338753,0.3733062330623306
test,0.49823582,0.03523035230352303,0.3733062330623306
test,0.4979086,0.03523035230352303,0.37262872628726285
test,0.4974236,0.03590785907859079,0.37262872628726285
test,0.4972432,0.03590785907859079,0.3719512195121951
test,0.4968082,0.03726287262872629,0.3719512195121951
test,0.496442,0.03726287262872629,0.37059620596205967
test,0.4962975,0.037940379403794036,0.37059620596205967
test,0.49503252,0.037940379403794036,0.3665311653116531
test,0.49467546,0.03929539295392954,0.3665311653116531
test,0.4945414,0.03929539295392954,0.36517615176151763
test,0.49446896,0.03997289972899729,0.36517615176151763
test,0.4921032,0.03997289972899729,0.3577235772357723
test,0.49189892,0.041327913279132794,0.3577235772357723
test,0.4917893,0.041327913279132794,0.3570460704607046
test,0.49173403,0.04200542005420054,0.3570460704607046
test,0.489697,0.04200542005420054,0.34959349593495936
test,0.48914504,0.04336043360433604,0.34959349593495936
test,0.48807102,0.04336043360433604,0.34688346883468835
test,0.4877018,0.044715447154471545,0.34688346883468835
test,0.4873743,0.044715447154471545,0.3462059620596206
test,0.48692226,0.04539295392953929,0.3462059620596206
test,0.48664844,0.04539295392953929,0.3455284552845529
test,0.4860405,0.04607046070460705,0.3455284552845529
test,0.48441556,0.04607046070460705,0.34010840108401086
test,0.4842154,0.046747967479674794,0.34010840108401086
test,0.48385808,0.046747967479674794,0.3387533875338753
test,0.48379093,0.048102981029810296,0.3387533875338753
test,0.4835709,0.048102981029810296,0.33807588075880757
test,0.4833695,0.04878048780487805,0.33807588075880757
test,0.48321584,0.04878048780487805,0.33739837398373984
test,0.48319653,0.0494579945799458,0.33739837398373984
test,0.481732,0.0494579945799458,0.33333333333333337
test,0.48173124,0.05013550135501355,0.33333333333333337
test,0.48137155,0.05013550135501355,0.33265582655826553
test,0.4810887,0.0508130081300813,0.33265582655826553
test,0.4809854,0.0508130081300813,0.3319783197831978
test,0.4808787,0.051490514905149054,0.3319783197831978
test,0.48060462,0.051490514905149054,0.3299457994579946
test,0.47994787,0.0521680216802168,0.3299457994579946
test,0.4791927,0.0521680216802168,0.32655826558265577
test,0.479154,0.052845528455284556,0.32655826558265577
test,0.47870305,0.052845528455284556,0.3252032520325203
test,0.4770541,0.05420054200542006,0.3252032520325203
test,0.47695565,0.05420054200542006,0.3245257452574526
test,0.4769478,0.054878048780487805,0.3245257452574526
test,0.47497833,0.054878048780487805,0.31910569105691056
test,0.47494122,0.05555555555555555,0.31910569105691056
test,0.47453076,0.05555555555555555,0.31842818428184283
test,0.473515,0.058265582655826556,0.31842818428184283
test,0.47271374,0.058265582655826556,0.31707317073170727
test,0.4726356,0.05894308943089431,0.31707317073170727
test,0.47226056,0.05894308943089431,0.3157181571815718
test,0.47148046,0.06233062330623306,0.3157181571815718
test,0.47138467,0.06233062330623306,0.3150406504065041
test,0.47078976,0.06436314363143632,0.3150406504065041
test,0.46972305,0.06436314363143632,0.3136856368563685
test,0.4697127,0.06504065040650407,0.3136856368563685
test,0.46938828,0.06504065040650407,0.31233062330623307
test,0.46892214,0.06571815718157181,0.31233062330623307
test,0.46874997,0.06571815718157181,0.31165311653116534
test,0.46854982,0.06707317073170732,0.31165311653116534
test,0.46807203,0.06707317073170732,0.30962059620596205
test,0.4679606,0.06775067750677506,0.30962059620596205
test,0.4676415,0.06775067750677506,0.30758807588075876
test,0.46654588,0.06978319783197832,0.30758807588075876
test,0.46643206,0.06978319783197832,0.30691056910569103
test,0.4661869,0.07046070460704607,0.30691056910569103
test,0.46588665,0.07046070460704607,0.3055555555555556
test,0.46583816,0.07113821138211382,0.3055555555555556
test,0.46559894,0.07113821138211382,0.30487804878048785
test,0.46488175,0.07249322493224933,0.30487804878048785
test,0.46434125,0.07249322493224933,0.3035230352303523
test,0.46426862,0.07317073170731707,0.3035230352303523
test,0.4637444,0.07317073170731707,0.30216802168021684
test,0.46367294,0.07384823848238482,0.30216802168021684
test,0.46367007,0.07384823848238482,0.301490514905149
test,0.46335715,0.07452574525745258,0.301490514905149
test,0.46286213,0.07452574525745258,0.30081300813008127
test,0.46243095,0.07655826558265583,0.30081300813008127
test,0.46232107,0.07655826558265583,0.30013550135501355
test,0.4618236,0.07859078590785908,0.30013550135501355
test,0.4616398,0.07859078590785908,0.2987804878048781
test,0.46152773,0.07994579945799458,0.2987804878048781
test,0.46144468,0.07994579945799458,0.29810298102981025
test,0.46130216,0.08062330623306233,0.29810298102981025
test,0.4604463,0.08062330623306233,0.2960704607046071
test,0.46038324,0.08130081300813008,0.2960704607046071
test,0.46016932,0.08130081300813008,0.2947154471544715
test,0.4601267,0.08197831978319783,0.2947154471544715
test,0.45965996,0.08197831978319783,0.29336043360433606
test,0.45933172,0.08265582655826559,0.29336043360433606
test,0.45931247,0.08265582655826559,0.29268292682926833
test,0.45912385,0.08333333333333333,0.29268292682926833
test,0.4587558,0.08333333333333333,0.29132791327913277
test,0.45867345,0.08401084010840108,0.29132791327913277
test,0.45842987,0.08401084010840108,0.29065040650406504
test,0.45787418,0.08604336043360433,0.29065040650406504
test,0.45703694,0.08604336043360433,0.28861788617886175
test,0.45680046,0.08672086720867209,0.28861788617886175
test,0.45531037,0.08672086720867209,0.28387533875338755
test,0.45507708,0.08739837398373984,0.28387533875338755
test,0.45450097,0.08739837398373984,0.2804878048780488
test,0.45450073,0.08807588075880758,0.2804878048780488
test,0.4541817,0.08807588075880758,0.2798102981029811
test,0.4527766,0.09146341463414634,0.2798102981029811
test,0.45241454,0.09146341463414634,0.2764227642276422
test,0.45228162,0.0921409214092141,0.2764227642276422
test,0.45145273,0.0921409214092141,0.2750677506775068
test,0.45108563,0.09281842818428185,0.2750677506775068
test,0.4507904,0.09281842818428185,0.27439024390243905
test,0.45077452,0.09349593495934959,0.27439024390243905
test,0.4505556,0.09349593495934959,0.2730352303523035
test,0.4504078,0.09417344173441734,0.2730352303523035
test,0.45018706,0.09417344173441734,0.27235772357723576
test,0.45015675,0.0948509485094851,0.27235772357723576
test,0.45015496,0.0948509485094851,0.27168021680216803
test,0.44993597,0.09552845528455285,0.27168021680216803
test,0.44912052,0.09552845528455285,0.2682926829268293
test,0.44891536,0.09688346883468835,0.2682926829268293
test,0.44845524,0.09688346883468835,0.2642276422764228
test,0.4480532,0.0975609756097561,0.2642276422764228
test,0.4480053,0.0975609756097561,0.263550135501355
test,0.44745657,0.09823848238482384,0.263550135501355
test,0.44716492,0.09823848238482384,0.2621951219512195
test,0.4470298,0.0989159891598916,0.2621951219512195
test,0.44646478,0.0989159891598916,0.26084010840108396
test,0.44638586,0.09959349593495935,0.26084010840108396
test,0.4455682,0.09959349593495935,0.25813008130081305
test,0.44508153,0.10094850948509485,0.25813008130081305
test,0.44504768,0.10094850948509485,0.2574525745257452
test,0.4449578,0.1016260162601626,0.2574525745257452
test,0.44371942,0.1016260162601626,0.25338753387533874
test,0.44329244,0.10298102981029811,0.25338753387533874
test,0.4432346,0.10298102981029811,0.252710027100271
test,0.44278294,0.10365853658536585,0.252710027100271
test,0.44266123,0.10365853658536585,0.2520325203252033
test,0.4423161,0.10501355013550136,0.2520325203252033
test,0.44221607,0.10501355013550136,0.25135501355013545
test,0.44170615,0.1070460704607046,0.25135501355013545
test,0.4406891,0.1070460704607046,0.25
test,0.44054058,0.10772357723577236,0.25
test,0.4401689,0.10772357723577236,0.24864498644986455
test,0.43949836,0.10907859078590786,0.24864498644986455
test,0.4391747,0.10907859078590786,0.24593495934959353
test,0.43879247,0.1111111111111111,0.24593495934959353
test,0.43853468,0.1111111111111111,0.2452574525745257
test,0.43852943,0.11178861788617886,0.2452574525745257
test,0.43752006,0.11178861788617886,0.24186991869918695
test,0.4368159,0.11585365853658537,0.24186991869918695
test,0.43655223,0.11585365853658537,0.24119241192411922
test,0.43630737,0.11653116531165311,0.24119241192411922
test,0.43577847,0.11653116531165311,0.23983739837398377
test,0.43525293,0.11856368563685638,0.23983739837398377
test,0.43490866,0.11856368563685638,0.23712737127371275
test,0.4347069,0.11924119241192412,0.23712737127371275
test,0.43465698,0.11924119241192412,0.23644986449864502
test,0.4344907,0.11991869918699187,0.23644986449864502
test,0.43272242,0.11991869918699187,0.23306233062330628
test,0.43225977,0.12059620596205962,0.23306233062330628
test,0.43205467,0.12059620596205962,0.23238482384823844
test,0.43156034,0.12195121951219512,0.23238482384823844
test,0.4314353,0.12195121951219512,0.23170731707317072
test,0.43134478,0.12262872628726287,0.23170731707317072
test,0.43043467,0.12262872628726287,0.22831978319783197
test,0.4300931,0.12398373983739837,0.22831978319783197
test,0.4296722,0.12398373983739837,0.22696476964769652
test,0.42955846,0.12533875338753386,0.22696476964769652
test,0.4292671,0.12533875338753386,0.22560975609756095
test,0.42902288,0.12601626016260162,0.22560975609756095
test,0.42875496,0.12601626016260162,0.2242547425474255
test,0.4285811,0.12669376693766937,0.2242547425474255
test,0.42806658,0.12669376693766937,0.22289972899728994
test,0.4279372,0.12804878048780488,0.22289972899728994
test,0.42754474,0.12804878048780488,0.22154471544715448
test,0.4274064,0.12872628726287264,0.22154471544715448
test,0.42723933,0.12872628726287264,0.22086720867208676
test,0.4268234,0.13008130081300814,0.22086720867208676
test,0.42666835,0.13008130081300814,0.22018970189701892
test,0.42660788,0.13075880758807587,0.22018970189701892
test,0.4264062,0.13075880758807587,0.2195121951219512
test,0.42604265,0.13211382113821138,0.2195121951219512
test,0.42586547,0.13211382113821138,0.21815718157181574
test,0.42567623,0.13279132791327913,0.21815718157181574
test,0.4254726,0.13279132791327913,0.217479674796748
test,0.4245672,0.1334688346883469,0.217479674796748
test,0.4243492,0.1334688346883469,0.21680216802168017
test,0.42426205,0.13414634146341464,0.21680216802168017
test,0.4236742,0.13414634146341464,0.21409214092140927
test,0.42333978,0.1348238482384824,0.21409214092140927
test,0.4232577,0.1348238482384824,0.21341463414634143
test,0.42322555,0.13550135501355012,0.21341463414634143
test,0.42279416,0.13617886178861788,0.2127371273712737
test,0.42228663,0.13821138211382114,0.2127371273712737
test,0.42224666,0.13821138211382114,0.21205962059620598
test,0.4222389,0.1388888888888889,0.21205962059620598
test,0.42171997,0.1388888888888889,0.21138211382113825
test,0.4212904,0.1402439024390244,0.21138211382113825
test,0.42069027,0.1402439024390244,0.20934959349593496
test,0.42068395,0.14092140921409213,0.20934959349593496
test,0.4202195,0.14092140921409213,0.20867208672086723
test,0.41953665,0.14227642276422764,0.20867208672086723
test,0.41940606,0.14227642276422764,0.20731707317073167
test,0.419365,0.1429539295392954,0.20731707317073167
test,0.41933846,0.1429539295392954,0.20663956639566394
test,0.41922125,0.14363143631436315,0.20663956639566394
test,0.41859308,0.14363143631436315,0.20460704607046065
test,0.41839603,0.1443089430894309,0.20460704607046065
test,0.41813275,0.1443089430894309,0.2032520325203252
test,0.41711178,0.14566395663956638,0.2032520325203252
test,0.4159343,0.14566395663956638,0.198509485094851
test,0.41519213,0.14769647696476965,0.198509485094851
test,0.41477993,0.14769647696476965,0.1964769647696477
test,0.41434577,0.14905149051490515,0.1964769647696477
test,0.41396508,0.14905149051490515,0.19444444444444442
test,0.41375974,0.15040650406504066,0.19444444444444442
test,0.41361722,0.15040650406504066,0.1937669376693767
test,0.41355047,0.1510840108401084,0.1937669376693767
test,0.4133562,0.1510840108401084,0.19308943089430897
test,0.4129342,0.1524390243902439,0.19308943089430897
test,0.41286203,0.1524390243902439,0.19241192411924124
test,0.41235197,0.15447154471544716,0.19241192411924124
test,0.4121732,0.15447154471544716,0.1917344173441734
test,0.41162437,0.1565040650406504,0.1917344173441734
test,0.4114649,0.1565040650406504,0.19105691056910568
test,0.41125804,0.15718157181571815,0.19105691056910568
test,0.41065177,0.15718157181571815,0.18902439024390238
test,0.41048658,0.1578590785907859,0.18902439024390238
test,0.41028795,0.1578590785907859,0.18766937669376693
test,0.4102266,0.15921409214092141,0.18766937669376693
test,0.4097829,0.15921409214092141,0.18631436314363148
test,0.40944985,0.15989159891598917,0.18631436314363148
test,0.4093781,0.15989159891598917,0.18563685636856364
test,0.4088944,0.16395663956639567,0.18563685636856364
test,0.40881637,0.16395663956639567,0.1842818428184282
test,0.408575,0.16531165311653118,0.1842818428184282
test,0.4081735,0.16531165311653118,0.18292682926829273
test,0.40794936,0.16666666666666666,0.18292682926829273
test,0.4078977,0.16666666666666666,0.18157181571815717
test,0.40758306,0.16869918699186992,0.18157181571815717
test,0.4074287,0.16869918699186992,0.18089430894308944
test,0.40674552,0.1714092140921409,0.18089430894308944
test,0.40644717,0.1714092140921409,0.18021680216802172
test,0.40592882,0.17208672086720866,0.18021680216802172
test,0.40567172,0.17208672086720866,0.17886178861788615
test,0.4054015,0.17344173441734417,0.17886178861788615
test,0.4053415,0.17344173441734417,0.17818428184281843
test,0.40320843,0.17682926829268292,0.17818428184281843
test,0.40267447,0.17682926829268292,0.1775067750677507
test,0.40202907,0.17886178861788618,0.1775067750677507
test,0.40196466,0.17886178861788618,0.17682926829268297
test,0.4018203,0.1802168021680217,0.17682926829268297
test,0.40159515,0.1802168021680217,0.17615176151761514
test,0.40082014,0.18292682926829268,0.17615176151761514
test,0.40080336,0.18292682926829268,0.1754742547425474
test,0.40022254,0.18631436314363142,0.1754742547425474
test,0.4001285,0.18631436314363142,0.17479674796747968
test,0.39971474,0.18699186991869918,0.17479674796747968
test,0.3992053,0.18699186991869918,0.17411924119241196
test,0.39875224,0.18766937669376693,0.17411924119241196
test,0.39871818,0.18766937669376693,0.17344173441734423
test,0.3985917,0.18834688346883469,0.17344173441734423
test,0.3978548,0.18834688346883469,0.17208672086720866
test,0.39741015,0.1897018970189702,0.17208672086720866
test,0.39733788,0.1897018970189702,0.17140921409214094
test,0.3969925,0.19241192411924118,0.17140921409214094
test,0.3967582,0.19241192411924118,0.1707317073170732
test,0.3963997,0.19308943089430894,0.1707317073170732
test,0.39635798,0.19308943089430894,0.17005420054200537
test,0.39533067,0.19579945799457996,0.17005420054200537
test,0.3951492,0.19579945799457996,0.16937669376693765
test,0.3948915,0.19647696476964768,0.16937669376693765
test,0.39468712,0.19647696476964768,0.1680216802168022
test,0.39381266,0.1978319783197832,0.1680216802168022
test,0.39365536,0.1978319783197832,0.16734417344173447
test,0.39045995,0.2073170731707317,0.16734417344173447
test,0.3900464,0.2073170731707317,0.1659891598915989
test,0.38983727,0.2086720867208672,0.1659891598915989
test,0.38974455,0.2086720867208672,0.16463414634146345
test,0.38902175,0.21138211382113822,0.16463414634146345
test,0.38901007,0.21138211382113822,0.1639566395663956
test,0.38894197,0.21341463414634146,0.1639566395663956
test,0.38883403,0.21341463414634146,0.16327913279132789
test,0.3883934,0.2140921409214092,0.16327913279132789
test,0.38800925,0.2140921409214092,0.16192411924119243
test,0.3868964,0.21680216802168023,0.16192411924119243
test,0.38668156,0.21680216802168023,0.1612466124661247
test,0.38619563,0.21747967479674796,0.1612466124661247
test,0.3858614,0.21747967479674796,0.16056910569105687
test,0.38518906,0.22018970189701897,0.16056910569105687
test,0.38512054,0.22018970189701897,0.15989159891598914
test,0.38496426,0.22154471544715448,0.15989159891598914
test,0.38481086,0.22154471544715448,0.15921409214092141
test,0.3847045,0.2222222222222222,0.15921409214092141
test,0.38431454,0.2222222222222222,0.15785907859078596
test,0.38379607,0.22357723577235772,0.15785907859078596
test,0.3833759,0.22357723577235772,0.1565040650406504
test,0.38333765,0.22425474254742547,0.1565040650406504
test,0.38310227,0.22425474254742547,0.15514905149051494
test,0.38297403,0.22493224932249323,0.15514905149051494
test,0.38289434,0.22493224932249323,0.1544715447154471
test,0.38286218,0.22560975609756098,0.1544715447154471
test,0.38277093,0.22560975609756098,0.15379403794037938
test,0.38137963,0.23170731707317074,0.15379403794037938
test,0.38123122,0.23170731707317074,0.15311653116531165
test,0.38064912,0.23238482384823847,0.15311653116531165
test,0.38046694,0.23238482384823847,0.1517615176151762
test,0.37959975,0.23441734417344173,0.1517615176151762
test,0.37955347,0.23441734417344173,0.15108401084010836
test,0.37736657,0.2405149051490515,0.15108401084010836
test,0.37712827,0.2405149051490515,0.1497289972899729
test,0.3768315,0.24119241192411925,0.1497289972899729
test,0.3766202,0.24119241192411925,0.14769647696476962
test,0.37628758,0.24390243902439024,0.14769647696476962
test,0.37604433,0.24390243902439024,0.1470189701897019
test,0.3759335,0.244579945799458,0.1470189701897019
test,0.37569788,0.244579945799458,0.14566395663956644
test,0.37489378,0.2486449864498645,0.14566395663956644
test,0.37480327,0.2486449864498645,0.1449864498644986
test,0.37475783,0.24932249322493225,0.1449864498644986
test,0.3746417,0.24932249322493225,0.14430894308943087
test,0.374277,0.2513550135501355,0.14430894308943087
test,0.37390304,0.2513550135501355,0.1422764227642277
test,0.37297758,0.252710027100271,0.1422764227642277
test,0.37296733,0.252710027100271,0.14159891598915986
test,0.37273023,0.25338753387533874,0.14159891598915986
test,0.37242195,0.25338753387533874,0.14092140921409213
test,0.3710513,0.25609756097560976,0.14092140921409213
test,0.37101844,0.25609756097560976,0.1402439024390244
test,0.37082937,0.25745257452574527,0.1402439024390244
test,0.369893,0.25745257452574527,0.13617886178861793
test,0.36963558,0.2588075880758808,0.13617886178861793
test,0.369342,0.2588075880758808,0.1355013550135501
test,0.36920744,0.2594850948509485,0.1355013550135501
test,0.36912286,0.2594850948509485,0.13482384823848237
test,0.36887076,0.260840108401084,0.13482384823848237
test,0.36812878,0.260840108401084,0.13279132791327908
test,0.36795872,0.26151761517615174,0.13279132791327908
test,0.36788595,0.26151761517615174,0.13211382113821135
test,0.36727297,0.26355013550135503,0.13211382113821135
test,0.36714774,0.26355013550135503,0.1307588075880759
test,0.36648715,0.268970189701897,0.1307588075880759
test,0.36595225,0.268970189701897,0.1287262872628726
test,0.3658652,0.2703252032520325,0.1287262872628726
test,0.36568564,0.2703252032520325,0.12804878048780488
test,0.36413035,0.27710027100271,0.12804878048780488
test,0.36411795,0.27710027100271,0.12737127371273715
test,0.36078352,0.2886178861788618,0.12737127371273715
test,0.36035264,0.2886178861788618,0.12533875338753386
test,0.3593745,0.29471544715447157,0.12533875338753386
test,0.3593624,0.29471544715447157,0.12466124661246614
test,0.35897732,0.2967479674796748,0.12466124661246614
test,0.35896,0.2967479674796748,0.12398373983739841
test,0.35878837,0.29742547425474253,0.12398373983739841
test,0.35827908,0.29742547425474253,0.12059620596205967
test,0.35793835,0.2994579945799458,0.12059620596205967
test,0.3578569,0.2994579945799458,0.11991869918699183
test,0.3577577,0.3008130081300813,0.11991869918699183
test,0.357376,0.3008130081300813,0.1192411924119241
test,0.3573486,0.30149051490514905,0.1192411924119241
test,0.35727352,0.30149051490514905,0.11856368563685638
test,0.35660744,0.3021680216802168,0.11856368563685638
test,0.35646838,0.3021680216802168,0.11788617886178865
test,0.3564314,0.30284552845528456,0.11788617886178865
test,0.35594192,0.30284552845528456,0.11720867208672092
test,0.35569167,0.3048780487804878,0.11720867208672092
test,0.35544172,0.3048780487804878,0.1144986449864499
test,0.35507476,0.3075880758807588,0.1144986449864499
test,0.35453182,0.3075880758807588,0.11246612466124661
test,0.35423955,0.30962059620596205,0.11246612466124661
test,0.35411888,0.30962059620596205,0.11178861788617889
test,0.3540914,0.31029810298102983,0.11178861788617889
test,0.35401636,0.31029810298102983,0.11043360433604332
test,0.3532878,0.3116531165311653,0.11043360433604332
test,0.35319677,0.3116531165311653,0.1097560975609756
test,0.35313872,0.31233062330623307,0.1097560975609756
test,0.35308328,0.31233062330623307,0.10907859078590787
test,0.352534,0.31775067750677505,0.10907859078590787
test,0.3524638,0.31775067750677505,0.10840108401084014
test,0.3523877,0.31842818428184283,0.10840108401084014
test,0.35219604,0.31842818428184283,0.1077235772357723
test,0.351933,0.32046070460704607,0.1077235772357723
test,0.3518598,0.32046070460704607,0.10704607046070458
test,0.351119,0.3224932249322493,0.10704607046070458
test,0.3509684,0.3224932249322493,0.10636856368563685
test,0.35085303,0.3252032520325203,0.10636856368563685
test,0.35079396,0.3252032520325203,0.10569105691056913
test,0.35016564,0.32723577235772355,0.10569105691056913
test,0.34995365,0.32723577235772355,0.1050135501355014
test,0.34983888,0.32791327913279134,0.1050135501355014
test,0.34981617,0.32791327913279134,0.10433604336043356
test,0.34665474,0.33604336043360433,0.10433604336043356
test,0.3465714,0.33604336043360433,0.10365853658536583
test,0.3461223,0.33875338753387535,0.10365853658536583
test,0.34532252,0.33875338753387535,0.10027100271002709
test,0.3449665,0.34010840108401086,0.10027100271002709
test,0.34478003,0.34010840108401086,0.09959349593495936
test,0.3435893,0.3434959349593496,0.09959349593495936
test,0.343378,0.3434959349593496,0.09891598915989164
test,0.34294856,0.3475609756097561,0.09891598915989164
test,0.3429164,0.3475609756097561,0.0982384823848238
test,0.3428859,0.3489159891598916,0.0982384823848238
test,0.34233245,0.3489159891598916,0.09688346883468835
test,0.34171742,0.3516260162601626,0.09688346883468835
test,0.34168148,0.3516260162601626,0.09620596205962062
test,0.34042004,0.35636856368563685,0.09620596205962062
test,0.34022456,0.35636856368563685,0.0934959349593496
test,0.33932292,0.35907859078590787,0.0934959349593496
test,0.33911806,0.35907859078590787,0.09281842818428188
test,0.3389371,0.3604336043360434,0.09281842818428188
test,0.33877143,0.3604336043360434,0.09214092140921404
test,0.33873436,0.3611111111111111,0.09214092140921404
test,0.33870038,0.3611111111111111,0.09146341463414631
test,0.33869493,0.3617886178861789,0.09146341463414631
test,0.33867097,0.3617886178861789,0.09078590785907859
test,0.3381323,0.3638211382113821,0.09078590785907859
test,0.33796668,0.3638211382113821,0.09010840108401086
test,0.3374266,0.36517615176151763,0.09010840108401086
test,0.33725226,0.36517615176151763,0.0887533875338753
test,0.3366781,0.36720867208672087,0.0887533875338753
test,0.33663937,0.36720867208672087,0.08807588075880757
test,0.33634412,0.3678861788617886,0.08807588075880757
test,0.3358595,0.3678861788617886,0.08739837398373984
test,0.334863,0.37262872628726285,0.08739837398373984
test,0.3348564,0.37262872628726285,0.08672086720867211
test,0.3348069,0.37330623306233063,0.08672086720867211
test,0.33440444,0.37330623306233063,0.08604336043360439
test,0.33412778,0.37398373983739835,0.08604336043360439
test,0.33411583,0.37398373983739835,0.08536585365853655
test,0.33407617,0.37466124661246614,0.08536585365853655
test,0.3340614,0.37466124661246614,0.08468834688346882
test,0.33324447,0.3780487804878049,0.08468834688346882
test,0.33306852,0.3780487804878049,0.08333333333333337
test,0.33305234,0.3787262872628726,0.08333333333333337
test,0.3329618,0.3787262872628726,0.08265582655826553
test,0.33236572,0.3821138211382114,0.08265582655826553
test,0.33224526,0.3821138211382114,0.0819783197831978
test,0.33195496,0.38346883468834686,0.0819783197831978
test,0.33193678,0.38346883468834686,0.08130081300813008
test,0.33114573,0.38685636856368566,0.08130081300813008
test,0.33108976,0.38685636856368566,0.08062330623306235
test,0.33029348,0.3902439024390244,0.08062330623306235
test,0.3302453,0.3902439024390244,0.07994579945799463
test,0.3302416,0.39092140921409213,0.07994579945799463
test,0.3299813,0.39092140921409213,0.07859078590785906
test,0.3296689,0.39498644986449866,0.07859078590785906
test,0.32959872,0.39498644986449866,0.07723577235772361
test,0.32877812,0.3970189701897019,0.07723577235772361
test,0.32860336,0.3970189701897019,0.07655826558265577
test,0.3285775,0.3976964769647697,0.07655826558265577
test,0.3281974,0.3976964769647697,0.07588075880758804
test,0.32727316,0.3990514905149051,0.07588075880758804
test,0.32726318,0.3990514905149051,0.07520325203252032
test,0.32618195,0.4037940379403794,0.07520325203252032
test,0.32612032,0.4037940379403794,0.07384823848238486
test,0.32532498,0.4065040650406504,0.07384823848238486
test,0.325317,0.4065040650406504,0.07317073170731703
test,0.32303086,0.42005420054200543,0.07317073170731703
test,0.32297036,0.42005420054200543,0.0724932249322493
test,0.32279927,0.42073170731707316,0.0724932249322493
test,0.32259253,0.42073170731707316,0.07181571815718157
test,0.32249606,0.42140921409214094,0.07181571815718157
test,0.32245478,0.42140921409214094,0.07113821138211385
test,0.31994927,0.4281842818428184,0.07113821138211385
test,0.31992495,0.4281842818428184,0.07046070460704612
test,0.31690255,0.43902439024390244,0.07046070460704612
test,0.31679958,0.43902439024390244,0.06978319783197828
test,0.31628647,0.44173441734417346,0.06978319783197828
test,0.31628394,0.44173441734417346,0.06910569105691056
test,0.3156685,0.4437669376693767,0.06910569105691056
test,0.31522366,0.4437669376693767,0.0677506775067751
test,0.3129251,0.44986449864498645,0.0677506775067751
test,0.31286442,0.44986449864498645,0.06707317073170727
test,0.3122443,0.45121951219512196,0.06707317073170727
test,0.31215975,0.45121951219512196,0.06571815718157181
test,0.31137174,0.45528455284552843,0.06571815718157181
test,0.3112391,0.45528455284552843,0.06504065040650409
test,0.3106646,0.45799457994579945,0.06504065040650409
test,0.31061882,0.45799457994579945,0.06436314363143636
test,0.30988708,0.46070460704607047,0.06436314363143636
test,0.30978864,0.46070460704607047,0.06368563685636852
test,0.3082888,0.46680216802168023,0.06368563685636852
test,0.30823675,0.46680216802168023,0.0630081300813008
test,0.3067879,0.47696476964769646,0.0630081300813008
test,0.3066452,0.47696476964769646,0.06233062330623307
test,0.30607435,0.47831978319783197,0.06233062330623307
test,0.30573326,0.47831978319783197,0.06165311653116534
test,0.30570796,0.47899728997289975,0.06165311653116534
test,0.30561474,0.47899728997289975,0.06029810298102978
test,0.30544674,0.4796747967479675,0.06029810298102978
test,0.305179,0.4796747967479675,0.05962059620596205
test,0.30415466,0.4830623306233062,0.05962059620596205
test,0.3041074,0.4830623306233062,0.058943089430894324
test,0.30229926,0.48712737127371275,0.058943089430894324
test,0.30197906,0.48712737127371275,0.0582655826558266
test,0.3019315,0.48848238482384826,0.0582655826558266
test,0.30137694,0.48848238482384826,0.05758807588075876
test,0.29686627,0.505420054200542,0.05758807588075876
test,0.2968499,0.505420054200542,0.05691056910569103
test,0.2947384,0.5169376693766937,0.05691056910569103
test,0.29473808,0.5169376693766937,0.05623306233062331
test,0.29455966,0.5182926829268293,0.05623306233062331
test,0.2940922,0.5182926829268293,0.05555555555555558
test,0.29372028,0.5210027100271003,0.05555555555555558
test,0.29367352,0.5210027100271003,0.054878048780487854
test,0.2934284,0.521680216802168,0.054878048780487854
test,0.29341954,0.521680216802168,0.054200542005420016
test,0.29306018,0.524390243902439,0.054200542005420016
test,0.29305384,0.524390243902439,0.05352303523035229
test,0.29279464,0.5264227642276422,0.05352303523035229
test,0.2925663,0.5264227642276422,0.05284552845528456
test,0.29097044,0.5345528455284553,0.05284552845528456
test,0.29079685,0.5345528455284553,0.052168021680216836
test,0.28918853,0.5392953929539296,0.052168021680216836
test,0.28904074,0.5392953929539296,0.051490514905149
test,0.28057545,0.5623306233062331,0.051490514905149
test,0.28015962,0.5623306233062331,0.05081300813008127
test,0.27695823,0.5745257452574526,0.05081300813008127
test,0.2768482,0.5745257452574526,0.050135501355013545
test,0.27603522,0.575880758807588,0.050135501355013545
test,0.2757533,0.575880758807588,0.04945799457994582
test,0.27126017,0.5901084010840109,0.04945799457994582
test,0.27053657,0.5901084010840109,0.04878048780487809
test,0.2697322,0.592140921409214,0.04878048780487809
test,0.26969558,0.592140921409214,0.048102981029810254
test,0.26914924,0.5948509485094851,0.048102981029810254
test,0.26914755,0.5948509485094851,0.04742547425474253
test,0.2687011,0.6002710027100271,0.04742547425474253
test,0.26867393,0.6002710027100271,0.0467479674796748
test,0.26797047,0.6009485094850948,0.0467479674796748
test,0.26784712,0.6009485094850948,0.046070460704607075
test,0.2667213,0.6050135501355014,0.046070460704607075
test,0.26653934,0.6050135501355014,0.04539295392953935
test,0.26514605,0.6151761517615176,0.04539295392953935
test,0.26511583,0.6151761517615176,0.04471544715447151
test,0.26330823,0.6226287262872628,0.04471544715447151
test,0.26320955,0.6226287262872628,0.044037940379403784
test,0.26278746,0.6253387533875339,0.044037940379403784
test,0.26262742,0.6253387533875339,0.04336043360433606
test,0.26202953,0.6273712737127372,0.04336043360433606
test,0.261944,0.6273712737127372,0.04268292682926833
test,0.26180845,0.6280487804878049,0.04268292682926833
test,0.261723,0.6280487804878049,0.04200542005420049
test,0.2606509,0.6314363143631436,0.04200542005420049
test,0.26004344,0.6314363143631436,0.04065040650406504
test,0.25929922,0.6341463414634146,0.04065040650406504
test,0.2591647,0.6341463414634146,0.03997289972899731
test,0.2582391,0.6382113821138211,0.03997289972899731
test,0.258157,0.6382113821138211,0.03861788617886175
test,0.25432613,0.6483739837398373,0.03861788617886175
test,0.2543094,0.6483739837398373,0.03794037940379402
test,0.25325412,0.6524390243902439,0.03794037940379402
test,0.2531101,0.6524390243902439,0.037262872628726296
test,0.24998792,0.6680216802168022,0.037262872628726296
test,0.24971296,0.6680216802168022,0.03658536585365857
test,0.24817623,0.6727642276422764,0.03658536585365857
test,0.24778238,0.6727642276422764,0.03590785907859073
test,0.2471282,0.6754742547425474,0.03590785907859073
test,0.24642049,0.6754742547425474,0.03455284552845528
test,0.24280804,0.693089430894309,0.03455284552845528
test,0.2420796,0.693089430894309,0.03387533875338755
test,0.24116147,0.6998644986449865,0.03387533875338755
test,0.24100804,0.6998644986449865,0.033197831978319825
test,0.23912671,0.7066395663956639,0.033197831978319825
test,0.23856167,0.7066395663956639,0.03184281842818426
test,0.23654407,0.7154471544715447,0.03184281842818426
test,0.23628709,0.7154471544715447,0.031165311653116534
test,0.2340226,0.7235772357723578,0.031165311653116534
test,0.23393269,0.7235772357723578,0.030487804878048808
test,0.23331368,0.7269647696476965,0.030487804878048808
test,0.23284018,0.7269647696476965,0.02981029810298108
test,0.23138803,0.7317073170731707,0.02981029810298108
test,0.23113476,0.7317073170731707,0.029132791327913243
test,0.2302247,0.736449864498645,0.029132791327913243
test,0.23019627,0.736449864498645,0.028455284552845517
test,0.22791588,0.747289972899729,0.028455284552845517
test,0.227793,0.747289972899729,0.02777777777777779
test,0.22480854,0.7540650406504065,0.02777777777777779
test,0.22444543,0.7540650406504065,0.027100271002710064
test,0.22223435,0.7601626016260162,0.027100271002710064
test,0.22219248,0.7601626016260162,0.026422764227642226
test,0.22216569,0.760840108401084,0.026422764227642226
test,0.22207673,0.760840108401084,0.0257452574525745
test,0.2207945,0.766260162601626,0.0257452574525745
test,0.2206984,0.766260162601626,0.025067750677506773
test,0.22018395,0.7682926829268293,0.025067750677506773
test,0.21975973,0.7682926829268293,0.023035230352303482
test,0.21865007,0.7757452574525745,0.023035230352303482
test,0.21850544,0.7757452574525745,0.022357723577235755
test,0.21537483,0.7865853658536586,0.022357723577235755
test,0.21530324,0.7865853658536586,0.02168021680216803
test,0.21135414,0.7940379403794038,0.02168021680216803
test,0.21120688,0.7940379403794038,0.021002710027100302
test,0.2061616,0.8028455284552846,0.021002710027100302
test,0.20536989,0.8028455284552846,0.020325203252032575
test,0.20222211,0.8123306233062331,0.020325203252032575
test,0.20218974,0.8123306233062331,0.019647696476964738
test,0.20139126,0.8163956639566395,0.019647696476964738
test,0.20050082,0.8163956639566395,0.01897018970189701
test,0.19780135,0.823170731707317,0.01897018970189701
test,0.19740348,0.823170731707317,0.017615176151761558
test,0.19150555,0.8353658536585366,0.017615176151761558
test,0.19129308,0.8353658536585366,0.01693766937669372
test,0.19050245,0.8373983739837398,0.01693766937669372
test,0.19020043,0.8373983739837398,0.016260162601625994
test,0.19016163,0.8380758807588076,0.016260162601625994
test,0.18993314,0.8380758807588076,0.015582655826558267
test,0.18955609,0.8394308943089431,0.015582655826558267
test,0.1894575,0.8394308943089431,0.01490514905149054
test,0.1747167,0.8692411924119241,0.01490514905149054
test,0.1744322,0.8692411924119241,0.014227642276422814
test,0.17173162,0.8766937669376694,0.014227642276422814
test,0.17125392,0.8766937669376694,0.013550135501354976
test,0.1666381,0.8827913279132791,0.013550135501354976
test,0.16624425,0.8827913279132791,0.01287262872628725
test,0.16412891,0.8888888888888888,0.01287262872628725
test,0.16384122,0.8888888888888888,0.012195121951219523
test,0.15660582,0.9010840108401084,0.012195121951219523
test,0.15566747,0.9010840108401084,0.011517615176151796
test,0.1514959,0.9092140921409214,0.011517615176151796
test,0.15101974,0.9092140921409214,0.010840108401083959
test,0.14769642,0.9132791327913279,0.010840108401083959
test,0.14639284,0.9132791327913279,0.010162601626016232
test,0.14302066,0.9193766937669376,0.010162601626016232
test,0.14217196,0.9193766937669376,0.009485094850948506
test,0.14002885,0.9247967479674797,0.009485094850948506
test,0.13960636,0.9247967479674797,0.008807588075880779
test,0.13795319,0.9308943089430894,0.008807588075880779
test,0.13639778,0.9308943089430894,0.008130081300813052
test,0.13345395,0.9336043360433605,0.008130081300813052
test,0.1333197,0.9336043360433605,0.007452574525745215
test,0.12828165,0.9383468834688347,0.007452574525745215
test,0.12812454,0.9383468834688347,0.006775067750677488
test,0.123694934,0.943089430894309,0.006775067750677488
test,0.11906876,0.943089430894309,0.004742547425474308
test,0.067995794,0.9742547425474255,0.004742547425474308
test,0.0675683,0.9742547425474255,0.004065040650406471
test,0.061925504,0.9776422764227642,0.004065040650406471
test,0.061651543,0.9776422764227642,0.003387533875338744
test,0.048919775,0.9850948509485095,0.003387533875338744
test,0.047115766,0.9850948509485095,0.0027100271002710175
test,0.026194237,0.9905149051490515,0.0027100271002710175
test,0.024830487,0.9905149051490515,0.0013550135501354532
test,-0.0021364558,0.9952574525745257,0.0013550135501354532
test,-0.0042586583,0.9952574525745257,0.0006775067750677266
test,-0.016545579,0.9966124661246613,0.0006775067750677266
test,-0.017657269,0.9966124661246613,0.0
test,-0.05686276,1.0,0.0
