image1,image2,identity1,identity2,demographic1,demographic2,gender1,gender2,age1,age2,label,cosine_similarity,euclidean_distance,cosine_distance
data\processed\bfw\asian\n009279\0185_01.jpg,data\processed\bfw\asian\n004935\0165_02.jpg,n009279,n004935,asian,asian,females,males,,,0,0.13510884,37.298027,0.8648912
data\processed\bfw\asian\n000135\0081_01.jpg,data\processed\bfw\asian\n000135\0208_01.jpg,n000135,n000135,asian,asian,females,females,,,1,0.16097155,38.83641,0.8390285
data\processed\bfw\asian\n004870\0028_10.jpg,data\processed\bfw\asian\n004870\0156_01.jpg,n004870,n004870,asian,asian,females,females,,,1,0.30997762,33.859745,0.69002235
data\processed\bfw\asian\n007899\0095_01.jpg,data\processed\bfw\asian\n007899\0213_01.jpg,n007899,n007899,asian,asian,females,females,,,1,0.15855473,32.577976,0.84144527
data\processed\bfw\asian\n008978\0035_01.jpg,data\processed\bfw\asian\n003355\0252_02.jpg,n008978,n003355,asian,asian,females,males,,,0,0.061724458,41.035885,0.9382755
data\processed\bfw\asian\n003557\0053_01.jpg,data\processed\bfw\asian\n003557\0088_04.jpg,n003557,n003557,asian,asian,females,females,,,1,0.31597582,28.151411,0.6840242
data\processed\bfw\asian\n003489\0138_01.jpg,data\processed\bfw\asian\n004681\0233_01.jpg,n003489,n004681,asian,asian,males,males,,,0,-0.06983818,40.437443,1.0698382
data\processed\bfw\asian\n006358\0054_02.jpg,data\processed\bfw\asian\n006358\0125_01.jpg,n006358,n006358,asian,asian,females,females,,,1,0.4246275,34.461353,0.57537246
data\processed\bfw\asian\n004860\0107_01.jpg,data\processed\bfw\asian\n003635\0109_04.jpg,n004860,n003635,asian,asian,females,males,,,0,0.009755712,38.579548,0.99024427
data\processed\bfw\asian\n004800\0390_01.jpg,data\processed\bfw\asian\n003463\0165_01.jpg,n004800,n003463,asian,asian,males,males,,,0,0.11045866,37.58052,0.8895413
data\processed\bfw\asian\n005177\0321_01.jpg,data\processed\bfw\asian\n001496\0642_01.jpg,n005177,n001496,asian,asian,males,males,,,0,0.007066251,43.96914,0.99293375
data\processed\bfw\asian\n003449\0418_01.jpg,data\processed\bfw\asian\n004109\0554_02.jpg,n003449,n004109,asian,asian,females,males,,,0,0.14741768,36.4138,0.85258234
data\processed\bfw\asian\n003357\0034_01.jpg,data\processed\bfw\asian\n000132\0094_02__face_0.jpg,n003357,n000132,asian,asian,females,males,,,0,-0.05570346,41.454304,1.0557034
data\processed\bfw\asian\n007738\0058_02.jpg,data\processed\bfw\asian\n007738\0440_01.jpg,n007738,n007738,asian,asian,females,females,,,1,0.033255756,40.408344,0.96674424
data\processed\bfw\asian\n005216\0017_01.jpg,data\processed\bfw\asian\n005216\0119_01.jpg,n005216,n005216,asian,asian,females,females,,,1,0.20999566,33.143726,0.7900044
data\processed\bfw\asian\n000009\0188_01.jpg,data\processed\bfw\asian\n000009\0244_01.jpg,n000009,n000009,asian,asian,females,females,,,1,0.06551403,37.378086,0.934486
data\processed\bfw\asian\n008148\0102_01.jpg,data\processed\bfw\asian\n004549\0073_01.jpg,n008148,n004549,asian,asian,females,females,,,0,0.2818206,25.64892,0.7181794
data\processed\bfw\asian\n000856\0285_01.jpg,data\processed\bfw\asian\n000856\0538_01.jpg,n000856,n000856,asian,asian,females,females,,,1,0.21129891,36.11639,0.78870106
data\processed\bfw\asian\n006619\0334_03.jpg,data\processed\bfw\asian\n001572\0349_01.jpg,n006619,n001572,asian,asian,females,females,,,0,0.0047557126,36.505196,0.99524426
data\processed\bfw\asian\n006418\0071_04.jpg,data\processed\bfw\asian\n003467\0188_03.jpg,n006418,n003467,asian,asian,females,females,,,0,-0.0143145295,36.469406,1.0143145
data\processed\bfw\asian\n004791\0208_01.jpg,data\processed\bfw\asian\n004791\0440_01.jpg,n004791,n004791,asian,asian,males,males,,,1,0.44000137,31.43743,0.55999863
data\processed\bfw\asian\n003155\0043_01.jpg,data\processed\bfw\asian\n003155\1012_07.jpg,n003155,n003155,asian,asian,males,males,,,1,0.199988,38.40271,0.800012
data\processed\bfw\asian\n009279\0179_01.jpg,data\processed\bfw\asian\n009279\0193_01.jpg,n009279,n009279,asian,asian,females,females,,,1,0.31482938,32.179115,0.68517065
data\processed\bfw\asian\n004794\0015_05.jpg,data\processed\bfw\asian\n004794\0043_01.jpg,n004794,n004794,asian,asian,males,males,,,1,0.46557707,27.284489,0.53442293
data\processed\bfw\asian\n000873\0085_02.jpg,data\processed\bfw\asian\n000873\0257_02.jpg,n000873,n000873,asian,asian,males,males,,,1,0.24728294,35.26575,0.7527171
data\processed\bfw\asian\n007385\0500_01.jpg,data\processed\bfw\asian\n005474\0176_04.jpg,n007385,n005474,asian,asian,females,females,,,0,0.21469308,36.100193,0.78530693
data\processed\bfw\asian\n006223\0167_01.jpg,data\processed\bfw\asian\n004877\0100_01.jpg,n006223,n004877,asian,asian,females,females,,,0,0.23779523,29.416878,0.76220477
data\processed\bfw\asian\n001976\0237_01.jpg,data\processed\bfw\asian\n006634\0023_08.jpg,n001976,n006634,asian,asian,males,females,,,0,0.036595296,37.892387,0.9634047
data\processed\bfw\asian\n003463\0179_02.jpg,data\processed\bfw\asian\n005077\0104_01.jpg,n003463,n005077,asian,asian,males,females,,,0,-0.05308156,39.235203,1.0530815
data\processed\bfw\asian\n005078\0183_01.jpg,data\processed\bfw\asian\n005078\0638_01.jpg,n005078,n005078,asian,asian,males,males,,,1,0.46696055,28.591494,0.53303945
data\processed\bfw\asian\n000873\0106_01.jpg,data\processed\bfw\asian\n000840\0060_01.jpg,n000873,n000840,asian,asian,males,females,,,0,0.12892544,35.292435,0.87107456
data\processed\bfw\asian\n000009\0122_02.jpg,data\processed\bfw\asian\n000009\0244_01.jpg,n000009,n000009,asian,asian,females,females,,,1,0.13122717,35.709427,0.86877286
data\processed\bfw\asian\n000872\0085_01.jpg,data\processed\bfw\asian\n000872\0203_01.jpg,n000872,n000872,asian,asian,males,males,,,1,0.29441586,32.516277,0.70558417
data\processed\bfw\asian\n006634\0135_01.jpg,data\processed\bfw\asian\n006149\0005_01.jpg,n006634,n006149,asian,asian,females,females,,,0,-0.095804945,40.024956,1.0958049
data\processed\bfw\asian\n007664\0085_01.jpg,data\processed\bfw\asian\n002725\0007_03.jpg,n007664,n002725,asian,asian,females,females,,,0,-0.049830455,42.76889,1.0498304
data\processed\bfw\asian\n003357\0074_01.jpg,data\processed\bfw\asian\n007378\0049_01.jpg,n003357,n007378,asian,asian,females,females,,,0,0.20249891,29.306292,0.7975011
data\processed\bfw\asian\n000139\0261_01.jpg,data\processed\bfw\asian\n005116\0072_01.jpg,n000139,n005116,asian,asian,females,males,,,0,-0.03734537,39.759655,1.0373454
data\processed\bfw\asian\n006148\0040_01.jpg,data\processed\bfw\asian\n006148\0607_02.jpg,n006148,n006148,asian,asian,females,females,,,1,0.22090605,35.44373,0.779094
data\processed\bfw\asian\n000160\0367_03.jpg,data\processed\bfw\asian\n006619\0553_01.jpg,n000160,n006619,asian,asian,females,females,,,0,0.13888888,32.86071,0.8611111
data\processed\bfw\asian\n002320\0006_01.jpg,data\processed\bfw\asian\n004469\0019_02.jpg,n002320,n004469,asian,asian,males,males,,,0,0.051890675,41.082066,0.9481093
data\processed\bfw\asian\n000138\0164_01.jpg,data\processed\bfw\asian\n000138\0326_01.jpg,n000138,n000138,asian,asian,females,females,,,1,0.2065936,34.94865,0.79340637
data\processed\bfw\asian\n004725\0341_01.jpg,data\processed\bfw\asian\n006634\0166_01.jpg,n004725,n006634,asian,asian,males,females,,,0,-0.06571439,39.676086,1.0657144
data\processed\bfw\asian\n007380\0070_01.jpg,data\processed\bfw\asian\n007380\0525_01.jpg,n007380,n007380,asian,asian,females,females,,,1,-0.0023664094,37.588547,1.0023664
data\processed\bfw\asian\n009287\0160_01.jpg,data\processed\bfw\asian\n009287\0185_01.jpg,n009287,n009287,asian,asian,females,females,,,1,0.4701801,30.961098,0.5298199
data\processed\bfw\asian\n005071\0055_02.jpg,data\processed\bfw\asian\n005063\0030_01.jpg,n005071,n005063,asian,asian,males,females,,,0,0.06054519,37.585896,0.9394548
data\processed\bfw\asian\n004681\0101_01.jpg,data\processed\bfw\asian\n005216\0307_01.jpg,n004681,n005216,asian,asian,males,females,,,0,0.14855033,36.53346,0.85144967
data\processed\bfw\asian\n008934\0108_01.jpg,data\processed\bfw\asian\n000840\0036_03.jpg,n008934,n000840,asian,asian,females,females,,,0,0.16274531,35.11657,0.8372547
data\processed\bfw\asian\n000873\0111_01.jpg,data\processed\bfw\asian\n000873\0496_01.jpg,n000873,n000873,asian,asian,males,males,,,1,0.51787806,27.7993,0.48212194
data\processed\bfw\asian\n002320\0171_01.jpg,data\processed\bfw\asian\n000135\0272_01.jpg,n002320,n000135,asian,asian,males,females,,,0,-0.19025256,40.087513,1.1902525
data\processed\bfw\asian\n000138\0067_01.jpg,data\processed\bfw\asian\n000138\0087_03.jpg,n000138,n000138,asian,asian,females,females,,,1,0.314211,28.751465,0.685789
data\processed\bfw\asian\n008401\0399_01.jpg,data\processed\bfw\asian\n009287\0033_01.jpg,n008401,n009287,asian,asian,females,females,,,0,0.046152305,37.668262,0.9538477
data\processed\bfw\asian\n000161\0241_01.jpg,data\processed\bfw\asian\n006634\0135_01.jpg,n000161,n006634,asian,asian,males,females,,,0,-0.1033972,41.97834,1.1033973
data\processed\bfw\asian\n004935\0061_01.jpg,data\processed\bfw\asian\n009277\0113_01.jpg,n004935,n009277,asian,asian,males,females,,,0,-0.033995677,40.973694,1.0339956
data\processed\bfw\asian\n004221\0243_01.jpg,data\processed\bfw\asian\n004221\0421_02.jpg,n004221,n004221,asian,asian,males,males,,,1,0.08400898,42.21377,0.915991
data\processed\bfw\asian\n006203\0109_03.jpg,data\processed\bfw\asian\n004466\0052_01.jpg,n006203,n004466,asian,asian,females,males,,,0,0.17754215,40.996243,0.82245785
data\processed\bfw\asian\n000132\0238_02__face_0.jpg,data\processed\bfw\asian\n005474\0239_01.jpg,n000132,n005474,asian,asian,males,females,,,0,-0.071810074,42.9254,1.0718101
data\processed\bfw\asian\n004467\0677_01.jpg,data\processed\bfw\asian\n006203\0088_01.jpg,n004467,n006203,asian,asian,males,females,,,0,0.13956766,33.190575,0.8604323
data\processed\bfw\asian\n004686\0030_01.jpg,data\processed\bfw\asian\n004686\0458_01.jpg,n004686,n004686,asian,asian,males,males,,,1,0.3945602,30.648321,0.6054398
data\processed\bfw\asian\n005116\0172_01.jpg,data\processed\bfw\asian\n005116\0228_03.jpg,n005116,n005116,asian,asian,males,males,,,1,0.37669364,33.635674,0.6233064
data\processed\bfw\asian\n009042\0017_03.jpg,data\processed\bfw\asian\n009042\0059_01.jpg,n009042,n009042,asian,asian,females,females,,,1,0.73624283,21.77297,0.26375717
data\processed\bfw\asian\n003288\0022_01.jpg,data\processed\bfw\asian\n003288\0078_01.jpg,n003288,n003288,asian,asian,females,females,,,1,0.3114865,28.899408,0.6885135
data\processed\bfw\asian\n007089\0066_01.jpg,data\processed\bfw\asian\n006633\0056_01.jpg,n007089,n006633,asian,asian,females,females,,,0,-0.11189942,37.89159,1.1118994
data\processed\bfw\asian\n006159\0007_01.jpg,data\processed\bfw\asian\n005177\0321_01.jpg,n006159,n005177,asian,asian,females,males,,,0,-0.005569046,48.164314,1.0055691
data\processed\bfw\asian\n000840\0041_01.jpg,data\processed\bfw\asian\n000135\0114_01.jpg,n000840,n000135,asian,asian,females,females,,,0,0.019152744,36.855297,0.98084724
data\processed\bfw\asian\n003288\0022_01.jpg,data\processed\bfw\asian\n009177\0294_02.jpg,n003288,n009177,asian,asian,females,females,,,0,0.08022049,34.461693,0.91977954
data\processed\bfw\asian\n004725\0230_01.jpg,data\processed\bfw\asian\n002775\0034_02.jpg,n004725,n002775,asian,asian,males,males,,,0,-0.08548412,52.3227,1.0854841
data\processed\bfw\asian\n000872\0227_01.jpg,data\processed\bfw\asian\n004221\0158_03.jpg,n000872,n004221,asian,asian,males,males,,,0,0.033636436,37.585747,0.96636355
data\processed\bfw\asian\n004948\0016_01.jpg,data\processed\bfw\asian\n004948\0091_01.jpg,n004948,n004948,asian,asian,males,males,,,1,0.36250615,31.45585,0.63749385
data\processed\bfw\asian\n003489\0323_01.jpg,data\processed\bfw\asian\n005378\0234_02.jpg,n003489,n005378,asian,asian,males,females,,,0,-0.020972388,42.949425,1.0209724
data\processed\bfw\asian\n000009\0063_01.jpg,data\processed\bfw\asian\n000009\0160_01.jpg,n000009,n000009,asian,asian,females,females,,,1,0.2748634,32.412773,0.72513664
data\processed\bfw\asian\n000009\0043_01.jpg,data\processed\bfw\asian\n000161\0255_01.jpg,n000009,n000161,asian,asian,females,males,,,0,0.08506656,38.529297,0.91493344
data\processed\bfw\asian\n005063\0302_06.jpg,data\processed\bfw\asian\n007385\0469_01.jpg,n005063,n007385,asian,asian,females,females,,,0,-0.092868604,43.18345,1.0928686
data\processed\bfw\asian\n009042\0020_01.jpg,data\processed\bfw\asian\n000137\0187_01.jpg,n009042,n000137,asian,asian,females,females,,,0,0.09163668,43.583744,0.90836334
data\processed\bfw\asian\n000135\0112_01.jpg,data\processed\bfw\asian\n006619\0216_01.jpg,n000135,n006619,asian,asian,females,females,,,0,0.18391487,34.11617,0.8160851
data\processed\bfw\asian\n004725\0001_01.jpg,data\processed\bfw\asian\n004725\0183_04.jpg,n004725,n004725,asian,asian,males,males,,,1,0.51524216,33.474525,0.48475784
data\processed\bfw\asian\n003354\0020_01.jpg,data\processed\bfw\asian\n003482\0044_02.jpg,n003354,n003482,asian,asian,females,males,,,0,0.070550814,44.42085,0.9294492
data\processed\bfw\asian\n005378\0388_01.jpg,data\processed\bfw\asian\n005378\0409_02.jpg,n005378,n005378,asian,asian,females,females,,,1,0.14649332,36.0977,0.8535067
data\processed\bfw\asian\n004935\0548_01.jpg,data\processed\bfw\asian\n009278\0072_01.jpg,n004935,n009278,asian,asian,males,females,,,0,0.05479119,36.67768,0.9452088
data\processed\bfw\asian\n006223\0096_01.jpg,data\processed\bfw\asian\n006223\0172_01.jpg,n006223,n006223,asian,asian,females,females,,,1,0.49145183,28.694006,0.50854814
data\processed\bfw\asian\n008383\0014_01.jpg,data\processed\bfw\asian\n008383\0139_02.jpg,n008383,n008383,asian,asian,females,females,,,1,0.66881853,18.755842,0.33118147
data\processed\bfw\asian\n008163\0041_01.jpg,data\processed\bfw\asian\n008163\0213_01.jpg,n008163,n008163,asian,asian,females,females,,,1,0.49701738,29.04369,0.5029826
data\processed\bfw\asian\n000139\0311_01.jpg,data\processed\bfw\asian\n003223\0084_01.jpg,n000139,n003223,asian,asian,females,males,,,0,0.08030005,38.476757,0.91969997
data\processed\bfw\asian\n003354\0346_02.jpg,data\processed\bfw\asian\n006633\0299_01.jpg,n003354,n006633,asian,asian,females,females,,,0,0.14576358,37.2501,0.8542364
data\processed\bfw\asian\n002725\0086_01.jpg,data\processed\bfw\asian\n009125\0100_01.jpg,n002725,n009125,asian,asian,females,females,,,0,0.26437443,33.642986,0.73562557
data\processed\bfw\asian\n006736\0121_03.jpg,data\processed\bfw\asian\n006736\0537_01.jpg,n006736,n006736,asian,asian,females,females,,,1,0.6139465,26.298546,0.3860535
data\processed\bfw\asian\n004877\0004_01.jpg,data\processed\bfw\asian\n003167\0042_18.jpg,n004877,n003167,asian,asian,females,males,,,0,-0.12299519,43.666607,1.1229951
data\processed\bfw\asian\n003354\0027_01.jpg,data\processed\bfw\asian\n009177\0136_01.jpg,n003354,n009177,asian,asian,females,females,,,0,-0.03138102,41.429073,1.031381
data\processed\bfw\asian\n004787\0158_01.jpg,data\processed\bfw\asian\n003358\0306_01.jpg,n004787,n003358,asian,asian,females,females,,,0,0.022367302,35.945587,0.9776327
data\processed\bfw\asian\n004108\0131_01.jpg,data\processed\bfw\asian\n004930\0135_01.jpg,n004108,n004930,asian,asian,males,females,,,0,-0.09964104,40.42895,1.0996411
data\processed\bfw\asian\n003027\0037_01.jpg,data\processed\bfw\asian\n000856\0004_01.jpg,n003027,n000856,asian,asian,males,females,,,0,-0.07146547,45.335464,1.0714655
data\processed\bfw\asian\n005216\0026_01.jpg,data\processed\bfw\asian\n004809\0221_01.jpg,n005216,n004809,asian,asian,females,males,,,0,0.10676067,36.44911,0.8932393
data\processed\bfw\asian\n004786\0128_03.jpg,data\processed\bfw\asian\n002331\0255_01.jpg,n004786,n002331,asian,asian,females,males,,,0,0.07553785,39.92529,0.92446214
data\processed\bfw\asian\n006634\0039_01.jpg,data\processed\bfw\asian\n006634\0114_01.jpg,n006634,n006634,asian,asian,females,females,,,1,0.49944982,28.285078,0.50055015
data\processed\bfw\asian\n006125\0215_01.jpg,data\processed\bfw\asian\n004936\0254_01.jpg,n006125,n004936,asian,asian,females,females,,,0,0.0030020755,35.18184,0.99699795
data\processed\bfw\asian\n007372\0086_01.jpg,data\processed\bfw\asian\n007372\0252_01.jpg,n007372,n007372,asian,asian,females,females,,,1,0.04616096,35.179474,0.95383906
data\processed\bfw\asian\n003463\0132_01.jpg,data\processed\bfw\asian\n000856\0014_01.jpg,n003463,n000856,asian,asian,males,females,,,0,-0.081337616,39.830368,1.0813376
data\processed\bfw\asian\n003155\0004_01.jpg,data\processed\bfw\asian\n006223\0033_01.jpg,n003155,n006223,asian,asian,males,females,,,0,0.11093157,42.49558,0.8890684
data\processed\bfw\asian\n003162\0050_01.jpg,data\processed\bfw\asian\n003162\0508_01.jpg,n003162,n003162,asian,asian,males,males,,,1,0.520425,32.10001,0.47957498
data\processed\bfw\asian\n004785\0125_01.jpg,data\processed\bfw\asian\n004785\0275_01.jpg,n004785,n004785,asian,asian,females,females,,,1,0.33568895,30.324774,0.66431105
data\processed\bfw\asian\n005446\0042_05.jpg,data\processed\bfw\asian\n005446\0141_01.jpg,n005446,n005446,asian,asian,females,females,,,1,0.3115703,29.981085,0.6884297
data\processed\bfw\asian\n003288\0078_01.jpg,data\processed\bfw\asian\n007899\0073_01.jpg,n003288,n007899,asian,asian,females,females,,,0,0.06463623,35.26039,0.93536377
data\processed\bfw\asian\n006203\0160_01.jpg,data\processed\bfw\asian\n006203\0430_01.jpg,n006203,n006203,asian,asian,females,females,,,1,0.13396563,29.734589,0.8660344
data\processed\bfw\asian\n007814\0485_01.jpg,data\processed\bfw\asian\n004930\0290_01.jpg,n007814,n004930,asian,asian,females,females,,,0,-0.20950268,41.118263,1.2095027
data\processed\bfw\asian\n002552\0185_01.jpg,data\processed\bfw\asian\n009177\0162_02.jpg,n002552,n009177,asian,asian,males,females,,,0,-0.11836628,39.672207,1.1183662
data\processed\bfw\asian\n004786\0197_02.jpg,data\processed\bfw\asian\n004860\0236_01.jpg,n004786,n004860,asian,asian,females,females,,,0,0.06920254,33.34188,0.93079746
data\processed\bfw\asian\n001562\0360_02.jpg,data\processed\bfw\asian\n004681\0020_01.jpg,n001562,n004681,asian,asian,males,males,,,0,-0.0991408,44.177586,1.0991408
data\processed\bfw\asian\n004108\0096_01.jpg,data\processed\bfw\asian\n004108\0267_02.jpg,n004108,n004108,asian,asian,males,males,,,1,0.28142688,34.525925,0.7185731
data\processed\bfw\asian\n004787\0128_01.jpg,data\processed\bfw\asian\n000158\0367_01.jpg,n004787,n000158,asian,asian,females,males,,,0,0.007884677,36.82946,0.9921153
data\processed\bfw\asian\n008401\0294_01.jpg,data\processed\bfw\asian\n008401\0521_02.jpg,n008401,n008401,asian,asian,females,females,,,1,0.14253026,37.441257,0.85746974
data\processed\bfw\asian\n005078\0278_01.jpg,data\processed\bfw\asian\n001572\0242_01.jpg,n005078,n001572,asian,asian,males,females,,,0,0.0033980743,43.821712,0.99660194
data\processed\bfw\asian\n007814\0652_01.jpg,data\processed\bfw\asian\n001864\0071_01.jpg,n007814,n001864,asian,asian,females,males,,,0,0.06532089,41.288708,0.9346791
data\processed\bfw\asian\n000158\0199_03.jpg,data\processed\bfw\asian\n005069\0017_02.jpg,n000158,n005069,asian,asian,males,females,,,0,0.15841657,41.253944,0.84158343
data\processed\bfw\asian\n006358\0010_01.jpg,data\processed\bfw\asian\n006358\0085_04.jpg,n006358,n006358,asian,asian,females,females,,,1,0.5714255,26.316,0.4285745
data\processed\bfw\asian\n002552\0252_02.jpg,data\processed\bfw\asian\n002552\0368_01.jpg,n002552,n002552,asian,asian,males,males,,,1,0.2792036,35.537655,0.7207964
data\processed\bfw\asian\n004109\0047_02.jpg,data\processed\bfw\asian\n004930\0290_01.jpg,n004109,n004930,asian,asian,males,females,,,0,0.044267904,37.50154,0.9557321
data\processed\bfw\asian\n004681\0232_01.jpg,data\processed\bfw\asian\n004681\0398_01.jpg,n004681,n004681,asian,asian,males,males,,,1,0.15415666,36.960083,0.8458433
data\processed\bfw\asian\n002775\0069_01.jpg,data\processed\bfw\asian\n000009\0356_06.jpg,n002775,n000009,asian,asian,males,females,,,0,-0.0022205217,41.296413,1.0022205
data\processed\bfw\asian\n007664\0153_01.jpg,data\processed\bfw\asian\n001864\0078_01.jpg,n007664,n001864,asian,asian,females,males,,,0,0.070947714,40.613323,0.9290523
data\processed\bfw\asian\n002644\0105_01.jpg,data\processed\bfw\asian\n002644\0966_01.jpg,n002644,n002644,asian,asian,males,males,,,1,0.084362686,35.16191,0.9156373
data\processed\bfw\asian\n003288\0120_01.jpg,data\processed\bfw\asian\n001864\0112_03.jpg,n003288,n001864,asian,asian,females,males,,,0,0.036375873,36.445927,0.9636241
data\processed\bfw\asian\n009277\0358_01.jpg,data\processed\bfw\asian\n005077\0020_01.jpg,n009277,n005077,asian,asian,females,females,,,0,-0.038507298,39.404724,1.0385073
data\processed\bfw\asian\n004809\0356_01.jpg,data\processed\bfw\asian\n000854\0045_01.jpg,n004809,n000854,asian,asian,males,females,,,0,0.0034842636,36.7651,0.99651575
data\processed\bfw\asian\n004864\0003_01.jpg,data\processed\bfw\asian\n007814\0016_01.jpg,n004864,n007814,asian,asian,females,females,,,0,-0.017319085,37.7388,1.0173191
data\processed\bfw\asian\n003355\0082_01.jpg,data\processed\bfw\asian\n009137\0321_02.jpg,n003355,n009137,asian,asian,males,females,,,0,-0.022261085,44.438602,1.0222611
data\processed\bfw\asian\n005072\0302_01.jpg,data\processed\bfw\asian\n000873\0176_01.jpg,n005072,n000873,asian,asian,males,males,,,0,0.15528272,36.047024,0.84471726
data\processed\bfw\asian\n004549\0303_01.jpg,data\processed\bfw\asian\n003489\0191_01.jpg,n004549,n003489,asian,asian,females,males,,,0,-0.0020783136,37.705563,1.0020783
data\processed\bfw\asian\n005072\0043_05.jpg,data\processed\bfw\asian\n005072\0184_03.jpg,n005072,n005072,asian,asian,males,males,,,1,0.3837826,30.912998,0.6162174
data\processed\bfw\asian\n007816\0375_01.jpg,data\processed\bfw\asian\n007816\0442_03.jpg,n007816,n007816,asian,asian,females,females,,,1,0.19409768,34.38277,0.8059023
data\processed\bfw\asian\n006418\0021_02.jpg,data\processed\bfw\asian\n006418\0251_02.jpg,n006418,n006418,asian,asian,females,females,,,1,0.12618482,34.86898,0.8738152
data\processed\bfw\asian\n002406\0173_01.jpg,data\processed\bfw\asian\n001496\0171_01.jpg,n002406,n001496,asian,asian,males,males,,,0,0.09010486,37.71708,0.9098951
data\processed\bfw\asian\n004800\0111_01.jpg,data\processed\bfw\asian\n009137\0070_01.jpg,n004800,n009137,asian,asian,males,females,,,0,0.123605035,33.947445,0.876395
data\processed\bfw\asian\n004935\0061_01.jpg,data\processed\bfw\asian\n004935\0124_01.jpg,n004935,n004935,asian,asian,males,males,,,1,0.59100366,26.214315,0.40899634
data\processed\bfw\asian\n007372\0112_05.jpg,data\processed\bfw\asian\n003824\0190_03.jpg,n007372,n003824,asian,asian,females,females,,,0,-0.10531309,46.6787,1.1053131
data\processed\bfw\asian\n003467\0042_01.jpg,data\processed\bfw\asian\n003467\0094_01.jpg,n003467,n003467,asian,asian,females,females,,,1,0.31647104,32.78367,0.68352896
data\processed\bfw\asian\n007814\0057_01.jpg,data\processed\bfw\asian\n004809\0208_01.jpg,n007814,n004809,asian,asian,females,males,,,0,0.035885323,37.47964,0.96411467
data\processed\bfw\asian\n004725\0121_01.jpg,data\processed\bfw\asian\n004725\0230_01.jpg,n004725,n004725,asian,asian,males,males,,,1,0.28227264,41.136467,0.71772736
data\processed\bfw\asian\n000840\0015_01.jpg,data\processed\bfw\asian\n006159\0122_01.jpg,n000840,n006159,asian,asian,females,females,,,0,-0.056672536,40.980793,1.0566726
data\processed\bfw\asian\n003156\0077_01.jpg,data\processed\bfw\asian\n003156\0105_01.jpg,n003156,n003156,asian,asian,males,males,,,1,0.14603114,36.816948,0.85396886
data\processed\bfw\asian\n004948\0199_02.jpg,data\processed\bfw\asian\n003533\0574_01.jpg,n004948,n003533,asian,asian,males,males,,,0,-0.05506067,41.66328,1.0550606
data\processed\bfw\asian\n003463\0485_01.jpg,data\processed\bfw\asian\n000161\0241_01.jpg,n003463,n000161,asian,asian,males,males,,,0,-0.049583256,37.861988,1.0495832
data\processed\bfw\asian\n004786\0097_02.jpg,data\processed\bfw\asian\n004786\0129_01.jpg,n004786,n004786,asian,asian,females,females,,,1,0.24116619,32.894745,0.7588338
data\processed\bfw\asian\n004469\0083_02.jpg,data\processed\bfw\asian\n000132\0027_01__face_0.jpg,n004469,n000132,asian,asian,males,males,,,0,0.042762667,43.2964,0.95723736
data\processed\bfw\asian\n006203\0085_03.jpg,data\processed\bfw\asian\n004809\0013_04.jpg,n006203,n004809,asian,asian,females,males,,,0,0.10816751,38.825485,0.8918325
data\processed\bfw\asian\n004800\0702_02.jpg,data\processed\bfw\asian\n004800\0828_02.jpg,n004800,n004800,asian,asian,males,males,,,1,-0.008256124,46.45981,1.0082561
data\processed\bfw\asian\n001976\0077_02.jpg,data\processed\bfw\asian\n001976\0441_01.jpg,n001976,n001976,asian,asian,males,males,,,1,0.23255691,36.118725,0.76744306
data\processed\bfw\asian\n008401\0097_02.jpg,data\processed\bfw\asian\n003355\0145_04.jpg,n008401,n003355,asian,asian,females,males,,,0,-0.17795348,46.45614,1.1779535
data\processed\bfw\asian\n006619\0098_01.jpg,data\processed\bfw\asian\n004725\0152_01.jpg,n006619,n004725,asian,asian,females,males,,,0,0.1092214,40.32869,0.8907786
data\processed\bfw\asian\n005474\0298_05.jpg,data\processed\bfw\asian\n004805\0566_01.jpg,n005474,n004805,asian,asian,females,males,,,0,0.10721686,38.307903,0.89278316
data\processed\bfw\asian\n000137\0248_01.jpg,data\processed\bfw\asian\n000138\0078_01.jpg,n000137,n000138,asian,asian,females,females,,,0,0.04688617,36.99968,0.95311385
data\processed\bfw\asian\n005177\0063_01.jpg,data\processed\bfw\asian\n004680\0427_01.jpg,n005177,n004680,asian,asian,males,females,,,0,0.057165563,39.78734,0.94283444
data\processed\bfw\asian\n005378\0421_01.jpg,data\processed\bfw\asian\n006736\0318_01.jpg,n005378,n006736,asian,asian,females,females,,,0,-0.09574406,41.561523,1.095744
data\processed\bfw\asian\n004221\0196_05.jpg,data\processed\bfw\asian\n004221\0243_01.jpg,n004221,n004221,asian,asian,males,males,,,1,0.33251682,33.33968,0.6674832
data\processed\bfw\asian\n004472\0312_02.jpg,data\processed\bfw\asian\n005083\0367_02.jpg,n004472,n005083,asian,asian,females,females,,,0,0.25242627,33.291878,0.74757373
data\processed\bfw\asian\n003481\0794_01.jpg,data\processed\bfw\asian\n003153\0624_01.jpg,n003481,n003153,asian,asian,females,females,,,0,0.06830538,34.314224,0.9316946
data\processed\bfw\asian\n001976\0152_02.jpg,data\processed\bfw\asian\n000872\0227_01.jpg,n001976,n000872,asian,asian,males,males,,,0,0.10195801,36.25315,0.89804196
data\processed\bfw\asian\n004680\0430_01.jpg,data\processed\bfw\asian\n006223\0349_01.jpg,n004680,n006223,asian,asian,females,females,,,0,-0.11993804,40.616886,1.119938
data\processed\bfw\asian\n001864\0039_02.jpg,data\processed\bfw\asian\n001864\0301_01.jpg,n001864,n001864,asian,asian,males,males,,,1,0.48603943,30.082697,0.5139606
data\processed\bfw\asian\n007372\0086_01.jpg,data\processed\bfw\asian\n007372\0148_01.jpg,n007372,n007372,asian,asian,females,females,,,1,0.380944,27.64297,0.619056
data\processed\bfw\asian\n004466\0045_01.jpg,data\processed\bfw\asian\n004466\0154_01.jpg,n004466,n004466,asian,asian,males,males,,,1,0.28957084,33.112072,0.7104292
data\processed\bfw\asian\n000135\0138_10.jpg,data\processed\bfw\asian\n005116\0168_01.jpg,n000135,n005116,asian,asian,females,males,,,0,0.11409158,36.35068,0.8859084
data\processed\bfw\asian\n004930\0027_01.jpg,data\processed\bfw\asian\n004930\0046_01.jpg,n004930,n004930,asian,asian,females,females,,,1,0.5129732,25.851793,0.4870268
data\processed\bfw\asian\n002406\0534_02.jpg,data\processed\bfw\asian\n009103\0047_02.jpg,n002406,n009103,asian,asian,males,females,,,0,-0.034952026,40.123978,1.034952
data\processed\bfw\asian\n006774\0268_01.jpg,data\processed\bfw\asian\n004794\0124_03.jpg,n006774,n004794,asian,asian,females,males,,,0,0.022216713,38.28303,0.97778326
data\processed\bfw\asian\n003223\0185_01.jpg,data\processed\bfw\asian\n006736\0068_01.jpg,n003223,n006736,asian,asian,males,females,,,0,0.061534233,39.744625,0.9384658
data\processed\bfw\asian\n000873\0344_01.jpg,data\processed\bfw\asian\n006344\0431_07.jpg,n000873,n006344,asian,asian,males,females,,,0,0.018532103,35.177513,0.9814679
data\processed\bfw\asian\n003027\0210_01.jpg,data\processed\bfw\asian\n003027\0501_01.jpg,n003027,n003027,asian,asian,males,males,,,1,0.5139273,31.599339,0.48607272
data\processed\bfw\asian\n003489\0271_01.jpg,data\processed\bfw\asian\n004221\0216_01.jpg,n003489,n004221,asian,asian,males,males,,,0,0.07539965,41.37827,0.92460036
data\processed\bfw\asian\n000158\0005_05.jpg,data\processed\bfw\asian\n000158\0012_01.jpg,n000158,n000158,asian,asian,males,males,,,1,0.61871386,28.93928,0.38128614
data\processed\bfw\asian\n005177\0013_01.jpg,data\processed\bfw\asian\n006125\0414_01.jpg,n005177,n006125,asian,asian,males,females,,,0,0.06337539,41.640186,0.9366246
data\processed\bfw\asian\n000158\0013_01.jpg,data\processed\bfw\asian\n000158\0199_03.jpg,n000158,n000158,asian,asian,males,males,,,1,0.62732095,30.059584,0.37267905
data\processed\bfw\asian\n003506\0307_01.jpg,data\processed\bfw\asian\n003506\0347_01.jpg,n003506,n003506,asian,asian,females,females,,,1,0.34864944,31.940912,0.65135056
data\processed\bfw\asian\n002775\0137_04.jpg,data\processed\bfw\asian\n007089\0133_01.jpg,n002775,n007089,asian,asian,males,females,,,0,-0.11823301,45.119682,1.118233
data\processed\bfw\asian\n003481\0770_01.jpg,data\processed\bfw\asian\n004785\0082_01.jpg,n003481,n004785,asian,asian,females,females,,,0,0.17510189,36.26775,0.8248981
data\processed\bfw\asian\n003167\0028_02.jpg,data\processed\bfw\asian\n005085\0032_01.jpg,n003167,n005085,asian,asian,males,females,,,0,-0.069244795,45.336163,1.0692447
data\processed\bfw\asian\n006418\0386_01.jpg,data\processed\bfw\asian\n005083\0358_01.jpg,n006418,n005083,asian,asian,females,females,,,0,-0.043828998,34.731796,1.043829
data\processed\bfw\asian\n003482\0284_06.jpg,data\processed\bfw\asian\n003482\0672_03.jpg,n003482,n003482,asian,asian,males,males,,,1,0.24896881,40.22904,0.75103116
data\processed\bfw\asian\n001572\0115_01.jpg,data\processed\bfw\asian\n001572\0164_01.jpg,n001572,n001572,asian,asian,females,females,,,1,0.20313078,35.4853,0.7968692
data\processed\bfw\asian\n007816\0322_02.jpg,data\processed\bfw\asian\n007816\0329_01.jpg,n007816,n007816,asian,asian,females,females,,,1,0.31026155,30.859802,0.68973845
data\processed\bfw\asian\n008383\0268_01.jpg,data\processed\bfw\asian\n003482\0059_01.jpg,n008383,n003482,asian,asian,females,males,,,0,-0.010840974,40.54614,1.010841
data\processed\bfw\asian\n003491\0194_02.jpg,data\processed\bfw\asian\n000138\0395_01.jpg,n003491,n000138,asian,asian,males,females,,,0,-0.05093738,40.768173,1.0509374
data\processed\bfw\asian\n004549\0168_05.jpg,data\processed\bfw\asian\n004864\0179_01.jpg,n004549,n004864,asian,asian,females,females,,,0,0.2569508,31.583323,0.7430492
data\processed\bfw\asian\n000135\0035_01.jpg,data\processed\bfw\asian\n000132\0110_01__face_0.jpg,n000135,n000132,asian,asian,females,males,,,0,0.01345711,38.059643,0.9865429
data\processed\bfw\asian\n003482\0155_05.jpg,data\processed\bfw\asian\n003482\0408_02.jpg,n003482,n003482,asian,asian,males,males,,,1,0.117243595,37.984722,0.8827564
data\processed\bfw\asian\n007814\0291_01.jpg,data\processed\bfw\asian\n007814\0652_01.jpg,n007814,n007814,asian,asian,females,females,,,1,0.34832343,32.195534,0.65167654
data\processed\bfw\asian\n006633\0036_02.jpg,data\processed\bfw\asian\n000138\0003_01.jpg,n006633,n000138,asian,asian,females,females,,,0,-0.1484771,41.10967,1.1484771
data\processed\bfw\asian\n003491\0033_01.jpg,data\processed\bfw\asian\n003491\0131_03.jpg,n003491,n003491,asian,asian,males,males,,,1,0.3611612,34.013443,0.63883877
data\processed\bfw\asian\n003482\0044_02.jpg,data\processed\bfw\asian\n003482\0716_02.jpg,n003482,n003482,asian,asian,males,males,,,1,0.42978293,33.119595,0.5702171
data\processed\bfw\asian\n009277\0043_01.jpg,data\processed\bfw\asian\n009277\0178_01.jpg,n009277,n009277,asian,asian,females,females,,,1,0.4094604,27.031439,0.5905396
data\processed\bfw\asian\n004786\0241_02.jpg,data\processed\bfw\asian\n004786\0856_02.jpg,n004786,n004786,asian,asian,females,females,,,1,0.031237695,36.734955,0.9687623
data\processed\bfw\asian\n006619\0034_01.jpg,data\processed\bfw\asian\n006619\0333_01.jpg,n006619,n006619,asian,asian,females,females,,,1,0.27153134,30.306194,0.72846866
data\processed\bfw\asian\n004877\0472_01.jpg,data\processed\bfw\asian\n009287\0256_04.jpg,n004877,n009287,asian,asian,females,females,,,0,-0.08192975,48.350883,1.0819298
data\processed\bfw\asian\n006203\0724_01.jpg,data\processed\bfw\asian\n004864\0588_04.jpg,n006203,n004864,asian,asian,females,females,,,0,0.13941287,34.390244,0.8605871
data\processed\bfw\asian\n006619\0405_01.jpg,data\processed\bfw\asian\n003162\0508_01.jpg,n006619,n003162,asian,asian,females,males,,,0,-0.03764432,42.80735,1.0376443
data\processed\bfw\asian\n009175\0073_01.jpg,data\processed\bfw\asian\n009175\0077_01.jpg,n009175,n009175,asian,asian,females,females,,,1,0.44086614,33.621086,0.5591339
data\processed\bfw\asian\n003506\0342_01.jpg,data\processed\bfw\asian\n003506\0367_01.jpg,n003506,n003506,asian,asian,females,females,,,1,0.35086462,28.560793,0.64913535
data\processed\bfw\asian\n006223\0148_01.jpg,data\processed\bfw\asian\n005446\0118_01.jpg,n006223,n005446,asian,asian,females,females,,,0,0.13939765,36.23318,0.8606024
data\processed\bfw\asian\n006148\0102_02.jpg,data\processed\bfw\asian\n000838\0463_01.jpg,n006148,n000838,asian,asian,females,females,,,0,-0.004493949,45.211338,1.004494
data\processed\bfw\asian\n000839\0480_03.jpg,data\processed\bfw\asian\n001572\0120_01.jpg,n000839,n001572,asian,asian,females,females,,,0,0.061842594,33.507465,0.9381574
data\processed\bfw\asian\n000839\0168_01.jpg,data\processed\bfw\asian\n003358\0316_01.jpg,n000839,n003358,asian,asian,females,females,,,0,0.038885295,33.258774,0.9611147
data\processed\bfw\asian\n006344\0350_01.jpg,data\processed\bfw\asian\n006344\0557_01.jpg,n006344,n006344,asian,asian,females,females,,,1,0.17028663,33.12068,0.82971334
data\processed\bfw\asian\n004935\0123_01.jpg,data\processed\bfw\asian\n004686\0433_01.jpg,n004935,n004686,asian,asian,males,males,,,0,0.26185417,30.596287,0.7381458
data\processed\bfw\asian\n003449\0101_01.jpg,data\processed\bfw\asian\n003449\0194_01.jpg,n003449,n003449,asian,asian,females,females,,,1,0.30567297,31.59106,0.694327
data\processed\bfw\asian\n008401\0166_01.jpg,data\processed\bfw\asian\n008401\0377_01.jpg,n008401,n008401,asian,asian,females,females,,,1,0.30180058,32.581383,0.6981994
data\processed\bfw\asian\n004860\0097_01.jpg,data\processed\bfw\asian\n004860\0178_01.jpg,n004860,n004860,asian,asian,females,females,,,1,0.1518147,32.214664,0.8481853
data\processed\bfw\asian\n002509\0040_01.jpg,data\processed\bfw\asian\n002509\0046_01.jpg,n002509,n002509,asian,asian,females,females,,,1,0.5640883,24.836893,0.43591172
data\processed\bfw\asian\n004870\0098_01.jpg,data\processed\bfw\asian\n000160\0150_01.jpg,n004870,n000160,asian,asian,females,females,,,0,-0.082026064,39.234333,1.082026
data\processed\bfw\asian\n003506\0319_01.jpg,data\processed\bfw\asian\n009041\0018_01.jpg,n003506,n009041,asian,asian,females,females,,,0,0.1874801,36.449043,0.8125199
data\processed\bfw\asian\n006633\0298_01.jpg,data\processed\bfw\asian\n009277\0360_01.jpg,n006633,n009277,asian,asian,females,females,,,0,-0.018854816,40.274002,1.0188549
data\processed\bfw\asian\n000143\0693_01.jpg,data\processed\bfw\asian\n005078\0202_01.jpg,n000143,n005078,asian,asian,females,males,,,0,-0.012613818,43.169346,1.0126138
data\processed\bfw\asian\n002775\0166_02.jpg,data\processed\bfw\asian\n002775\0305_01.jpg,n002775,n002775,asian,asian,males,males,,,1,0.35897285,34.5478,0.64102715
data\processed\bfw\asian\n000839\0081_01.jpg,data\processed\bfw\asian\n000839\0295_01.jpg,n000839,n000839,asian,asian,females,females,,,1,0.35352728,31.857573,0.6464727
data\processed\bfw\asian\n000148\0016_01.jpg,data\processed\bfw\asian\n003467\0217_01.jpg,n000148,n003467,asian,asian,females,females,,,0,-0.024603477,34.861336,1.0246035
data\processed\bfw\asian\n003824\0122_01.jpg,data\processed\bfw\asian\n003155\0261_01.jpg,n003824,n003155,asian,asian,females,males,,,0,0.026027473,39.55959,0.9739725
data\processed\bfw\asian\n004791\0253_01.jpg,data\processed\bfw\asian\n002725\0086_01.jpg,n004791,n002725,asian,asian,males,females,,,0,0.21283656,36.123096,0.78716344
data\processed\bfw\asian\n006159\0011_01.jpg,data\processed\bfw\asian\n002552\0223_01.jpg,n006159,n002552,asian,asian,females,males,,,0,0.14163767,43.33338,0.8583623
data\processed\bfw\asian\n000158\0667_01.jpg,data\processed\bfw\asian\n004466\0038_03.jpg,n000158,n004466,asian,asian,males,males,,,0,-0.01796812,44.239212,1.0179682
data\processed\bfw\asian\n006418\0071_04.jpg,data\processed\bfw\asian\n009041\0080_02.jpg,n006418,n009041,asian,asian,females,females,,,0,0.14469907,41.03918,0.8553009
data\processed\bfw\asian\n004687\0087_01.jpg,data\processed\bfw\asian\n004687\0216_01.jpg,n004687,n004687,asian,asian,females,females,,,1,0.3885293,27.542643,0.6114707
data\processed\bfw\asian\n006358\0085_04.jpg,data\processed\bfw\asian\n000160\0150_01.jpg,n006358,n000160,asian,asian,females,females,,,0,-0.039702408,38.65818,1.0397024
data\processed\bfw\asian\n007378\0036_01.jpg,data\processed\bfw\asian\n003482\0284_06.jpg,n007378,n003482,asian,asian,females,males,,,0,-0.073383614,43.49762,1.0733836
data\processed\bfw\asian\n006149\0005_01.jpg,data\processed\bfw\asian\n006149\0060_01.jpg,n006149,n006149,asian,asian,females,females,,,1,0.6187339,21.885366,0.38126612
data\processed\bfw\asian\n005446\0185_01.jpg,data\processed\bfw\asian\n005446\0265_01.jpg,n005446,n005446,asian,asian,females,females,,,1,0.24504524,33.93415,0.75495476
data\processed\bfw\asian\n007372\0112_05.jpg,data\processed\bfw\asian\n004221\0196_05.jpg,n007372,n004221,asian,asian,females,males,,,0,0.051871944,43.10188,0.94812804
data\processed\bfw\asian\n003027\0117_02.jpg,data\processed\bfw\asian\n003027\0166_01.jpg,n003027,n003027,asian,asian,males,males,,,1,0.7055328,25.295168,0.2944672
data\processed\bfw\asian\n007380\0334_01.jpg,data\processed\bfw\asian\n005474\0210_02.jpg,n007380,n005474,asian,asian,females,females,,,0,0.21334669,33.830368,0.7866533
data\processed\bfw\asian\n008163\0010_01.jpg,data\processed\bfw\asian\n008163\0276_01.jpg,n008163,n008163,asian,asian,females,females,,,1,0.32745606,32.558765,0.67254394
data\processed\bfw\asian\n004860\0107_01.jpg,data\processed\bfw\asian\n001496\0622_01.jpg,n004860,n001496,asian,asian,females,males,,,0,-0.031034697,42.836975,1.0310347
data\processed\bfw\asian\n006774\0029_04.jpg,data\processed\bfw\asian\n006774\0080_01.jpg,n006774,n006774,asian,asian,females,females,,,1,0.31822535,34.62399,0.6817746
data\processed\bfw\asian\n004467\0004_01.jpg,data\processed\bfw\asian\n004467\0221_02.jpg,n004467,n004467,asian,asian,males,males,,,1,0.37063184,30.4998,0.6293682
data\processed\bfw\asian\n004877\0145_01.jpg,data\processed\bfw\asian\n004805\0289_01.jpg,n004877,n004805,asian,asian,females,males,,,0,0.026361521,35.91711,0.9736385
data\processed\bfw\asian\n006223\0519_01.jpg,data\processed\bfw\asian\n001572\0091_01.jpg,n006223,n001572,asian,asian,females,females,,,0,0.07864499,34.72656,0.921355
data\processed\bfw\asian\n004466\0238_01.jpg,data\processed\bfw\asian\n004466\0321_01.jpg,n004466,n004466,asian,asian,males,males,,,1,0.12964351,32.657036,0.8703565
data\processed\bfw\asian\n009278\0172_01.jpg,data\processed\bfw\asian\n004870\0610_03.jpg,n009278,n004870,asian,asian,females,females,,,0,0.18194924,35.52648,0.81805074
data\processed\bfw\asian\n000854\0166_03.jpg,data\processed\bfw\asian\n000854\0354_01.jpg,n000854,n000854,asian,asian,females,females,,,1,0.22250998,35.925507,0.77749
data\processed\bfw\asian\n004472\0699_01.jpg,data\processed\bfw\asian\n003449\0072_01.jpg,n004472,n003449,asian,asian,females,females,,,0,0.12658633,35.68536,0.8734137
data\processed\bfw\asian\n007378\0289_01.jpg,data\processed\bfw\asian\n006223\0122_01.jpg,n007378,n006223,asian,asian,females,females,,,0,0.104032874,30.337128,0.8959671
data\processed\bfw\asian\n003288\0234_01.jpg,data\processed\bfw\asian\n003288\0562_01.jpg,n003288,n003288,asian,asian,females,females,,,1,0.16724327,33.162395,0.83275676
data\processed\bfw\asian\n005071\0589_02.jpg,data\processed\bfw\asian\n005177\0155_01.jpg,n005071,n005177,asian,asian,males,males,,,0,0.116130896,40.056705,0.8838691
data\processed\bfw\asian\n006736\0121_03.jpg,data\processed\bfw\asian\n000158\0224_01.jpg,n006736,n000158,asian,asian,females,males,,,0,0.13719124,40.90415,0.86280876
data\processed\bfw\asian\n004680\0158_01.jpg,data\processed\bfw\asian\n006125\0185_01.jpg,n004680,n006125,asian,asian,females,females,,,0,0.21521543,38.648514,0.78478456
data\processed\bfw\asian\n004785\0139_01.jpg,data\processed\bfw\asian\n004785\0603_01.jpg,n004785,n004785,asian,asian,females,females,,,1,0.2439997,36.335915,0.7560003
data\processed\bfw\asian\n001864\0038_01.jpg,data\processed\bfw\asian\n009288\0172_01.jpg,n001864,n009288,asian,asian,males,females,,,0,0.08021643,42.86603,0.9197836
data\processed\bfw\asian\n004681\0366_01.jpg,data\processed\bfw\asian\n002552\0532_01.jpg,n004681,n002552,asian,asian,males,males,,,0,0.06820413,39.77208,0.9317959
data\processed\bfw\asian\n009148\0054_01.jpg,data\processed\bfw\asian\n009148\0063_01.jpg,n009148,n009148,asian,asian,females,females,,,1,0.39354944,32.65192,0.60645056
data\processed\bfw\asian\n003506\0347_01.jpg,data\processed\bfw\asian\n003506\0627_01.jpg,n003506,n003506,asian,asian,females,females,,,1,0.5119626,26.901384,0.4880374
data\processed\bfw\asian\n002775\0812_02.jpg,data\processed\bfw\asian\n009137\0492_01.jpg,n002775,n009137,asian,asian,males,females,,,0,0.01158905,39.137333,0.98841095
data\processed\bfw\asian\n000009\0040_01.jpg,data\processed\bfw\asian\n000009\0356_06.jpg,n000009,n000009,asian,asian,females,females,,,1,0.40122086,28.689144,0.59877914
data\processed\bfw\asian\n000158\0260_01.jpg,data\processed\bfw\asian\n000158\0658_01.jpg,n000158,n000158,asian,asian,males,males,,,1,0.3260708,38.290066,0.6739292
data\processed\bfw\asian\n008383\0126_02.jpg,data\processed\bfw\asian\n003824\0130_02.jpg,n008383,n003824,asian,asian,females,females,,,0,0.030637724,40.127285,0.96936226
data\processed\bfw\asian\n006633\0195_02.jpg,data\processed\bfw\asian\n003354\0029_01.jpg,n006633,n003354,asian,asian,females,females,,,0,0.16642196,38.58937,0.83357805
data\processed\bfw\asian\n003533\0019_01.jpg,data\processed\bfw\asian\n003533\0045_01.jpg,n003533,n003533,asian,asian,males,males,,,1,0.48975104,30.867529,0.51024896
data\processed\bfw\asian\n000143\0081_01.jpg,data\processed\bfw\asian\n000143\0122_01.jpg,n000143,n000143,asian,asian,females,females,,,1,0.30313846,27.912678,0.6968615
data\processed\bfw\asian\n003162\0118_01.jpg,data\processed\bfw\asian\n009278\0068_01.jpg,n003162,n009278,asian,asian,males,females,,,0,0.116541035,41.80033,0.883459
data\processed\bfw\asian\n004472\0045_02.jpg,data\processed\bfw\asian\n004472\0141_01.jpg,n004472,n004472,asian,asian,females,females,,,1,0.43260416,26.362175,0.5673958
data\processed\bfw\asian\n005116\0191_01.jpg,data\processed\bfw\asian\n002509\0040_01.jpg,n005116,n002509,asian,asian,males,females,,,0,0.048303418,38.786327,0.9516966
data\processed\bfw\asian\n003482\0022_01.jpg,data\processed\bfw\asian\n003482\0155_05.jpg,n003482,n003482,asian,asian,males,males,,,1,0.2263922,37.374966,0.7736078
data\processed\bfw\asian\n003027\0384_01.jpg,data\processed\bfw\asian\n000132\0707_01__face_0.jpg,n003027,n000132,asian,asian,males,males,,,0,-0.05881969,44.73044,1.0588197
data\processed\bfw\asian\n002644\0116_01.jpg,data\processed\bfw\asian\n002644\0557_01.jpg,n002644,n002644,asian,asian,males,males,,,1,0.41299856,28.231504,0.58700144
data\processed\bfw\asian\n000132\0225_03__face_0.jpg,data\processed\bfw\asian\n003288\0300_01.jpg,n000132,n003288,asian,asian,males,females,,,0,-0.09606198,40.629925,1.096062
data\processed\bfw\asian\n003506\0136_02.jpg,data\processed\bfw\asian\n000840\0012_01.jpg,n003506,n000840,asian,asian,females,females,,,0,0.11910715,32.87101,0.8808929
data\processed\bfw\asian\n007270\0066_01.jpg,data\processed\bfw\asian\n007270\0375_01.jpg,n007270,n007270,asian,asian,females,females,,,1,0.27347472,32.48518,0.7265253
data\processed\bfw\asian\n004935\0688_01.jpg,data\processed\bfw\asian\n004860\0097_01.jpg,n004935,n004860,asian,asian,males,females,,,0,-0.0019312621,38.169136,1.0019313
data\processed\bfw\asian\n003155\1054_06.jpg,data\processed\bfw\asian\n004809\0051_03.jpg,n003155,n004809,asian,asian,males,males,,,0,0.0908222,42.530502,0.9091778
data\processed\bfw\asian\n000856\0008_01.jpg,data\processed\bfw\asian\n000856\0075_01.jpg,n000856,n000856,asian,asian,females,females,,,1,0.41503647,28.752626,0.58496356
data\processed\bfw\asian\n003288\0120_01.jpg,data\processed\bfw\asian\n003288\0562_01.jpg,n003288,n003288,asian,asian,females,females,,,1,-0.005178381,35.028553,1.0051783
data\processed\bfw\asian\n000854\0275_01.jpg,data\processed\bfw\asian\n000854\0338_01.jpg,n000854,n000854,asian,asian,females,females,,,1,0.26991713,32.85275,0.73008287
data\processed\bfw\asian\n005071\0589_02.jpg,data\processed\bfw\asian\n004472\0093_01.jpg,n005071,n004472,asian,asian,males,females,,,0,0.050766453,39.10988,0.94923353
data\processed\bfw\asian\n003533\0052_01.jpg,data\processed\bfw\asian\n009175\0007_01.jpg,n003533,n009175,asian,asian,males,females,,,0,-0.019317942,47.865433,1.019318
data\processed\bfw\asian\n003223\0258_03.jpg,data\processed\bfw\asian\n003223\0291_01.jpg,n003223,n003223,asian,asian,males,males,,,1,0.37333444,29.081598,0.6266656
data\processed\bfw\asian\n006222\0103_01.jpg,data\processed\bfw\asian\n004864\0229_01.jpg,n006222,n004864,asian,asian,females,females,,,0,0.23833841,33.558697,0.7616616
data\processed\bfw\asian\n006149\0096_01.jpg,data\processed\bfw\asian\n000139\0311_01.jpg,n006149,n000139,asian,asian,females,females,,,0,0.16308431,36.13499,0.8369157
data\processed\bfw\asian\n004800\0315_01.jpg,data\processed\bfw\asian\n004800\0419_04.jpg,n004800,n004800,asian,asian,males,males,,,1,0.11993418,35.752163,0.8800658
data\processed\bfw\asian\n004794\0015_05.jpg,data\processed\bfw\asian\n004794\0079_01.jpg,n004794,n004794,asian,asian,males,males,,,1,0.3673759,31.138742,0.6326241
data\processed\bfw\asian\n003506\0041_01.jpg,data\processed\bfw\asian\n004948\0034_01.jpg,n003506,n004948,asian,asian,females,males,,,0,0.023388872,37.073166,0.97661114
data\processed\bfw\asian\n004948\0440_01.jpg,data\processed\bfw\asian\n009177\0232_01.jpg,n004948,n009177,asian,asian,males,females,,,0,-0.12824298,39.25881,1.128243
data\processed\bfw\asian\n001864\0171_01.jpg,data\processed\bfw\asian\n001864\0281_01.jpg,n001864,n001864,asian,asian,males,males,,,1,0.23926707,35.26526,0.76073295
data\processed\bfw\asian\n000139\0065_01.jpg,data\processed\bfw\asian\n009275\0455_01.jpg,n000139,n009275,asian,asian,females,females,,,0,0.008319737,41.118755,0.99168026
data\processed\bfw\asian\n007814\0048_01.jpg,data\processed\bfw\asian\n007814\0227_01.jpg,n007814,n007814,asian,asian,females,females,,,1,0.30700168,31.17866,0.6929983
data\processed\bfw\asian\n000873\0257_02.jpg,data\processed\bfw\asian\n004681\0016_01.jpg,n000873,n004681,asian,asian,males,males,,,0,0.090736404,39.75931,0.9092636
data\processed\bfw\asian\n000009\0010_01.jpg,data\processed\bfw\asian\n003167\0001_02.jpg,n000009,n003167,asian,asian,females,males,,,0,0.033803377,37.825947,0.9661966
data\processed\bfw\asian\n002406\0165_03.jpg,data\processed\bfw\asian\n002406\0176_01.jpg,n002406,n002406,asian,asian,males,males,,,1,0.08527247,36.605892,0.9147275
data\processed\bfw\asian\n000132\0693_01__face_0.jpg,data\processed\bfw\asian\n000132\0707_01__face_0.jpg,n000132,n000132,asian,asian,males,males,,,1,0.3287362,33.948627,0.6712638
data\processed\bfw\asian\n003467\0188_03.jpg,data\processed\bfw\asian\n005083\0198_01.jpg,n003467,n005083,asian,asian,females,females,,,0,0.050535448,34.705776,0.94946456
data\processed\bfw\asian\n009294\0222_01.jpg,data\processed\bfw\asian\n005378\0092_01.jpg,n009294,n005378,asian,asian,females,females,,,0,-0.13694982,42.165222,1.1369498
data\processed\bfw\asian\n001682\0127_01.jpg,data\processed\bfw\asian\n006149\0260_01.jpg,n001682,n006149,asian,asian,males,females,,,0,0.038634263,39.87034,0.96136576
data\processed\bfw\asian\n003162\0191_01.jpg,data\processed\bfw\asian\n003162\0350_02.jpg,n003162,n003162,asian,asian,males,males,,,1,0.36263406,35.860146,0.63736594
data\processed\bfw\asian\n001562\0081_01.jpg,data\processed\bfw\asian\n001562\0207_01.jpg,n001562,n001562,asian,asian,males,males,,,1,0.3450233,35.440407,0.6549767
data\processed\bfw\asian\n002725\0295_01.jpg,data\processed\bfw\asian\n002725\0452_04.jpg,n002725,n002725,asian,asian,females,females,,,1,0.42269784,31.62977,0.57730216
data\processed\bfw\asian\n004681\0101_01.jpg,data\processed\bfw\asian\n003635\0648_02.jpg,n004681,n003635,asian,asian,males,males,,,0,0.049567983,39.657047,0.950432
data\processed\bfw\asian\n006633\0124_06.jpg,data\processed\bfw\asian\n000837\0144_01.jpg,n006633,n000837,asian,asian,females,females,,,0,0.041784044,40.4097,0.95821595
data\processed\bfw\asian\n003156\0487_01.jpg,data\processed\bfw\asian\n003156\0684_01.jpg,n003156,n003156,asian,asian,males,males,,,1,0.27777013,33.30328,0.72222984
data\processed\bfw\asian\n003354\0036_01.jpg,data\processed\bfw\asian\n003354\0136_01.jpg,n003354,n003354,asian,asian,females,females,,,1,0.5853427,29.707613,0.4146573
data\processed\bfw\asian\n003463\0179_02.jpg,data\processed\bfw\asian\n003491\0019_01.jpg,n003463,n003491,asian,asian,males,males,,,0,-0.032177646,42.31106,1.0321777
data\processed\bfw\asian\n000856\0098_01.jpg,data\processed\bfw\asian\n006148\0040_01.jpg,n000856,n006148,asian,asian,females,females,,,0,-0.05248687,37.272964,1.0524869
data\processed\bfw\asian\n004791\0190_01.jpg,data\processed\bfw\asian\n004791\0197_01.jpg,n004791,n004791,asian,asian,males,males,,,1,0.3335844,32.126926,0.6664156
data\processed\bfw\asian\n006159\0083_01.jpg,data\processed\bfw\asian\n006159\0379_01.jpg,n006159,n006159,asian,asian,females,females,,,1,0.38501424,35.56627,0.61498576
data\processed\bfw\asian\n009175\0020_01.jpg,data\processed\bfw\asian\n009175\0090_01.jpg,n009175,n009175,asian,asian,females,females,,,1,0.24868965,34.93768,0.75131035
data\processed\bfw\asian\n001864\0105_01.jpg,data\processed\bfw\asian\n000873\0176_01.jpg,n001864,n000873,asian,asian,males,males,,,0,0.052311733,39.439907,0.9476883
data\processed\bfw\asian\n004680\0158_01.jpg,data\processed\bfw\asian\n003288\0051_01.jpg,n004680,n003288,asian,asian,females,females,,,0,0.17274173,34.30429,0.8272583
data\processed\bfw\asian\n004864\0004_01.jpg,data\processed\bfw\asian\n004864\0059_01.jpg,n004864,n004864,asian,asian,females,females,,,1,0.52021414,25.90782,0.47978586
data\processed\bfw\asian\n000143\0045_05.jpg,data\processed\bfw\asian\n008163\0034_04.jpg,n000143,n008163,asian,asian,females,females,,,0,0.039473593,41.470818,0.9605264
data\processed\bfw\asian\n003489\0051_03.jpg,data\processed\bfw\asian\n004791\0440_01.jpg,n003489,n004791,asian,asian,males,males,,,0,0.2553997,36.45567,0.7446003
data\processed\bfw\asian\n005083\0133_01.jpg,data\processed\bfw\asian\n005083\0252_01.jpg,n005083,n005083,asian,asian,females,females,,,1,0.23653556,31.873281,0.76346445
data\processed\bfw\asian\n006148\0014_03.jpg,data\processed\bfw\asian\n006148\0344_01.jpg,n006148,n006148,asian,asian,females,females,,,1,0.12503004,33.92506,0.87496996
data\processed\bfw\asian\n003465\0333_02.jpg,data\processed\bfw\asian\n005216\0059_01.jpg,n003465,n005216,asian,asian,males,females,,,0,-0.05556444,38.658695,1.0555644
data\processed\bfw\asian\n004935\0030_01.jpg,data\processed\bfw\asian\n000138\0153_02.jpg,n004935,n000138,asian,asian,males,females,,,0,-0.049934626,40.446655,1.0499346
data\processed\bfw\asian\n000873\0138_01.jpg,data\processed\bfw\asian\n004800\0366_01.jpg,n000873,n004800,asian,asian,males,males,,,0,0.13213722,40.114902,0.86786276
data\processed\bfw\asian\n005116\0228_03.jpg,data\processed\bfw\asian\n004221\0190_03.jpg,n005116,n004221,asian,asian,males,males,,,0,0.026495611,43.224533,0.97350436
data\processed\bfw\asian\n009137\0182_02.jpg,data\processed\bfw\asian\n009137\0264_01.jpg,n009137,n009137,asian,asian,females,females,,,1,0.5185013,25.636978,0.48149872
data\processed\bfw\asian\n004800\0139_02.jpg,data\processed\bfw\asian\n004800\0184_01.jpg,n004800,n004800,asian,asian,males,males,,,1,0.26719007,30.507187,0.7328099
data\processed\bfw\asian\n000139\0311_01.jpg,data\processed\bfw\asian\n009042\0048_01.jpg,n000139,n009042,asian,asian,females,females,,,0,0.044281173,39.998695,0.9557188
data\processed\bfw\asian\n004864\0059_01.jpg,data\processed\bfw\asian\n006149\0139_02.jpg,n004864,n006149,asian,asian,females,females,,,0,0.07560287,37.41908,0.9243971
data\processed\bfw\asian\n000873\0085_02.jpg,data\processed\bfw\asian\n000873\0105_01.jpg,n000873,n000873,asian,asian,males,males,,,1,0.48897406,30.433483,0.5110259
data\processed\bfw\asian\n000160\0105_01.jpg,data\processed\bfw\asian\n000160\0430_01.jpg,n000160,n000160,asian,asian,females,females,,,1,0.31918657,29.648718,0.68081343
data\processed\bfw\asian\n009294\0111_02.jpg,data\processed\bfw\asian\n009294\0279_02.jpg,n009294,n009294,asian,asian,females,females,,,1,0.49948496,34.264294,0.50051504
data\processed\bfw\asian\n005474\0003_01.jpg,data\processed\bfw\asian\n002406\0126_01.jpg,n005474,n002406,asian,asian,females,males,,,0,0.096288465,34.59809,0.90371156
data\processed\bfw\asian\n008148\0008_02.jpg,data\processed\bfw\asian\n008148\0195_01.jpg,n008148,n008148,asian,asian,females,females,,,1,0.47014943,25.170584,0.5298506
data\processed\bfw\asian\n007270\0605_01.jpg,data\processed\bfw\asian\n003463\0097_02.jpg,n007270,n003463,asian,asian,females,males,,,0,0.099462494,36.23736,0.9005375
data\processed\bfw\asian\n001562\0081_01.jpg,data\processed\bfw\asian\n001562\0341_01.jpg,n001562,n001562,asian,asian,males,males,,,1,0.49547285,30.60156,0.50452715
data\processed\bfw\asian\n002775\0088_02.jpg,data\processed\bfw\asian\n002775\0812_02.jpg,n002775,n002775,asian,asian,males,males,,,1,0.5643143,29.373251,0.4356857
data\processed\bfw\asian\n007270\0155_01.jpg,data\processed\bfw\asian\n001976\0458_02.jpg,n007270,n001976,asian,asian,females,males,,,0,0.15845089,37.151424,0.8415491
data\processed\bfw\asian\n004860\0052_01.jpg,data\processed\bfw\asian\n003489\0020_01.jpg,n004860,n003489,asian,asian,females,males,,,0,0.012493854,38.832504,0.98750615
data\processed\bfw\asian\n000839\0197_01.jpg,data\processed\bfw\asian\n009276\0332_01.jpg,n000839,n009276,asian,asian,females,females,,,0,0.19546717,35.563644,0.8045328
data\processed\bfw\asian\n000143\0019_01.jpg,data\processed\bfw\asian\n005378\0176_01.jpg,n000143,n005378,asian,asian,females,females,,,0,0.18171164,35.411766,0.8182883
data\processed\bfw\asian\n004109\0070_01.jpg,data\processed\bfw\asian\n004687\0497_01.jpg,n004109,n004687,asian,asian,males,females,,,0,-0.03811704,38.43882,1.038117
data\processed\bfw\asian\n004467\0228_01.jpg,data\processed\bfw\asian\n004725\0147_01.jpg,n004467,n004725,asian,asian,males,males,,,0,-0.12902592,47.392723,1.1290259
data\processed\bfw\asian\n003482\0044_02.jpg,data\processed\bfw\asian\n003482\0102_02.jpg,n003482,n003482,asian,asian,males,males,,,1,0.289511,38.648167,0.71048903
data\processed\bfw\asian\n006203\0109_03.jpg,data\processed\bfw\asian\n003482\0408_02.jpg,n006203,n003482,asian,asian,females,males,,,0,0.07162492,44.343533,0.92837507
data\processed\bfw\asian\n000137\0059_01.jpg,data\processed\bfw\asian\n007816\0279_01.jpg,n000137,n007816,asian,asian,females,females,,,0,0.080617405,37.584175,0.9193826
data\processed\bfw\asian\n003557\0574_01.jpg,data\processed\bfw\asian\n003533\0616_01.jpg,n003557,n003533,asian,asian,females,males,,,0,0.1461109,37.581238,0.8538891
data\processed\bfw\asian\n004794\0015_01.jpg,data\processed\bfw\asian\n000148\0390_01.jpg,n004794,n000148,asian,asian,males,females,,,0,0.1646995,37.978672,0.8353005
data\processed\bfw\asian\n009177\0248_02.jpg,data\processed\bfw\asian\n004721\0125_01.jpg,n009177,n004721,asian,asian,females,males,,,0,0.032973666,41.571396,0.96702635
data\processed\bfw\asian\n001682\0143_02.jpg,data\processed\bfw\asian\n001682\0172_02.jpg,n001682,n001682,asian,asian,males,males,,,1,0.2105172,39.934456,0.78948283
data\processed\bfw\asian\n004870\0007_01.jpg,data\processed\bfw\asian\n004870\0094_04.jpg,n004870,n004870,asian,asian,females,females,,,1,0.11794255,34.966934,0.8820574
data\processed\bfw\asian\n003027\0098_01.jpg,data\processed\bfw\asian\n007378\0019_01.jpg,n003027,n007378,asian,asian,males,females,,,0,0.23293786,36.473484,0.7670621
data\processed\bfw\asian\n004860\0018_02.jpg,data\processed\bfw\asian\n006222\0312_01.jpg,n004860,n006222,asian,asian,females,females,,,0,-0.015484156,40.269794,1.0154842
data\processed\bfw\asian\n004680\0180_01.jpg,data\processed\bfw\asian\n001572\0326_01.jpg,n004680,n001572,asian,asian,females,females,,,0,0.40215072,30.590942,0.59784925
data\processed\bfw\asian\n007270\0197_01.jpg,data\processed\bfw\asian\n007270\0434_01.jpg,n007270,n007270,asian,asian,females,females,,,1,0.41040382,27.99079,0.58959615
data\processed\bfw\asian\n006418\0377_02.jpg,data\processed\bfw\asian\n003533\0050_01.jpg,n006418,n003533,asian,asian,females,males,,,0,0.017975394,43.367928,0.9820246
data\processed\bfw\asian\n005063\0421_03.jpg,data\processed\bfw\asian\n005063\0577_01.jpg,n005063,n005063,asian,asian,females,females,,,1,0.43371388,35.334164,0.5662861
data\processed\bfw\asian\n008401\0397_01.jpg,data\processed\bfw\asian\n008401\0560_01.jpg,n008401,n008401,asian,asian,females,females,,,1,0.32170287,30.35312,0.67829716
data\processed\bfw\asian\n002644\0123_02.jpg,data\processed\bfw\asian\n002644\0208_01.jpg,n002644,n002644,asian,asian,males,males,,,1,0.43322253,30.108025,0.56677747
data\processed\bfw\asian\n007089\0162_01.jpg,data\processed\bfw\asian\n007089\0432_04.jpg,n007089,n007089,asian,asian,females,females,,,1,0.2812319,32.11467,0.7187681
data\processed\bfw\asian\n009279\0265_01.jpg,data\processed\bfw\asian\n003155\0135_01.jpg,n009279,n003155,asian,asian,females,males,,,0,0.1682727,36.747597,0.83172727
data\processed\bfw\asian\n003465\0116_01.jpg,data\processed\bfw\asian\n003465\0580_03.jpg,n003465,n003465,asian,asian,males,males,,,1,0.5497328,28.4732,0.4502672
data\processed\bfw\asian\n001562\0009_02.jpg,data\processed\bfw\asian\n001562\0137_01.jpg,n001562,n001562,asian,asian,males,males,,,1,0.45305562,30.560184,0.5469444
data\processed\bfw\asian\n003155\0362_03.jpg,data\processed\bfw\asian\n003155\0994_03.jpg,n003155,n003155,asian,asian,males,males,,,1,0.15475832,43.49721,0.84524167
data\processed\bfw\asian\n007378\0146_03.jpg,data\processed\bfw\asian\n007378\0289_01.jpg,n007378,n007378,asian,asian,females,females,,,1,0.30049917,29.98033,0.6995008
data\processed\bfw\asian\n003162\0191_01.jpg,data\processed\bfw\asian\n003162\0278_01.jpg,n003162,n003162,asian,asian,males,males,,,1,0.39741346,35.02567,0.6025865
data\processed\bfw\asian\n002320\0013_03.jpg,data\processed\bfw\asian\n002320\0137_02.jpg,n002320,n002320,asian,asian,males,males,,,1,0.2016037,32.712112,0.7983963
data\processed\bfw\asian\n004681\0133_01.jpg,data\processed\bfw\asian\n004681\0366_01.jpg,n004681,n004681,asian,asian,males,males,,,1,0.036288977,40.76789,0.963711
data\processed\bfw\asian\n008934\0353_01.jpg,data\processed\bfw\asian\n006633\0489_03.jpg,n008934,n006633,asian,asian,females,females,,,0,-0.09669259,42.0404,1.0966926
data\processed\bfw\asian\n003156\0666_01.jpg,data\processed\bfw\asian\n009137\0182_02.jpg,n003156,n009137,asian,asian,males,females,,,0,-0.11212811,41.27717,1.1121281
data\processed\bfw\asian\n003463\0097_02.jpg,data\processed\bfw\asian\n007738\0219_02.jpg,n003463,n007738,asian,asian,males,females,,,0,0.12324463,36.15417,0.87675536
data\processed\bfw\asian\n001682\0142_01.jpg,data\processed\bfw\asian\n005216\0133_01.jpg,n001682,n005216,asian,asian,males,females,,,0,-0.038268037,40.161526,1.0382681
data\processed\bfw\asian\n008401\0097_02.jpg,data\processed\bfw\asian\n008401\0297_01.jpg,n008401,n008401,asian,asian,females,females,,,1,0.49975604,29.772894,0.50024396
data\processed\bfw\asian\n005474\0183_02.jpg,data\processed\bfw\asian\n005474\0298_05.jpg,n005474,n005474,asian,asian,females,females,,,1,0.15098059,37.313923,0.8490194
data\processed\bfw\asian\n007385\0056_07.jpg,data\processed\bfw\asian\n008934\0630_01.jpg,n007385,n008934,asian,asian,females,females,,,0,0.07097577,36.751396,0.9290242
data\processed\bfw\asian\n009042\0059_01.jpg,data\processed\bfw\asian\n009042\0122_03.jpg,n009042,n009042,asian,asian,females,females,,,1,0.037408438,44.01671,0.9625916
data\processed\bfw\asian\n004809\0356_01.jpg,data\processed\bfw\asian\n005085\0666_02.jpg,n004809,n005085,asian,asian,males,females,,,0,0.09662911,36.91655,0.90337086
data\processed\bfw\asian\n004469\0083_02.jpg,data\processed\bfw\asian\n004469\0851_02.jpg,n004469,n004469,asian,asian,males,males,,,1,0.52421397,32.901962,0.47578603
data\processed\bfw\asian\n004809\0220_03.jpg,data\processed\bfw\asian\n009175\0090_01.jpg,n004809,n009175,asian,asian,males,females,,,0,0.07468442,37.178146,0.92531556
data\processed\bfw\asian\n005077\0063_01.jpg,data\processed\bfw\asian\n005077\0073_01.jpg,n005077,n005077,asian,asian,females,females,,,1,0.5536712,24.50271,0.44632882
data\processed\bfw\asian\n006619\0368_01.jpg,data\processed\bfw\asian\n006619\0417_01.jpg,n006619,n006619,asian,asian,females,females,,,1,0.3673316,30.419712,0.6326684
data\processed\bfw\asian\n003467\0055_01.jpg,data\processed\bfw\asian\n003467\0111_02.jpg,n003467,n003467,asian,asian,females,females,,,1,0.27254182,32.14483,0.7274582
data\processed\bfw\asian\n000132\0114_06__face_0.jpg,data\processed\bfw\asian\n004785\0493_01.jpg,n000132,n004785,asian,asian,males,females,,,0,0.025395954,37.325348,0.97460407
data\processed\bfw\asian\n000838\0129_01.jpg,data\processed\bfw\asian\n000838\0166_01.jpg,n000838,n000838,asian,asian,females,females,,,1,0.38739637,29.8916,0.61260366
data\processed\bfw\asian\n000160\0127_01.jpg,data\processed\bfw\asian\n000160\0350_01.jpg,n000160,n000160,asian,asian,females,females,,,1,0.08932474,31.461338,0.9106753
data\processed\bfw\asian\n007816\0375_01.jpg,data\processed\bfw\asian\n007385\0193_01.jpg,n007816,n007385,asian,asian,females,females,,,0,0.13136432,33.12375,0.86863565
data\processed\bfw\asian\n005077\0079_01.jpg,data\processed\bfw\asian\n008934\0039_01.jpg,n005077,n008934,asian,asian,females,females,,,0,0.24490994,31.420372,0.75509006
data\processed\bfw\asian\n000436\0161_02.jpg,data\processed\bfw\asian\n003824\0160_01.jpg,n000436,n003824,asian,asian,males,females,,,0,-0.09281969,45.1199,1.0928197
data\processed\bfw\asian\n000854\0262_01.jpg,data\processed\bfw\asian\n004469\0168_01.jpg,n000854,n004469,asian,asian,females,males,,,0,0.12983228,38.377518,0.87016773
data\processed\bfw\asian\n006358\0076_01.jpg,data\processed\bfw\asian\n000436\0035_01.jpg,n006358,n000436,asian,asian,females,males,,,0,0.0035507446,44.990894,0.99644923
data\processed\bfw\asian\n006222\0177_02.jpg,data\processed\bfw\asian\n000009\0063_01.jpg,n006222,n000009,asian,asian,females,females,,,0,-0.0068982705,40.405228,1.0068983
data\processed\bfw\asian\n000854\0282_01.jpg,data\processed\bfw\asian\n000854\0461_01.jpg,n000854,n000854,asian,asian,females,females,,,1,-0.008349767,43.398422,1.0083498
data\processed\bfw\asian\n003489\0051_03.jpg,data\processed\bfw\asian\n003506\0367_01.jpg,n003489,n003506,asian,asian,males,females,,,0,0.0022825226,38.14187,0.9977175
data\processed\bfw\asian\n008978\0030_01.jpg,data\processed\bfw\asian\n008978\0101_01.jpg,n008978,n008978,asian,asian,females,females,,,1,0.5791849,25.37066,0.4208151
data\processed\bfw\asian\n004472\0146_01.jpg,data\processed\bfw\asian\n004936\0304_02.jpg,n004472,n004936,asian,asian,females,females,,,0,0.0018427427,38.385185,0.99815726
data\processed\bfw\asian\n000436\0662_02.jpg,data\processed\bfw\asian\n000436\0675_01.jpg,n000436,n000436,asian,asian,males,males,,,1,0.42440188,31.150723,0.5755981
data\processed\bfw\asian\n000132\0238_02__face_0.jpg,data\processed\bfw\asian\n004935\0351_01.jpg,n000132,n004935,asian,asian,males,males,,,0,0.11553143,39.21241,0.88446856
data\processed\bfw\asian\n000856\0053_01.jpg,data\processed\bfw\asian\n000856\0075_01.jpg,n000856,n000856,asian,asian,females,females,,,1,0.3078905,33.38138,0.69210947
data\processed\bfw\asian\n002725\0298_01.jpg,data\processed\bfw\asian\n002725\0329_03.jpg,n002725,n002725,asian,asian,females,females,,,1,0.27108863,35.09138,0.7289114
data\processed\bfw\asian\n007378\0479_01.jpg,data\processed\bfw\asian\n005446\0361_01.jpg,n007378,n005446,asian,asian,females,females,,,0,0.25987804,29.963472,0.74012196
data\processed\bfw\asian\n006223\0172_01.jpg,data\processed\bfw\asian\n008934\0128_01.jpg,n006223,n008934,asian,asian,females,females,,,0,-0.197077,44.431786,1.197077
data\processed\bfw\asian\n004466\0102_01.jpg,data\processed\bfw\asian\n003358\0306_01.jpg,n004466,n003358,asian,asian,males,females,,,0,0.015884968,36.636547,0.984115
data\processed\bfw\asian\n009294\0111_02.jpg,data\processed\bfw\asian\n006358\0055_02.jpg,n009294,n006358,asian,asian,females,females,,,0,-0.0060372264,43.582718,1.0060372
data\processed\bfw\asian\n003167\0562_01.jpg,data\processed\bfw\asian\n004687\0058_01.jpg,n003167,n004687,asian,asian,males,females,,,0,-0.035433102,39.16922,1.035433
data\processed\bfw\asian\n003491\0011_01.jpg,data\processed\bfw\asian\n003491\0017_01.jpg,n003491,n003491,asian,asian,males,males,,,1,0.56595194,29.562996,0.43404806
data\processed\bfw\asian\n004809\0026_01.jpg,data\processed\bfw\asian\n004809\0208_01.jpg,n004809,n004809,asian,asian,males,males,,,1,0.2702563,33.84851,0.7297437
data\processed\bfw\asian\n009148\0033_01.jpg,data\processed\bfw\asian\n009148\0039_05.jpg,n009148,n009148,asian,asian,females,females,,,1,0.31776997,34.570324,0.68223
data\processed\bfw\asian\n009137\0057_01.jpg,data\processed\bfw\asian\n009137\0160_01.jpg,n009137,n009137,asian,asian,females,females,,,1,0.44577467,25.951073,0.5542253
data\processed\bfw\asian\n002775\0133_01.jpg,data\processed\bfw\asian\n002775\0818_07.jpg,n002775,n002775,asian,asian,males,males,,,1,0.44508803,33.23267,0.554912
data\processed\bfw\asian\n000854\0249_01.jpg,data\processed\bfw\asian\n000854\0275_01.jpg,n000854,n000854,asian,asian,females,females,,,1,0.17537457,35.621006,0.82462543
data\processed\bfw\asian\n002406\0113_01.jpg,data\processed\bfw\asian\n002406\0176_01.jpg,n002406,n002406,asian,asian,males,males,,,1,0.4241921,31.011402,0.5758079
data\processed\bfw\asian\n009276\0036_01.jpg,data\processed\bfw\asian\n009042\0020_01.jpg,n009276,n009042,asian,asian,females,females,,,0,0.02588886,40.545345,0.97411114
data\processed\bfw\asian\n003155\0029_01.jpg,data\processed\bfw\asian\n000148\0390_01.jpg,n003155,n000148,asian,asian,males,females,,,0,0.18603085,40.449696,0.81396914
data\processed\bfw\asian\n007378\0113_01.jpg,data\processed\bfw\asian\n003358\0702_01.jpg,n007378,n003358,asian,asian,females,females,,,0,0.15024188,34.01513,0.84975815
data\processed\bfw\asian\n004948\0016_01.jpg,data\processed\bfw\asian\n004948\0057_01.jpg,n004948,n004948,asian,asian,males,males,,,1,0.36177433,33.890892,0.6382257
data\processed\bfw\asian\n004687\0199_03.jpg,data\processed\bfw\asian\n006344\0557_01.jpg,n004687,n006344,asian,asian,females,females,,,0,0.102624334,37.251675,0.89737564
data\processed\bfw\asian\n006203\0045_01.jpg,data\processed\bfw\asian\n006203\0724_01.jpg,n006203,n006203,asian,asian,females,females,,,1,0.4391135,25.098614,0.5608865
data\processed\bfw\asian\n006774\0268_01.jpg,data\processed\bfw\asian\n006774\0430_02.jpg,n006774,n006774,asian,asian,females,females,,,1,-0.008120901,37.70957,1.0081209
data\processed\bfw\asian\n003449\0164_01.jpg,data\processed\bfw\asian\n003449\0418_01.jpg,n003449,n003449,asian,asian,females,females,,,1,0.07632383,39.65315,0.9236762
data\processed\bfw\asian\n002331\0317_02.jpg,data\processed\bfw\asian\n003481\0202_01.jpg,n002331,n003481,asian,asian,males,females,,,0,0.075082675,37.063034,0.92491734
data\processed\bfw\asian\n003481\0055_01.jpg,data\processed\bfw\asian\n002406\0148_01.jpg,n003481,n002406,asian,asian,females,males,,,0,0.03112361,37.39738,0.96887636
data\processed\bfw\asian\n000436\0035_01.jpg,data\processed\bfw\asian\n000436\0560_01.jpg,n000436,n000436,asian,asian,males,males,,,1,0.09635459,38.075985,0.9036454
data\processed\bfw\asian\n000872\0227_01.jpg,data\processed\bfw\asian\n007372\0238_01.jpg,n000872,n007372,asian,asian,males,females,,,0,0.037481353,34.55489,0.96251863
data\processed\bfw\asian\n009103\0220_01.jpg,data\processed\bfw\asian\n009103\0657_02.jpg,n009103,n009103,asian,asian,females,females,,,1,0.41456932,28.18607,0.5854307
data\processed\bfw\asian\n009137\0001_01.jpg,data\processed\bfw\asian\n009137\0163_02.jpg,n009137,n009137,asian,asian,females,females,,,1,-0.008850211,37.781082,1.0088502
data\processed\bfw\asian\n003153\0251_01.jpg,data\processed\bfw\asian\n003153\0315_02.jpg,n003153,n003153,asian,asian,females,females,,,1,0.390853,29.009714,0.609147
data\processed\bfw\asian\n003167\0081_01.jpg,data\processed\bfw\asian\n003167\0183_01.jpg,n003167,n003167,asian,asian,males,males,,,1,0.26732063,34.6977,0.73267937
data\processed\bfw\asian\n003354\0058_01.jpg,data\processed\bfw\asian\n004681\0131_04.jpg,n003354,n004681,asian,asian,females,males,,,0,0.09503578,38.3482,0.9049642
data\processed\bfw\asian\n009125\0041_01.jpg,data\processed\bfw\asian\n009125\0186_02.jpg,n009125,n009125,asian,asian,females,females,,,1,0.51027495,28.591908,0.48972505
data\processed\bfw\asian\n000138\0259_01.jpg,data\processed\bfw\asian\n000138\0493_01.jpg,n000138,n000138,asian,asian,females,females,,,1,0.12862276,37.89455,0.8713772
data\processed\bfw\asian\n004935\0238_01.jpg,data\processed\bfw\asian\n004930\0103_01.jpg,n004935,n004930,asian,asian,males,females,,,0,-0.012976619,38.51843,1.0129766
data\processed\bfw\asian\n001864\0039_02.jpg,data\processed\bfw\asian\n001864\0283_01.jpg,n001864,n001864,asian,asian,males,males,,,1,0.3896616,31.691519,0.6103384
data\processed\bfw\asian\n005071\0114_03.jpg,data\processed\bfw\asian\n005071\0280_01.jpg,n005071,n005071,asian,asian,males,males,,,1,0.13063389,37.117237,0.8693661
data\processed\bfw\asian\n009294\0018_02.jpg,data\processed\bfw\asian\n009294\0222_01.jpg,n009294,n009294,asian,asian,females,females,,,1,0.39888787,33.86067,0.6011121
data\processed\bfw\asian\n005077\0073_01.jpg,data\processed\bfw\asian\n003288\0495_01.jpg,n005077,n003288,asian,asian,females,females,,,0,0.08689043,34.132633,0.91310954
data\processed\bfw\asian\n009276\0317_01.jpg,data\processed\bfw\asian\n009276\0374_01.jpg,n009276,n009276,asian,asian,females,females,,,1,0.022160022,41.783203,0.97784
data\processed\bfw\asian\n005085\0224_01.jpg,data\processed\bfw\asian\n005085\0679_01.jpg,n005085,n005085,asian,asian,females,females,,,1,0.27117598,31.944286,0.728824
data\processed\bfw\asian\n008401\0053_01.jpg,data\processed\bfw\asian\n005069\0417_01.jpg,n008401,n005069,asian,asian,females,females,,,0,0.0021104738,39.9884,0.9978895
data\processed\bfw\asian\n009175\0043_01.jpg,data\processed\bfw\asian\n009175\0070_01.jpg,n009175,n009175,asian,asian,females,females,,,1,0.48348734,29.052599,0.51651263
data\processed\bfw\asian\n006203\0085_03.jpg,data\processed\bfw\asian\n006203\0148_04.jpg,n006203,n006203,asian,asian,females,females,,,1,0.17988545,33.357315,0.82011455
data\processed\bfw\asian\n005085\0061_01.jpg,data\processed\bfw\asian\n003358\0080_01.jpg,n005085,n003358,asian,asian,females,females,,,0,-0.038118433,38.653114,1.0381185
data\processed\bfw\asian\n000854\0060_01.jpg,data\processed\bfw\asian\n006633\0165_01.jpg,n000854,n006633,asian,asian,females,females,,,0,-0.028843904,38.873783,1.0288439
data\processed\bfw\asian\n008934\0645_01.jpg,data\processed\bfw\asian\n004805\0357_01.jpg,n008934,n004805,asian,asian,females,males,,,0,0.106907375,36.099438,0.89309263
data\processed\bfw\asian\n000132\0234_01__face_0.jpg,data\processed\bfw\asian\n000132\0332_01__face_0.jpg,n000132,n000132,asian,asian,males,males,,,1,0.14302431,38.787796,0.8569757
data\processed\bfw\asian\n004221\0187_01.jpg,data\processed\bfw\asian\n006774\0156_01.jpg,n004221,n006774,asian,asian,males,females,,,0,0.009502649,40.00342,0.99049735
data\processed\bfw\asian\n002552\0375_01.jpg,data\processed\bfw\asian\n002552\0532_01.jpg,n002552,n002552,asian,asian,males,males,,,1,-0.004615309,37.63688,1.0046153
data\processed\bfw\asian\n004221\0226_06.jpg,data\processed\bfw\asian\n003027\0230_01.jpg,n004221,n003027,asian,asian,males,males,,,0,-0.056956574,46.618015,1.0569565
data\processed\bfw\asian\n003824\0270_01.jpg,data\processed\bfw\asian\n002331\0243_01.jpg,n003824,n002331,asian,asian,females,males,,,0,-0.07494365,43.95139,1.0749437
data\processed\bfw\asian\n005071\0055_02.jpg,data\processed\bfw\asian\n005071\0114_03.jpg,n005071,n005071,asian,asian,males,males,,,1,0.55930585,28.231867,0.44069415
data\processed\bfw\asian\n000139\0298_01.jpg,data\processed\bfw\asian\n008383\0090_01.jpg,n000139,n008383,asian,asian,females,females,,,0,-0.007099434,38.399822,1.0070994
data\processed\bfw\asian\n005072\0001_03.jpg,data\processed\bfw\asian\n005072\0350_01.jpg,n005072,n005072,asian,asian,males,males,,,1,0.33120736,34.82841,0.6687926
data\processed\bfw\asian\n007816\0329_01.jpg,data\processed\bfw\asian\n007816\0832_01.jpg,n007816,n007816,asian,asian,females,females,,,1,0.33045903,32.204323,0.669541
data\processed\bfw\asian\n009275\0162_01.jpg,data\processed\bfw\asian\n009275\0299_01.jpg,n009275,n009275,asian,asian,females,females,,,1,0.49991134,23.441168,0.5000887
data\processed\bfw\asian\n006634\0032_01.jpg,data\processed\bfw\asian\n006634\0434_01.jpg,n006634,n006634,asian,asian,females,females,,,1,0.11534554,35.474213,0.88465446
data\processed\bfw\asian\n000160\0285_03.jpg,data\processed\bfw\asian\n003465\0461_03.jpg,n000160,n003465,asian,asian,females,males,,,0,-0.00052536087,41.6078,1.0005254
data\processed\bfw\asian\n000872\0026_03.jpg,data\processed\bfw\asian\n000872\0085_01.jpg,n000872,n000872,asian,asian,males,males,,,1,0.4223573,31.183212,0.5776427
data\processed\bfw\asian\n009177\0626_01.jpg,data\processed\bfw\asian\n004930\0044_01.jpg,n009177,n004930,asian,asian,females,females,,,0,0.15876648,33.844845,0.8412335
data\processed\bfw\asian\n000158\0161_01.jpg,data\processed\bfw\asian\n000158\0658_01.jpg,n000158,n000158,asian,asian,males,males,,,1,0.6571225,28.460358,0.3428775
data\processed\bfw\asian\n003463\0179_02.jpg,data\processed\bfw\asian\n003463\0485_01.jpg,n003463,n003463,asian,asian,males,males,,,1,0.28350437,32.42319,0.71649563
data\processed\bfw\asian\n009103\0217_02.jpg,data\processed\bfw\asian\n009103\0265_03.jpg,n009103,n009103,asian,asian,females,females,,,1,0.43458056,29.08566,0.56541944
data\processed\bfw\asian\n002509\0013_01.jpg,data\processed\bfw\asian\n002509\0432_01.jpg,n002509,n002509,asian,asian,females,females,,,1,0.06999227,34.47782,0.93000776
data\processed\bfw\asian\n004787\0657_03.jpg,data\processed\bfw\asian\n004787\0679_05.jpg,n004787,n004787,asian,asian,females,females,,,1,0.43308815,30.832346,0.5669118
data\processed\bfw\asian\n002509\0023_01.jpg,data\processed\bfw\asian\n002509\0046_01.jpg,n002509,n002509,asian,asian,females,females,,,1,0.4084049,27.916967,0.5915951
data\processed\bfw\asian\n005446\0265_01.jpg,data\processed\bfw\asian\n005446\0473_01.jpg,n005446,n005446,asian,asian,females,females,,,1,0.3038855,32.26645,0.69611454
data\processed\bfw\asian\n004472\0258_01.jpg,data\processed\bfw\asian\n004472\0391_02.jpg,n004472,n004472,asian,asian,females,females,,,1,0.15498424,35.045254,0.84501576
data\processed\bfw\asian\n004785\0169_01.jpg,data\processed\bfw\asian\n006159\0183_01.jpg,n004785,n006159,asian,asian,females,females,,,0,0.060235873,43.23113,0.93976414
data\processed\bfw\asian\n003506\0136_01.jpg,data\processed\bfw\asian\n003506\0162_01.jpg,n003506,n003506,asian,asian,females,females,,,1,0.4772082,27.706064,0.5227918
data\processed\bfw\asian\n009278\0093_01.jpg,data\processed\bfw\asian\n009103\0657_02.jpg,n009278,n009103,asian,asian,females,females,,,0,0.06403332,37.33594,0.9359667
data\processed\bfw\asian\n009276\0079_01.jpg,data\processed\bfw\asian\n009276\0172_02.jpg,n009276,n009276,asian,asian,females,females,,,1,0.09308721,38.561287,0.9069128
data\processed\bfw\asian\n005072\0258_01.jpg,data\processed\bfw\asian\n005072\0350_01.jpg,n005072,n005072,asian,asian,males,males,,,1,0.072018206,42.14192,0.9279818
data\processed\bfw\asian\n003288\0093_01.jpg,data\processed\bfw\asian\n003288\0579_02.jpg,n003288,n003288,asian,asian,females,females,,,1,0.33763382,31.998537,0.66236615
data\processed\bfw\asian\n009041\0553_01.jpg,data\processed\bfw\asian\n001562\0092_02.jpg,n009041,n001562,asian,asian,females,males,,,0,0.0032110624,46.067806,0.9967889
data\processed\bfw\asian\n000837\0085_01.jpg,data\processed\bfw\asian\n003533\0172_01.jpg,n000837,n003533,asian,asian,females,males,,,0,0.039784502,38.62287,0.9602155
data\processed\bfw\asian\n007899\0077_01.jpg,data\processed\bfw\asian\n000148\0390_01.jpg,n007899,n000148,asian,asian,females,females,,,0,0.017841885,40.302795,0.9821581
data\processed\bfw\asian\n006344\0314_01.jpg,data\processed\bfw\asian\n008401\0399_01.jpg,n006344,n008401,asian,asian,females,females,,,0,0.052858036,34.46079,0.94714195
data\processed\bfw\asian\n001682\0074_01.jpg,data\processed\bfw\asian\n000009\0081_01.jpg,n001682,n000009,asian,asian,males,females,,,0,-0.015205681,45.29843,1.0152056
data\processed\bfw\asian\n003155\0309_02.jpg,data\processed\bfw\asian\n000139\0016_01.jpg,n003155,n000139,asian,asian,males,females,,,0,0.019650554,45.727345,0.9803494
data\processed\bfw\asian\n000160\0075_01.jpg,data\processed\bfw\asian\n003162\0508_01.jpg,n000160,n003162,asian,asian,females,males,,,0,-0.15244626,45.68507,1.1524463
data\processed\bfw\asian\n005063\0373_01.jpg,data\processed\bfw\asian\n002331\0153_01.jpg,n005063,n002331,asian,asian,females,males,,,0,-0.042046823,39.113335,1.0420468
data\processed\bfw\asian\n003155\0025_02.jpg,data\processed\bfw\asian\n003155\0241_01.jpg,n003155,n003155,asian,asian,males,males,,,1,0.14227751,45.070675,0.8577225
data\processed\bfw\asian\n004794\0135_01.jpg,data\processed\bfw\asian\n004794\0241_01.jpg,n004794,n004794,asian,asian,males,males,,,1,0.29283014,34.262363,0.7071699
data\processed\bfw\asian\n004786\0088_03.jpg,data\processed\bfw\asian\n004786\0856_02.jpg,n004786,n004786,asian,asian,females,females,,,1,0.22016236,33.817123,0.7798376
data\processed\bfw\asian\n003463\0485_01.jpg,data\processed\bfw\asian\n005378\0255_01.jpg,n003463,n005378,asian,asian,males,females,,,0,0.09771628,35.03437,0.9022837
data\processed\bfw\asian\n004809\0229_01.jpg,data\processed\bfw\asian\n005474\0062_01.jpg,n004809,n005474,asian,asian,males,females,,,0,-0.042940617,39.73256,1.0429406
data\processed\bfw\asian\n003824\0019_01.jpg,data\processed\bfw\asian\n000840\0624_03.jpg,n003824,n000840,asian,asian,females,females,,,0,0.0298892,41.406036,0.9701108
data\processed\bfw\asian\n003533\0052_01.jpg,data\processed\bfw\asian\n003533\0101_02.jpg,n003533,n003533,asian,asian,males,males,,,1,-0.108449854,48.064243,1.1084498
data\processed\bfw\asian\n001864\0028_01.jpg,data\processed\bfw\asian\n001864\0171_01.jpg,n001864,n001864,asian,asian,males,males,,,1,0.09340558,37.96264,0.9065944
data\processed\bfw\asian\n003288\0495_01.jpg,data\processed\bfw\asian\n004805\0591_01.jpg,n003288,n004805,asian,asian,females,males,,,0,0.0116065405,32.62691,0.9883935
data\processed\bfw\asian\n002775\0812_02.jpg,data\processed\bfw\asian\n005116\0083_01.jpg,n002775,n005116,asian,asian,males,males,,,0,0.12758656,39.020016,0.87241346
data\processed\bfw\asian\n008978\0138_01.jpg,data\processed\bfw\asian\n004935\0716_01.jpg,n008978,n004935,asian,asian,females,males,,,0,0.12769315,36.208294,0.8723068
data\processed\bfw\asian\n004549\0022_01.jpg,data\processed\bfw\asian\n008383\0099_01.jpg,n004549,n008383,asian,asian,females,females,,,0,0.13670757,33.004887,0.86329246
data\processed\bfw\asian\n009041\0118_01.jpg,data\processed\bfw\asian\n009041\0560_01.jpg,n009041,n009041,asian,asian,females,females,,,1,0.5543474,27.45265,0.4456526
data\processed\bfw\asian\n000838\0247_01.jpg,data\processed\bfw\asian\n000838\0249_01.jpg,n000838,n000838,asian,asian,females,females,,,1,0.34800777,36.084667,0.6519922
data\processed\bfw\asian\n006619\0328_01.jpg,data\processed\bfw\asian\n006619\0333_01.jpg,n006619,n006619,asian,asian,females,females,,,1,0.2501717,33.13474,0.74982834
data\processed\bfw\asian\n003167\0274_01.jpg,data\processed\bfw\asian\n003167\0562_01.jpg,n003167,n003167,asian,asian,males,males,,,1,0.20478602,35.962887,0.795214
data\processed\bfw\asian\n006418\0235_01.jpg,data\processed\bfw\asian\n005077\0246_01.jpg,n006418,n005077,asian,asian,females,females,,,0,0.1229502,34.5164,0.8770498
data\processed\bfw\asian\n002775\0044_01.jpg,data\processed\bfw\asian\n002775\0066_04.jpg,n002775,n002775,asian,asian,males,males,,,1,0.3058222,36.401028,0.6941778
data\processed\bfw\asian\n006774\0029_04.jpg,data\processed\bfw\asian\n006774\0070_01.jpg,n006774,n006774,asian,asian,females,females,,,1,0.21233743,37.92767,0.78766257
data\processed\bfw\asian\n000161\0001_01.jpg,data\processed\bfw\asian\n009276\0106_05.jpg,n000161,n009276,asian,asian,males,females,,,0,-0.039789498,39.69772,1.0397894
data\processed\bfw\asian\n003153\0315_02.jpg,data\processed\bfw\asian\n003153\0633_01.jpg,n003153,n003153,asian,asian,females,females,,,1,0.3267482,31.51207,0.6732518
data\processed\bfw\asian\n007899\0002_01.jpg,data\processed\bfw\asian\n004687\0191_01.jpg,n007899,n004687,asian,asian,females,females,,,0,-0.075236276,37.86645,1.0752363
data\processed\bfw\asian\n006633\0262_02.jpg,data\processed\bfw\asian\n006633\0267_02.jpg,n006633,n006633,asian,asian,females,females,,,1,0.015403152,34.57886,0.98459685
data\processed\bfw\asian\n009278\0137_01.jpg,data\processed\bfw\asian\n006736\0058_01.jpg,n009278,n006736,asian,asian,females,females,,,0,0.057409935,36.52644,0.94259006
data\processed\bfw\asian\n007814\0337_01.jpg,data\processed\bfw\asian\n000135\0082_02.jpg,n007814,n000135,asian,asian,females,females,,,0,0.09328607,35.915817,0.90671396
data\processed\bfw\asian\n003463\0110_01.jpg,data\processed\bfw\asian\n003463\0223_02.jpg,n003463,n003463,asian,asian,males,males,,,1,0.5655033,29.219942,0.4344967
data\processed\bfw\asian\n003557\0206_01.jpg,data\processed\bfw\asian\n003557\0217_01.jpg,n003557,n003557,asian,asian,females,females,,,1,0.24056347,32.59997,0.75943655
data\processed\bfw\asian\n005216\0236_01.jpg,data\processed\bfw\asian\n004948\0341_01.jpg,n005216,n004948,asian,asian,females,males,,,0,0.2348448,31.026424,0.7651552
data\processed\bfw\asian\n002725\0007_03.jpg,data\processed\bfw\asian\n003358\0055_01.jpg,n002725,n003358,asian,asian,females,females,,,0,0.15685354,36.303062,0.84314644
data\processed\bfw\asian\n006222\0001_01.jpg,data\processed\bfw\asian\n003288\0118_01.jpg,n006222,n003288,asian,asian,females,females,,,0,0.18764699,33.850258,0.812353
data\processed\bfw\asian\n004877\0004_01.jpg,data\processed\bfw\asian\n004877\0084_01.jpg,n004877,n004877,asian,asian,females,females,,,1,0.36902797,30.788456,0.630972
data\processed\bfw\asian\n004877\0014_03.jpg,data\processed\bfw\asian\n004877\0441_01.jpg,n004877,n004877,asian,asian,females,females,,,1,0.21736304,34.649952,0.78263694
data\processed\bfw\asian\n005216\0212_02.jpg,data\processed\bfw\asian\n003481\0794_01.jpg,n005216,n003481,asian,asian,females,females,,,0,0.04295059,36.290966,0.9570494
data\processed\bfw\asian\n005216\0020_01.jpg,data\processed\bfw\asian\n005216\0059_01.jpg,n005216,n005216,asian,asian,females,females,,,1,0.11323011,37.947205,0.8867699
data\processed\bfw\asian\n008978\0064_01.jpg,data\processed\bfw\asian\n008978\0100_01.jpg,n008978,n008978,asian,asian,females,females,,,1,0.579187,24.55461,0.42081302
data\processed\bfw\asian\n002406\0148_01.jpg,data\processed\bfw\asian\n000138\0066_09.jpg,n002406,n000138,asian,asian,males,females,,,0,0.13163903,32.897293,0.868361
data\processed\bfw\asian\n005116\0086_01.jpg,data\processed\bfw\asian\n005116\0191_01.jpg,n005116,n005116,asian,asian,males,males,,,1,0.52149177,26.91146,0.47850823
data\processed\bfw\asian\n003449\0063_01.jpg,data\processed\bfw\asian\n006633\0299_01.jpg,n003449,n006633,asian,asian,females,females,,,0,0.080582835,37.234455,0.91941714
data\processed\bfw\asian\n000838\0447_02.jpg,data\processed\bfw\asian\n007372\0148_01.jpg,n000838,n007372,asian,asian,females,females,,,0,0.20576285,36.91887,0.79423714
data\processed\bfw\asian\n003465\0169_01.jpg,data\processed\bfw\asian\n003465\0333_02.jpg,n003465,n003465,asian,asian,males,males,,,1,0.27922478,33.328125,0.72077525
data\processed\bfw\asian\n003465\0161_02.jpg,data\processed\bfw\asian\n003027\0028_01.jpg,n003465,n003027,asian,asian,males,males,,,0,0.05689489,43.638798,0.9431051
data\processed\bfw\asian\n001562\0175_01.jpg,data\processed\bfw\asian\n004466\0003_01.jpg,n001562,n004466,asian,asian,males,males,,,0,0.068238825,38.934948,0.93176115
data\processed\bfw\asian\n000837\0032_02.jpg,data\processed\bfw\asian\n006358\0115_01.jpg,n000837,n006358,asian,asian,females,females,,,0,0.10869918,41.459522,0.8913008
data\processed\bfw\asian\n006126\0012_01.jpg,data\processed\bfw\asian\n003467\0112_01.jpg,n006126,n003467,asian,asian,females,females,,,0,-0.083530985,35.396126,1.083531
data\processed\bfw\asian\n004785\0082_01.jpg,data\processed\bfw\asian\n002725\0102_01.jpg,n004785,n002725,asian,asian,females,females,,,0,0.02247014,38.43295,0.9775299
data\processed\bfw\asian\n001864\0056_01.jpg,data\processed\bfw\asian\n001864\0092_01.jpg,n001864,n001864,asian,asian,males,males,,,1,0.4139873,31.637487,0.5860127
data\processed\bfw\asian\n004786\0173_01.jpg,data\processed\bfw\asian\n000160\0435_02.jpg,n004786,n000160,asian,asian,females,females,,,0,-0.15476984,40.86235,1.1547699
data\processed\bfw\asian\n006126\0207_01.jpg,data\processed\bfw\asian\n003481\0202_01.jpg,n006126,n003481,asian,asian,females,females,,,0,0.109240524,32.015057,0.89075947
data\processed\bfw\asian\n002406\0093_01.jpg,data\processed\bfw\asian\n009041\0056_01.jpg,n002406,n009041,asian,asian,males,females,,,0,0.004267525,42.6236,0.9957325
data\processed\bfw\asian\n009287\0034_01.jpg,data\processed\bfw\asian\n003223\0698_01.jpg,n009287,n003223,asian,asian,females,males,,,0,0.030515473,43.238823,0.9694845
data\processed\bfw\asian\n003449\0129_01.jpg,data\processed\bfw\asian\n001864\0039_02.jpg,n003449,n001864,asian,asian,females,males,,,0,0.110712744,40.77913,0.88928723
data\processed\bfw\asian\n005071\0630_01.jpg,data\processed\bfw\asian\n000009\0017_01.jpg,n005071,n000009,asian,asian,males,females,,,0,-0.13164486,41.64357,1.1316448
data\processed\bfw\asian\n006619\0087_01.jpg,data\processed\bfw\asian\n000160\0462_01.jpg,n006619,n000160,asian,asian,females,females,,,0,0.10221672,35.95342,0.8977833
data\processed\bfw\asian\n004680\0180_01.jpg,data\processed\bfw\asian\n000148\0390_01.jpg,n004680,n000148,asian,asian,females,females,,,0,-0.115428016,45.673138,1.115428
data\processed\bfw\asian\n000135\0031_01.jpg,data\processed\bfw\asian\n000135\0035_01.jpg,n000135,n000135,asian,asian,females,females,,,1,0.53622454,27.311659,0.46377546
data\processed\bfw\asian\n003288\0628_01.jpg,data\processed\bfw\asian\n007378\0031_01.jpg,n003288,n007378,asian,asian,females,females,,,0,0.25147098,30.478924,0.748529
data\processed\bfw\asian\n002725\0295_01.jpg,data\processed\bfw\asian\n002725\0486_03.jpg,n002725,n002725,asian,asian,females,females,,,1,0.26838684,33.75822,0.73161316
data\processed\bfw\asian\n006125\0041_01.jpg,data\processed\bfw\asian\n005216\0041_01.jpg,n006125,n005216,asian,asian,females,females,,,0,-0.00014808163,36.4518,1.000148
data\processed\bfw\asian\n003449\0164_01.jpg,data\processed\bfw\asian\n003449\0183_01.jpg,n003449,n003449,asian,asian,females,females,,,1,0.08461939,36.729626,0.9153806
data\processed\bfw\asian\n000139\0112_02.jpg,data\processed\bfw\asian\n000139\0300_03.jpg,n000139,n000139,asian,asian,females,females,,,1,0.23309246,40.539295,0.7669076
data\processed\bfw\asian\n009276\0101_02.jpg,data\processed\bfw\asian\n007380\0525_01.jpg,n009276,n007380,asian,asian,females,females,,,0,-0.016672337,41.18777,1.0166724
data\processed\bfw\asian\n005085\0285_01.jpg,data\processed\bfw\asian\n004877\0014_03.jpg,n005085,n004877,asian,asian,females,females,,,0,0.1254497,36.34623,0.8745503
data\processed\bfw\asian\n004467\0504_01.jpg,data\processed\bfw\asian\n000839\0233_01.jpg,n004467,n000839,asian,asian,males,females,,,0,-0.07551441,39.775887,1.0755144
data\processed\bfw\asian\n002775\0843_02.jpg,data\processed\bfw\asian\n000160\0075_01.jpg,n002775,n000160,asian,asian,males,females,,,0,-0.018566126,40.70497,1.0185661
data\processed\bfw\asian\n003162\0379_02.jpg,data\processed\bfw\asian\n004687\0295_01.jpg,n003162,n004687,asian,asian,males,females,,,0,-0.118758015,44.42706,1.118758
data\processed\bfw\asian\n000856\0070_01.jpg,data\processed\bfw\asian\n000856\0104_01.jpg,n000856,n000856,asian,asian,females,females,,,1,0.24766307,35.67125,0.7523369
data\processed\bfw\asian\n001976\0082_01.jpg,data\processed\bfw\asian\n003167\0028_02.jpg,n001976,n003167,asian,asian,males,males,,,0,-0.19298689,46.58265,1.1929868
data\processed\bfw\asian\n005085\0243_03.jpg,data\processed\bfw\asian\n000838\0447_02.jpg,n005085,n000838,asian,asian,females,females,,,0,-0.12433454,49.380997,1.1243346
data\processed\bfw\asian\n009278\0180_01.jpg,data\processed\bfw\asian\n004805\0083_01.jpg,n009278,n004805,asian,asian,females,males,,,0,-0.036223803,34.413887,1.0362238
data\processed\bfw\asian\n004935\0501_03.jpg,data\processed\bfw\asian\n004935\0688_01.jpg,n004935,n004935,asian,asian,males,males,,,1,-0.029604992,47.240204,1.029605
data\processed\bfw\asian\n009125\0172_01.jpg,data\processed\bfw\asian\n009125\0193_01.jpg,n009125,n009125,asian,asian,females,females,,,1,0.67501915,22.589003,0.32498085
data\processed\bfw\asian\n007378\0071_01.jpg,data\processed\bfw\asian\n007378\0113_01.jpg,n007378,n007378,asian,asian,females,females,,,1,0.39012197,28.225409,0.60987806
data\processed\bfw\asian\n004864\0242_01.jpg,data\processed\bfw\asian\n007738\0336_02.jpg,n004864,n007738,asian,asian,females,females,,,0,-0.011910444,38.709606,1.0119104
data\processed\bfw\asian\n000837\0233_03.jpg,data\processed\bfw\asian\n007378\0214_01.jpg,n000837,n007378,asian,asian,females,females,,,0,-0.07940923,39.991383,1.0794092
data\processed\bfw\asian\n005085\0069_01.jpg,data\processed\bfw\asian\n005085\0086_03.jpg,n005085,n005085,asian,asian,females,females,,,1,0.466682,27.78424,0.53331804
data\processed\bfw\asian\n002406\0208_07.jpg,data\processed\bfw\asian\n003358\0365_01.jpg,n002406,n003358,asian,asian,males,females,,,0,0.08457315,36.897038,0.91542685
data\processed\bfw\asian\n009278\0026_01.jpg,data\processed\bfw\asian\n009278\0049_02.jpg,n009278,n009278,asian,asian,females,females,,,1,0.45177472,28.20961,0.5482253
data\processed\bfw\asian\n005446\0037_01.jpg,data\processed\bfw\asian\n005446\0412_01.jpg,n005446,n005446,asian,asian,females,females,,,1,0.06854808,42.083763,0.9314519
data\processed\bfw\asian\n005446\0141_01.jpg,data\processed\bfw\asian\n003449\0197_01.jpg,n005446,n003449,asian,asian,females,females,,,0,0.039440118,35.186462,0.9605599
data\processed\bfw\asian\n001682\0251_02.jpg,data\processed\bfw\asian\n005069\0110_02.jpg,n001682,n005069,asian,asian,males,females,,,0,0.05498266,42.766407,0.94501734
data\processed\bfw\asian\n004870\0063_01.jpg,data\processed\bfw\asian\n004864\0229_01.jpg,n004870,n004864,asian,asian,females,females,,,0,-0.10495892,40.50552,1.1049589
data\processed\bfw\asian\n004467\0047_01.jpg,data\processed\bfw\asian\n003162\0459_01.jpg,n004467,n003162,asian,asian,males,males,,,0,-0.030567642,47.233364,1.0305676
data\processed\bfw\asian\n006224\0096_01.jpg,data\processed\bfw\asian\n008401\0137_01.jpg,n006224,n008401,asian,asian,females,females,,,0,0.026356108,40.35449,0.9736439
data\processed\bfw\asian\n005378\0176_01.jpg,data\processed\bfw\asian\n005378\0370_01.jpg,n005378,n005378,asian,asian,females,females,,,1,0.43010092,30.15,0.5698991
data\processed\bfw\asian\n000436\0123_01.jpg,data\processed\bfw\asian\n000436\0662_02.jpg,n000436,n000436,asian,asian,males,males,,,1,-0.04931189,42.357094,1.0493119
data\processed\bfw\asian\n001562\0165_02.jpg,data\processed\bfw\asian\n008163\0223_01.jpg,n001562,n008163,asian,asian,males,females,,,0,0.007723114,37.47319,0.9922769
data\processed\bfw\asian\n001562\0065_01.jpg,data\processed\bfw\asian\n003489\0220_01.jpg,n001562,n003489,asian,asian,males,males,,,0,0.07959536,41.442253,0.9204047
data\processed\bfw\asian\n009177\0363_01.jpg,data\processed\bfw\asian\n009177\0606_02.jpg,n009177,n009177,asian,asian,females,females,,,1,0.25699258,30.911474,0.7430074
data\processed\bfw\asian\n001562\0359_01.jpg,data\processed\bfw\asian\n000132\0693_01__face_0.jpg,n001562,n000132,asian,asian,males,males,,,0,0.07563019,42.013706,0.9243698
data\processed\bfw\asian\n006125\0059_01.jpg,data\processed\bfw\asian\n003162\0246_01.jpg,n006125,n003162,asian,asian,females,males,,,0,-0.09231217,45.17309,1.0923122
data\processed\bfw\asian\n000009\0010_01.jpg,data\processed\bfw\asian\n000009\0354_03.jpg,n000009,n000009,asian,asian,females,females,,,1,0.22585891,33.4139,0.7741411
data\processed\bfw\asian\n003162\0024_01.jpg,data\processed\bfw\asian\n003162\0330_01.jpg,n003162,n003162,asian,asian,males,males,,,1,0.49524558,32.402184,0.5047544
data\processed\bfw\asian\n000143\0272_01.jpg,data\processed\bfw\asian\n003167\0533_01.jpg,n000143,n003167,asian,asian,females,males,,,0,-0.09096072,45.171913,1.0909607
data\processed\bfw\asian\n000873\0051_01.jpg,data\processed\bfw\asian\n000873\0052_01.jpg,n000873,n000873,asian,asian,males,males,,,1,0.3435293,30.884935,0.65647066
data\processed\bfw\asian\n000138\0067_01.jpg,data\processed\bfw\asian\n000148\0229_01.jpg,n000138,n000148,asian,asian,females,females,,,0,0.19849868,31.631386,0.80150133
data\processed\bfw\asian\n001572\0092_01.jpg,data\processed\bfw\asian\n001572\0329_01.jpg,n001572,n001572,asian,asian,females,females,,,1,0.55437464,26.089884,0.44562536
data\processed\bfw\asian\n005078\0202_01.jpg,data\processed\bfw\asian\n005078\0295_03.jpg,n005078,n005078,asian,asian,males,males,,,1,0.022776233,44.9918,0.97722375
data\processed\bfw\asian\n002644\0298_01.jpg,data\processed\bfw\asian\n002644\0997_01.jpg,n002644,n002644,asian,asian,males,males,,,1,0.38385892,33.279064,0.6161411
data\processed\bfw\asian\n001496\0047_02.jpg,data\processed\bfw\asian\n001496\0076_01.jpg,n001496,n001496,asian,asian,males,males,,,1,0.24161679,40.83786,0.7583832
data\processed\bfw\asian\n003153\0397_02.jpg,data\processed\bfw\asian\n003153\0624_01.jpg,n003153,n003153,asian,asian,females,females,,,1,0.14520214,32.872765,0.85479784
data\processed\bfw\asian\n004864\0242_01.jpg,data\processed\bfw\asian\n003506\0371_01.jpg,n004864,n003506,asian,asian,females,females,,,0,0.1379107,36.218143,0.8620893
data\processed\bfw\asian\n009177\0011_01.jpg,data\processed\bfw\asian\n009177\0363_01.jpg,n009177,n009177,asian,asian,females,females,,,1,0.09532402,34.55375,0.90467596
data\processed\bfw\asian\n000872\0101_01.jpg,data\processed\bfw\asian\n000872\0306_01.jpg,n000872,n000872,asian,asian,males,males,,,1,0.30403328,36.864216,0.6959667
data\processed\bfw\asian\n003156\0084_01.jpg,data\processed\bfw\asian\n003156\0110_01.jpg,n003156,n003156,asian,asian,males,males,,,1,0.045246262,37.03975,0.95475376
data\processed\bfw\asian\n004870\0098_01.jpg,data\processed\bfw\asian\n009175\0070_01.jpg,n004870,n009175,asian,asian,females,females,,,0,0.10994816,36.78581,0.89005184
data\processed\bfw\asian\n007738\0059_01.jpg,data\processed\bfw\asian\n001562\0081_01.jpg,n007738,n001562,asian,asian,females,males,,,0,0.106349826,41.39246,0.8936502
data\processed\bfw\asian\n000856\0012_01.jpg,data\processed\bfw\asian\n007899\0082_01.jpg,n000856,n007899,asian,asian,females,females,,,0,-0.0816991,37.505623,1.0816991
data\processed\bfw\asian\n000132\0707_01__face_0.jpg,data\processed\bfw\asian\n002552\0481_01.jpg,n000132,n002552,asian,asian,males,males,,,0,-0.042150117,36.309868,1.0421501
data\processed\bfw\asian\n003467\0176_02.jpg,data\processed\bfw\asian\n003467\0400_03.jpg,n003467,n003467,asian,asian,females,females,,,1,0.2668702,32.45461,0.7331298
data\processed\bfw\asian\n006774\0062_01.jpg,data\processed\bfw\asian\n004791\0377_01.jpg,n006774,n004791,asian,asian,females,males,,,0,0.13267313,36.86507,0.86732686
data\processed\bfw\asian\n002552\0142_01.jpg,data\processed\bfw\asian\n009148\0168_01.jpg,n002552,n009148,asian,asian,males,females,,,0,0.13085261,35.194286,0.8691474
data\processed\bfw\asian\n003223\0034_05.jpg,data\processed\bfw\asian\n003223\0360_01.jpg,n003223,n003223,asian,asian,males,males,,,1,0.3350919,28.384504,0.6649081
data\processed\bfw\asian\n003557\0165_01.jpg,data\processed\bfw\asian\n000158\0211_05.jpg,n003557,n000158,asian,asian,females,males,,,0,0.0079008695,40.89191,0.9920991
data\processed\bfw\asian\n004725\0302_01.jpg,data\processed\bfw\asian\n007089\0033_01.jpg,n004725,n007089,asian,asian,males,females,,,0,0.013211983,45.922894,0.98678803
data\processed\bfw\asian\n007899\0071_01.jpg,data\processed\bfw\asian\n007899\0250_01.jpg,n007899,n007899,asian,asian,females,females,,,1,0.33080074,32.423893,0.6691992
data\processed\bfw\asian\n003467\0033_01.jpg,data\processed\bfw\asian\n003467\0176_02.jpg,n003467,n003467,asian,asian,females,females,,,1,0.12834458,36.61061,0.8716554
data\processed\bfw\asian\n003557\0165_01.jpg,data\processed\bfw\asian\n003557\0259_01.jpg,n003557,n003557,asian,asian,females,females,,,1,0.17260553,33.105854,0.8273945
data\processed\bfw\asian\n004469\0098_02.jpg,data\processed\bfw\asian\n004469\0168_01.jpg,n004469,n004469,asian,asian,males,males,,,1,0.480426,32.369858,0.519574
data\processed\bfw\asian\n007738\0239_01.jpg,data\processed\bfw\asian\n007738\0265_01.jpg,n007738,n007738,asian,asian,females,females,,,1,0.1732361,38.287712,0.82676387
data\processed\bfw\asian\n009276\0361_01.jpg,data\processed\bfw\asian\n009148\0087_01.jpg,n009276,n009148,asian,asian,females,females,,,0,0.16579342,37.718567,0.8342066
data\processed\bfw\asian\n003465\0158_01.jpg,data\processed\bfw\asian\n000143\0135_02.jpg,n003465,n000143,asian,asian,males,females,,,0,-0.052467186,41.422443,1.0524672
data\processed\bfw\asian\n002406\0093_01.jpg,data\processed\bfw\asian\n002406\0614_01.jpg,n002406,n002406,asian,asian,males,males,,,1,0.15281072,37.157265,0.8471893
data\processed\bfw\asian\n003027\0025_01.jpg,data\processed\bfw\asian\n005078\0278_01.jpg,n003027,n005078,asian,asian,males,males,,,0,0.17758721,39.505005,0.8224128
data\processed\bfw\asian\n007270\0370_01.jpg,data\processed\bfw\asian\n007270\0434_01.jpg,n007270,n007270,asian,asian,females,females,,,1,0.5136197,27.256632,0.48638028
data\processed\bfw\asian\n009103\0363_05.jpg,data\processed\bfw\asian\n009103\0421_01.jpg,n009103,n009103,asian,asian,females,females,,,1,0.041714795,38.319504,0.9582852
data\processed\bfw\asian\n009288\0101_01.jpg,data\processed\bfw\asian\n003449\0060_01.jpg,n009288,n003449,asian,asian,females,females,,,0,0.24652308,32.150917,0.7534769
data\processed\bfw\asian\n004108\0077_01.jpg,data\processed\bfw\asian\n004108\0529_01.jpg,n004108,n004108,asian,asian,males,males,,,1,0.30874348,30.790937,0.6912565
data\processed\bfw\asian\n005216\0046_01.jpg,data\processed\bfw\asian\n007816\0322_02.jpg,n005216,n007816,asian,asian,females,females,,,0,0.17609337,30.269363,0.82390666
data\processed\bfw\asian\n000161\0001_01.jpg,data\processed\bfw\asian\n000161\0175_05.jpg,n000161,n000161,asian,asian,males,males,,,1,0.5316267,33.792908,0.4683733
data\processed\bfw\asian\n006125\0081_01.jpg,data\processed\bfw\asian\n003463\0179_02.jpg,n006125,n003463,asian,asian,females,males,,,0,0.2737284,33.359776,0.7262716
data\processed\bfw\asian\n009294\0084_01.jpg,data\processed\bfw\asian\n009294\0258_01.jpg,n009294,n009294,asian,asian,females,females,,,1,0.1421681,38.223274,0.8578319
data\processed\bfw\asian\n007378\0112_03.jpg,data\processed\bfw\asian\n007378\0217_01.jpg,n007378,n007378,asian,asian,females,females,,,1,0.03659166,37.289173,0.96340835
data\processed\bfw\asian\n004469\0111_03.jpg,data\processed\bfw\asian\n008163\0276_01.jpg,n004469,n008163,asian,asian,males,females,,,0,-0.009589236,37.511517,1.0095892
data\processed\bfw\asian\n009125\0100_01.jpg,data\processed\bfw\asian\n009125\0116_02.jpg,n009125,n009125,asian,asian,females,females,,,1,0.43562758,30.112694,0.5643724
data\processed\bfw\asian\n002331\0054_02.jpg,data\processed\bfw\asian\n005069\0313_01.jpg,n002331,n005069,asian,asian,males,females,,,0,0.057564147,35.33351,0.94243586
data\processed\bfw\asian\n009041\0056_01.jpg,data\processed\bfw\asian\n009041\0080_02.jpg,n009041,n009041,asian,asian,females,females,,,1,0.47022173,34.226765,0.52977824
data\processed\bfw\asian\n006774\0039_01.jpg,data\processed\bfw\asian\n003533\0080_02.jpg,n006774,n003533,asian,asian,females,males,,,0,-0.08028393,43.802418,1.0802839
data\processed\bfw\asian\n000160\0127_01.jpg,data\processed\bfw\asian\n003489\0091_01.jpg,n000160,n003489,asian,asian,females,males,,,0,-0.10363847,39.6133,1.1036384
data\processed\bfw\asian\n005474\0005_01.jpg,data\processed\bfw\asian\n005474\0152_01.jpg,n005474,n005474,asian,asian,females,females,,,1,0.32502583,30.117573,0.6749742
data\processed\bfw\asian\n006619\0290_01.jpg,data\processed\bfw\asian\n009288\0236_01.jpg,n006619,n009288,asian,asian,females,females,,,0,0.109695636,35.71925,0.8903044
data\processed\bfw\asian\n009278\0068_01.jpg,data\processed\bfw\asian\n009276\0049_01.jpg,n009278,n009276,asian,asian,females,females,,,0,0.19665441,38.793236,0.80334556
data\processed\bfw\asian\n006159\0019_01.jpg,data\processed\bfw\asian\n006159\0076_04.jpg,n006159,n006159,asian,asian,females,females,,,1,0.4846566,37.589283,0.5153434
data\processed\bfw\asian\n007385\0072_09.jpg,data\processed\bfw\asian\n007385\0137_01.jpg,n007385,n007385,asian,asian,females,females,,,1,0.48017824,25.369217,0.51982176
data\processed\bfw\asian\n009279\0246_01.jpg,data\processed\bfw\asian\n009279\0255_01.jpg,n009279,n009279,asian,asian,females,females,,,1,0.17865825,42.07281,0.82134175
data\processed\bfw\asian\n006149\0026_01.jpg,data\processed\bfw\asian\n006149\0064_01.jpg,n006149,n006149,asian,asian,females,females,,,1,0.4576504,28.34011,0.5423496
data\processed\bfw\asian\n008978\0155_01.jpg,data\processed\bfw\asian\n003463\0323_01.jpg,n008978,n003463,asian,asian,females,males,,,0,-0.0078065037,35.04377,1.0078065
data\processed\bfw\asian\n000160\0436_01.jpg,data\processed\bfw\asian\n000160\0453_01.jpg,n000160,n000160,asian,asian,females,females,,,1,0.39111674,30.532618,0.60888326
data\processed\bfw\asian\n005072\0068_02.jpg,data\processed\bfw\asian\n004877\0122_01.jpg,n005072,n004877,asian,asian,males,females,,,0,0.040092856,38.672752,0.9599072
data\processed\bfw\asian\n002775\0034_02.jpg,data\processed\bfw\asian\n002775\0305_01.jpg,n002775,n002775,asian,asian,males,males,,,1,0.36560467,36.164097,0.63439536
data\processed\bfw\asian\n005071\0128_02.jpg,data\processed\bfw\asian\n005071\0280_01.jpg,n005071,n005071,asian,asian,males,males,,,1,0.168446,34.789253,0.831554
data\processed\bfw\asian\n008383\0139_02.jpg,data\processed\bfw\asian\n008383\0268_01.jpg,n008383,n008383,asian,asian,females,females,,,1,0.35143027,28.669733,0.6485697
data\processed\bfw\asian\n005077\0052_01.jpg,data\processed\bfw\asian\n005077\0073_01.jpg,n005077,n005077,asian,asian,females,females,,,1,0.6147481,22.754549,0.38525188
data\processed\bfw\asian\n007380\0087_01.jpg,data\processed\bfw\asian\n007380\0320_01.jpg,n007380,n007380,asian,asian,females,females,,,1,0.17135426,36.22071,0.8286457
data\processed\bfw\asian\n000148\0016_01.jpg,data\processed\bfw\asian\n000148\0390_01.jpg,n000148,n000148,asian,asian,females,females,,,1,0.22157997,33.953426,0.77842003
data\processed\bfw\asian\n004787\0075_01.jpg,data\processed\bfw\asian\n009288\0307_01.jpg,n004787,n009288,asian,asian,females,females,,,0,0.01942004,38.031624,0.98058
data\processed\bfw\asian\n007270\0471_01.jpg,data\processed\bfw\asian\n004877\0084_01.jpg,n007270,n004877,asian,asian,females,females,,,0,-0.07960348,38.41208,1.0796034
data\processed\bfw\asian\n005072\0231_01.jpg,data\processed\bfw\asian\n000009\0063_01.jpg,n005072,n000009,asian,asian,males,females,,,0,0.06397686,36.447533,0.9360231
data\processed\bfw\asian\n007738\0172_01.jpg,data\processed\bfw\asian\n007738\0338_01.jpg,n007738,n007738,asian,asian,females,females,,,1,0.4381679,30.01413,0.5618321
data\processed\bfw\asian\n005072\0027_01.jpg,data\processed\bfw\asian\n003027\0025_01.jpg,n005072,n003027,asian,asian,males,males,,,0,-0.04312681,44.10262,1.0431268
data\processed\bfw\asian\n004860\0105_04.jpg,data\processed\bfw\asian\n004860\0236_01.jpg,n004860,n004860,asian,asian,females,females,,,1,0.1860621,32.593365,0.8139379
data\processed\bfw\asian\n003482\0044_02.jpg,data\processed\bfw\asian\n006358\0136_02.jpg,n003482,n006358,asian,asian,males,females,,,0,-0.11824052,46.88042,1.1182405
data\processed\bfw\asian\n003288\0300_01.jpg,data\processed\bfw\asian\n006148\0098_06.jpg,n003288,n006148,asian,asian,females,females,,,0,0.09251245,36.53261,0.9074876
data\processed\bfw\asian\n004681\0133_01.jpg,data\processed\bfw\asian\n004681\0204_02.jpg,n004681,n004681,asian,asian,males,males,,,1,0.40080583,29.530464,0.59919417
data\processed\bfw\asian\n004948\0378_02.jpg,data\processed\bfw\asian\n004948\0381_01.jpg,n004948,n004948,asian,asian,males,males,,,1,0.1879354,38.81514,0.8120646
data\processed\bfw\asian\n004681\0206_01.jpg,data\processed\bfw\asian\n004786\0207_01.jpg,n004681,n004786,asian,asian,males,females,,,0,0.098534845,36.83352,0.9014652
data\processed\bfw\asian\n004864\0058_01.jpg,data\processed\bfw\asian\n007385\0118_01.jpg,n004864,n007385,asian,asian,females,females,,,0,0.13536313,31.008654,0.8646369
data\processed\bfw\asian\n006344\0125_01.jpg,data\processed\bfw\asian\n006344\0431_07.jpg,n006344,n006344,asian,asian,females,females,,,1,0.18038563,30.889202,0.81961435
data\processed\bfw\asian\n004786\0128_03.jpg,data\processed\bfw\asian\n006222\0104_01.jpg,n004786,n006222,asian,asian,females,females,,,0,-0.022217862,42.27552,1.0222179
data\processed\bfw\asian\n000837\0371_01.jpg,data\processed\bfw\asian\n004686\0100_01.jpg,n000837,n004686,asian,asian,females,males,,,0,-0.10108239,40.917152,1.1010824
data\processed\bfw\asian\n009278\0093_01.jpg,data\processed\bfw\asian\n000135\0034_01.jpg,n009278,n000135,asian,asian,females,females,,,0,0.16719685,34.81108,0.83280313
data\processed\bfw\asian\n006125\0059_01.jpg,data\processed\bfw\asian\n003223\0143_01.jpg,n006125,n003223,asian,asian,females,males,,,0,0.111571334,38.223885,0.8884287
data\processed\bfw\asian\n004721\0177_01.jpg,data\processed\bfw\asian\n004787\0278_01.jpg,n004721,n004787,asian,asian,males,females,,,0,0.06275602,41.96248,0.937244
data\processed\bfw\asian\n004805\0065_01.jpg,data\processed\bfw\asian\n004805\0289_01.jpg,n004805,n004805,asian,asian,males,males,,,1,0.3333027,30.707067,0.66669726
data\processed\bfw\asian\n006148\0195_01.jpg,data\processed\bfw\asian\n008163\0645_01.jpg,n006148,n008163,asian,asian,females,females,,,0,0.064391784,37.329464,0.9356082
data\processed\bfw\asian\n002725\0102_01.jpg,data\processed\bfw\asian\n002725\0267_01.jpg,n002725,n002725,asian,asian,females,females,,,1,0.32923493,30.185488,0.67076504
data\processed\bfw\asian\n002509\0082_01.jpg,data\processed\bfw\asian\n002509\0315_04.jpg,n002509,n002509,asian,asian,females,females,,,1,0.30148554,35.425644,0.69851446
data\processed\bfw\asian\n001562\0159_02.jpg,data\processed\bfw\asian\n003167\0081_01.jpg,n001562,n003167,asian,asian,males,males,,,0,0.056336716,43.88601,0.9436633
data\processed\bfw\asian\n006223\0349_01.jpg,data\processed\bfw\asian\n006223\0385_01.jpg,n006223,n006223,asian,asian,females,females,,,1,0.07685155,30.056664,0.92314845
data\processed\bfw\asian\n000148\0269_01.jpg,data\processed\bfw\asian\n000148\0271_01.jpg,n000148,n000148,asian,asian,females,females,,,1,0.35170084,30.535675,0.64829916
data\processed\bfw\asian\n003557\0259_01.jpg,data\processed\bfw\asian\n009294\0084_01.jpg,n003557,n009294,asian,asian,females,females,,,0,-0.05511353,39.914833,1.0551136
data\processed\bfw\asian\n006633\0688_01.jpg,data\processed\bfw\asian\n004930\0200_01.jpg,n006633,n004930,asian,asian,females,females,,,0,0.017732214,33.087677,0.9822678
data\processed\bfw\asian\n009277\0013_02.jpg,data\processed\bfw\asian\n008148\0244_01.jpg,n009277,n008148,asian,asian,females,females,,,0,-0.085001685,38.251217,1.0850017
data\processed\bfw\asian\n005077\0246_01.jpg,data\processed\bfw\asian\n005078\0202_01.jpg,n005077,n005078,asian,asian,females,males,,,0,0.17365438,41.219337,0.8263456
data\processed\bfw\asian\n008383\0062_06.jpg,data\processed\bfw\asian\n004687\0058_01.jpg,n008383,n004687,asian,asian,females,females,,,0,-0.040635496,38.542004,1.0406355
data\processed\bfw\asian\n002552\0020_01.jpg,data\processed\bfw\asian\n002552\0368_01.jpg,n002552,n002552,asian,asian,males,males,,,1,0.38021994,32.55692,0.61978006
data\processed\bfw\asian\n000139\0065_01.jpg,data\processed\bfw\asian\n004877\0200_02.jpg,n000139,n004877,asian,asian,females,females,,,0,-0.008884509,42.819004,1.0088845
data\processed\bfw\asian\n005085\0305_03.jpg,data\processed\bfw\asian\n009041\0092_01.jpg,n005085,n009041,asian,asian,females,females,,,0,-0.043460943,43.446106,1.043461
data\processed\bfw\asian\n009287\0064_01.jpg,data\processed\bfw\asian\n009287\0212_01.jpg,n009287,n009287,asian,asian,females,females,,,1,0.35279408,33.07283,0.64720595
data\processed\bfw\asian\n009279\0015_01.jpg,data\processed\bfw\asian\n005078\0183_01.jpg,n009279,n005078,asian,asian,females,males,,,0,0.08472695,36.276512,0.9152731
data\processed\bfw\asian\n009103\0421_01.jpg,data\processed\bfw\asian\n009103\0657_02.jpg,n009103,n009103,asian,asian,females,females,,,1,0.14630045,36.429195,0.85369956
data\processed\bfw\asian\n003223\0033_02.jpg,data\processed\bfw\asian\n003223\0154_01.jpg,n003223,n003223,asian,asian,males,males,,,1,0.57140094,24.85274,0.42859906
data\processed\bfw\asian\n007385\0208_01.jpg,data\processed\bfw\asian\n007385\0320_03.jpg,n007385,n007385,asian,asian,females,females,,,1,0.26001802,30.9495,0.739982
data\processed\bfw\asian\n006358\0041_01.jpg,data\processed\bfw\asian\n009148\0005_01.jpg,n006358,n009148,asian,asian,females,females,,,0,0.14615324,38.13334,0.8538468
data\processed\bfw\asian\n003491\0194_02.jpg,data\processed\bfw\asian\n005069\0046_06.jpg,n003491,n005069,asian,asian,males,females,,,0,0.13792549,36.876343,0.8620745
data\processed\bfw\asian\n005216\0084_01.jpg,data\processed\bfw\asian\n004681\0064_01.jpg,n005216,n004681,asian,asian,females,males,,,0,-0.046231687,36.188034,1.0462317
data\processed\bfw\asian\n005446\0412_01.jpg,data\processed\bfw\asian\n000009\0083_01.jpg,n005446,n000009,asian,asian,females,females,,,0,0.12631847,42.066753,0.87368155
data\processed\bfw\asian\n004936\0245_01.jpg,data\processed\bfw\asian\n004936\0256_01.jpg,n004936,n004936,asian,asian,females,females,,,1,0.4666899,26.41093,0.53331006
data\processed\bfw\asian\n009288\0270_01.jpg,data\processed\bfw\asian\n003635\0050_01.jpg,n009288,n003635,asian,asian,females,males,,,0,-0.08309451,48.06663,1.0830945
data\processed\bfw\asian\n004721\0046_01.jpg,data\processed\bfw\asian\n004785\0125_01.jpg,n004721,n004785,asian,asian,males,females,,,0,0.08172587,38.939358,0.9182741
data\processed\bfw\asian\n004805\0025_01.jpg,data\processed\bfw\asian\n001682\0448_01.jpg,n004805,n001682,asian,asian,males,males,,,0,-0.03445537,42.345737,1.0344554
data\processed\bfw\asian\n000139\0498_01.jpg,data\processed\bfw\asian\n003489\0105_01.jpg,n000139,n003489,asian,asian,females,males,,,0,0.017387494,41.26269,0.9826125
data\processed\bfw\asian\n008978\0318_01.jpg,data\processed\bfw\asian\n003223\0258_03.jpg,n008978,n003223,asian,asian,females,males,,,0,0.11200939,36.25637,0.8879906
data\processed\bfw\asian\n001682\0127_01.jpg,data\processed\bfw\asian\n005069\0098_01.jpg,n001682,n005069,asian,asian,males,females,,,0,-0.13009663,43.910732,1.1300967
data\processed\bfw\asian\n007664\0029_01.jpg,data\processed\bfw\asian\n007664\0106_01.jpg,n007664,n007664,asian,asian,females,females,,,1,0.21092159,33.10898,0.7890784
data\processed\bfw\asian\n000132\0053_01__face_0.jpg,data\processed\bfw\asian\n000132\0112_01__face_0.jpg,n000132,n000132,asian,asian,males,males,,,1,0.3914879,30.117079,0.6085121
data\processed\bfw\asian\n006224\0023_01.jpg,data\processed\bfw\asian\n006224\0033_01.jpg,n006224,n006224,asian,asian,females,females,,,1,0.48292255,24.347631,0.51707745
data\processed\bfw\asian\n009177\0287_05.jpg,data\processed\bfw\asian\n009177\0294_02.jpg,n009177,n009177,asian,asian,females,females,,,1,0.23039643,33.343678,0.76960355
data\processed\bfw\asian\n006418\0023_01.jpg,data\processed\bfw\asian\n006418\0090_09.jpg,n006418,n006418,asian,asian,females,females,,,1,0.1962832,33.804386,0.8037168
data\processed\bfw\asian\n005085\0005_01.jpg,data\processed\bfw\asian\n005085\0224_01.jpg,n005085,n005085,asian,asian,females,females,,,1,0.3105663,33.331493,0.6894337
data\processed\bfw\asian\n006149\0260_01.jpg,data\processed\bfw\asian\n000158\0114_01.jpg,n006149,n000158,asian,asian,females,males,,,0,0.0024440743,44.056957,0.9975559
data\processed\bfw\asian\n004472\0258_01.jpg,data\processed\bfw\asian\n009148\0078_01.jpg,n004472,n009148,asian,asian,females,females,,,0,0.12613423,37.35449,0.8738658
data\processed\bfw\asian\n007899\0002_01.jpg,data\processed\bfw\asian\n007899\0082_01.jpg,n007899,n007899,asian,asian,females,females,,,1,0.31291187,31.216894,0.68708813
data\processed\bfw\asian\n004549\0169_02.jpg,data\processed\bfw\asian\n004549\0198_06.jpg,n004549,n004549,asian,asian,females,females,,,1,-0.042877685,40.710148,1.0428777
data\processed\bfw\asian\n002725\0039_02.jpg,data\processed\bfw\asian\n002644\0054_01.jpg,n002725,n002644,asian,asian,females,males,,,0,0.01048326,36.446785,0.98951674
data\processed\bfw\asian\n004725\0302_01.jpg,data\processed\bfw\asian\n008934\0209_01.jpg,n004725,n008934,asian,asian,males,females,,,0,-0.08687521,45.054962,1.0868752
data\processed\bfw\asian\n002552\0040_01.jpg,data\processed\bfw\asian\n004800\0245_01.jpg,n002552,n004800,asian,asian,males,males,,,0,0.07401634,36.394375,0.92598367
data\processed\bfw\asian\n008383\0062_06.jpg,data\processed\bfw\asian\n008383\0118_01.jpg,n008383,n008383,asian,asian,females,females,,,1,0.5236864,26.99353,0.4763136
data\processed\bfw\asian\n004787\0128_01.jpg,data\processed\bfw\asian\n004467\0158_01.jpg,n004787,n004467,asian,asian,females,males,,,0,0.14361247,35.55001,0.8563875
data\processed\bfw\asian\n003357\0085_01.jpg,data\processed\bfw\asian\n003357\0422_01.jpg,n003357,n003357,asian,asian,females,females,,,1,0.5970794,21.433516,0.4029206
data\processed\bfw\asian\n003533\0616_01.jpg,data\processed\bfw\asian\n001976\0071_01.jpg,n003533,n001976,asian,asian,males,males,,,0,-0.15020293,43.253536,1.150203
data\processed\bfw\asian\n004877\0122_01.jpg,data\processed\bfw\asian\n004877\0135_01.jpg,n004877,n004877,asian,asian,females,females,,,1,0.40900326,30.623703,0.59099674
data\processed\bfw\asian\n003223\0398_02.jpg,data\processed\bfw\asian\n008148\0073_01.jpg,n003223,n008148,asian,asian,males,females,,,0,0.031247323,33.15348,0.9687527
data\processed\bfw\asian\n002509\0104_02.jpg,data\processed\bfw\asian\n002509\0319_01.jpg,n002509,n002509,asian,asian,females,females,,,1,0.1487739,35.279144,0.8512261
data\processed\bfw\asian\n002775\0119_01.jpg,data\processed\bfw\asian\n004805\0289_01.jpg,n002775,n004805,asian,asian,males,males,,,0,0.064139105,40.693607,0.9358609
data\processed\bfw\asian\n005069\0135_01.jpg,data\processed\bfw\asian\n005069\0586_01.jpg,n005069,n005069,asian,asian,females,females,,,1,0.34453002,28.435093,0.65547
data\processed\bfw\asian\n000132\0006_01__face_0.jpg,data\processed\bfw\asian\n001496\0664_01.jpg,n000132,n001496,asian,asian,males,males,,,0,0.10858719,39.312016,0.8914128
data\processed\bfw\asian\n005063\0271_01.jpg,data\processed\bfw\asian\n004864\0102_01.jpg,n005063,n004864,asian,asian,females,females,,,0,-0.0063646776,35.64536,1.0063647
data\processed\bfw\asian\n006418\0090_03.jpg,data\processed\bfw\asian\n006418\0152_04.jpg,n006418,n006418,asian,asian,females,females,,,1,0.16155456,33.10021,0.8384454
data\processed\bfw\asian\n001572\0329_01.jpg,data\processed\bfw\asian\n001572\0377_01.jpg,n001572,n001572,asian,asian,females,females,,,1,0.4190429,32.540115,0.5809571
data\processed\bfw\asian\n006619\0135_01.jpg,data\processed\bfw\asian\n006619\0368_01.jpg,n006619,n006619,asian,asian,females,females,,,1,0.32208526,33.455555,0.67791474
data\processed\bfw\asian\n003635\0151_01.jpg,data\processed\bfw\asian\n003635\0156_01.jpg,n003635,n003635,asian,asian,males,males,,,1,0.26221046,37.986607,0.7377895
data\processed\bfw\asian\n005069\0353_01.jpg,data\processed\bfw\asian\n005069\0586_01.jpg,n005069,n005069,asian,asian,females,females,,,1,0.341006,30.506966,0.65899396
data\processed\bfw\asian\n006634\0090_01.jpg,data\processed\bfw\asian\n006634\0118_01.jpg,n006634,n006634,asian,asian,females,females,,,1,0.047544163,36.86516,0.9524558
data\processed\bfw\asian\n005085\0224_01.jpg,data\processed\bfw\asian\n006358\0101_06.jpg,n005085,n006358,asian,asian,females,females,,,0,0.052715432,42.95517,0.9472846
data\processed\bfw\asian\n003506\0136_01.jpg,data\processed\bfw\asian\n003506\0371_01.jpg,n003506,n003506,asian,asian,females,females,,,1,0.047738545,38.020924,0.95226145
data\processed\bfw\asian\n004469\0098_02.jpg,data\processed\bfw\asian\n004469\0117_01.jpg,n004469,n004469,asian,asian,males,males,,,1,0.52944726,29.307964,0.47055274
data\processed\bfw\asian\n006126\0039_01.jpg,data\processed\bfw\asian\n006148\0074_01.jpg,n006126,n006148,asian,asian,females,females,,,0,-0.06319095,42.28172,1.0631909
data\processed\bfw\asian\n009278\0087_02.jpg,data\processed\bfw\asian\n009278\0192_01.jpg,n009278,n009278,asian,asian,females,females,,,1,0.21328636,35.74301,0.78671366
data\processed\bfw\asian\n003357\0020_01.jpg,data\processed\bfw\asian\n001976\0082_01.jpg,n003357,n001976,asian,asian,females,males,,,0,0.065007634,34.616035,0.9349924
data\processed\bfw\asian\n004108\0341_01.jpg,data\processed\bfw\asian\n009103\0265_03.jpg,n004108,n009103,asian,asian,males,females,,,0,-0.029431421,40.556168,1.0294315
data\processed\bfw\asian\n007372\0039_01.jpg,data\processed\bfw\asian\n007372\0078_01.jpg,n007372,n007372,asian,asian,females,females,,,1,0.3942491,30.511406,0.6057509
data\processed\bfw\asian\n003482\0284_06.jpg,data\processed\bfw\asian\n003482\0408_02.jpg,n003482,n003482,asian,asian,males,males,,,1,0.05088487,43.26119,0.94911516
data\processed\bfw\asian\n004930\0235_01.jpg,data\processed\bfw\asian\n004681\0101_01.jpg,n004930,n004681,asian,asian,females,males,,,0,0.043254085,34.17382,0.9567459
data\processed\bfw\asian\n006125\0113_01.jpg,data\processed\bfw\asian\n008934\0619_01.jpg,n006125,n008934,asian,asian,females,females,,,0,0.20971482,33.666668,0.79028517
data\processed\bfw\asian\n007385\0258_01.jpg,data\processed\bfw\asian\n000158\0064_03.jpg,n007385,n000158,asian,asian,females,males,,,0,0.106953695,39.508644,0.8930463
data\processed\bfw\asian\n004687\0221_01.jpg,data\processed\bfw\asian\n004687\0243_01.jpg,n004687,n004687,asian,asian,females,females,,,1,0.42739925,28.2454,0.5726007
data\processed\bfw\asian\n004936\0111_04.jpg,data\processed\bfw\asian\n004936\0245_01.jpg,n004936,n004936,asian,asian,females,females,,,1,0.22659442,36.016735,0.77340555
data\processed\bfw\asian\n000160\0109_01.jpg,data\processed\bfw\asian\n006223\0312_01.jpg,n000160,n006223,asian,asian,females,females,,,0,0.043302488,35.925526,0.9566975
data\processed\bfw\asian\n002775\0047_05.jpg,data\processed\bfw\asian\n002775\0069_01.jpg,n002775,n002775,asian,asian,males,males,,,1,0.64990216,27.523008,0.35009784
data\processed\bfw\asian\n004721\0286_01.jpg,data\processed\bfw\asian\n003357\0147_01.jpg,n004721,n003357,asian,asian,males,females,,,0,0.06263857,40.72384,0.9373614
data\processed\bfw\asian\n006203\0088_01.jpg,data\processed\bfw\asian\n009148\0027_01.jpg,n006203,n009148,asian,asian,females,females,,,0,-0.12647133,41.1904,1.1264713
data\processed\bfw\asian\n006222\0035_01.jpg,data\processed\bfw\asian\n006222\0119_02.jpg,n006222,n006222,asian,asian,females,females,,,1,0.37365907,33.249203,0.6263409
data\processed\bfw\asian\n004687\0031_01.jpg,data\processed\bfw\asian\n007378\0140_01.jpg,n004687,n007378,asian,asian,females,females,,,0,0.050388757,35.9243,0.94961125
data\processed\bfw\asian\n004721\0321_01.jpg,data\processed\bfw\asian\n005069\0209_01.jpg,n004721,n005069,asian,asian,males,females,,,0,-0.009667658,37.29755,1.0096676
data\processed\bfw\asian\n000840\0015_01.jpg,data\processed\bfw\asian\n004108\0276_01.jpg,n000840,n004108,asian,asian,females,males,,,0,-0.022626419,37.844803,1.0226264
data\processed\bfw\asian\n004870\0007_01.jpg,data\processed\bfw\asian\n004870\0050_02.jpg,n004870,n004870,asian,asian,females,females,,,1,0.63858694,24.66243,0.36141306
data\processed\bfw\asian\n009103\0035_01.jpg,data\processed\bfw\asian\n004686\0458_01.jpg,n009103,n004686,asian,asian,females,males,,,0,0.03313852,38.884594,0.9668615
data\processed\bfw\asian\n006224\0158_01.jpg,data\processed\bfw\asian\n003449\0066_01.jpg,n006224,n003449,asian,asian,females,females,,,0,-0.028330827,38.8962,1.0283308
data\processed\bfw\asian\n002644\0492_01.jpg,data\processed\bfw\asian\n001562\0080_02.jpg,n002644,n001562,asian,asian,males,males,,,0,0.05300689,40.455746,0.9469931
data\processed\bfw\asian\n004466\0048_01.jpg,data\processed\bfw\asian\n006774\0492_02.jpg,n004466,n006774,asian,asian,males,females,,,0,0.08003947,36.620785,0.9199605
data\processed\bfw\asian\n009288\0180_01.jpg,data\processed\bfw\asian\n004109\0070_01.jpg,n009288,n004109,asian,asian,females,males,,,0,0.0658577,39.483173,0.9341423
data\processed\bfw\asian\n005446\0118_01.jpg,data\processed\bfw\asian\n005446\0144_01.jpg,n005446,n005446,asian,asian,females,females,,,1,0.47705403,28.51213,0.522946
data\processed\bfw\asian\n000139\0501_01.jpg,data\processed\bfw\asian\n009276\0253_02.jpg,n000139,n009276,asian,asian,females,females,,,0,-0.06245793,37.171757,1.0624579
data\processed\bfw\asian\n003557\0088_04.jpg,data\processed\bfw\asian\n003557\0240_01.jpg,n003557,n003557,asian,asian,females,females,,,1,0.2350946,31.189451,0.7649054
data\processed\bfw\asian\n003506\0637_01.jpg,data\processed\bfw\asian\n005071\0055_02.jpg,n003506,n005071,asian,asian,females,males,,,0,0.033077296,40.604084,0.9669227
data\processed\bfw\asian\n000132\0114_06__face_0.jpg,data\processed\bfw\asian\n006223\0239_01.jpg,n000132,n006223,asian,asian,males,females,,,0,0.17683983,34.48636,0.8231602
data\processed\bfw\asian\n003481\0015_01.jpg,data\processed\bfw\asian\n003481\0096_02.jpg,n003481,n003481,asian,asian,females,females,,,1,0.5880215,25.510756,0.41197848
data\processed\bfw\asian\n004687\0010_04.jpg,data\processed\bfw\asian\n004687\0019_01.jpg,n004687,n004687,asian,asian,females,females,,,1,0.44238365,27.40169,0.55761635
data\processed\bfw\asian\n004860\0820_01.jpg,data\processed\bfw\asian\n002775\0069_01.jpg,n004860,n002775,asian,asian,females,males,,,0,-0.033631396,43.951088,1.0336314
data\processed\bfw\asian\n004930\0282_01.jpg,data\processed\bfw\asian\n005072\0225_01.jpg,n004930,n005072,asian,asian,females,males,,,0,0.08465034,37.808876,0.91534966
data\processed\bfw\asian\n002406\0310_02.jpg,data\processed\bfw\asian\n000160\0075_01.jpg,n002406,n000160,asian,asian,males,females,,,0,-0.07327342,41.31578,1.0732734
data\processed\bfw\asian\n007814\0339_01.jpg,data\processed\bfw\asian\n006418\0040_01.jpg,n007814,n006418,asian,asian,females,females,,,0,0.057907313,38.949856,0.94209266
data\processed\bfw\asian\n006159\0011_01.jpg,data\processed\bfw\asian\n006159\0076_04.jpg,n006159,n006159,asian,asian,females,females,,,1,0.49132344,35.390724,0.5086765
data\processed\bfw\asian\n003533\0326_02.jpg,data\processed\bfw\asian\n003533\0615_01.jpg,n003533,n003533,asian,asian,males,males,,,1,0.34234163,36.956295,0.65765834
data\processed\bfw\asian\n000839\0185_01.jpg,data\processed\bfw\asian\n009276\0046_01.jpg,n000839,n009276,asian,asian,females,females,,,0,0.00528961,42.581223,0.9947104
data\processed\bfw\asian\n009103\0365_05.jpg,data\processed\bfw\asian\n005069\0110_02.jpg,n009103,n005069,asian,asian,females,females,,,0,0.1874776,32.182293,0.8125224
data\processed\bfw\asian\n004860\0063_01.jpg,data\processed\bfw\asian\n006774\0084_01.jpg,n004860,n006774,asian,asian,females,females,,,0,0.052941468,38.61416,0.94705856
data\processed\bfw\asian\n005083\0054_01.jpg,data\processed\bfw\asian\n005083\0190_01.jpg,n005083,n005083,asian,asian,females,females,,,1,0.4720104,26.195173,0.5279896
data\processed\bfw\asian\n006358\0076_01.jpg,data\processed\bfw\asian\n002644\0303_01.jpg,n006358,n002644,asian,asian,females,males,,,0,-0.10448778,48.21314,1.1044878
data\processed\bfw\asian\n003288\0089_01.jpg,data\processed\bfw\asian\n000139\0498_01.jpg,n003288,n000139,asian,asian,females,females,,,0,-0.0358709,40.66421,1.0358709
data\processed\bfw\asian\n003162\0191_01.jpg,data\processed\bfw\asian\n008978\0134_01.jpg,n003162,n008978,asian,asian,males,females,,,0,0.0006200226,43.639236,0.99938
data\processed\bfw\asian\n004860\0107_01.jpg,data\processed\bfw\asian\n004860\0236_01.jpg,n004860,n004860,asian,asian,females,females,,,1,0.062254637,34.581303,0.93774533
data\processed\bfw\asian\n006619\0422_01.jpg,data\processed\bfw\asian\n006224\0293_01.jpg,n006619,n006224,asian,asian,females,females,,,0,0.057388205,36.754124,0.9426118
data\processed\bfw\asian\n008163\0022_02.jpg,data\processed\bfw\asian\n008163\0276_01.jpg,n008163,n008163,asian,asian,females,females,,,1,0.43475023,25.782686,0.5652498
data\processed\bfw\asian\n007372\0027_01.jpg,data\processed\bfw\asian\n007372\0247_01.jpg,n007372,n007372,asian,asian,females,females,,,1,0.3363649,32.668766,0.66363513
data\processed\bfw\asian\n003635\0109_04.jpg,data\processed\bfw\asian\n005063\0042_01.jpg,n003635,n005063,asian,asian,males,females,,,0,-0.105657876,42.41342,1.1056578
data\processed\bfw\asian\n004680\0143_02.jpg,data\processed\bfw\asian\n009103\0363_05.jpg,n004680,n009103,asian,asian,females,females,,,0,-0.030639078,41.53641,1.030639
data\processed\bfw\asian\n009275\0343_01.jpg,data\processed\bfw\asian\n002725\0102_01.jpg,n009275,n002725,asian,asian,females,females,,,0,0.10104117,34.85387,0.8989588
data\processed\bfw\asian\n006148\0120_01.jpg,data\processed\bfw\asian\n006148\0165_01.jpg,n006148,n006148,asian,asian,females,females,,,1,0.34410334,29.30328,0.65589666
data\processed\bfw\asian\n004221\0243_01.jpg,data\processed\bfw\asian\n004221\0450_01.jpg,n004221,n004221,asian,asian,males,males,,,1,-0.011418978,41.35442,1.0114189
data\processed\bfw\asian\n004108\0077_01.jpg,data\processed\bfw\asian\n004108\0401_02.jpg,n004108,n004108,asian,asian,males,males,,,1,0.18585661,35.946186,0.8141434
data\processed\bfw\asian\n006125\0163_01.jpg,data\processed\bfw\asian\n006619\0098_01.jpg,n006125,n006619,asian,asian,females,females,,,0,0.009668772,38.115166,0.99033123
data\processed\bfw\asian\n004800\0013_01.jpg,data\processed\bfw\asian\n004800\0537_01.jpg,n004800,n004800,asian,asian,males,males,,,1,0.39044592,28.317402,0.60955405
data\processed\bfw\asian\n003167\0210_01.jpg,data\processed\bfw\asian\n003481\0770_01.jpg,n003167,n003481,asian,asian,males,females,,,0,-0.025291018,39.857414,1.025291
data\processed\bfw\asian\n000132\0153_01__face_0.jpg,data\processed\bfw\asian\n003288\0579_02.jpg,n000132,n003288,asian,asian,males,females,,,0,-0.14185569,41.32123,1.1418557
data\processed\bfw\asian\n006633\0195_02.jpg,data\processed\bfw\asian\n006633\0299_01.jpg,n006633,n006633,asian,asian,females,females,,,1,0.44707066,29.325783,0.55292934
data\processed\bfw\asian\n003824\0148_01.jpg,data\processed\bfw\asian\n003824\0158_01.jpg,n003824,n003824,asian,asian,females,females,,,1,0.43692738,29.48566,0.5630726
data\processed\bfw\asian\n009042\0085_01.jpg,data\processed\bfw\asian\n009042\0394_01.jpg,n009042,n009042,asian,asian,females,females,,,1,0.26807413,38.663048,0.73192585
data\processed\bfw\asian\n006126\0105_01.jpg,data\processed\bfw\asian\n004860\0567_02.jpg,n006126,n004860,asian,asian,females,females,,,0,-0.0012684761,34.97962,1.0012685
data\processed\bfw\asian\n005177\0152_01.jpg,data\processed\bfw\asian\n005177\0196_01.jpg,n005177,n005177,asian,asian,males,males,,,1,0.08025137,40.701145,0.9197486
data\processed\bfw\asian\n003357\0008_01.jpg,data\processed\bfw\asian\n003357\0285_01.jpg,n003357,n003357,asian,asian,females,females,,,1,0.3290889,28.811834,0.6709111
data\processed\bfw\asian\n009294\0081_01.jpg,data\processed\bfw\asian\n003463\0104_01.jpg,n009294,n003463,asian,asian,females,males,,,0,0.15526892,37.583664,0.8447311
data\processed\bfw\asian\n003489\0046_02.jpg,data\processed\bfw\asian\n003489\0271_01.jpg,n003489,n003489,asian,asian,males,males,,,1,0.18453032,41.983562,0.8154697
data\processed\bfw\asian\n006149\0197_02.jpg,data\processed\bfw\asian\n006149\0349_01.jpg,n006149,n006149,asian,asian,females,females,,,1,0.24913953,33.346302,0.75086045
data\processed\bfw\asian\n003824\0122_01.jpg,data\processed\bfw\asian\n009288\0121_01.jpg,n003824,n009288,asian,asian,females,females,,,0,0.16670726,34.900574,0.8332927
data\processed\bfw\asian\n003506\0019_01.jpg,data\processed\bfw\asian\n003506\0371_01.jpg,n003506,n003506,asian,asian,females,females,,,1,0.08523741,37.64321,0.9147626
data\processed\bfw\asian\n003357\0246_01.jpg,data\processed\bfw\asian\n004791\0190_01.jpg,n003357,n004791,asian,asian,females,males,,,0,0.025450073,37.282623,0.97454995
data\processed\bfw\asian\n004472\0206_01.jpg,data\processed\bfw\asian\n008148\0137_01.jpg,n004472,n008148,asian,asian,females,females,,,0,0.11626818,36.35685,0.88373184
data\processed\bfw\asian\n007378\0217_01.jpg,data\processed\bfw\asian\n007378\0479_01.jpg,n007378,n007378,asian,asian,females,females,,,1,0.22345515,33.688007,0.77654487
data\processed\bfw\asian\n004109\0125_01.jpg,data\processed\bfw\asian\n004787\0009_01.jpg,n004109,n004787,asian,asian,males,females,,,0,0.08967,36.909523,0.91033
data\processed\bfw\asian\n000839\0162_01.jpg,data\processed\bfw\asian\n000839\0407_01.jpg,n000839,n000839,asian,asian,females,females,,,1,0.30096638,32.745888,0.6990336
data\processed\bfw\asian\n005063\0144_01.jpg,data\processed\bfw\asian\n005063\0271_01.jpg,n005063,n005063,asian,asian,females,females,,,1,0.040512856,36.954308,0.95948714
data\processed\bfw\asian\n000158\0667_01.jpg,data\processed\bfw\asian\n007899\0084_02.jpg,n000158,n007899,asian,asian,males,females,,,0,-0.023489848,44.394875,1.0234898
data\processed\bfw\asian\n009177\0053_02.jpg,data\processed\bfw\asian\n009177\0136_01.jpg,n009177,n009177,asian,asian,females,females,,,1,0.2182779,32.373257,0.78172207
data\processed\bfw\asian\n008383\0062_06.jpg,data\processed\bfw\asian\n008383\0126_02.jpg,n008383,n008383,asian,asian,females,females,,,1,0.08610307,37.83231,0.9138969
data\processed\bfw\asian\n000148\0229_01.jpg,data\processed\bfw\asian\n000148\0269_01.jpg,n000148,n000148,asian,asian,females,females,,,1,0.2738551,32.304882,0.7261449
data\processed\bfw\asian\n003491\0104_03.jpg,data\processed\bfw\asian\n003491\0115_03.jpg,n003491,n003491,asian,asian,males,males,,,1,0.13374288,39.4747,0.86625713
data\processed\bfw\asian\n005177\0076_01.jpg,data\processed\bfw\asian\n005177\0161_01.jpg,n005177,n005177,asian,asian,males,males,,,1,0.54419446,30.594212,0.45580554
data\processed\bfw\asian\n000854\0239_01.jpg,data\processed\bfw\asian\n000137\0004_01.jpg,n000854,n000137,asian,asian,females,females,,,0,0.00023138752,40.127823,0.9997686
data\processed\bfw\asian\n004687\0268_01.jpg,data\processed\bfw\asian\n003489\0112_01.jpg,n004687,n003489,asian,asian,females,males,,,0,0.23673639,34.769314,0.7632636
data\processed\bfw\asian\n001976\0028_01.jpg,data\processed\bfw\asian\n001976\0665_02.jpg,n001976,n001976,asian,asian,males,males,,,1,0.25342354,31.158392,0.7465764
data\processed\bfw\asian\n003156\0032_01.jpg,data\processed\bfw\asian\n003156\0134_01.jpg,n003156,n003156,asian,asian,males,males,,,1,0.3137667,35.38882,0.6862333
data\processed\bfw\asian\n006222\0032_01.jpg,data\processed\bfw\asian\n006222\0119_02.jpg,n006222,n006222,asian,asian,females,females,,,1,0.21307307,35.753822,0.7869269
data\processed\bfw\asian\n007664\0137_01.jpg,data\processed\bfw\asian\n007385\0126_01.jpg,n007664,n007385,asian,asian,females,females,,,0,-0.16672416,40.612415,1.1667242
data\processed\bfw\asian\n004809\0178_02.jpg,data\processed\bfw\asian\n004809\0561_01.jpg,n004809,n004809,asian,asian,males,males,,,1,0.30167484,31.519512,0.69832516
data\processed\bfw\asian\n005474\0118_02.jpg,data\processed\bfw\asian\n005474\0769_01.jpg,n005474,n005474,asian,asian,females,females,,,1,0.29902908,29.954472,0.7009709
data\processed\bfw\asian\n004805\0036_01.jpg,data\processed\bfw\asian\n005378\0409_02.jpg,n004805,n005378,asian,asian,males,females,,,0,0.08476783,38.613167,0.9152322
data\processed\bfw\asian\n005072\0184_03.jpg,data\processed\bfw\asian\n005072\0235_01.jpg,n005072,n005072,asian,asian,males,males,,,1,0.2606339,32.876034,0.7393661
data\processed\bfw\asian\n006159\0174_01.jpg,data\processed\bfw\asian\n008383\0532_01.jpg,n006159,n008383,asian,asian,females,females,,,0,0.16689022,41.482178,0.8331098
data\processed\bfw\asian\n000137\0050_01.jpg,data\processed\bfw\asian\n000137\0088_01.jpg,n000137,n000137,asian,asian,females,females,,,1,0.31140748,35.745842,0.68859255
data\processed\bfw\asian\n004680\0027_01.jpg,data\processed\bfw\asian\n004680\0053_01.jpg,n004680,n004680,asian,asian,females,females,,,1,0.20368475,35.675278,0.79631525
data\processed\bfw\asian\n001496\0171_01.jpg,data\processed\bfw\asian\n000143\0734_02.jpg,n001496,n000143,asian,asian,males,females,,,0,0.013820258,39.51406,0.98617977
data\processed\bfw\asian\n009148\0141_02.jpg,data\processed\bfw\asian\n009148\0155_01.jpg,n009148,n009148,asian,asian,females,females,,,1,0.20942645,32.293423,0.79057354
data\processed\bfw\asian\n003824\0160_01.jpg,data\processed\bfw\asian\n003557\0007_02.jpg,n003824,n003557,asian,asian,females,females,,,0,-0.12068426,39.529053,1.1206843
data\processed\bfw\asian\n007270\0289_01.jpg,data\processed\bfw\asian\n003153\0246_01.jpg,n007270,n003153,asian,asian,females,females,,,0,-0.07908393,39.0062,1.0790839
data\processed\bfw\asian\n007385\0137_01.jpg,data\processed\bfw\asian\n009137\0142_01.jpg,n007385,n009137,asian,asian,females,females,,,0,0.14873368,33.188725,0.8512663
data\processed\bfw\asian\n008934\0108_01.jpg,data\processed\bfw\asian\n008934\0630_01.jpg,n008934,n008934,asian,asian,females,females,,,1,0.22700195,35.83213,0.77299803
data\processed\bfw\asian\n003155\0136_02.jpg,data\processed\bfw\asian\n003155\1053_04.jpg,n003155,n003155,asian,asian,males,males,,,1,-0.12339031,43.899334,1.1233903
data\processed\bfw\asian\n004809\0166_04.jpg,data\processed\bfw\asian\n008934\0353_01.jpg,n004809,n008934,asian,asian,males,females,,,0,0.0550569,36.82023,0.9449431
data\processed\bfw\asian\n007814\0173_03.jpg,data\processed\bfw\asian\n003358\0318_02.jpg,n007814,n003358,asian,asian,females,females,,,0,0.15168557,34.10265,0.8483144
data\processed\bfw\asian\n004725\0302_01.jpg,data\processed\bfw\asian\n004725\0341_01.jpg,n004725,n004725,asian,asian,males,males,,,1,0.15692881,41.565773,0.8430712
data\processed\bfw\asian\n006358\0055_02.jpg,data\processed\bfw\asian\n007378\0284_01.jpg,n006358,n007378,asian,asian,females,females,,,0,0.023097452,38.193695,0.97690254
data\processed\bfw\asian\n003463\0023_01.jpg,data\processed\bfw\asian\n003463\0075_01.jpg,n003463,n003463,asian,asian,males,males,,,1,0.43855232,29.524143,0.5614477
data\processed\bfw\asian\n004785\0364_01.jpg,data\processed\bfw\asian\n004870\0098_01.jpg,n004785,n004870,asian,asian,females,females,,,0,0.06147489,37.67862,0.9385251
data\processed\bfw\asian\n004864\0045_01.jpg,data\processed\bfw\asian\n004864\0262_01.jpg,n004864,n004864,asian,asian,females,females,,,1,0.30691066,28.713913,0.69308937
data\processed\bfw\asian\n008148\0025_01.jpg,data\processed\bfw\asian\n005078\0250_01.jpg,n008148,n005078,asian,asian,females,males,,,0,-0.00045587818,39.522186,1.0004559
data\processed\bfw\asian\n007270\0124_01.jpg,data\processed\bfw\asian\n004791\0134_01.jpg,n007270,n004791,asian,asian,females,males,,,0,-0.17751022,41.808357,1.1775103
data\processed\bfw\asian\n003355\0016_01.jpg,data\processed\bfw\asian\n003355\0254_01.jpg,n003355,n003355,asian,asian,males,males,,,1,0.5144578,26.588696,0.48554218
data\processed\bfw\asian\n004721\0110_01.jpg,data\processed\bfw\asian\n004721\0286_01.jpg,n004721,n004721,asian,asian,males,males,,,1,0.0062696915,41.204277,0.9937303
data\processed\bfw\asian\n008401\0469_01.jpg,data\processed\bfw\asian\n007738\0097_01.jpg,n008401,n007738,asian,asian,females,females,,,0,0.29564515,33.584625,0.7043549
data\processed\bfw\asian\n004549\0039_01.jpg,data\processed\bfw\asian\n002331\0292_01.jpg,n004549,n002331,asian,asian,females,males,,,0,0.0052852826,38.42196,0.99471474
data\processed\bfw\asian\n002331\0054_02.jpg,data\processed\bfw\asian\n000161\0119_02.jpg,n002331,n000161,asian,asian,males,males,,,0,0.027130073,43.027767,0.97286993
data\processed\bfw\asian\n006224\0201_01.jpg,data\processed\bfw\asian\n005116\0086_01.jpg,n006224,n005116,asian,asian,females,males,,,0,0.05255444,36.907932,0.9474456
data\processed\bfw\asian\n006148\0030_01.jpg,data\processed\bfw\asian\n002320\0272_03.jpg,n006148,n002320,asian,asian,females,males,,,0,0.00095859676,38.866516,0.9990414
data\processed\bfw\asian\n005177\0012_01.jpg,data\processed\bfw\asian\n005177\0042_01.jpg,n005177,n005177,asian,asian,males,males,,,1,0.58319676,27.177908,0.41680324
data\processed\bfw\asian\n000009\0012_01.jpg,data\processed\bfw\asian\n000009\0043_01.jpg,n000009,n000009,asian,asian,females,females,,,1,0.25357845,34.02568,0.7464216
data\processed\bfw\asian\n003162\0188_01.jpg,data\processed\bfw\asian\n003162\0259_01.jpg,n003162,n003162,asian,asian,males,males,,,1,0.5887785,31.38415,0.4112215
data\processed\bfw\asian\n009042\0085_01.jpg,data\processed\bfw\asian\n009042\0144_01.jpg,n009042,n009042,asian,asian,females,females,,,1,0.22869794,37.30844,0.77130204
data\processed\bfw\asian\n006222\0032_01.jpg,data\processed\bfw\asian\n006222\0122_01.jpg,n006222,n006222,asian,asian,females,females,,,1,0.38886896,29.151194,0.6111311
data\processed\bfw\asian\n007372\0013_01.jpg,data\processed\bfw\asian\n007372\0091_01.jpg,n007372,n007372,asian,asian,females,females,,,1,0.39465243,28.951971,0.6053476
data\processed\bfw\asian\n003167\0533_01.jpg,data\processed\bfw\asian\n000838\0040_02.jpg,n003167,n000838,asian,asian,males,females,,,0,-0.043292202,44.52033,1.0432922
data\processed\bfw\asian\n006344\0113_01.jpg,data\processed\bfw\asian\n006344\0431_07.jpg,n006344,n006344,asian,asian,females,females,,,1,0.14732172,30.86501,0.8526783
data\processed\bfw\asian\n003223\0059_03.jpg,data\processed\bfw\asian\n003223\0089_01.jpg,n003223,n003223,asian,asian,males,males,,,1,0.2693408,32.14217,0.7306592
data\processed\bfw\asian\n009275\0034_02.jpg,data\processed\bfw\asian\n003155\1012_07.jpg,n009275,n003155,asian,asian,females,males,,,0,0.016805,41.292233,0.983195
data\processed\bfw\asian\n004721\0347_03.jpg,data\processed\bfw\asian\n004721\0505_01.jpg,n004721,n004721,asian,asian,males,males,,,1,0.34817234,37.251347,0.6518277
data\processed\bfw\asian\n000873\0050_02.jpg,data\processed\bfw\asian\n000873\0068_01.jpg,n000873,n000873,asian,asian,males,males,,,1,0.34812775,32.601063,0.6518723
data\processed\bfw\asian\n007385\0065_01.jpg,data\processed\bfw\asian\n007385\0193_01.jpg,n007385,n007385,asian,asian,females,females,,,1,0.37808248,27.81671,0.6219175
data\processed\bfw\asian\n004860\0040_01.jpg,data\processed\bfw\asian\n006358\0136_02.jpg,n004860,n006358,asian,asian,females,females,,,0,0.12459806,37.637493,0.8754019
data\processed\bfw\asian\n003824\0097_01.jpg,data\processed\bfw\asian\n009177\0053_02.jpg,n003824,n009177,asian,asian,females,females,,,0,-0.027319845,34.76327,1.0273198
data\processed\bfw\asian\n003155\0178_01.jpg,data\processed\bfw\asian\n000837\0020_01.jpg,n003155,n000837,asian,asian,males,females,,,0,0.053753745,45.16531,0.94624627
data\processed\bfw\asian\n006633\0489_03.jpg,data\processed\bfw\asian\n003465\0204_01.jpg,n006633,n003465,asian,asian,females,males,,,0,-0.07381334,45.39383,1.0738133
data\processed\bfw\asian\n009148\0039_05.jpg,data\processed\bfw\asian\n009148\0097_01.jpg,n009148,n009148,asian,asian,females,females,,,1,0.19361994,36.025986,0.80638003
data\processed\bfw\asian\n006149\0139_02.jpg,data\processed\bfw\asian\n004935\0327_01.jpg,n006149,n004935,asian,asian,females,males,,,0,0.12897776,36.638615,0.8710222
data\processed\bfw\asian\n002552\0532_01.jpg,data\processed\bfw\asian\n002552\0561_08.jpg,n002552,n002552,asian,asian,males,males,,,1,0.23039527,34.631573,0.76960474
data\processed\bfw\asian\n000160\0436_01.jpg,data\processed\bfw\asian\n004930\0320_02.jpg,n000160,n004930,asian,asian,females,females,,,0,0.03746928,39.31024,0.96253073
data\processed\bfw\asian\n005077\0248_01.jpg,data\processed\bfw\asian\n007385\0137_01.jpg,n005077,n007385,asian,asian,females,females,,,0,0.06370851,34.76739,0.9362915
data\processed\bfw\asian\n002509\0191_01.jpg,data\processed\bfw\asian\n002509\0243_01.jpg,n002509,n002509,asian,asian,females,females,,,1,0.10194074,34.482224,0.89805925
data\processed\bfw\asian\n009137\0057_01.jpg,data\processed\bfw\asian\n009137\0321_02.jpg,n009137,n009137,asian,asian,females,females,,,1,0.37716404,29.096937,0.622836
data\processed\bfw\asian\n004221\0155_01.jpg,data\processed\bfw\asian\n004221\0187_01.jpg,n004221,n004221,asian,asian,males,males,,,1,0.6057496,26.778923,0.3942504
data\processed\bfw\asian\n004680\0116_01.jpg,data\processed\bfw\asian\n004680\0430_01.jpg,n004680,n004680,asian,asian,females,females,,,1,0.3299377,33.272095,0.6700623
data\processed\bfw\asian\n003162\0379_02.jpg,data\processed\bfw\asian\n003162\0479_02.jpg,n003162,n003162,asian,asian,males,males,,,1,0.45558056,33.737965,0.5444194
data\processed\bfw\asian\n006633\0299_01.jpg,data\processed\bfw\asian\n006633\0489_03.jpg,n006633,n006633,asian,asian,females,females,,,1,-0.10408975,45.18715,1.1040897
data\processed\bfw\asian\n008401\0405_01.jpg,data\processed\bfw\asian\n002331\0029_01.jpg,n008401,n002331,asian,asian,females,males,,,0,-0.0032644772,39.190407,1.0032644
data\processed\bfw\asian\n006125\0076_02.jpg,data\processed\bfw\asian\n006125\0247_01.jpg,n006125,n006125,asian,asian,females,females,,,1,0.26016444,34.158962,0.73983556
data\processed\bfw\asian\n004791\0204_01.jpg,data\processed\bfw\asian\n004791\0209_01.jpg,n004791,n004791,asian,asian,males,males,,,1,0.43038738,28.374908,0.5696126
data\processed\bfw\asian\n006148\0098_06.jpg,data\processed\bfw\asian\n005078\0079_01.jpg,n006148,n005078,asian,asian,females,males,,,0,0.024005223,37.762142,0.97599477
data\processed\bfw\asian\n005069\0062_01.jpg,data\processed\bfw\asian\n005069\0148_01.jpg,n005069,n005069,asian,asian,females,females,,,1,0.4237918,28.915134,0.57620823
data\processed\bfw\asian\n009287\0143_01.jpg,data\processed\bfw\asian\n009287\0173_01.jpg,n009287,n009287,asian,asian,females,females,,,1,0.47350726,31.628271,0.5264927
data\processed\bfw\asian\n008148\0183_01.jpg,data\processed\bfw\asian\n007816\0543_01.jpg,n008148,n007816,asian,asian,females,females,,,0,0.15244587,34.274296,0.84755415
data\processed\bfw\asian\n000139\0210_01.jpg,data\processed\bfw\asian\n000139\0498_01.jpg,n000139,n000139,asian,asian,females,females,,,1,0.20823663,36.022682,0.79176337
data\processed\bfw\asian\n007270\0124_01.jpg,data\processed\bfw\asian\n007270\0410_01.jpg,n007270,n007270,asian,asian,females,females,,,1,0.56480885,26.211948,0.43519115
data\processed\bfw\asian\n003463\0125_01.jpg,data\processed\bfw\asian\n003463\0132_01.jpg,n003463,n003463,asian,asian,males,males,,,1,0.7438779,18.583008,0.2561221
data\processed\bfw\asian\n005446\0103_01.jpg,data\processed\bfw\asian\n005446\0141_01.jpg,n005446,n005446,asian,asian,females,females,,,1,0.47367,26.422604,0.52633
data\processed\bfw\asian\n009042\0098_05.jpg,data\processed\bfw\asian\n002644\0997_01.jpg,n009042,n002644,asian,asian,females,males,,,0,0.04327921,41.97977,0.95672077
data\processed\bfw\asian\n003449\0083_01.jpg,data\processed\bfw\asian\n003449\0210_04.jpg,n003449,n003449,asian,asian,females,females,,,1,0.24274576,35.001118,0.75725424
data\processed\bfw\asian\n000132\0332_01__face_0.jpg,data\processed\bfw\asian\n000838\0249_01.jpg,n000132,n000838,asian,asian,males,females,,,0,0.14529145,38.41656,0.85470855
data\processed\bfw\asian\n004469\0092_01.jpg,data\processed\bfw\asian\n004469\0124_01.jpg,n004469,n004469,asian,asian,males,males,,,1,0.011859489,40.28713,0.9881405
data\processed\bfw\asian\n004794\0019_01.jpg,data\processed\bfw\asian\n004794\0062_01.jpg,n004794,n004794,asian,asian,males,males,,,1,0.47637388,27.5576,0.5236261
data\processed\bfw\asian\n000138\0014_01.jpg,data\processed\bfw\asian\n004948\0440_01.jpg,n000138,n004948,asian,asian,females,males,,,0,0.12694302,34.825993,0.873057
data\processed\bfw\asian\n000854\0282_01.jpg,data\processed\bfw\asian\n003824\0037_01.jpg,n000854,n003824,asian,asian,females,females,,,0,-0.050484482,40.903156,1.0504845
data\processed\bfw\asian\n009288\0307_01.jpg,data\processed\bfw\asian\n001682\0074_01.jpg,n009288,n001682,asian,asian,females,males,,,0,-0.07185306,46.038475,1.071853
data\processed\bfw\asian\n000009\0122_02.jpg,data\processed\bfw\asian\n000009\0195_01.jpg,n000009,n000009,asian,asian,females,females,,,1,0.1833142,34.99481,0.8166858
data\processed\bfw\asian\n006736\0169_01.jpg,data\processed\bfw\asian\n006736\0349_01.jpg,n006736,n006736,asian,asian,females,females,,,1,0.5010377,26.227987,0.49896228
data\processed\bfw\asian\n000839\0067_01.jpg,data\processed\bfw\asian\n000839\0407_01.jpg,n000839,n000839,asian,asian,females,females,,,1,0.20961231,33.386852,0.7903877
data\processed\bfw\asian\n002775\0015_01.jpg,data\processed\bfw\asian\n003167\0595_01.jpg,n002775,n003167,asian,asian,males,males,,,0,0.08970529,44.39212,0.9102947
data\processed\bfw\asian\n003167\0042_07.jpg,data\processed\bfw\asian\n003167\0595_01.jpg,n003167,n003167,asian,asian,males,males,,,1,0.4806436,30.258242,0.51935637
data\processed\bfw\asian\n003156\0103_01.jpg,data\processed\bfw\asian\n004877\0076_01.jpg,n003156,n004877,asian,asian,males,females,,,0,0.06482446,38.946453,0.93517554
data\processed\bfw\asian\n002320\0210_02.jpg,data\processed\bfw\asian\n003357\0108_01.jpg,n002320,n003357,asian,asian,males,females,,,0,0.09778134,35.445187,0.90221864
data\processed\bfw\asian\n000148\0152_01.jpg,data\processed\bfw\asian\n003482\0408_02.jpg,n000148,n003482,asian,asian,females,males,,,0,-0.05334721,40.052383,1.0533472
data\processed\bfw\asian\n001496\0218_01.jpg,data\processed\bfw\asian\n001496\0617_02.jpg,n001496,n001496,asian,asian,males,males,,,1,0.42155233,31.227875,0.5784477
data\processed\bfw\asian\n003155\0135_01.jpg,data\processed\bfw\asian\n003027\0448_07.jpg,n003155,n003027,asian,asian,males,males,,,0,-0.034459215,45.826756,1.0344592
data\processed\bfw\asian\n004809\0013_12.jpg,data\processed\bfw\asian\n004721\0145_01.jpg,n004809,n004721,asian,asian,males,males,,,0,0.14453566,34.898743,0.85546434
data\processed\bfw\asian\n001682\0031_01.jpg,data\processed\bfw\asian\n001682\0143_02.jpg,n001682,n001682,asian,asian,males,males,,,1,0.4174689,35.57479,0.5825311
data\processed\bfw\asian\n000854\0262_01.jpg,data\processed\bfw\asian\n000854\0428_01.jpg,n000854,n000854,asian,asian,females,females,,,1,0.1241333,36.72548,0.8758667
data\processed\bfw\asian\n004221\0135_02.jpg,data\processed\bfw\asian\n004221\0243_01.jpg,n004221,n004221,asian,asian,males,males,,,1,0.40061235,31.127298,0.59938765
data\processed\bfw\asian\n006149\0009_01.jpg,data\processed\bfw\asian\n001572\0262_01.jpg,n006149,n001572,asian,asian,females,females,,,0,-0.06714,38.761696,1.06714
data\processed\bfw\asian\n006148\0030_01.jpg,data\processed\bfw\asian\n006148\0254_01.jpg,n006148,n006148,asian,asian,females,females,,,1,0.43500903,27.964405,0.564991
data\processed\bfw\asian\n005077\0079_01.jpg,data\processed\bfw\asian\n002725\0062_01.jpg,n005077,n002725,asian,asian,females,females,,,0,0.029300492,38.09642,0.9706995
data\processed\bfw\asian\n001976\0283_01.jpg,data\processed\bfw\asian\n001864\0038_01.jpg,n001976,n001864,asian,asian,males,males,,,0,0.17151208,38.486706,0.82848793
data\processed\bfw\asian\n005078\0107_01.jpg,data\processed\bfw\asian\n005078\0295_03.jpg,n005078,n005078,asian,asian,males,males,,,1,0.08068715,41.50433,0.91931283
data\processed\bfw\asian\n000137\0082_02.jpg,data\processed\bfw\asian\n000137\0097_01.jpg,n000137,n000137,asian,asian,females,females,,,1,0.12844515,39.803307,0.87155485
data\processed\bfw\asian\n003167\0064_01.jpg,data\processed\bfw\asian\n003167\0595_01.jpg,n003167,n003167,asian,asian,males,males,,,1,0.558128,28.790354,0.441872
data\processed\bfw\asian\n002509\0139_03.jpg,data\processed\bfw\asian\n002509\0223_01.jpg,n002509,n002509,asian,asian,females,females,,,1,0.10450808,37.83896,0.8954919
data\processed\bfw\asian\n006203\0129_01.jpg,data\processed\bfw\asian\n005216\0043_01.jpg,n006203,n005216,asian,asian,females,females,,,0,0.04845163,33.18932,0.9515484
data\processed\bfw\asian\n004109\0131_01.jpg,data\processed\bfw\asian\n006149\0162_01.jpg,n004109,n006149,asian,asian,males,females,,,0,-0.020173473,40.277157,1.0201734
data\processed\bfw\asian\n009042\0020_01.jpg,data\processed\bfw\asian\n001682\0052_01.jpg,n009042,n001682,asian,asian,females,males,,,0,0.04024607,45.935467,0.95975393
data\processed\bfw\asian\n004877\0073_01.jpg,data\processed\bfw\asian\n000436\0002_01.jpg,n004877,n000436,asian,asian,females,males,,,0,-0.010040066,38.412838,1.01004
data\processed\bfw\asian\n003162\0023_01.jpg,data\processed\bfw\asian\n003162\0379_02.jpg,n003162,n003162,asian,asian,males,males,,,1,0.6521028,30.01166,0.34789717
data\processed\bfw\asian\n008401\0139_02.jpg,data\processed\bfw\asian\n005085\0005_01.jpg,n008401,n005085,asian,asian,females,females,,,0,-0.021272115,41.3699,1.0212721
data\processed\bfw\asian\n003156\0058_01.jpg,data\processed\bfw\asian\n005177\0013_01.jpg,n003156,n005177,asian,asian,males,males,,,0,-0.016499145,44.528538,1.0164992
data\processed\bfw\asian\n003506\0278_02.jpg,data\processed\bfw\asian\n003506\0428_02.jpg,n003506,n003506,asian,asian,females,females,,,1,0.3721793,30.676195,0.62782073
data\processed\bfw\asian\n004794\0124_03.jpg,data\processed\bfw\asian\n004794\0612_01.jpg,n004794,n004794,asian,asian,males,males,,,1,0.16795702,35.653645,0.832043
data\processed\bfw\asian\n009137\0031_03.jpg,data\processed\bfw\asian\n000161\0223_01.jpg,n009137,n000161,asian,asian,females,males,,,0,0.15532364,36.213173,0.8446764
data\processed\bfw\asian\n001572\0115_01.jpg,data\processed\bfw\asian\n004860\0779_01.jpg,n001572,n004860,asian,asian,females,females,,,0,0.030849522,36.663227,0.9691505
data\processed\bfw\asian\n009278\0137_01.jpg,data\processed\bfw\asian\n005085\0401_01.jpg,n009278,n005085,asian,asian,females,females,,,0,0.22446814,31.837631,0.7755319
data\processed\bfw\asian\n004935\0351_01.jpg,data\processed\bfw\asian\n000854\0275_01.jpg,n004935,n000854,asian,asian,males,females,,,0,-0.09059687,41.01454,1.0905969
data\processed\bfw\asian\n007270\0471_01.jpg,data\processed\bfw\asian\n009278\0259_01.jpg,n007270,n009278,asian,asian,females,females,,,0,-0.0088865785,41.021976,1.0088866
data\processed\bfw\asian\n009278\0228_01.jpg,data\processed\bfw\asian\n004721\0046_01.jpg,n009278,n004721,asian,asian,females,males,,,0,0.095469385,38.696312,0.90453064
data\processed\bfw\asian\n005177\0152_01.jpg,data\processed\bfw\asian\n005177\0303_01.jpg,n005177,n005177,asian,asian,males,males,,,1,0.43732822,31.260916,0.5626718
data\processed\bfw\asian\n004467\0677_01.jpg,data\processed\bfw\asian\n004870\0133_02.jpg,n004467,n004870,asian,asian,males,females,,,0,0.039245617,36.83405,0.9607544
data\processed\bfw\asian\n001496\0608_01.jpg,data\processed\bfw\asian\n009275\0397_03.jpg,n001496,n009275,asian,asian,males,females,,,0,-0.19324252,43.63435,1.1932425
data\processed\bfw\asian\n002509\0157_01.jpg,data\processed\bfw\asian\n002509\0319_01.jpg,n002509,n002509,asian,asian,females,females,,,1,0.19630916,32.150116,0.80369085
data\processed\bfw\asian\n004787\0158_01.jpg,data\processed\bfw\asian\n004787\0284_02.jpg,n004787,n004787,asian,asian,females,females,,,1,0.2848327,30.081514,0.7151673
data\processed\bfw\asian\n003463\0127_01.jpg,data\processed\bfw\asian\n001572\0010_01.jpg,n003463,n001572,asian,asian,males,females,,,0,0.009581916,38.480392,0.9904181
data\processed\bfw\asian\n006203\0357_01.jpg,data\processed\bfw\asian\n009279\0015_01.jpg,n006203,n009279,asian,asian,females,females,,,0,-0.03558408,36.054264,1.0355841
data\processed\bfw\asian\n008163\0022_02.jpg,data\processed\bfw\asian\n008163\0640_01.jpg,n008163,n008163,asian,asian,females,females,,,1,0.4420602,26.145489,0.55793977
data\processed\bfw\asian\n000436\0348_01.jpg,data\processed\bfw\asian\n001572\0156_01.jpg,n000436,n001572,asian,asian,males,females,,,0,0.194158,34.047672,0.805842
data\processed\bfw\asian\n005474\0298_05.jpg,data\processed\bfw\asian\n005474\0726_02.jpg,n005474,n005474,asian,asian,females,females,,,1,0.26439396,34.898026,0.7356061
data\processed\bfw\asian\n001682\0142_01.jpg,data\processed\bfw\asian\n004794\0015_01.jpg,n001682,n004794,asian,asian,males,males,,,0,-0.0034096555,39.895367,1.0034096
data\processed\bfw\asian\n004948\0199_02.jpg,data\processed\bfw\asian\n004948\0341_01.jpg,n004948,n004948,asian,asian,males,males,,,1,0.2893239,31.240437,0.7106761
data\processed\bfw\asian\n009148\0012_01.jpg,data\processed\bfw\asian\n009148\0050_05.jpg,n009148,n009148,asian,asian,females,females,,,1,0.30451354,36.336994,0.6954864
data\processed\bfw\asian\n004467\0004_01.jpg,data\processed\bfw\asian\n004467\0418_01.jpg,n004467,n004467,asian,asian,males,males,,,1,0.37324765,33.99324,0.6267524
data\processed\bfw\asian\n004681\0206_01.jpg,data\processed\bfw\asian\n004681\0266_02.jpg,n004681,n004681,asian,asian,males,males,,,1,0.6910951,23.509495,0.3089049
data\processed\bfw\asian\n006148\0074_01.jpg,data\processed\bfw\asian\n006148\0595_02.jpg,n006148,n006148,asian,asian,females,females,,,1,0.03036605,40.840744,0.96963394
data\processed\bfw\asian\n003482\0021_02.jpg,data\processed\bfw\asian\n003482\0227_01.jpg,n003482,n003482,asian,asian,males,males,,,1,0.29528183,39.460613,0.7047182
data\processed\bfw\asian\n005085\0666_02.jpg,data\processed\bfw\asian\n003635\0606_02.jpg,n005085,n003635,asian,asian,females,males,,,0,-0.020024495,43.817894,1.0200245
data\processed\bfw\asian\n003153\0172_02.jpg,data\processed\bfw\asian\n009294\0063_01.jpg,n003153,n009294,asian,asian,females,females,,,0,-0.17198692,42.914192,1.1719869
data\processed\bfw\asian\n004791\0361_01.jpg,data\processed\bfw\asian\n006148\0102_02.jpg,n004791,n006148,asian,asian,males,females,,,0,-0.06406071,40.94189,1.0640607
data\processed\bfw\asian\n005071\0128_02.jpg,data\processed\bfw\asian\n005071\0154_01.jpg,n005071,n005071,asian,asian,males,males,,,1,0.4827989,29.214756,0.51720107
data\processed\bfw\asian\n004549\0368_01.jpg,data\processed\bfw\asian\n007089\0058_01.jpg,n004549,n007089,asian,asian,females,females,,,0,0.21370733,32.52139,0.7862927
data\processed\bfw\asian\n005177\0063_01.jpg,data\processed\bfw\asian\n005177\0152_01.jpg,n005177,n005177,asian,asian,males,males,,,1,0.35143635,33.775307,0.6485636
data\processed\bfw\asian\n005177\0045_01.jpg,data\processed\bfw\asian\n005177\0196_01.jpg,n005177,n005177,asian,asian,males,males,,,1,0.10855394,40.785023,0.89144605
data\processed\bfw\asian\n005072\0350_01.jpg,data\processed\bfw\asian\n004681\0340_01.jpg,n005072,n004681,asian,asian,males,males,,,0,0.03386149,45.557854,0.9661385
data\processed\bfw\asian\n003557\0102_03.jpg,data\processed\bfw\asian\n003557\0459_01.jpg,n003557,n003557,asian,asian,females,females,,,1,0.2230232,31.99919,0.7769768
data\processed\bfw\asian\n009294\0098_01.jpg,data\processed\bfw\asian\n009294\0194_01.jpg,n009294,n009294,asian,asian,females,females,,,1,0.12613367,36.772087,0.8738663
data\processed\bfw\asian\n006224\0138_01.jpg,data\processed\bfw\asian\n006224\0164_01.jpg,n006224,n006224,asian,asian,females,females,,,1,0.1091206,35.018494,0.8908794
data\processed\bfw\asian\n006619\0197_01.jpg,data\processed\bfw\asian\n006619\0334_03.jpg,n006619,n006619,asian,asian,females,females,,,1,0.16855884,31.103136,0.83144116
data\processed\bfw\asian\n008934\0111_01.jpg,data\processed\bfw\asian\n008934\0211_01.jpg,n008934,n008934,asian,asian,females,females,,,1,0.3228517,34.802967,0.67714834
data\processed\bfw\asian\n003465\0241_01.jpg,data\processed\bfw\asian\n000132\0027_01__face_0.jpg,n003465,n000132,asian,asian,males,males,,,0,0.052398752,38.91865,0.94760126
data\processed\bfw\asian\n009288\0281_02.jpg,data\processed\bfw\asian\n009288\0299_01.jpg,n009288,n009288,asian,asian,females,females,,,1,0.34864742,34.87231,0.6513526
data\processed\bfw\asian\n006223\0160_01.jpg,data\processed\bfw\asian\n006223\0260_01.jpg,n006223,n006223,asian,asian,females,females,,,1,0.30207175,30.719002,0.69792825
data\processed\bfw\asian\n002406\0103_01.jpg,data\processed\bfw\asian\n002406\0165_03.jpg,n002406,n002406,asian,asian,males,males,,,1,-0.013357223,36.308495,1.0133573
data\processed\bfw\asian\n005216\0307_01.jpg,data\processed\bfw\asian\n006774\0075_01.jpg,n005216,n006774,asian,asian,females,females,,,0,0.10655016,38.231262,0.89344984
data\processed\bfw\asian\n009276\0106_07.jpg,data\processed\bfw\asian\n009276\0140_04.jpg,n009276,n009276,asian,asian,females,females,,,1,0.0050383382,40.365772,0.9949617
data\processed\bfw\asian\n004467\0656_01.jpg,data\processed\bfw\asian\n000838\0037_01.jpg,n004467,n000838,asian,asian,males,females,,,0,0.1037573,40.12037,0.8962427
data\processed\bfw\asian\n005378\0242_02.jpg,data\processed\bfw\asian\n005378\0294_01.jpg,n005378,n005378,asian,asian,females,females,,,1,0.06975248,39.097214,0.93024755
data\processed\bfw\asian\n004870\0007_01.jpg,data\processed\bfw\asian\n004870\0020_01.jpg,n004870,n004870,asian,asian,females,females,,,1,0.50069994,27.752016,0.49930006
data\processed\bfw\asian\n006203\0130_01.jpg,data\processed\bfw\asian\n006203\0241_05.jpg,n006203,n006203,asian,asian,females,females,,,1,-0.004937773,38.252518,1.0049378
data\processed\bfw\asian\n004686\0077_01.jpg,data\processed\bfw\asian\n004686\0433_01.jpg,n004686,n004686,asian,asian,males,males,,,1,0.11902143,34.814587,0.8809786
data\processed\bfw\asian\n004800\0111_01.jpg,data\processed\bfw\asian\n004930\0290_01.jpg,n004800,n004930,asian,asian,males,females,,,0,0.12728038,37.152065,0.87271965
data\processed\bfw\asian\n009125\0181_01.jpg,data\processed\bfw\asian\n004687\0216_01.jpg,n009125,n004687,asian,asian,females,females,,,0,-0.17910063,38.558537,1.1791006
data\processed\bfw\asian\n005069\0246_01.jpg,data\processed\bfw\asian\n003465\0241_01.jpg,n005069,n003465,asian,asian,females,males,,,0,0.03743879,39.76511,0.9625612
data\processed\bfw\asian\n007089\0055_01.jpg,data\processed\bfw\asian\n002775\0034_02.jpg,n007089,n002775,asian,asian,females,males,,,0,0.01873143,43.84881,0.9812686
data\processed\bfw\asian\n003449\0164_01.jpg,data\processed\bfw\asian\n003824\0335_01.jpg,n003449,n003824,asian,asian,females,females,,,0,0.19508046,33.781357,0.80491954
data\processed\bfw\asian\n007816\0279_01.jpg,data\processed\bfw\asian\n007816\0397_01.jpg,n007816,n007816,asian,asian,females,females,,,1,0.27980775,29.689302,0.72019225
data\processed\bfw\asian\n003481\0096_02.jpg,data\processed\bfw\asian\n004466\0003_01.jpg,n003481,n004466,asian,asian,females,males,,,0,0.032653417,38.110714,0.9673466
data\processed\bfw\asian\n004687\0113_01.jpg,data\processed\bfw\asian\n004687\0268_01.jpg,n004687,n004687,asian,asian,females,females,,,1,0.41125244,27.708578,0.58874756
data\processed\bfw\asian\n000143\0013_01.jpg,data\processed\bfw\asian\n000143\0069_01.jpg,n000143,n000143,asian,asian,females,females,,,1,0.36866757,28.369373,0.6313324
data\processed\bfw\asian\n005378\0093_02.jpg,data\processed\bfw\asian\n005378\0234_02.jpg,n005378,n005378,asian,asian,females,females,,,1,0.05458078,39.53155,0.9454192
data\processed\bfw\asian\n000143\0064_01.jpg,data\processed\bfw\asian\n009041\0562_01.jpg,n000143,n009041,asian,asian,females,females,,,0,0.023424603,38.289833,0.9765754
data\processed\bfw\asian\n004109\0047_02.jpg,data\processed\bfw\asian\n000143\0135_02.jpg,n004109,n000143,asian,asian,males,females,,,0,0.043164432,37.940514,0.95683557
data\processed\bfw\asian\n000837\0009_01.jpg,data\processed\bfw\asian\n009287\0143_01.jpg,n000837,n009287,asian,asian,females,females,,,0,0.09083367,38.967285,0.90916634
data\processed\bfw\asian\n009175\0061_01.jpg,data\processed\bfw\asian\n006149\0096_01.jpg,n009175,n006149,asian,asian,females,females,,,0,0.008350456,39.48262,0.99164957
data\processed\bfw\asian\n003489\0061_01.jpg,data\processed\bfw\asian\n003482\0284_06.jpg,n003489,n003482,asian,asian,males,males,,,0,0.15358506,40.732815,0.8464149
data\processed\bfw\asian\n007372\0086_01.jpg,data\processed\bfw\asian\n005446\0475_01.jpg,n007372,n005446,asian,asian,females,females,,,0,0.017522378,35.545547,0.9824776
data\processed\bfw\asian\n004721\0177_01.jpg,data\processed\bfw\asian\n004721\0347_03.jpg,n004721,n004721,asian,asian,males,males,,,1,0.67544174,26.623486,0.32455826
data\processed\bfw\asian\n007380\0073_01.jpg,data\processed\bfw\asian\n000132\0234_01__face_0.jpg,n007380,n000132,asian,asian,females,males,,,0,-0.06131872,41.59878,1.0613188
data\processed\bfw\asian\n000137\0059_01.jpg,data\processed\bfw\asian\n000132\0094_02__face_0.jpg,n000137,n000132,asian,asian,females,males,,,0,-0.02713447,41.506386,1.0271344
data\processed\bfw\asian\n003491\0024_01.jpg,data\processed\bfw\asian\n006148\0165_01.jpg,n003491,n006148,asian,asian,males,females,,,0,0.0010270112,38.491543,0.998973
data\processed\bfw\asian\n000143\0081_01.jpg,data\processed\bfw\asian\n005063\0439_01.jpg,n000143,n005063,asian,asian,females,females,,,0,-0.09196829,40.080597,1.0919683
data\processed\bfw\asian\n003357\0422_01.jpg,data\processed\bfw\asian\n001682\0074_01.jpg,n003357,n001682,asian,asian,females,males,,,0,0.036465377,42.893265,0.9635346
data\processed\bfw\asian\n003491\0033_01.jpg,data\processed\bfw\asian\n003491\0070_06.jpg,n003491,n003491,asian,asian,males,males,,,1,0.44195938,32.69764,0.5580406
data\processed\bfw\asian\n002331\0199_01.jpg,data\processed\bfw\asian\n002331\0277_01.jpg,n002331,n002331,asian,asian,males,males,,,1,0.23059656,38.691193,0.76940346
data\processed\bfw\asian\n005085\0464_01.jpg,data\processed\bfw\asian\n005085\0679_01.jpg,n005085,n005085,asian,asian,females,females,,,1,0.24294844,31.768013,0.7570516
data\processed\bfw\asian\n003506\0307_01.jpg,data\processed\bfw\asian\n001496\0171_01.jpg,n003506,n001496,asian,asian,females,males,,,0,0.12008359,37.36904,0.8799164
data\processed\bfw\asian\n004805\0025_01.jpg,data\processed\bfw\asian\n004805\0289_01.jpg,n004805,n004805,asian,asian,males,males,,,1,0.35842723,30.513088,0.6415728
data\processed\bfw\asian\n005078\0072_01.jpg,data\processed\bfw\asian\n005078\0581_01.jpg,n005078,n005078,asian,asian,males,males,,,1,-0.058588665,44.39655,1.0585886
data\processed\bfw\asian\n005083\0198_01.jpg,data\processed\bfw\asian\n000873\0534_01.jpg,n005083,n000873,asian,asian,females,males,,,0,0.022500131,38.814873,0.97749984
data\processed\bfw\asian\n008383\0161_02.jpg,data\processed\bfw\asian\n002320\0006_01.jpg,n008383,n002320,asian,asian,females,males,,,0,0.0855478,39.53229,0.9144522
data\processed\bfw\asian\n003027\0047_01.jpg,data\processed\bfw\asian\n005177\0019_01.jpg,n003027,n005177,asian,asian,males,males,,,0,0.09798671,42.42963,0.9020133
data\processed\bfw\asian\n002725\0039_02.jpg,data\processed\bfw\asian\n002725\0267_01.jpg,n002725,n002725,asian,asian,females,females,,,1,0.45433965,27.999052,0.5456604
data\processed\bfw\asian\n003557\0013_01.jpg,data\processed\bfw\asian\n000837\0020_01.jpg,n003557,n000837,asian,asian,females,females,,,0,0.030611087,39.217003,0.9693889
data\processed\bfw\asian\n003223\0059_03.jpg,data\processed\bfw\asian\n003223\0070_02.jpg,n003223,n003223,asian,asian,males,males,,,1,0.17434797,34.70124,0.825652
data\processed\bfw\asian\n006159\0127_02.jpg,data\processed\bfw\asian\n006159\0244_01.jpg,n006159,n006159,asian,asian,females,females,,,1,0.33261466,37.261692,0.66738534
data\processed\bfw\asian\n003467\0217_01.jpg,data\processed\bfw\asian\n006358\0041_01.jpg,n003467,n006358,asian,asian,females,females,,,0,0.18574207,35.807224,0.8142579
data\processed\bfw\asian\n007270\0124_01.jpg,data\processed\bfw\asian\n007270\0289_01.jpg,n007270,n007270,asian,asian,females,females,,,1,0.56996053,26.095411,0.43003947
data\processed\bfw\asian\n004860\0820_01.jpg,data\processed\bfw\asian\n007380\0475_01.jpg,n004860,n007380,asian,asian,females,females,,,0,0.16156982,37.436207,0.83843017
data\processed\bfw\asian\n003357\0001_01.jpg,data\processed\bfw\asian\n004935\0703_01.jpg,n003357,n004935,asian,asian,females,males,,,0,-0.02723239,39.573742,1.0272324
data\processed\bfw\asian\n004687\0113_01.jpg,data\processed\bfw\asian\n000137\0265_01.jpg,n004687,n000137,asian,asian,females,females,,,0,0.041260086,34.232243,0.95873994
data\processed\bfw\asian\n000135\0467_01.jpg,data\processed\bfw\asian\n003155\0393_01.jpg,n000135,n003155,asian,asian,females,males,,,0,0.11536629,42.293583,0.8846337
data\processed\bfw\asian\n000161\0001_01.jpg,data\processed\bfw\asian\n000161\0141_02.jpg,n000161,n000161,asian,asian,males,males,,,1,0.58046305,29.271221,0.41953695
data\processed\bfw\asian\n004725\0121_01.jpg,data\processed\bfw\asian\n004725\0302_01.jpg,n004725,n004725,asian,asian,males,males,,,1,0.5830825,30.106136,0.4169175
data\processed\bfw\asian\n000161\0477_01.jpg,data\processed\bfw\asian\n001682\0031_01.jpg,n000161,n001682,asian,asian,males,males,,,0,-0.06737034,43.992126,1.0673703
data\processed\bfw\asian\n007899\0166_01.jpg,data\processed\bfw\asian\n007899\0172_04.jpg,n007899,n007899,asian,asian,females,females,,,1,0.17581393,36.903816,0.8241861
data\processed\bfw\asian\n004221\0114_02.jpg,data\processed\bfw\asian\n004221\0124_01.jpg,n004221,n004221,asian,asian,males,males,,,1,0.47369266,30.74927,0.52630734
data\processed\bfw\asian\n004805\0025_01.jpg,data\processed\bfw\asian\n009278\0039_02.jpg,n004805,n009278,asian,asian,males,females,,,0,0.11149754,36.823803,0.8885025
data\processed\bfw\asian\n008148\0082_01.jpg,data\processed\bfw\asian\n002775\0088_02.jpg,n008148,n002775,asian,asian,females,males,,,0,-0.107288234,41.975277,1.1072882
data\processed\bfw\asian\n006149\0005_01.jpg,data\processed\bfw\asian\n006149\0064_01.jpg,n006149,n006149,asian,asian,females,females,,,1,0.3449973,30.764639,0.6550027
data\processed\bfw\asian\n004930\0200_01.jpg,data\processed\bfw\asian\n004930\0236_01.jpg,n004930,n004930,asian,asian,females,females,,,1,0.20958062,34.764,0.7904194
data\processed\bfw\asian\n004877\0004_01.jpg,data\processed\bfw\asian\n004877\0007_01.jpg,n004877,n004877,asian,asian,females,females,,,1,0.62936604,23.81283,0.37063396
data\processed\bfw\asian\n006148\0254_01.jpg,data\processed\bfw\asian\n006358\0029_02.jpg,n006148,n006358,asian,asian,females,females,,,0,0.017209968,39.59103,0.98279005
data\processed\bfw\asian\n006619\0288_01.jpg,data\processed\bfw\asian\n006619\0333_01.jpg,n006619,n006619,asian,asian,females,females,,,1,0.27383494,32.817215,0.72616506
data\processed\bfw\asian\n007899\0174_01.jpg,data\processed\bfw\asian\n007899\0250_01.jpg,n007899,n007899,asian,asian,females,females,,,1,0.2891876,32.75589,0.7108124
data\processed\bfw\asian\n004870\0069_01.jpg,data\processed\bfw\asian\n004870\0178_06.jpg,n004870,n004870,asian,asian,females,females,,,1,0.27739048,33.96612,0.7226095
data\processed\bfw\asian\n007380\0088_01.jpg,data\processed\bfw\asian\n003481\0107_01.jpg,n007380,n003481,asian,asian,females,females,,,0,0.07222946,36.06376,0.92777056
data\processed\bfw\asian\n006224\0067_01.jpg,data\processed\bfw\asian\n006224\0116_01.jpg,n006224,n006224,asian,asian,females,females,,,1,0.28029096,30.747921,0.71970904
data\processed\bfw\asian\n009041\0134_01.jpg,data\processed\bfw\asian\n009041\0560_01.jpg,n009041,n009041,asian,asian,females,females,,,1,0.29809842,36.69198,0.70190156
data\processed\bfw\asian\n005069\0225_01.jpg,data\processed\bfw\asian\n009103\0421_01.jpg,n005069,n009103,asian,asian,females,females,,,0,0.06984898,36.79612,0.93015105
data\processed\bfw\asian\n004930\0235_01.jpg,data\processed\bfw\asian\n009278\0039_02.jpg,n004930,n009278,asian,asian,females,females,,,0,-0.08294147,37.815525,1.0829415
data\processed\bfw\asian\n006159\0183_01.jpg,data\processed\bfw\asian\n006159\0244_01.jpg,n006159,n006159,asian,asian,females,females,,,1,0.19749519,39.445095,0.8025048
data\processed\bfw\asian\n004785\0145_01.jpg,data\processed\bfw\asian\n004109\0032_02.jpg,n004785,n004109,asian,asian,females,males,,,0,-0.06857069,40.471447,1.0685707
data\processed\bfw\asian\n005078\0107_01.jpg,data\processed\bfw\asian\n005078\0134_01.jpg,n005078,n005078,asian,asian,males,males,,,1,0.4986605,30.924362,0.5013395
data\processed\bfw\asian\n004469\0083_02.jpg,data\processed\bfw\asian\n004469\0807_01.jpg,n004469,n004469,asian,asian,males,males,,,1,0.6272009,28.725992,0.3727991
data\processed\bfw\asian\n007816\0030_01.jpg,data\processed\bfw\asian\n007816\0279_01.jpg,n007816,n007816,asian,asian,females,females,,,1,0.25644243,28.792742,0.7435576
data\processed\bfw\asian\n003153\0610_04.jpg,data\processed\bfw\asian\n003167\0141_01.jpg,n003153,n003167,asian,asian,females,males,,,0,-0.026591703,42.282085,1.0265917
data\processed\bfw\asian\n009042\0059_01.jpg,data\processed\bfw\asian\n009125\0363_01.jpg,n009042,n009125,asian,asian,females,females,,,0,0.10902603,38.584587,0.890974
data\processed\bfw\asian\n000148\0025_01.jpg,data\processed\bfw\asian\n000148\0482_01.jpg,n000148,n000148,asian,asian,females,females,,,1,0.03198119,40.400986,0.96801883
data\processed\bfw\asian\n003357\0406_01.jpg,data\processed\bfw\asian\n003357\0469_01.jpg,n003357,n003357,asian,asian,females,females,,,1,0.17564437,32.67062,0.8243556
data\processed\bfw\asian\n009276\0298_01.jpg,data\processed\bfw\asian\n009276\0317_01.jpg,n009276,n009276,asian,asian,females,females,,,1,0.007935627,42.759163,0.99206436
data\processed\bfw\asian\n000839\0168_01.jpg,data\processed\bfw\asian\n000839\0479_01.jpg,n000839,n000839,asian,asian,females,females,,,1,0.24979115,31.754002,0.75020885
data\processed\bfw\asian\n004787\0278_01.jpg,data\processed\bfw\asian\n004787\0679_05.jpg,n004787,n004787,asian,asian,females,females,,,1,0.11104621,38.086506,0.8889538
data\processed\bfw\asian\n009276\0361_01.jpg,data\processed\bfw\asian\n003635\0177_02.jpg,n009276,n003635,asian,asian,females,males,,,0,-0.041083787,37.86741,1.0410838
data\processed\bfw\asian\n006223\0239_01.jpg,data\processed\bfw\asian\n006223\0519_01.jpg,n006223,n006223,asian,asian,females,females,,,1,0.1558509,33.383957,0.8441491
data\processed\bfw\asian\n000158\0199_03.jpg,data\processed\bfw\asian\n006344\0192_02.jpg,n000158,n006344,asian,asian,males,females,,,0,0.0073277177,42.065216,0.99267226
data\processed\bfw\asian\n008383\0068_01.jpg,data\processed\bfw\asian\n004680\0178_01.jpg,n008383,n004680,asian,asian,females,females,,,0,-0.038842376,36.968864,1.0388423
data\processed\bfw\asian\n008163\0229_01.jpg,data\processed\bfw\asian\n008163\0429_01.jpg,n008163,n008163,asian,asian,females,females,,,1,0.4814313,31.776028,0.5185687
data\processed\bfw\asian\n006344\0322_01.jpg,data\processed\bfw\asian\n006344\0577_01.jpg,n006344,n006344,asian,asian,females,females,,,1,0.14210807,33.716274,0.8578919
data\processed\bfw\asian\n004472\0484_01.jpg,data\processed\bfw\asian\n004877\0135_01.jpg,n004472,n004877,asian,asian,females,females,,,0,0.10851521,33.977512,0.8914848
data\processed\bfw\asian\n004549\0296_01.jpg,data\processed\bfw\asian\n004549\0357_03.jpg,n004549,n004549,asian,asian,females,females,,,1,0.078676976,38.16716,0.921323
data\processed\bfw\asian\n003463\0304_01.jpg,data\processed\bfw\asian\n003465\0169_01.jpg,n003463,n003465,asian,asian,males,males,,,0,0.18085767,37.61941,0.81914234
data\processed\bfw\asian\n004809\0238_01.jpg,data\processed\bfw\asian\n004809\0328_01.jpg,n004809,n004809,asian,asian,males,males,,,1,0.46163294,30.235048,0.53836703
data\processed\bfw\asian\n009041\0032_01.jpg,data\processed\bfw\asian\n009041\0118_01.jpg,n009041,n009041,asian,asian,females,females,,,1,0.35878664,35.609917,0.64121336
data\processed\bfw\asian\n000161\0125_01.jpg,data\processed\bfw\asian\n003167\0064_01.jpg,n000161,n003167,asian,asian,males,males,,,0,0.17547773,40.549797,0.82452226
data\processed\bfw\asian\n004800\0169_01.jpg,data\processed\bfw\asian\n000137\0032_01.jpg,n004800,n000137,asian,asian,males,females,,,0,0.014136809,37.774994,0.9858632
data\processed\bfw\asian\n009287\0185_01.jpg,data\processed\bfw\asian\n009287\0256_04.jpg,n009287,n009287,asian,asian,females,females,,,1,0.29607555,41.206924,0.7039244
data\processed\bfw\asian\n007664\0045_01.jpg,data\processed\bfw\asian\n007664\0065_01.jpg,n007664,n007664,asian,asian,females,females,,,1,0.55081993,24.975418,0.44918007
data\processed\bfw\asian\n000838\0060_04.jpg,data\processed\bfw\asian\n000838\0066_01.jpg,n000838,n000838,asian,asian,females,females,,,1,0.2788763,35.475273,0.7211237
data\processed\bfw\asian\n005474\0129_02.jpg,data\processed\bfw\asian\n005474\0162_02.jpg,n005474,n005474,asian,asian,females,females,,,1,0.30854318,29.940355,0.6914568
data\processed\bfw\asian\n006619\0005_01.jpg,data\processed\bfw\asian\n004786\0056_01.jpg,n006619,n004786,asian,asian,females,females,,,0,-0.15037043,40.712532,1.1503705
data\processed\bfw\asian\n000158\0367_01.jpg,data\processed\bfw\asian\n001682\0142_01.jpg,n000158,n001682,asian,asian,males,males,,,0,0.03428969,37.961647,0.9657103
data\processed\bfw\asian\n004864\0004_01.jpg,data\processed\bfw\asian\n004864\0148_01.jpg,n004864,n004864,asian,asian,females,females,,,1,0.6148934,21.70336,0.38510662
data\processed\bfw\asian\n009287\0261_01.jpg,data\processed\bfw\asian\n009287\0278_01.jpg,n009287,n009287,asian,asian,females,females,,,1,0.06518454,42.580456,0.93481547
data\processed\bfw\asian\n005446\0279_01.jpg,data\processed\bfw\asian\n005474\0129_02.jpg,n005446,n005474,asian,asian,females,females,,,0,-0.14496365,38.099243,1.1449636
data\processed\bfw\asian\n002775\0011_07.jpg,data\processed\bfw\asian\n002775\0074_01.jpg,n002775,n002775,asian,asian,males,males,,,1,0.54730487,33.115177,0.45269513
data\processed\bfw\asian\n003824\0148_01.jpg,data\processed\bfw\asian\n003824\0335_01.jpg,n003824,n003824,asian,asian,females,females,,,1,0.2424791,33.53256,0.7575209
data\processed\bfw\asian\n000137\0248_01.jpg,data\processed\bfw\asian\n003489\0051_03.jpg,n000137,n003489,asian,asian,females,males,,,0,-0.09137376,42.177753,1.0913738
data\processed\bfw\asian\n005177\0032_01.jpg,data\processed\bfw\asian\n005177\0321_01.jpg,n005177,n005177,asian,asian,males,males,,,1,0.5828166,29.382652,0.4171834
data\processed\bfw\asian\n007378\0112_03.jpg,data\processed\bfw\asian\n007378\0474_01.jpg,n007378,n007378,asian,asian,females,females,,,1,0.25960308,29.329697,0.7403969
data\processed\bfw\asian\n007270\0155_01.jpg,data\processed\bfw\asian\n004786\0135_01.jpg,n007270,n004786,asian,asian,females,females,,,0,-0.001682721,35.987446,1.0016828
data\processed\bfw\asian\n003491\0019_01.jpg,data\processed\bfw\asian\n003491\0104_03.jpg,n003491,n003491,asian,asian,males,males,,,1,0.4730504,32.64825,0.52694964
data\processed\bfw\asian\n004221\0075_01.jpg,data\processed\bfw\asian\n004221\0158_03.jpg,n004221,n004221,asian,asian,males,males,,,1,0.5191515,27.871227,0.4808485
data\processed\bfw\asian\n000837\0046_02.jpg,data\processed\bfw\asian\n000837\0075_01.jpg,n000837,n000837,asian,asian,females,females,,,1,0.42842972,29.146843,0.5715703
data\processed\bfw\asian\n007664\0153_01.jpg,data\processed\bfw\asian\n007664\0367_01.jpg,n007664,n007664,asian,asian,females,females,,,1,-0.052542966,39.969463,1.0525429
data\processed\bfw\asian\n004466\0321_01.jpg,data\processed\bfw\asian\n004469\0168_01.jpg,n004466,n004469,asian,asian,males,males,,,0,0.15155168,37.564377,0.84844834
data\processed\bfw\asian\n008148\0013_01.jpg,data\processed\bfw\asian\n008148\0108_01.jpg,n008148,n008148,asian,asian,females,females,,,1,0.3461677,30.538012,0.6538323
data\processed\bfw\asian\n003357\0033_01.jpg,data\processed\bfw\asian\n003357\0493_01.jpg,n003357,n003357,asian,asian,females,females,,,1,0.27382988,31.283577,0.7261701
data\processed\bfw\asian\n002406\0173_01.jpg,data\processed\bfw\asian\n009294\0104_01.jpg,n002406,n009294,asian,asian,males,females,,,0,0.14620812,37.43368,0.8537919
data\processed\bfw\asian\n000148\0013_01.jpg,data\processed\bfw\asian\n000148\0152_01.jpg,n000148,n000148,asian,asian,females,females,,,1,0.08150303,32.82779,0.91849697
data\processed\bfw\asian\n004680\0178_01.jpg,data\processed\bfw\asian\n004680\0241_01.jpg,n004680,n004680,asian,asian,females,females,,,1,0.40141505,27.664026,0.59858495
data\processed\bfw\asian\n004469\0169_01.jpg,data\processed\bfw\asian\n002320\0272_03.jpg,n004469,n002320,asian,asian,males,males,,,0,-0.017440198,42.88047,1.0174402
data\processed\bfw\asian\n005216\0043_01.jpg,data\processed\bfw\asian\n005216\0220_01.jpg,n005216,n005216,asian,asian,females,females,,,1,0.19718197,34.734844,0.80281806
data\processed\bfw\asian\n004930\0082_01.jpg,data\processed\bfw\asian\n009125\0051_02.jpg,n004930,n009125,asian,asian,females,females,,,0,-0.054943565,40.634335,1.0549436
data\processed\bfw\asian\n000161\0162_01.jpg,data\processed\bfw\asian\n005474\0005_01.jpg,n000161,n005474,asian,asian,males,females,,,0,0.0996115,36.891327,0.9003885
data\processed\bfw\asian\n004948\0016_01.jpg,data\processed\bfw\asian\n004948\0341_01.jpg,n004948,n004948,asian,asian,males,males,,,1,0.25215304,35.152206,0.74784696
data\processed\bfw\asian\n004800\0289_02.jpg,data\processed\bfw\asian\n004800\0866_03.jpg,n004800,n004800,asian,asian,males,males,,,1,0.4403884,29.826563,0.55961156
data\processed\bfw\asian\n003491\0070_06.jpg,data\processed\bfw\asian\n008148\0389_02.jpg,n003491,n008148,asian,asian,males,females,,,0,-0.11248537,41.913628,1.1124854
data\processed\bfw\asian\n005072\0015_01.jpg,data\processed\bfw\asian\n005072\0350_01.jpg,n005072,n005072,asian,asian,males,males,,,1,0.253339,38.322994,0.746661
data\processed\bfw\asian\n009275\0397_03.jpg,data\processed\bfw\asian\n006418\0165_02.jpg,n009275,n006418,asian,asian,females,females,,,0,0.13581106,33.971912,0.8641889
data\processed\bfw\asian\n000839\0120_01.jpg,data\processed\bfw\asian\n003481\0245_01.jpg,n000839,n003481,asian,asian,females,females,,,0,-0.104009636,41.698452,1.1040096
data\processed\bfw\asian\n000137\0138_01.jpg,data\processed\bfw\asian\n000137\0187_01.jpg,n000137,n000137,asian,asian,females,females,,,1,0.23306856,39.263905,0.7669314
data\processed\bfw\asian\n006358\0083_03.jpg,data\processed\bfw\asian\n006418\0075_02.jpg,n006358,n006418,asian,asian,females,females,,,0,0.066765904,40.49804,0.9332341
data\processed\bfw\asian\n007372\0039_01.jpg,data\processed\bfw\asian\n000839\0049_01.jpg,n007372,n000839,asian,asian,females,females,,,0,0.18180832,32.29044,0.81819165
data\processed\bfw\asian\n003355\0024_07.jpg,data\processed\bfw\asian\n006223\0148_01.jpg,n003355,n006223,asian,asian,males,females,,,0,-0.06677982,36.063816,1.0667799
data\processed\bfw\asian\n006619\0034_01.jpg,data\processed\bfw\asian\n005071\0115_02.jpg,n006619,n005071,asian,asian,females,males,,,0,0.021176256,37.805073,0.9788237
data\processed\bfw\asian\n007378\0175_01.jpg,data\processed\bfw\asian\n003463\0097_02.jpg,n007378,n003463,asian,asian,females,males,,,0,0.0683972,37.31746,0.9316028
data\processed\bfw\asian\n009042\0072_01.jpg,data\processed\bfw\asian\n009042\0122_03.jpg,n009042,n009042,asian,asian,females,females,,,1,0.5788153,28.877144,0.42118472
data\processed\bfw\asian\n002644\0226_01.jpg,data\processed\bfw\asian\n005072\0068_02.jpg,n002644,n005072,asian,asian,males,males,,,0,0.041968707,38.875603,0.9580313
data\processed\bfw\asian\n007378\0049_01.jpg,data\processed\bfw\asian\n005072\0181_01.jpg,n007378,n005072,asian,asian,females,males,,,0,-0.05938954,37.0492,1.0593896
data\processed\bfw\asian\n004786\0128_03.jpg,data\processed\bfw\asian\n004786\0203_01.jpg,n004786,n004786,asian,asian,females,females,,,1,0.41127226,29.378464,0.5887277
data\processed\bfw\asian\n000135\0013_02.jpg,data\processed\bfw\asian\n005085\0658_01.jpg,n000135,n005085,asian,asian,females,females,,,0,0.06994448,37.49782,0.9300555
data\processed\bfw\asian\n004948\0091_01.jpg,data\processed\bfw\asian\n004948\0318_02.jpg,n004948,n004948,asian,asian,males,males,,,1,0.28875527,32.89959,0.7112447
data\processed\bfw\asian\n006634\0101_01.jpg,data\processed\bfw\asian\n006634\0135_01.jpg,n006634,n006634,asian,asian,females,females,,,1,0.6782988,23.093906,0.32170123
data\processed\bfw\asian\n003027\0397_01.jpg,data\processed\bfw\asian\n004809\0013_04.jpg,n003027,n004809,asian,asian,males,males,,,0,0.14792924,39.33774,0.85207075
data\processed\bfw\asian\n001682\0052_01.jpg,data\processed\bfw\asian\n001682\0085_01.jpg,n001682,n001682,asian,asian,males,males,,,1,0.6752183,27.174194,0.32478172
data\processed\bfw\asian\n003449\0118_08.jpg,data\processed\bfw\asian\n003449\0189_01.jpg,n003449,n003449,asian,asian,females,females,,,1,0.018739965,37.617348,0.98126006
data\processed\bfw\asian\n000009\0063_01.jpg,data\processed\bfw\asian\n000009\0122_02.jpg,n000009,n000009,asian,asian,females,females,,,1,0.23652472,33.5949,0.7634753
data\processed\bfw\asian\n005077\0020_01.jpg,data\processed\bfw\asian\n005077\0077_01.jpg,n005077,n005077,asian,asian,females,females,,,1,0.45998287,27.88666,0.5400171
data\processed\bfw\asian\n000854\0193_01.jpg,data\processed\bfw\asian\n000854\0291_01.jpg,n000854,n000854,asian,asian,females,females,,,1,0.15799263,38.797066,0.8420074
data\processed\bfw\asian\n004466\0238_01.jpg,data\processed\bfw\asian\n001496\0218_01.jpg,n004466,n001496,asian,asian,males,males,,,0,0.09693309,36.20384,0.90306693
data\processed\bfw\asian\n004466\0061_01.jpg,data\processed\bfw\asian\n004466\0091_01.jpg,n004466,n004466,asian,asian,males,males,,,1,0.3631412,29.885948,0.6368588
data\processed\bfw\asian\n004109\0100_01.jpg,data\processed\bfw\asian\n005072\0640_01.jpg,n004109,n005072,asian,asian,males,males,,,0,0.061761573,36.741085,0.93823844
data\processed\bfw\asian\n006634\0166_01.jpg,data\processed\bfw\asian\n004680\0178_01.jpg,n006634,n004680,asian,asian,females,females,,,0,-0.00092565984,36.652298,1.0009257
data\processed\bfw\asian\n002320\0013_05.jpg,data\processed\bfw\asian\n002320\0208_01.jpg,n002320,n002320,asian,asian,males,males,,,1,0.23673677,33.05955,0.7632632
data\processed\bfw\asian\n003489\0079_01.jpg,data\processed\bfw\asian\n003533\0573_01.jpg,n003489,n003533,asian,asian,males,males,,,0,0.07923453,41.81421,0.92076546
data\processed\bfw\asian\n003354\0177_01.jpg,data\processed\bfw\asian\n000138\0164_01.jpg,n003354,n000138,asian,asian,females,females,,,0,0.057743534,37.27322,0.94225645
data\processed\bfw\asian\n006203\0009_04.jpg,data\processed\bfw\asian\n004870\0098_01.jpg,n006203,n004870,asian,asian,females,females,,,0,-0.075408556,37.40035,1.0754086
data\processed\bfw\asian\n006774\0075_01.jpg,data\processed\bfw\asian\n006774\0282_01.jpg,n006774,n006774,asian,asian,females,females,,,1,0.015756348,36.70397,0.98424363
data\processed\bfw\asian\n000873\0031_01.jpg,data\processed\bfw\asian\n000873\0061_01.jpg,n000873,n000873,asian,asian,males,males,,,1,0.4156528,29.900707,0.5843472
data\processed\bfw\asian\n008934\0276_01.jpg,data\processed\bfw\asian\n008934\0353_01.jpg,n008934,n008934,asian,asian,females,females,,,1,0.25600863,33.24152,0.7439914
data\processed\bfw\asian\n009278\0087_02.jpg,data\processed\bfw\asian\n004787\0679_05.jpg,n009278,n004787,asian,asian,females,females,,,0,0.05293963,39.33775,0.94706035
data\processed\bfw\asian\n008401\0097_02.jpg,data\processed\bfw\asian\n008401\0469_01.jpg,n008401,n008401,asian,asian,females,females,,,1,0.21360059,37.42378,0.7863994
data\processed\bfw\asian\n003153\0069_02.jpg,data\processed\bfw\asian\n002775\0086_03.jpg,n003153,n002775,asian,asian,females,males,,,0,0.035096772,39.93648,0.96490324
data\processed\bfw\asian\n009276\0025_04.jpg,data\processed\bfw\asian\n004864\0057_01.jpg,n009276,n004864,asian,asian,females,females,,,0,0.05885473,38.88132,0.9411453
data\processed\bfw\asian\n009277\0063_02.jpg,data\processed\bfw\asian\n001496\0137_01.jpg,n009277,n001496,asian,asian,females,males,,,0,-0.014003931,41.022846,1.0140039
data\processed\bfw\asian\n005063\0068_01.jpg,data\processed\bfw\asian\n005474\0210_02.jpg,n005063,n005474,asian,asian,females,females,,,0,-0.12936048,39.96068,1.1293604
data\processed\bfw\asian\n005063\0144_01.jpg,data\processed\bfw\asian\n004686\0157_01.jpg,n005063,n004686,asian,asian,females,males,,,0,-0.005394921,39.46562,1.0053949
data\processed\bfw\asian\n004549\0202_01.jpg,data\processed\bfw\asian\n004870\0033_01.jpg,n004549,n004870,asian,asian,females,females,,,0,0.03630803,40.520473,0.96369195
data\processed\bfw\asian\n003167\0274_01.jpg,data\processed\bfw\asian\n003167\0533_01.jpg,n003167,n003167,asian,asian,males,males,,,1,0.2786448,34.74507,0.7213552
data\processed\bfw\asian\n009287\0278_01.jpg,data\processed\bfw\asian\n003153\0250_01.jpg,n009287,n003153,asian,asian,females,females,,,0,0.121081784,40.690983,0.87891823
data\processed\bfw\asian\n007378\0474_01.jpg,data\processed\bfw\asian\n004687\0226_01.jpg,n007378,n004687,asian,asian,females,females,,,0,-0.013971873,35.054905,1.0139719
data\processed\bfw\asian\n000161\0136_01.jpg,data\processed\bfw\asian\n000161\0141_02.jpg,n000161,n000161,asian,asian,males,males,,,1,0.061049573,41.77464,0.9389504
data\processed\bfw\asian\n007380\0168_01.jpg,data\processed\bfw\asian\n004870\0161_02.jpg,n007380,n004870,asian,asian,females,females,,,0,0.12051386,33.592762,0.87948614
data\processed\bfw\asian\n003155\0004_01.jpg,data\processed\bfw\asian\n003155\1014_01.jpg,n003155,n003155,asian,asian,males,males,,,1,0.14120717,44.978172,0.85879284
data\processed\bfw\asian\n006418\0090_09.jpg,data\processed\bfw\asian\n006418\0165_02.jpg,n006418,n006418,asian,asian,females,females,,,1,0.15542121,33.30953,0.8445788
data\processed\bfw\asian\n004786\0101_01.jpg,data\processed\bfw\asian\n004786\0746_01.jpg,n004786,n004786,asian,asian,females,females,,,1,-0.15556456,44.09576,1.1555645
data\processed\bfw\asian\n007378\0168_01.jpg,data\processed\bfw\asian\n004860\0040_01.jpg,n007378,n004860,asian,asian,females,females,,,0,-0.008835671,39.658363,1.0088357
data\processed\bfw\asian\n007664\0106_01.jpg,data\processed\bfw\asian\n001562\0111_01.jpg,n007664,n001562,asian,asian,females,males,,,0,0.04357586,40.256325,0.9564241
data\processed\bfw\asian\n003635\0047_02.jpg,data\processed\bfw\asian\n000436\0156_02.jpg,n003635,n000436,asian,asian,males,males,,,0,-0.016055234,47.11923,1.0160552
data\processed\bfw\asian\n005216\0017_01.jpg,data\processed\bfw\asian\n005216\0091_01.jpg,n005216,n005216,asian,asian,females,females,,,1,0.46440357,27.888493,0.53559643
data\processed\bfw\asian\n000839\0049_01.jpg,data\processed\bfw\asian\n000839\0162_01.jpg,n000839,n000839,asian,asian,females,females,,,1,0.2973083,30.72091,0.7026917
data\processed\bfw\asian\n004809\0221_01.jpg,data\processed\bfw\asian\n000854\0060_01.jpg,n004809,n000854,asian,asian,males,females,,,0,0.039460633,38.846863,0.96053934
data\processed\bfw\asian\n001682\0031_01.jpg,data\processed\bfw\asian\n001682\0448_01.jpg,n001682,n001682,asian,asian,males,males,,,1,0.18196325,42.58299,0.81803674
data\processed\bfw\asian\n007738\0114_01.jpg,data\processed\bfw\asian\n007738\0172_01.jpg,n007738,n007738,asian,asian,females,females,,,1,0.33591697,32.408775,0.664083
data\processed\bfw\asian\n004686\0023_01.jpg,data\processed\bfw\asian\n009041\0046_02.jpg,n004686,n009041,asian,asian,males,females,,,0,0.16529353,38.764515,0.8347065
data\processed\bfw\asian\n000160\0347_01.jpg,data\processed\bfw\asian\n005063\0044_03.jpg,n000160,n005063,asian,asian,females,females,,,0,-0.035467062,40.733032,1.035467
data\processed\bfw\asian\n004870\0050_02.jpg,data\processed\bfw\asian\n004870\0178_06.jpg,n004870,n004870,asian,asian,females,females,,,1,0.31322616,32.709892,0.68677384
data\processed\bfw\asian\n002406\0148_01.jpg,data\processed\bfw\asian\n003355\0053_01.jpg,n002406,n003355,asian,asian,males,males,,,0,-0.042966347,38.92087,1.0429664
data\processed\bfw\asian\n008383\0062_06.jpg,data\processed\bfw\asian\n008383\0104_02.jpg,n008383,n008383,asian,asian,females,females,,,1,0.46068084,28.708086,0.53931916
data\processed\bfw\asian\n001864\0003_01.jpg,data\processed\bfw\asian\n009042\0034_01.jpg,n001864,n009042,asian,asian,males,females,,,0,0.05523578,40.087208,0.9447642
data\processed\bfw\asian\n001572\0115_01.jpg,data\processed\bfw\asian\n001572\0238_01.jpg,n001572,n001572,asian,asian,females,females,,,1,0.33157298,32.16537,0.668427
data\processed\bfw\asian\n004786\0241_02.jpg,data\processed\bfw\asian\n005177\0093_01.jpg,n004786,n005177,asian,asian,females,males,,,0,0.08064163,35.958782,0.9193584
data\processed\bfw\asian\n000148\0152_01.jpg,data\processed\bfw\asian\n000148\0353_01.jpg,n000148,n000148,asian,asian,females,females,,,1,0.32042202,29.908964,0.67957795
data\processed\bfw\asian\n003635\0099_01.jpg,data\processed\bfw\asian\n005069\0068_01.jpg,n003635,n005069,asian,asian,males,females,,,0,0.062109146,42.088856,0.9378908
data\processed\bfw\asian\n003153\0246_01.jpg,data\processed\bfw\asian\n003153\0645_01.jpg,n003153,n003153,asian,asian,females,females,,,1,0.34753156,28.104555,0.65246844
data\processed\bfw\asian\n009277\0150_01.jpg,data\processed\bfw\asian\n007378\0168_01.jpg,n009277,n007378,asian,asian,females,females,,,0,-0.11997851,41.63519,1.1199785
data\processed\bfw\asian\n000135\0035_01.jpg,data\processed\bfw\asian\n000135\0272_01.jpg,n000135,n000135,asian,asian,females,females,,,1,-0.037598867,36.32477,1.0375988
data\processed\bfw\asian\n007270\0370_01.jpg,data\processed\bfw\asian\n005474\0118_02.jpg,n007270,n005474,asian,asian,females,females,,,0,0.07057352,36.285374,0.9294265
data\processed\bfw\asian\n002725\0007_03.jpg,data\processed\bfw\asian\n003355\0203_01.jpg,n002725,n003355,asian,asian,females,males,,,0,-0.07418541,45.47474,1.0741854
data\processed\bfw\asian\n004549\0213_01.jpg,data\processed\bfw\asian\n004549\0368_01.jpg,n004549,n004549,asian,asian,females,females,,,1,0.29183567,25.693615,0.70816433
data\processed\bfw\asian\n007372\0086_01.jpg,data\processed\bfw\asian\n007372\0112_05.jpg,n007372,n007372,asian,asian,females,females,,,1,0.29169407,33.766018,0.70830595
data\processed\bfw\asian\n003635\0021_01.jpg,data\processed\bfw\asian\n003635\0109_04.jpg,n003635,n003635,asian,asian,males,males,,,1,0.41673997,33.6426,0.58326006
data\processed\bfw\asian\n005474\0062_01.jpg,data\processed\bfw\asian\n005474\0726_02.jpg,n005474,n005474,asian,asian,females,females,,,1,0.45997542,26.308165,0.5400246
data\processed\bfw\asian\n004549\0018_01.jpg,data\processed\bfw\asian\n004549\0168_05.jpg,n004549,n004549,asian,asian,females,females,,,1,0.058567427,34.688023,0.9414326
data\processed\bfw\asian\n003354\0011_01.jpg,data\processed\bfw\asian\n003824\0014_01.jpg,n003354,n003824,asian,asian,females,females,,,0,0.01871139,35.52471,0.9812886
data\processed\bfw\asian\n004472\0007_01.jpg,data\processed\bfw\asian\n004472\0391_02.jpg,n004472,n004472,asian,asian,females,females,,,1,0.2854204,30.385563,0.7145796
data\processed\bfw\asian\n002644\0123_02.jpg,data\processed\bfw\asian\n009279\0254_03.jpg,n002644,n009279,asian,asian,males,females,,,0,0.058639303,39.508377,0.9413607
data\processed\bfw\asian\n003491\0114_03.jpg,data\processed\bfw\asian\n004108\0383_01.jpg,n003491,n004108,asian,asian,males,males,,,0,-0.019654442,42.52402,1.0196544
data\processed\bfw\asian\n002509\0046_01.jpg,data\processed\bfw\asian\n002509\0432_01.jpg,n002509,n002509,asian,asian,females,females,,,1,0.45218053,26.496674,0.5478195
data\processed\bfw\asian\n006634\0135_01.jpg,data\processed\bfw\asian\n006634\0726_04.jpg,n006634,n006634,asian,asian,females,females,,,1,-0.035604622,38.57907,1.0356046
data\processed\bfw\asian\n000009\0010_01.jpg,data\processed\bfw\asian\n000009\0205_01.jpg,n000009,n000009,asian,asian,females,females,,,1,0.11069938,34.498928,0.88930064
data\processed\bfw\asian\n006619\0572_01.jpg,data\processed\bfw\asian\n000840\0214_01.jpg,n006619,n000840,asian,asian,females,females,,,0,0.04183896,36.090435,0.95816106
data\processed\bfw\asian\n004721\0017_01.jpg,data\processed\bfw\asian\n004721\0283_01.jpg,n004721,n004721,asian,asian,males,males,,,1,0.07091953,37.570564,0.9290805
data\processed\bfw\asian\n003467\0130_03.jpg,data\processed\bfw\asian\n003467\0405_01.jpg,n003467,n003467,asian,asian,females,females,,,1,-0.052042387,38.54748,1.0520424
data\processed\bfw\asian\n000872\0085_01.jpg,data\processed\bfw\asian\n000872\0098_01.jpg,n000872,n000872,asian,asian,males,males,,,1,0.4321574,32.90273,0.5678426
data\processed\bfw\asian\n003449\0073_01.jpg,data\processed\bfw\asian\n004800\0866_03.jpg,n003449,n004800,asian,asian,females,males,,,0,-0.16009012,41.010902,1.1600901
data\processed\bfw\asian\n004860\0018_02.jpg,data\processed\bfw\asian\n004860\0097_01.jpg,n004860,n004860,asian,asian,females,females,,,1,0.285305,29.736923,0.714695
data\processed\bfw\asian\n005069\0110_02.jpg,data\processed\bfw\asian\n005069\0578_01.jpg,n005069,n005069,asian,asian,females,females,,,1,0.055878323,36.50294,0.94412166
data\processed\bfw\asian\n004109\0554_02.jpg,data\processed\bfw\asian\n004469\0108_02.jpg,n004109,n004469,asian,asian,males,males,,,0,0.17626418,35.851444,0.82373583
data\processed\bfw\asian\n005078\0091_03.jpg,data\processed\bfw\asian\n000132\0238_02__face_0.jpg,n005078,n000132,asian,asian,males,males,,,0,0.063826054,43.94575,0.9361739
data\processed\bfw\asian\n008934\0111_01.jpg,data\processed\bfw\asian\n007089\0133_01.jpg,n008934,n007089,asian,asian,females,females,,,0,0.110884234,37.247616,0.88911575
data\processed\bfw\asian\n007664\0029_01.jpg,data\processed\bfw\asian\n007664\0817_01.jpg,n007664,n007664,asian,asian,females,females,,,1,0.11411131,35.51873,0.8858887
data\processed\bfw\asian\n009137\0047_02.jpg,data\processed\bfw\asian\n009137\0226_02.jpg,n009137,n009137,asian,asian,females,females,,,1,0.23767376,32.04454,0.76232624
data\processed\bfw\asian\n000872\0114_01.jpg,data\processed\bfw\asian\n000872\0200_01.jpg,n000872,n000872,asian,asian,males,males,,,1,0.3963998,31.571257,0.6036002
data\processed\bfw\asian\n004109\0525_02.jpg,data\processed\bfw\asian\n005078\0581_01.jpg,n004109,n005078,asian,asian,males,males,,,0,0.0096073365,42.442276,0.9903927
data\processed\bfw\asian\n007372\0177_01.jpg,data\processed\bfw\asian\n004725\0041_01.jpg,n007372,n004725,asian,asian,females,males,,,0,0.067437865,41.834316,0.9325621
data\processed\bfw\asian\n003354\0047_01.jpg,data\processed\bfw\asian\n003354\0346_02.jpg,n003354,n003354,asian,asian,females,females,,,1,0.0073660505,39.254864,0.99263394
data\processed\bfw\asian\n003167\0183_01.jpg,data\processed\bfw\asian\n003155\0989_02.jpg,n003167,n003155,asian,asian,males,males,,,0,-0.010752675,43.632633,1.0107527
data\processed\bfw\asian\n005077\0005_01.jpg,data\processed\bfw\asian\n006223\0260_01.jpg,n005077,n006223,asian,asian,females,females,,,0,0.035098054,35.114193,0.9649019
data\processed\bfw\asian\n004805\0164_01.jpg,data\processed\bfw\asian\n004877\0145_01.jpg,n004805,n004877,asian,asian,males,females,,,0,0.21288866,31.04632,0.78711134
data\processed\bfw\asian\n004805\0441_05.jpg,data\processed\bfw\asian\n004805\0655_01.jpg,n004805,n004805,asian,asian,males,males,,,1,0.25979427,32.67156,0.74020576
data\processed\bfw\asian\n008148\0246_01.jpg,data\processed\bfw\asian\n008148\0251_01.jpg,n008148,n008148,asian,asian,females,females,,,1,0.013809836,41.57986,0.98619014
data\processed\bfw\asian\n000161\0020_01.jpg,data\processed\bfw\asian\n007816\0281_01.jpg,n000161,n007816,asian,asian,males,females,,,0,0.07692347,39.370007,0.9230765
data\processed\bfw\asian\n004877\0317_02.jpg,data\processed\bfw\asian\n004794\0603_01.jpg,n004877,n004794,asian,asian,females,males,,,0,0.17015916,41.31063,0.82984084
data\processed\bfw\asian\n002775\0028_01.jpg,data\processed\bfw\asian\n004930\0389_01.jpg,n002775,n004930,asian,asian,males,females,,,0,-0.010400758,44.224007,1.0104008
data\processed\bfw\asian\n000138\0347_01.jpg,data\processed\bfw\asian\n003162\0282_01.jpg,n000138,n003162,asian,asian,females,males,,,0,-0.06376644,42.49006,1.0637665
data\processed\bfw\asian\n004472\0205_01.jpg,data\processed\bfw\asian\n005085\0322_01.jpg,n004472,n005085,asian,asian,females,females,,,0,0.37870532,28.923468,0.6212947
data\processed\bfw\asian\n000137\0248_01.jpg,data\processed\bfw\asian\n003489\0102_01.jpg,n000137,n003489,asian,asian,females,males,,,0,-0.18757811,41.540306,1.1875781
data\processed\bfw\asian\n006358\0054_02.jpg,data\processed\bfw\asian\n006358\0094_01.jpg,n006358,n006358,asian,asian,females,females,,,1,0.28548333,36.191956,0.71451664
data\processed\bfw\asian\n004109\0204_01.jpg,data\processed\bfw\asian\n004109\0563_01.jpg,n004109,n004109,asian,asian,males,males,,,1,0.38926238,30.482779,0.6107376
data\processed\bfw\asian\n004549\0039_01.jpg,data\processed\bfw\asian\n003358\0316_01.jpg,n004549,n003358,asian,asian,females,females,,,0,0.11417055,31.443329,0.88582945
data\processed\bfw\asian\n000158\0404_01.jpg,data\processed\bfw\asian\n004870\0144_01.jpg,n000158,n004870,asian,asian,males,females,,,0,-0.057004157,39.59862,1.0570042
data\processed\bfw\asian\n003491\0131_03.jpg,data\processed\bfw\asian\n000138\0087_03.jpg,n003491,n000138,asian,asian,males,females,,,0,-0.12613578,40.125366,1.1261358
data\processed\bfw\asian\n006203\0160_01.jpg,data\processed\bfw\asian\n006203\0654_01.jpg,n006203,n006203,asian,asian,females,females,,,1,0.54888535,20.793636,0.45111465
data\processed\bfw\asian\n009103\0067_02.jpg,data\processed\bfw\asian\n009103\0220_01.jpg,n009103,n009103,asian,asian,females,females,,,1,0.43387452,28.599638,0.5661255
data\processed\bfw\asian\n004686\0072_01.jpg,data\processed\bfw\asian\n005078\0298_01.jpg,n004686,n005078,asian,asian,males,males,,,0,0.03212609,40.224987,0.96787393
data\processed\bfw\asian\n000139\0016_01.jpg,data\processed\bfw\asian\n000139\0498_01.jpg,n000139,n000139,asian,asian,females,females,,,1,0.3842726,30.948524,0.6157274
data\processed\bfw\asian\n005078\0638_01.jpg,data\processed\bfw\asian\n005078\0679_01.jpg,n005078,n005078,asian,asian,males,males,,,1,0.27464864,32.888744,0.72535133
data\processed\bfw\asian\n003481\0245_01.jpg,data\processed\bfw\asian\n003481\0794_01.jpg,n003481,n003481,asian,asian,females,females,,,1,0.32128075,33.841003,0.6787193
data\processed\bfw\asian\n009042\0047_02.jpg,data\processed\bfw\asian\n009042\0250_01.jpg,n009042,n009042,asian,asian,females,females,,,1,0.5460208,29.339409,0.4539792
data\processed\bfw\asian\n000138\0347_01.jpg,data\processed\bfw\asian\n008148\0040_01.jpg,n000138,n008148,asian,asian,females,females,,,0,-0.04925898,38.71958,1.049259
data\processed\bfw\asian\n001682\0096_01.jpg,data\processed\bfw\asian\n001682\0177_01.jpg,n001682,n001682,asian,asian,males,males,,,1,0.11435828,47.812172,0.8856417
data\processed\bfw\asian\n001572\0238_01.jpg,data\processed\bfw\asian\n001572\0329_01.jpg,n001572,n001572,asian,asian,females,females,,,1,0.06288227,39.28862,0.93711776
data\processed\bfw\asian\n000009\0013_01.jpg,data\processed\bfw\asian\n000009\0354_03.jpg,n000009,n000009,asian,asian,females,females,,,1,0.2250158,34.46567,0.7749842
data\processed\bfw\asian\n009275\0158_05.jpg,data\processed\bfw\asian\n009275\0161_01.jpg,n009275,n009275,asian,asian,females,females,,,1,0.29716057,30.07332,0.70283943
data\processed\bfw\asian\n009278\0031_02.jpg,data\processed\bfw\asian\n009278\0093_01.jpg,n009278,n009278,asian,asian,females,females,,,1,0.042341672,39.222233,0.95765835
data\processed\bfw\asian\n007372\0295_01.jpg,data\processed\bfw\asian\n004864\0056_01.jpg,n007372,n004864,asian,asian,females,females,,,0,0.14077109,34.28283,0.8592289
data\processed\bfw\asian\n004864\0029_01.jpg,data\processed\bfw\asian\n004864\0148_01.jpg,n004864,n004864,asian,asian,females,females,,,1,0.4571751,27.07098,0.54282486
data\processed\bfw\asian\n004930\0282_01.jpg,data\processed\bfw\asian\n002509\0007_01.jpg,n004930,n002509,asian,asian,females,females,,,0,0.22372612,33.69134,0.77627385
data\processed\bfw\asian\n000148\0136_01.jpg,data\processed\bfw\asian\n000148\0329_01.jpg,n000148,n000148,asian,asian,females,females,,,1,0.31825116,27.402927,0.68174887
data\processed\bfw\asian\n009177\0005_01.jpg,data\processed\bfw\asian\n009177\0626_01.jpg,n009177,n009177,asian,asian,females,females,,,1,0.17733866,32.240677,0.82266134
data\processed\bfw\asian\n000837\0193_01.jpg,data\processed\bfw\asian\n000837\0199_01.jpg,n000837,n000837,asian,asian,females,females,,,1,0.47977513,32.07324,0.52022487
data\processed\bfw\asian\n005083\0190_01.jpg,data\processed\bfw\asian\n005083\0267_01.jpg,n005083,n005083,asian,asian,females,females,,,1,0.14787476,35.28315,0.8521252
data\processed\bfw\asian\n003489\0046_02.jpg,data\processed\bfw\asian\n003489\0061_01.jpg,n003489,n003489,asian,asian,males,males,,,1,0.5504154,29.965307,0.4495846
data\processed\bfw\asian\n004687\0151_01.jpg,data\processed\bfw\asian\n000132\0234_01__face_0.jpg,n004687,n000132,asian,asian,females,males,,,0,-0.026934354,42.1841,1.0269344
data\processed\bfw\asian\n000160\0111_01.jpg,data\processed\bfw\asian\n000160\0285_03.jpg,n000160,n000160,asian,asian,females,females,,,1,0.11351493,36.83592,0.8864851
data\processed\bfw\asian\n004721\0096_01.jpg,data\processed\bfw\asian\n004721\0476_01.jpg,n004721,n004721,asian,asian,males,males,,,1,0.20904863,31.686102,0.7909514
data\processed\bfw\asian\n002552\0074_01.jpg,data\processed\bfw\asian\n006159\0076_04.jpg,n002552,n006159,asian,asian,males,females,,,0,-0.018871425,41.658615,1.0188714
data\processed\bfw\asian\n000137\0012_01.jpg,data\processed\bfw\asian\n009287\0100_01.jpg,n000137,n009287,asian,asian,females,females,,,0,0.04239753,42.64614,0.9576025
data\processed\bfw\asian\n004935\0038_01.jpg,data\processed\bfw\asian\n003463\0223_02.jpg,n004935,n003463,asian,asian,males,males,,,0,-0.19779338,47.366936,1.1977934
data\processed\bfw\asian\n005072\0184_03.jpg,data\processed\bfw\asian\n005072\0254_01.jpg,n005072,n005072,asian,asian,males,males,,,1,0.3137291,34.083874,0.6862709
data\processed\bfw\asian\n001976\0237_01.jpg,data\processed\bfw\asian\n001496\0642_01.jpg,n001976,n001496,asian,asian,males,males,,,0,-0.081063055,44.007427,1.081063
data\processed\bfw\asian\n004786\0021_01.jpg,data\processed\bfw\asian\n000436\0466_01.jpg,n004786,n000436,asian,asian,females,males,,,0,-0.10346842,39.41859,1.1034684
data\processed\bfw\asian\n004809\0149_01.jpg,data\processed\bfw\asian\n004809\0345_01.jpg,n004809,n004809,asian,asian,males,males,,,1,0.16528167,34.09059,0.83471835
data\processed\bfw\asian\n000143\0226_04.jpg,data\processed\bfw\asian\n000143\0734_02.jpg,n000143,n000143,asian,asian,females,females,,,1,0.0656732,38.43301,0.93432677
data\processed\bfw\asian\n000839\0407_01.jpg,data\processed\bfw\asian\n009137\0211_02.jpg,n000839,n009137,asian,asian,females,females,,,0,-0.06773626,39.522842,1.0677363
data\processed\bfw\asian\n002509\0007_01.jpg,data\processed\bfw\asian\n004794\0612_01.jpg,n002509,n004794,asian,asian,females,males,,,0,0.17273486,34.733433,0.82726514
data\processed\bfw\asian\n008401\0278_01.jpg,data\processed\bfw\asian\n008401\0560_01.jpg,n008401,n008401,asian,asian,females,females,,,1,0.3800225,30.414799,0.6199775
data\processed\bfw\asian\n009137\0492_01.jpg,data\processed\bfw\asian\n003223\0059_03.jpg,n009137,n003223,asian,asian,females,males,,,0,0.0990672,34.11835,0.9009328
data\processed\bfw\asian\n008978\0035_01.jpg,data\processed\bfw\asian\n008978\0097_02.jpg,n008978,n008978,asian,asian,females,females,,,1,0.3727916,30.630642,0.6272084
data\processed\bfw\asian\n005077\0082_01.jpg,data\processed\bfw\asian\n005077\0129_01.jpg,n005077,n005077,asian,asian,females,females,,,1,0.52451175,23.430582,0.47548825
data\processed\bfw\asian\n004785\0621_02.jpg,data\processed\bfw\asian\n009294\0066_01.jpg,n004785,n009294,asian,asian,females,females,,,0,0.16648354,40.956017,0.8335165
data\processed\bfw\asian\n009103\0132_02.jpg,data\processed\bfw\asian\n003358\0139_01.jpg,n009103,n003358,asian,asian,females,females,,,0,0.09448534,33.615314,0.90551466
data\processed\bfw\asian\n000135\0045_01.jpg,data\processed\bfw\asian\n000135\0467_01.jpg,n000135,n000135,asian,asian,females,females,,,1,0.31866008,34.049557,0.6813399
data\processed\bfw\asian\n003482\0040_01.jpg,data\processed\bfw\asian\n003482\0090_02.jpg,n003482,n003482,asian,asian,males,males,,,1,0.5339255,28.573809,0.46607453
data\processed\bfw\asian\n000138\0067_01.jpg,data\processed\bfw\asian\n000138\0347_01.jpg,n000138,n000138,asian,asian,females,females,,,1,0.35050613,29.419228,0.6494939
data\processed\bfw\asian\n000135\0081_01.jpg,data\processed\bfw\asian\n000135\0228_01.jpg,n000135,n000135,asian,asian,females,females,,,1,0.10929336,37.720676,0.89070666
data\processed\bfw\asian\n003449\0083_01.jpg,data\processed\bfw\asian\n004930\0144_02.jpg,n003449,n004930,asian,asian,females,females,,,0,-0.03793158,42.439606,1.0379316
data\processed\bfw\asian\n003167\0571_01.jpg,data\processed\bfw\asian\n009276\0172_02.jpg,n003167,n009276,asian,asian,males,females,,,0,-0.11206354,50.98561,1.1120635
data\processed\bfw\asian\n004472\0205_01.jpg,data\processed\bfw\asian\n004472\0206_01.jpg,n004472,n004472,asian,asian,females,females,,,1,0.20352742,33.96899,0.79647255
data\processed\bfw\asian\n003482\0231_01.jpg,data\processed\bfw\asian\n000161\0020_01.jpg,n003482,n000161,asian,asian,males,males,,,0,0.0044116345,43.48531,0.99558836
data\processed\bfw\asian\n004681\0340_01.jpg,data\processed\bfw\asian\n004681\0592_01.jpg,n004681,n004681,asian,asian,males,males,,,1,-0.031326983,41.75066,1.031327
data\processed\bfw\asian\n003167\0141_01.jpg,data\processed\bfw\asian\n003167\0254_03.jpg,n003167,n003167,asian,asian,males,males,,,1,0.37016562,34.813816,0.6298344
data\processed\bfw\asian\n007380\0088_01.jpg,data\processed\bfw\asian\n000158\0667_01.jpg,n007380,n000158,asian,asian,females,males,,,0,-0.041940853,43.80788,1.0419408
data\processed\bfw\asian\n006418\0165_02.jpg,data\processed\bfw\asian\n005083\0358_01.jpg,n006418,n005083,asian,asian,females,females,,,0,0.14392038,31.908762,0.85607964
data\processed\bfw\asian\n004469\0019_02.jpg,data\processed\bfw\asian\n005216\0058_01.jpg,n004469,n005216,asian,asian,males,females,,,0,0.13282692,36.988495,0.8671731
data\processed\bfw\asian\n003533\0055_03.jpg,data\processed\bfw\asian\n003533\0573_01.jpg,n003533,n003533,asian,asian,males,males,,,1,0.5649003,30.118145,0.43509972
data\processed\bfw\asian\n009277\0051_01.jpg,data\processed\bfw\asian\n009175\0043_01.jpg,n009277,n009175,asian,asian,females,females,,,0,-0.08483512,41.42117,1.0848352
data\processed\bfw\asian\n003155\0185_01.jpg,data\processed\bfw\asian\n003155\0989_02.jpg,n003155,n003155,asian,asian,males,males,,,1,0.27699885,40.269184,0.7230011
data\processed\bfw\asian\n009277\0201_01.jpg,data\processed\bfw\asian\n009277\0358_01.jpg,n009277,n009277,asian,asian,females,females,,,1,0.17503797,39.331013,0.824962
data\processed\bfw\asian\n004467\0004_01.jpg,data\processed\bfw\asian\n004467\0656_01.jpg,n004467,n004467,asian,asian,males,males,,,1,0.2897087,31.516897,0.71029127
data\processed\bfw\asian\n006736\0169_01.jpg,data\processed\bfw\asian\n007814\0016_01.jpg,n006736,n007814,asian,asian,females,females,,,0,0.11831938,36.602135,0.8816806
data\processed\bfw\asian\n004870\0098_01.jpg,data\processed\bfw\asian\n000160\0308_01.jpg,n004870,n000160,asian,asian,females,females,,,0,0.00021817865,38.604782,0.99978185
data\processed\bfw\asian\n004687\0058_01.jpg,data\processed\bfw\asian\n001976\0441_01.jpg,n004687,n001976,asian,asian,females,males,,,0,-0.041057546,39.46732,1.0410576
data\processed\bfw\asian\n007089\0229_01.jpg,data\processed\bfw\asian\n009287\0221_03.jpg,n007089,n009287,asian,asian,females,females,,,0,-0.038613018,49.527973,1.038613
data\processed\bfw\asian\n004681\0101_01.jpg,data\processed\bfw\asian\n004681\0131_04.jpg,n004681,n004681,asian,asian,males,males,,,1,0.30150792,31.049337,0.69849205
data\processed\bfw\asian\n009276\0102_01.jpg,data\processed\bfw\asian\n000837\0233_03.jpg,n009276,n000837,asian,asian,females,females,,,0,0.04481298,40.010742,0.955187
data\processed\bfw\asian\n005083\0046_01.jpg,data\processed\bfw\asian\n003027\0459_01.jpg,n005083,n003027,asian,asian,females,males,,,0,0.03298354,43.603985,0.96701646
data\processed\bfw\asian\n006125\0058_01.jpg,data\processed\bfw\asian\n007899\0017_01.jpg,n006125,n007899,asian,asian,females,females,,,0,0.20642097,32.404285,0.79357904
data\processed\bfw\asian\n003463\0023_01.jpg,data\processed\bfw\asian\n003463\0052_01.jpg,n003463,n003463,asian,asian,males,males,,,1,0.4229709,30.58959,0.5770291
data\processed\bfw\asian\n008163\0609_02.jpg,data\processed\bfw\asian\n006148\0609_01.jpg,n008163,n006148,asian,asian,females,females,,,0,0.014059329,37.852684,0.9859407
data\processed\bfw\asian\n003489\0031_01.jpg,data\processed\bfw\asian\n003489\0137_01.jpg,n003489,n003489,asian,asian,males,males,,,1,0.43394375,31.312237,0.56605625
data\processed\bfw\asian\n003506\0115_01.jpg,data\processed\bfw\asian\n003506\0136_02.jpg,n003506,n003506,asian,asian,females,females,,,1,0.40415597,31.981714,0.59584403
data\processed\bfw\asian\n004109\0172_01.jpg,data\processed\bfw\asian\n004681\0558_01.jpg,n004109,n004681,asian,asian,males,males,,,0,0.13493696,37.655155,0.8650631
data\processed\bfw\asian\n000139\0280_01.jpg,data\processed\bfw\asian\n005072\0181_01.jpg,n000139,n005072,asian,asian,females,males,,,0,0.05411129,38.825535,0.9458887
data\processed\bfw\asian\n000158\0224_01.jpg,data\processed\bfw\asian\n000158\0404_01.jpg,n000158,n000158,asian,asian,males,males,,,1,0.4283608,32.064,0.5716392
data\processed\bfw\asian\n009294\0036_01.jpg,data\processed\bfw\asian\n002552\0532_01.jpg,n009294,n002552,asian,asian,females,males,,,0,0.025431184,40.044632,0.97456884
data\processed\bfw\asian\n006634\0033_01.jpg,data\processed\bfw\asian\n006634\0101_01.jpg,n006634,n006634,asian,asian,females,females,,,1,0.59665346,26.315998,0.40334654
data\processed\bfw\asian\n003162\0118_01.jpg,data\processed\bfw\asian\n006774\0492_02.jpg,n003162,n006774,asian,asian,males,females,,,0,-0.035311878,43.31186,1.0353119
data\processed\bfw\asian\n007816\0543_01.jpg,data\processed\bfw\asian\n004687\0319_02.jpg,n007816,n004687,asian,asian,females,females,,,0,0.1954034,36.68902,0.8045966
data\processed\bfw\asian\n009137\0218_08.jpg,data\processed\bfw\asian\n009137\0221_05.jpg,n009137,n009137,asian,asian,females,females,,,1,0.10063753,39.18609,0.89936244
data\processed\bfw\asian\n004785\0381_02.jpg,data\processed\bfw\asian\n008934\0426_01.jpg,n004785,n008934,asian,asian,females,females,,,0,0.27640483,34.32356,0.72359514
data\processed\bfw\asian\n004785\0076_07.jpg,data\processed\bfw\asian\n003533\0573_01.jpg,n004785,n003533,asian,asian,females,males,,,0,0.026342837,39.530823,0.9736572
data\processed\bfw\asian\n004469\0038_01.jpg,data\processed\bfw\asian\n004108\0104_01.jpg,n004469,n004108,asian,asian,males,males,,,0,0.035949446,42.283413,0.96405053
data\processed\bfw\asian\n003355\0145_04.jpg,data\processed\bfw\asian\n003355\0620_01.jpg,n003355,n003355,asian,asian,males,males,,,1,0.20542729,36.703655,0.7945727
data\processed\bfw\asian\n001976\0041_01.jpg,data\processed\bfw\asian\n005072\0159_01.jpg,n001976,n005072,asian,asian,males,males,,,0,0.059162267,40.89367,0.94083774
data\processed\bfw\asian\n004466\0052_01.jpg,data\processed\bfw\asian\n004935\0238_01.jpg,n004466,n004935,asian,asian,males,males,,,0,0.1871423,35.914722,0.8128577
data\processed\bfw\asian\n003824\0097_01.jpg,data\processed\bfw\asian\n003824\0122_01.jpg,n003824,n003824,asian,asian,females,females,,,1,0.3662993,28.593012,0.6337007
data\processed\bfw\asian\n004948\0667_01.jpg,data\processed\bfw\asian\n000132\0299_02__face_0.jpg,n004948,n000132,asian,asian,males,males,,,0,0.061677903,38.141712,0.93832207
data\processed\bfw\asian\n002320\0013_05.jpg,data\processed\bfw\asian\n002320\0170_01.jpg,n002320,n002320,asian,asian,males,males,,,1,0.16768801,32.58179,0.832312
data\processed\bfw\asian\n000139\0099_01.jpg,data\processed\bfw\asian\n000139\0233_01.jpg,n000139,n000139,asian,asian,females,females,,,1,0.4960852,27.100042,0.50391483
data\processed\bfw\asian\n002406\0534_02.jpg,data\processed\bfw\asian\n000148\0136_01.jpg,n002406,n000148,asian,asian,males,females,,,0,0.03767892,35.874577,0.9623211
data\processed\bfw\asian\n009287\0029_01.jpg,data\processed\bfw\asian\n009287\0250_04.jpg,n009287,n009287,asian,asian,females,females,,,1,0.06839912,39.89834,0.93160087
data\processed\bfw\asian\n005474\0298_05.jpg,data\processed\bfw\asian\n004466\0075_01.jpg,n005474,n004466,asian,asian,females,males,,,0,0.12100483,39.841568,0.8789952
data\processed\bfw\asian\n003357\0533_01.jpg,data\processed\bfw\asian\n004864\0607_01.jpg,n003357,n004864,asian,asian,females,females,,,0,0.12565298,33.72726,0.87434703
data\processed\bfw\asian\n008148\0025_01.jpg,data\processed\bfw\asian\n008148\0246_01.jpg,n008148,n008148,asian,asian,females,females,,,1,0.18144411,34.784626,0.8185559
data\processed\bfw\asian\n006634\0090_01.jpg,data\processed\bfw\asian\n006634\0166_01.jpg,n006634,n006634,asian,asian,females,females,,,1,0.25945675,31.932169,0.74054325
data\processed\bfw\asian\n001682\0074_01.jpg,data\processed\bfw\asian\n001682\0177_01.jpg,n001682,n001682,asian,asian,males,males,,,1,0.015703637,50.146046,0.9842964
data\processed\bfw\asian\n004686\0282_01.jpg,data\processed\bfw\asian\n004686\0302_01.jpg,n004686,n004686,asian,asian,males,males,,,1,0.29072374,35.93177,0.70927626
data\processed\bfw\asian\n000854\0060_01.jpg,data\processed\bfw\asian\n000854\0522_01.jpg,n000854,n000854,asian,asian,females,females,,,1,0.27919832,30.746582,0.7208017
data\processed\bfw\asian\n009041\0025_01.jpg,data\processed\bfw\asian\n002509\0413_01.jpg,n009041,n002509,asian,asian,females,females,,,0,-0.07488783,38.660244,1.0748879
data\processed\bfw\asian\n003482\0044_02.jpg,data\processed\bfw\asian\n003482\0178_02.jpg,n003482,n003482,asian,asian,males,males,,,1,0.48886374,31.785112,0.5111363
data\processed\bfw\asian\n009279\0164_04.jpg,data\processed\bfw\asian\n002509\0023_01.jpg,n009279,n002509,asian,asian,females,females,,,0,0.032846365,40.512337,0.9671536
data\processed\bfw\asian\n000840\0012_01.jpg,data\processed\bfw\asian\n000840\0060_01.jpg,n000840,n000840,asian,asian,females,females,,,1,0.38629812,28.524323,0.6137019
data\processed\bfw\asian\n005071\0113_02.jpg,data\processed\bfw\asian\n005071\0254_01.jpg,n005071,n005071,asian,asian,males,males,,,1,0.3548067,32.485947,0.64519334
data\processed\bfw\asian\n005077\0006_01.jpg,data\processed\bfw\asian\n005077\0099_01.jpg,n005077,n005077,asian,asian,females,females,,,1,0.36038184,28.824299,0.63961816
data\processed\bfw\asian\n004864\0171_01.jpg,data\processed\bfw\asian\n000139\0304_02.jpg,n004864,n000139,asian,asian,females,females,,,0,-0.083494134,40.302418,1.0834942
data\processed\bfw\asian\n003288\0022_01.jpg,data\processed\bfw\asian\n003288\0300_01.jpg,n003288,n003288,asian,asian,females,females,,,1,0.33735523,30.63289,0.66264474
data\processed\bfw\asian\n003481\0202_01.jpg,data\processed\bfw\asian\n000838\0093_01.jpg,n003481,n000838,asian,asian,females,females,,,0,-0.037571896,39.708557,1.0375719
data\processed\bfw\asian\n004935\0124_01.jpg,data\processed\bfw\asian\n004935\0287_01.jpg,n004935,n004935,asian,asian,males,males,,,1,0.62299776,25.68407,0.37700224
data\processed\bfw\asian\n007385\0065_01.jpg,data\processed\bfw\asian\n007270\0289_01.jpg,n007385,n007270,asian,asian,females,females,,,0,0.106468834,35.42609,0.89353114
data\processed\bfw\asian\n003449\0027_01.jpg,data\processed\bfw\asian\n004549\0073_01.jpg,n003449,n004549,asian,asian,females,females,,,0,0.07847388,33.138573,0.92152613
data\processed\bfw\asian\n000839\0081_01.jpg,data\processed\bfw\asian\n000839\0407_01.jpg,n000839,n000839,asian,asian,females,females,,,1,0.109151796,36.233555,0.8908482
data\processed\bfw\asian\n006344\0025_02.jpg,data\processed\bfw\asian\n006344\0322_01.jpg,n006344,n006344,asian,asian,females,females,,,1,0.30159816,30.117016,0.6984018
data\processed\bfw\asian\n001572\0295_01.jpg,data\processed\bfw\asian\n001572\0326_01.jpg,n001572,n001572,asian,asian,females,females,,,1,0.32298416,32.082706,0.67701584
data\processed\bfw\asian\n006224\0053_01.jpg,data\processed\bfw\asian\n006224\0347_01.jpg,n006224,n006224,asian,asian,females,females,,,1,0.40644896,28.18543,0.59355104
data\processed\bfw\asian\n009175\0019_01.jpg,data\processed\bfw\asian\n009175\0072_01.jpg,n009175,n009175,asian,asian,females,females,,,1,0.39451835,35.177433,0.6054816
data\processed\bfw\asian\n004870\0069_01.jpg,data\processed\bfw\asian\n004870\0070_02.jpg,n004870,n004870,asian,asian,females,females,,,1,0.37475625,32.454723,0.6252438
data\processed\bfw\asian\n000839\0197_01.jpg,data\processed\bfw\asian\n004787\0278_01.jpg,n000839,n004787,asian,asian,females,females,,,0,0.046365947,39.239918,0.953634
data\processed\bfw\asian\n006203\0148_03.jpg,data\processed\bfw\asian\n006203\0398_01.jpg,n006203,n006203,asian,asian,females,females,,,1,0.2003365,33.514866,0.7996635
data\processed\bfw\asian\n007372\0198_01.jpg,data\processed\bfw\asian\n004791\0591_01.jpg,n007372,n004791,asian,asian,females,males,,,0,0.03065298,38.73728,0.969347
data\processed\bfw\asian\n004681\0019_01.jpg,data\processed\bfw\asian\n004681\0204_02.jpg,n004681,n004681,asian,asian,males,males,,,1,0.48440567,27.890057,0.51559436
data\processed\bfw\asian\n004805\0127_01.jpg,data\processed\bfw\asian\n004805\0240_01.jpg,n004805,n004805,asian,asian,males,males,,,1,0.24090046,32.043037,0.75909954
data\processed\bfw\asian\n005063\0439_01.jpg,data\processed\bfw\asian\n009277\0013_02.jpg,n005063,n009277,asian,asian,females,females,,,0,0.27039537,35.61716,0.7296046
data\processed\bfw\asian\n003635\0085_01.jpg,data\processed\bfw\asian\n003635\0177_02.jpg,n003635,n003635,asian,asian,males,males,,,1,0.24912581,33.745388,0.75087416
data\processed\bfw\asian\n001562\0070_01.jpg,data\processed\bfw\asian\n005085\0240_01.jpg,n001562,n005085,asian,asian,males,females,,,0,-0.13884597,41.59191,1.1388459
data\processed\bfw\asian\n006736\0108_01.jpg,data\processed\bfw\asian\n006736\0438_01.jpg,n006736,n006736,asian,asian,females,females,,,1,0.1987438,34.73681,0.8012562
data\processed\bfw\asian\n003465\0161_02.jpg,data\processed\bfw\asian\n006634\0313_02.jpg,n003465,n006634,asian,asian,males,females,,,0,0.073481046,38.586365,0.926519
data\processed\bfw\asian\n009277\0018_01.jpg,data\processed\bfw\asian\n003506\0367_01.jpg,n009277,n003506,asian,asian,females,females,,,0,0.14986965,33.181156,0.8501303
data\processed\bfw\asian\n009277\0113_01.jpg,data\processed\bfw\asian\n009277\0285_01.jpg,n009277,n009277,asian,asian,females,females,,,1,0.40142715,30.534647,0.59857285
data\processed\bfw\asian\n003465\0413_01.jpg,data\processed\bfw\asian\n003465\0461_03.jpg,n003465,n003465,asian,asian,males,males,,,1,0.32272515,33.39814,0.6772748
data\processed\bfw\asian\n000873\0042_01.jpg,data\processed\bfw\asian\n000873\0496_01.jpg,n000873,n000873,asian,asian,males,males,,,1,0.49083838,28.860971,0.5091616
data\processed\bfw\asian\n009042\0133_01.jpg,data\processed\bfw\asian\n006223\0531_01.jpg,n009042,n006223,asian,asian,females,females,,,0,0.11801912,37.556328,0.8819809
data\processed\bfw\asian\n006126\0004_01.jpg,data\processed\bfw\asian\n006126\0039_01.jpg,n006126,n006126,asian,asian,females,females,,,1,0.24232228,32.23907,0.75767773
data\processed\bfw\asian\n003465\0195_01.jpg,data\processed\bfw\asian\n003357\0422_01.jpg,n003465,n003357,asian,asian,males,females,,,0,0.13625628,37.37755,0.8637437
data\processed\bfw\asian\n004687\0191_01.jpg,data\processed\bfw\asian\n004687\0243_01.jpg,n004687,n004687,asian,asian,females,females,,,1,0.17600428,32.920525,0.8239957
data\processed\bfw\asian\n006148\0014_03.jpg,data\processed\bfw\asian\n006148\0189_01.jpg,n006148,n006148,asian,asian,females,females,,,1,0.48267925,26.02578,0.51732075
data\processed\bfw\asian\n005063\0414_06.jpg,data\processed\bfw\asian\n004877\0122_01.jpg,n005063,n004877,asian,asian,females,females,,,0,-0.048134092,45.09285,1.0481341
data\processed\bfw\asian\n005116\0172_01.jpg,data\processed\bfw\asian\n005116\0332_01.jpg,n005116,n005116,asian,asian,males,males,,,1,0.26599,36.845547,0.73401
data\processed\bfw\asian\n006223\0055_01.jpg,data\processed\bfw\asian\n006223\0160_01.jpg,n006223,n006223,asian,asian,females,females,,,1,0.5075296,24.55056,0.49247038
data\processed\bfw\asian\n000148\0136_01.jpg,data\processed\bfw\asian\n000148\0269_01.jpg,n000148,n000148,asian,asian,females,females,,,1,0.35578102,29.655445,0.644219
data\processed\bfw\asian\n004805\0127_01.jpg,data\processed\bfw\asian\n004805\0566_01.jpg,n004805,n004805,asian,asian,males,males,,,1,0.12425731,34.165115,0.8757427
data\processed\bfw\asian\n007738\0306_02.jpg,data\processed\bfw\asian\n002644\0303_01.jpg,n007738,n002644,asian,asian,females,males,,,0,-0.05226835,41.355125,1.0522684
data\processed\bfw\asian\n007089\0015_01.jpg,data\processed\bfw\asian\n005077\0082_01.jpg,n007089,n005077,asian,asian,females,females,,,0,0.015115242,37.313297,0.98488474
data\processed\bfw\asian\n004467\0293_01.jpg,data\processed\bfw\asian\n003449\0418_01.jpg,n004467,n003449,asian,asian,males,females,,,0,0.28257,36.94871,0.71743
data\processed\bfw\asian\n000143\0014_01.jpg,data\processed\bfw\asian\n000143\0171_01.jpg,n000143,n000143,asian,asian,females,females,,,1,0.24909294,32.71965,0.75090706
data\processed\bfw\asian\n006223\0209_02.jpg,data\processed\bfw\asian\n006223\0260_01.jpg,n006223,n006223,asian,asian,females,females,,,1,0.28457803,34.598087,0.715422
data\processed\bfw\asian\n007372\0247_01.jpg,data\processed\bfw\asian\n003489\0102_01.jpg,n007372,n003489,asian,asian,females,males,,,0,0.1274414,37.457253,0.8725586
data\processed\bfw\asian\n006736\0283_01.jpg,data\processed\bfw\asian\n006736\0349_01.jpg,n006736,n006736,asian,asian,females,females,,,1,0.3376315,30.266428,0.66236854
data\processed\bfw\asian\n001864\0169_01.jpg,data\processed\bfw\asian\n005216\0058_01.jpg,n001864,n005216,asian,asian,males,females,,,0,0.06372734,35.656647,0.9362727
data\processed\bfw\asian\n004725\0118_02.jpg,data\processed\bfw\asian\n004725\0170_01.jpg,n004725,n004725,asian,asian,males,males,,,1,0.4375975,34.830284,0.5624025
data\processed\bfw\asian\n004935\0138_01.jpg,data\processed\bfw\asian\n004935\0327_01.jpg,n004935,n004935,asian,asian,males,males,,,1,0.26793554,32.514366,0.7320645
data\processed\bfw\asian\n000872\0188_01.jpg,data\processed\bfw\asian\n000872\0211_01.jpg,n000872,n000872,asian,asian,males,males,,,1,0.35046384,33.5396,0.64953613
data\processed\bfw\asian\n004109\0273_01.jpg,data\processed\bfw\asian\n005378\0255_01.jpg,n004109,n005378,asian,asian,males,females,,,0,-0.007851744,39.74829,1.0078517
data\processed\bfw\asian\n001682\0048_01.jpg,data\processed\bfw\asian\n000873\0176_01.jpg,n001682,n000873,asian,asian,males,males,,,0,0.0452868,44.762512,0.9547132
data\processed\bfw\asian\n004109\0015_01.jpg,data\processed\bfw\asian\n004109\0185_01.jpg,n004109,n004109,asian,asian,males,males,,,1,0.6757803,22.738783,0.3242197
data\processed\bfw\asian\n003481\0015_01.jpg,data\processed\bfw\asian\n004794\0015_01.jpg,n003481,n004794,asian,asian,females,males,,,0,-0.06386747,39.695362,1.0638674
data\processed\bfw\asian\n009288\0068_01.jpg,data\processed\bfw\asian\n009288\0175_01.jpg,n009288,n009288,asian,asian,females,females,,,1,0.12465314,43.101505,0.87534684
data\processed\bfw\asian\n007270\0066_01.jpg,data\processed\bfw\asian\n007270\0471_01.jpg,n007270,n007270,asian,asian,females,females,,,1,0.302854,30.812838,0.697146
data\processed\bfw\asian\n006224\0158_01.jpg,data\processed\bfw\asian\n006224\0230_01.jpg,n006224,n006224,asian,asian,females,females,,,1,0.20715483,35.652092,0.7928452
data\processed\bfw\asian\n001496\0009_01.jpg,data\processed\bfw\asian\n001496\0302_01.jpg,n001496,n001496,asian,asian,males,males,,,1,0.31398222,33.151615,0.68601775
data\processed\bfw\asian\n006148\0254_01.jpg,data\processed\bfw\asian\n006148\0400_01.jpg,n006148,n006148,asian,asian,females,females,,,1,-0.03492164,45.197533,1.0349216
data\processed\bfw\asian\n000138\0087_03.jpg,data\processed\bfw\asian\n000138\0259_01.jpg,n000138,n000138,asian,asian,females,females,,,1,0.26489303,31.393845,0.73510695
data\processed\bfw\asian\n006358\0041_01.jpg,data\processed\bfw\asian\n005474\0162_02.jpg,n006358,n005474,asian,asian,females,females,,,0,0.31820533,32.52534,0.68179464
data\processed\bfw\asian\n000838\0144_06.jpg,data\processed\bfw\asian\n004809\0635_01.jpg,n000838,n004809,asian,asian,females,males,,,0,0.013054132,38.065384,0.98694587
data\processed\bfw\asian\n006358\0125_01.jpg,data\processed\bfw\asian\n009278\0061_02.jpg,n006358,n009278,asian,asian,females,females,,,0,0.04503882,41.668358,0.9549612
data\processed\bfw\asian\n001976\0372_01.jpg,data\processed\bfw\asian\n007738\0094_01.jpg,n001976,n007738,asian,asian,males,females,,,0,-0.06073244,41.422657,1.0607325
data\processed\bfw\asian\n000161\0119_02.jpg,data\processed\bfw\asian\n000161\0477_01.jpg,n000161,n000161,asian,asian,males,males,,,1,0.019808713,39.77796,0.9801913
data\processed\bfw\asian\n001572\0127_01.jpg,data\processed\bfw\asian\n009125\0209_01.jpg,n001572,n009125,asian,asian,females,females,,,0,-0.09354458,37.693172,1.0935446
data\processed\bfw\asian\n003481\0107_01.jpg,data\processed\bfw\asian\n003506\0627_01.jpg,n003481,n003506,asian,asian,females,females,,,0,0.16824913,34.040245,0.83175087
data\processed\bfw\asian\n005216\0084_01.jpg,data\processed\bfw\asian\n005216\0212_02.jpg,n005216,n005216,asian,asian,females,females,,,1,0.11565498,35.029076,0.884345
data\processed\bfw\asian\n003533\0067_01.jpg,data\processed\bfw\asian\n009042\0085_01.jpg,n003533,n009042,asian,asian,males,females,,,0,-0.008041388,44.081493,1.0080414
data\processed\bfw\asian\n000840\0036_01.jpg,data\processed\bfw\asian\n000160\0127_01.jpg,n000840,n000160,asian,asian,females,females,,,0,0.11313428,34.250267,0.88686574
data\processed\bfw\asian\n000135\0208_01.jpg,data\processed\bfw\asian\n009279\0227_01.jpg,n000135,n009279,asian,asian,females,females,,,0,0.13756292,36.61432,0.86243707
data\processed\bfw\asian\n003824\0160_01.jpg,data\processed\bfw\asian\n004864\0621_01.jpg,n003824,n004864,asian,asian,females,females,,,0,0.15310746,35.890984,0.84689254
data\processed\bfw\asian\n003155\0025_02.jpg,data\processed\bfw\asian\n007385\0072_09.jpg,n003155,n007385,asian,asian,males,females,,,0,0.068338275,36.21697,0.9316617
data\processed\bfw\asian\n003481\0119_02.jpg,data\processed\bfw\asian\n004467\0677_01.jpg,n003481,n004467,asian,asian,females,males,,,0,0.040786274,38.314228,0.95921373
data\processed\bfw\asian\n009175\0066_01.jpg,data\processed\bfw\asian\n009175\0465_01.jpg,n009175,n009175,asian,asian,females,females,,,1,0.41867602,32.820614,0.581324
data\processed\bfw\asian\n000838\0037_01.jpg,data\processed\bfw\asian\n000838\0187_02.jpg,n000838,n000838,asian,asian,females,females,,,1,0.38001516,36.320324,0.61998487
data\processed\bfw\asian\n003481\0109_01.jpg,data\processed\bfw\asian\n002406\0328_01.jpg,n003481,n002406,asian,asian,females,males,,,0,-0.07802825,45.08453,1.0780282
data\processed\bfw\asian\n009125\0064_01.jpg,data\processed\bfw\asian\n009125\0186_02.jpg,n009125,n009125,asian,asian,females,females,,,1,0.42935127,29.841776,0.5706487
data\processed\bfw\asian\n009175\0465_01.jpg,data\processed\bfw\asian\n008978\0134_01.jpg,n009175,n008978,asian,asian,females,females,,,0,-0.08208907,44.210342,1.0820891
data\processed\bfw\asian\n004791\0209_01.jpg,data\processed\bfw\asian\n004791\0574_01.jpg,n004791,n004791,asian,asian,males,males,,,1,0.21993664,32.669785,0.7800634
data\processed\bfw\asian\n005474\0062_01.jpg,data\processed\bfw\asian\n006634\0039_01.jpg,n005474,n006634,asian,asian,females,females,,,0,0.10308262,34.355236,0.8969174
data\processed\bfw\asian\n004870\0069_01.jpg,data\processed\bfw\asian\n004870\0288_02.jpg,n004870,n004870,asian,asian,females,females,,,1,0.07868019,38.76176,0.92131984
data\processed\bfw\asian\n003491\0135_01.jpg,data\processed\bfw\asian\n004948\0345_02.jpg,n003491,n004948,asian,asian,males,males,,,0,0.0014859551,42.256863,0.99851406
data\processed\bfw\asian\n000161\0183_01.jpg,data\processed\bfw\asian\n000161\0237_01.jpg,n000161,n000161,asian,asian,males,males,,,1,0.47267964,31.367382,0.5273204
data\processed\bfw\asian\n006633\0063_04.jpg,data\processed\bfw\asian\n006633\0552_01.jpg,n006633,n006633,asian,asian,females,females,,,1,0.20298354,36.663784,0.79701644
data\processed\bfw\asian\n002725\0007_03.jpg,data\processed\bfw\asian\n005077\0129_01.jpg,n002725,n005077,asian,asian,females,females,,,0,0.06878,38.238792,0.93122
data\processed\bfw\asian\n007899\0154_01.jpg,data\processed\bfw\asian\n007899\0166_01.jpg,n007899,n007899,asian,asian,females,females,,,1,0.31512502,31.433142,0.684875
data\processed\bfw\asian\n003027\0459_01.jpg,data\processed\bfw\asian\n004786\0197_02.jpg,n003027,n004786,asian,asian,males,females,,,0,0.09353254,41.194397,0.90646744
data\processed\bfw\asian\n003824\0015_01.jpg,data\processed\bfw\asian\n003824\0160_01.jpg,n003824,n003824,asian,asian,females,females,,,1,0.29730368,32.851265,0.7026963
data\processed\bfw\asian\n002775\0064_01.jpg,data\processed\bfw\asian\n000839\0163_01.jpg,n002775,n000839,asian,asian,males,females,,,0,-0.035424415,41.019882,1.0354245
data\processed\bfw\asian\n002331\0199_01.jpg,data\processed\bfw\asian\n003635\0449_01.jpg,n002331,n003635,asian,asian,males,males,,,0,0.1074337,41.837112,0.8925663
data\processed\bfw\asian\n009277\0020_01.jpg,data\processed\bfw\asian\n009277\0365_01.jpg,n009277,n009277,asian,asian,females,females,,,1,0.300453,31.907202,0.699547
data\processed\bfw\asian\n009103\0193_01.jpg,data\processed\bfw\asian\n006149\0117_01.jpg,n009103,n006149,asian,asian,females,females,,,0,-0.068890326,37.131317,1.0688903
data\processed\bfw\asian\n002320\0006_01.jpg,data\processed\bfw\asian\n002320\0272_03.jpg,n002320,n002320,asian,asian,males,males,,,1,0.27445608,35.472515,0.7255439
data\processed\bfw\asian\n003167\0001_02.jpg,data\processed\bfw\asian\n003491\0019_01.jpg,n003167,n003491,asian,asian,males,males,,,0,-0.091353476,42.69718,1.0913534
data\processed\bfw\asian\n006619\0087_01.jpg,data\processed\bfw\asian\n006619\0288_01.jpg,n006619,n006619,asian,asian,females,females,,,1,0.35101578,30.2412,0.6489842
data\processed\bfw\asian\n004108\0341_01.jpg,data\processed\bfw\asian\n003449\0180_01.jpg,n004108,n003449,asian,asian,males,females,,,0,0.06252685,40.648518,0.9374732
data\processed\bfw\asian\n005474\0058_03.jpg,data\processed\bfw\asian\n005474\0210_02.jpg,n005474,n005474,asian,asian,females,females,,,1,0.28325522,32.68881,0.7167448
data\processed\bfw\asian\n006203\0090_01.jpg,data\processed\bfw\asian\n004472\0391_02.jpg,n006203,n004472,asian,asian,females,females,,,0,0.08641084,34.5064,0.9135892
data\processed\bfw\asian\n009279\0031_01.jpg,data\processed\bfw\asian\n009279\0187_01.jpg,n009279,n009279,asian,asian,females,females,,,1,0.39440584,31.510523,0.60559416
data\processed\bfw\asian\n006633\0262_02.jpg,data\processed\bfw\asian\n006633\0356_01.jpg,n006633,n006633,asian,asian,females,females,,,1,0.2189603,35.71856,0.7810397
data\processed\bfw\asian\n004108\0131_01.jpg,data\processed\bfw\asian\n000436\0056_04.jpg,n004108,n000436,asian,asian,males,males,,,0,-0.06606728,41.92731,1.0660672
data\processed\bfw\asian\n007664\0065_01.jpg,data\processed\bfw\asian\n007664\0133_01.jpg,n007664,n007664,asian,asian,females,females,,,1,0.33818173,27.96201,0.66181827
data\processed\bfw\asian\n004809\0149_01.jpg,data\processed\bfw\asian\n004221\0450_01.jpg,n004809,n004221,asian,asian,males,males,,,0,0.10477969,39.404182,0.8952203
data\processed\bfw\asian\n008934\0029_02.jpg,data\processed\bfw\asian\n000160\0223_01.jpg,n008934,n000160,asian,asian,females,females,,,0,-0.027591817,40.412014,1.0275918
data\processed\bfw\asian\n006358\0055_02.jpg,data\processed\bfw\asian\n006358\0094_01.jpg,n006358,n006358,asian,asian,females,females,,,1,0.41550863,30.796606,0.5844914
data\processed\bfw\asian\n008163\0640_01.jpg,data\processed\bfw\asian\n009275\0039_01.jpg,n008163,n009275,asian,asian,females,females,,,0,0.16996896,32.528164,0.83003104
data\processed\bfw\asian\n004109\0102_01.jpg,data\processed\bfw\asian\n009175\0082_01.jpg,n004109,n009175,asian,asian,males,females,,,0,0.06343225,37.15771,0.9365678
data\processed\bfw\asian\n000872\0085_01.jpg,data\processed\bfw\asian\n004472\0172_03.jpg,n000872,n004472,asian,asian,males,females,,,0,-0.14862756,42.00695,1.1486275
data\processed\bfw\asian\n003533\0062_02.jpg,data\processed\bfw\asian\n003533\0128_01.jpg,n003533,n003533,asian,asian,males,males,,,1,0.15272088,40.581745,0.84727913
data\processed\bfw\asian\n002552\0020_01.jpg,data\processed\bfw\asian\n002552\0237_02.jpg,n002552,n002552,asian,asian,males,males,,,1,0.47805488,28.81524,0.5219451
data\processed\bfw\asian\n000158\0040_07.jpg,data\processed\bfw\asian\n000158\0158_01.jpg,n000158,n000158,asian,asian,males,males,,,1,0.6181029,28.90969,0.3818971
data\processed\bfw\asian\n004467\0047_01.jpg,data\processed\bfw\asian\n000839\0295_01.jpg,n004467,n000839,asian,asian,males,females,,,0,-0.16839798,47.21338,1.168398
data\processed\bfw\asian\n006619\0098_01.jpg,data\processed\bfw\asian\n003354\0098_01.jpg,n006619,n003354,asian,asian,females,females,,,0,0.118571594,35.46249,0.8814284
data\processed\bfw\asian\n006159\0113_02.jpg,data\processed\bfw\asian\n006159\0265_01.jpg,n006159,n006159,asian,asian,females,females,,,1,0.005834767,49.363884,0.99416524
data\processed\bfw\asian\n008163\0239_02.jpg,data\processed\bfw\asian\n008163\0609_02.jpg,n008163,n008163,asian,asian,females,females,,,1,0.13919242,36.499126,0.8608076
data\processed\bfw\asian\n004466\0003_01.jpg,data\processed\bfw\asian\n004466\0123_01.jpg,n004466,n004466,asian,asian,males,males,,,1,0.4062824,28.643208,0.5937176
data\processed\bfw\asian\n000148\0025_01.jpg,data\processed\bfw\asian\n009177\0602_01.jpg,n000148,n009177,asian,asian,females,females,,,0,0.06945617,36.17094,0.93054384
data\processed\bfw\asian\n001572\0242_01.jpg,data\processed\bfw\asian\n003824\0111_01.jpg,n001572,n003824,asian,asian,females,females,,,0,-0.08728568,44.723175,1.0872856
data\processed\bfw\asian\n009276\0006_08.jpg,data\processed\bfw\asian\n009276\0374_01.jpg,n009276,n009276,asian,asian,females,females,,,1,0.29672107,34.036755,0.7032789
data\processed\bfw\asian\n004681\0592_01.jpg,data\processed\bfw\asian\n005083\0100_01.jpg,n004681,n005083,asian,asian,males,females,,,0,-0.08810768,37.108746,1.0881077
data\processed\bfw\asian\n003288\0572_01.jpg,data\processed\bfw\asian\n006203\0130_01.jpg,n003288,n006203,asian,asian,females,females,,,0,-0.040373158,40.81747,1.0403732
data\processed\bfw\asian\n009294\0002_01.jpg,data\processed\bfw\asian\n003162\0188_01.jpg,n009294,n003162,asian,asian,females,males,,,0,-0.04809363,49.875,1.0480937
data\processed\bfw\asian\n004794\0019_03.jpg,data\processed\bfw\asian\n004794\0367_01.jpg,n004794,n004794,asian,asian,males,males,,,1,0.24306756,35.477932,0.75693244
data\processed\bfw\asian\n004108\0267_02.jpg,data\processed\bfw\asian\n004108\0350_02.jpg,n004108,n004108,asian,asian,males,males,,,1,0.05020789,38.135983,0.9497921
data\processed\bfw\asian\n004805\0025_01.jpg,data\processed\bfw\asian\n005083\0252_01.jpg,n004805,n005083,asian,asian,males,females,,,0,-0.007259733,37.34531,1.0072597
data\processed\bfw\asian\n000137\0248_01.jpg,data\processed\bfw\asian\n000137\0265_01.jpg,n000137,n000137,asian,asian,females,females,,,1,-0.15338048,38.99555,1.1533805
data\processed\bfw\asian\n002725\0267_01.jpg,data\processed\bfw\asian\n002725\0329_03.jpg,n002725,n002725,asian,asian,females,females,,,1,0.19292969,34.80211,0.8070703
data\processed\bfw\asian\n000837\0032_02.jpg,data\processed\bfw\asian\n000837\0193_01.jpg,n000837,n000837,asian,asian,females,females,,,1,0.39655122,34.189438,0.60344875
data\processed\bfw\asian\n007089\0066_01.jpg,data\processed\bfw\asian\n007089\0067_01.jpg,n007089,n007089,asian,asian,females,females,,,1,0.3064503,31.942959,0.6935497
data\processed\bfw\asian\n005085\0018_01.jpg,data\processed\bfw\asian\n005085\0069_01.jpg,n005085,n005085,asian,asian,females,females,,,1,0.5718642,25.172018,0.4281358
data\processed\bfw\asian\n002644\0318_01.jpg,data\processed\bfw\asian\n002644\0497_02.jpg,n002644,n002644,asian,asian,males,males,,,1,0.4506353,29.901934,0.5493647
data\processed\bfw\asian\n000132\0707_01__face_0.jpg,data\processed\bfw\asian\n003155\1014_01.jpg,n000132,n003155,asian,asian,males,males,,,0,0.17469999,37.391304,0.8253
data\processed\bfw\asian\n001976\0056_01.jpg,data\processed\bfw\asian\n001976\0336_02.jpg,n001976,n001976,asian,asian,males,males,,,1,0.5313099,26.893936,0.4686901
data\processed\bfw\asian\n000158\0367_01.jpg,data\processed\bfw\asian\n003223\0034_05.jpg,n000158,n003223,asian,asian,males,males,,,0,0.13247934,33.301662,0.8675207
data\processed\bfw\asian\n004786\0101_01.jpg,data\processed\bfw\asian\n004786\0203_01.jpg,n004786,n004786,asian,asian,females,females,,,1,0.2925264,33.837784,0.70747364
data\processed\bfw\asian\n004809\0220_03.jpg,data\processed\bfw\asian\n006634\0078_01.jpg,n004809,n006634,asian,asian,males,females,,,0,0.123123154,36.26022,0.87687683
data\processed\bfw\asian\n005378\0234_02.jpg,data\processed\bfw\asian\n005378\0237_01.jpg,n005378,n005378,asian,asian,females,females,,,1,0.03445869,38.266727,0.9655413
data\processed\bfw\asian\n005069\0135_01.jpg,data\processed\bfw\asian\n004721\0145_01.jpg,n005069,n004721,asian,asian,females,males,,,0,0.059602935,35.726418,0.9403971
data\processed\bfw\asian\n008163\0092_01.jpg,data\processed\bfw\asian\n008163\0389_01.jpg,n008163,n008163,asian,asian,females,females,,,1,0.39200717,32.67299,0.6079928
data\processed\bfw\asian\n004805\0385_01.jpg,data\processed\bfw\asian\n004805\0566_01.jpg,n004805,n004805,asian,asian,males,males,,,1,0.21827076,31.103909,0.7817292
data\processed\bfw\asian\n002775\0133_01.jpg,data\processed\bfw\asian\n000137\0187_01.jpg,n002775,n000137,asian,asian,males,females,,,0,0.15281697,42.110264,0.84718305
data\processed\bfw\asian\n004472\0485_01.jpg,data\processed\bfw\asian\n000139\0170_01.jpg,n004472,n000139,asian,asian,females,females,,,0,-0.071106024,42.72305,1.0711061
data\processed\bfw\asian\n006148\0102_02.jpg,data\processed\bfw\asian\n006148\0165_01.jpg,n006148,n006148,asian,asian,females,females,,,1,0.39928332,30.628616,0.6007167
data\processed\bfw\asian\n004860\0059_01.jpg,data\processed\bfw\asian\n004721\0017_01.jpg,n004860,n004721,asian,asian,females,males,,,0,-0.078255944,38.932423,1.0782559
data\processed\bfw\asian\n000436\0002_01.jpg,data\processed\bfw\asian\n000436\0560_01.jpg,n000436,n000436,asian,asian,males,males,,,1,4.745549e-05,38.33048,0.99995255
data\processed\bfw\asian\n004800\0541_01.jpg,data\processed\bfw\asian\n004800\0560_01.jpg,n004800,n004800,asian,asian,males,males,,,1,-0.023446428,40.13703,1.0234464
data\processed\bfw\asian\n007664\0049_01.jpg,data\processed\bfw\asian\n007664\0130_01.jpg,n007664,n007664,asian,asian,females,females,,,1,0.21644934,32.484406,0.7835507
data\processed\bfw\asian\n004785\0169_01.jpg,data\processed\bfw\asian\n004864\0282_02.jpg,n004785,n004864,asian,asian,females,females,,,0,0.026034925,39.47949,0.97396505
data\processed\bfw\asian\n009042\0394_01.jpg,data\processed\bfw\asian\n009175\0043_01.jpg,n009042,n009175,asian,asian,females,females,,,0,-0.030063614,45.229176,1.0300636
data\processed\bfw\asian\n003223\0033_02.jpg,data\processed\bfw\asian\n005078\0134_01.jpg,n003223,n005078,asian,asian,males,males,,,0,0.09743505,37.097843,0.90256494
data\processed\bfw\asian\n008383\0161_02.jpg,data\processed\bfw\asian\n008383\0550_01.jpg,n008383,n008383,asian,asian,females,females,,,1,0.37899494,32.306973,0.62100506
data\processed\bfw\asian\n003489\0102_01.jpg,data\processed\bfw\asian\n003489\0247_01.jpg,n003489,n003489,asian,asian,males,males,,,1,0.2427203,34.023525,0.7572797
data\processed\bfw\asian\n007089\0055_01.jpg,data\processed\bfw\asian\n007089\0435_01.jpg,n007089,n007089,asian,asian,females,females,,,1,0.29651392,31.463188,0.7034861
data\processed\bfw\asian\n002725\0150_01.jpg,data\processed\bfw\asian\n009288\0270_01.jpg,n002725,n009288,asian,asian,females,females,,,0,-0.017436054,43.746628,1.017436
data\processed\bfw\asian\n007378\0124_01.jpg,data\processed\bfw\asian\n004809\0659_01.jpg,n007378,n004809,asian,asian,females,males,,,0,0.062019825,37.01677,0.9379802
data\processed\bfw\asian\n003358\0318_01.jpg,data\processed\bfw\asian\n004467\0049_01.jpg,n003358,n004467,asian,asian,females,males,,,0,-0.07822011,39.68436,1.0782201
data\processed\bfw\asian\n007270\0064_01.jpg,data\processed\bfw\asian\n007270\0306_03.jpg,n007270,n007270,asian,asian,females,females,,,1,0.4299267,27.617346,0.5700733
data\processed\bfw\asian\n006149\0064_01.jpg,data\processed\bfw\asian\n006149\0075_01.jpg,n006149,n006149,asian,asian,females,females,,,1,0.36243612,30.595503,0.6375639
data\processed\bfw\asian\n000137\0265_01.jpg,data\processed\bfw\asian\n004108\0096_01.jpg,n000137,n004108,asian,asian,females,males,,,0,-0.012400327,39.73923,1.0124003
data\processed\bfw\asian\n003506\0177_01.jpg,data\processed\bfw\asian\n003506\0428_02.jpg,n003506,n003506,asian,asian,females,females,,,1,0.33195043,30.249506,0.6680496
data\processed\bfw\asian\n004935\0287_01.jpg,data\processed\bfw\asian\n004935\0501_03.jpg,n004935,n004935,asian,asian,males,males,,,1,-0.026669564,47.50998,1.0266696
data\processed\bfw\asian\n000872\0098_01.jpg,data\processed\bfw\asian\n006203\0130_01.jpg,n000872,n006203,asian,asian,males,females,,,0,-0.03302065,44.34956,1.0330206
data\processed\bfw\asian\n000873\0255_01.jpg,data\processed\bfw\asian\n000873\0542_01.jpg,n000873,n000873,asian,asian,males,males,,,1,0.12149143,40.82094,0.87850857
data\processed\bfw\asian\n000160\0109_01.jpg,data\processed\bfw\asian\n000160\0308_01.jpg,n000160,n000160,asian,asian,females,females,,,1,0.1724511,35.161293,0.8275489
data\processed\bfw\asian\n008163\0032_02.jpg,data\processed\bfw\asian\n008163\0041_01.jpg,n008163,n008163,asian,asian,females,females,,,1,0.2553847,33.224033,0.7446153
data\processed\bfw\asian\n003162\0046_01.jpg,data\processed\bfw\asian\n003162\0278_01.jpg,n003162,n003162,asian,asian,males,males,,,1,0.54097265,34.74427,0.45902735
data\processed\bfw\asian\n000138\0003_01.jpg,data\processed\bfw\asian\n000138\0395_01.jpg,n000138,n000138,asian,asian,females,females,,,1,0.2280741,34.791965,0.7719259
data\processed\bfw\asian\n004469\0170_01.jpg,data\processed\bfw\asian\n004469\0851_02.jpg,n004469,n004469,asian,asian,males,males,,,1,0.44200784,31.402054,0.55799216
data\processed\bfw\asian\n002509\0041_01.jpg,data\processed\bfw\asian\n004860\0171_07.jpg,n002509,n004860,asian,asian,females,females,,,0,-0.008630534,41.42909,1.0086305
data\processed\bfw\asian\n004681\0206_01.jpg,data\processed\bfw\asian\n009042\0394_01.jpg,n004681,n009042,asian,asian,males,females,,,0,-0.0703715,46.24211,1.0703715
data\processed\bfw\asian\n004805\0276_01.jpg,data\processed\bfw\asian\n004805\0341_01.jpg,n004805,n004805,asian,asian,males,males,,,1,0.038044035,41.451298,0.96195596
data\processed\bfw\asian\n001864\0077_01.jpg,data\processed\bfw\asian\n001864\0078_01.jpg,n001864,n001864,asian,asian,males,males,,,1,0.10317721,42.655975,0.8968228
data\processed\bfw\asian\n007378\0214_01.jpg,data\processed\bfw\asian\n007378\0248_01.jpg,n007378,n007378,asian,asian,females,females,,,1,0.13550712,34.618183,0.8644929
data\processed\bfw\asian\n006159\0073_01.jpg,data\processed\bfw\asian\n006159\0122_01.jpg,n006159,n006159,asian,asian,females,females,,,1,0.5722043,29.507463,0.4277957
data\processed\bfw\asian\n000138\0078_01.jpg,data\processed\bfw\asian\n009103\0657_02.jpg,n000138,n009103,asian,asian,females,females,,,0,0.2674825,31.54858,0.7325175
data\processed\bfw\asian\n009278\0049_02.jpg,data\processed\bfw\asian\n009278\0072_01.jpg,n009278,n009278,asian,asian,females,females,,,1,0.4798353,28.10523,0.5201647
data\processed\bfw\asian\n000143\0226_04.jpg,data\processed\bfw\asian\n000132\0225_03__face_0.jpg,n000143,n000132,asian,asian,females,males,,,0,0.2390645,33.589737,0.7609355
data\processed\bfw\asian\n007816\0770_01.jpg,data\processed\bfw\asian\n006224\0030_01.jpg,n007816,n006224,asian,asian,females,females,,,0,0.045571655,33.09348,0.9544283
data\processed\bfw\asian\n000436\0161_02.jpg,data\processed\bfw\asian\n000436\0224_01.jpg,n000436,n000436,asian,asian,males,males,,,1,0.249729,38.087666,0.750271
data\processed\bfw\asian\n004549\0202_01.jpg,data\processed\bfw\asian\n001496\0076_01.jpg,n004549,n001496,asian,asian,females,males,,,0,-0.0026545548,45.926533,1.0026546
data\processed\bfw\asian\n008934\0233_01.jpg,data\processed\bfw\asian\n008934\0353_01.jpg,n008934,n008934,asian,asian,females,females,,,1,0.33725375,28.932297,0.66274625
data\processed\bfw\asian\n003467\0176_02.jpg,data\processed\bfw\asian\n003467\0395_01.jpg,n003467,n003467,asian,asian,females,females,,,1,0.18542106,36.120224,0.81457895
data\processed\bfw\asian\n009287\0054_01.jpg,data\processed\bfw\asian\n009287\0191_01.jpg,n009287,n009287,asian,asian,females,females,,,1,0.44564882,32.655968,0.5543512
data\processed\bfw\asian\n004809\0013_10.jpg,data\processed\bfw\asian\n004809\0619_01.jpg,n004809,n004809,asian,asian,males,males,,,1,0.32581353,31.398746,0.67418647
data\processed\bfw\asian\n003463\0127_01.jpg,data\processed\bfw\asian\n003463\0517_02.jpg,n003463,n003463,asian,asian,males,males,,,1,0.40396658,32.70968,0.59603345
data\processed\bfw\asian\n009148\0051_01.jpg,data\processed\bfw\asian\n009148\0155_01.jpg,n009148,n009148,asian,asian,females,females,,,1,0.08517259,34.50158,0.9148274
data\processed\bfw\asian\n005078\0043_02.jpg,data\processed\bfw\asian\n005474\0039_02.jpg,n005078,n005474,asian,asian,males,females,,,0,-0.031380057,41.6687,1.03138
data\processed\bfw\asian\n007816\0281_01.jpg,data\processed\bfw\asian\n007816\0543_01.jpg,n007816,n007816,asian,asian,females,females,,,1,0.094662406,35.206543,0.9053376
data\processed\bfw\asian\n006224\0096_01.jpg,data\processed\bfw\asian\n006224\0212_01.jpg,n006224,n006224,asian,asian,females,females,,,1,0.14562847,36.186405,0.85437155
data\processed\bfw\asian\n000132\0053_01__face_0.jpg,data\processed\bfw\asian\n000132\0091_01__face_0.jpg,n000132,n000132,asian,asian,males,males,,,1,0.49642485,27.636478,0.50357515
data\processed\bfw\asian\n002320\0186_02.jpg,data\processed\bfw\asian\n002320\0220_01.jpg,n002320,n002320,asian,asian,males,males,,,1,0.4646313,30.496264,0.5353687
data\processed\bfw\asian\n004687\0191_01.jpg,data\processed\bfw\asian\n004687\0307_01.jpg,n004687,n004687,asian,asian,females,females,,,1,0.29647636,33.745632,0.70352364
data\processed\bfw\asian\n005378\0294_01.jpg,data\processed\bfw\asian\n005378\0354_01.jpg,n005378,n005378,asian,asian,females,females,,,1,0.106489204,33.186775,0.8935108
data\processed\bfw\asian\n003635\0614_01.jpg,data\processed\bfw\asian\n003635\0624_01.jpg,n003635,n003635,asian,asian,males,males,,,1,0.5356974,33.018787,0.4643026
data\processed\bfw\asian\n003506\0041_01.jpg,data\processed\bfw\asian\n003506\0637_01.jpg,n003506,n003506,asian,asian,females,females,,,1,0.47594532,28.442038,0.52405465
data\processed\bfw\asian\n003355\0082_01.jpg,data\processed\bfw\asian\n004800\0419_04.jpg,n003355,n004800,asian,asian,males,males,,,0,0.18177205,39.74703,0.81822795
data\processed\bfw\asian\n004860\0059_01.jpg,data\processed\bfw\asian\n004860\0346_03.jpg,n004860,n004860,asian,asian,females,females,,,1,0.093839124,34.036484,0.9061609
data\processed\bfw\asian\n001682\0085_01.jpg,data\processed\bfw\asian\n004877\0076_01.jpg,n001682,n004877,asian,asian,males,females,,,0,0.079969786,41.50609,0.92003024
data\processed\bfw\asian\n004785\0145_01.jpg,data\processed\bfw\asian\n004785\0357_02.jpg,n004785,n004785,asian,asian,females,females,,,1,0.21743555,34.969208,0.78256446
data\processed\bfw\asian\n003156\0077_01.jpg,data\processed\bfw\asian\n003156\0084_01.jpg,n003156,n003156,asian,asian,males,males,,,1,0.36102295,29.647287,0.63897705
data\processed\bfw\asian\n001976\0336_02.jpg,data\processed\bfw\asian\n000148\0390_01.jpg,n001976,n000148,asian,asian,males,females,,,0,-0.067474015,43.544155,1.067474
data\processed\bfw\asian\n006633\0063_04.jpg,data\processed\bfw\asian\n001682\0052_01.jpg,n006633,n001682,asian,asian,females,males,,,0,-0.025132565,45.463356,1.0251325
data\processed\bfw\asian\n007664\0081_01.jpg,data\processed\bfw\asian\n005063\0414_06.jpg,n007664,n005063,asian,asian,females,females,,,0,0.029942684,40.971386,0.9700573
data\processed\bfw\asian\n007089\0431_01.jpg,data\processed\bfw\asian\n004791\0377_01.jpg,n007089,n004791,asian,asian,females,males,,,0,0.08832342,37.31932,0.9116766
data\processed\bfw\asian\n004930\0065_01.jpg,data\processed\bfw\asian\n008934\0119_01.jpg,n004930,n008934,asian,asian,females,females,,,0,0.09433939,36.20009,0.9056606
data\processed\bfw\asian\n001572\0025_01.jpg,data\processed\bfw\asian\n004800\0289_02.jpg,n001572,n004800,asian,asian,females,males,,,0,0.050472394,36.219585,0.9495276
data\processed\bfw\asian\n006149\0117_01.jpg,data\processed\bfw\asian\n006149\0349_01.jpg,n006149,n006149,asian,asian,females,females,,,1,0.37541637,28.824842,0.6245836
data\processed\bfw\asian\n006126\0097_01.jpg,data\processed\bfw\asian\n004936\0124_01.jpg,n006126,n004936,asian,asian,females,females,,,0,-0.046913028,38.972668,1.046913
data\processed\bfw\asian\n005446\0490_02.jpg,data\processed\bfw\asian\n001864\0283_01.jpg,n005446,n001864,asian,asian,females,males,,,0,0.09623672,35.12539,0.9037633
data\processed\bfw\asian\n003355\0082_01.jpg,data\processed\bfw\asian\n003355\0620_01.jpg,n003355,n003355,asian,asian,males,males,,,1,0.49374297,31.756046,0.50625706
data\processed\bfw\asian\n000135\0112_01.jpg,data\processed\bfw\asian\n005077\0002_01.jpg,n000135,n005077,asian,asian,females,females,,,0,0.05902072,35.550964,0.9409793
data\processed\bfw\asian\n007814\0287_01.jpg,data\processed\bfw\asian\n000148\0153_01.jpg,n007814,n000148,asian,asian,females,females,,,0,0.094557896,33.84332,0.9054421
data\processed\bfw\asian\n002320\0006_01.jpg,data\processed\bfw\asian\n002320\0170_01.jpg,n002320,n002320,asian,asian,males,males,,,1,0.31387997,32.639782,0.68612003
data\processed\bfw\asian\n003355\0089_01.jpg,data\processed\bfw\asian\n004686\0077_01.jpg,n003355,n004686,asian,asian,males,males,,,0,0.012662038,40.123634,0.98733795
data\processed\bfw\asian\n001562\0110_02.jpg,data\processed\bfw\asian\n000854\0245_01.jpg,n001562,n000854,asian,asian,males,females,,,0,0.1198925,41.09454,0.8801075
data\processed\bfw\asian\n004877\0200_02.jpg,data\processed\bfw\asian\n002644\0257_01.jpg,n004877,n002644,asian,asian,females,males,,,0,-0.1426281,42.404655,1.1426281
data\processed\bfw\asian\n008934\0164_01.jpg,data\processed\bfw\asian\n008934\0645_01.jpg,n008934,n008934,asian,asian,females,females,,,1,0.34351268,32.19466,0.65648735
data\processed\bfw\asian\n004687\0010_04.jpg,data\processed\bfw\asian\n009279\0193_01.jpg,n004687,n009279,asian,asian,females,females,,,0,-0.09719076,37.663513,1.0971907
data\processed\bfw\asian\n006736\0099_01.jpg,data\processed\bfw\asian\n006736\0101_01.jpg,n006736,n006736,asian,asian,females,females,,,1,0.030317271,40.00353,0.96968275
data\processed\bfw\asian\n004936\0138_02.jpg,data\processed\bfw\asian\n004936\0757_01.jpg,n004936,n004936,asian,asian,females,females,,,1,0.041839413,45.080776,0.9581606
data\processed\bfw\asian\n003223\0327_01.jpg,data\processed\bfw\asian\n002775\0069_01.jpg,n003223,n002775,asian,asian,males,males,,,0,-0.005625532,43.714912,1.0056255
data\processed\bfw\asian\n001496\0128_03.jpg,data\processed\bfw\asian\n001496\0219_01.jpg,n001496,n001496,asian,asian,males,males,,,1,0.21545428,37.769363,0.7845457
data\processed\bfw\asian\n003167\0183_01.jpg,data\processed\bfw\asian\n004108\0391_01.jpg,n003167,n004108,asian,asian,males,males,,,0,0.09849387,33.049694,0.9015061
data\processed\bfw\asian\n003465\0195_01.jpg,data\processed\bfw\asian\n003027\0374_01.jpg,n003465,n003027,asian,asian,males,males,,,0,-0.04887655,46.669136,1.0488765
data\processed\bfw\asian\n006148\0189_01.jpg,data\processed\bfw\asian\n006148\0400_01.jpg,n006148,n006148,asian,asian,females,females,,,1,-0.12189626,45.441227,1.1218963
data\processed\bfw\asian\n002320\0170_01.jpg,data\processed\bfw\asian\n008401\0160_02.jpg,n002320,n008401,asian,asian,males,females,,,0,0.07193083,38.848988,0.9280692
data\processed\bfw\asian\n004791\0190_01.jpg,data\processed\bfw\asian\n004791\0556_01.jpg,n004791,n004791,asian,asian,males,males,,,1,0.4851571,28.261654,0.51484287
data\processed\bfw\asian\n004935\0149_01.jpg,data\processed\bfw\asian\n006774\0391_01.jpg,n004935,n006774,asian,asian,males,females,,,0,-0.06976937,38.592342,1.0697694
data\processed\bfw\asian\n007378\0036_01.jpg,data\processed\bfw\asian\n007378\0146_03.jpg,n007378,n007378,asian,asian,females,females,,,1,0.32763305,31.029888,0.672367
data\processed\bfw\asian\n003824\0042_01.jpg,data\processed\bfw\asian\n006344\0147_02.jpg,n003824,n006344,asian,asian,females,females,,,0,0.061014928,36.97328,0.93898505
data\processed\bfw\asian\n006148\0027_01.jpg,data\processed\bfw\asian\n006148\0242_02.jpg,n006148,n006148,asian,asian,females,females,,,1,0.43376872,28.995144,0.56623125
data\processed\bfw\asian\n009103\0161_01.jpg,data\processed\bfw\asian\n009103\0724_01.jpg,n009103,n009103,asian,asian,females,females,,,1,0.36307225,28.903261,0.6369277
data\processed\bfw\asian\n009042\0115_01.jpg,data\processed\bfw\asian\n009276\0106_05.jpg,n009042,n009276,asian,asian,females,females,,,0,0.18537316,34.289524,0.8146268
data\processed\bfw\asian\n007378\0479_01.jpg,data\processed\bfw\asian\n006125\0247_01.jpg,n007378,n006125,asian,asian,females,females,,,0,0.1093958,35.150333,0.8906042
data\processed\bfw\asian\n008978\0101_01.jpg,data\processed\bfw\asian\n000872\0101_01.jpg,n008978,n000872,asian,asian,females,males,,,0,-0.1302498,43.275467,1.1302497
data\processed\bfw\asian\n000009\0102_01.jpg,data\processed\bfw\asian\n004800\0139_02.jpg,n000009,n004800,asian,asian,females,males,,,0,0.00611895,36.812866,0.99388105
data\processed\bfw\asian\n006126\0097_01.jpg,data\processed\bfw\asian\n003506\0367_01.jpg,n006126,n003506,asian,asian,females,females,,,0,0.02629042,33.928467,0.9737096
data\processed\bfw\asian\n006203\0092_06.jpg,data\processed\bfw\asian\n006203\0148_04.jpg,n006203,n006203,asian,asian,females,females,,,1,0.18113948,31.356884,0.81886053
data\processed\bfw\asian\n004785\0183_02.jpg,data\processed\bfw\asian\n004785\0381_02.jpg,n004785,n004785,asian,asian,females,females,,,1,0.21728088,32.85279,0.78271914
data\processed\bfw\asian\n004860\0196_01.jpg,data\processed\bfw\asian\n002406\0197_01.jpg,n004860,n002406,asian,asian,females,males,,,0,-0.107791096,41.33122,1.1077911
data\processed\bfw\asian\n009042\0034_02.jpg,data\processed\bfw\asian\n009042\0383_02.jpg,n009042,n009042,asian,asian,females,females,,,1,0.06777697,42.5796,0.932223
data\processed\bfw\asian\n000436\0002_01.jpg,data\processed\bfw\asian\n000436\0040_04.jpg,n000436,n000436,asian,asian,males,males,,,1,-0.0051088035,39.868717,1.0051088
data\processed\bfw\asian\n002331\0264_01.jpg,data\processed\bfw\asian\n002331\0348_01.jpg,n002331,n002331,asian,asian,males,males,,,1,0.13642547,37.09841,0.8635745
data\processed\bfw\asian\n005063\0044_03.jpg,data\processed\bfw\asian\n005063\0072_01.jpg,n005063,n005063,asian,asian,females,females,,,1,0.208694,33.405598,0.791306
data\processed\bfw\asian\n009287\0160_01.jpg,data\processed\bfw\asian\n000436\0348_01.jpg,n009287,n000436,asian,asian,females,males,,,0,0.09385146,37.950523,0.90614855
data\processed\bfw\asian\n009275\0049_01.jpg,data\processed\bfw\asian\n009275\0624_01.jpg,n009275,n009275,asian,asian,females,females,,,1,0.24525116,32.208702,0.7547488
data\processed\bfw\asian\n003358\0365_01.jpg,data\processed\bfw\asian\n000840\0023_01.jpg,n003358,n000840,asian,asian,females,females,,,0,0.08267763,36.59997,0.9173224
data\processed\bfw\asian\n004469\0111_03.jpg,data\processed\bfw\asian\n003288\0300_01.jpg,n004469,n003288,asian,asian,males,females,,,0,0.21272929,35.1668,0.7872707
data\processed\bfw\asian\n004108\0190_01.jpg,data\processed\bfw\asian\n004108\0383_01.jpg,n004108,n004108,asian,asian,males,males,,,1,-0.013263002,45.718346,1.013263
data\processed\bfw\asian\n005077\0104_01.jpg,data\processed\bfw\asian\n004466\0048_01.jpg,n005077,n004466,asian,asian,females,males,,,0,0.07514208,35.221306,0.9248579
data\processed\bfw\asian\n004786\0097_02.jpg,data\processed\bfw\asian\n004786\0241_02.jpg,n004786,n004786,asian,asian,females,females,,,1,0.21827485,29.969313,0.78172517
data\processed\bfw\asian\n005177\0155_01.jpg,data\processed\bfw\asian\n004935\0123_01.jpg,n005177,n004935,asian,asian,males,males,,,0,0.10287174,37.572247,0.8971283
data\processed\bfw\asian\n004221\0226_06.jpg,data\processed\bfw\asian\n009103\0700_03.jpg,n004221,n009103,asian,asian,males,females,,,0,-0.026515275,45.069485,1.0265152
data\processed\bfw\asian\n002725\0290_01.jpg,data\processed\bfw\asian\n002725\0330_02.jpg,n002725,n002725,asian,asian,females,females,,,1,0.15556152,39.524452,0.8444385
data\processed\bfw\asian\n003491\0019_01.jpg,data\processed\bfw\asian\n003491\0033_01.jpg,n003491,n003491,asian,asian,males,males,,,1,0.55195373,29.071384,0.44804627
data\processed\bfw\asian\n005177\0004_01.jpg,data\processed\bfw\asian\n005177\0096_01.jpg,n005177,n005177,asian,asian,males,males,,,1,0.5510717,30.274433,0.4489283
data\processed\bfw\asian\n004860\0018_02.jpg,data\processed\bfw\asian\n004860\0236_01.jpg,n004860,n004860,asian,asian,females,females,,,1,0.31176904,28.343084,0.688231
data\processed\bfw\asian\n004785\0125_01.jpg,data\processed\bfw\asian\n004785\0211_01.jpg,n004785,n004785,asian,asian,females,females,,,1,0.22982913,35.633762,0.77017087
data\processed\bfw\asian\n000160\0139_01.jpg,data\processed\bfw\asian\n005072\0231_01.jpg,n000160,n005072,asian,asian,females,males,,,0,-0.057872374,40.458954,1.0578724
data\processed\bfw\asian\n002644\0105_01.jpg,data\processed\bfw\asian\n002644\0318_01.jpg,n002644,n002644,asian,asian,males,males,,,1,0.26361606,29.664848,0.7363839
data\processed\bfw\asian\n007385\0432_01.jpg,data\processed\bfw\asian\n007385\0691_01.jpg,n007385,n007385,asian,asian,females,females,,,1,0.09288636,38.5555,0.9071137
data\processed\bfw\asian\n004680\0211_01.jpg,data\processed\bfw\asian\n000839\0407_01.jpg,n004680,n000839,asian,asian,females,females,,,0,-0.016687604,40.46637,1.0166876
data\processed\bfw\asian\n005072\0606_01.jpg,data\processed\bfw\asian\n003635\0648_02.jpg,n005072,n003635,asian,asian,males,males,,,0,0.0660891,38.566265,0.9339109
data\processed\bfw\asian\n000132\0148_01__face_0.jpg,data\processed\bfw\asian\n000132\0234_01__face_0.jpg,n000132,n000132,asian,asian,males,males,,,1,0.16612881,38.444473,0.8338712
data\processed\bfw\asian\n003533\0055_03.jpg,data\processed\bfw\asian\n003557\0241_03.jpg,n003533,n003557,asian,asian,males,females,,,0,-0.014222228,43.50053,1.0142223
data\processed\bfw\asian\n006159\0039_02.jpg,data\processed\bfw\asian\n004466\0045_01.jpg,n006159,n004466,asian,asian,females,males,,,0,-0.12948559,45.58573,1.1294856
data\processed\bfw\asian\n004108\0239_01.jpg,data\processed\bfw\asian\n000838\0247_01.jpg,n004108,n000838,asian,asian,males,females,,,0,0.026677735,41.645687,0.9733223
data\processed\bfw\asian\n003167\0081_01.jpg,data\processed\bfw\asian\n000137\0100_01.jpg,n003167,n000137,asian,asian,males,females,,,0,-0.14076513,48.52414,1.1407652
data\processed\bfw\asian\n006418\0040_01.jpg,data\processed\bfw\asian\n000161\0001_01.jpg,n006418,n000161,asian,asian,females,males,,,0,0.09496002,40.57089,0.90503997
data\processed\bfw\asian\n004472\0093_01.jpg,data\processed\bfw\asian\n003465\0036_01.jpg,n004472,n003465,asian,asian,females,males,,,0,0.07416682,38.216255,0.92583317
data\processed\bfw\asian\n004864\0588_04.jpg,data\processed\bfw\asian\n004864\0607_01.jpg,n004864,n004864,asian,asian,females,females,,,1,0.1946181,33.141483,0.8053819
data\processed\bfw\asian\n003155\0185_01.jpg,data\processed\bfw\asian\n003155\0309_02.jpg,n003155,n003155,asian,asian,males,males,,,1,0.063697524,47.6222,0.9363025
data\processed\bfw\asian\n004469\0170_01.jpg,data\processed\bfw\asian\n004791\0269_01.jpg,n004469,n004791,asian,asian,males,males,,,0,-0.066906855,38.050903,1.0669068
data\processed\bfw\asian\n006736\0145_01.jpg,data\processed\bfw\asian\n004785\0493_01.jpg,n006736,n004785,asian,asian,females,females,,,0,-0.063457444,38.030582,1.0634575
data\processed\bfw\asian\n005116\0189_01.jpg,data\processed\bfw\asian\n005116\0332_01.jpg,n005116,n005116,asian,asian,males,males,,,1,0.38449836,31.53685,0.61550164
data\processed\bfw\asian\n007372\0033_01.jpg,data\processed\bfw\asian\n000873\0191_01.jpg,n007372,n000873,asian,asian,females,males,,,0,-0.015897894,42.652733,1.0158979
data\processed\bfw\asian\n006125\0101_01.jpg,data\processed\bfw\asian\n006125\0129_01.jpg,n006125,n006125,asian,asian,females,females,,,1,0.40070355,29.553434,0.59929645
data\processed\bfw\asian\n007089\0066_01.jpg,data\processed\bfw\asian\n000854\0354_01.jpg,n007089,n000854,asian,asian,females,females,,,0,0.1759447,36.695618,0.8240553
data\processed\bfw\asian\n005177\0065_01.jpg,data\processed\bfw\asian\n007372\0216_03.jpg,n005177,n007372,asian,asian,males,females,,,0,-0.0012002632,44.300056,1.0012003
data\processed\bfw\asian\n004805\0012_02.jpg,data\processed\bfw\asian\n004805\0289_01.jpg,n004805,n004805,asian,asian,males,males,,,1,0.26063424,30.614616,0.73936576
data\processed\bfw\asian\n000139\0170_01.jpg,data\processed\bfw\asian\n006126\0351_01.jpg,n000139,n006126,asian,asian,females,females,,,0,-0.012638537,45.63353,1.0126386
data\processed\bfw\asian\n003156\0100_01.jpg,data\processed\bfw\asian\n005077\0020_01.jpg,n003156,n005077,asian,asian,males,females,,,0,0.056284513,37.657593,0.9437155
data\processed\bfw\asian\n003027\0210_01.jpg,data\processed\bfw\asian\n006774\0075_01.jpg,n003027,n006774,asian,asian,males,females,,,0,-0.038760275,44.972748,1.0387603
data\processed\bfw\asian\n009175\0037_01.jpg,data\processed\bfw\asian\n009175\0072_01.jpg,n009175,n009175,asian,asian,females,females,,,1,0.5189887,31.546577,0.48101127
data\processed\bfw\asian\n009177\0112_01.jpg,data\processed\bfw\asian\n009177\0175_01.jpg,n009177,n009177,asian,asian,females,females,,,1,0.3433501,31.24677,0.6566499
data\processed\bfw\asian\n000837\0195_01.jpg,data\processed\bfw\asian\n000837\0288_01.jpg,n000837,n000837,asian,asian,females,females,,,1,0.30198008,32.530304,0.6980199
data\processed\bfw\asian\n007380\0081_01.jpg,data\processed\bfw\asian\n007380\0268_01.jpg,n007380,n007380,asian,asian,females,females,,,1,0.054157455,37.89487,0.94584256
data\processed\bfw\asian\n003449\0129_01.jpg,data\processed\bfw\asian\n004786\0241_02.jpg,n003449,n004786,asian,asian,females,females,,,0,0.015143575,39.804558,0.9848564
data\processed\bfw\asian\n006344\0143_01.jpg,data\processed\bfw\asian\n000139\0300_03.jpg,n006344,n000139,asian,asian,females,females,,,0,0.021803496,44.770466,0.9781965
data\processed\bfw\asian\n004800\0111_01.jpg,data\processed\bfw\asian\n004800\0281_01.jpg,n004800,n004800,asian,asian,males,males,,,1,0.43408597,27.402729,0.56591403
data\processed\bfw\asian\n005069\0559_02.jpg,data\processed\bfw\asian\n007380\0081_01.jpg,n005069,n007380,asian,asian,females,females,,,0,-0.061496384,37.71054,1.0614964
data\processed\bfw\asian\n000132\0091_01__face_0.jpg,data\processed\bfw\asian\n000132\0136_02__face_0.jpg,n000132,n000132,asian,asian,males,males,,,1,0.37092736,32.272675,0.62907267
data\processed\bfw\asian\n001864\0078_01.jpg,data\processed\bfw\asian\n003506\0367_01.jpg,n001864,n003506,asian,asian,males,females,,,0,-0.07413594,43.457024,1.0741359
data\processed\bfw\asian\n007814\0057_01.jpg,data\processed\bfw\asian\n005063\0072_01.jpg,n007814,n005063,asian,asian,females,females,,,0,0.1769323,32.300587,0.82306767
data\processed\bfw\asian\n004930\0103_01.jpg,data\processed\bfw\asian\n007089\0229_01.jpg,n004930,n007089,asian,asian,females,females,,,0,0.1665053,37.607716,0.83349466
data\processed\bfw\asian\n009276\0036_01.jpg,data\processed\bfw\asian\n009276\0332_01.jpg,n009276,n009276,asian,asian,females,females,,,1,0.06279651,37.2014,0.93720347
data\processed\bfw\asian\n008978\0197_01.jpg,data\processed\bfw\asian\n000837\0075_01.jpg,n008978,n000837,asian,asian,females,females,,,0,0.022347977,37.490097,0.977652
data\processed\bfw\asian\n005446\0051_01.jpg,data\processed\bfw\asian\n005446\0473_01.jpg,n005446,n005446,asian,asian,females,females,,,1,0.44288722,27.777206,0.5571128
data\processed\bfw\asian\n006619\0092_02.jpg,data\processed\bfw\asian\n006619\0572_01.jpg,n006619,n006619,asian,asian,females,females,,,1,0.358934,29.6772,0.641066
data\processed\bfw\asian\n000137\0059_01.jpg,data\processed\bfw\asian\n000137\0248_01.jpg,n000137,n000137,asian,asian,females,females,,,1,0.0789061,39.340725,0.9210939
data\processed\bfw\asian\n004877\0092_02.jpg,data\processed\bfw\asian\n002552\0074_01.jpg,n004877,n002552,asian,asian,females,males,,,0,0.12617412,37.250416,0.8738259
data\processed\bfw\asian\n004549\0065_01.jpg,data\processed\bfw\asian\n004549\0213_01.jpg,n004549,n004549,asian,asian,females,females,,,1,0.38902584,24.134571,0.6109742
data\processed\bfw\asian\n000873\0556_01.jpg,data\processed\bfw\asian\n007899\0204_02.jpg,n000873,n007899,asian,asian,males,females,,,0,0.0006172016,42.90659,0.9993828
data\processed\bfw\asian\n009125\0041_01.jpg,data\processed\bfw\asian\n009125\0363_01.jpg,n009125,n009125,asian,asian,females,females,,,1,0.3295146,33.31364,0.6704854
data\processed\bfw\asian\n004787\0147_01.jpg,data\processed\bfw\asian\n004787\0357_01.jpg,n004787,n004787,asian,asian,females,females,,,1,0.3669159,31.36492,0.63308406
data\processed\bfw\asian\n009287\0064_01.jpg,data\processed\bfw\asian\n009287\0089_01.jpg,n009287,n009287,asian,asian,females,females,,,1,0.6379243,26.958433,0.3620757
data\processed\bfw\asian\n006125\0185_01.jpg,data\processed\bfw\asian\n000854\0292_01.jpg,n006125,n000854,asian,asian,females,females,,,0,0.17248271,37.00881,0.8275173
data\processed\bfw\asian\n000009\0243_01.jpg,data\processed\bfw\asian\n000009\0354_03.jpg,n000009,n000009,asian,asian,females,females,,,1,0.028224466,38.814434,0.97177553
data\processed\bfw\asian\n007899\0077_01.jpg,data\processed\bfw\asian\n006222\0122_01.jpg,n007899,n006222,asian,asian,females,females,,,0,0.067568086,35.501156,0.93243194
data\processed\bfw\asian\n003491\0096_01.jpg,data\processed\bfw\asian\n003491\0147_05.jpg,n003491,n003491,asian,asian,males,males,,,1,0.2025996,40.364185,0.7974004
data\processed\bfw\asian\n004860\0107_01.jpg,data\processed\bfw\asian\n003153\0250_01.jpg,n004860,n003153,asian,asian,females,females,,,0,0.09993089,36.905766,0.9000691
data\processed\bfw\asian\n002320\0025_01.jpg,data\processed\bfw\asian\n003481\0245_01.jpg,n002320,n003481,asian,asian,males,females,,,0,-0.0018686869,41.80799,1.0018687
data\processed\bfw\asian\n005069\0313_01.jpg,data\processed\bfw\asian\n000148\0390_01.jpg,n005069,n000148,asian,asian,females,females,,,0,0.089064814,35.647217,0.91093516
data\processed\bfw\asian\n000132\0153_01__face_0.jpg,data\processed\bfw\asian\n000132\0693_01__face_0.jpg,n000132,n000132,asian,asian,males,males,,,1,0.23745038,35.74295,0.76254964
data\processed\bfw\asian\n003167\0064_01.jpg,data\processed\bfw\asian\n004549\0202_01.jpg,n003167,n004549,asian,asian,males,females,,,0,-0.062564254,43.864754,1.0625643
data\processed\bfw\asian\n003358\0362_02.jpg,data\processed\bfw\asian\n003358\0437_01.jpg,n003358,n003358,asian,asian,females,females,,,1,0.27019164,31.079527,0.72980833
data\processed\bfw\asian\n005078\0289_01.jpg,data\processed\bfw\asian\n005446\0141_01.jpg,n005078,n005446,asian,asian,males,females,,,0,-0.062435936,39.786602,1.062436
data\processed\bfw\asian\n007738\0188_02.jpg,data\processed\bfw\asian\n000838\0113_01.jpg,n007738,n000838,asian,asian,females,females,,,0,0.04166086,41.69925,0.95833915
data\processed\bfw\asian\n004864\0028_01.jpg,data\processed\bfw\asian\n002552\0237_02.jpg,n004864,n002552,asian,asian,females,males,,,0,0.087534726,34.528576,0.9124653
data\processed\bfw\asian\n004870\0112_02.jpg,data\processed\bfw\asian\n003467\0042_01.jpg,n004870,n003467,asian,asian,females,females,,,0,0.15594871,36.636166,0.8440513
data\processed\bfw\asian\n001864\0301_01.jpg,data\processed\bfw\asian\n005177\0004_01.jpg,n001864,n005177,asian,asian,males,males,,,0,-0.033415362,44.566677,1.0334153
data\processed\bfw\asian\n005177\0004_01.jpg,data\processed\bfw\asian\n004936\0124_01.jpg,n005177,n004936,asian,asian,males,females,,,0,0.029320784,43.08596,0.9706792
data\processed\bfw\asian\n000135\0101_01.jpg,data\processed\bfw\asian\n000135\0465_01.jpg,n000135,n000135,asian,asian,females,females,,,1,0.29254174,31.453453,0.70745826
data\processed\bfw\asian\n008148\0137_01.jpg,data\processed\bfw\asian\n009042\0059_01.jpg,n008148,n009042,asian,asian,females,females,,,0,0.12792757,38.456234,0.87207246
data\processed\bfw\asian\n004787\0101_03.jpg,data\processed\bfw\asian\n006774\0430_02.jpg,n004787,n006774,asian,asian,females,females,,,0,0.042263202,38.807594,0.9577368
data\processed\bfw\asian\n005474\0162_02.jpg,data\processed\bfw\asian\n005072\0107_01.jpg,n005474,n005072,asian,asian,females,males,,,0,0.101066254,37.635166,0.89893377
data\processed\bfw\asian\n000872\0274_02.jpg,data\processed\bfw\asian\n000872\0581_01.jpg,n000872,n000872,asian,asian,males,males,,,1,0.4007391,33.369587,0.5992609
data\processed\bfw\asian\n004466\0108_01.jpg,data\processed\bfw\asian\n004466\0238_01.jpg,n004466,n004466,asian,asian,males,males,,,1,0.34044757,30.19198,0.65955245
data\processed\bfw\asian\n008163\0218_01.jpg,data\processed\bfw\asian\n004221\0450_01.jpg,n008163,n004221,asian,asian,females,males,,,0,0.21836443,36.085304,0.7816356
data\processed\bfw\asian\n006358\0117_01.jpg,data\processed\bfw\asian\n006358\0126_01.jpg,n006358,n006358,asian,asian,females,females,,,1,0.13848811,39.918354,0.8615119
data\processed\bfw\asian\n006358\0101_06.jpg,data\processed\bfw\asian\n006358\0333_02.jpg,n006358,n006358,asian,asian,females,females,,,1,0.49662155,32.331543,0.50337845
data\processed\bfw\asian\n004787\0039_03.jpg,data\processed\bfw\asian\n004787\0101_02.jpg,n004787,n004787,asian,asian,females,females,,,1,0.47085378,27.143892,0.5291462
data\processed\bfw\asian\n003489\0079_01.jpg,data\processed\bfw\asian\n003489\0112_01.jpg,n003489,n003489,asian,asian,males,males,,,1,0.5566522,29.213024,0.4433478
data\processed\bfw\asian\n008148\0008_02.jpg,data\processed\bfw\asian\n008148\0055_01.jpg,n008148,n008148,asian,asian,females,females,,,1,0.35349348,28.630486,0.64650655
data\processed\bfw\asian\n002406\0173_01.jpg,data\processed\bfw\asian\n004870\0020_01.jpg,n002406,n004870,asian,asian,males,females,,,0,0.14892678,35.7833,0.8510732
data\processed\bfw\asian\n008148\0137_01.jpg,data\processed\bfw\asian\n008148\0246_01.jpg,n008148,n008148,asian,asian,females,females,,,1,0.19771314,34.528748,0.80228686
data\processed\bfw\asian\n004786\0031_01.jpg,data\processed\bfw\asian\n004786\0173_01.jpg,n004786,n004786,asian,asian,females,females,,,1,0.48404324,28.91541,0.51595676
data\processed\bfw\asian\n009294\0251_02.jpg,data\processed\bfw\asian\n009294\0279_02.jpg,n009294,n009294,asian,asian,females,females,,,1,0.53151155,32.089787,0.46848845
data\processed\bfw\asian\n001864\0105_01.jpg,data\processed\bfw\asian\n001864\0247_01.jpg,n001864,n001864,asian,asian,males,males,,,1,0.13384044,35.960884,0.86615956
data\processed\bfw\asian\n000840\0304_01.jpg,data\processed\bfw\asian\n000856\0053_01.jpg,n000840,n000856,asian,asian,females,females,,,0,0.004301697,40.051838,0.99569833
data\processed\bfw\asian\n002406\0176_01.jpg,data\processed\bfw\asian\n002406\0534_01.jpg,n002406,n002406,asian,asian,males,males,,,1,0.28244165,32.838478,0.7175584
data\processed\bfw\asian\n006418\0251_02.jpg,data\processed\bfw\asian\n006634\0101_01.jpg,n006418,n006634,asian,asian,females,females,,,0,0.050505348,38.06329,0.94949466
data\processed\bfw\asian\n004721\0145_01.jpg,data\processed\bfw\asian\n006126\0084_01.jpg,n004721,n006126,asian,asian,males,females,,,0,-0.07041743,37.74724,1.0704174
data\processed\bfw\asian\n000143\0368_01.jpg,data\processed\bfw\asian\n000143\0406_01.jpg,n000143,n000143,asian,asian,females,females,,,1,0.1776654,32.991333,0.8223346
data\processed\bfw\asian\n004681\0117_01.jpg,data\processed\bfw\asian\n009275\0049_01.jpg,n004681,n009275,asian,asian,males,females,,,0,0.08997167,34.672085,0.91002834
data\processed\bfw\asian\n000839\0120_01.jpg,data\processed\bfw\asian\n000839\0399_01.jpg,n000839,n000839,asian,asian,females,females,,,1,0.13473105,34.58696,0.86526895
data\processed\bfw\asian\n004681\0314_01.jpg,data\processed\bfw\asian\n004681\0592_01.jpg,n004681,n004681,asian,asian,males,males,,,1,0.29963207,31.717535,0.7003679
data\processed\bfw\asian\n006774\0039_01.jpg,data\processed\bfw\asian\n006774\0105_01.jpg,n006774,n006774,asian,asian,females,females,,,1,0.45298952,29.865767,0.5470105
data\processed\bfw\asian\n006126\0105_01.jpg,data\processed\bfw\asian\n006126\0197_01.jpg,n006126,n006126,asian,asian,females,females,,,1,0.2504686,31.15894,0.7495314
data\processed\bfw\asian\n000138\0541_01.jpg,data\processed\bfw\asian\n004791\0190_01.jpg,n000138,n004791,asian,asian,females,males,,,0,0.15478086,37.543148,0.84521914
data\processed\bfw\asian\n006125\0253_01.jpg,data\processed\bfw\asian\n006126\0084_01.jpg,n006125,n006126,asian,asian,females,females,,,0,-0.022096654,37.39199,1.0220966
data\processed\bfw\asian\n003354\0082_01.jpg,data\processed\bfw\asian\n003354\0177_01.jpg,n003354,n003354,asian,asian,females,females,,,1,0.39344412,30.531258,0.6065559
data\processed\bfw\asian\n001976\0056_01.jpg,data\processed\bfw\asian\n002725\0336_01.jpg,n001976,n002725,asian,asian,males,females,,,0,0.19683856,37.820084,0.80316144
data\processed\bfw\asian\n001682\0096_01.jpg,data\processed\bfw\asian\n001682\0097_01.jpg,n001682,n001682,asian,asian,males,males,,,1,0.5706774,32.00512,0.4293226
data\processed\bfw\asian\n002775\0072_01.jpg,data\processed\bfw\asian\n002775\0137_04.jpg,n002775,n002775,asian,asian,males,males,,,1,0.5203071,32.087635,0.47969288
data\processed\bfw\asian\n007089\0040_03.jpg,data\processed\bfw\asian\n003354\0227_01.jpg,n007089,n003354,asian,asian,females,females,,,0,0.25077274,30.967863,0.7492273
data\processed\bfw\asian\n007089\0063_01.jpg,data\processed\bfw\asian\n006358\0126_01.jpg,n007089,n006358,asian,asian,females,females,,,0,0.04234649,39.669197,0.9576535
data\processed\bfw\asian\n004681\0131_04.jpg,data\processed\bfw\asian\n004680\0133_02.jpg,n004681,n004680,asian,asian,males,females,,,0,-0.0069160745,37.91319,1.006916
data\processed\bfw\asian\n004469\0084_01.jpg,data\processed\bfw\asian\n004469\0851_02.jpg,n004469,n004469,asian,asian,males,males,,,1,0.5327256,33.26627,0.46727443
data\processed\bfw\asian\n003156\0073_02.jpg,data\processed\bfw\asian\n003156\0664_01.jpg,n003156,n003156,asian,asian,males,males,,,1,0.46565717,32.234936,0.5343428
data\processed\bfw\asian\n000856\0004_01.jpg,data\processed\bfw\asian\n006774\0048_01.jpg,n000856,n006774,asian,asian,females,females,,,0,0.09774986,38.756775,0.9022502
data\processed\bfw\asian\n004864\0173_01.jpg,data\processed\bfw\asian\n004864\0262_01.jpg,n004864,n004864,asian,asian,females,females,,,1,0.16705097,32.709232,0.83294904
data\processed\bfw\asian\n009125\0116_02.jpg,data\processed\bfw\asian\n009125\0186_02.jpg,n009125,n009125,asian,asian,females,females,,,1,0.4405114,30.305887,0.5594886
data\processed\bfw\asian\n003506\0241_02.jpg,data\processed\bfw\asian\n005378\0176_01.jpg,n003506,n005378,asian,asian,females,females,,,0,0.080144756,39.71057,0.91985524
data\processed\bfw\asian\n002552\0040_01.jpg,data\processed\bfw\asian\n002552\0185_01.jpg,n002552,n002552,asian,asian,males,males,,,1,0.35507548,29.491423,0.6449245
data\processed\bfw\asian\n009294\0104_01.jpg,data\processed\bfw\asian\n005216\0242_01.jpg,n009294,n005216,asian,asian,females,females,,,0,0.1375555,35.032032,0.8624445
data\processed\bfw\asian\n000143\0014_01.jpg,data\processed\bfw\asian\n000873\0191_01.jpg,n000143,n000873,asian,asian,females,males,,,0,0.047652785,41.15535,0.9523472
data\processed\bfw\asian\n004870\0098_01.jpg,data\processed\bfw\asian\n003162\0350_02.jpg,n004870,n003162,asian,asian,females,males,,,0,-0.07927644,43.38081,1.0792764
data\processed\bfw\asian\n000138\0104_01.jpg,data\processed\bfw\asian\n004687\0250_01.jpg,n000138,n004687,asian,asian,females,females,,,0,0.02630026,35.32408,0.97369975
data\processed\bfw\asian\n009177\0294_02.jpg,data\processed\bfw\asian\n009177\0626_01.jpg,n009177,n009177,asian,asian,females,females,,,1,0.13901848,33.55613,0.8609815
data\processed\bfw\asian\n003357\0074_01.jpg,data\processed\bfw\asian\n003357\0422_01.jpg,n003357,n003357,asian,asian,females,females,,,1,0.23840497,30.615128,0.761595
data\processed\bfw\asian\n006125\0058_01.jpg,data\processed\bfw\asian\n004469\0853_02.jpg,n006125,n004469,asian,asian,females,males,,,0,0.07650451,40.893772,0.9234955
data\processed\bfw\asian\n006159\0008_01.jpg,data\processed\bfw\asian\n006159\0221_01.jpg,n006159,n006159,asian,asian,females,females,,,1,0.49597773,33.708427,0.50402224
data\processed\bfw\asian\n007372\0091_01.jpg,data\processed\bfw\asian\n009042\0043_01.jpg,n007372,n009042,asian,asian,females,females,,,0,0.0159381,38.316128,0.9840619
data\processed\bfw\asian\n000138\0131_01.jpg,data\processed\bfw\asian\n000138\0153_02.jpg,n000138,n000138,asian,asian,females,females,,,1,0.39874822,29.392523,0.6012518
data\processed\bfw\asian\n000138\0059_01.jpg,data\processed\bfw\asian\n000138\0541_01.jpg,n000138,n000138,asian,asian,females,females,,,1,0.19478746,35.836155,0.80521256
data\processed\bfw\asian\n007814\0048_01.jpg,data\processed\bfw\asian\n007814\0098_01.jpg,n007814,n007814,asian,asian,females,females,,,1,0.40562257,27.640116,0.5943774
data\processed\bfw\asian\n004791\0075_01.jpg,data\processed\bfw\asian\n005085\0658_01.jpg,n004791,n005085,asian,asian,males,females,,,0,0.075144455,36.262653,0.92485553
data\processed\bfw\asian\n007814\0076_01.jpg,data\processed\bfw\asian\n009125\0196_01.jpg,n007814,n009125,asian,asian,females,females,,,0,0.031858563,35.98745,0.96814144
data\processed\bfw\asian\n006148\0613_02.jpg,data\processed\bfw\asian\n006126\0258_01.jpg,n006148,n006126,asian,asian,females,females,,,0,0.00046009212,37.201958,0.9995399
data\processed\bfw\asian\n009294\0251_02.jpg,data\processed\bfw\asian\n001496\0608_01.jpg,n009294,n001496,asian,asian,females,males,,,0,0.08119392,41.687496,0.9188061
data\processed\bfw\asian\n000436\0348_01.jpg,data\processed\bfw\asian\n000436\0659_01.jpg,n000436,n000436,asian,asian,males,males,,,1,0.042284608,38.68819,0.9577154
data\processed\bfw\asian\n000148\0306_01.jpg,data\processed\bfw\asian\n000148\0408_01.jpg,n000148,n000148,asian,asian,females,females,,,1,0.42253092,30.669788,0.5774691
data\processed\bfw\asian\n000840\0162_01.jpg,data\processed\bfw\asian\n000840\0680_01.jpg,n000840,n000840,asian,asian,females,females,,,1,0.54097337,27.411396,0.45902663
data\processed\bfw\asian\n004686\0034_01.jpg,data\processed\bfw\asian\n006126\0258_01.jpg,n004686,n006126,asian,asian,males,females,,,0,0.1804773,35.149353,0.8195227
data\processed\bfw\asian\n003153\0036_01.jpg,data\processed\bfw\asian\n003153\0287_01.jpg,n003153,n003153,asian,asian,females,females,,,1,0.38209054,28.127768,0.61790943
data\processed\bfw\asian\n000137\0082_02.jpg,data\processed\bfw\asian\n000137\0265_01.jpg,n000137,n000137,asian,asian,females,females,,,1,0.06947473,38.18358,0.9305253
data\processed\bfw\asian\n009287\0256_04.jpg,data\processed\bfw\asian\n006736\0318_01.jpg,n009287,n006736,asian,asian,females,females,,,0,-0.06113774,48.405018,1.0611378
data\processed\bfw\asian\n001496\0302_01.jpg,data\processed\bfw\asian\n001496\0349_01.jpg,n001496,n001496,asian,asian,males,males,,,1,0.24662682,37.362537,0.75337315
data\processed\bfw\asian\n007089\0219_01.jpg,data\processed\bfw\asian\n003482\0145_02.jpg,n007089,n003482,asian,asian,females,males,,,0,-0.06986874,36.454258,1.0698688
data\processed\bfw\asian\n001562\0110_02.jpg,data\processed\bfw\asian\n009175\0037_01.jpg,n001562,n009175,asian,asian,males,females,,,0,0.21539687,39.378334,0.7846031
data\processed\bfw\asian\n001562\0070_01.jpg,data\processed\bfw\asian\n003027\0176_04.jpg,n001562,n003027,asian,asian,males,males,,,0,-0.0037148234,45.34311,1.0037148
data\processed\bfw\asian\n008934\0053_01.jpg,data\processed\bfw\asian\n008934\0211_01.jpg,n008934,n008934,asian,asian,females,females,,,1,0.4079204,32.402462,0.59207964
data\processed\bfw\asian\n009279\0004_01.jpg,data\processed\bfw\asian\n003449\0164_01.jpg,n009279,n003449,asian,asian,females,females,,,0,-0.010127866,41.965458,1.0101279
data\processed\bfw\asian\n004948\0034_01.jpg,data\processed\bfw\asian\n008383\0143_01.jpg,n004948,n008383,asian,asian,males,females,,,0,0.062494494,41.24915,0.9375055
data\processed\bfw\asian\n006633\0288_01.jpg,data\processed\bfw\asian\n004221\0135_02.jpg,n006633,n004221,asian,asian,females,males,,,0,-0.10602426,41.673607,1.1060243
data\processed\bfw\asian\n004721\0476_01.jpg,data\processed\bfw\asian\n004721\0496_01.jpg,n004721,n004721,asian,asian,males,males,,,1,0.18463385,37.149853,0.81536615
data\processed\bfw\asian\n007899\0073_01.jpg,data\processed\bfw\asian\n002509\0046_01.jpg,n007899,n002509,asian,asian,females,females,,,0,0.09447895,35.18425,0.90552104
data\processed\bfw\asian\n008401\0297_01.jpg,data\processed\bfw\asian\n007372\0013_01.jpg,n008401,n007372,asian,asian,females,females,,,0,0.103176706,38.24635,0.8968233
data\processed\bfw\asian\n004785\0353_01.jpg,data\processed\bfw\asian\n004785\0493_01.jpg,n004785,n004785,asian,asian,females,females,,,1,0.40499356,27.355732,0.59500647
data\processed\bfw\asian\n008934\0434_01.jpg,data\processed\bfw\asian\n004936\0625_01.jpg,n008934,n004936,asian,asian,females,females,,,0,0.022055509,35.484253,0.9779445
data\processed\bfw\asian\n000856\0001_01.jpg,data\processed\bfw\asian\n000856\0075_01.jpg,n000856,n000856,asian,asian,females,females,,,1,0.22344592,33.26007,0.7765541
data\processed\bfw\asian\n007899\0166_01.jpg,data\processed\bfw\asian\n005069\0225_01.jpg,n007899,n005069,asian,asian,females,females,,,0,0.04357808,35.761364,0.9564219
data\processed\bfw\asian\n009148\0085_02.jpg,data\processed\bfw\asian\n009148\0155_01.jpg,n009148,n009148,asian,asian,females,females,,,1,0.19408475,32.07658,0.80591524
data\processed\bfw\asian\n007270\0375_01.jpg,data\processed\bfw\asian\n004809\0166_04.jpg,n007270,n004809,asian,asian,females,males,,,0,0.015237577,39.029938,0.98476243
data\processed\bfw\asian\n009279\0032_01.jpg,data\processed\bfw\asian\n009279\0254_03.jpg,n009279,n009279,asian,asian,females,females,,,1,0.27652258,34.001106,0.7234774
data\processed\bfw\asian\n009276\0025_04.jpg,data\processed\bfw\asian\n009276\0361_01.jpg,n009276,n009276,asian,asian,females,females,,,1,0.24311587,33.197826,0.7568841
data\processed\bfw\asian\n009277\0067_01.jpg,data\processed\bfw\asian\n009277\0201_01.jpg,n009277,n009277,asian,asian,females,females,,,1,-0.0025729483,44.557674,1.0025729
data\processed\bfw\asian\n005116\0072_01.jpg,data\processed\bfw\asian\n005116\0442_01.jpg,n005116,n005116,asian,asian,males,males,,,1,0.3471037,31.687893,0.6528963
data\processed\bfw\asian\n003288\0385_01.jpg,data\processed\bfw\asian\n003288\0579_02.jpg,n003288,n003288,asian,asian,females,females,,,1,0.13385482,37.096737,0.8661452
data\processed\bfw\asian\n000137\0051_02.jpg,data\processed\bfw\asian\n000137\0132_01.jpg,n000137,n000137,asian,asian,females,females,,,1,0.2227418,36.874985,0.7772582
data\processed\bfw\asian\n003162\0479_02.jpg,data\processed\bfw\asian\n007380\0088_01.jpg,n003162,n007380,asian,asian,males,females,,,0,0.016919557,42.086536,0.98308045
data\processed\bfw\asian\n000837\0009_01.jpg,data\processed\bfw\asian\n000837\0193_01.jpg,n000837,n000837,asian,asian,females,females,,,1,0.35375068,34.654827,0.6462493
data\processed\bfw\asian\n004725\0170_01.jpg,data\processed\bfw\asian\n000161\0141_02.jpg,n004725,n000161,asian,asian,males,males,,,0,0.079389736,45.544758,0.92061025
data\processed\bfw\asian\n004805\0015_01.jpg,data\processed\bfw\asian\n007814\0652_01.jpg,n004805,n007814,asian,asian,males,females,,,0,0.14452197,37.287273,0.85547805
data\processed\bfw\asian\n005083\0148_01.jpg,data\processed\bfw\asian\n005083\0254_01.jpg,n005083,n005083,asian,asian,females,females,,,1,0.18616489,31.132795,0.81383514
data\processed\bfw\asian\n000143\0019_01.jpg,data\processed\bfw\asian\n004860\0236_01.jpg,n000143,n004860,asian,asian,females,females,,,0,0.13137262,31.42326,0.86862737
data\processed\bfw\asian\n009177\0010_01.jpg,data\processed\bfw\asian\n009177\0232_01.jpg,n009177,n009177,asian,asian,females,females,,,1,0.41873208,28.444374,0.58126795
data\processed\bfw\asian\n002406\0156_01.jpg,data\processed\bfw\asian\n002406\0165_03.jpg,n002406,n002406,asian,asian,males,males,,,1,0.111813515,33.64991,0.88818645
data\processed\bfw\asian\n002725\0336_01.jpg,data\processed\bfw\asian\n001976\0119_01.jpg,n002725,n001976,asian,asian,females,males,,,0,0.10674329,39.886364,0.8932567
data\processed\bfw\asian\n007814\0173_03.jpg,data\processed\bfw\asian\n004785\0145_01.jpg,n007814,n004785,asian,asian,females,females,,,0,0.017451596,37.14459,0.9825484
data\processed\bfw\asian\n000160\0150_01.jpg,data\processed\bfw\asian\n006774\0430_02.jpg,n000160,n006774,asian,asian,females,females,,,0,0.0661775,35.109486,0.9338225
data\processed\bfw\asian\n003162\0459_01.jpg,data\processed\bfw\asian\n004469\0168_01.jpg,n003162,n004469,asian,asian,males,males,,,0,-0.13417819,49.684605,1.1341782
data\processed\bfw\asian\n000161\0037_01.jpg,data\processed\bfw\asian\n005446\0135_01.jpg,n000161,n005446,asian,asian,males,females,,,0,0.14483899,38.206596,0.855161
data\processed\bfw\asian\n004800\0740_01.jpg,data\processed\bfw\asian\n003354\0124_01.jpg,n004800,n003354,asian,asian,males,females,,,0,-0.05554832,39.363396,1.0555483
data\processed\bfw\asian\n002331\0264_01.jpg,data\processed\bfw\asian\n001496\0349_01.jpg,n002331,n001496,asian,asian,males,males,,,0,0.07871195,40.51382,0.9212881
data\processed\bfw\asian\n009294\0018_02.jpg,data\processed\bfw\asian\n003355\0122_02.jpg,n009294,n003355,asian,asian,females,males,,,0,-0.0013350333,42.25815,1.001335
data\processed\bfw\asian\n003354\0058_01.jpg,data\processed\bfw\asian\n006358\0094_01.jpg,n003354,n006358,asian,asian,females,females,,,0,0.16374336,38.806313,0.8362566
data\processed\bfw\asian\n003463\0125_01.jpg,data\processed\bfw\asian\n000135\0114_01.jpg,n003463,n000135,asian,asian,males,females,,,0,0.14811619,37.064404,0.8518838
data\processed\bfw\asian\n009175\0066_01.jpg,data\processed\bfw\asian\n009175\0072_01.jpg,n009175,n009175,asian,asian,females,females,,,1,0.34547445,36.411877,0.6545255
data\processed\bfw\asian\n000873\0031_01.jpg,data\processed\bfw\asian\n000873\0050_02.jpg,n000873,n000873,asian,asian,males,males,,,1,0.42690808,30.942272,0.5730919
data\processed\bfw\asian\n002320\0072_01.jpg,data\processed\bfw\asian\n002320\0248_08.jpg,n002320,n002320,asian,asian,males,males,,,1,0.11745363,38.492027,0.88254637
data\processed\bfw\asian\n000148\0030_01.jpg,data\processed\bfw\asian\n000148\0408_01.jpg,n000148,n000148,asian,asian,females,females,,,1,0.3495594,31.091944,0.6504406
data\processed\bfw\asian\n005216\0220_01.jpg,data\processed\bfw\asian\n002406\0027_02.jpg,n005216,n002406,asian,asian,females,males,,,0,0.0425268,39.44104,0.9574732
data\processed\bfw\asian\n005474\0110_01.jpg,data\processed\bfw\asian\n009177\0060_01.jpg,n005474,n009177,asian,asian,females,females,,,0,0.18936208,33.150143,0.81063795
data\processed\bfw\asian\n006619\0266_01.jpg,data\processed\bfw\asian\n006619\0334_03.jpg,n006619,n006619,asian,asian,females,females,,,1,0.17123607,32.054737,0.82876396
data\processed\bfw\asian\n000161\0255_01.jpg,data\processed\bfw\asian\n005072\0015_01.jpg,n000161,n005072,asian,asian,males,males,,,0,-0.021726735,40.813507,1.0217267
data\processed\bfw\asian\n003223\0079_01.jpg,data\processed\bfw\asian\n006126\0004_01.jpg,n003223,n006126,asian,asian,males,females,,,0,-0.08873017,35.382496,1.0887302
data\processed\bfw\asian\n002406\0328_01.jpg,data\processed\bfw\asian\n007380\0070_01.jpg,n002406,n007380,asian,asian,males,females,,,0,-0.011429752,42.60594,1.0114298
data\processed\bfw\asian\n003482\0102_02.jpg,data\processed\bfw\asian\n004687\0254_01.jpg,n003482,n004687,asian,asian,males,females,,,0,0.04016408,40.715744,0.95983595
data\processed\bfw\asian\n009279\0004_01.jpg,data\processed\bfw\asian\n009279\0246_01.jpg,n009279,n009279,asian,asian,females,females,,,1,0.27314246,38.667732,0.72685754
data\processed\bfw\asian\n004472\0206_01.jpg,data\processed\bfw\asian\n004472\0485_01.jpg,n004472,n004472,asian,asian,females,females,,,1,0.09709005,37.594624,0.90290993
data\processed\bfw\asian\n000137\0032_01.jpg,data\processed\bfw\asian\n006634\0434_01.jpg,n000137,n006634,asian,asian,females,females,,,0,0.119185336,36.923595,0.8808147
data\processed\bfw\asian\n001572\0166_01.jpg,data\processed\bfw\asian\n001572\0329_01.jpg,n001572,n001572,asian,asian,females,females,,,1,0.18898721,36.289104,0.8110128
data\processed\bfw\asian\n006619\0197_01.jpg,data\processed\bfw\asian\n004467\0418_01.jpg,n006619,n004467,asian,asian,females,males,,,0,0.056458354,39.839222,0.94354165
data\processed\bfw\asian\n003155\1012_07.jpg,data\processed\bfw\asian\n000873\0534_01.jpg,n003155,n000873,asian,asian,males,males,,,0,0.073590435,40.464077,0.92640954
data\processed\bfw\asian\n009275\0188_01.jpg,data\processed\bfw\asian\n000158\0013_01.jpg,n009275,n000158,asian,asian,females,males,,,0,0.03636294,41.019547,0.96363705
data\processed\bfw\asian\n000856\0075_01.jpg,data\processed\bfw\asian\n000856\0110_02.jpg,n000856,n000856,asian,asian,females,females,,,1,0.09148151,36.258564,0.9085185
data\processed\bfw\asian\n003288\0051_01.jpg,data\processed\bfw\asian\n003288\0093_01.jpg,n003288,n003288,asian,asian,females,females,,,1,0.4816528,24.993275,0.5183472
data\processed\bfw\asian\n003481\0441_01.jpg,data\processed\bfw\asian\n004221\0112_02.jpg,n003481,n004221,asian,asian,females,males,,,0,0.0433171,43.231483,0.9566829
data\processed\bfw\asian\n005378\0388_01.jpg,data\processed\bfw\asian\n002331\0029_01.jpg,n005378,n002331,asian,asian,females,males,,,0,0.04354591,39.541454,0.9564541
data\processed\bfw\asian\n003155\0362_03.jpg,data\processed\bfw\asian\n004870\0144_01.jpg,n003155,n004870,asian,asian,males,females,,,0,-0.040776134,43.13397,1.0407761
data\processed\bfw\asian\n006125\0185_01.jpg,data\processed\bfw\asian\n007089\0033_01.jpg,n006125,n007089,asian,asian,females,females,,,0,0.0495142,42.366177,0.9504858
data\processed\bfw\asian\n009279\0004_01.jpg,data\processed\bfw\asian\n009288\0101_01.jpg,n009279,n009288,asian,asian,females,females,,,0,0.045953676,38.464916,0.9540463
data\processed\bfw\asian\n003465\0413_01.jpg,data\processed\bfw\asian\n004791\0411_01.jpg,n003465,n004791,asian,asian,males,males,,,0,0.11205286,36.771164,0.88794714
data\processed\bfw\asian\n001864\0316_01.jpg,data\processed\bfw\asian\n009125\0100_01.jpg,n001864,n009125,asian,asian,males,females,,,0,0.024210962,37.600544,0.975789
data\processed\bfw\asian\n000873\0051_01.jpg,data\processed\bfw\asian\n003449\0210_03.jpg,n000873,n003449,asian,asian,males,females,,,0,0.22700141,37.893013,0.7729986
data\processed\bfw\asian\n004791\0378_01.jpg,data\processed\bfw\asian\n004791\0556_01.jpg,n004791,n004791,asian,asian,males,males,,,1,0.25702277,33.863842,0.74297726
data\processed\bfw\asian\n005063\0016_02.jpg,data\processed\bfw\asian\n005063\0072_01.jpg,n005063,n005063,asian,asian,females,females,,,1,0.14491995,35.287956,0.85508007
data\processed\bfw\asian\n000158\0260_01.jpg,data\processed\bfw\asian\n003354\0068_01.jpg,n000158,n003354,asian,asian,males,females,,,0,-0.14125708,43.288773,1.141257
data\processed\bfw\asian\n006358\0041_01.jpg,data\processed\bfw\asian\n006358\0083_03.jpg,n006358,n006358,asian,asian,females,females,,,1,0.41085118,33.295006,0.5891488
data\processed\bfw\asian\n009125\0041_01.jpg,data\processed\bfw\asian\n009125\0100_01.jpg,n009125,n009125,asian,asian,females,females,,,1,0.6229971,24.885155,0.3770029
data\processed\bfw\asian\n009277\0128_01.jpg,data\processed\bfw\asian\n009277\0496_01.jpg,n009277,n009277,asian,asian,females,females,,,1,0.119746946,32.98483,0.8802531
data\processed\bfw\asian\n004877\0232_01.jpg,data\processed\bfw\asian\n000148\0247_01.jpg,n004877,n000148,asian,asian,females,females,,,0,0.0948424,35.094124,0.9051576
data\processed\bfw\asian\n004948\0016_01.jpg,data\processed\bfw\asian\n004785\0280_01.jpg,n004948,n004785,asian,asian,males,females,,,0,0.08088341,40.969543,0.9191166
data\processed\bfw\asian\n006223\0052_01.jpg,data\processed\bfw\asian\n003223\0033_02.jpg,n006223,n003223,asian,asian,females,males,,,0,-0.04594281,35.394115,1.0459428
data\processed\bfw\asian\n003467\0033_01.jpg,data\processed\bfw\asian\n008978\0178_01.jpg,n003467,n008978,asian,asian,females,females,,,0,0.0023262638,39.685772,0.99767375
data\processed\bfw\asian\n006203\0130_01.jpg,data\processed\bfw\asian\n006203\0378_01.jpg,n006203,n006203,asian,asian,females,females,,,1,-0.08684018,40.476807,1.0868402
data\processed\bfw\asian\n002725\0037_01.jpg,data\processed\bfw\asian\n002725\0267_01.jpg,n002725,n002725,asian,asian,females,females,,,1,0.37297198,33.45484,0.627028
data\processed\bfw\asian\n003027\0223_01.jpg,data\processed\bfw\asian\n004935\0030_01.jpg,n003027,n004935,asian,asian,males,males,,,0,0.06687361,41.48069,0.9331264
data\processed\bfw\asian\n006149\0005_01.jpg,data\processed\bfw\asian\n006149\0026_01.jpg,n006149,n006149,asian,asian,females,females,,,1,0.5314064,24.7578,0.4685936
data\processed\bfw\asian\n003162\0459_01.jpg,data\processed\bfw\asian\n006344\0253_01.jpg,n003162,n006344,asian,asian,males,females,,,0,0.05118065,40.992214,0.94881934
data\processed\bfw\asian\n006149\0022_01.jpg,data\processed\bfw\asian\n006149\0197_02.jpg,n006149,n006149,asian,asian,females,females,,,1,0.53850865,25.70284,0.46149135
data\processed\bfw\asian\n006203\0357_01.jpg,data\processed\bfw\asian\n005446\0118_01.jpg,n006203,n005446,asian,asian,females,females,,,0,0.13995214,36.761745,0.8600479
data\processed\bfw\asian\n007664\0087_03.jpg,data\processed\bfw\asian\n006149\0260_01.jpg,n007664,n006149,asian,asian,females,females,,,0,0.015887924,39.2128,0.9841121
data\processed\bfw\asian\n003467\0030_01.jpg,data\processed\bfw\asian\n008163\0223_01.jpg,n003467,n008163,asian,asian,females,females,,,0,0.02660016,36.657837,0.9733998
data\processed\bfw\asian\n004725\0036_01.jpg,data\processed\bfw\asian\n004725\0230_01.jpg,n004725,n004725,asian,asian,males,males,,,1,0.28784892,44.36099,0.71215105
data\processed\bfw\asian\n002320\0137_02.jpg,data\processed\bfw\asian\n003223\0084_01.jpg,n002320,n003223,asian,asian,males,males,,,0,-0.032044657,34.73081,1.0320446
data\processed\bfw\asian\n008401\0139_02.jpg,data\processed\bfw\asian\n009137\0160_01.jpg,n008401,n009137,asian,asian,females,females,,,0,0.14421897,35.50383,0.855781
data\processed\bfw\asian\n001496\0127_01.jpg,data\processed\bfw\asian\n001496\0176_01.jpg,n001496,n001496,asian,asian,males,males,,,1,0.40479675,33.108776,0.5952033
data\processed\bfw\asian\n006633\0356_01.jpg,data\processed\bfw\asian\n006633\0456_02.jpg,n006633,n006633,asian,asian,females,females,,,1,0.04757831,41.189735,0.95242167
data\processed\bfw\asian\n007270\0289_01.jpg,data\processed\bfw\asian\n007270\0605_01.jpg,n007270,n007270,asian,asian,females,females,,,1,0.15934354,34.970627,0.84065646
data\processed\bfw\asian\n007380\0073_01.jpg,data\processed\bfw\asian\n007380\0204_01.jpg,n007380,n007380,asian,asian,females,females,,,1,0.16158335,34.756557,0.83841664
data\processed\bfw\asian\n004787\0666_02.jpg,data\processed\bfw\asian\n008163\0229_01.jpg,n004787,n008163,asian,asian,females,females,,,0,0.08656717,36.467957,0.91343284
data\processed\bfw\asian\n000158\0133_01.jpg,data\processed\bfw\asian\n000158\0208_01.jpg,n000158,n000158,asian,asian,males,males,,,1,0.4384391,31.416609,0.56156087
data\processed\bfw\asian\n005063\0016_02.jpg,data\processed\bfw\asian\n005063\0302_06.jpg,n005063,n005063,asian,asian,females,females,,,1,0.1671509,35.93859,0.8328491
data\processed\bfw\asian\n006223\0260_01.jpg,data\processed\bfw\asian\n004877\0273_01.jpg,n006223,n004877,asian,asian,females,females,,,0,0.050100923,40.47256,0.9498991
data\processed\bfw\asian\n003481\0107_01.jpg,data\processed\bfw\asian\n003481\0345_01.jpg,n003481,n003481,asian,asian,females,females,,,1,0.30869713,32.089737,0.6913029
data\processed\bfw\asian\n003223\0059_03.jpg,data\processed\bfw\asian\n005116\0134_02.jpg,n003223,n005116,asian,asian,males,males,,,0,0.06567499,36.29501,0.934325
data\processed\bfw\asian\n000138\0003_01.jpg,data\processed\bfw\asian\n006344\0350_01.jpg,n000138,n006344,asian,asian,females,females,,,0,0.17148092,33.51045,0.8285191
data\processed\bfw\asian\n004864\0173_01.jpg,data\processed\bfw\asian\n004864\0362_01.jpg,n004864,n004864,asian,asian,females,females,,,1,0.23213264,32.200775,0.7678673
data\processed\bfw\asian\n005116\0050_01.jpg,data\processed\bfw\asian\n006222\0104_01.jpg,n005116,n006222,asian,asian,males,females,,,0,-0.034860034,41.405334,1.03486
data\processed\bfw\asian\n009041\0069_01.jpg,data\processed\bfw\asian\n009041\0080_02.jpg,n009041,n009041,asian,asian,females,females,,,1,0.5578807,31.511322,0.4421193
data\processed\bfw\asian\n000132\0234_01__face_0.jpg,data\processed\bfw\asian\n009279\0076_01.jpg,n000132,n009279,asian,asian,males,females,,,0,-0.026634576,43.926617,1.0266346
data\processed\bfw\asian\n002775\0069_01.jpg,data\processed\bfw\asian\n003467\0103_01.jpg,n002775,n003467,asian,asian,males,females,,,0,-0.0032911187,43.0164,1.0032911
data\processed\bfw\asian\n009279\0254_03.jpg,data\processed\bfw\asian\n009279\0393_04.jpg,n009279,n009279,asian,asian,females,females,,,1,0.11773266,37.56566,0.88226736
data\processed\bfw\asian\n006125\0041_01.jpg,data\processed\bfw\asian\n006125\0120_01.jpg,n006125,n006125,asian,asian,females,females,,,1,0.42643225,29.239838,0.57356775
data\processed\bfw\asian\n003557\0095_02.jpg,data\processed\bfw\asian\n003557\0234_01.jpg,n003557,n003557,asian,asian,females,females,,,1,0.4431913,27.599367,0.5568087
data\processed\bfw\asian\n005216\0154_03.jpg,data\processed\bfw\asian\n000135\0101_01.jpg,n005216,n000135,asian,asian,females,females,,,0,0.16383035,32.29964,0.83616966
data\processed\bfw\asian\n006633\0522_02.jpg,data\processed\bfw\asian\n006633\0718_02.jpg,n006633,n006633,asian,asian,females,females,,,1,0.16712613,36.043114,0.8328739
data\processed\bfw\asian\n001682\0267_02.jpg,data\processed\bfw\asian\n001682\0424_01.jpg,n001682,n001682,asian,asian,males,males,,,1,0.57027704,30.815212,0.42972296
data\processed\bfw\asian\n005116\0338_04.jpg,data\processed\bfw\asian\n005116\0442_01.jpg,n005116,n005116,asian,asian,males,males,,,1,0.26198387,32.182762,0.7380161
data\processed\bfw\asian\n009276\0046_03.jpg,data\processed\bfw\asian\n006634\0135_01.jpg,n009276,n006634,asian,asian,females,females,,,0,0.031560827,37.778576,0.96843916
data\processed\bfw\asian\n006126\0128_01.jpg,data\processed\bfw\asian\n003162\0258_02.jpg,n006126,n003162,asian,asian,females,males,,,0,0.03955831,37.443474,0.9604417
data\processed\bfw\asian\n004794\0367_01.jpg,data\processed\bfw\asian\n004935\0061_01.jpg,n004794,n004935,asian,asian,males,males,,,0,0.1277386,37.84968,0.8722614
data\processed\bfw\asian\n002644\0123_02.jpg,data\processed\bfw\asian\n002644\0746_01.jpg,n002644,n002644,asian,asian,males,males,,,1,-0.009689771,42.39653,1.0096898
data\processed\bfw\asian\n007378\0031_01.jpg,data\processed\bfw\asian\n007378\0248_01.jpg,n007378,n007378,asian,asian,females,females,,,1,0.29941916,31.49265,0.70058084
data\processed\bfw\asian\n003167\0042_19.jpg,data\processed\bfw\asian\n003167\0081_01.jpg,n003167,n003167,asian,asian,males,males,,,1,0.46987495,29.6365,0.530125
data\processed\bfw\asian\n003156\0069_01.jpg,data\processed\bfw\asian\n003156\0119_01.jpg,n003156,n003156,asian,asian,males,males,,,1,0.16072682,39.00255,0.8392732
data\processed\bfw\asian\n000158\0005_05.jpg,data\processed\bfw\asian\n004549\0073_01.jpg,n000158,n004549,asian,asian,males,females,,,0,0.019875223,39.5033,0.9801248
data\processed\bfw\asian\n009275\0188_01.jpg,data\processed\bfw\asian\n009275\0343_01.jpg,n009275,n009275,asian,asian,females,females,,,1,-0.052047852,35.291855,1.0520478
data\processed\bfw\asian\n005063\0414_06.jpg,data\processed\bfw\asian\n005063\0421_03.jpg,n005063,n005063,asian,asian,females,females,,,1,0.48926875,35.19592,0.5107312
data\processed\bfw\asian\n006148\0254_01.jpg,data\processed\bfw\asian\n009278\0176_01.jpg,n006148,n009278,asian,asian,females,females,,,0,0.034690887,36.334114,0.96530914
data\processed\bfw\asian\n003482\0059_01.jpg,data\processed\bfw\asian\n001976\0152_02.jpg,n003482,n001976,asian,asian,males,males,,,0,-0.0011551934,42.19777,1.0011551
data\processed\bfw\asian\n007899\0082_01.jpg,data\processed\bfw\asian\n007899\0320_01.jpg,n007899,n007899,asian,asian,females,females,,,1,0.20408541,33.44315,0.7959146
data\processed\bfw\asian\n006774\0430_02.jpg,data\processed\bfw\asian\n001682\0177_01.jpg,n006774,n001682,asian,asian,females,males,,,0,0.0010533861,44.28593,0.9989466
data\processed\bfw\asian\n003156\0069_01.jpg,data\processed\bfw\asian\n003027\0025_01.jpg,n003156,n003027,asian,asian,males,males,,,0,-0.100806735,47.382385,1.1008067
data\processed\bfw\asian\n007814\0079_01.jpg,data\processed\bfw\asian\n007814\0270_01.jpg,n007814,n007814,asian,asian,females,females,,,1,0.4173843,26.691673,0.58261573
data\processed\bfw\asian\n007664\0087_03.jpg,data\processed\bfw\asian\n007664\0137_01.jpg,n007664,n007664,asian,asian,females,females,,,1,0.4142076,29.36993,0.5857924
data\processed\bfw\asian\n003156\0032_01.jpg,data\processed\bfw\asian\n004809\0013_12.jpg,n003156,n004809,asian,asian,males,males,,,0,-0.052693155,42.235348,1.0526931
data\processed\bfw\asian\n004686\0072_01.jpg,data\processed\bfw\asian\n008383\0175_01.jpg,n004686,n008383,asian,asian,males,females,,,0,0.10956962,42.728027,0.8904304
data\processed\bfw\asian\n006159\0180_01.jpg,data\processed\bfw\asian\n004472\0157_02.jpg,n006159,n004472,asian,asian,females,females,,,0,0.19399054,40.87145,0.8060095
data\processed\bfw\asian\n007385\0044_01.jpg,data\processed\bfw\asian\n007385\0691_01.jpg,n007385,n007385,asian,asian,females,females,,,1,0.3038878,35.6676,0.69611216
data\processed\bfw\asian\n000838\0025_01.jpg,data\processed\bfw\asian\n000838\0035_01.jpg,n000838,n000838,asian,asian,females,females,,,1,0.20658492,34.518646,0.79341507
data\processed\bfw\asian\n004549\0202_01.jpg,data\processed\bfw\asian\n005085\0243_03.jpg,n004549,n005085,asian,asian,females,females,,,0,0.07715036,42.97335,0.92284966
data\processed\bfw\asian\n005063\0064_01.jpg,data\processed\bfw\asian\n002509\0075_01.jpg,n005063,n002509,asian,asian,females,females,,,0,0.10309767,34.00007,0.8969023
data\processed\bfw\asian\n006774\0049_01.jpg,data\processed\bfw\asian\n006774\0710_01.jpg,n006774,n006774,asian,asian,females,females,,,1,0.29066396,33.64705,0.70933604
data\processed\bfw\asian\n004809\0166_04.jpg,data\processed\bfw\asian\n004221\0114_02.jpg,n004809,n004221,asian,asian,males,males,,,0,-0.01526446,39.259403,1.0152645
data\processed\bfw\asian\n005071\0114_03.jpg,data\processed\bfw\asian\n001976\0665_02.jpg,n005071,n001976,asian,asian,males,males,,,0,0.12953812,37.976803,0.8704619
data\processed\bfw\asian\n004809\0356_01.jpg,data\processed\bfw\asian\n004809\0482_01.jpg,n004809,n004809,asian,asian,males,males,,,1,0.5097789,28.435516,0.49022108
data\processed\bfw\asian\n009175\0084_01.jpg,data\processed\bfw\asian\n004786\0203_01.jpg,n009175,n004786,asian,asian,females,females,,,0,0.07474161,38.708534,0.9252584
data\processed\bfw\asian\n006418\0071_04.jpg,data\processed\bfw\asian\n006418\1052_03.jpg,n006418,n006418,asian,asian,females,females,,,1,0.0702533,36.63592,0.9297467
data\processed\bfw\asian\n004870\0050_02.jpg,data\processed\bfw\asian\n004870\0264_01.jpg,n004870,n004870,asian,asian,females,females,,,1,0.22059272,35.039074,0.77940726
data\processed\bfw\asian\n009137\0104_01.jpg,data\processed\bfw\asian\n009137\0416_01.jpg,n009137,n009137,asian,asian,females,females,,,1,0.24509695,31.431988,0.7549031
data\processed\bfw\asian\n003489\0220_01.jpg,data\processed\bfw\asian\n003449\0083_01.jpg,n003489,n003449,asian,asian,males,females,,,0,0.09287939,38.778072,0.9071206
data\processed\bfw\asian\n000009\0133_02.jpg,data\processed\bfw\asian\n008163\0276_01.jpg,n000009,n008163,asian,asian,females,females,,,0,0.052876133,38.475334,0.9471239
data\processed\bfw\asian\n009103\0030_01.jpg,data\processed\bfw\asian\n009103\0047_02.jpg,n009103,n009103,asian,asian,females,females,,,1,0.5162498,26.854864,0.48375022
data\processed\bfw\asian\n005446\0243_02.jpg,data\processed\bfw\asian\n009125\0363_01.jpg,n005446,n009125,asian,asian,females,females,,,0,0.08758767,35.25991,0.91241235
data\processed\bfw\asian\n009275\0286_03.jpg,data\processed\bfw\asian\n005071\0279_02.jpg,n009275,n005071,asian,asian,females,males,,,0,0.12403712,38.579544,0.87596285
data\processed\bfw\asian\n000132\0234_01__face_0.jpg,data\processed\bfw\asian\n000856\0075_01.jpg,n000132,n000856,asian,asian,males,females,,,0,0.035282206,40.27696,0.9647178
data\processed\bfw\asian\n009279\0025_01.jpg,data\processed\bfw\asian\n009279\0243_03.jpg,n009279,n009279,asian,asian,females,females,,,1,0.1710265,36.500015,0.82897353
data\processed\bfw\asian\n003482\0059_01.jpg,data\processed\bfw\asian\n003167\0320_01.jpg,n003482,n003167,asian,asian,males,males,,,0,0.027797788,43.838192,0.9722022
data\processed\bfw\asian\n000838\0166_01.jpg,data\processed\bfw\asian\n004805\0025_01.jpg,n000838,n004805,asian,asian,females,males,,,0,0.060532093,35.856422,0.9394679
data\processed\bfw\asian\n004721\0283_01.jpg,data\processed\bfw\asian\n004721\0505_01.jpg,n004721,n004721,asian,asian,males,males,,,1,0.033101693,41.435574,0.9668983
data\processed\bfw\asian\n004787\0158_01.jpg,data\processed\bfw\asian\n004787\0197_01.jpg,n004787,n004787,asian,asian,females,females,,,1,0.5381889,25.576569,0.46181113
data\processed\bfw\asian\n003288\0234_01.jpg,data\processed\bfw\asian\n003288\0628_01.jpg,n003288,n003288,asian,asian,females,females,,,1,0.16621742,32.794296,0.83378255
data\processed\bfw\asian\n001562\0018_01.jpg,data\processed\bfw\asian\n001562\0092_02.jpg,n001562,n001562,asian,asian,males,males,,,1,0.40963635,34.52404,0.5903636
data\processed\bfw\asian\n004805\0341_01.jpg,data\processed\bfw\asian\n002320\0248_08.jpg,n004805,n002320,asian,asian,males,males,,,0,-0.041178886,42.628944,1.041179
data\processed\bfw\asian\n007385\0691_01.jpg,data\processed\bfw\asian\n005077\0129_01.jpg,n007385,n005077,asian,asian,females,females,,,0,-0.05923275,42.16586,1.0592327
data\processed\bfw\asian\n004549\0146_01.jpg,data\processed\bfw\asian\n004549\0667_01.jpg,n004549,n004549,asian,asian,females,females,,,1,-0.044091087,34.9479,1.0440911
data\processed\bfw\asian\n000856\0012_01.jpg,data\processed\bfw\asian\n000856\0098_01.jpg,n000856,n000856,asian,asian,females,females,,,1,0.31516743,30.435137,0.6848326
data\processed\bfw\asian\n003824\0270_01.jpg,data\processed\bfw\asian\n006344\0143_01.jpg,n003824,n006344,asian,asian,females,females,,,0,0.023677444,39.245358,0.97632253
data\processed\bfw\asian\n004935\0287_01.jpg,data\processed\bfw\asian\n003506\0041_01.jpg,n004935,n003506,asian,asian,males,females,,,0,0.12726158,37.462036,0.8727384
data\processed\bfw\asian\n002406\0310_02.jpg,data\processed\bfw\asian\n000856\0001_01.jpg,n002406,n000856,asian,asian,males,females,,,0,-0.0123530505,41.166,1.0123531
data\processed\bfw\asian\n005063\0068_01.jpg,data\processed\bfw\asian\n009125\0116_02.jpg,n005063,n009125,asian,asian,females,females,,,0,0.056377426,39.020138,0.9436226
data\processed\bfw\asian\n009103\0657_02.jpg,data\processed\bfw\asian\n008978\0097_02.jpg,n009103,n008978,asian,asian,females,females,,,0,0.15490727,35.160385,0.8450927
data\processed\bfw\asian\n004791\0075_01.jpg,data\processed\bfw\asian\n004791\0416_01.jpg,n004791,n004791,asian,asian,males,males,,,1,0.45852107,26.707027,0.54147893
data\processed\bfw\asian\n006222\0047_01.jpg,data\processed\bfw\asian\n006619\0310_01.jpg,n006222,n006619,asian,asian,females,females,,,0,0.12211419,36.195423,0.8778858
data\processed\bfw\asian\n003824\0019_01.jpg,data\processed\bfw\asian\n003557\0116_01.jpg,n003824,n003557,asian,asian,females,females,,,0,-0.022388728,42.78533,1.0223887
data\processed\bfw\asian\n003355\0252_02.jpg,data\processed\bfw\asian\n009279\0246_01.jpg,n003355,n009279,asian,asian,males,females,,,0,0.045415804,45.017563,0.9545842
data\processed\bfw\asian\n004860\0068_01.jpg,data\processed\bfw\asian\n004930\0235_01.jpg,n004860,n004930,asian,asian,females,females,,,0,0.18069625,33.179756,0.81930375
data\processed\bfw\asian\n001976\0077_02.jpg,data\processed\bfw\asian\n001976\0372_01.jpg,n001976,n001976,asian,asian,males,males,,,1,0.20898092,36.49859,0.7910191
data\processed\bfw\asian\n004877\0007_01.jpg,data\processed\bfw\asian\n004877\0049_01.jpg,n004877,n004877,asian,asian,females,females,,,1,0.31507483,30.42642,0.6849252
data\processed\bfw\asian\n006418\0152_04.jpg,data\processed\bfw\asian\n006418\0165_02.jpg,n006418,n006418,asian,asian,females,females,,,1,0.20946358,30.49612,0.7905364
data\processed\bfw\asian\n004466\0091_01.jpg,data\processed\bfw\asian\n000840\0025_01.jpg,n004466,n000840,asian,asian,males,females,,,0,0.07421826,34.77481,0.9257817
data\processed\bfw\asian\n001976\0198_01.jpg,data\processed\bfw\asian\n000143\0272_01.jpg,n001976,n000143,asian,asian,males,females,,,0,-0.0046309154,43.75151,1.0046309
data\processed\bfw\asian\n003167\0042_18.jpg,data\processed\bfw\asian\n003167\0562_01.jpg,n003167,n003167,asian,asian,males,males,,,1,0.51283395,28.6723,0.48716605
data\processed\bfw\asian\n007816\0627_01.jpg,data\processed\bfw\asian\n008383\0539_01.jpg,n007816,n008383,asian,asian,females,females,,,0,-0.17426506,39.888626,1.174265
data\processed\bfw\asian\n005071\0115_02.jpg,data\processed\bfw\asian\n005071\0193_01.jpg,n005071,n005071,asian,asian,males,males,,,1,0.48489934,31.274794,0.51510066
data\processed\bfw\asian\n000143\0044_01.jpg,data\processed\bfw\asian\n000143\0406_01.jpg,n000143,n000143,asian,asian,females,females,,,1,0.27121797,29.784258,0.72878206
data\processed\bfw\asian\n007372\0198_01.jpg,data\processed\bfw\asian\n006358\0117_01.jpg,n007372,n006358,asian,asian,females,females,,,0,-0.3178502,47.24734,1.3178502
data\processed\bfw\asian\n003481\0441_01.jpg,data\processed\bfw\asian\n003354\0346_02.jpg,n003481,n003354,asian,asian,females,females,,,0,0.15955141,35.529438,0.8404486
data\processed\bfw\asian\n006149\0139_02.jpg,data\processed\bfw\asian\n006149\0197_02.jpg,n006149,n006149,asian,asian,females,females,,,1,0.36404374,30.56317,0.6359563
data\processed\bfw\asian\n008163\0223_01.jpg,data\processed\bfw\asian\n008163\0229_01.jpg,n008163,n008163,asian,asian,females,females,,,1,0.42388645,29.376402,0.5761136
data\processed\bfw\asian\n003533\0101_02.jpg,data\processed\bfw\asian\n000837\0193_01.jpg,n003533,n000837,asian,asian,males,females,,,0,0.0047328165,45.64871,0.9952672
data\processed\bfw\asian\n003482\0716_02.jpg,data\processed\bfw\asian\n003635\0177_02.jpg,n003482,n003635,asian,asian,males,males,,,0,-0.03455127,39.988544,1.0345513
data\processed\bfw\asian\n003027\0098_01.jpg,data\processed\bfw\asian\n003027\0176_04.jpg,n003027,n003027,asian,asian,males,males,,,1,0.60039216,30.32133,0.39960784
data\processed\bfw\asian\n004680\0175_01.jpg,data\processed\bfw\asian\n004680\0211_01.jpg,n004680,n004680,asian,asian,females,females,,,1,0.54683715,28.879625,0.45316285
data\processed\bfw\asian\n003162\0330_01.jpg,data\processed\bfw\asian\n003162\0479_02.jpg,n003162,n003162,asian,asian,males,males,,,1,0.4646747,33.637993,0.5353253
data\processed\bfw\asian\n006222\0075_01.jpg,data\processed\bfw\asian\n006222\0170_02.jpg,n006222,n006222,asian,asian,females,females,,,1,0.2933745,34.693714,0.70662546
data\processed\bfw\asian\n009041\0069_01.jpg,data\processed\bfw\asian\n009041\0118_01.jpg,n009041,n009041,asian,asian,females,females,,,1,0.26249632,38.008186,0.73750365
data\processed\bfw\asian\n007816\0091_01.jpg,data\processed\bfw\asian\n000873\0068_01.jpg,n007816,n000873,asian,asian,females,males,,,0,0.049190875,33.955135,0.9508091
data\processed\bfw\asian\n000839\0454_01.jpg,data\processed\bfw\asian\n009288\0121_01.jpg,n000839,n009288,asian,asian,females,females,,,0,-0.0601644,38.005573,1.0601645
data\processed\bfw\asian\n004794\0124_03.jpg,data\processed\bfw\asian\n004794\0540_01.jpg,n004794,n004794,asian,asian,males,males,,,1,0.23038086,34.341396,0.7696191
data\processed\bfw\asian\n001572\0092_01.jpg,data\processed\bfw\asian\n001572\0295_01.jpg,n001572,n001572,asian,asian,females,females,,,1,0.3003202,32.419872,0.6996798
data\processed\bfw\asian\n003482\0178_02.jpg,data\processed\bfw\asian\n001682\0267_02.jpg,n003482,n001682,asian,asian,males,males,,,0,0.027215444,44.336895,0.9727846
data\processed\bfw\asian\n000160\0350_01.jpg,data\processed\bfw\asian\n000160\0435_02.jpg,n000160,n000160,asian,asian,females,females,,,1,0.18428141,29.741787,0.8157186
data\processed\bfw\asian\n005078\0279_02.jpg,data\processed\bfw\asian\n003357\0042_01.jpg,n005078,n003357,asian,asian,males,females,,,0,0.16269408,39.283733,0.8373059
data\processed\bfw\asian\n003449\0027_01.jpg,data\processed\bfw\asian\n004472\0166_01.jpg,n003449,n004472,asian,asian,females,females,,,0,0.08136597,36.37076,0.91863406
data\processed\bfw\asian\n002725\0253_02.jpg,data\processed\bfw\asian\n002725\0298_01.jpg,n002725,n002725,asian,asian,females,females,,,1,0.2850267,33.459267,0.71497333
data\processed\bfw\asian\n008383\0014_01.jpg,data\processed\bfw\asian\n009137\0104_01.jpg,n008383,n009137,asian,asian,females,females,,,0,-0.0069109043,32.790787,1.0069109
data\processed\bfw\asian\n006224\0145_04.jpg,data\processed\bfw\asian\n006224\0164_01.jpg,n006224,n006224,asian,asian,females,females,,,1,0.35581154,29.305191,0.64418846
data\processed\bfw\asian\n002775\0044_01.jpg,data\processed\bfw\asian\n003223\0143_01.jpg,n002775,n003223,asian,asian,males,males,,,0,0.14332548,40.14585,0.85667455
data\processed\bfw\asian\n009278\0068_01.jpg,data\processed\bfw\asian\n009278\0180_01.jpg,n009278,n009278,asian,asian,females,females,,,1,-0.054400083,39.393333,1.0544001
data\processed\bfw\asian\n007385\0469_01.jpg,data\processed\bfw\asian\n007385\0674_01.jpg,n007385,n007385,asian,asian,females,females,,,1,0.08386048,38.76095,0.91613954
data\processed\bfw\asian\n009287\0026_01.jpg,data\processed\bfw\asian\n009287\0257_01.jpg,n009287,n009287,asian,asian,females,females,,,1,0.29733062,35.14087,0.7026694
data\processed\bfw\asian\n006633\0221_02.jpg,data\processed\bfw\asian\n006633\0489_03.jpg,n006633,n006633,asian,asian,females,females,,,1,-0.033805635,44.14124,1.0338056
data\processed\bfw\asian\n000854\0019_02.jpg,data\processed\bfw\asian\n000854\0228_01.jpg,n000854,n000854,asian,asian,females,females,,,1,0.3817353,30.474354,0.6182647
data\processed\bfw\asian\n004786\0101_01.jpg,data\processed\bfw\asian\n004786\0173_01.jpg,n004786,n004786,asian,asian,females,females,,,1,0.4411849,31.69698,0.5588151
data\processed\bfw\asian\n005085\0376_01.jpg,data\processed\bfw\asian\n005085\0679_01.jpg,n005085,n005085,asian,asian,females,females,,,1,0.23272973,32.1871,0.76727027
data\processed\bfw\asian\n003506\0041_01.jpg,data\processed\bfw\asian\n003449\0027_01.jpg,n003506,n003449,asian,asian,females,females,,,0,0.1661137,34.871273,0.83388627
data\processed\bfw\asian\n003156\0004_01.jpg,data\processed\bfw\asian\n003156\0101_01.jpg,n003156,n003156,asian,asian,males,males,,,1,0.3749471,30.16322,0.6250529
data\processed\bfw\asian\n006149\0007_01.jpg,data\processed\bfw\asian\n004786\0135_01.jpg,n006149,n004786,asian,asian,females,females,,,0,0.051501717,38.459522,0.9484983
data\processed\bfw\asian\n009177\0085_02.jpg,data\processed\bfw\asian\n005378\0370_01.jpg,n009177,n005378,asian,asian,females,females,,,0,-0.048688672,37.24252,1.0486887
data\processed\bfw\asian\n007738\0188_02.jpg,data\processed\bfw\asian\n007738\0239_01.jpg,n007738,n007738,asian,asian,females,females,,,1,0.26718724,34.397392,0.73281276
data\processed\bfw\asian\n002644\0557_01.jpg,data\processed\bfw\asian\n005216\0041_01.jpg,n002644,n005216,asian,asian,males,females,,,0,0.20922767,31.630836,0.7907723
data\processed\bfw\asian\n005378\0093_02.jpg,data\processed\bfw\asian\n005378\0232_01.jpg,n005378,n005378,asian,asian,females,females,,,1,0.3989071,29.545244,0.60109293
data\processed\bfw\asian\n009175\0072_01.jpg,data\processed\bfw\asian\n009175\0090_01.jpg,n009175,n009175,asian,asian,females,females,,,1,0.21214586,37.60638,0.78785414
data\processed\bfw\asian\n004870\0007_01.jpg,data\processed\bfw\asian\n004870\0129_01.jpg,n004870,n004870,asian,asian,females,females,,,1,0.5068407,29.94383,0.4931593
data\processed\bfw\asian\n007270\0053_01.jpg,data\processed\bfw\asian\n004467\0682_01.jpg,n007270,n004467,asian,asian,females,males,,,0,0.02562888,39.28992,0.97437114
data\processed\bfw\asian\n009103\0035_01.jpg,data\processed\bfw\asian\n004877\0084_01.jpg,n009103,n004877,asian,asian,females,females,,,0,0.092485726,37.098557,0.9075143
data\processed\bfw\asian\n009042\0133_01.jpg,data\processed\bfw\asian\n000873\0106_01.jpg,n009042,n000873,asian,asian,females,males,,,0,0.14382637,36.64393,0.85617363
data\processed\bfw\asian\n004787\0009_01.jpg,data\processed\bfw\asian\n007816\0147_01.jpg,n004787,n007816,asian,asian,females,females,,,0,0.025872428,35.427273,0.9741276
data\processed\bfw\asian\n004686\0100_01.jpg,data\processed\bfw\asian\n004686\0271_01.jpg,n004686,n004686,asian,asian,males,males,,,1,0.3611836,30.884687,0.63881636
data\processed\bfw\asian\n007378\0173_02.jpg,data\processed\bfw\asian\n002331\0091_01.jpg,n007378,n002331,asian,asian,females,males,,,0,-0.07476888,38.95706,1.0747689
data\processed\bfw\asian\n003465\0036_01.jpg,data\processed\bfw\asian\n003465\0169_01.jpg,n003465,n003465,asian,asian,males,males,,,1,0.5130022,28.144941,0.48699778
data\processed\bfw\asian\n007380\0083_02.jpg,data\processed\bfw\asian\n007380\0195_01.jpg,n007380,n007380,asian,asian,females,females,,,1,0.14858489,35.515812,0.8514151
data\processed\bfw\asian\n005474\0072_02.jpg,data\processed\bfw\asian\n005474\0128_01.jpg,n005474,n005474,asian,asian,females,females,,,1,0.44657516,26.537958,0.55342484
data\processed\bfw\asian\n003489\0051_03.jpg,data\processed\bfw\asian\n003489\0247_01.jpg,n003489,n003489,asian,asian,males,males,,,1,0.34242693,33.47104,0.6575731
data\processed\bfw\asian\n009288\0236_01.jpg,data\processed\bfw\asian\n009288\0281_02.jpg,n009288,n009288,asian,asian,females,females,,,1,0.108767815,40.30584,0.8912322
data\processed\bfw\asian\n009041\0040_01.jpg,data\processed\bfw\asian\n009041\0092_01.jpg,n009041,n009041,asian,asian,females,females,,,1,0.3961991,32.971912,0.6038009
data\processed\bfw\asian\n009042\0020_01.jpg,data\processed\bfw\asian\n002725\0102_01.jpg,n009042,n002725,asian,asian,females,females,,,0,0.11453945,38.738113,0.88546056
data\processed\bfw\asian\n003155\0029_01.jpg,data\processed\bfw\asian\n003155\1030_04.jpg,n003155,n003155,asian,asian,males,males,,,1,0.048437253,45.45776,0.95156276
data\processed\bfw\asian\n004680\0190_01.jpg,data\processed\bfw\asian\n006418\0140_02.jpg,n004680,n006418,asian,asian,females,females,,,0,0.1730523,36.86288,0.8269477
data\processed\bfw\asian\n000839\0298_01.jpg,data\processed\bfw\asian\n003824\0262_01.jpg,n000839,n003824,asian,asian,females,females,,,0,-0.16933934,39.32126,1.1693393
data\processed\bfw\asian\n006344\0431_07.jpg,data\processed\bfw\asian\n007738\0219_02.jpg,n006344,n007738,asian,asian,females,females,,,0,0.062137622,34.654045,0.9378624
data\processed\bfw\asian\n003463\0110_01.jpg,data\processed\bfw\asian\n003463\0127_01.jpg,n003463,n003463,asian,asian,males,males,,,1,0.38843367,32.42126,0.6115663
data\processed\bfw\asian\n003491\0033_01.jpg,data\processed\bfw\asian\n003482\0231_01.jpg,n003491,n003482,asian,asian,males,males,,,0,-0.040439047,43.31461,1.040439
data\processed\bfw\asian\n007270\0066_01.jpg,data\processed\bfw\asian\n007270\0155_01.jpg,n007270,n007270,asian,asian,females,females,,,1,0.56208163,23.934967,0.43791837
data\processed\bfw\asian\n000158\0066_01.jpg,data\processed\bfw\asian\n000158\0658_01.jpg,n000158,n000158,asian,asian,males,males,,,1,0.61639243,29.33282,0.38360757
data\processed\bfw\asian\n006222\0095_02.jpg,data\processed\bfw\asian\n003354\0047_01.jpg,n006222,n003354,asian,asian,females,females,,,0,0.01623388,39.242016,0.98376614
data\processed\bfw\asian\n004935\0021_01.jpg,data\processed\bfw\asian\n004935\0327_01.jpg,n004935,n004935,asian,asian,males,males,,,1,0.43363604,30.757637,0.56636393
data\processed\bfw\asian\n006224\0212_01.jpg,data\processed\bfw\asian\n009148\0103_01.jpg,n006224,n009148,asian,asian,females,females,,,0,0.09840418,34.31979,0.90159583
data\processed\bfw\asian\n009041\0025_01.jpg,data\processed\bfw\asian\n009041\0114_01.jpg,n009041,n009041,asian,asian,females,females,,,1,0.34510058,32.088757,0.6548994
data\processed\bfw\asian\n008163\0451_03.jpg,data\processed\bfw\asian\n005083\0133_01.jpg,n008163,n005083,asian,asian,females,females,,,0,-0.08413808,38.60121,1.084138
data\processed\bfw\asian\n003463\0125_01.jpg,data\processed\bfw\asian\n003463\0165_01.jpg,n003463,n003463,asian,asian,males,males,,,1,0.51874465,28.464916,0.48125535
data\processed\bfw\asian\n005085\0061_01.jpg,data\processed\bfw\asian\n005085\0221_04.jpg,n005085,n005085,asian,asian,females,females,,,1,0.6551476,23.246897,0.3448524
data\processed\bfw\asian\n003288\0165_11.jpg,data\processed\bfw\asian\n001496\0622_01.jpg,n003288,n001496,asian,asian,females,males,,,0,-0.010359461,39.76481,1.0103594
data\processed\bfw\asian\n003467\0037_01.jpg,data\processed\bfw\asian\n003467\0082_01.jpg,n003467,n003467,asian,asian,females,females,,,1,0.36818254,27.913286,0.63181746
data\processed\bfw\asian\n004221\0135_02.jpg,data\processed\bfw\asian\n004221\0166_01.jpg,n004221,n004221,asian,asian,males,males,,,1,0.5032695,31.209291,0.4967305
data\processed\bfw\asian\n006774\0105_01.jpg,data\processed\bfw\asian\n006774\0111_01.jpg,n006774,n006774,asian,asian,females,females,,,1,0.24989869,35.168083,0.7501013
data\processed\bfw\asian\n004870\0112_02.jpg,data\processed\bfw\asian\n003489\0046_02.jpg,n004870,n003489,asian,asian,females,males,,,0,0.08768709,40.91653,0.9123129
data\processed\bfw\asian\n005072\0151_01.jpg,data\processed\bfw\asian\n003162\0379_02.jpg,n005072,n003162,asian,asian,males,males,,,0,-0.09947888,42.624676,1.0994788
data\processed\bfw\asian\n006344\0025_02.jpg,data\processed\bfw\asian\n006344\0413_01.jpg,n006344,n006344,asian,asian,females,females,,,1,0.08926429,33.6846,0.9107357
data\processed\bfw\asian\n009042\0072_01.jpg,data\processed\bfw\asian\n009042\0372_01.jpg,n009042,n009042,asian,asian,females,females,,,1,0.5630252,28.512568,0.43697482
data\processed\bfw\asian\n000137\0110_01.jpg,data\processed\bfw\asian\n003162\0282_01.jpg,n000137,n003162,asian,asian,females,males,,,0,0.0668866,42.091396,0.9331134
data\processed\bfw\asian\n008401\0294_01.jpg,data\processed\bfw\asian\n008401\0389_01.jpg,n008401,n008401,asian,asian,females,females,,,1,0.55255073,27.580067,0.44744927
data\processed\bfw\asian\n004948\0125_01.jpg,data\processed\bfw\asian\n000139\0112_02.jpg,n004948,n000139,asian,asian,males,females,,,0,0.07982705,38.01321,0.9201729
data\processed\bfw\asian\n000143\0171_01.jpg,data\processed\bfw\asian\n000143\0226_04.jpg,n000143,n000143,asian,asian,females,females,,,1,0.11184106,36.18879,0.8881589
data\processed\bfw\asian\n004721\0274_01.jpg,data\processed\bfw\asian\n002644\0182_09.jpg,n004721,n002644,asian,asian,males,males,,,0,0.08784602,39.089783,0.91215396
data\processed\bfw\asian\n003557\0086_01.jpg,data\processed\bfw\asian\n003557\0255_01.jpg,n003557,n003557,asian,asian,females,females,,,1,0.19287653,33.85053,0.8071235
data\processed\bfw\asian\n005083\0046_01.jpg,data\processed\bfw\asian\n005083\0100_01.jpg,n005083,n005083,asian,asian,females,females,,,1,0.17908126,33.52648,0.82091874
data\processed\bfw\asian\n005077\0054_01.jpg,data\processed\bfw\asian\n004466\0052_01.jpg,n005077,n004466,asian,asian,females,males,,,0,-0.0572356,40.205246,1.0572356
data\processed\bfw\asian\n000143\0045_05.jpg,data\processed\bfw\asian\n000143\0080_02.jpg,n000143,n000143,asian,asian,females,females,,,1,0.3747265,31.707438,0.62527347
data\processed\bfw\asian\n004681\0016_01.jpg,data\processed\bfw\asian\n004681\0026_01.jpg,n004681,n004681,asian,asian,males,males,,,1,0.5651352,25.839228,0.43486482
data\processed\bfw\asian\n004794\0124_03.jpg,data\processed\bfw\asian\n004794\0640_01.jpg,n004794,n004794,asian,asian,males,males,,,1,0.40383366,30.771486,0.5961664
data\processed\bfw\asian\n004948\0651_01.jpg,data\processed\bfw\asian\n001864\0071_01.jpg,n004948,n001864,asian,asian,males,males,,,0,0.12813848,37.1812,0.8718615
data\processed\bfw\asian\n004870\0344_01.jpg,data\processed\bfw\asian\n000137\0117_01.jpg,n004870,n000137,asian,asian,females,females,,,0,0.1226423,40.37261,0.8773577
data\processed\bfw\asian\n005077\0006_01.jpg,data\processed\bfw\asian\n005077\0082_01.jpg,n005077,n005077,asian,asian,females,females,,,1,0.43187502,26.41172,0.568125
data\processed\bfw\asian\n002406\0093_01.jpg,data\processed\bfw\asian\n004221\0166_01.jpg,n002406,n004221,asian,asian,males,males,,,0,0.026369119,42.50123,0.9736309
data\processed\bfw\asian\n006774\0062_01.jpg,data\processed\bfw\asian\n006774\0282_01.jpg,n006774,n006774,asian,asian,females,females,,,1,-0.07135813,39.18588,1.0713581
data\processed\bfw\asian\n005085\0061_01.jpg,data\processed\bfw\asian\n005085\0464_01.jpg,n005085,n005085,asian,asian,females,females,,,1,0.2347925,34.558834,0.7652075
data\processed\bfw\asian\n004794\0019_03.jpg,data\processed\bfw\asian\n003167\0037_01.jpg,n004794,n003167,asian,asian,males,males,,,0,0.056367755,39.171093,0.94363225
data\processed\bfw\asian\n004549\0181_01.jpg,data\processed\bfw\asian\n004549\0213_01.jpg,n004549,n004549,asian,asian,females,females,,,1,0.40854648,25.225998,0.59145355
data\processed\bfw\asian\n000160\0150_01.jpg,data\processed\bfw\asian\n004870\0264_01.jpg,n000160,n004870,asian,asian,females,females,,,0,0.120519,34.198067,0.879481
data\processed\bfw\asian\n009276\0106_05.jpg,data\processed\bfw\asian\n007089\0097_04.jpg,n009276,n007089,asian,asian,females,females,,,0,0.023413062,37.504356,0.97658694
data\processed\bfw\asian\n004680\0175_01.jpg,data\processed\bfw\asian\n004805\0012_02.jpg,n004680,n004805,asian,asian,females,males,,,0,-0.11795504,41.715954,1.1179551
data\processed\bfw\asian\n005378\0409_02.jpg,data\processed\bfw\asian\n006222\0095_02.jpg,n005378,n006222,asian,asian,females,females,,,0,0.09995702,37.140427,0.900043
data\processed\bfw\asian\n000838\0040_02.jpg,data\processed\bfw\asian\n004721\0227_01.jpg,n000838,n004721,asian,asian,females,males,,,0,-0.13100694,47.95417,1.131007
data\processed\bfw\asian\n003155\0062_02.jpg,data\processed\bfw\asian\n003155\0185_01.jpg,n003155,n003155,asian,asian,males,males,,,1,0.09839088,40.29749,0.9016091
data\processed\bfw\asian\n006634\0033_01.jpg,data\processed\bfw\asian\n006634\0114_01.jpg,n006634,n006634,asian,asian,females,females,,,1,0.44835454,31.529001,0.55164546
data\processed\bfw\asian\n006358\0076_01.jpg,data\processed\bfw\asian\n006358\0117_01.jpg,n006358,n006358,asian,asian,females,females,,,1,0.48448348,32.74107,0.5155165
data\processed\bfw\asian\n000138\0188_01.jpg,data\processed\bfw\asian\n006203\0148_03.jpg,n000138,n006203,asian,asian,females,females,,,0,-0.034139488,38.620777,1.0341395
data\processed\bfw\asian\n004466\0131_01.jpg,data\processed\bfw\asian\n004787\0692_01.jpg,n004466,n004787,asian,asian,males,females,,,0,0.023359636,38.591568,0.97664034
data\processed\bfw\asian\n000854\0045_01.jpg,data\processed\bfw\asian\n007899\0082_01.jpg,n000854,n007899,asian,asian,females,females,,,0,0.22136311,31.09844,0.7786369
data\processed\bfw\asian\n006619\0216_01.jpg,data\processed\bfw\asian\n006619\0422_01.jpg,n006619,n006619,asian,asian,females,females,,,1,0.38812464,29.2715,0.61187536
data\processed\bfw\asian\n000137\0012_01.jpg,data\processed\bfw\asian\n000137\0055_01.jpg,n000137,n000137,asian,asian,females,females,,,1,0.41583204,31.38354,0.58416796
data\processed\bfw\asian\n004469\0084_01.jpg,data\processed\bfw\asian\n004469\0098_02.jpg,n004469,n004469,asian,asian,males,males,,,1,0.40207812,37.314495,0.59792185
data\processed\bfw\asian\n007664\0053_01.jpg,data\processed\bfw\asian\n004864\0058_01.jpg,n007664,n004864,asian,asian,females,females,,,0,0.11309949,33.873486,0.8869005
data\processed\bfw\asian\n007372\0082_01.jpg,data\processed\bfw\asian\n003465\0158_01.jpg,n007372,n003465,asian,asian,females,males,,,0,0.01910179,37.850636,0.9808982
data\processed\bfw\asian\n000158\0199_03.jpg,data\processed\bfw\asian\n004930\0078_01.jpg,n000158,n004930,asian,asian,males,females,,,0,0.0026629113,41.987503,0.9973371
data\processed\bfw\asian\n003162\0188_01.jpg,data\processed\bfw\asian\n003162\0240_01.jpg,n003162,n003162,asian,asian,males,males,,,1,0.5245972,34.768467,0.47540277
data\processed\bfw\asian\n003288\0222_01.jpg,data\processed\bfw\asian\n003288\0230_01.jpg,n003288,n003288,asian,asian,females,females,,,1,0.2522399,30.223722,0.74776006
data\processed\bfw\asian\n004794\0062_01.jpg,data\processed\bfw\asian\n003465\0169_01.jpg,n004794,n003465,asian,asian,males,males,,,0,0.14234737,35.39084,0.85765266
data\processed\bfw\asian\n009041\0077_01.jpg,data\processed\bfw\asian\n009041\0080_02.jpg,n009041,n009041,asian,asian,females,females,,,1,0.41300902,34.785343,0.58699095
data\processed\bfw\asian\n005069\0019_01.jpg,data\processed\bfw\asian\n000009\0133_02.jpg,n005069,n000009,asian,asian,females,females,,,0,-0.042352267,40.398205,1.0423523
data\processed\bfw\asian\n003358\0055_01.jpg,data\processed\bfw\asian\n003358\0318_01.jpg,n003358,n003358,asian,asian,females,females,,,1,0.23971279,29.555033,0.7602872
data\processed\bfw\asian\n006222\0017_01.jpg,data\processed\bfw\asian\n006344\0112_01.jpg,n006222,n006344,asian,asian,females,females,,,0,0.17509265,34.740807,0.82490736
data\processed\bfw\asian\n003467\0036_01.jpg,data\processed\bfw\asian\n003357\0533_01.jpg,n003467,n003357,asian,asian,females,females,,,0,-0.04088854,38.090675,1.0408885
data\processed\bfw\asian\n007814\0377_03.jpg,data\processed\bfw\asian\n007814\0485_01.jpg,n007814,n007814,asian,asian,females,females,,,1,-0.14380562,41.19791,1.1438056
data\processed\bfw\asian\n004467\0677_01.jpg,data\processed\bfw\asian\n004680\0113_02.jpg,n004467,n004680,asian,asian,males,females,,,0,-0.032463387,40.096676,1.0324634
data\processed\bfw\asian\n009278\0060_01.jpg,data\processed\bfw\asian\n009278\0066_01.jpg,n009278,n009278,asian,asian,females,females,,,1,0.28804573,31.984776,0.71195424
data\processed\bfw\asian\n009294\0031_03.jpg,data\processed\bfw\asian\n009294\0242_01.jpg,n009294,n009294,asian,asian,females,females,,,1,0.4749267,32.63463,0.5250733
data\processed\bfw\asian\n002406\0103_01.jpg,data\processed\bfw\asian\n006418\0152_04.jpg,n002406,n006418,asian,asian,males,females,,,0,0.034274038,34.316124,0.96572596
data\processed\bfw\asian\n003027\0117_02.jpg,data\processed\bfw\asian\n005378\0020_01.jpg,n003027,n005378,asian,asian,males,females,,,0,0.009821098,43.907978,0.9901789
data\processed\bfw\asian\n003167\0141_01.jpg,data\processed\bfw\asian\n004680\0189_01.jpg,n003167,n004680,asian,asian,males,females,,,0,0.0798858,44.456158,0.9201142
data\processed\bfw\asian\n004467\0049_01.jpg,data\processed\bfw\asian\n001976\0100_02.jpg,n004467,n001976,asian,asian,males,males,,,0,0.036596645,39.011395,0.96340334
data\processed\bfw\asian\n000143\0098_01.jpg,data\processed\bfw\asian\n004681\0016_01.jpg,n000143,n004681,asian,asian,females,males,,,0,0.090317585,36.26206,0.9096824
data\processed\bfw\asian\n004800\0366_01.jpg,data\processed\bfw\asian\n004800\0537_01.jpg,n004800,n004800,asian,asian,males,males,,,1,0.14216311,37.42666,0.8578369
data\processed\bfw\asian\n003223\0185_01.jpg,data\processed\bfw\asian\n002509\0131_01.jpg,n003223,n002509,asian,asian,males,females,,,0,0.049649205,35.122,0.9503508
data\processed\bfw\asian\n003533\0573_01.jpg,data\processed\bfw\asian\n003533\0574_01.jpg,n003533,n003533,asian,asian,males,males,,,1,0.47664213,31.420576,0.52335787
data\processed\bfw\asian\n007378\0113_01.jpg,data\processed\bfw\asian\n007378\0509_01.jpg,n007378,n007378,asian,asian,females,females,,,1,0.23412623,32.1912,0.7658738
data\processed\bfw\asian\n004686\0433_01.jpg,data\processed\bfw\asian\n004549\0213_01.jpg,n004686,n004549,asian,asian,males,females,,,0,-0.018316524,33.06003,1.0183165
data\processed\bfw\asian\n001682\0051_01.jpg,data\processed\bfw\asian\n001682\0177_01.jpg,n001682,n001682,asian,asian,males,males,,,1,0.08486128,48.940784,0.9151387
data\processed\bfw\asian\n004549\0168_05.jpg,data\processed\bfw\asian\n004549\0222_02.jpg,n004549,n004549,asian,asian,females,females,,,1,0.14530669,35.029095,0.8546933
data\processed\bfw\asian\n004725\0036_01.jpg,data\processed\bfw\asian\n004725\0088_01.jpg,n004725,n004725,asian,asian,males,males,,,1,0.72248787,26.571493,0.27751213
data\processed\bfw\asian\n003288\0051_01.jpg,data\processed\bfw\asian\n003288\0228_01.jpg,n003288,n003288,asian,asian,females,females,,,1,0.24740016,28.706997,0.75259984
data\processed\bfw\asian\n002320\0240_01.jpg,data\processed\bfw\asian\n009137\0416_01.jpg,n002320,n009137,asian,asian,males,females,,,0,0.018780647,40.54234,0.98121935
data\processed\bfw\asian\n000158\0012_01.jpg,data\processed\bfw\asian\n000158\0158_01.jpg,n000158,n000158,asian,asian,males,males,,,1,0.5712522,30.932806,0.42874777
data\processed\bfw\asian\n001496\0133_01.jpg,data\processed\bfw\asian\n001496\0219_01.jpg,n001496,n001496,asian,asian,males,males,,,1,0.3476224,35.55133,0.6523776
data\processed\bfw\asian\n009279\0025_01.jpg,data\processed\bfw\asian\n009279\0393_04.jpg,n009279,n009279,asian,asian,females,females,,,1,0.16951993,36.938354,0.8304801
data\processed\bfw\asian\n000872\0296_06.jpg,data\processed\bfw\asian\n009278\0061_02.jpg,n000872,n009278,asian,asian,males,females,,,0,-0.041323625,39.38618,1.0413237
data\processed\bfw\asian\n005446\0279_01.jpg,data\processed\bfw\asian\n005446\0480_01.jpg,n005446,n005446,asian,asian,females,females,,,1,0.35313478,27.969078,0.64686525
data\processed\bfw\asian\n004877\0076_01.jpg,data\processed\bfw\asian\n004877\0145_01.jpg,n004877,n004877,asian,asian,females,females,,,1,0.37378022,29.459381,0.62621975
data\processed\bfw\asian\n004467\0418_01.jpg,data\processed\bfw\asian\n004467\0638_01.jpg,n004467,n004467,asian,asian,males,males,,,1,0.38185424,33.741135,0.61814576
data\processed\bfw\asian\n007378\0071_01.jpg,data\processed\bfw\asian\n007378\0214_01.jpg,n007378,n007378,asian,asian,females,females,,,1,0.14385101,32.201283,0.85614896
data\processed\bfw\asian\n004469\0217_03.jpg,data\processed\bfw\asian\n004469\0832_01.jpg,n004469,n004469,asian,asian,males,males,,,1,0.061515085,44.912582,0.9384849
data\processed\bfw\asian\n003167\0274_01.jpg,data\processed\bfw\asian\n003167\0602_01.jpg,n003167,n003167,asian,asian,males,males,,,1,0.19593371,36.672596,0.8040663
data\processed\bfw\asian\n005069\0225_01.jpg,data\processed\bfw\asian\n005069\0246_01.jpg,n005069,n005069,asian,asian,females,females,,,1,0.23952514,32.065365,0.76047486
data\processed\bfw\asian\n003357\0006_01.jpg,data\processed\bfw\asian\n003357\0123_01.jpg,n003357,n003357,asian,asian,females,females,,,1,0.2499976,31.526525,0.7500024
data\processed\bfw\asian\n006203\0045_01.jpg,data\processed\bfw\asian\n006203\0430_01.jpg,n006203,n006203,asian,asian,females,females,,,1,0.35073936,25.35387,0.64926064
data\processed\bfw\asian\n007372\0210_01.jpg,data\processed\bfw\asian\n007372\0295_01.jpg,n007372,n007372,asian,asian,females,females,,,1,0.08437754,34.05604,0.9156225
data\processed\bfw\asian\n008383\0539_01.jpg,data\processed\bfw\asian\n000132\0112_01__face_0.jpg,n008383,n000132,asian,asian,females,males,,,0,0.00967721,36.88556,0.99032277
data\processed\bfw\asian\n008978\0026_01.jpg,data\processed\bfw\asian\n008978\0318_01.jpg,n008978,n008978,asian,asian,females,females,,,1,0.10814239,35.98108,0.8918576
data\processed\bfw\asian\n006774\0130_01.jpg,data\processed\bfw\asian\n006774\0393_01.jpg,n006774,n006774,asian,asian,females,females,,,1,0.21944097,34.960243,0.78055906
data\processed\bfw\asian\n004472\0332_01.jpg,data\processed\bfw\asian\n004472\0720_01.jpg,n004472,n004472,asian,asian,females,females,,,1,-0.0037973663,39.557926,1.0037974
data\processed\bfw\asian\n009175\0077_01.jpg,data\processed\bfw\asian\n004109\0003_01.jpg,n009175,n004109,asian,asian,females,males,,,0,0.13636377,36.63454,0.86363626
data\processed\bfw\asian\n001572\0158_01.jpg,data\processed\bfw\asian\n006222\0032_01.jpg,n001572,n006222,asian,asian,females,females,,,0,0.04903848,40.597355,0.95096153
data\processed\bfw\asian\n005446\0141_01.jpg,data\processed\bfw\asian\n004786\0021_01.jpg,n005446,n004786,asian,asian,females,females,,,0,0.084422216,35.912487,0.91557777
data\processed\bfw\asian\n005069\0225_01.jpg,data\processed\bfw\asian\n000840\0160_02.jpg,n005069,n000840,asian,asian,females,females,,,0,0.049082123,36.067924,0.9509179
data\processed\bfw\asian\n004687\0113_01.jpg,data\processed\bfw\asian\n004687\0295_01.jpg,n004687,n004687,asian,asian,females,females,,,1,0.40076855,29.43495,0.5992315
data\processed\bfw\asian\n006149\0087_01.jpg,data\processed\bfw\asian\n005063\0577_01.jpg,n006149,n005063,asian,asian,females,females,,,0,0.13808787,37.44763,0.86191213
data\processed\bfw\asian\n005069\0019_01.jpg,data\processed\bfw\asian\n005069\0022_01.jpg,n005069,n005069,asian,asian,females,females,,,1,0.5389138,25.753475,0.4610862
data\processed\bfw\asian\n004791\0030_01.jpg,data\processed\bfw\asian\n004791\0263_01.jpg,n004791,n004791,asian,asian,males,males,,,1,0.31883374,32.337982,0.6811663
data\processed\bfw\asian\n005085\0221_04.jpg,data\processed\bfw\asian\n003167\0141_01.jpg,n005085,n003167,asian,asian,females,males,,,0,-0.03281719,43.61319,1.0328172
data\processed\bfw\asian\n009275\0039_01.jpg,data\processed\bfw\asian\n002775\0044_01.jpg,n009275,n002775,asian,asian,females,males,,,0,-0.05766559,40.334217,1.0576656
data\processed\bfw\asian\n009125\0116_02.jpg,data\processed\bfw\asian\n009125\0270_01.jpg,n009125,n009125,asian,asian,females,females,,,1,0.35556835,32.809544,0.64443165
data\processed\bfw\asian\n008383\0279_06.jpg,data\processed\bfw\asian\n003482\0006_04.jpg,n008383,n003482,asian,asian,females,males,,,0,0.051132016,42.021935,0.948868
data\processed\bfw\asian\n005177\0042_01.jpg,data\processed\bfw\asian\n005177\0152_01.jpg,n005177,n005177,asian,asian,males,males,,,1,0.42912012,30.004251,0.5708799
data\processed\bfw\asian\n006634\0120_01.jpg,data\processed\bfw\asian\n006634\0322_01.jpg,n006634,n006634,asian,asian,females,females,,,1,0.16141938,34.37685,0.8385806
data\processed\bfw\asian\n006619\0572_01.jpg,data\processed\bfw\asian\n009103\0274_01.jpg,n006619,n009103,asian,asian,females,females,,,0,0.006005989,38.91229,0.993994
data\processed\bfw\asian\n009294\0031_03.jpg,data\processed\bfw\asian\n009294\0081_01.jpg,n009294,n009294,asian,asian,females,females,,,1,0.27773798,37.44171,0.722262
data\processed\bfw\asian\n004467\0001_01.jpg,data\processed\bfw\asian\n000138\0129_03.jpg,n004467,n000138,asian,asian,males,females,,,0,-0.08135137,39.14414,1.0813514
data\processed\bfw\asian\n005083\0367_02.jpg,data\processed\bfw\asian\n003354\0243_01.jpg,n005083,n003354,asian,asian,females,females,,,0,0.0037708492,39.661213,0.9962292
data\processed\bfw\asian\n004935\0021_01.jpg,data\processed\bfw\asian\n009294\0194_01.jpg,n004935,n009294,asian,asian,males,females,,,0,-0.05050142,41.9605,1.0505015
data\processed\bfw\asian\n005071\0113_02.jpg,data\processed\bfw\asian\n004687\0019_01.jpg,n005071,n004687,asian,asian,males,females,,,0,0.100853674,37.853436,0.8991463
data\processed\bfw\asian\n001562\0130_01.jpg,data\processed\bfw\asian\n001562\0372_02.jpg,n001562,n001562,asian,asian,males,males,,,1,0.099651694,37.67432,0.9003483
data\processed\bfw\asian\n000840\0023_01.jpg,data\processed\bfw\asian\n000840\0099_01.jpg,n000840,n000840,asian,asian,females,females,,,1,0.4691582,26.852165,0.5308418
data\processed\bfw\asian\n009137\0070_01.jpg,data\processed\bfw\asian\n009137\0211_02.jpg,n009137,n009137,asian,asian,females,females,,,1,0.18698062,31.21743,0.8130194
data\processed\bfw\asian\n000143\0019_01.jpg,data\processed\bfw\asian\n000873\0111_01.jpg,n000143,n000873,asian,asian,females,males,,,0,0.04866382,37.722084,0.9513362
data\processed\bfw\asian\n007814\0175_01.jpg,data\processed\bfw\asian\n004809\0013_10.jpg,n007814,n004809,asian,asian,females,males,,,0,0.020436319,35.33124,0.97956365
data\processed\bfw\asian\n009294\0002_01.jpg,data\processed\bfw\asian\n009294\0258_01.jpg,n009294,n009294,asian,asian,females,females,,,1,0.40315357,34.261795,0.59684646
data\processed\bfw\asian\n005474\0210_02.jpg,data\processed\bfw\asian\n005474\0769_01.jpg,n005474,n005474,asian,asian,females,females,,,1,0.2840817,30.420458,0.7159183
data\processed\bfw\asian\n004948\0111_01.jpg,data\processed\bfw\asian\n004948\0212_01.jpg,n004948,n004948,asian,asian,males,males,,,1,0.30680484,32.24823,0.69319516
data\processed\bfw\asian\n009177\0370_01.jpg,data\processed\bfw\asian\n009177\0626_01.jpg,n009177,n009177,asian,asian,females,females,,,1,0.28144965,31.829697,0.7185503
data\processed\bfw\asian\n000840\0025_01.jpg,data\processed\bfw\asian\n000161\0338_01.jpg,n000840,n000161,asian,asian,females,males,,,0,0.07986306,36.516045,0.9201369
data\processed\bfw\asian\n006126\0423_01.jpg,data\processed\bfw\asian\n004469\0048_02.jpg,n006126,n004469,asian,asian,females,males,,,0,0.010592355,45.803413,0.98940766
data\processed\bfw\asian\n002644\0054_01.jpg,data\processed\bfw\asian\n002644\0319_01.jpg,n002644,n002644,asian,asian,males,males,,,1,0.08254996,33.056347,0.9174501
data\processed\bfw\asian\n003467\0094_01.jpg,data\processed\bfw\asian\n003467\0130_03.jpg,n003467,n003467,asian,asian,females,females,,,1,0.10259482,34.366425,0.89740515
data\processed\bfw\asian\n003824\0097_01.jpg,data\processed\bfw\asian\n008978\0138_01.jpg,n003824,n008978,asian,asian,females,females,,,0,-0.04006697,38.650356,1.040067
data\processed\bfw\asian\n004467\0226_01.jpg,data\processed\bfw\asian\n004467\0227_04.jpg,n004467,n004467,asian,asian,males,males,,,1,0.34274396,33.84428,0.657256
data\processed\bfw\asian\n009276\0046_16.jpg,data\processed\bfw\asian\n004864\0229_01.jpg,n009276,n004864,asian,asian,females,females,,,0,0.02697277,38.933567,0.9730272
data\processed\bfw\asian\n004549\0027_02.jpg,data\processed\bfw\asian\n006774\0111_01.jpg,n004549,n006774,asian,asian,females,females,,,0,0.12079611,33.7129,0.8792039
data\processed\bfw\asian\n009103\0161_01.jpg,data\processed\bfw\asian\n009103\0291_01.jpg,n009103,n009103,asian,asian,females,females,,,1,0.2786329,32.722584,0.7213671
data\processed\bfw\asian\n006148\0040_01.jpg,data\processed\bfw\asian\n006223\0148_01.jpg,n006148,n006223,asian,asian,females,females,,,0,-0.03634357,34.175816,1.0363436
data\processed\bfw\asian\n007664\0158_01.jpg,data\processed\bfw\asian\n003155\0052_02.jpg,n007664,n003155,asian,asian,females,males,,,0,-0.08783133,45.033882,1.0878314
data\processed\bfw\asian\n006222\0001_01.jpg,data\processed\bfw\asian\n006222\0312_01.jpg,n006222,n006222,asian,asian,females,females,,,1,0.075544514,39.958878,0.92445546
data\processed\bfw\asian\n003482\0155_05.jpg,data\processed\bfw\asian\n006203\0224_01.jpg,n003482,n006203,asian,asian,males,females,,,0,0.024471562,36.71265,0.9755284
data\processed\bfw\asian\n009288\0063_01.jpg,data\processed\bfw\asian\n009288\0175_01.jpg,n009288,n009288,asian,asian,females,females,,,1,0.14904606,39.458164,0.85095394
data\processed\bfw\asian\n009275\0273_01.jpg,data\processed\bfw\asian\n006344\0166_01.jpg,n009275,n006344,asian,asian,females,females,,,0,0.10305143,32.93922,0.8969486
data\processed\bfw\asian\n004860\0567_02.jpg,data\processed\bfw\asian\n004467\0186_01.jpg,n004860,n004467,asian,asian,females,males,,,0,0.0033813214,38.05607,0.9966187
data\processed\bfw\asian\n009137\0278_01.jpg,data\processed\bfw\asian\n009137\0521_02.jpg,n009137,n009137,asian,asian,females,females,,,1,0.28715864,31.215757,0.7128414
data\processed\bfw\asian\n009278\0026_01.jpg,data\processed\bfw\asian\n009278\0180_01.jpg,n009278,n009278,asian,asian,females,females,,,1,-0.040382665,36.83159,1.0403826
data\processed\bfw\asian\n003463\0152_01.jpg,data\processed\bfw\asian\n001976\0221_02.jpg,n003463,n001976,asian,asian,males,males,,,0,0.11039765,36.53214,0.88960236
data\processed\bfw\asian\n009277\0018_01.jpg,data\processed\bfw\asian\n009277\0578_02.jpg,n009277,n009277,asian,asian,females,females,,,1,0.34528825,31.939327,0.6547117
data\processed\bfw\asian\n004785\0139_01.jpg,data\processed\bfw\asian\n004785\0211_01.jpg,n004785,n004785,asian,asian,females,females,,,1,0.43064973,32.135773,0.56935024
data\processed\bfw\asian\n008383\0068_01.jpg,data\processed\bfw\asian\n009278\0192_01.jpg,n008383,n009278,asian,asian,females,females,,,0,0.14398548,34.724434,0.8560145
data\processed\bfw\asian\n006222\0071_01.jpg,data\processed\bfw\asian\n006222\0177_02.jpg,n006222,n006222,asian,asian,females,females,,,1,0.4521103,33.0882,0.5478897
data\processed\bfw\asian\n004800\0419_04.jpg,data\processed\bfw\asian\n004800\0526_01.jpg,n004800,n004800,asian,asian,males,males,,,1,0.14701898,37.4826,0.85298103
data\processed\bfw\asian\n005378\0222_01.jpg,data\processed\bfw\asian\n005378\0370_01.jpg,n005378,n005378,asian,asian,females,females,,,1,0.21629271,34.118725,0.78370726
data\processed\bfw\asian\n003357\0214_01.jpg,data\processed\bfw\asian\n009103\0724_01.jpg,n003357,n009103,asian,asian,females,females,,,0,-0.031245016,36.756695,1.031245
data\processed\bfw\asian\n004870\0063_01.jpg,data\processed\bfw\asian\n004805\0164_01.jpg,n004870,n004805,asian,asian,females,males,,,0,-0.09079131,38.695496,1.0907913
data\processed\bfw\asian\n003357\0168_01.jpg,data\processed\bfw\asian\n003357\0291_01.jpg,n003357,n003357,asian,asian,females,females,,,1,0.42302904,27.115402,0.57697093
data\processed\bfw\asian\n005085\0305_03.jpg,data\processed\bfw\asian\n001864\0078_01.jpg,n005085,n001864,asian,asian,females,males,,,0,0.00044780367,44.43819,0.9995522
data\processed\bfw\asian\n004472\0206_01.jpg,data\processed\bfw\asian\n003156\0086_01.jpg,n004472,n003156,asian,asian,females,males,,,0,-0.015375392,39.7698,1.0153754
data\processed\bfw\asian\n005216\0041_01.jpg,data\processed\bfw\asian\n001682\0251_02.jpg,n005216,n001682,asian,asian,females,males,,,0,0.08305399,42.520092,0.916946
data\processed\bfw\asian\n009287\0250_04.jpg,data\processed\bfw\asian\n009287\0262_01.jpg,n009287,n009287,asian,asian,females,females,,,1,0.27820447,34.69314,0.72179556
data\processed\bfw\asian\n003355\0137_01.jpg,data\processed\bfw\asian\n002320\0224_01.jpg,n003355,n002320,asian,asian,males,males,,,0,-0.014398456,39.835308,1.0143985
data\processed\bfw\asian\n003533\0101_02.jpg,data\processed\bfw\asian\n007816\0760_01.jpg,n003533,n007816,asian,asian,males,females,,,0,0.15087046,37.1445,0.84912956
data\processed\bfw\asian\n005116\0002_01.jpg,data\processed\bfw\asian\n004930\0236_01.jpg,n005116,n004930,asian,asian,males,females,,,0,0.17736688,37.233543,0.82263315
data\processed\bfw\asian\n004936\0245_01.jpg,data\processed\bfw\asian\n000139\0311_01.jpg,n004936,n000139,asian,asian,females,females,,,0,0.080703236,39.198513,0.91929674
data\processed\bfw\asian\n007738\0027_01.jpg,data\processed\bfw\asian\n003533\0062_02.jpg,n007738,n003533,asian,asian,females,males,,,0,0.024601627,41.09245,0.97539836
data\processed\bfw\asian\n007372\0078_01.jpg,data\processed\bfw\asian\n001496\0349_01.jpg,n007372,n001496,asian,asian,females,males,,,0,0.12031717,41.588512,0.87968284
data\processed\bfw\asian\n004108\0096_01.jpg,data\processed\bfw\asian\n004786\0088_03.jpg,n004108,n004786,asian,asian,males,females,,,0,0.1569507,37.968197,0.8430493
data\processed\bfw\asian\n003533\0100_02.jpg,data\processed\bfw\asian\n005216\0133_01.jpg,n003533,n005216,asian,asian,males,females,,,0,0.1676428,37.37684,0.83235717
data\processed\bfw\asian\n007270\0097_01.jpg,data\processed\bfw\asian\n007270\0682_01.jpg,n007270,n007270,asian,asian,females,females,,,1,0.5324265,26.972925,0.46757352
data\processed\bfw\asian\n004467\0307_03.jpg,data\processed\bfw\asian\n003354\0058_01.jpg,n004467,n003354,asian,asian,males,females,,,0,0.16831677,39.999226,0.8316832
data\processed\bfw\asian\n004787\0101_03.jpg,data\processed\bfw\asian\n009042\0250_01.jpg,n004787,n009042,asian,asian,females,females,,,0,0.1522529,38.62391,0.8477471
data\processed\bfw\asian\n006633\0288_01.jpg,data\processed\bfw\asian\n006633\0489_03.jpg,n006633,n006633,asian,asian,females,females,,,1,0.090843834,38.357708,0.90915614
data\processed\bfw\asian\n009137\0492_01.jpg,data\processed\bfw\asian\n000158\0040_07.jpg,n009137,n000158,asian,asian,females,males,,,0,0.022556365,39.472652,0.97744364
data\processed\bfw\asian\n004725\0088_01.jpg,data\processed\bfw\asian\n004725\0341_01.jpg,n004725,n004725,asian,asian,males,males,,,1,0.29430833,37.782757,0.7056917
data\processed\bfw\asian\n006224\0067_01.jpg,data\processed\bfw\asian\n006224\0096_01.jpg,n006224,n006224,asian,asian,females,females,,,1,0.5516351,25.901802,0.4483649
data\processed\bfw\asian\n003481\0053_02.jpg,data\processed\bfw\asian\n003481\0093_02.jpg,n003481,n003481,asian,asian,females,females,,,1,0.39614558,28.876106,0.6038544
data\processed\bfw\asian\n005116\0693_01.jpg,data\processed\bfw\asian\n006203\0009_04.jpg,n005116,n006203,asian,asian,males,females,,,0,0.14814727,34.253975,0.8518527
data\processed\bfw\asian\n004870\0033_01.jpg,data\processed\bfw\asian\n002775\0034_02.jpg,n004870,n002775,asian,asian,females,males,,,0,0.028875638,42.938213,0.97112435
data\processed\bfw\asian\n001682\0031_01.jpg,data\processed\bfw\asian\n001682\0041_01.jpg,n001682,n001682,asian,asian,males,males,,,1,0.7669841,24.559513,0.2330159
data\processed\bfw\asian\n001496\0149_01.jpg,data\processed\bfw\asian\n007899\0095_01.jpg,n001496,n007899,asian,asian,males,females,,,0,-0.18490301,43.284256,1.184903
data\processed\bfw\asian\n003465\0127_01.jpg,data\processed\bfw\asian\n003223\0006_01.jpg,n003465,n003223,asian,asian,males,males,,,0,-0.018747414,41.126217,1.0187474
data\processed\bfw\asian\n003162\0034_01.jpg,data\processed\bfw\asian\n003162\0240_01.jpg,n003162,n003162,asian,asian,males,males,,,1,0.51885533,32.914925,0.48114467
data\processed\bfw\asian\n006418\0251_02.jpg,data\processed\bfw\asian\n006418\0377_02.jpg,n006418,n006418,asian,asian,females,females,,,1,-0.012405249,35.7624,1.0124053
data\processed\bfw\asian\n004467\0227_04.jpg,data\processed\bfw\asian\n003167\0042_19.jpg,n004467,n003167,asian,asian,males,males,,,0,0.01551252,38.825207,0.9844875
data\processed\bfw\asian\n006774\0075_01.jpg,data\processed\bfw\asian\n004809\0506_01.jpg,n006774,n004809,asian,asian,females,males,,,0,0.17346065,36.348152,0.82653934
data\processed\bfw\asian\n003481\0054_01.jpg,data\processed\bfw\asian\n009294\0098_01.jpg,n003481,n009294,asian,asian,females,females,,,0,-0.052359905,38.44061,1.0523599
data\processed\bfw\asian\n008148\0137_01.jpg,data\processed\bfw\asian\n009041\0032_01.jpg,n008148,n009041,asian,asian,females,females,,,0,-0.044106565,43.630844,1.0441066
data\processed\bfw\asian\n008163\0276_01.jpg,data\processed\bfw\asian\n003155\0989_02.jpg,n008163,n003155,asian,asian,females,males,,,0,0.046708547,42.067223,0.9532915
data\processed\bfw\asian\n005077\0052_01.jpg,data\processed\bfw\asian\n005077\0248_01.jpg,n005077,n005077,asian,asian,females,females,,,1,0.1442502,33.244312,0.8557498
data\processed\bfw\asian\n009103\0274_01.jpg,data\processed\bfw\asian\n001864\0112_03.jpg,n009103,n001864,asian,asian,females,males,,,0,0.15134661,36.51168,0.8486534
data\processed\bfw\asian\n003449\0073_01.jpg,data\processed\bfw\asian\n003449\0083_01.jpg,n003449,n003449,asian,asian,females,females,,,1,0.26636982,32.118664,0.7336302
data\processed\bfw\asian\n004785\0145_01.jpg,data\processed\bfw\asian\n004785\0167_02.jpg,n004785,n004785,asian,asian,females,females,,,1,0.49476045,26.38962,0.50523955
data\processed\bfw\asian\n003489\0005_01.jpg,data\processed\bfw\asian\n004721\0321_01.jpg,n003489,n004721,asian,asian,males,males,,,0,-0.12304539,39.939404,1.1230454
data\processed\bfw\asian\n007899\0172_04.jpg,data\processed\bfw\asian\n007899\0212_01.jpg,n007899,n007899,asian,asian,females,females,,,1,0.27648467,31.941177,0.72351533
data\processed\bfw\asian\n004725\0041_01.jpg,data\processed\bfw\asian\n004725\0070_01.jpg,n004725,n004725,asian,asian,males,males,,,1,0.70780396,26.504389,0.29219604
data\processed\bfw\asian\n007372\0252_01.jpg,data\processed\bfw\asian\n000143\0272_01.jpg,n007372,n000143,asian,asian,females,females,,,0,0.14150518,38.580128,0.8584948
data\processed\bfw\asian\n000160\0111_01.jpg,data\processed\bfw\asian\n004549\0169_02.jpg,n000160,n004549,asian,asian,females,females,,,0,-0.1155135,40.956985,1.1155136
data\processed\bfw\asian\n003635\0109_04.jpg,data\processed\bfw\asian\n002331\0029_01.jpg,n003635,n002331,asian,asian,males,males,,,0,0.0089192195,40.38528,0.99108076
data\processed\bfw\asian\n003506\0319_01.jpg,data\processed\bfw\asian\n009287\0262_01.jpg,n003506,n009287,asian,asian,females,females,,,0,0.044419046,37.76548,0.95558095
data\processed\bfw\asian\n003824\0262_01.jpg,data\processed\bfw\asian\n004686\0271_01.jpg,n003824,n004686,asian,asian,females,males,,,0,-0.047086816,36.241302,1.0470868
data\processed\bfw\asian\n004687\0031_01.jpg,data\processed\bfw\asian\n004687\0319_02.jpg,n004687,n004687,asian,asian,females,females,,,1,0.35109073,31.154352,0.6489093
data\processed\bfw\asian\n001562\0165_02.jpg,data\processed\bfw\asian\n001562\0198_02.jpg,n001562,n001562,asian,asian,males,males,,,1,0.52469635,30.595299,0.47530365
data\processed\bfw\asian\n005083\0109_01.jpg,data\processed\bfw\asian\n005083\0358_01.jpg,n005083,n005083,asian,asian,females,females,,,1,0.5331522,23.108263,0.46684778
data\processed\bfw\asian\n003533\0172_01.jpg,data\processed\bfw\asian\n003533\0571_01.jpg,n003533,n003533,asian,asian,males,males,,,1,0.16879319,39.94051,0.8312068
data\processed\bfw\asian\n005078\0227_03.jpg,data\processed\bfw\asian\n005078\0663_03.jpg,n005078,n005078,asian,asian,males,males,,,1,-0.05731957,51.167145,1.0573195
data\processed\bfw\asian\n007385\0432_01.jpg,data\processed\bfw\asian\n007385\0674_01.jpg,n007385,n007385,asian,asian,females,females,,,1,0.16667414,32.383896,0.83332586
data\processed\bfw\asian\n004686\0384_01.jpg,data\processed\bfw\asian\n005085\0401_01.jpg,n004686,n005085,asian,asian,males,females,,,0,-0.015225795,36.25912,1.0152258
data\processed\bfw\asian\n003482\0021_02.jpg,data\processed\bfw\asian\n003482\0090_02.jpg,n003482,n003482,asian,asian,males,males,,,1,0.5800791,29.593895,0.41992092
data\processed\bfw\asian\n002552\0350_01.jpg,data\processed\bfw\asian\n000143\0406_01.jpg,n002552,n000143,asian,asian,males,females,,,0,-0.078087814,38.747276,1.0780878
data\processed\bfw\asian\n004877\0317_02.jpg,data\processed\bfw\asian\n004785\0145_01.jpg,n004877,n004785,asian,asian,females,females,,,0,0.14905135,35.19848,0.85094863
data\processed\bfw\asian\n002725\0007_03.jpg,data\processed\bfw\asian\n003481\0215_01.jpg,n002725,n003481,asian,asian,females,females,,,0,0.054636806,40.41888,0.94536316
data\processed\bfw\asian\n004935\0038_01.jpg,data\processed\bfw\asian\n004935\0287_01.jpg,n004935,n004935,asian,asian,males,males,,,1,0.63067317,24.762693,0.36932683
data\processed\bfw\asian\n004930\0282_01.jpg,data\processed\bfw\asian\n007899\0084_02.jpg,n004930,n007899,asian,asian,females,females,,,0,0.08409522,37.67453,0.91590476
data\processed\bfw\asian\n007380\0087_01.jpg,data\processed\bfw\asian\n004794\0015_01.jpg,n007380,n004794,asian,asian,females,males,,,0,0.16418068,36.43084,0.8358193
data\processed\bfw\asian\n003533\0574_01.jpg,data\processed\bfw\asian\n003533\0615_01.jpg,n003533,n003533,asian,asian,males,males,,,1,0.17991015,39.301434,0.8200898
data\processed\bfw\asian\n009279\0185_01.jpg,data\processed\bfw\asian\n009279\0393_04.jpg,n009279,n009279,asian,asian,females,females,,,1,0.14819686,35.12994,0.8518031
data\processed\bfw\asian\n005069\0022_01.jpg,data\processed\bfw\asian\n005069\0098_01.jpg,n005069,n005069,asian,asian,females,females,,,1,0.12207042,37.457672,0.87792957
data\processed\bfw\asian\n006203\0130_01.jpg,data\processed\bfw\asian\n006203\0148_03.jpg,n006203,n006203,asian,asian,females,females,,,1,-0.004095149,39.200783,1.0040952
data\processed\bfw\asian\n004930\0044_01.jpg,data\processed\bfw\asian\n004930\0144_02.jpg,n004930,n004930,asian,asian,females,females,,,1,0.17419007,38.020966,0.82580996
data\processed\bfw\asian\n004108\0529_01.jpg,data\processed\bfw\asian\n008383\0138_01.jpg,n004108,n008383,asian,asian,males,females,,,0,-0.07740222,37.057785,1.0774022
data\processed\bfw\asian\n000138\0067_01.jpg,data\processed\bfw\asian\n000840\0036_03.jpg,n000138,n000840,asian,asian,females,females,,,0,0.2095997,31.082127,0.79040027
data\processed\bfw\asian\n007380\0320_01.jpg,data\processed\bfw\asian\n007380\0525_01.jpg,n007380,n007380,asian,asian,females,females,,,1,-0.0053842203,39.287636,1.0053842
data\processed\bfw\asian\n004467\0504_01.jpg,data\processed\bfw\asian\n003357\0042_01.jpg,n004467,n003357,asian,asian,males,females,,,0,0.07685545,35.474815,0.9231446
data\processed\bfw\asian\n004794\0367_01.jpg,data\processed\bfw\asian\n004794\0644_01.jpg,n004794,n004794,asian,asian,males,males,,,1,0.019533237,39.06726,0.9804668
data\processed\bfw\asian\n000132\0234_01__face_0.jpg,data\processed\bfw\asian\n000132\0299_02__face_0.jpg,n000132,n000132,asian,asian,males,males,,,1,0.18465795,38.436733,0.81534207
data\processed\bfw\asian\n000839\0251_01.jpg,data\processed\bfw\asian\n003156\0119_01.jpg,n000839,n003156,asian,asian,females,males,,,0,-0.11179069,42.211777,1.1117907
data\processed\bfw\asian\n003358\0224_10.jpg,data\processed\bfw\asian\n001496\0133_01.jpg,n003358,n001496,asian,asian,females,males,,,0,-0.06092532,42.867252,1.0609254
data\processed\bfw\asian\n000838\0040_02.jpg,data\processed\bfw\asian\n000838\0066_01.jpg,n000838,n000838,asian,asian,females,females,,,1,0.30689278,36.34902,0.69310725
data\processed\bfw\asian\n000872\0109_01.jpg,data\processed\bfw\asian\n000872\0581_01.jpg,n000872,n000872,asian,asian,males,males,,,1,0.36716375,34.599922,0.6328362
data\processed\bfw\asian\n004108\0188_01.jpg,data\processed\bfw\asian\n004108\0239_01.jpg,n004108,n004108,asian,asian,males,males,,,1,0.14359553,35.599552,0.8564045
data\processed\bfw\asian\n008163\0035_02.jpg,data\processed\bfw\asian\n005078\0279_02.jpg,n008163,n005078,asian,asian,females,males,,,0,0.12270908,39.624332,0.8772909
data\processed\bfw\asian\n004791\0152_02.jpg,data\processed\bfw\asian\n006149\0086_01.jpg,n004791,n006149,asian,asian,males,females,,,0,-0.0067703137,40.513657,1.0067704
data\processed\bfw\asian\n007664\0065_01.jpg,data\processed\bfw\asian\n006223\0519_01.jpg,n007664,n006223,asian,asian,females,females,,,0,0.06286956,34.812843,0.93713045
data\processed\bfw\asian\n009148\0083_01.jpg,data\processed\bfw\asian\n007385\0469_01.jpg,n009148,n007385,asian,asian,females,females,,,0,0.08520206,39.36453,0.91479796
data\processed\bfw\asian\n002552\0040_01.jpg,data\processed\bfw\asian\n002552\0059_01.jpg,n002552,n002552,asian,asian,males,males,,,1,0.53577244,27.239357,0.46422756
data\processed\bfw\asian\n000840\0041_01.jpg,data\processed\bfw\asian\n004794\0019_03.jpg,n000840,n004794,asian,asian,females,males,,,0,0.02380571,36.067394,0.97619426
data\processed\bfw\asian\n001562\0207_01.jpg,data\processed\bfw\asian\n000132\0054_01__face_0.jpg,n001562,n000132,asian,asian,males,males,,,0,0.010975126,41.12881,0.9890249
data\processed\bfw\asian\n004786\0795_01.jpg,data\processed\bfw\asian\n006148\0027_01.jpg,n004786,n006148,asian,asian,females,females,,,0,0.02493065,36.113087,0.97506934
data\processed\bfw\asian\n007372\0148_01.jpg,data\processed\bfw\asian\n007372\0247_01.jpg,n007372,n007372,asian,asian,females,females,,,1,0.4790576,28.563702,0.5209424
data\processed\bfw\asian\n006126\0179_01.jpg,data\processed\bfw\asian\n003467\0146_02.jpg,n006126,n003467,asian,asian,females,females,,,0,0.10258446,34.620777,0.8974155
data\processed\bfw\asian\n004785\0082_01.jpg,data\processed\bfw\asian\n004785\0357_02.jpg,n004785,n004785,asian,asian,females,females,,,1,0.35772195,33.288044,0.6422781
data\processed\bfw\asian\n009103\0291_01.jpg,data\processed\bfw\asian\n009103\0700_03.jpg,n009103,n009103,asian,asian,females,females,,,1,0.35998067,33.080803,0.6400193
data\processed\bfw\asian\n009125\0321_01.jpg,data\processed\bfw\asian\n009125\0363_01.jpg,n009125,n009125,asian,asian,females,females,,,1,0.25480372,31.415258,0.7451963
data\processed\bfw\asian\n004680\0175_01.jpg,data\processed\bfw\asian\n004680\0180_01.jpg,n004680,n004680,asian,asian,females,females,,,1,0.47017032,31.999403,0.5298297
data\processed\bfw\asian\n003162\0258_02.jpg,data\processed\bfw\asian\n003162\0459_01.jpg,n003162,n003162,asian,asian,males,males,,,1,-0.037315838,46.40331,1.0373158
data\processed\bfw\asian\n005474\0110_01.jpg,data\processed\bfw\asian\n007664\0133_01.jpg,n005474,n007664,asian,asian,females,females,,,0,0.059543878,33.74472,0.94045615
data\processed\bfw\asian\n003162\0258_02.jpg,data\processed\bfw\asian\n003162\0508_01.jpg,n003162,n003162,asian,asian,males,males,,,1,0.05262479,44.004993,0.9473752
data\processed\bfw\asian\n004786\0135_01.jpg,data\processed\bfw\asian\n004681\0233_01.jpg,n004786,n004681,asian,asian,females,males,,,0,0.027101548,37.345474,0.9728984
data\processed\bfw\asian\n003358\0149_01.jpg,data\processed\bfw\asian\n003167\0037_01.jpg,n003358,n003167,asian,asian,females,males,,,0,-0.05511513,39.428177,1.0551151
data\processed\bfw\asian\n006148\0030_01.jpg,data\processed\bfw\asian\n006148\0595_02.jpg,n006148,n006148,asian,asian,females,females,,,1,0.31231603,30.814693,0.68768394
data\processed\bfw\asian\n000856\0012_01.jpg,data\processed\bfw\asian\n000856\0110_02.jpg,n000856,n000856,asian,asian,females,females,,,1,0.13558285,34.836235,0.86441714
data\processed\bfw\asian\n009275\0238_02.jpg,data\processed\bfw\asian\n009275\0397_05.jpg,n009275,n009275,asian,asian,females,females,,,1,0.22578749,32.077816,0.7742125
data\processed\bfw\asian\n007738\0114_01.jpg,data\processed\bfw\asian\n007738\0158_02.jpg,n007738,n007738,asian,asian,females,females,,,1,0.19871956,34.34286,0.80128044
data\processed\bfw\asian\n007738\0158_02.jpg,data\processed\bfw\asian\n006634\0434_01.jpg,n007738,n006634,asian,asian,females,females,,,0,0.012259369,36.93781,0.98774064
data\processed\bfw\asian\n009103\0363_05.jpg,data\processed\bfw\asian\n009103\0657_02.jpg,n009103,n009103,asian,asian,females,females,,,1,0.065887295,35.46692,0.9341127
data\processed\bfw\asian\n004221\0081_01.jpg,data\processed\bfw\asian\n004221\0164_03.jpg,n004221,n004221,asian,asian,males,males,,,1,0.528192,30.997116,0.47180802
data\processed\bfw\asian\n004948\0241_01.jpg,data\processed\bfw\asian\n000135\0045_01.jpg,n004948,n000135,asian,asian,males,females,,,0,-0.030265057,41.113888,1.0302651
data\processed\bfw\asian\n001572\0329_01.jpg,data\processed\bfw\asian\n004472\0053_01.jpg,n001572,n004472,asian,asian,females,females,,,0,0.1674738,33.617195,0.8325262
data\processed\bfw\asian\n007738\0058_02.jpg,data\processed\bfw\asian\n009279\0243_03.jpg,n007738,n009279,asian,asian,females,females,,,0,0.077028394,39.101048,0.9229716
data\processed\bfw\asian\n008934\0050_01.jpg,data\processed\bfw\asian\n008934\0128_01.jpg,n008934,n008934,asian,asian,females,females,,,1,0.40914357,29.534916,0.59085643
data\processed\bfw\asian\n006358\0054_02.jpg,data\processed\bfw\asian\n003557\0459_01.jpg,n006358,n003557,asian,asian,females,females,,,0,0.07557873,39.211044,0.92442125
data\processed\bfw\asian\n006774\0048_01.jpg,data\processed\bfw\asian\n006774\0156_01.jpg,n006774,n006774,asian,asian,females,females,,,1,0.13257568,36.5556,0.8674243
data\processed\bfw\asian\n002509\0095_01.jpg,data\processed\bfw\asian\n004860\0155_01.jpg,n002509,n004860,asian,asian,females,females,,,0,-0.19726983,42.008614,1.1972698
data\processed\bfw\asian\n004681\0020_01.jpg,data\processed\bfw\asian\n005072\0606_01.jpg,n004681,n005072,asian,asian,males,males,,,0,0.11064025,34.453983,0.8893598
data\processed\bfw\asian\n004794\0019_03.jpg,data\processed\bfw\asian\n004794\0143_01.jpg,n004794,n004794,asian,asian,males,males,,,1,0.14772815,35.689716,0.85227185
data\processed\bfw\asian\n009177\0232_01.jpg,data\processed\bfw\asian\n009177\0294_02.jpg,n009177,n009177,asian,asian,females,females,,,1,0.38529217,29.737007,0.6147078
data\processed\bfw\asian\n007814\0098_01.jpg,data\processed\bfw\asian\n007814\0135_01.jpg,n007814,n007814,asian,asian,females,females,,,1,0.40118977,28.622255,0.5988102
data\processed\bfw\asian\n000143\0368_01.jpg,data\processed\bfw\asian\n004794\0540_01.jpg,n000143,n004794,asian,asian,females,males,,,0,-0.030707706,39.066483,1.0307077
data\processed\bfw\asian\n003223\0070_02.jpg,data\processed\bfw\asian\n003223\0185_01.jpg,n003223,n003223,asian,asian,males,males,,,1,0.20663294,34.248047,0.793367
data\processed\bfw\asian\n001976\0077_02.jpg,data\processed\bfw\asian\n001976\0198_01.jpg,n001976,n001976,asian,asian,males,males,,,1,0.6182491,25.967512,0.38175088
data\processed\bfw\asian\n000837\0046_02.jpg,data\processed\bfw\asian\n004469\0124_01.jpg,n000837,n004469,asian,asian,females,males,,,0,-0.11326138,40.992,1.1132613
data\processed\bfw\asian\n009148\0022_01.jpg,data\processed\bfw\asian\n009148\0063_01.jpg,n009148,n009148,asian,asian,females,females,,,1,0.5364962,30.221203,0.46350378
data\processed\bfw\asian\n001496\0127_01.jpg,data\processed\bfw\asian\n003167\0240_01.jpg,n001496,n003167,asian,asian,males,males,,,0,0.163857,40.856842,0.836143
data\processed\bfw\asian\n006634\0034_01.jpg,data\processed\bfw\asian\n006634\0090_01.jpg,n006634,n006634,asian,asian,females,females,,,1,0.3796842,28.825796,0.6203158
data\processed\bfw\asian\n006222\0122_01.jpg,data\processed\bfw\asian\n007270\0097_01.jpg,n006222,n007270,asian,asian,females,females,,,0,0.07097964,37.91807,0.92902035
data\processed\bfw\asian\n008934\0050_01.jpg,data\processed\bfw\asian\n008934\0108_01.jpg,n008934,n008934,asian,asian,females,females,,,1,0.6368332,23.751678,0.3631668
data\processed\bfw\asian\n003354\0036_01.jpg,data\processed\bfw\asian\n009276\0159_02.jpg,n003354,n009276,asian,asian,females,females,,,0,0.04956458,45.30386,0.9504354
data\processed\bfw\asian\n003635\0012_02.jpg,data\processed\bfw\asian\n003635\0624_01.jpg,n003635,n003635,asian,asian,males,males,,,1,0.54844373,31.830532,0.45155627
data\processed\bfw\asian\n005085\0270_01.jpg,data\processed\bfw\asian\n005085\0285_01.jpg,n005085,n005085,asian,asian,females,females,,,1,0.15709953,33.56569,0.84290045
data\processed\bfw\asian\n003463\0125_01.jpg,data\processed\bfw\asian\n000873\0061_01.jpg,n003463,n000873,asian,asian,males,males,,,0,0.14865628,36.54305,0.85134375
data\processed\bfw\asian\n000856\0053_01.jpg,data\processed\bfw\asian\n007372\0152_01.jpg,n000856,n007372,asian,asian,females,females,,,0,0.083753206,40.008057,0.9162468
data\processed\bfw\asian\n004467\0638_01.jpg,data\processed\bfw\asian\n000135\0255_01.jpg,n004467,n000135,asian,asian,males,females,,,0,-0.10296783,36.67125,1.1029679
data\processed\bfw\asian\n007089\0105_01.jpg,data\processed\bfw\asian\n003358\0318_01.jpg,n007089,n003358,asian,asian,females,females,,,0,0.043352056,35.48649,0.95664793
data\processed\bfw\asian\n000160\0075_01.jpg,data\processed\bfw\asian\n005116\0064_04.jpg,n000160,n005116,asian,asian,females,males,,,0,0.07675853,37.83699,0.9232415
data\processed\bfw\asian\n004721\0200_01.jpg,data\processed\bfw\asian\n004721\0505_01.jpg,n004721,n004721,asian,asian,males,males,,,1,0.07567448,40.8805,0.9243255
data\processed\bfw\asian\n006418\0023_01.jpg,data\processed\bfw\asian\n006418\0129_01.jpg,n006418,n006418,asian,asian,females,females,,,1,0.13071103,32.826393,0.869289
data\processed\bfw\asian\n003465\0047_01.jpg,data\processed\bfw\asian\n001496\0128_03.jpg,n003465,n001496,asian,asian,males,males,,,0,0.16016005,37.541515,0.83983994
data\processed\bfw\asian\n002331\0003_02.jpg,data\processed\bfw\asian\n002331\0035_03.jpg,n002331,n002331,asian,asian,males,males,,,1,0.47112915,32.743484,0.5288708
data\processed\bfw\asian\n009279\0185_01.jpg,data\processed\bfw\asian\n004725\0006_01.jpg,n009279,n004725,asian,asian,females,males,,,0,0.033556823,43.861984,0.9664432
data\processed\bfw\asian\n004680\0008_01.jpg,data\processed\bfw\asian\n004680\0185_01.jpg,n004680,n004680,asian,asian,females,females,,,1,0.2560694,31.067467,0.7439306
data\processed\bfw\asian\n009125\0051_02.jpg,data\processed\bfw\asian\n009125\0209_01.jpg,n009125,n009125,asian,asian,females,females,,,1,0.41493008,29.440742,0.5850699
data\processed\bfw\asian\n004472\0083_01.jpg,data\processed\bfw\asian\n009041\0118_01.jpg,n004472,n009041,asian,asian,females,females,,,0,0.0424004,38.914703,0.9575996
data\processed\bfw\asian\n000160\0111_01.jpg,data\processed\bfw\asian\n000160\0278_01.jpg,n000160,n000160,asian,asian,females,females,,,1,0.038139384,36.360737,0.9618606
data\processed\bfw\asian\n003027\0047_01.jpg,data\processed\bfw\asian\n004472\0295_03.jpg,n003027,n004472,asian,asian,males,females,,,0,0.1460089,37.95826,0.8539911
data\processed\bfw\asian\n004794\0124_03.jpg,data\processed\bfw\asian\n005063\0231_02.jpg,n004794,n005063,asian,asian,males,females,,,0,0.012607908,40.72546,0.98739207
data\processed\bfw\asian\n003467\0130_03.jpg,data\processed\bfw\asian\n003354\0098_01.jpg,n003467,n003354,asian,asian,females,females,,,0,0.12048761,34.914574,0.87951237
data\processed\bfw\asian\n000161\0338_01.jpg,data\processed\bfw\asian\n001976\0028_01.jpg,n000161,n001976,asian,asian,males,males,,,0,0.11293758,35.992817,0.88706243
data\processed\bfw\asian\n002552\0156_02.jpg,data\processed\bfw\asian\n006126\0197_01.jpg,n002552,n006126,asian,asian,males,females,,,0,0.09845655,36.726536,0.90154344
data\processed\bfw\asian\n002552\0400_01.jpg,data\processed\bfw\asian\n002552\0532_01.jpg,n002552,n002552,asian,asian,males,males,,,1,0.11366196,37.15651,0.88633806
data\processed\bfw\asian\n004870\0098_01.jpg,data\processed\bfw\asian\n006148\0074_01.jpg,n004870,n006148,asian,asian,females,females,,,0,-0.045739926,42.750515,1.0457399
data\processed\bfw\asian\n000158\0005_05.jpg,data\processed\bfw\asian\n000158\0211_05.jpg,n000158,n000158,asian,asian,males,males,,,1,0.5519721,31.627226,0.4480279
data\processed\bfw\asian\n009275\0323_03.jpg,data\processed\bfw\asian\n007664\0810_01.jpg,n009275,n007664,asian,asian,females,females,,,0,0.12440926,36.142853,0.87559074
data\processed\bfw\asian\n004469\0043_05.jpg,data\processed\bfw\asian\n004469\0140_03.jpg,n004469,n004469,asian,asian,males,males,,,1,0.63368803,26.930435,0.36631197
data\processed\bfw\asian\n003449\0118_08.jpg,data\processed\bfw\asian\n003449\0197_01.jpg,n003449,n003449,asian,asian,females,females,,,1,0.046637796,35.77641,0.9533622
data\processed\bfw\asian\n006418\0075_02.jpg,data\processed\bfw\asian\n006418\0377_02.jpg,n006418,n006418,asian,asian,females,females,,,1,0.10274351,34.503216,0.8972565
data\processed\bfw\asian\n003162\0188_01.jpg,data\processed\bfw\asian\n003162\0379_02.jpg,n003162,n003162,asian,asian,males,males,,,1,0.62450385,29.829744,0.37549615
data\processed\bfw\asian\n004469\0048_02.jpg,data\processed\bfw\asian\n002406\0253_01.jpg,n004469,n002406,asian,asian,males,males,,,0,-0.14442177,46.69195,1.1444218
data\processed\bfw\asian\n001496\0133_01.jpg,data\processed\bfw\asian\n006633\0489_04.jpg,n001496,n006633,asian,asian,males,females,,,0,-0.04498504,38.955105,1.044985
data\processed\bfw\asian\n000856\0044_01.jpg,data\processed\bfw\asian\n001562\0110_02.jpg,n000856,n001562,asian,asian,females,males,,,0,0.08014429,40.459824,0.9198557
data\processed\bfw\asian\n006149\0275_01.jpg,data\processed\bfw\asian\n006203\0088_01.jpg,n006149,n006203,asian,asian,females,females,,,0,0.084467396,35.039253,0.9155326
data\processed\bfw\asian\n000135\0039_04.jpg,data\processed\bfw\asian\n000135\0101_01.jpg,n000135,n000135,asian,asian,females,females,,,1,0.20729542,34.017483,0.7927046
data\processed\bfw\asian\n004800\0281_01.jpg,data\processed\bfw\asian\n004794\0143_01.jpg,n004800,n004794,asian,asian,males,males,,,0,0.061634514,33.658325,0.93836546
data\processed\bfw\asian\n003354\0078_01.jpg,data\processed\bfw\asian\n003354\0346_02.jpg,n003354,n003354,asian,asian,females,females,,,1,0.09110626,40.861034,0.90889376
data\processed\bfw\asian\n000837\0233_03.jpg,data\processed\bfw\asian\n009288\0063_01.jpg,n000837,n009288,asian,asian,females,females,,,0,0.090733744,39.647514,0.90926623
data\processed\bfw\asian\n006418\1052_03.jpg,data\processed\bfw\asian\n005078\0091_03.jpg,n006418,n005078,asian,asian,females,males,,,0,0.010453266,41.61384,0.9895467
data\processed\bfw\asian\n004787\0692_01.jpg,data\processed\bfw\asian\n000161\0141_02.jpg,n004787,n000161,asian,asian,females,males,,,0,0.072043076,40.225586,0.92795694
data\processed\bfw\asian\n007738\0172_01.jpg,data\processed\bfw\asian\n007738\0239_01.jpg,n007738,n007738,asian,asian,females,females,,,1,0.31693637,33.762756,0.6830636
data\processed\bfw\asian\n004787\0264_01.jpg,data\processed\bfw\asian\n004787\0357_01.jpg,n004787,n004787,asian,asian,females,females,,,1,0.39825428,29.705122,0.6017457
data\processed\bfw\asian\n004467\0227_04.jpg,data\processed\bfw\asian\n000139\0304_02.jpg,n004467,n000139,asian,asian,males,females,,,0,0.018780796,40.055733,0.98121923
data\processed\bfw\asian\n004936\0275_01.jpg,data\processed\bfw\asian\n004936\0469_01.jpg,n004936,n004936,asian,asian,females,females,,,1,0.05436821,42.05891,0.9456318
data\processed\bfw\asian\n002509\0243_01.jpg,data\processed\bfw\asian\n009177\0024_01.jpg,n002509,n009177,asian,asian,females,females,,,0,0.104672976,35.216705,0.89532703
data\processed\bfw\asian\n000839\0197_01.jpg,data\processed\bfw\asian\n004794\0255_01.jpg,n000839,n004794,asian,asian,females,males,,,0,0.15741418,38.549694,0.8425858
data\processed\bfw\asian\n004549\0213_01.jpg,data\processed\bfw\asian\n004936\0102_01.jpg,n004549,n004936,asian,asian,females,females,,,0,-0.13242891,37.929535,1.1324289
data\processed\bfw\asian\n004860\0091_02.jpg,data\processed\bfw\asian\n004860\0107_01.jpg,n004860,n004860,asian,asian,females,females,,,1,0.11659306,34.58703,0.88340694
data\processed\bfw\asian\n000138\0078_01.jpg,data\processed\bfw\asian\n003482\0098_01.jpg,n000138,n003482,asian,asian,females,males,,,0,0.0056499247,43.06633,0.9943501
data\processed\bfw\asian\n005069\0135_01.jpg,data\processed\bfw\asian\n005069\0234_01.jpg,n005069,n005069,asian,asian,females,females,,,1,-0.06251669,39.582096,1.0625167
data\processed\bfw\asian\n003027\0028_01.jpg,data\processed\bfw\asian\n003027\0098_01.jpg,n003027,n003027,asian,asian,males,males,,,1,0.68310624,25.574945,0.31689376
data\processed\bfw\asian\n004469\0092_01.jpg,data\processed\bfw\asian\n004681\0206_01.jpg,n004469,n004681,asian,asian,males,males,,,0,0.25892618,35.85449,0.74107385
data\processed\bfw\asian\n004472\0093_01.jpg,data\processed\bfw\asian\n004472\0485_01.jpg,n004472,n004472,asian,asian,females,females,,,1,0.20913474,35.0612,0.79086524
data\processed\bfw\asian\n007372\0091_01.jpg,data\processed\bfw\asian\n007372\0112_05.jpg,n007372,n007372,asian,asian,females,females,,,1,0.5549178,27.24576,0.4450822
data\processed\bfw\asian\n004948\0212_01.jpg,data\processed\bfw\asian\n004948\0401_02.jpg,n004948,n004948,asian,asian,males,males,,,1,-0.020818109,44.370476,1.0208181
data\processed\bfw\asian\n004800\0390_01.jpg,data\processed\bfw\asian\n003449\0072_01.jpg,n004800,n003449,asian,asian,males,females,,,0,0.11243943,33.955357,0.88756055
data\processed\bfw\asian\n009294\0031_03.jpg,data\processed\bfw\asian\n004108\0104_01.jpg,n009294,n004108,asian,asian,females,males,,,0,0.030153753,42.527256,0.96984625
data\processed\bfw\asian\n004467\0504_01.jpg,data\processed\bfw\asian\n000856\0079_01.jpg,n004467,n000856,asian,asian,males,females,,,0,-0.019294769,39.034412,1.0192947
data\processed\bfw\asian\n008401\0166_01.jpg,data\processed\bfw\asian\n008401\0334_01.jpg,n008401,n008401,asian,asian,females,females,,,1,0.16615643,37.091774,0.8338436
data\processed\bfw\asian\n006774\0048_01.jpg,data\processed\bfw\asian\n000132\0299_02__face_0.jpg,n006774,n000132,asian,asian,females,males,,,0,0.022128485,39.70028,0.97787154
data\processed\bfw\asian\n009279\0021_01.jpg,data\processed\bfw\asian\n009279\0025_01.jpg,n009279,n009279,asian,asian,females,females,,,1,0.4604432,28.510649,0.5395568
data\processed\bfw\asian\n005071\0136_02.jpg,data\processed\bfw\asian\n005071\0258_01.jpg,n005071,n005071,asian,asian,males,males,,,1,0.268147,32.461937,0.731853
data\processed\bfw\asian\n005078\0202_01.jpg,data\processed\bfw\asian\n005078\0298_01.jpg,n005078,n005078,asian,asian,males,males,,,1,0.2897435,38.350163,0.71025646
data\processed\bfw\asian\n005063\0083_01.jpg,data\processed\bfw\asian\n005063\0085_01.jpg,n005063,n005063,asian,asian,females,females,,,1,0.4466723,28.30461,0.5533277
data\processed\bfw\asian\n000148\0306_01.jpg,data\processed\bfw\asian\n006149\0197_02.jpg,n000148,n006149,asian,asian,females,females,,,0,0.035789255,38.376724,0.96421075
data\processed\bfw\asian\n003153\0069_02.jpg,data\processed\bfw\asian\n003153\0250_01.jpg,n003153,n003153,asian,asian,females,females,,,1,0.44932222,29.03639,0.5506778
data\processed\bfw\asian\n000872\0188_01.jpg,data\processed\bfw\asian\n007814\0048_01.jpg,n000872,n007814,asian,asian,males,females,,,0,0.03606355,38.06971,0.96393645
data\processed\bfw\asian\n000148\0016_01.jpg,data\processed\bfw\asian\n000148\0207_01.jpg,n000148,n000148,asian,asian,females,females,,,1,0.2139894,28.913553,0.7860106
data\processed\bfw\asian\n009288\0180_01.jpg,data\processed\bfw\asian\n009275\0049_01.jpg,n009288,n009275,asian,asian,females,females,,,0,-0.06624657,38.926834,1.0662465
data\processed\bfw\asian\n006774\0084_01.jpg,data\processed\bfw\asian\n006126\0474_01.jpg,n006774,n006126,asian,asian,females,females,,,0,0.06206852,39.251923,0.9379315
data\processed\bfw\asian\n003506\0014_01.jpg,data\processed\bfw\asian\n003506\0177_01.jpg,n003506,n003506,asian,asian,females,females,,,1,0.4773361,27.800665,0.5226639
data\processed\bfw\asian\n009277\0031_01.jpg,data\processed\bfw\asian\n009277\0496_01.jpg,n009277,n009277,asian,asian,females,females,,,1,0.12982826,32.234097,0.8701717
data\processed\bfw\asian\n009287\0029_01.jpg,data\processed\bfw\asian\n009287\0256_04.jpg,n009287,n009287,asian,asian,females,females,,,1,-0.06375024,47.89376,1.0637503
data\processed\bfw\asian\n009288\0107_01.jpg,data\processed\bfw\asian\n003357\0001_01.jpg,n009288,n003357,asian,asian,females,females,,,0,-0.013001101,42.519688,1.0130011
data\processed\bfw\asian\n000148\0306_01.jpg,data\processed\bfw\asian\n000148\0353_01.jpg,n000148,n000148,asian,asian,females,females,,,1,0.34184593,30.623554,0.6581541
data\processed\bfw\asian\n004860\0059_01.jpg,data\processed\bfw\asian\n004794\0163_01.jpg,n004860,n004794,asian,asian,females,males,,,0,0.12249204,32.685936,0.877508
data\processed\bfw\asian\n004680\0007_01.jpg,data\processed\bfw\asian\n004680\0180_01.jpg,n004680,n004680,asian,asian,females,females,,,1,0.29337832,34.042637,0.70662165
data\processed\bfw\asian\n004860\0091_02.jpg,data\processed\bfw\asian\n004860\0171_07.jpg,n004860,n004860,asian,asian,females,females,,,1,0.24286722,33.324753,0.75713277
data\processed\bfw\asian\n000137\0051_02.jpg,data\processed\bfw\asian\n009041\0091_06.jpg,n000137,n009041,asian,asian,females,females,,,0,-0.056562904,44.904957,1.0565629
data\processed\bfw\asian\n001864\0071_01.jpg,data\processed\bfw\asian\n004877\0073_01.jpg,n001864,n004877,asian,asian,males,females,,,0,0.051670827,38.785984,0.94832915
data\processed\bfw\asian\n003467\0118_01.jpg,data\processed\bfw\asian\n000139\0016_01.jpg,n003467,n000139,asian,asian,females,females,,,0,0.07787145,37.53168,0.92212856
data\processed\bfw\asian\n000854\0228_01.jpg,data\processed\bfw\asian\n000854\0543_01.jpg,n000854,n000854,asian,asian,females,females,,,1,0.21743388,32.441067,0.78256613
data\processed\bfw\asian\n006149\0153_01.jpg,data\processed\bfw\asian\n001976\0100_02.jpg,n006149,n001976,asian,asian,females,males,,,0,0.08321227,35.473904,0.91678774
data\processed\bfw\asian\n004948\0034_01.jpg,data\processed\bfw\asian\n003449\0210_04.jpg,n004948,n003449,asian,asian,males,females,,,0,0.07165857,37.785034,0.92834145
data\processed\bfw\asian\n009287\0143_01.jpg,data\processed\bfw\asian\n005077\0020_01.jpg,n009287,n005077,asian,asian,females,females,,,0,0.057113033,39.39869,0.94288695
data\processed\bfw\asian\n006774\0130_01.jpg,data\processed\bfw\asian\n006203\0092_06.jpg,n006774,n006203,asian,asian,females,females,,,0,0.0046199756,38.948845,0.99538004
data\processed\bfw\asian\n000143\0002_01.jpg,data\processed\bfw\asian\n005077\0052_01.jpg,n000143,n005077,asian,asian,females,females,,,0,0.13051641,32.601463,0.8694836
data\processed\bfw\asian\n004936\0469_01.jpg,data\processed\bfw\asian\n003506\0115_01.jpg,n004936,n003506,asian,asian,females,females,,,0,0.08944448,42.109623,0.91055554
data\processed\bfw\asian\n005378\0090_01.jpg,data\processed\bfw\asian\n005378\0222_01.jpg,n005378,n005378,asian,asian,females,females,,,1,0.31023493,33.657738,0.6897651
data\processed\bfw\asian\n003533\0080_02.jpg,data\processed\bfw\asian\n003533\0574_01.jpg,n003533,n003533,asian,asian,males,males,,,1,0.44134644,33.464554,0.5586536
data\processed\bfw\asian\n003481\0194_01.jpg,data\processed\bfw\asian\n003481\0345_01.jpg,n003481,n003481,asian,asian,females,females,,,1,0.18772149,34.9274,0.8122785
data\processed\bfw\asian\n005378\0255_01.jpg,data\processed\bfw\asian\n004467\0087_01.jpg,n005378,n004467,asian,asian,females,males,,,0,0.06848579,38.185734,0.9315142
data\processed\bfw\asian\n004948\0241_01.jpg,data\processed\bfw\asian\n009103\0291_01.jpg,n004948,n009103,asian,asian,males,females,,,0,0.07505139,37.96337,0.92494863
data\processed\bfw\asian\n006418\0377_02.jpg,data\processed\bfw\asian\n005177\0045_01.jpg,n006418,n005177,asian,asian,females,males,,,0,0.024055718,37.411102,0.9759443
data\processed\bfw\asian\n004472\0332_01.jpg,data\processed\bfw\asian\n002775\0121_01.jpg,n004472,n002775,asian,asian,females,males,,,0,-0.14161587,39.59841,1.1416159
data\processed\bfw\asian\n003533\0050_01.jpg,data\processed\bfw\asian\n000135\0034_01.jpg,n003533,n000135,asian,asian,males,females,,,0,-0.15195268,47.704357,1.1519527
data\processed\bfw\asian\n005078\0024_01.jpg,data\processed\bfw\asian\n009279\0025_01.jpg,n005078,n009279,asian,asian,males,females,,,0,0.112042315,40.52992,0.8879577
data\processed\bfw\asian\n004469\0092_01.jpg,data\processed\bfw\asian\n003533\0100_02.jpg,n004469,n003533,asian,asian,males,males,,,0,3.0983865e-05,42.248905,0.999969
data\processed\bfw\asian\n003355\0056_01.jpg,data\processed\bfw\asian\n003355\0620_01.jpg,n003355,n003355,asian,asian,males,males,,,1,0.5087112,25.964983,0.49128878
data\processed\bfw\asian\n007814\0079_01.jpg,data\processed\bfw\asian\n006126\0128_01.jpg,n007814,n006126,asian,asian,females,females,,,0,0.22239698,30.50058,0.77760303
data\processed\bfw\asian\n005063\0027_01.jpg,data\processed\bfw\asian\n006358\0347_02.jpg,n005063,n006358,asian,asian,females,females,,,0,0.09231984,40.611362,0.90768015
data\processed\bfw\asian\n003463\0223_02.jpg,data\processed\bfw\asian\n004472\0484_01.jpg,n003463,n004472,asian,asian,males,females,,,0,0.07911449,38.65103,0.9208855
data\processed\bfw\asian\n004805\0065_01.jpg,data\processed\bfw\asian\n004805\0612_01.jpg,n004805,n004805,asian,asian,males,males,,,1,0.3573291,31.354923,0.64267087
data\processed\bfw\asian\n005077\0094_01.jpg,data\processed\bfw\asian\n005077\0246_01.jpg,n005077,n005077,asian,asian,females,females,,,1,0.2718869,33.114796,0.7281131
data\processed\bfw\asian\n000009\0010_01.jpg,data\processed\bfw\asian\n006223\0126_01.jpg,n000009,n006223,asian,asian,females,females,,,0,0.40750197,27.365864,0.59249806
data\processed\bfw\asian\n006148\0031_01.jpg,data\processed\bfw\asian\n006148\0400_01.jpg,n006148,n006148,asian,asian,females,females,,,1,-0.018689219,44.12567,1.0186893
data\processed\bfw\asian\n003557\0088_04.jpg,data\processed\bfw\asian\n003557\0118_01.jpg,n003557,n003557,asian,asian,females,females,,,1,0.2807242,28.93843,0.71927583
data\processed\bfw\asian\n002644\0298_01.jpg,data\processed\bfw\asian\n002644\0497_02.jpg,n002644,n002644,asian,asian,males,males,,,1,0.2731834,35.82193,0.7268166
data\processed\bfw\asian\n005077\0079_01.jpg,data\processed\bfw\asian\n005077\0199_01.jpg,n005077,n005077,asian,asian,females,females,,,1,0.3848752,27.554144,0.6151248
data\processed\bfw\asian\n007664\0053_01.jpg,data\processed\bfw\asian\n005216\0236_01.jpg,n007664,n005216,asian,asian,females,females,,,0,0.08012727,34.330322,0.91987276
data\processed\bfw\asian\n006358\0076_01.jpg,data\processed\bfw\asian\n006358\0125_01.jpg,n006358,n006358,asian,asian,females,females,,,1,0.32844698,39.02792,0.671553
data\processed\bfw\asian\n005078\0295_03.jpg,data\processed\bfw\asian\n007816\0279_01.jpg,n005078,n007816,asian,asian,males,females,,,0,0.089690514,36.36164,0.9103095
data\processed\bfw\asian\n000148\0390_01.jpg,data\processed\bfw\asian\n000148\0408_01.jpg,n000148,n000148,asian,asian,females,females,,,1,0.007191278,42.51502,0.9928087
data\processed\bfw\asian\n003489\0046_02.jpg,data\processed\bfw\asian\n003489\0323_01.jpg,n003489,n003489,asian,asian,males,males,,,1,0.022743296,44.600746,0.9772567
data\processed\bfw\asian\n005085\0679_01.jpg,data\processed\bfw\asian\n004936\0757_01.jpg,n005085,n004936,asian,asian,females,females,,,0,-0.04256129,37.55522,1.0425613
data\processed\bfw\asian\n008163\0022_02.jpg,data\processed\bfw\asian\n008163\0229_01.jpg,n008163,n008163,asian,asian,females,females,,,1,0.5043862,26.14807,0.4956138
data\processed\bfw\asian\n005063\0100_01.jpg,data\processed\bfw\asian\n006619\0098_01.jpg,n005063,n006619,asian,asian,females,females,,,0,-0.0219935,37.279705,1.0219935
data\processed\bfw\asian\n000139\0112_02.jpg,data\processed\bfw\asian\n000139\0298_01.jpg,n000139,n000139,asian,asian,females,females,,,1,0.21356435,35.4918,0.78643566
data\processed\bfw\asian\n009277\0020_01.jpg,data\processed\bfw\asian\n000840\0036_01.jpg,n009277,n000840,asian,asian,females,females,,,0,0.11649506,33.485386,0.8835049
data\processed\bfw\asian\n002406\0048_02.jpg,data\processed\bfw\asian\n002406\0253_01.jpg,n002406,n002406,asian,asian,males,males,,,1,0.015865786,36.846645,0.9841342
data\processed\bfw\asian\n000873\0068_01.jpg,data\processed\bfw\asian\n000873\0119_01.jpg,n000873,n000873,asian,asian,males,males,,,1,0.4380629,29.049452,0.5619371
data\processed\bfw\asian\n004687\0226_01.jpg,data\processed\bfw\asian\n004221\0114_02.jpg,n004687,n004221,asian,asian,females,males,,,0,-0.04320811,38.761677,1.0432081
data\processed\bfw\asian\n008148\0206_01.jpg,data\processed\bfw\asian\n008148\0246_01.jpg,n008148,n008148,asian,asian,females,females,,,1,0.3085511,31.561253,0.6914489
data\processed\bfw\asian\n005116\0041_01.jpg,data\processed\bfw\asian\n005116\0134_02.jpg,n005116,n005116,asian,asian,males,males,,,1,0.49717197,25.839987,0.502828
data\processed\bfw\asian\n009148\0017_01.jpg,data\processed\bfw\asian\n009148\0141_02.jpg,n009148,n009148,asian,asian,females,females,,,1,0.1468945,36.537952,0.8531055
data\processed\bfw\asian\n005085\0061_01.jpg,data\processed\bfw\asian\n005085\0401_01.jpg,n005085,n005085,asian,asian,females,females,,,1,0.32370022,31.071793,0.6762998
data\processed\bfw\asian\n005072\0258_01.jpg,data\processed\bfw\asian\n006159\0007_01.jpg,n005072,n006159,asian,asian,males,females,,,0,-0.11788395,48.802837,1.1178839
data\processed\bfw\asian\n003465\0158_01.jpg,data\processed\bfw\asian\n003557\0217_01.jpg,n003465,n003557,asian,asian,males,females,,,0,0.009955564,36.69513,0.9900444
data\processed\bfw\asian\n007089\0040_03.jpg,data\processed\bfw\asian\n007089\0432_04.jpg,n007089,n007089,asian,asian,females,females,,,1,0.57794964,24.843428,0.42205036
data\processed\bfw\asian\n006633\0522_02.jpg,data\processed\bfw\asian\n006358\0085_04.jpg,n006633,n006358,asian,asian,females,females,,,0,0.122753486,37.23898,0.8772465
data\processed\bfw\asian\n005378\0294_01.jpg,data\processed\bfw\asian\n007378\0474_01.jpg,n005378,n007378,asian,asian,females,females,,,0,-0.08778108,35.002388,1.0877811
data\processed\bfw\asian\n000161\0136_01.jpg,data\processed\bfw\asian\n003167\0240_01.jpg,n000161,n003167,asian,asian,males,males,,,0,-0.028616412,42.81959,1.0286164
data\processed\bfw\asian\n009103\0161_01.jpg,data\processed\bfw\asian\n009103\0274_01.jpg,n009103,n009103,asian,asian,females,females,,,1,0.29719207,32.100143,0.7028079
data\processed\bfw\asian\n000854\0019_02.jpg,data\processed\bfw\asian\n000854\0249_01.jpg,n000854,n000854,asian,asian,females,females,,,1,0.27115843,33.417744,0.72884154
data\processed\bfw\asian\n005077\0054_01.jpg,data\processed\bfw\asian\n005077\0212_01.jpg,n005077,n005077,asian,asian,females,females,,,1,0.24315834,33.003727,0.75684166
data\processed\bfw\asian\n004109\0032_02.jpg,data\processed\bfw\asian\n001976\0458_02.jpg,n004109,n001976,asian,asian,males,males,,,0,0.03838411,42.485588,0.9616159
data\processed\bfw\asian\n005077\0063_01.jpg,data\processed\bfw\asian\n007664\0153_01.jpg,n005077,n007664,asian,asian,females,females,,,0,0.102393866,33.262226,0.89760613
data\processed\bfw\asian\n003467\0118_01.jpg,data\processed\bfw\asian\n000009\0243_01.jpg,n003467,n000009,asian,asian,females,females,,,0,0.08338173,37.851845,0.9166183
data\processed\bfw\asian\n004469\0807_01.jpg,data\processed\bfw\asian\n000856\0044_01.jpg,n004469,n000856,asian,asian,males,females,,,0,0.07289052,39.585163,0.9271095
data\processed\bfw\asian\n000873\0556_01.jpg,data\processed\bfw\asian\n009125\0034_01.jpg,n000873,n009125,asian,asian,males,females,,,0,0.07619812,40.13804,0.9238019
data\processed\bfw\asian\n007664\0053_01.jpg,data\processed\bfw\asian\n001976\0077_02.jpg,n007664,n001976,asian,asian,females,males,,,0,0.08043645,38.665054,0.91956353
data\processed\bfw\asian\n000139\0216_01.jpg,data\processed\bfw\asian\n000139\0309_01.jpg,n000139,n000139,asian,asian,females,females,,,1,0.30529332,33.113503,0.6947067
data\processed\bfw\asian\n004108\0401_02.jpg,data\processed\bfw\asian\n004469\0043_05.jpg,n004108,n004469,asian,asian,males,males,,,0,-0.013335222,42.707428,1.0133352
data\processed\bfw\asian\n004805\0065_01.jpg,data\processed\bfw\asian\n004805\0263_06.jpg,n004805,n004805,asian,asian,males,males,,,1,0.0853729,36.63429,0.9146271
data\processed\bfw\asian\n004809\0013_12.jpg,data\processed\bfw\asian\n004809\0345_01.jpg,n004809,n004809,asian,asian,males,males,,,1,0.17525928,33.75748,0.8247407
data\processed\bfw\asian\n005474\0145_02.jpg,data\processed\bfw\asian\n005474\0162_02.jpg,n005474,n005474,asian,asian,females,females,,,1,0.29760936,31.423683,0.7023907
data\processed\bfw\asian\n006203\0092_06.jpg,data\processed\bfw\asian\n002320\0272_03.jpg,n006203,n002320,asian,asian,females,males,,,0,-0.08572495,40.753433,1.085725
data\processed\bfw\asian\n004686\0085_01.jpg,data\processed\bfw\asian\n004686\0157_01.jpg,n004686,n004686,asian,asian,males,males,,,1,0.478423,28.416176,0.521577
data\processed\bfw\asian\n003481\0053_02.jpg,data\processed\bfw\asian\n006222\0339_01.jpg,n003481,n006222,asian,asian,females,females,,,0,0.11332787,36.367577,0.88667214
data\processed\bfw\asian\n000872\0137_01.jpg,data\processed\bfw\asian\n000837\0020_01.jpg,n000872,n000837,asian,asian,males,females,,,0,-0.17558332,45.21332,1.1755834
data\processed\bfw\asian\n002406\0253_01.jpg,data\processed\bfw\asian\n005474\0239_01.jpg,n002406,n005474,asian,asian,males,females,,,0,0.021294013,36.965996,0.978706
data\processed\bfw\asian\n008148\0029_01.jpg,data\processed\bfw\asian\n008148\0244_01.jpg,n008148,n008148,asian,asian,females,females,,,1,0.127878,32.46763,0.872122
data\processed\bfw\asian\n006222\0122_01.jpg,data\processed\bfw\asian\n003288\0446_01.jpg,n006222,n003288,asian,asian,females,females,,,0,-0.019028215,36.830616,1.0190282
data\processed\bfw\asian\n004870\0007_01.jpg,data\processed\bfw\asian\n005072\0151_01.jpg,n004870,n005072,asian,asian,females,males,,,0,0.16237973,34.98551,0.83762026
data\processed\bfw\asian\n009288\0293_01.jpg,data\processed\bfw\asian\n004809\0117_01.jpg,n009288,n004809,asian,asian,females,males,,,0,-0.017641634,38.097443,1.0176417
data\processed\bfw\asian\n007738\0058_02.jpg,data\processed\bfw\asian\n007738\0499_01.jpg,n007738,n007738,asian,asian,females,females,,,1,0.56454223,27.950676,0.43545777
data\processed\bfw\asian\n004108\0188_01.jpg,data\processed\bfw\asian\n009103\0106_01.jpg,n004108,n009103,asian,asian,males,females,,,0,-0.13961348,40.32704,1.1396135
data\processed\bfw\asian\n000838\0035_01.jpg,data\processed\bfw\asian\n009137\0182_02.jpg,n000838,n009137,asian,asian,females,females,,,0,0.25561753,33.918613,0.7443825
data\processed\bfw\asian\n006633\0025_05.jpg,data\processed\bfw\asian\n006633\0299_01.jpg,n006633,n006633,asian,asian,females,females,,,1,0.36628354,32.16145,0.63371646
data\processed\bfw\asian\n009041\0562_01.jpg,data\processed\bfw\asian\n009275\0238_02.jpg,n009041,n009275,asian,asian,females,females,,,0,-0.03893778,41.59667,1.0389378
data\processed\bfw\asian\n002552\0532_01.jpg,data\processed\bfw\asian\n004785\0603_01.jpg,n002552,n004785,asian,asian,males,females,,,0,-0.011201217,38.47832,1.0112013
data\processed\bfw\asian\n004472\0057_02.jpg,data\processed\bfw\asian\n004472\0258_01.jpg,n004472,n004472,asian,asian,females,females,,,1,0.25189564,32.675243,0.74810433
data\processed\bfw\asian\n004466\0137_01.jpg,data\processed\bfw\asian\n004221\0155_01.jpg,n004466,n004221,asian,asian,males,males,,,0,-0.16783446,44.23896,1.1678345
data\processed\bfw\asian\n003449\0210_04.jpg,data\processed\bfw\asian\n007899\0172_04.jpg,n003449,n007899,asian,asian,females,females,,,0,0.2152185,37.110535,0.7847815
data\processed\bfw\asian\n008163\0041_01.jpg,data\processed\bfw\asian\n008163\0645_01.jpg,n008163,n008163,asian,asian,females,females,,,1,0.40463617,30.3981,0.59536386
data\processed\bfw\asian\n006125\0129_01.jpg,data\processed\bfw\asian\n006125\0215_01.jpg,n006125,n006125,asian,asian,females,females,,,1,0.12709889,34.08981,0.8729011
data\processed\bfw\asian\n005063\0249_05.jpg,data\processed\bfw\asian\n002320\0044_02.jpg,n005063,n002320,asian,asian,females,males,,,0,0.107586525,41.869938,0.8924135
data\processed\bfw\asian\n003358\0166_01.jpg,data\processed\bfw\asian\n003358\0224_10.jpg,n003358,n003358,asian,asian,females,females,,,1,0.29676765,30.754913,0.70323235
data\processed\bfw\asian\n004785\0153_01.jpg,data\processed\bfw\asian\n003506\0019_01.jpg,n004785,n003506,asian,asian,females,females,,,0,0.08680631,37.974434,0.9131937
data\processed\bfw\asian\n000143\0069_01.jpg,data\processed\bfw\asian\n000839\0251_01.jpg,n000143,n000839,asian,asian,females,females,,,0,0.011590975,37.8487,0.98840904
data\processed\bfw\asian\n000856\0044_01.jpg,data\processed\bfw\asian\n000856\0098_01.jpg,n000856,n000856,asian,asian,females,females,,,1,0.6170464,23.922613,0.38295358
data\processed\bfw\asian\n004680\0158_01.jpg,data\processed\bfw\asian\n006148\0074_01.jpg,n004680,n006148,asian,asian,females,females,,,0,0.059097137,42.189285,0.9409029
data\processed\bfw\asian\n006159\0085_01.jpg,data\processed\bfw\asian\n006159\0113_02.jpg,n006159,n006159,asian,asian,females,females,,,1,0.43225527,35.78659,0.56774473
data\processed\bfw\asian\n004681\0206_01.jpg,data\processed\bfw\asian\n005378\0409_02.jpg,n004681,n005378,asian,asian,males,females,,,0,-0.025220728,41.433426,1.0252208
data\processed\bfw\asian\n004109\0032_02.jpg,data\processed\bfw\asian\n004109\0100_01.jpg,n004109,n004109,asian,asian,males,males,,,1,0.34130982,32.157963,0.6586902
data\processed\bfw\asian\n002406\0103_01.jpg,data\processed\bfw\asian\n002406\0156_01.jpg,n002406,n002406,asian,asian,males,males,,,1,0.5114292,25.965788,0.4885708
data\processed\bfw\asian\n006224\0053_01.jpg,data\processed\bfw\asian\n006224\0116_01.jpg,n006224,n006224,asian,asian,females,females,,,1,0.29406792,30.133333,0.7059321
data\processed\bfw\asian\n008148\0040_01.jpg,data\processed\bfw\asian\n003357\0074_01.jpg,n008148,n003357,asian,asian,females,females,,,0,0.07305186,34.24645,0.92694813
data\processed\bfw\asian\n004948\0651_01.jpg,data\processed\bfw\asian\n009294\0083_01.jpg,n004948,n009294,asian,asian,males,females,,,0,0.06609831,38.822628,0.93390167
data\processed\bfw\asian\n003162\0188_01.jpg,data\processed\bfw\asian\n004877\0084_01.jpg,n003162,n004877,asian,asian,males,females,,,0,0.01915207,44.73069,0.98084795
data\processed\bfw\asian\n005078\0134_01.jpg,data\processed\bfw\asian\n009288\0068_01.jpg,n005078,n009288,asian,asian,males,females,,,0,-0.064562604,46.709885,1.0645626
data\processed\bfw\asian\n000160\0007_01.jpg,data\processed\bfw\asian\n004800\0866_03.jpg,n000160,n004800,asian,asian,females,males,,,0,0.04239901,34.797607,0.957601
data\processed\bfw\asian\n005063\0302_06.jpg,data\processed\bfw\asian\n005063\0414_06.jpg,n005063,n005063,asian,asian,females,females,,,1,0.13957345,40.75475,0.86042655
data\processed\bfw\asian\n000856\0134_02.jpg,data\processed\bfw\asian\n008401\0097_02.jpg,n000856,n008401,asian,asian,females,females,,,0,0.035813816,38.033375,0.9641862
data\processed\bfw\asian\n003449\0001_01.jpg,data\processed\bfw\asian\n003449\0180_01.jpg,n003449,n003449,asian,asian,females,females,,,1,0.2669006,35.521847,0.7330994
data\processed\bfw\asian\n006418\0140_02.jpg,data\processed\bfw\asian\n006418\1052_03.jpg,n006418,n006418,asian,asian,females,females,,,1,0.20454694,32.588127,0.7954531
data\processed\bfw\asian\n003557\0086_01.jpg,data\processed\bfw\asian\n000160\0075_01.jpg,n003557,n000160,asian,asian,females,females,,,0,-0.25309065,39.715767,1.2530906
data\processed\bfw\asian\n006224\0053_01.jpg,data\processed\bfw\asian\n006224\0164_01.jpg,n006224,n006224,asian,asian,females,females,,,1,0.4174911,27.764547,0.5825089
data\processed\bfw\asian\n004680\0175_01.jpg,data\processed\bfw\asian\n006418\0165_02.jpg,n004680,n006418,asian,asian,females,females,,,0,-0.13971575,43.72106,1.1397158
data\processed\bfw\asian\n003489\0094_01.jpg,data\processed\bfw\asian\n003489\0109_01.jpg,n003489,n003489,asian,asian,males,males,,,1,0.53378415,27.538368,0.46621585
data\processed\bfw\asian\n005069\0019_01.jpg,data\processed\bfw\asian\n005069\0502_02.jpg,n005069,n005069,asian,asian,females,females,,,1,-0.035536688,39.805485,1.0355366
data\processed\bfw\asian\n000009\0012_01.jpg,data\processed\bfw\asian\n000009\0188_01.jpg,n000009,n000009,asian,asian,females,females,,,1,0.054677974,38.235744,0.94532204
data\processed\bfw\asian\n003635\0089_02.jpg,data\processed\bfw\asian\n003635\0156_01.jpg,n003635,n003635,asian,asian,males,males,,,1,0.523411,31.804564,0.47658902
data\processed\bfw\asian\n006344\0314_01.jpg,data\processed\bfw\asian\n006344\0413_01.jpg,n006344,n006344,asian,asian,females,females,,,1,0.16997202,29.331474,0.830028
data\processed\bfw\asian\n000873\0075_01.jpg,data\processed\bfw\asian\n009288\0293_01.jpg,n000873,n009288,asian,asian,males,females,,,0,0.042232253,45.297485,0.9577677
data\processed\bfw\asian\n006633\0056_01.jpg,data\processed\bfw\asian\n009148\0033_01.jpg,n006633,n009148,asian,asian,females,females,,,0,0.4021252,28.64921,0.59787476
data\processed\bfw\asian\n008148\0025_01.jpg,data\processed\bfw\asian\n008148\0073_01.jpg,n008148,n008148,asian,asian,females,females,,,1,0.38218454,28.161171,0.6178155
data\processed\bfw\asian\n003465\0023_06.jpg,data\processed\bfw\asian\n003465\0303_01.jpg,n003465,n003465,asian,asian,males,males,,,1,0.00818853,34.92954,0.99181145
data\processed\bfw\asian\n004467\0016_01.jpg,data\processed\bfw\asian\n003465\0234_01.jpg,n004467,n003465,asian,asian,males,males,,,0,0.12635055,36.818077,0.8736495
data\processed\bfw\asian\n000138\0129_03.jpg,data\processed\bfw\asian\n005063\0042_01.jpg,n000138,n005063,asian,asian,females,females,,,0,0.033687394,37.99472,0.9663126
data\processed\bfw\asian\n003288\0078_01.jpg,data\processed\bfw\asian\n003288\0165_11.jpg,n003288,n003288,asian,asian,females,females,,,1,0.11011595,32.27904,0.88988405
data\processed\bfw\asian\n006203\0430_01.jpg,data\processed\bfw\asian\n006203\0663_02.jpg,n006203,n006203,asian,asian,females,females,,,1,0.16210535,30.250546,0.8378947
data\processed\bfw\asian\n007380\0168_01.jpg,data\processed\bfw\asian\n005071\0182_01.jpg,n007380,n005071,asian,asian,females,males,,,0,-0.10413555,37.83413,1.1041355
data\processed\bfw\asian\n004877\0441_01.jpg,data\processed\bfw\asian\n003155\0362_03.jpg,n004877,n003155,asian,asian,females,males,,,0,-0.016520435,44.108162,1.0165204
data\processed\bfw\asian\n003027\0028_01.jpg,data\processed\bfw\asian\n003027\0223_01.jpg,n003027,n003027,asian,asian,males,males,,,1,0.5249077,31.860077,0.4750923
data\processed\bfw\asian\n009148\0003_01.jpg,data\processed\bfw\asian\n005085\0224_01.jpg,n009148,n005085,asian,asian,females,females,,,0,-0.023687705,39.357185,1.0236877
data\processed\bfw\asian\n007738\0329_02.jpg,data\processed\bfw\asian\n007738\0336_02.jpg,n007738,n007738,asian,asian,females,females,,,1,0.040256996,38.535828,0.959743
data\processed\bfw\asian\n003357\0117_01.jpg,data\processed\bfw\asian\n003357\0422_01.jpg,n003357,n003357,asian,asian,females,females,,,1,0.28886732,30.867601,0.71113265
data\processed\bfw\asian\n008401\0294_01.jpg,data\processed\bfw\asian\n002644\0997_01.jpg,n008401,n002644,asian,asian,females,males,,,0,0.09277612,42.063744,0.9072239
data\processed\bfw\asian\n006634\0279_02.jpg,data\processed\bfw\asian\n004786\0097_02.jpg,n006634,n004786,asian,asian,females,females,,,0,-0.09617897,37.63292,1.096179
data\processed\bfw\asian\n003288\0446_01.jpg,data\processed\bfw\asian\n003288\0572_01.jpg,n003288,n003288,asian,asian,females,females,,,1,0.29500604,31.93837,0.70499396
data\processed\bfw\asian\n000143\0044_01.jpg,data\processed\bfw\asian\n005378\0421_01.jpg,n000143,n005378,asian,asian,females,females,,,0,0.02898006,37.13558,0.9710199
data\processed\bfw\asian\n007899\0126_03.jpg,data\processed\bfw\asian\n001682\0029_01.jpg,n007899,n001682,asian,asian,females,males,,,0,0.016157981,46.448826,0.983842
data\processed\bfw\asian\n008148\0029_01.jpg,data\processed\bfw\asian\n008148\0251_01.jpg,n008148,n008148,asian,asian,females,females,,,1,0.14068662,38.16777,0.85931337
data\processed\bfw\asian\n007089\0016_01.jpg,data\processed\bfw\asian\n007089\0229_01.jpg,n007089,n007089,asian,asian,females,females,,,1,0.34120458,36.03082,0.6587954
data\processed\bfw\asian\n000837\0182_01.jpg,data\processed\bfw\asian\n000837\0193_01.jpg,n000837,n000837,asian,asian,females,females,,,1,0.24474779,39.123688,0.75525224
data\processed\bfw\asian\n006203\0022_01.jpg,data\processed\bfw\asian\n006203\0066_01.jpg,n006203,n006203,asian,asian,females,females,,,1,0.3644334,26.787714,0.6355666
data\processed\bfw\asian\n004109\0199_01.jpg,data\processed\bfw\asian\n004109\0273_01.jpg,n004109,n004109,asian,asian,males,males,,,1,0.42041615,32.471596,0.5795839
data\processed\bfw\asian\n000009\0013_01.jpg,data\processed\bfw\asian\n000009\0216_01.jpg,n000009,n000009,asian,asian,females,females,,,1,0.082978174,36.26063,0.9170218
data\processed\bfw\asian\n007378\0019_01.jpg,data\processed\bfw\asian\n006736\0438_01.jpg,n007378,n006736,asian,asian,females,females,,,0,0.006463483,37.998463,0.99353653
data\processed\bfw\asian\n003481\0194_01.jpg,data\processed\bfw\asian\n003481\0407_04.jpg,n003481,n003481,asian,asian,females,females,,,1,0.26379693,33.52729,0.7362031
data\processed\bfw\asian\n002725\0086_01.jpg,data\processed\bfw\asian\n002725\0486_03.jpg,n002725,n002725,asian,asian,females,females,,,1,0.4539279,29.183016,0.5460721
data\processed\bfw\asian\n003557\0206_01.jpg,data\processed\bfw\asian\n004785\0357_02.jpg,n003557,n004785,asian,asian,females,females,,,0,0.18273565,37.269993,0.8172643
data\processed\bfw\asian\n003481\0022_02.jpg,data\processed\bfw\asian\n003481\0107_01.jpg,n003481,n003481,asian,asian,females,females,,,1,0.52571714,26.137508,0.47428286
data\processed\bfw\asian\n006736\0099_01.jpg,data\processed\bfw\asian\n006736\0367_01.jpg,n006736,n006736,asian,asian,females,females,,,1,0.07988278,41.26766,0.9201172
data\processed\bfw\asian\n004108\0024_02.jpg,data\processed\bfw\asian\n009276\0034_09.jpg,n004108,n009276,asian,asian,males,females,,,0,0.0063397717,36.28996,0.9936602
data\processed\bfw\asian\n006125\0058_01.jpg,data\processed\bfw\asian\n006125\0113_01.jpg,n006125,n006125,asian,asian,females,females,,,1,0.27847144,29.58127,0.72152853
data\processed\bfw\asian\n005446\0205_02.jpg,data\processed\bfw\asian\n005446\0473_01.jpg,n005446,n005446,asian,asian,females,females,,,1,0.36005524,30.976276,0.6399448
data\processed\bfw\asian\n005177\0004_01.jpg,data\processed\bfw\asian\n005177\0032_01.jpg,n005177,n005177,asian,asian,males,males,,,1,0.6586334,27.120996,0.3413666
data\processed\bfw\asian\n003506\0324_01.jpg,data\processed\bfw\asian\n000148\0365_01.jpg,n003506,n000148,asian,asian,females,females,,,0,-0.018370027,38.05277,1.01837
data\processed\bfw\asian\n000158\0066_01.jpg,data\processed\bfw\asian\n000158\0211_05.jpg,n000158,n000158,asian,asian,males,males,,,1,0.61187685,27.964811,0.38812315
data\processed\bfw\asian\n005083\0120_01.jpg,data\processed\bfw\asian\n006736\0203_01.jpg,n005083,n006736,asian,asian,females,females,,,0,0.037724577,36.879173,0.96227545
data\processed\bfw\asian\n005446\0279_01.jpg,data\processed\bfw\asian\n009277\0013_02.jpg,n005446,n009277,asian,asian,females,females,,,0,-0.042224444,38.586914,1.0422244
data\processed\bfw\asian\n003465\0553_01.jpg,data\processed\bfw\asian\n003162\0259_01.jpg,n003465,n003162,asian,asian,males,males,,,0,0.07455852,42.269833,0.9254415
data\processed\bfw\asian\n001562\0081_01.jpg,data\processed\bfw\asian\n001562\0092_02.jpg,n001562,n001562,asian,asian,males,males,,,1,0.43161902,33.75939,0.56838095
data\processed\bfw\asian\n004469\0038_01.jpg,data\processed\bfw\asian\n004805\0157_04.jpg,n004469,n004805,asian,asian,males,males,,,0,-0.10763195,44.067825,1.1076319
data\processed\bfw\asian\n000873\0052_01.jpg,data\processed\bfw\asian\n004860\0155_01.jpg,n000873,n004860,asian,asian,males,females,,,0,-0.099098355,38.865486,1.0990983
data\processed\bfw\asian\n000143\0014_01.jpg,data\processed\bfw\asian\n000143\0709_01.jpg,n000143,n000143,asian,asian,females,females,,,1,0.20990275,32.572594,0.79009724
data\processed\bfw\asian\n006736\0108_01.jpg,data\processed\bfw\asian\n006736\0367_01.jpg,n006736,n006736,asian,asian,females,females,,,1,0.49891025,28.403072,0.50108975
data\processed\bfw\asian\n004800\0111_01.jpg,data\processed\bfw\asian\n003355\0145_04.jpg,n004800,n003355,asian,asian,males,males,,,0,0.011811222,41.13738,0.9881888
data\processed\bfw\asian\n005063\0302_06.jpg,data\processed\bfw\asian\n005063\0577_01.jpg,n005063,n005063,asian,asian,females,females,,,1,-0.038773112,41.796562,1.0387731
data\processed\bfw\asian\n003027\0223_01.jpg,data\processed\bfw\asian\n003027\0374_01.jpg,n003027,n003027,asian,asian,males,males,,,1,0.25462452,40.739822,0.7453755
data\processed\bfw\asian\n006344\0012_01.jpg,data\processed\bfw\asian\n006344\0051_03.jpg,n006344,n006344,asian,asian,females,females,,,1,0.36325237,27.249811,0.6367476
data\processed\bfw\asian\n004935\0287_01.jpg,data\processed\bfw\asian\n003162\0289_01.jpg,n004935,n003162,asian,asian,males,males,,,0,0.020226456,43.277023,0.9797735
data\processed\bfw\asian\n004725\0088_01.jpg,data\processed\bfw\asian\n004725\0230_01.jpg,n004725,n004725,asian,asian,males,males,,,1,0.21164736,45.486774,0.7883526
data\processed\bfw\asian\n002320\0248_06.jpg,data\processed\bfw\asian\n002320\0316_02.jpg,n002320,n002320,asian,asian,males,males,,,1,-0.05664096,42.832245,1.056641
data\processed\bfw\asian\n004787\0101_02.jpg,data\processed\bfw\asian\n004787\0657_03.jpg,n004787,n004787,asian,asian,females,females,,,1,0.36530057,31.145208,0.63469946
data\processed\bfw\asian\n004860\0097_01.jpg,data\processed\bfw\asian\n004860\0346_03.jpg,n004860,n004860,asian,asian,females,females,,,1,0.030404184,34.01233,0.9695958
data\processed\bfw\asian\n006125\0179_13.jpg,data\processed\bfw\asian\n003491\0114_03.jpg,n006125,n003491,asian,asian,females,males,,,0,0.026282763,36.138687,0.9737172
data\processed\bfw\asian\n005069\0559_02.jpg,data\processed\bfw\asian\n000838\0247_01.jpg,n005069,n000838,asian,asian,females,females,,,0,-0.030836191,40.686802,1.0308362
data\processed\bfw\asian\n003223\0398_02.jpg,data\processed\bfw\asian\n003027\0170_01.jpg,n003223,n003027,asian,asian,males,males,,,0,0.06705716,39.91184,0.93294287
data\processed\bfw\asian\n004787\0128_01.jpg,data\processed\bfw\asian\n004791\0416_01.jpg,n004787,n004791,asian,asian,females,males,,,0,0.06064667,35.217587,0.93935335
data\processed\bfw\asian\n007899\0126_03.jpg,data\processed\bfw\asian\n002406\0536_04.jpg,n007899,n002406,asian,asian,females,males,,,0,0.061385587,39.982918,0.9386144
data\processed\bfw\asian\n000856\0102_01.jpg,data\processed\bfw\asian\n009125\0371_01.jpg,n000856,n009125,asian,asian,females,females,,,0,0.08084907,37.672535,0.91915095
data\processed\bfw\asian\n007385\0124_02.jpg,data\processed\bfw\asian\n003557\0086_01.jpg,n007385,n003557,asian,asian,females,females,,,0,0.016228128,36.138584,0.98377186
data\processed\bfw\asian\n005085\0001_01.jpg,data\processed\bfw\asian\n005216\0220_01.jpg,n005085,n005216,asian,asian,females,females,,,0,0.045913108,38.545063,0.9540869
data\processed\bfw\asian\n006358\0094_01.jpg,data\processed\bfw\asian\n006358\0327_02.jpg,n006358,n006358,asian,asian,females,females,,,1,0.40727252,34.039845,0.5927275
data\processed\bfw\asian\n004680\0008_01.jpg,data\processed\bfw\asian\n004680\0178_01.jpg,n004680,n004680,asian,asian,females,females,,,1,0.21536967,32.23347,0.7846303
data\processed\bfw\asian\n003027\0161_01.jpg,data\processed\bfw\asian\n003027\0470_01.jpg,n003027,n003027,asian,asian,males,males,,,1,0.53516126,31.60516,0.46483874
data\processed\bfw\asian\n002775\0015_01.jpg,data\processed\bfw\asian\n002775\0066_04.jpg,n002775,n002775,asian,asian,males,males,,,1,0.51776433,32.209988,0.48223567
data\processed\bfw\asian\n006203\0398_01.jpg,data\processed\bfw\asian\n006203\0724_01.jpg,n006203,n006203,asian,asian,females,females,,,1,0.3140427,30.363377,0.6859573
data\processed\bfw\asian\n004930\0078_01.jpg,data\processed\bfw\asian\n004930\0155_01.jpg,n004930,n004930,asian,asian,females,females,,,1,0.5039569,25.389977,0.4960431
data\processed\bfw\asian\n004930\0027_01.jpg,data\processed\bfw\asian\n004725\0061_02.jpg,n004930,n004725,asian,asian,females,males,,,0,-0.02258114,46.908943,1.0225811
data\processed\bfw\asian\n007899\0071_01.jpg,data\processed\bfw\asian\n007899\0172_04.jpg,n007899,n007899,asian,asian,females,females,,,1,0.1797405,36.659992,0.8202595
data\processed\bfw\asian\n003635\0606_02.jpg,data\processed\bfw\asian\n006634\0114_01.jpg,n003635,n006634,asian,asian,males,females,,,0,0.12388798,43.0309,0.87611204
data\processed\bfw\asian\n003155\0362_03.jpg,data\processed\bfw\asian\n003155\1011_01.jpg,n003155,n003155,asian,asian,males,males,,,1,0.021531057,48.76592,0.97846895
data\processed\bfw\asian\n003357\0008_01.jpg,data\processed\bfw\asian\n007814\0175_01.jpg,n003357,n007814,asian,asian,females,females,,,0,0.10869697,33.01116,0.89130306
data\processed\bfw\asian\n000872\0181_01.jpg,data\processed\bfw\asian\n004466\0321_01.jpg,n000872,n004466,asian,asian,males,males,,,0,0.07337174,37.799984,0.92662823
data\processed\bfw\asian\n009277\0561_01.jpg,data\processed\bfw\asian\n002331\0035_03.jpg,n009277,n002331,asian,asian,females,males,,,0,0.06736234,38.42728,0.9326377
data\processed\bfw\asian\n009277\0091_01.jpg,data\processed\bfw\asian\n009277\0113_01.jpg,n009277,n009277,asian,asian,females,females,,,1,0.39039466,31.862581,0.6096053
data\processed\bfw\asian\n007270\0682_01.jpg,data\processed\bfw\asian\n003557\0259_01.jpg,n007270,n003557,asian,asian,females,females,,,0,-0.0005693852,37.29787,1.0005693
data\processed\bfw\asian\n006418\0165_02.jpg,data\processed\bfw\asian\n006418\0235_01.jpg,n006418,n006418,asian,asian,females,females,,,1,0.29011112,29.22986,0.7098889
data\processed\bfw\asian\n009042\0015_01.jpg,data\processed\bfw\asian\n002775\0034_02.jpg,n009042,n002775,asian,asian,females,males,,,0,0.047411066,44.17682,0.9525889
data\processed\bfw\asian\n006358\0094_01.jpg,data\processed\bfw\asian\n006358\0148_01.jpg,n006358,n006358,asian,asian,females,females,,,1,0.30812612,35.056866,0.6918739
data\processed\bfw\asian\n003465\0127_01.jpg,data\processed\bfw\asian\n003465\0174_01.jpg,n003465,n003465,asian,asian,males,males,,,1,0.21139699,38.21749,0.788603
data\processed\bfw\asian\n005077\0005_01.jpg,data\processed\bfw\asian\n005077\0054_01.jpg,n005077,n005077,asian,asian,females,females,,,1,0.4295645,27.889153,0.5704355
data\processed\bfw\asian\n004686\0085_01.jpg,data\processed\bfw\asian\n007814\0291_01.jpg,n004686,n007814,asian,asian,males,females,,,0,0.08650991,34.81218,0.91349006
data\processed\bfw\asian\n008934\0119_01.jpg,data\processed\bfw\asian\n009125\0186_02.jpg,n008934,n009125,asian,asian,females,females,,,0,0.15529221,37.645313,0.8447078
data\processed\bfw\asian\n007378\0036_01.jpg,data\processed\bfw\asian\n000436\0156_02.jpg,n007378,n000436,asian,asian,females,males,,,0,0.10257029,38.198185,0.8974297
data\processed\bfw\asian\n003463\0127_01.jpg,data\processed\bfw\asian\n006634\0118_01.jpg,n003463,n006634,asian,asian,males,females,,,0,-0.023432992,40.456993,1.023433
data\processed\bfw\asian\n000135\0039_04.jpg,data\processed\bfw\asian\n000135\0060_01.jpg,n000135,n000135,asian,asian,females,females,,,1,0.17560364,38.14377,0.8243964
data\processed\bfw\asian\n004467\0504_01.jpg,data\processed\bfw\asian\n004467\0656_01.jpg,n004467,n004467,asian,asian,males,males,,,1,-0.027336275,38.603203,1.0273362
data\processed\bfw\asian\n008148\0110_01.jpg,data\processed\bfw\asian\n000135\0081_01.jpg,n008148,n000135,asian,asian,females,females,,,0,0.105501264,38.060787,0.8944987
data\processed\bfw\asian\n004109\0185_03.jpg,data\processed\bfw\asian\n004109\0525_02.jpg,n004109,n004109,asian,asian,males,males,,,1,0.5535722,26.785622,0.44642782
data\processed\bfw\asian\n006224\0069_07.jpg,data\processed\bfw\asian\n006224\0086_01.jpg,n006224,n006224,asian,asian,females,females,,,1,0.18147838,36.803463,0.8185216
data\processed\bfw\asian\n003357\0246_01.jpg,data\processed\bfw\asian\n004467\0228_01.jpg,n003357,n004467,asian,asian,females,males,,,0,0.14147915,37.75004,0.85852087
data\processed\bfw\asian\n008978\0059_01.jpg,data\processed\bfw\asian\n002406\0310_02.jpg,n008978,n002406,asian,asian,females,males,,,0,-0.035539478,39.542416,1.0355395
data\processed\bfw\asian\n000856\0018_01.jpg,data\processed\bfw\asian\n004681\0064_01.jpg,n000856,n004681,asian,asian,females,males,,,0,0.068846114,33.337578,0.9311539
data\processed\bfw\asian\n009177\0004_01.jpg,data\processed\bfw\asian\n003358\0096_02.jpg,n009177,n003358,asian,asian,females,females,,,0,0.032794308,36.748047,0.9672057
data\processed\bfw\asian\n003167\0074_01.jpg,data\processed\bfw\asian\n003167\0320_01.jpg,n003167,n003167,asian,asian,males,males,,,1,0.5070977,31.515827,0.49290228
data\processed\bfw\asian\n000838\0060_04.jpg,data\processed\bfw\asian\n000137\0033_01.jpg,n000838,n000137,asian,asian,females,females,,,0,-0.05067987,46.74519,1.0506799
data\processed\bfw\asian\n000839\0168_01.jpg,data\processed\bfw\asian\n000839\0497_02.jpg,n000839,n000839,asian,asian,females,females,,,1,0.14776646,32.83706,0.8522335
data\processed\bfw\asian\n000837\0054_01.jpg,data\processed\bfw\asian\n000837\0199_01.jpg,n000837,n000837,asian,asian,females,females,,,1,0.5860805,27.584177,0.4139195
data\processed\bfw\asian\n000160\0367_03.jpg,data\processed\bfw\asian\n006159\0073_01.jpg,n000160,n006159,asian,asian,females,females,,,0,-0.03402228,41.71518,1.0340223
data\processed\bfw\asian\n002320\0208_01.jpg,data\processed\bfw\asian\n004800\0419_04.jpg,n002320,n004800,asian,asian,males,males,,,0,0.028200421,39.082798,0.97179955
data\processed\bfw\asian\n004870\0070_02.jpg,data\processed\bfw\asian\n004870\0178_06.jpg,n004870,n004870,asian,asian,females,females,,,1,0.24275291,32.773914,0.7572471
data\processed\bfw\asian\n004109\0130_01.jpg,data\processed\bfw\asian\n004109\0550_02.jpg,n004109,n004109,asian,asian,males,males,,,1,0.5836939,26.072912,0.41630608
data\processed\bfw\asian\n009279\0015_01.jpg,data\processed\bfw\asian\n000160\0338_01.jpg,n009279,n000160,asian,asian,females,females,,,0,0.046388395,41.718174,0.9536116
data\processed\bfw\asian\n005072\0173_01.jpg,data\processed\bfw\asian\n005072\0184_03.jpg,n005072,n005072,asian,asian,males,males,,,1,0.26299325,32.624634,0.7370068
data\processed\bfw\asian\n003357\0020_01.jpg,data\processed\bfw\asian\n003357\0368_01.jpg,n003357,n003357,asian,asian,females,females,,,1,0.4209087,25.524693,0.5790913
data\processed\bfw\asian\n005063\0030_01.jpg,data\processed\bfw\asian\n001496\0349_01.jpg,n005063,n001496,asian,asian,females,males,,,0,-0.010555552,41.50287,1.0105555
data\processed\bfw\asian\n003557\0088_04.jpg,data\processed\bfw\asian\n003557\0234_01.jpg,n003557,n003557,asian,asian,females,females,,,1,0.3374384,27.902197,0.6625616
data\processed\bfw\asian\n009177\0010_01.jpg,data\processed\bfw\asian\n003463\0304_01.jpg,n009177,n003463,asian,asian,females,males,,,0,-0.0027370525,40.54415,1.002737
data\processed\bfw\asian\n005474\0005_01.jpg,data\processed\bfw\asian\n006223\0189_01.jpg,n005474,n006223,asian,asian,females,females,,,0,0.19075403,31.63124,0.80924594
data\processed\bfw\asian\n003355\0137_01.jpg,data\processed\bfw\asian\n009294\0133_04.jpg,n003355,n009294,asian,asian,males,females,,,0,0.09076184,38.181633,0.90923816
data\processed\bfw\asian\n006125\0043_01.jpg,data\processed\bfw\asian\n006125\0163_01.jpg,n006125,n006125,asian,asian,females,females,,,1,0.34828752,32.928337,0.6517125
data\processed\bfw\asian\n009103\0657_02.jpg,data\processed\bfw\asian\n008163\0527_03.jpg,n009103,n008163,asian,asian,females,females,,,0,0.07542159,38.53862,0.9245784
data\processed\bfw\asian\n007372\0190_01.jpg,data\processed\bfw\asian\n007372\0252_01.jpg,n007372,n007372,asian,asian,females,females,,,1,0.10133751,35.464996,0.8986625
data\processed\bfw\asian\n003354\0011_01.jpg,data\processed\bfw\asian\n004681\0366_01.jpg,n003354,n004681,asian,asian,females,males,,,0,0.07595099,40.48191,0.924049
data\processed\bfw\asian\n004805\0015_01.jpg,data\processed\bfw\asian\n004805\0108_01.jpg,n004805,n004805,asian,asian,males,males,,,1,0.3126622,29.928816,0.68733776
data\processed\bfw\asian\n007816\0407_01.jpg,data\processed\bfw\asian\n007816\0436_01.jpg,n007816,n007816,asian,asian,females,females,,,1,0.32474974,27.663147,0.6752503
data\processed\bfw\asian\n002725\0015_01.jpg,data\processed\bfw\asian\n002725\0267_01.jpg,n002725,n002725,asian,asian,females,females,,,1,0.42515987,32.502754,0.5748401
data\processed\bfw\asian\n004936\0218_01.jpg,data\processed\bfw\asian\n004936\0324_01.jpg,n004936,n004936,asian,asian,females,females,,,1,0.1123946,35.549923,0.8876054
data\processed\bfw\asian\n003355\0008_01.jpg,data\processed\bfw\asian\n004721\0066_01.jpg,n003355,n004721,asian,asian,males,males,,,0,0.18028475,36.301556,0.81971526
data\processed\bfw\asian\n007385\0119_01.jpg,data\processed\bfw\asian\n004786\0212_02.jpg,n007385,n004786,asian,asian,females,females,,,0,0.036164258,38.48122,0.9638357
data\processed\bfw\asian\n007385\0320_03.jpg,data\processed\bfw\asian\n007385\0469_01.jpg,n007385,n007385,asian,asian,females,females,,,1,0.28182408,33.864536,0.7181759
data\processed\bfw\asian\n002406\0148_01.jpg,data\processed\bfw\asian\n002406\0534_01.jpg,n002406,n002406,asian,asian,males,males,,,1,0.4653149,26.554695,0.53468513
data\processed\bfw\asian\n004800\0526_01.jpg,data\processed\bfw\asian\n003153\0624_01.jpg,n004800,n003153,asian,asian,males,females,,,0,0.13274659,36.329212,0.8672534
data\processed\bfw\asian\n009175\0077_01.jpg,data\processed\bfw\asian\n008383\0139_02.jpg,n009175,n008383,asian,asian,females,females,,,0,0.17418692,34.203747,0.82581306
data\processed\bfw\asian\n003557\0006_06.jpg,data\processed\bfw\asian\n003557\0013_01.jpg,n003557,n003557,asian,asian,females,females,,,1,0.24597956,32.420647,0.75402045
data\processed\bfw\asian\n003357\0108_01.jpg,data\processed\bfw\asian\n003357\0538_01.jpg,n003357,n003357,asian,asian,females,females,,,1,0.26727736,29.214432,0.73272264
data\processed\bfw\asian\n004930\0082_01.jpg,data\processed\bfw\asian\n004930\0236_01.jpg,n004930,n004930,asian,asian,females,females,,,1,0.50935143,28.525753,0.49064857
data\processed\bfw\asian\n009287\0033_01.jpg,data\processed\bfw\asian\n006125\0414_01.jpg,n009287,n006125,asian,asian,females,females,,,0,0.05935035,39.720673,0.9406496
data\processed\bfw\asian\n003824\0019_01.jpg,data\processed\bfw\asian\n003824\0148_01.jpg,n003824,n003824,asian,asian,females,females,,,1,0.22897689,36.50343,0.7710231
data\processed\bfw\asian\n006418\0129_01.jpg,data\processed\bfw\asian\n006418\1023_02.jpg,n006418,n006418,asian,asian,females,females,,,1,0.12805337,31.764997,0.87194663
data\processed\bfw\asian\n003156\0100_01.jpg,data\processed\bfw\asian\n003481\0107_01.jpg,n003156,n003481,asian,asian,males,females,,,0,0.03868038,37.380398,0.9613196
data\processed\bfw\asian\n007089\0015_01.jpg,data\processed\bfw\asian\n007089\0066_01.jpg,n007089,n007089,asian,asian,females,females,,,1,0.27559325,34.66524,0.7244067
data\processed\bfw\asian\n003355\0016_01.jpg,data\processed\bfw\asian\n001976\0082_01.jpg,n003355,n001976,asian,asian,males,males,,,0,-0.0032181903,39.129803,1.0032182
data\processed\bfw\asian\n000135\0009_01.jpg,data\processed\bfw\asian\n000135\0013_02.jpg,n000135,n000135,asian,asian,females,females,,,1,0.5003644,28.676092,0.49963558
data\processed\bfw\asian\n000139\0216_01.jpg,data\processed\bfw\asian\n000139\0253_01.jpg,n000139,n000139,asian,asian,females,females,,,1,0.31782112,35.7284,0.68217885
data\processed\bfw\asian\n007816\0281_01.jpg,data\processed\bfw\asian\n007816\0627_01.jpg,n007816,n007816,asian,asian,females,females,,,1,0.4183424,27.687756,0.5816576
data\processed\bfw\asian\n002331\0207_01.jpg,data\processed\bfw\asian\n002331\0317_02.jpg,n002331,n002331,asian,asian,males,males,,,1,0.13402584,37.749096,0.8659742
data\processed\bfw\asian\n006224\0067_01.jpg,data\processed\bfw\asian\n007738\0140_01.jpg,n006224,n007738,asian,asian,females,females,,,0,0.079865776,34.709324,0.92013425
data\processed\bfw\asian\n003223\0327_01.jpg,data\processed\bfw\asian\n008383\0352_01.jpg,n003223,n008383,asian,asian,males,females,,,0,0.07468458,39.004345,0.92531544
data\processed\bfw\asian\n000161\0223_01.jpg,data\processed\bfw\asian\n000161\0461_01.jpg,n000161,n000161,asian,asian,males,males,,,1,0.40749586,33.310738,0.59250414
data\processed\bfw\asian\n003824\0085_02.jpg,data\processed\bfw\asian\n003354\0047_01.jpg,n003824,n003354,asian,asian,females,females,,,0,0.18200044,35.587494,0.81799954
data\processed\bfw\asian\n006736\0145_01.jpg,data\processed\bfw\asian\n006736\0273_03.jpg,n006736,n006736,asian,asian,females,females,,,1,0.37685144,29.817963,0.62314856
data\processed\bfw\asian\n006633\0120_03.jpg,data\processed\bfw\asian\n006633\0356_01.jpg,n006633,n006633,asian,asian,females,females,,,1,-0.066861816,40.673107,1.0668619
data\processed\bfw\asian\n000135\0017_01.jpg,data\processed\bfw\asian\n000135\0082_02.jpg,n000135,n000135,asian,asian,females,females,,,1,0.22997318,36.89419,0.7700268
data\processed\bfw\asian\n001682\0080_01.jpg,data\processed\bfw\asian\n005177\0013_01.jpg,n001682,n005177,asian,asian,males,males,,,0,0.0058004647,42.50124,0.9941995
data\processed\bfw\asian\n009125\0012_01.jpg,data\processed\bfw\asian\n007372\0148_01.jpg,n009125,n007372,asian,asian,females,females,,,0,-0.040516313,38.305775,1.0405163
data\processed\bfw\asian\n004466\0223_01.jpg,data\processed\bfw\asian\n004466\0261_01.jpg,n004466,n004466,asian,asian,males,males,,,1,0.054344516,48.18085,0.94565547
data\processed\bfw\asian\n007372\0039_01.jpg,data\processed\bfw\asian\n007372\0177_01.jpg,n007372,n007372,asian,asian,females,females,,,1,0.18925789,32.247116,0.81074214
data\processed\bfw\asian\n003481\0119_02.jpg,data\processed\bfw\asian\n008163\0034_04.jpg,n003481,n008163,asian,asian,females,females,,,0,0.13950685,38.982662,0.8604932
data\processed\bfw\asian\n006149\0349_01.jpg,data\processed\bfw\asian\n005116\0228_03.jpg,n006149,n005116,asian,asian,females,males,,,0,0.04784034,39.079956,0.95215964
data\processed\bfw\asian\n000856\0075_01.jpg,data\processed\bfw\asian\n008934\0211_01.jpg,n000856,n008934,asian,asian,females,females,,,0,0.09811955,37.726227,0.90188044
data\processed\bfw\asian\n003449\0129_01.jpg,data\processed\bfw\asian\n005474\0239_01.jpg,n003449,n005474,asian,asian,females,females,,,0,-0.040506244,42.05191,1.0405062
data\processed\bfw\asian\n004787\0197_01.jpg,data\processed\bfw\asian\n004787\0679_05.jpg,n004787,n004787,asian,asian,females,females,,,1,0.46510908,28.796768,0.5348909
data\processed\bfw\asian\n003358\0202_01.jpg,data\processed\bfw\asian\n009294\0081_01.jpg,n003358,n009294,asian,asian,females,females,,,0,-0.059762873,39.38774,1.0597628
data\processed\bfw\asian\n009287\0262_01.jpg,data\processed\bfw\asian\n004948\0004_02.jpg,n009287,n004948,asian,asian,females,males,,,0,0.08473983,40.76541,0.9152602
data\processed\bfw\asian\n004785\0280_01.jpg,data\processed\bfw\asian\n004786\0056_01.jpg,n004785,n004786,asian,asian,females,females,,,0,0.19271968,34.841606,0.8072803
data\processed\bfw\asian\n000138\0066_09.jpg,data\processed\bfw\asian\n000138\0493_01.jpg,n000138,n000138,asian,asian,females,females,,,1,0.29158098,32.793034,0.708419
data\processed\bfw\asian\n004787\0657_03.jpg,data\processed\bfw\asian\n004787\0692_01.jpg,n004787,n004787,asian,asian,females,females,,,1,0.38258675,31.034718,0.6174133
data\processed\bfw\asian\n003027\0459_01.jpg,data\processed\bfw\asian\n009294\0139_02.jpg,n003027,n009294,asian,asian,males,females,,,0,-0.001541144,49.25316,1.0015411
data\processed\bfw\asian\n004108\0391_01.jpg,data\processed\bfw\asian\n004108\0401_02.jpg,n004108,n004108,asian,asian,males,males,,,1,0.12668748,33.910908,0.87331253
data\processed\bfw\asian\n001864\0003_01.jpg,data\processed\bfw\asian\n001864\0038_01.jpg,n001864,n001864,asian,asian,males,males,,,1,0.45007962,30.848288,0.5499204
data\processed\bfw\asian\n005085\0192_01.jpg,data\processed\bfw\asian\n007814\0382_01.jpg,n005085,n007814,asian,asian,females,females,,,0,0.0045244694,37.213593,0.99547553
data\processed\bfw\asian\n005446\0205_02.jpg,data\processed\bfw\asian\n009294\0098_01.jpg,n005446,n009294,asian,asian,females,females,,,0,0.04226272,38.230434,0.95773727
data\processed\bfw\asian\n007664\0023_02.jpg,data\processed\bfw\asian\n002644\0418_01.jpg,n007664,n002644,asian,asian,females,males,,,0,0.10909183,36.852776,0.8909082
data\processed\bfw\asian\n000148\0016_01.jpg,data\processed\bfw\asian\n000148\0579_01.jpg,n000148,n000148,asian,asian,females,females,,,1,0.24725121,26.811628,0.7527488
data\processed\bfw\asian\n004877\0004_01.jpg,data\processed\bfw\asian\n005474\0074_01.jpg,n004877,n005474,asian,asian,females,females,,,0,0.035814825,37.354008,0.9641852
data\processed\bfw\asian\n004681\0266_02.jpg,data\processed\bfw\asian\n004681\0287_01.jpg,n004681,n004681,asian,asian,males,males,,,1,0.33223626,34.796867,0.6677637
data\processed\bfw\asian\n004686\0079_01.jpg,data\processed\bfw\asian\n004686\0540_01.jpg,n004686,n004686,asian,asian,males,males,,,1,0.6754941,22.757269,0.32450593
data\processed\bfw\asian\n004785\0353_01.jpg,data\processed\bfw\asian\n004221\0135_02.jpg,n004785,n004221,asian,asian,females,males,,,0,-0.1037256,41.525013,1.1037256
data\processed\bfw\asian\n007664\0023_02.jpg,data\processed\bfw\asian\n007664\0066_01.jpg,n007664,n007664,asian,asian,females,females,,,1,0.34965077,30.592245,0.65034926
data\processed\bfw\asian\n000839\0162_01.jpg,data\processed\bfw\asian\n000839\0210_01.jpg,n000839,n000839,asian,asian,females,females,,,1,0.42400417,27.529112,0.5759958
data\processed\bfw\asian\n005116\0333_03.jpg,data\processed\bfw\asian\n000132\0110_01__face_0.jpg,n005116,n000132,asian,asian,males,males,,,0,0.045000277,41.39474,0.95499974
data\processed\bfw\asian\n009277\0051_01.jpg,data\processed\bfw\asian\n009277\0150_01.jpg,n009277,n009277,asian,asian,females,females,,,1,0.52084035,26.161398,0.47915965
data\processed\bfw\asian\n003156\0086_01.jpg,data\processed\bfw\asian\n001562\0159_02.jpg,n003156,n001562,asian,asian,males,males,,,0,0.09789427,41.713223,0.90210575
data\processed\bfw\asian\n000143\0044_01.jpg,data\processed\bfw\asian\n004785\0167_02.jpg,n000143,n004785,asian,asian,females,females,,,0,0.044172525,35.357174,0.9558275
data\processed\bfw\asian\n009042\0036_01.jpg,data\processed\bfw\asian\n004221\0060_01.jpg,n009042,n004221,asian,asian,females,males,,,0,0.073086254,40.149246,0.92691374
data\processed\bfw\asian\n002509\0180_01.jpg,data\processed\bfw\asian\n009277\0018_01.jpg,n002509,n009277,asian,asian,females,females,,,0,0.056776043,36.323296,0.94322395
data\processed\bfw\asian\n003027\0374_01.jpg,data\processed\bfw\asian\n001682\0151_01.jpg,n003027,n001682,asian,asian,males,males,,,0,0.038040794,41.063442,0.9619592
data\processed\bfw\asian\n009288\0293_01.jpg,data\processed\bfw\asian\n007385\0358_01.jpg,n009288,n007385,asian,asian,females,females,,,0,0.053239577,35.8909,0.9467604
data\processed\bfw\asian\n004860\0040_01.jpg,data\processed\bfw\asian\n004860\0048_01.jpg,n004860,n004860,asian,asian,females,females,,,1,0.40978172,28.74973,0.5902183
data\processed\bfw\asian\n005216\0236_01.jpg,data\processed\bfw\asian\n000148\0016_01.jpg,n005216,n000148,asian,asian,females,females,,,0,0.062186804,31.334455,0.9378132
data\processed\bfw\asian\n003354\0058_01.jpg,data\processed\bfw\asian\n003354\0068_01.jpg,n003354,n003354,asian,asian,females,females,,,1,0.49774387,29.387537,0.50225616
data\processed\bfw\asian\n007816\0407_01.jpg,data\processed\bfw\asian\n007816\0543_01.jpg,n007816,n007816,asian,asian,females,females,,,1,0.11091146,33.676003,0.8890885
data\processed\bfw\asian\n003358\0233_01.jpg,data\processed\bfw\asian\n004864\0353_02.jpg,n003358,n004864,asian,asian,females,females,,,0,-0.037813213,34.861874,1.0378132
data\processed\bfw\asian\n004466\0332_01.jpg,data\processed\bfw\asian\n006224\0069_07.jpg,n004466,n006224,asian,asian,males,females,,,0,-0.06636832,45.086063,1.0663683
data\processed\bfw\asian\n001572\0115_01.jpg,data\processed\bfw\asian\n001572\0129_01.jpg,n001572,n001572,asian,asian,females,females,,,1,0.016935818,36.87982,0.9830642
data\processed\bfw\asian\n006203\0047_01.jpg,data\processed\bfw\asian\n009137\0416_01.jpg,n006203,n009137,asian,asian,females,females,,,0,0.29512438,30.603725,0.7048756
data\processed\bfw\asian\n008978\0062_01.jpg,data\processed\bfw\asian\n008978\0100_01.jpg,n008978,n008978,asian,asian,females,females,,,1,0.50774574,26.703226,0.49225426
data\processed\bfw\asian\n004794\0135_01.jpg,data\processed\bfw\asian\n004794\0203_02.jpg,n004794,n004794,asian,asian,males,males,,,1,0.27058235,33.363186,0.7294177
data\processed\bfw\asian\n000838\0025_01.jpg,data\processed\bfw\asian\n000838\0160_01.jpg,n000838,n000838,asian,asian,females,females,,,1,0.32358542,34.512615,0.6764146
data\processed\bfw\asian\n004948\0378_02.jpg,data\processed\bfw\asian\n004948\0667_01.jpg,n004948,n004948,asian,asian,males,males,,,1,-0.02670975,43.858353,1.0267098
data\processed\bfw\asian\n009137\0182_02.jpg,data\processed\bfw\asian\n009137\0226_02.jpg,n009137,n009137,asian,asian,females,females,,,1,0.24473166,33.77103,0.75526834
data\processed\bfw\asian\n000837\0020_01.jpg,data\processed\bfw\asian\n000837\0032_02.jpg,n000837,n000837,asian,asian,females,females,,,1,0.6164502,25.228909,0.3835498
data\processed\bfw\asian\n003162\0508_01.jpg,data\processed\bfw\asian\n004935\0165_02.jpg,n003162,n004935,asian,asian,males,males,,,0,-0.016817305,45.858345,1.0168173
data\processed\bfw\asian\n009041\0046_02.jpg,data\processed\bfw\asian\n009125\0064_01.jpg,n009041,n009125,asian,asian,females,females,,,0,0.29643494,36.106686,0.70356506
data\processed\bfw\asian\n005085\0061_01.jpg,data\processed\bfw\asian\n005085\0192_01.jpg,n005085,n005085,asian,asian,females,females,,,1,0.3149784,32.213867,0.68502164
data\processed\bfw\asian\n000160\0150_01.jpg,data\processed\bfw\asian\n000160\0308_01.jpg,n000160,n000160,asian,asian,females,females,,,1,0.1621356,33.743282,0.8378644
data\processed\bfw\asian\n005077\0002_01.jpg,data\processed\bfw\asian\n005077\0104_01.jpg,n005077,n005077,asian,asian,females,females,,,1,0.26227453,29.363771,0.7377255
data\processed\bfw\asian\n003557\0053_01.jpg,data\processed\bfw\asian\n006203\0241_05.jpg,n003557,n006203,asian,asian,females,females,,,0,0.20859887,30.706057,0.79140115
data\processed\bfw\asian\n002406\0070_01.jpg,data\processed\bfw\asian\n002406\0137_01.jpg,n002406,n002406,asian,asian,males,males,,,1,0.17908151,33.348976,0.8209185
data\processed\bfw\asian\n008401\0097_02.jpg,data\processed\bfw\asian\n008401\0380_01.jpg,n008401,n008401,asian,asian,females,females,,,1,0.45447126,28.449863,0.54552877
data\processed\bfw\asian\n001682\0251_02.jpg,data\processed\bfw\asian\n003167\0045_01.jpg,n001682,n003167,asian,asian,males,males,,,0,-0.014700633,48.267303,1.0147007
data\processed\bfw\asian\n002644\0208_01.jpg,data\processed\bfw\asian\n002644\0319_01.jpg,n002644,n002644,asian,asian,males,males,,,1,0.21935594,32.40941,0.78064406
data\processed\bfw\asian\n000139\0099_01.jpg,data\processed\bfw\asian\n000139\0309_01.jpg,n000139,n000139,asian,asian,females,females,,,1,0.456751,29.046806,0.543249
data\processed\bfw\asian\n009148\0017_01.jpg,data\processed\bfw\asian\n009148\0083_01.jpg,n009148,n009148,asian,asian,females,females,,,1,0.2950222,33.052353,0.7049778
data\processed\bfw\asian\n004681\0019_01.jpg,data\processed\bfw\asian\n005446\0141_01.jpg,n004681,n005446,asian,asian,males,females,,,0,-0.15889305,39.87995,1.1588931
data\processed\bfw\asian\n004877\0004_01.jpg,data\processed\bfw\asian\n004681\0340_01.jpg,n004877,n004681,asian,asian,females,males,,,0,0.06459215,41.40709,0.9354079
data\processed\bfw\asian\n005083\0252_01.jpg,data\processed\bfw\asian\n003533\0615_01.jpg,n005083,n003533,asian,asian,females,males,,,0,0.120371535,37.106567,0.8796285
data\processed\bfw\asian\n009278\0006_01.jpg,data\processed\bfw\asian\n009278\0228_01.jpg,n009278,n009278,asian,asian,females,females,,,1,0.11282589,35.811813,0.8871741
data\processed\bfw\asian\n004680\0053_01.jpg,data\processed\bfw\asian\n004680\0241_01.jpg,n004680,n004680,asian,asian,females,females,,,1,0.21683004,32.16931,0.78317
data\processed\bfw\asian\n003162\0191_01.jpg,data\processed\bfw\asian\n003162\0459_01.jpg,n003162,n003162,asian,asian,males,males,,,1,0.47659117,33.984653,0.52340883
data\processed\bfw\asian\n009288\0172_01.jpg,data\processed\bfw\asian\n009288\0236_01.jpg,n009288,n009288,asian,asian,females,females,,,1,0.13121372,39.95774,0.8687863
data\processed\bfw\asian\n004687\0104_02.jpg,data\processed\bfw\asian\n004687\0307_01.jpg,n004687,n004687,asian,asian,females,females,,,1,0.2312989,34.401203,0.7687011
data\processed\bfw\asian\n006224\0053_01.jpg,data\processed\bfw\asian\n006224\0086_01.jpg,n006224,n006224,asian,asian,females,females,,,1,0.26122978,29.643982,0.73877025
data\processed\bfw\asian\n000139\0184_01.jpg,data\processed\bfw\asian\n008978\0026_01.jpg,n000139,n008978,asian,asian,females,females,,,0,-0.018296761,37.556324,1.0182967
data\processed\bfw\asian\n005063\0027_01.jpg,data\processed\bfw\asian\n005063\0439_01.jpg,n005063,n005063,asian,asian,females,females,,,1,0.014759337,40.51343,0.98524064
data\processed\bfw\asian\n003557\0006_06.jpg,data\processed\bfw\asian\n009177\0053_02.jpg,n003557,n009177,asian,asian,females,females,,,0,0.117936715,31.967308,0.88206327
data\processed\bfw\asian\n005116\0676_01.jpg,data\processed\bfw\asian\n007378\0289_01.jpg,n005116,n007378,asian,asian,males,females,,,0,0.1009658,35.463203,0.8990342
data\processed\bfw\asian\n006344\0431_07.jpg,data\processed\bfw\asian\n006126\0124_01.jpg,n006344,n006126,asian,asian,females,females,,,0,0.20923379,28.353619,0.79076624
data\processed\bfw\asian\n006222\0015_01.jpg,data\processed\bfw\asian\n006222\0151_01.jpg,n006222,n006222,asian,asian,females,females,,,1,0.34155273,31.923435,0.65844727
data\processed\bfw\asian\n004948\0194_01.jpg,data\processed\bfw\asian\n000138\0131_01.jpg,n004948,n000138,asian,asian,males,females,,,0,0.083804935,33.40881,0.91619503
data\processed\bfw\asian\n004870\0144_01.jpg,data\processed\bfw\asian\n006418\0504_01.jpg,n004870,n006418,asian,asian,females,females,,,0,0.042505797,38.000507,0.9574942
data\processed\bfw\asian\n005078\0250_01.jpg,data\processed\bfw\asian\n005078\0295_03.jpg,n005078,n005078,asian,asian,males,males,,,1,-0.12712903,42.915073,1.1271291
data\processed\bfw\asian\n000161\0183_01.jpg,data\processed\bfw\asian\n009177\0456_01.jpg,n000161,n009177,asian,asian,males,females,,,0,0.016802674,40.168873,0.98319733
data\processed\bfw\asian\n007385\0118_01.jpg,data\processed\bfw\asian\n000840\0624_03.jpg,n007385,n000840,asian,asian,females,females,,,0,0.022246098,36.833733,0.9777539
data\processed\bfw\asian\n003635\0072_03.jpg,data\processed\bfw\asian\n003635\0089_02.jpg,n003635,n003635,asian,asian,males,males,,,1,0.46177322,34.205105,0.5382268
data\processed\bfw\asian\n003467\0094_01.jpg,data\processed\bfw\asian\n000161\0101_01.jpg,n003467,n000161,asian,asian,females,males,,,0,0.0034745333,40.776215,0.99652547
data\processed\bfw\asian\n005116\0332_01.jpg,data\processed\bfw\asian\n007814\0185_02.jpg,n005116,n007814,asian,asian,males,females,,,0,0.09300721,37.400433,0.9069928
data\processed\bfw\asian\n005071\0175_01.jpg,data\processed\bfw\asian\n004870\0288_02.jpg,n005071,n004870,asian,asian,males,females,,,0,-0.03865322,41.308147,1.0386533
data\processed\bfw\asian\n005063\0016_02.jpg,data\processed\bfw\asian\n005063\0089_02.jpg,n005063,n005063,asian,asian,females,females,,,1,0.20341045,32.588776,0.79658955
data\processed\bfw\asian\n003491\0113_03.jpg,data\processed\bfw\asian\n004680\0260_01.jpg,n003491,n004680,asian,asian,males,females,,,0,0.03989605,38.73536,0.9601039
data\processed\bfw\asian\n005446\0279_01.jpg,data\processed\bfw\asian\n006149\0087_01.jpg,n005446,n006149,asian,asian,females,females,,,0,0.08088226,35.450356,0.91911775
data\processed\bfw\asian\n006125\0185_01.jpg,data\processed\bfw\asian\n000143\0122_01.jpg,n006125,n000143,asian,asian,females,females,,,0,-0.01694632,39.9101,1.0169463
data\processed\bfw\asian\n006358\0325_01.jpg,data\processed\bfw\asian\n000856\0046_01.jpg,n006358,n000856,asian,asian,females,females,,,0,0.13733771,37.74062,0.8626623
data\processed\bfw\asian\n000139\0210_01.jpg,data\processed\bfw\asian\n000139\0501_01.jpg,n000139,n000139,asian,asian,females,females,,,1,0.2578168,33.795326,0.7421832
data\processed\bfw\asian\n004948\0018_01.jpg,data\processed\bfw\asian\n003533\0062_02.jpg,n004948,n003533,asian,asian,males,males,,,0,0.047290094,38.58979,0.9527099
data\processed\bfw\asian\n009287\0278_01.jpg,data\processed\bfw\asian\n003357\0006_01.jpg,n009287,n003357,asian,asian,females,females,,,0,-0.029147658,43.22758,1.0291476
data\processed\bfw\asian\n000161\0037_01.jpg,data\processed\bfw\asian\n000161\0223_01.jpg,n000161,n000161,asian,asian,males,males,,,1,0.40980008,34.129055,0.59019995
data\processed\bfw\asian\n003354\0047_01.jpg,data\processed\bfw\asian\n003354\0098_01.jpg,n003354,n003354,asian,asian,females,females,,,1,0.42337078,29.993002,0.5766292
data\processed\bfw\asian\n007664\0066_01.jpg,data\processed\bfw\asian\n007664\0810_01.jpg,n007664,n007664,asian,asian,females,females,,,1,0.36500207,30.734245,0.63499796
data\processed\bfw\asian\n000160\0105_01.jpg,data\processed\bfw\asian\n000160\0139_01.jpg,n000160,n000160,asian,asian,females,females,,,1,0.3996897,27.835327,0.6003103
data\processed\bfw\asian\n007378\0214_01.jpg,data\processed\bfw\asian\n004935\0519_01.jpg,n007378,n004935,asian,asian,females,males,,,0,0.06080351,36.497246,0.93919647
data\processed\bfw\asian\n007380\0019_01.jpg,data\processed\bfw\asian\n006125\0058_01.jpg,n007380,n006125,asian,asian,females,females,,,0,-0.03786856,38.54598,1.0378685
data\processed\bfw\asian\n005077\0199_01.jpg,data\processed\bfw\asian\n008383\0068_01.jpg,n005077,n008383,asian,asian,females,females,,,0,0.03434947,34.774105,0.96565056
data\processed\bfw\asian\n006149\0009_01.jpg,data\processed\bfw\asian\n000132\0148_01__face_0.jpg,n006149,n000132,asian,asian,females,males,,,0,-0.09916104,38.76365,1.099161
data\processed\bfw\asian\n007664\0066_01.jpg,data\processed\bfw\asian\n000148\0229_01.jpg,n007664,n000148,asian,asian,females,females,,,0,-0.14384006,40.355732,1.1438401
data\processed\bfw\asian\n009294\0031_03.jpg,data\processed\bfw\asian\n009294\0139_02.jpg,n009294,n009294,asian,asian,females,females,,,1,0.766839,22.988667,0.23316097
data\processed\bfw\asian\n004791\0030_01.jpg,data\processed\bfw\asian\n003482\0155_05.jpg,n004791,n003482,asian,asian,males,males,,,0,0.05305948,37.148495,0.94694054
data\processed\bfw\asian\n006222\0135_01.jpg,data\processed\bfw\asian\n009287\0115_01.jpg,n006222,n009287,asian,asian,females,females,,,0,0.16226001,36.7491,0.83774
data\processed\bfw\asian\n003354\0175_01.jpg,data\processed\bfw\asian\n006634\0039_01.jpg,n003354,n006634,asian,asian,females,females,,,0,-0.05035052,38.812305,1.0503505
data\processed\bfw\asian\n004809\0200_02.jpg,data\processed\bfw\asian\n009137\0047_02.jpg,n004809,n009137,asian,asian,males,females,,,0,-0.0013314369,38.733986,1.0013314
data\processed\bfw\asian\n003288\0628_01.jpg,data\processed\bfw\asian\n002406\0156_01.jpg,n003288,n002406,asian,asian,females,males,,,0,0.018986909,34.79269,0.9810131
data\processed\bfw\asian\n001572\0091_01.jpg,data\processed\bfw\asian\n001572\0242_01.jpg,n001572,n001572,asian,asian,females,females,,,1,0.4658306,29.659773,0.53416944
data\processed\bfw\asian\n003153\0075_01.jpg,data\processed\bfw\asian\n003153\0157_01.jpg,n003153,n003153,asian,asian,females,females,,,1,0.27022535,31.733706,0.72977465
data\processed\bfw\asian\n003463\0005_01.jpg,data\processed\bfw\asian\n003506\0014_01.jpg,n003463,n003506,asian,asian,males,females,,,0,-0.106813855,43.90666,1.1068139
data\processed\bfw\asian\n006736\0121_03.jpg,data\processed\bfw\asian\n006736\0367_01.jpg,n006736,n006736,asian,asian,females,females,,,1,0.36561605,34.0662,0.6343839
data\processed\bfw\asian\n000872\0085_01.jpg,data\processed\bfw\asian\n000872\0101_01.jpg,n000872,n000872,asian,asian,males,males,,,1,0.34737313,33.550667,0.6526269
data\processed\bfw\asian\n001562\0065_01.jpg,data\processed\bfw\asian\n003533\0326_02.jpg,n001562,n003533,asian,asian,males,males,,,0,-0.036217757,46.99348,1.0362178
data\processed\bfw\asian\n009103\0179_03.jpg,data\processed\bfw\asian\n005116\0083_01.jpg,n009103,n005116,asian,asian,females,males,,,0,0.025364785,39.616013,0.97463524
data\processed\bfw\asian\n005063\0016_02.jpg,data\processed\bfw\asian\n005077\0153_01.jpg,n005063,n005077,asian,asian,females,females,,,0,0.012005918,36.098286,0.9879941
data\processed\bfw\asian\n003155\0062_02.jpg,data\processed\bfw\asian\n004721\0177_01.jpg,n003155,n004721,asian,asian,males,males,,,0,-0.007850212,42.317192,1.0078502
data\processed\bfw\asian\n005071\0154_01.jpg,data\processed\bfw\asian\n004466\0153_01.jpg,n005071,n004466,asian,asian,males,males,,,0,-0.007569769,43.35849,1.0075698
data\processed\bfw\asian\n004800\0111_01.jpg,data\processed\bfw\asian\n004800\0828_02.jpg,n004800,n004800,asian,asian,males,males,,,1,0.26794744,34.452534,0.73205256
data\processed\bfw\asian\n009288\0028_01.jpg,data\processed\bfw\asian\n008148\0202_01.jpg,n009288,n008148,asian,asian,females,females,,,0,-0.106152266,42.16323,1.1061523
data\processed\bfw\asian\n008163\0032_02.jpg,data\processed\bfw\asian\n009042\0250_01.jpg,n008163,n009042,asian,asian,females,females,,,0,-0.021680357,38.919247,1.0216804
data\processed\bfw\asian\n004721\0227_01.jpg,data\processed\bfw\asian\n006126\0197_01.jpg,n004721,n006126,asian,asian,males,females,,,0,0.0590025,39.45432,0.9409975
data\processed\bfw\asian\n002509\0104_02.jpg,data\processed\bfw\asian\n002509\0139_03.jpg,n002509,n002509,asian,asian,females,females,,,1,0.10003826,37.26371,0.8999617
data\processed\bfw\asian\n007380\0204_01.jpg,data\processed\bfw\asian\n007380\0268_01.jpg,n007380,n007380,asian,asian,females,females,,,1,0.24050324,35.239174,0.75949675
data\processed\bfw\asian\n009288\0107_01.jpg,data\processed\bfw\asian\n009288\0175_01.jpg,n009288,n009288,asian,asian,females,females,,,1,0.24221657,38.093025,0.7577834
data\processed\bfw\asian\n004549\0168_05.jpg,data\processed\bfw\asian\n004549\0656_02.jpg,n004549,n004549,asian,asian,females,females,,,1,0.10159534,37.13007,0.89840466
data\processed\bfw\asian\n000873\0176_01.jpg,data\processed\bfw\asian\n008401\0166_01.jpg,n000873,n008401,asian,asian,males,females,,,0,-0.05076573,42.121117,1.0507658
data\processed\bfw\asian\n000840\0003_02.jpg,data\processed\bfw\asian\n000840\0025_01.jpg,n000840,n000840,asian,asian,females,females,,,1,0.36048177,28.467585,0.63951826
data\processed\bfw\asian\n007816\0760_01.jpg,data\processed\bfw\asian\n007385\0500_01.jpg,n007816,n007385,asian,asian,females,females,,,0,0.11750606,36.047817,0.882494
data\processed\bfw\asian\n000135\0009_01.jpg,data\processed\bfw\asian\n000135\0039_04.jpg,n000135,n000135,asian,asian,females,females,,,1,0.30989534,34.534477,0.69010466
data\processed\bfw\asian\n001976\0090_01.jpg,data\processed\bfw\asian\n001976\0441_01.jpg,n001976,n001976,asian,asian,males,males,,,1,0.08634463,37.35762,0.9136554
data\processed\bfw\asian\n009177\0175_01.jpg,data\processed\bfw\asian\n003156\0086_01.jpg,n009177,n003156,asian,asian,females,males,,,0,0.2808096,34.916084,0.71919036
data\processed\bfw\asian\n009275\0323_03.jpg,data\processed\bfw\asian\n003481\0345_01.jpg,n009275,n003481,asian,asian,females,females,,,0,-0.027502896,39.7429,1.0275029
data\processed\bfw\asian\n007816\0627_01.jpg,data\processed\bfw\asian\n006159\0073_01.jpg,n007816,n006159,asian,asian,females,females,,,0,0.22875077,37.424126,0.77124923
data\processed\bfw\asian\n003481\0141_01.jpg,data\processed\bfw\asian\n003481\0202_01.jpg,n003481,n003481,asian,asian,females,females,,,1,0.4595202,28.582409,0.5404798
data\processed\bfw\asian\n002775\0069_01.jpg,data\processed\bfw\asian\n002775\0088_02.jpg,n002775,n002775,asian,asian,males,males,,,1,0.49964643,31.94167,0.5003536
data\processed\bfw\asian\n007380\0268_01.jpg,data\processed\bfw\asian\n004785\0357_02.jpg,n007380,n004785,asian,asian,females,females,,,0,0.06883621,39.539036,0.9311638
data\processed\bfw\asian\n004809\0561_01.jpg,data\processed\bfw\asian\n002644\0257_01.jpg,n004809,n002644,asian,asian,males,males,,,0,0.01185153,38.085903,0.98814845
data\processed\bfw\asian\n002775\0086_03.jpg,data\processed\bfw\asian\n002775\0119_01.jpg,n002775,n002775,asian,asian,males,males,,,1,0.3098569,36.59741,0.6901431
data\processed\bfw\asian\n004687\0104_02.jpg,data\processed\bfw\asian\n002552\0400_01.jpg,n004687,n002552,asian,asian,females,males,,,0,-0.020936912,38.626015,1.020937
data\processed\bfw\asian\n009277\0365_01.jpg,data\processed\bfw\asian\n006203\0088_01.jpg,n009277,n006203,asian,asian,females,females,,,0,0.015030948,36.743202,0.9849691
data\processed\bfw\asian\n003463\0008_01.jpg,data\processed\bfw\asian\n000143\0014_01.jpg,n003463,n000143,asian,asian,males,females,,,0,-0.0064600655,38.664894,1.0064601
data\processed\bfw\asian\n006358\0046_01.jpg,data\processed\bfw\asian\n006358\0094_01.jpg,n006358,n006358,asian,asian,females,females,,,1,0.24482119,37.668076,0.7551788
data\processed\bfw\asian\n006344\0025_02.jpg,data\processed\bfw\asian\n006344\0498_03.jpg,n006344,n006344,asian,asian,females,females,,,1,0.044974606,38.47229,0.9550254
data\processed\bfw\asian\n008163\0239_02.jpg,data\processed\bfw\asian\n005072\0235_01.jpg,n008163,n005072,asian,asian,females,males,,,0,0.13744861,36.2041,0.8625514
data\processed\bfw\asian\n003467\0096_01.jpg,data\processed\bfw\asian\n003467\0188_03.jpg,n003467,n003467,asian,asian,females,females,,,1,0.4156573,27.001095,0.5843427
data\processed\bfw\asian\n006149\0005_01.jpg,data\processed\bfw\asian\n006149\0086_01.jpg,n006149,n006149,asian,asian,females,females,,,1,-0.057532728,40.60147,1.0575328
data\processed\bfw\asian\n000838\0129_01.jpg,data\processed\bfw\asian\n000838\0247_01.jpg,n000838,n000838,asian,asian,females,females,,,1,0.36287054,33.930847,0.6371294
data\processed\bfw\asian\n006125\0247_01.jpg,data\processed\bfw\asian\n004469\0114_01.jpg,n006125,n004469,asian,asian,females,males,,,0,0.012127699,42.253815,0.9878723
data\processed\bfw\asian\n007738\0017_01.jpg,data\processed\bfw\asian\n003482\0338_02.jpg,n007738,n003482,asian,asian,females,males,,,0,-0.04061972,41.702473,1.0406197
data\processed\bfw\asian\n004785\0145_01.jpg,data\processed\bfw\asian\n004785\0211_01.jpg,n004785,n004785,asian,asian,females,females,,,1,0.31676304,32.952446,0.68323696
data\processed\bfw\asian\n008383\0161_02.jpg,data\processed\bfw\asian\n008383\0532_01.jpg,n008383,n008383,asian,asian,females,females,,,1,0.33411092,32.0291,0.6658891
data\processed\bfw\asian\n009103\0657_02.jpg,data\processed\bfw\asian\n002775\0137_04.jpg,n009103,n002775,asian,asian,females,males,,,0,0.017485157,42.144608,0.98251486
data\processed\bfw\asian\n008148\0110_01.jpg,data\processed\bfw\asian\n009276\0049_01.jpg,n008148,n009276,asian,asian,females,females,,,0,0.118683994,37.442627,0.881316
data\processed\bfw\asian\n002552\0530_01.jpg,data\processed\bfw\asian\n000009\0011_01.jpg,n002552,n000009,asian,asian,males,females,,,0,-0.05595944,36.730297,1.0559595
data\processed\bfw\asian\n004948\0318_02.jpg,data\processed\bfw\asian\n004948\0381_01.jpg,n004948,n004948,asian,asian,males,males,,,1,0.20132409,36.59399,0.7986759
data\processed\bfw\asian\n000854\0060_01.jpg,data\processed\bfw\asian\n008148\0123_01.jpg,n000854,n008148,asian,asian,females,females,,,0,0.0342744,37.60694,0.9657256
data\processed\bfw\asian\n006203\0022_01.jpg,data\processed\bfw\asian\n006203\0357_01.jpg,n006203,n006203,asian,asian,females,females,,,1,0.23385076,29.88113,0.7661492
data\processed\bfw\asian\n000139\0079_01.jpg,data\processed\bfw\asian\n003463\0005_01.jpg,n000139,n003463,asian,asian,females,males,,,0,0.12476136,39.130356,0.87523866
data\processed\bfw\asian\n007814\0135_01.jpg,data\processed\bfw\asian\n007814\0175_01.jpg,n007814,n007814,asian,asian,females,females,,,1,0.45971692,26.42011,0.5402831
data\processed\bfw\asian\n003167\0042_19.jpg,data\processed\bfw\asian\n004785\0082_01.jpg,n003167,n004785,asian,asian,males,females,,,0,0.051065266,38.173744,0.94893473
data\processed\bfw\asian\n007372\0190_01.jpg,data\processed\bfw\asian\n003467\0112_01.jpg,n007372,n003467,asian,asian,females,females,,,0,0.05662647,35.35429,0.94337356
data\processed\bfw\asian\n009277\0018_01.jpg,data\processed\bfw\asian\n009277\0026_01.jpg,n009277,n009277,asian,asian,females,females,,,1,0.6626993,21.99423,0.33730072
data\processed\bfw\asian\n009175\0004_01.jpg,data\processed\bfw\asian\n009175\0486_01.jpg,n009175,n009175,asian,asian,females,females,,,1,0.51620096,29.535238,0.48379904
data\processed\bfw\asian\n007816\0627_01.jpg,data\processed\bfw\asian\n003467\0112_01.jpg,n007816,n003467,asian,asian,females,females,,,0,0.030853456,36.26606,0.96914655
data\processed\bfw\asian\n004877\0121_01.jpg,data\processed\bfw\asian\n004877\0441_01.jpg,n004877,n004877,asian,asian,females,females,,,1,0.42957634,29.790209,0.57042366
data\processed\bfw\asian\n000872\0274_02.jpg,data\processed\bfw\asian\n006222\0032_01.jpg,n000872,n006222,asian,asian,males,females,,,0,0.090229504,37.452286,0.9097705
data\processed\bfw\asian\n003463\0110_01.jpg,data\processed\bfw\asian\n003463\0152_01.jpg,n003463,n003463,asian,asian,males,males,,,1,0.41397166,30.730425,0.58602834
data\processed\bfw\asian\n008148\0110_01.jpg,data\processed\bfw\asian\n008148\0195_01.jpg,n008148,n008148,asian,asian,females,females,,,1,0.45713967,25.3039,0.5428603
data\processed\bfw\asian\n004791\0361_01.jpg,data\processed\bfw\asian\n007814\0485_01.jpg,n004791,n007814,asian,asian,males,females,,,0,-0.07024283,36.30833,1.0702429
data\processed\bfw\asian\n003533\0615_01.jpg,data\processed\bfw\asian\n009287\0034_01.jpg,n003533,n009287,asian,asian,males,females,,,0,-0.070430845,46.478127,1.0704309
data\processed\bfw\asian\n009042\0057_01.jpg,data\processed\bfw\asian\n006774\0105_01.jpg,n009042,n006774,asian,asian,females,females,,,0,0.119775556,39.05099,0.88022447
data\processed\bfw\asian\n000839\0163_01.jpg,data\processed\bfw\asian\n003467\0358_01.jpg,n000839,n003467,asian,asian,females,females,,,0,-0.059792314,38.301857,1.0597923
data\processed\bfw\asian\n004864\0059_01.jpg,data\processed\bfw\asian\n006224\0053_01.jpg,n004864,n006224,asian,asian,females,females,,,0,0.031026617,37.68146,0.9689734
data\processed\bfw\asian\n002406\0148_01.jpg,data\processed\bfw\asian\n000143\0064_01.jpg,n002406,n000143,asian,asian,males,females,,,0,-0.087576926,35.066223,1.0875769
data\processed\bfw\asian\n003467\0030_01.jpg,data\processed\bfw\asian\n005078\0092_02.jpg,n003467,n005078,asian,asian,females,males,,,0,0.0026154637,41.41719,0.99738455
data\processed\bfw\asian\n006223\0055_01.jpg,data\processed\bfw\asian\n001682\0074_01.jpg,n006223,n001682,asian,asian,females,males,,,0,-0.027151085,43.017212,1.0271511
data\processed\bfw\asian\n004108\0383_01.jpg,data\processed\bfw\asian\n004108\0391_01.jpg,n004108,n004108,asian,asian,males,males,,,1,0.27826613,34.128963,0.72173387
data\processed\bfw\asian\n004680\0053_01.jpg,data\processed\bfw\asian\n004680\0427_01.jpg,n004680,n004680,asian,asian,females,females,,,1,0.22783381,33.355534,0.7721662
data\processed\bfw\asian\n007385\0124_02.jpg,data\processed\bfw\asian\n005083\0077_01.jpg,n007385,n005083,asian,asian,females,females,,,0,0.012375639,36.96802,0.98762435
data\processed\bfw\asian\n008383\0175_01.jpg,data\processed\bfw\asian\n000838\0037_01.jpg,n008383,n000838,asian,asian,females,females,,,0,0.08927745,45.306553,0.91072255
data\processed\bfw\asian\n001682\0029_01.jpg,data\processed\bfw\asian\n001682\0074_01.jpg,n001682,n001682,asian,asian,males,males,,,1,0.717147,27.3297,0.282853
data\processed\bfw\asian\n006736\0283_01.jpg,data\processed\bfw\asian\n004681\0126_01.jpg,n006736,n004681,asian,asian,females,males,,,0,0.08002712,39.567394,0.9199729
data\processed\bfw\asian\n000132\0148_01__face_0.jpg,data\processed\bfw\asian\n006159\0235_01.jpg,n000132,n006159,asian,asian,males,females,,,0,-0.01692627,33.595154,1.0169263
data\processed\bfw\asian\n001976\0071_01.jpg,data\processed\bfw\asian\n001976\0237_01.jpg,n001976,n001976,asian,asian,males,males,,,1,0.40041843,30.10418,0.5995816
data\processed\bfw\asian\n000139\0281_01.jpg,data\processed\bfw\asian\n004791\0075_01.jpg,n000139,n004791,asian,asian,females,males,,,0,-0.059980087,44.74972,1.05998
data\processed\bfw\asian\n000436\0348_01.jpg,data\processed\bfw\asian\n000436\0400_01.jpg,n000436,n000436,asian,asian,males,males,,,1,-0.07796515,42.350124,1.0779651
data\processed\bfw\asian\n005071\0154_01.jpg,data\processed\bfw\asian\n003357\0406_01.jpg,n005071,n003357,asian,asian,males,females,,,0,0.09194453,37.60275,0.9080555
data\processed\bfw\asian\n006634\0118_01.jpg,data\processed\bfw\asian\n003162\0176_01.jpg,n006634,n003162,asian,asian,females,males,,,0,0.23481852,38.900223,0.7651815
data\processed\bfw\asian\n003467\0176_02.jpg,data\processed\bfw\asian\n009276\0079_01.jpg,n003467,n009276,asian,asian,females,females,,,0,0.14072187,31.848625,0.85927814
data\processed\bfw\asian\n002331\0153_01.jpg,data\processed\bfw\asian\n005071\0096_01.jpg,n002331,n005071,asian,asian,males,males,,,0,0.09827385,36.47815,0.9017261
data\processed\bfw\asian\n003155\0052_02.jpg,data\processed\bfw\asian\n002644\0123_02.jpg,n003155,n002644,asian,asian,males,males,,,0,0.09736779,41.146374,0.90263224
data\processed\bfw\asian\n005085\0201_01.jpg,data\processed\bfw\asian\n005085\0464_01.jpg,n005085,n005085,asian,asian,females,females,,,1,0.28986162,34.126823,0.7101384
data\processed\bfw\asian\n004108\0153_01.jpg,data\processed\bfw\asian\n004686\0503_01.jpg,n004108,n004686,asian,asian,males,males,,,0,0.17444605,35.868477,0.82555395
data\processed\bfw\asian\n003824\0122_01.jpg,data\processed\bfw\asian\n003824\0166_01.jpg,n003824,n003824,asian,asian,females,females,,,1,0.36406493,31.612333,0.63593507
data\processed\bfw\asian\n003824\0111_01.jpg,data\processed\bfw\asian\n003824\0697_01.jpg,n003824,n003824,asian,asian,females,females,,,1,0.32544923,33.59863,0.6745508
data\processed\bfw\asian\n004791\0263_01.jpg,data\processed\bfw\asian\n004791\0591_01.jpg,n004791,n004791,asian,asian,males,males,,,1,0.18002068,36.10349,0.8199793
data\processed\bfw\asian\n007270\0337_01.jpg,data\processed\bfw\asian\n007270\0410_01.jpg,n007270,n007270,asian,asian,females,females,,,1,0.47780138,28.182316,0.5221986
data\processed\bfw\asian\n001864\0038_01.jpg,data\processed\bfw\asian\n006774\0039_01.jpg,n001864,n006774,asian,asian,males,females,,,0,-0.022896172,42.155552,1.0228962
data\processed\bfw\asian\n006159\0011_01.jpg,data\processed\bfw\asian\n008148\0108_01.jpg,n006159,n008148,asian,asian,females,females,,,0,-0.12763688,48.343685,1.1276369
data\processed\bfw\asian\n005474\0183_02.jpg,data\processed\bfw\asian\n009278\0192_01.jpg,n005474,n009278,asian,asian,females,females,,,0,0.23073833,32.681408,0.76926166
data\processed\bfw\asian\n007270\0060_01.jpg,data\processed\bfw\asian\n007270\0155_01.jpg,n007270,n007270,asian,asian,females,females,,,1,0.60607517,23.384962,0.39392483
data\processed\bfw\asian\n001496\0642_01.jpg,data\processed\bfw\asian\n003027\0176_04.jpg,n001496,n003027,asian,asian,males,males,,,0,0.08181614,45.175243,0.91818386
data\processed\bfw\asian\n005072\0173_01.jpg,data\processed\bfw\asian\n005072\0258_01.jpg,n005072,n005072,asian,asian,males,males,,,1,0.1786642,35.03007,0.8213358
data\processed\bfw\asian\n006125\0058_01.jpg,data\processed\bfw\asian\n006125\0151_01.jpg,n006125,n006125,asian,asian,females,females,,,1,0.2207547,31.060486,0.7792453
data\processed\bfw\asian\n007899\0213_01.jpg,data\processed\bfw\asian\n007372\0252_01.jpg,n007899,n007372,asian,asian,females,females,,,0,0.022629531,36.29258,0.97737044
data\processed\bfw\asian\n004809\0220_03.jpg,data\processed\bfw\asian\n004809\0221_01.jpg,n004809,n004809,asian,asian,males,males,,,1,0.48828962,29.061054,0.5117104
data\processed\bfw\asian\n000009\0080_02.jpg,data\processed\bfw\asian\n008163\0429_01.jpg,n000009,n008163,asian,asian,females,females,,,0,-0.0078922985,44.415874,1.0078923
data\processed\bfw\asian\n004109\0070_01.jpg,data\processed\bfw\asian\n003155\0178_01.jpg,n004109,n003155,asian,asian,males,males,,,0,-0.0390733,47.897396,1.0390733
data\processed\bfw\asian\n003489\0271_01.jpg,data\processed\bfw\asian\n009294\0098_01.jpg,n003489,n009294,asian,asian,males,females,,,0,-0.12064106,44.190765,1.1206411
data\processed\bfw\asian\n006203\0663_02.jpg,data\processed\bfw\asian\n005216\0127_01.jpg,n006203,n005216,asian,asian,females,females,,,0,0.18887724,30.810406,0.8111228
data\processed\bfw\asian\n008934\0029_02.jpg,data\processed\bfw\asian\n008934\0209_01.jpg,n008934,n008934,asian,asian,females,females,,,1,0.27619472,34.13557,0.7238053
data\processed\bfw\asian\n003153\0194_03.jpg,data\processed\bfw\asian\n003153\0250_01.jpg,n003153,n003153,asian,asian,females,females,,,1,0.32726786,31.752932,0.6727321
data\processed\bfw\asian\n008978\0035_01.jpg,data\processed\bfw\asian\n008978\0236_01.jpg,n008978,n008978,asian,asian,females,females,,,1,0.0803217,35.516865,0.91967833
data\processed\bfw\asian\n003354\0027_01.jpg,data\processed\bfw\asian\n003354\0346_02.jpg,n003354,n003354,asian,asian,females,females,,,1,0.044101518,39.468338,0.95589846
data\processed\bfw\asian\n007738\0219_02.jpg,data\processed\bfw\asian\n006619\0172_01.jpg,n007738,n006619,asian,asian,females,females,,,0,0.05239059,36.476948,0.9476094
data\processed\bfw\asian\n000837\0075_01.jpg,data\processed\bfw\asian\n004680\0053_01.jpg,n000837,n004680,asian,asian,females,females,,,0,0.1120027,36.488007,0.88799727
data\processed\bfw\asian\n007372\0078_01.jpg,data\processed\bfw\asian\n004877\0075_01.jpg,n007372,n004877,asian,asian,females,females,,,0,0.08857265,36.710915,0.9114274
data\processed\bfw\asian\n003489\0084_02.jpg,data\processed\bfw\asian\n003489\0271_01.jpg,n003489,n003489,asian,asian,males,males,,,1,0.13067593,41.98063,0.8693241
data\processed\bfw\asian\n000872\0241_04.jpg,data\processed\bfw\asian\n004109\0003_01.jpg,n000872,n004109,asian,asian,males,males,,,0,0.030047502,42.44538,0.9699525
data\processed\bfw\asian\n009125\0172_01.jpg,data\processed\bfw\asian\n008401\0353_02.jpg,n009125,n008401,asian,asian,females,females,,,0,0.0762961,35.244953,0.9237039
data\processed\bfw\asian\n004469\0807_01.jpg,data\processed\bfw\asian\n004472\0295_03.jpg,n004469,n004472,asian,asian,males,females,,,0,-0.081644244,41.570915,1.0816443
data\processed\bfw\asian\n007270\0060_01.jpg,data\processed\bfw\asian\n004721\0017_01.jpg,n007270,n004721,asian,asian,females,males,,,0,0.12873544,35.9237,0.8712646
data\processed\bfw\asian\n002552\0059_01.jpg,data\processed\bfw\asian\n002552\0569_01.jpg,n002552,n002552,asian,asian,males,males,,,1,0.32241213,33.798954,0.67758787
data\processed\bfw\asian\n000856\0538_01.jpg,data\processed\bfw\asian\n007738\0306_02.jpg,n000856,n007738,asian,asian,females,females,,,0,-0.11354829,40.869537,1.1135483
data\processed\bfw\asian\n003358\0145_01.jpg,data\processed\bfw\asian\n003358\0216_01.jpg,n003358,n003358,asian,asian,females,females,,,1,0.38588026,26.207747,0.61411977
data\processed\bfw\asian\n005474\0128_01.jpg,data\processed\bfw\asian\n003162\0267_01.jpg,n005474,n003162,asian,asian,females,males,,,0,0.104007505,39.939888,0.8959925
data\processed\bfw\asian\n006619\0572_01.jpg,data\processed\bfw\asian\n009279\0077_01.jpg,n006619,n009279,asian,asian,females,females,,,0,-0.076523535,37.368786,1.0765235
data\processed\bfw\asian\n003449\0183_01.jpg,data\processed\bfw\asian\n003449\0210_03.jpg,n003449,n003449,asian,asian,females,females,,,1,0.14227979,38.938457,0.8577202
data\processed\bfw\asian\n004686\0034_01.jpg,data\processed\bfw\asian\n004686\0302_01.jpg,n004686,n004686,asian,asian,males,males,,,1,0.3037134,34.97171,0.69628656
data\processed\bfw\asian\n001496\0076_01.jpg,data\processed\bfw\asian\n004725\0006_01.jpg,n001496,n004725,asian,asian,males,males,,,0,-0.090687625,52.509647,1.0906876
data\processed\bfw\asian\n006344\0147_02.jpg,data\processed\bfw\asian\n006344\0204_01.jpg,n006344,n006344,asian,asian,females,females,,,1,0.06613793,33.531693,0.9338621
data\processed\bfw\asian\n004935\0210_01.jpg,data\processed\bfw\asian\n004935\0213_01.jpg,n004935,n004935,asian,asian,males,males,,,1,0.38734016,30.719334,0.6126598
data\processed\bfw\asian\n004930\0200_01.jpg,data\processed\bfw\asian\n004680\0050_02.jpg,n004930,n004680,asian,asian,females,females,,,0,0.10732843,33.420673,0.8926716
data\processed\bfw\asian\n000009\0125_01.jpg,data\processed\bfw\asian\n000009\0195_01.jpg,n000009,n000009,asian,asian,females,females,,,1,0.10169178,34.731964,0.8983082
data\processed\bfw\asian\n002725\0446_01.jpg,data\processed\bfw\asian\n007380\0131_01.jpg,n002725,n007380,asian,asian,females,females,,,0,-0.069868974,42.73056,1.0698689
data\processed\bfw\asian\n009175\0007_01.jpg,data\processed\bfw\asian\n009175\0084_01.jpg,n009175,n009175,asian,asian,females,females,,,1,0.42061043,35.765728,0.5793896
data\processed\bfw\asian\n008978\0001_01.jpg,data\processed\bfw\asian\n008978\0097_02.jpg,n008978,n008978,asian,asian,females,females,,,1,0.29649878,32.660824,0.7035012
data\processed\bfw\asian\n002331\0371_01.jpg,data\processed\bfw\asian\n004472\0093_01.jpg,n002331,n004472,asian,asian,males,females,,,0,0.07768264,38.355907,0.9223174
data\processed\bfw\asian\n004809\0482_01.jpg,data\processed\bfw\asian\n003449\0180_01.jpg,n004809,n003449,asian,asian,males,females,,,0,0.082143195,40.28548,0.9178568
data\processed\bfw\asian\n004785\0169_01.jpg,data\processed\bfw\asian\n004785\0364_01.jpg,n004785,n004785,asian,asian,females,females,,,1,0.12726341,36.919186,0.8727366
data\processed\bfw\asian\n000143\0187_01.jpg,data\processed\bfw\asian\n000143\0321_01.jpg,n000143,n000143,asian,asian,females,females,,,1,0.26161903,28.860258,0.73838097
data\processed\bfw\asian\n004809\0149_01.jpg,data\processed\bfw\asian\n004786\0021_01.jpg,n004809,n004786,asian,asian,males,females,,,0,-0.0865498,39.893574,1.0865498
data\processed\bfw\asian\n005177\0065_01.jpg,data\processed\bfw\asian\n009287\0185_01.jpg,n005177,n009287,asian,asian,males,females,,,0,0.04523886,44.818256,0.95476115
data\processed\bfw\asian\n004864\0378_01.jpg,data\processed\bfw\asian\n003557\0086_01.jpg,n004864,n003557,asian,asian,females,females,,,0,-0.07359729,34.804535,1.0735973
data\processed\bfw\asian\n004809\0117_01.jpg,data\processed\bfw\asian\n004809\0482_01.jpg,n004809,n004809,asian,asian,males,males,,,1,0.28416827,32.080986,0.71583176
data\processed\bfw\asian\n006126\0124_01.jpg,data\processed\bfw\asian\n004948\0536_02.jpg,n006126,n004948,asian,asian,females,males,,,0,-0.058588255,34.784035,1.0585883
data\processed\bfw\asian\n004870\0264_01.jpg,data\processed\bfw\asian\n004870\0266_01.jpg,n004870,n004870,asian,asian,females,females,,,1,0.1656302,31.597025,0.8343698
data\processed\bfw\asian\n005177\0042_01.jpg,data\processed\bfw\asian\n005177\0294_01.jpg,n005177,n005177,asian,asian,males,males,,,1,0.4794898,29.777546,0.5205102
data\processed\bfw\asian\n003449\0027_01.jpg,data\processed\bfw\asian\n003449\0083_01.jpg,n003449,n003449,asian,asian,females,females,,,1,0.22513792,34.01995,0.77486205
data\processed\bfw\asian\n001864\0171_01.jpg,data\processed\bfw\asian\n001864\0283_01.jpg,n001864,n001864,asian,asian,males,males,,,1,0.20391227,36.76157,0.79608774
data\processed\bfw\asian\n002320\0200_01.jpg,data\processed\bfw\asian\n002320\0210_02.jpg,n002320,n002320,asian,asian,males,males,,,1,0.47025338,29.215374,0.52974665
data\processed\bfw\asian\n007814\0144_01.jpg,data\processed\bfw\asian\n003167\0602_01.jpg,n007814,n003167,asian,asian,females,males,,,0,0.0061686723,37.669342,0.99383134
data\processed\bfw\asian\n007089\0105_01.jpg,data\processed\bfw\asian\n007089\0144_02.jpg,n007089,n007089,asian,asian,females,females,,,1,0.40646654,28.753262,0.59353346
data\processed\bfw\asian\n004860\0068_01.jpg,data\processed\bfw\asian\n004805\0241_01.jpg,n004860,n004805,asian,asian,females,males,,,0,-0.1244731,41.45511,1.1244731
data\processed\bfw\asian\n007664\0066_01.jpg,data\processed\bfw\asian\n000148\0579_01.jpg,n007664,n000148,asian,asian,females,females,,,0,0.072310895,33.516155,0.9276891
data\processed\bfw\asian\n009148\0054_01.jpg,data\processed\bfw\asian\n009148\0087_01.jpg,n009148,n009148,asian,asian,females,females,,,1,0.2850707,36.50918,0.71492934
data\processed\bfw\asian\n007664\0104_01.jpg,data\processed\bfw\asian\n007664\0367_01.jpg,n007664,n007664,asian,asian,females,females,,,1,0.058379102,38.006554,0.9416209
data\processed\bfw\asian\n003358\0166_01.jpg,data\processed\bfw\asian\n003358\0318_02.jpg,n003358,n003358,asian,asian,females,females,,,1,0.18360236,31.907812,0.81639767
data\processed\bfw\asian\n007664\0029_01.jpg,data\processed\bfw\asian\n007664\0796_01.jpg,n007664,n007664,asian,asian,females,females,,,1,0.546856,23.670063,0.453144
data\processed\bfw\asian\n005072\0068_02.jpg,data\processed\bfw\asian\n005072\0151_01.jpg,n005072,n005072,asian,asian,males,males,,,1,0.46502113,27.628605,0.53497887
data\processed\bfw\asian\n002331\0001_01.jpg,data\processed\bfw\asian\n002331\0183_01.jpg,n002331,n002331,asian,asian,males,males,,,1,0.41380593,31.613094,0.58619404
data\processed\bfw\asian\n003467\0188_03.jpg,data\processed\bfw\asian\n003467\0400_03.jpg,n003467,n003467,asian,asian,females,females,,,1,0.24691439,31.660444,0.7530856
data\processed\bfw\asian\n008163\0001_02.jpg,data\processed\bfw\asian\n008163\0609_02.jpg,n008163,n008163,asian,asian,females,females,,,1,0.11785924,37.304703,0.88214076
data\processed\bfw\asian\n004936\0469_01.jpg,data\processed\bfw\asian\n004936\0757_01.jpg,n004936,n004936,asian,asian,females,females,,,1,-0.0130200805,41.511562,1.01302
data\processed\bfw\asian\n004467\0004_01.jpg,data\processed\bfw\asian\n004467\0677_01.jpg,n004467,n004467,asian,asian,males,males,,,1,0.42199528,28.5891,0.5780047
data\processed\bfw\asian\n002775\0160_02.jpg,data\processed\bfw\asian\n000436\0001_03.jpg,n002775,n000436,asian,asian,males,males,,,0,0.092655815,38.132797,0.90734416
data\processed\bfw\asian\n004686\0077_01.jpg,data\processed\bfw\asian\n004686\0423_01.jpg,n004686,n004686,asian,asian,males,males,,,1,0.41544193,30.011988,0.58455807
data\processed\bfw\asian\n003467\0146_02.jpg,data\processed\bfw\asian\n003467\0405_01.jpg,n003467,n003467,asian,asian,females,females,,,1,0.21160482,34.837208,0.78839517
data\processed\bfw\asian\n005446\0051_01.jpg,data\processed\bfw\asian\n002725\0295_01.jpg,n005446,n002725,asian,asian,females,females,,,0,-0.05283406,39.993534,1.052834
data\processed\bfw\asian\n009041\0040_01.jpg,data\processed\bfw\asian\n009279\0185_01.jpg,n009041,n009279,asian,asian,females,females,,,0,-0.022991687,38.361362,1.0229917
data\processed\bfw\asian\n006736\0068_01.jpg,data\processed\bfw\asian\n006736\0121_03.jpg,n006736,n006736,asian,asian,females,females,,,1,0.6370525,26.2464,0.36294752
data\processed\bfw\asian\n008383\0107_01.jpg,data\processed\bfw\asian\n008383\0268_01.jpg,n008383,n008383,asian,asian,females,females,,,1,0.3135994,32.218742,0.6864006
data\processed\bfw\asian\n000839\0480_03.jpg,data\processed\bfw\asian\n009287\0115_01.jpg,n000839,n009287,asian,asian,females,females,,,0,0.2149977,33.834053,0.7850023
data\processed\bfw\asian\n006224\0185_01.jpg,data\processed\bfw\asian\n006224\0212_01.jpg,n006224,n006224,asian,asian,females,females,,,1,0.017748665,43.577213,0.98225135
data\processed\bfw\asian\n003223\0143_01.jpg,data\processed\bfw\asian\n003223\0258_03.jpg,n003223,n003223,asian,asian,males,males,,,1,0.2012081,36.141552,0.7987919
data\processed\bfw\asian\n000143\0226_04.jpg,data\processed\bfw\asian\n007378\0217_01.jpg,n000143,n007378,asian,asian,females,females,,,0,0.17232823,36.32297,0.82767177
data\processed\bfw\asian\n006203\0022_01.jpg,data\processed\bfw\asian\n006203\0663_02.jpg,n006203,n006203,asian,asian,females,females,,,1,0.081662685,32.23048,0.91833735
data\processed\bfw\asian\n007372\0054_01.jpg,data\processed\bfw\asian\n007372\0189_01.jpg,n007372,n007372,asian,asian,females,females,,,1,0.4268841,29.887783,0.5731159
data\processed\bfw\asian\n004809\0013_12.jpg,data\processed\bfw\asian\n004809\0178_02.jpg,n004809,n004809,asian,asian,males,males,,,1,0.22955488,32.6514,0.7704451
data\processed\bfw\asian\n007380\0070_01.jpg,data\processed\bfw\asian\n007380\0207_01.jpg,n007380,n007380,asian,asian,females,females,,,1,0.31703538,28.609386,0.6829646
data\processed\bfw\asian\n002331\0139_01.jpg,data\processed\bfw\asian\n004800\0526_01.jpg,n002331,n004800,asian,asian,males,males,,,0,0.17459533,42.192963,0.82540464
data\processed\bfw\asian\n009177\0010_01.jpg,data\processed\bfw\asian\n005474\0210_02.jpg,n009177,n005474,asian,asian,females,females,,,0,0.14877507,33.977467,0.8512249
data\processed\bfw\asian\n001572\0076_01.jpg,data\processed\bfw\asian\n001572\0138_01.jpg,n001572,n001572,asian,asian,females,females,,,1,0.3029421,34.59744,0.6970579
data\processed\bfw\asian\n009137\0070_01.jpg,data\processed\bfw\asian\n009137\0104_01.jpg,n009137,n009137,asian,asian,females,females,,,1,0.49348274,23.79003,0.5065173
data\processed\bfw\asian\n009103\0274_01.jpg,data\processed\bfw\asian\n009103\0724_01.jpg,n009103,n009103,asian,asian,females,females,,,1,0.20858096,34.46126,0.791419
data\processed\bfw\asian\n008934\0141_01.jpg,data\processed\bfw\asian\n006159\0127_02.jpg,n008934,n006159,asian,asian,females,females,,,0,0.0074246563,44.442596,0.99257535
data\processed\bfw\asian\n003489\0261_01.jpg,data\processed\bfw\asian\n003557\0217_01.jpg,n003489,n003557,asian,asian,males,females,,,0,0.018184315,38.628178,0.9818157
data\processed\bfw\asian\n006224\0083_01.jpg,data\processed\bfw\asian\n006224\0293_01.jpg,n006224,n006224,asian,asian,females,females,,,1,0.262879,32.06663,0.737121
data\processed\bfw\asian\n001496\0149_01.jpg,data\processed\bfw\asian\n001496\0218_01.jpg,n001496,n001496,asian,asian,males,males,,,1,0.4730089,31.170639,0.5269911
data\processed\bfw\asian\n000135\0208_01.jpg,data\processed\bfw\asian\n003463\0367_01.jpg,n000135,n003463,asian,asian,females,males,,,0,0.15789255,38.632267,0.8421074
data\processed\bfw\asian\n004809\0166_04.jpg,data\processed\bfw\asian\n004809\0328_01.jpg,n004809,n004809,asian,asian,males,males,,,1,0.37251693,32.40036,0.62748307
data\processed\bfw\asian\n000143\0014_01.jpg,data\processed\bfw\asian\n000143\0069_01.jpg,n000143,n000143,asian,asian,females,females,,,1,0.35125294,29.449532,0.6487471
data\processed\bfw\asian\n000837\0085_01.jpg,data\processed\bfw\asian\n004680\0158_01.jpg,n000837,n004680,asian,asian,females,females,,,0,0.02906009,39.875134,0.97093993
data\processed\bfw\asian\n003463\0005_01.jpg,data\processed\bfw\asian\n003463\0129_01.jpg,n003463,n003463,asian,asian,males,males,,,1,0.3992114,31.981,0.6007886
data\processed\bfw\asian\n002775\0034_02.jpg,data\processed\bfw\asian\n003482\0050_01.jpg,n002775,n003482,asian,asian,males,males,,,0,0.052520663,46.47452,0.94747937
data\processed\bfw\asian\n006159\0174_01.jpg,data\processed\bfw\asian\n003467\0176_02.jpg,n006159,n003467,asian,asian,females,females,,,0,-0.03321815,45.719723,1.0332181
data\processed\bfw\asian\n004108\0077_01.jpg,data\processed\bfw\asian\n004108\0239_01.jpg,n004108,n004108,asian,asian,males,males,,,1,0.05799056,38.671467,0.94200945
data\processed\bfw\asian\n005085\0376_01.jpg,data\processed\bfw\asian\n005085\0464_01.jpg,n005085,n005085,asian,asian,females,females,,,1,0.23482312,33.89448,0.7651769
data\processed\bfw\asian\n003465\0303_01.jpg,data\processed\bfw\asian\n004794\0043_01.jpg,n003465,n004794,asian,asian,males,males,,,0,0.05267109,33.77362,0.9473289
data\processed\bfw\asian\n009148\0155_01.jpg,data\processed\bfw\asian\n008163\0223_01.jpg,n009148,n008163,asian,asian,females,females,,,0,-0.069305055,35.5905,1.0693051
data\processed\bfw\asian\n001496\0664_01.jpg,data\processed\bfw\asian\n000143\0081_01.jpg,n001496,n000143,asian,asian,males,females,,,0,0.15796717,35.167854,0.84203285
data\processed\bfw\asian\n004108\0350_02.jpg,data\processed\bfw\asian\n004108\0529_01.jpg,n004108,n004108,asian,asian,males,males,,,1,0.17318182,34.783913,0.82681817
data\processed\bfw\asian\n008163\0451_03.jpg,data\processed\bfw\asian\n000143\0734_02.jpg,n008163,n000143,asian,asian,females,females,,,0,0.16529359,35.062996,0.8347064
data\processed\bfw\asian\n006159\0011_01.jpg,data\processed\bfw\asian\n006159\0113_02.jpg,n006159,n006159,asian,asian,females,females,,,1,0.46202427,37.876785,0.5379757
data\processed\bfw\asian\n001682\0080_01.jpg,data\processed\bfw\asian\n007372\0238_01.jpg,n001682,n007372,asian,asian,males,females,,,0,0.0691015,37.4558,0.9308985
data\processed\bfw\asian\n003482\0098_01.jpg,data\processed\bfw\asian\n004680\0027_01.jpg,n003482,n004680,asian,asian,males,females,,,0,-0.17720607,49.2962,1.177206
data\processed\bfw\asian\n002331\0054_02.jpg,data\processed\bfw\asian\n000856\0014_01.jpg,n002331,n000856,asian,asian,males,females,,,0,-0.017634332,42.397564,1.0176344
data\processed\bfw\asian\n005078\0107_01.jpg,data\processed\bfw\asian\n001496\0171_01.jpg,n005078,n001496,asian,asian,males,males,,,0,0.14365655,39.80158,0.85634345
data\processed\bfw\asian\n009276\0036_01.jpg,data\processed\bfw\asian\n009276\0172_02.jpg,n009276,n009276,asian,asian,females,females,,,1,0.090240896,40.275402,0.9097591
data\processed\bfw\asian\n004725\0006_01.jpg,data\processed\bfw\asian\n004725\0197_01.jpg,n004725,n004725,asian,asian,males,males,,,1,0.363944,39.373188,0.636056
data\processed\bfw\asian\n003162\0350_02.jpg,data\processed\bfw\asian\n007814\0016_01.jpg,n003162,n007814,asian,asian,males,females,,,0,0.045967452,40.91118,0.95403254
data\processed\bfw\asian\n008978\0003_01.jpg,data\processed\bfw\asian\n009278\0031_02.jpg,n008978,n009278,asian,asian,females,females,,,0,0.026835771,38.512123,0.9731642
data\processed\bfw\asian\n004472\0258_01.jpg,data\processed\bfw\asian\n004870\0050_02.jpg,n004472,n004870,asian,asian,females,females,,,0,0.16352235,36.633972,0.83647764
data\processed\bfw\asian\n007372\0113_01.jpg,data\processed\bfw\asian\n007372\0238_01.jpg,n007372,n007372,asian,asian,females,females,,,1,0.10754786,34.803185,0.8924521
data\processed\bfw\asian\n009148\0054_01.jpg,data\processed\bfw\asian\n009148\0097_01.jpg,n009148,n009148,asian,asian,females,females,,,1,0.41028166,29.952662,0.58971834
data\processed\bfw\asian\n006125\0101_01.jpg,data\processed\bfw\asian\n006125\0179_13.jpg,n006125,n006125,asian,asian,females,females,,,1,0.2710112,31.685268,0.72898877
data\processed\bfw\asian\n003481\0055_01.jpg,data\processed\bfw\asian\n005116\0172_01.jpg,n003481,n005116,asian,asian,females,males,,,0,0.16195464,37.67869,0.83804536
data\processed\bfw\asian\n003506\0177_01.jpg,data\processed\bfw\asian\n009288\0270_01.jpg,n003506,n009288,asian,asian,females,females,,,0,0.14118503,37.340603,0.85881495
data\processed\bfw\asian\n009103\0331_01.jpg,data\processed\bfw\asian\n006633\0718_02.jpg,n009103,n006633,asian,asian,females,females,,,0,-0.0060459594,38.398026,1.0060459
data\processed\bfw\asian\n002644\0054_01.jpg,data\processed\bfw\asian\n000139\0233_01.jpg,n002644,n000139,asian,asian,males,females,,,0,0.0038495536,37.082993,0.99615043
data\processed\bfw\asian\n005069\0098_01.jpg,data\processed\bfw\asian\n005069\0225_01.jpg,n005069,n005069,asian,asian,females,females,,,1,0.16748625,34.328247,0.83251375
data\processed\bfw\asian\n000840\0036_03.jpg,data\processed\bfw\asian\n000840\0541_02.jpg,n000840,n000840,asian,asian,females,females,,,1,-0.14404474,42.562973,1.1440448
data\processed\bfw\asian\n001976\0221_02.jpg,data\processed\bfw\asian\n003156\0058_01.jpg,n001976,n003156,asian,asian,males,males,,,0,-0.12828845,44.179646,1.1282885
data\processed\bfw\asian\n000436\0056_06.jpg,data\processed\bfw\asian\n004680\0241_01.jpg,n000436,n004680,asian,asian,males,females,,,0,-0.10287476,39.020016,1.1028748
data\processed\bfw\asian\n004809\0482_01.jpg,data\processed\bfw\asian\n004809\0561_01.jpg,n004809,n004809,asian,asian,males,males,,,1,0.4394952,29.735401,0.5605048
data\processed\bfw\asian\n003355\0056_01.jpg,data\processed\bfw\asian\n003355\0252_02.jpg,n003355,n003355,asian,asian,males,males,,,1,0.43845427,31.28595,0.5615457
data\processed\bfw\asian\n006358\0136_02.jpg,data\processed\bfw\asian\n006358\0333_02.jpg,n006358,n006358,asian,asian,females,females,,,1,0.5465474,28.58065,0.4534526
data\processed\bfw\asian\n006633\0489_04.jpg,data\processed\bfw\asian\n006633\0688_01.jpg,n006633,n006633,asian,asian,females,females,,,1,0.121657036,29.40842,0.878343
data\processed\bfw\asian\n004935\0061_01.jpg,data\processed\bfw\asian\n004935\0259_01.jpg,n004935,n004935,asian,asian,males,males,,,1,0.5203741,28.178566,0.47962588
data\processed\bfw\asian\n009276\0102_01.jpg,data\processed\bfw\asian\n003467\0400_03.jpg,n009276,n003467,asian,asian,females,females,,,0,0.007597479,40.071857,0.9924025
data\processed\bfw\asian\n007270\0055_01.jpg,data\processed\bfw\asian\n007270\0155_01.jpg,n007270,n007270,asian,asian,females,females,,,1,0.54348296,23.526398,0.45651704
data\processed\bfw\asian\n000839\0185_01.jpg,data\processed\bfw\asian\n002406\0534_02.jpg,n000839,n002406,asian,asian,females,males,,,0,-0.06796775,40.274723,1.0679678
data\processed\bfw\asian\n000158\0012_01.jpg,data\processed\bfw\asian\n000158\0066_01.jpg,n000158,n000158,asian,asian,males,males,,,1,0.6050289,27.906145,0.39497107
data\processed\bfw\asian\n009277\0051_01.jpg,data\processed\bfw\asian\n004108\0267_02.jpg,n009277,n004108,asian,asian,females,males,,,0,-0.0072354,36.72229,1.0072354
data\processed\bfw\asian\n003489\0020_01.jpg,data\processed\bfw\asian\n003489\0112_01.jpg,n003489,n003489,asian,asian,males,males,,,1,0.5905464,27.15133,0.40945357
data\processed\bfw\asian\n003357\0008_01.jpg,data\processed\bfw\asian\n005378\0409_02.jpg,n003357,n005378,asian,asian,females,females,,,0,-0.07375827,38.72372,1.0737582
data\processed\bfw\asian\n003533\0101_02.jpg,data\processed\bfw\asian\n006203\0022_01.jpg,n003533,n006203,asian,asian,males,females,,,0,0.10990686,37.67131,0.89009315
data\processed\bfw\asian\n004467\0191_01.jpg,data\processed\bfw\asian\n004467\0656_01.jpg,n004467,n004467,asian,asian,males,males,,,1,0.13560812,34.050167,0.86439186
data\processed\bfw\asian\n006634\0010_01.jpg,data\processed\bfw\asian\n004549\0656_02.jpg,n006634,n004549,asian,asian,females,females,,,0,0.24657954,33.52396,0.7534205
data\processed\bfw\asian\n006223\0183_01.jpg,data\processed\bfw\asian\n006223\0385_01.jpg,n006223,n006223,asian,asian,females,females,,,1,0.21467748,27.940187,0.78532255
data\processed\bfw\asian\n006774\0070_01.jpg,data\processed\bfw\asian\n006774\0393_01.jpg,n006774,n006774,asian,asian,females,females,,,1,0.27203548,35.347744,0.7279645
data\processed\bfw\asian\n002320\0316_02.jpg,data\processed\bfw\asian\n004786\0041_02.jpg,n002320,n004786,asian,asian,males,females,,,0,-0.0075109946,41.692947,1.007511
data\processed\bfw\asian\n009288\0121_01.jpg,data\processed\bfw\asian\n009288\0156_02.jpg,n009288,n009288,asian,asian,females,females,,,1,0.60479164,26.418388,0.39520836
data\processed\bfw\asian\n007089\0033_01.jpg,data\processed\bfw\asian\n003449\0073_01.jpg,n007089,n003449,asian,asian,females,females,,,0,0.050157014,38.379112,0.949843
data\processed\bfw\asian\n003027\0173_01.jpg,data\processed\bfw\asian\n003027\0470_01.jpg,n003027,n003027,asian,asian,males,males,,,1,0.5760381,29.861095,0.42396188
data\processed\bfw\asian\n003288\0230_01.jpg,data\processed\bfw\asian\n003288\0572_01.jpg,n003288,n003288,asian,asian,females,females,,,1,0.22957473,33.35578,0.77042526
data\processed\bfw\asian\n002725\0013_01.jpg,data\processed\bfw\asian\n004785\0211_01.jpg,n002725,n004785,asian,asian,females,females,,,0,0.018377615,45.53064,0.9816224
data\processed\bfw\asian\n007899\0169_01.jpg,data\processed\bfw\asian\n001682\0048_01.jpg,n007899,n001682,asian,asian,females,males,,,0,-0.021551972,44.97624,1.021552
data\processed\bfw\asian\n003465\0248_01.jpg,data\processed\bfw\asian\n007385\0129_01.jpg,n003465,n007385,asian,asian,males,females,,,0,0.045468315,37.783672,0.95453167
data\processed\bfw\asian\n009287\0027_01.jpg,data\processed\bfw\asian\n009287\0064_01.jpg,n009287,n009287,asian,asian,females,females,,,1,0.51653826,30.254581,0.48346174
data\processed\bfw\asian\n004805\0083_01.jpg,data\processed\bfw\asian\n004805\0263_06.jpg,n004805,n004805,asian,asian,males,males,,,1,0.15570001,33.511395,0.8443
data\processed\bfw\asian\n001572\0158_01.jpg,data\processed\bfw\asian\n001572\0329_01.jpg,n001572,n001572,asian,asian,females,females,,,1,0.46115988,31.86657,0.5388401
data\processed\bfw\asian\n009148\0078_01.jpg,data\processed\bfw\asian\n009103\0220_01.jpg,n009148,n009103,asian,asian,females,females,,,0,0.27315345,33.65929,0.7268466
data\processed\bfw\asian\n003223\0062_01.jpg,data\processed\bfw\asian\n003223\0327_01.jpg,n003223,n003223,asian,asian,males,males,,,1,0.40412834,31.755478,0.5958717
data\processed\bfw\asian\n000854\0428_01.jpg,data\processed\bfw\asian\n004221\0226_06.jpg,n000854,n004221,asian,asian,females,males,,,0,-0.04515649,45.539627,1.0451565
data\processed\bfw\asian\n003467\0030_01.jpg,data\processed\bfw\asian\n003467\0096_01.jpg,n003467,n003467,asian,asian,females,females,,,1,0.48742104,26.869047,0.51257896
data\processed\bfw\asian\n003355\0266_01.jpg,data\processed\bfw\asian\n003355\0620_01.jpg,n003355,n003355,asian,asian,males,males,,,1,0.2987384,32.981396,0.70126164
data\processed\bfw\asian\n000160\0308_01.jpg,data\processed\bfw\asian\n000160\0350_01.jpg,n000160,n000160,asian,asian,females,females,,,1,0.28878152,28.61418,0.7112185
data\processed\bfw\asian\n000139\0216_01.jpg,data\processed\bfw\asian\n000139\0261_01.jpg,n000139,n000139,asian,asian,females,females,,,1,0.13606592,33.920223,0.8639341
data\processed\bfw\asian\n000873\0176_01.jpg,data\processed\bfw\asian\n000873\0348_02.jpg,n000873,n000873,asian,asian,males,males,,,1,0.021868866,37.789047,0.9781311
data\processed\bfw\asian\n006634\0010_01.jpg,data\processed\bfw\asian\n006634\0679_01.jpg,n006634,n006634,asian,asian,females,females,,,1,0.38607404,31.059612,0.61392593
data\processed\bfw\asian\n004948\0241_01.jpg,data\processed\bfw\asian\n000856\0110_02.jpg,n004948,n000856,asian,asian,males,females,,,0,-0.0012506609,38.985336,1.0012506
data\processed\bfw\asian\n005378\0092_01.jpg,data\processed\bfw\asian\n005378\0326_01.jpg,n005378,n005378,asian,asian,females,females,,,1,0.1111441,35.876408,0.8888559
data\processed\bfw\asian\n000139\0216_01.jpg,data\processed\bfw\asian\n007899\0169_01.jpg,n000139,n007899,asian,asian,females,females,,,0,0.038908657,37.123466,0.96109134
data\processed\bfw\asian\n000161\0133_01.jpg,data\processed\bfw\asian\n000838\0058_01.jpg,n000161,n000838,asian,asian,males,females,,,0,0.11893297,41.221912,0.88106704
data\processed\bfw\asian\n001562\0198_02.jpg,data\processed\bfw\asian\n001562\0360_02.jpg,n001562,n001562,asian,asian,males,males,,,1,0.50108147,33.459236,0.49891853
data\processed\bfw\asian\n006159\0122_01.jpg,data\processed\bfw\asian\n006159\0265_01.jpg,n006159,n006159,asian,asian,females,females,,,1,0.15658891,42.29905,0.8434111
data\processed\bfw\asian\n004936\0111_04.jpg,data\processed\bfw\asian\n004936\0136_02.jpg,n004936,n004936,asian,asian,females,females,,,1,0.13608365,38.13201,0.86391634
data\processed\bfw\asian\n005116\0283_01.jpg,data\processed\bfw\asian\n005474\0058_03.jpg,n005116,n005474,asian,asian,males,females,,,0,0.119309865,40.866665,0.88069016
data\processed\bfw\asian\n004935\0138_01.jpg,data\processed\bfw\asian\n001976\0283_01.jpg,n004935,n001976,asian,asian,males,males,,,0,0.2461466,32.6248,0.7538534
data\processed\bfw\asian\n003355\0008_01.jpg,data\processed\bfw\asian\n003355\0184_01.jpg,n003355,n003355,asian,asian,males,males,,,1,0.45787013,29.510818,0.5421299
data\processed\bfw\asian\n009137\0521_02.jpg,data\processed\bfw\asian\n006619\0417_01.jpg,n009137,n006619,asian,asian,females,females,,,0,-0.0015773224,36.82711,1.0015774
data\processed\bfw\asian\n007899\0212_01.jpg,data\processed\bfw\asian\n007899\0250_01.jpg,n007899,n007899,asian,asian,females,females,,,1,0.113984615,34.26304,0.8860154
data\processed\bfw\asian\n003153\0624_01.jpg,data\processed\bfw\asian\n008934\0264_01.jpg,n003153,n008934,asian,asian,females,females,,,0,0.05739101,38.4305,0.942609
data\processed\bfw\asian\n004860\0040_01.jpg,data\processed\bfw\asian\n004860\0346_03.jpg,n004860,n004860,asian,asian,females,females,,,1,-0.042001326,37.24067,1.0420014
data\processed\bfw\asian\n004877\0092_02.jpg,data\processed\bfw\asian\n004877\0472_01.jpg,n004877,n004877,asian,asian,females,females,,,1,0.15239848,37.69124,0.84760153
data\processed\bfw\asian\n000436\0675_01.jpg,data\processed\bfw\asian\n003506\0319_01.jpg,n000436,n003506,asian,asian,males,females,,,0,0.0370698,39.127525,0.9629302
data\processed\bfw\asian\n003449\0001_01.jpg,data\processed\bfw\asian\n005072\0272_01.jpg,n003449,n005072,asian,asian,females,males,,,0,-0.12087361,41.0404,1.1208736
data\processed\bfw\asian\n009287\0115_01.jpg,data\processed\bfw\asian\n009294\0018_02.jpg,n009287,n009294,asian,asian,females,females,,,0,0.07942699,41.031017,0.920573
data\processed\bfw\asian\n006619\0142_01.jpg,data\processed\bfw\asian\n009041\0569_01.jpg,n006619,n009041,asian,asian,females,females,,,0,-0.07238629,40.34781,1.0723863
data\processed\bfw\asian\n005177\0235_01.jpg,data\processed\bfw\asian\n005116\0442_01.jpg,n005177,n005116,asian,asian,males,males,,,0,-0.035458148,39.24539,1.0354581
data\processed\bfw\asian\n005071\0630_01.jpg,data\processed\bfw\asian\n006149\0275_01.jpg,n005071,n006149,asian,asian,males,females,,,0,0.19057205,36.009483,0.809428
data\processed\bfw\asian\n006774\0391_01.jpg,data\processed\bfw\asian\n006774\0696_01.jpg,n006774,n006774,asian,asian,females,females,,,1,-0.03259396,42.38062,1.032594
data\processed\bfw\asian\n006633\0056_01.jpg,data\processed\bfw\asian\n005083\0198_01.jpg,n006633,n005083,asian,asian,females,females,,,0,0.43876293,26.156172,0.5612371
data\processed\bfw\asian\n004686\0271_01.jpg,data\processed\bfw\asian\n004686\0302_01.jpg,n004686,n004686,asian,asian,males,males,,,1,0.2963337,33.25411,0.7036663
data\processed\bfw\asian\n007899\0064_01.jpg,data\processed\bfw\asian\n004809\0200_02.jpg,n007899,n004809,asian,asian,females,males,,,0,0.07121122,38.012917,0.9287888
data\processed\bfw\asian\n005378\0370_01.jpg,data\processed\bfw\asian\n002406\0093_01.jpg,n005378,n002406,asian,asian,females,males,,,0,0.012749833,38.242508,0.98725015
data\processed\bfw\asian\n002331\0243_01.jpg,data\processed\bfw\asian\n000148\0025_01.jpg,n002331,n000148,asian,asian,males,females,,,0,0.035521787,38.95908,0.9644782
data\processed\bfw\asian\n005069\0135_01.jpg,data\processed\bfw\asian\n005378\0242_02.jpg,n005069,n005378,asian,asian,females,females,,,0,0.032799534,40.01739,0.96720046
data\processed\bfw\asian\n003449\0073_01.jpg,data\processed\bfw\asian\n003449\0180_01.jpg,n003449,n003449,asian,asian,females,females,,,1,0.21535918,35.297554,0.7846408
data\processed\bfw\asian\n004221\0158_03.jpg,data\processed\bfw\asian\n004221\0173_01.jpg,n004221,n004221,asian,asian,males,males,,,1,0.5346549,27.991566,0.46534508
data\processed\bfw\asian\n009279\0255_01.jpg,data\processed\bfw\asian\n004109\0172_01.jpg,n009279,n004109,asian,asian,females,males,,,0,0.14267306,39.946083,0.8573269
data\processed\bfw\asian\n006126\0012_01.jpg,data\processed\bfw\asian\n005078\0091_03.jpg,n006126,n005078,asian,asian,females,males,,,0,-0.056800216,41.122063,1.0568002
data\processed\bfw\asian\n005083\0046_01.jpg,data\processed\bfw\asian\n005083\0190_01.jpg,n005083,n005083,asian,asian,females,females,,,1,0.4696814,27.356565,0.5303186
data\processed\bfw\asian\n004109\0125_01.jpg,data\processed\bfw\asian\n003491\0081_04.jpg,n004109,n003491,asian,asian,males,males,,,0,0.10619134,37.79962,0.89380866
data\processed\bfw\asian\n006203\0009_04.jpg,data\processed\bfw\asian\n006203\0085_03.jpg,n006203,n006203,asian,asian,females,females,,,1,0.17894466,33.06178,0.82105535
data\processed\bfw\asian\n004794\0203_02.jpg,data\processed\bfw\asian\n004794\0603_01.jpg,n004794,n004794,asian,asian,males,males,,,1,0.44193652,34.073895,0.5580635
data\processed\bfw\asian\n007378\0509_01.jpg,data\processed\bfw\asian\n004877\0055_01.jpg,n007378,n004877,asian,asian,females,females,,,0,-0.00966795,37.893246,1.009668
data\processed\bfw\asian\n004466\0137_01.jpg,data\processed\bfw\asian\n007380\0268_01.jpg,n004466,n007380,asian,asian,males,females,,,0,-0.13825405,42.268433,1.138254
data\processed\bfw\asian\n000837\0023_02.jpg,data\processed\bfw\asian\n000837\0046_02.jpg,n000837,n000837,asian,asian,females,females,,,1,0.64186794,22.413557,0.35813206
data\processed\bfw\asian\n003027\0037_01.jpg,data\processed\bfw\asian\n003027\0085_01.jpg,n003027,n003027,asian,asian,males,males,,,1,0.5959402,29.818624,0.40405983
data\processed\bfw\asian\n006774\0364_02.jpg,data\processed\bfw\asian\n004466\0225_01.jpg,n006774,n004466,asian,asian,females,males,,,0,-0.01805152,39.566467,1.0180515
data\processed\bfw\asian\n004687\0295_01.jpg,data\processed\bfw\asian\n006149\0009_01.jpg,n004687,n006149,asian,asian,females,females,,,0,0.03896991,36.892452,0.96103007
data\processed\bfw\asian\n007816\0329_01.jpg,data\processed\bfw\asian\n007816\0375_01.jpg,n007816,n007816,asian,asian,females,females,,,1,0.2985394,32.726967,0.7014606
data\processed\bfw\asian\n003635\0648_02.jpg,data\processed\bfw\asian\n005071\0182_01.jpg,n003635,n005071,asian,asian,males,males,,,0,-0.031138454,41.63004,1.0311384
data\processed\bfw\asian\n002644\0557_01.jpg,data\processed\bfw\asian\n006223\0033_01.jpg,n002644,n006223,asian,asian,males,females,,,0,0.016540708,36.26464,0.9834593
data\processed\bfw\asian\n004936\0324_01.jpg,data\processed\bfw\asian\n007899\0082_01.jpg,n004936,n007899,asian,asian,females,females,,,0,0.20968434,32.655724,0.7903156
data\processed\bfw\asian\n004687\0019_01.jpg,data\processed\bfw\asian\n004687\0113_01.jpg,n004687,n004687,asian,asian,females,females,,,1,0.39977807,29.16717,0.60022193
data\processed\bfw\asian\n004721\0046_01.jpg,data\processed\bfw\asian\n004721\0200_01.jpg,n004721,n004721,asian,asian,males,males,,,1,0.47376344,30.30747,0.52623653
data\processed\bfw\asian\n000137\0097_01.jpg,data\processed\bfw\asian\n003153\0610_04.jpg,n000137,n003153,asian,asian,females,females,,,0,0.06475901,36.959156,0.935241
data\processed\bfw\asian\n004794\0015_05.jpg,data\processed\bfw\asian\n004794\0313_02.jpg,n004794,n004794,asian,asian,males,males,,,1,0.17928039,35.538746,0.8207196
data\processed\bfw\asian\n006125\0058_01.jpg,data\processed\bfw\asian\n006125\0163_01.jpg,n006125,n006125,asian,asian,females,females,,,1,0.36604428,29.534605,0.6339557
data\processed\bfw\asian\n000161\0175_05.jpg,data\processed\bfw\asian\n006222\0103_01.jpg,n000161,n006222,asian,asian,males,females,,,0,0.08140265,44.831562,0.91859734
data\processed\bfw\asian\n000009\0012_01.jpg,data\processed\bfw\asian\n008934\0039_01.jpg,n000009,n008934,asian,asian,females,females,,,0,0.17900503,33.896454,0.820995
data\processed\bfw\asian\n009148\0017_01.jpg,data\processed\bfw\asian\n000838\0027_01.jpg,n009148,n000838,asian,asian,females,females,,,0,-0.018590858,39.580635,1.0185908
data\processed\bfw\asian\n005077\0006_01.jpg,data\processed\bfw\asian\n005116\0050_01.jpg,n005077,n005116,asian,asian,females,males,,,0,0.045622606,36.825382,0.9543774
data\processed\bfw\asian\n009175\0007_01.jpg,data\processed\bfw\asian\n004681\0366_01.jpg,n009175,n004681,asian,asian,females,males,,,0,0.026246319,46.85666,0.9737537
data\processed\bfw\asian\n004109\0047_02.jpg,data\processed\bfw\asian\n004109\0199_01.jpg,n004109,n004109,asian,asian,males,males,,,1,0.40344673,31.737665,0.59655327
data\processed\bfw\asian\n006224\0030_01.jpg,data\processed\bfw\asian\n006224\0212_01.jpg,n006224,n006224,asian,asian,females,females,,,1,0.22462046,31.84729,0.77537954
data\processed\bfw\asian\n007270\0197_01.jpg,data\processed\bfw\asian\n004948\0378_02.jpg,n007270,n004948,asian,asian,females,males,,,0,0.030808538,39.75099,0.96919143
data\processed\bfw\asian\n006222\0104_01.jpg,data\processed\bfw\asian\n006222\0135_01.jpg,n006222,n006222,asian,asian,females,females,,,1,0.14368787,38.165688,0.85631216
data\processed\bfw\asian\n005083\0254_01.jpg,data\processed\bfw\asian\n004870\0266_01.jpg,n005083,n004870,asian,asian,females,females,,,0,0.0013752298,33.768555,0.99862474
data\processed\bfw\asian\n007378\0217_01.jpg,data\processed\bfw\asian\n004800\0289_02.jpg,n007378,n004800,asian,asian,females,males,,,0,0.20120612,35.389023,0.7987939
data\processed\bfw\asian\n004466\0045_01.jpg,data\processed\bfw\asian\n004466\0321_01.jpg,n004466,n004466,asian,asian,males,males,,,1,0.38875863,29.71815,0.61124134
data\processed\bfw\asian\n003288\0385_01.jpg,data\processed\bfw\asian\n003288\0495_01.jpg,n003288,n003288,asian,asian,females,females,,,1,0.21055065,32.302837,0.78944933
data\processed\bfw\asian\n003463\0075_01.jpg,data\processed\bfw\asian\n000839\0163_01.jpg,n003463,n000839,asian,asian,males,females,,,0,0.018806214,37.28088,0.9811938
data\processed\bfw\asian\n008148\0206_01.jpg,data\processed\bfw\asian\n008148\0244_01.jpg,n008148,n008148,asian,asian,females,females,,,1,0.12451768,33.534336,0.8754823
data\processed\bfw\asian\n009175\0020_01.jpg,data\processed\bfw\asian\n006223\0189_01.jpg,n009175,n006223,asian,asian,females,females,,,0,0.045139935,37.90501,0.9548601
data\processed\bfw\asian\n003489\0061_01.jpg,data\processed\bfw\asian\n003489\0220_01.jpg,n003489,n003489,asian,asian,males,males,,,1,0.44716936,31.020658,0.55283064
data\processed\bfw\asian\n009294\0110_02.jpg,data\processed\bfw\asian\n006736\0030_01.jpg,n009294,n006736,asian,asian,females,females,,,0,0.016338179,40.917736,0.98366183
data\processed\bfw\asian\n004721\0203_01.jpg,data\processed\bfw\asian\n004721\0478_01.jpg,n004721,n004721,asian,asian,males,males,,,1,0.2902738,35.40677,0.7097262
data\processed\bfw\asian\n006358\0083_03.jpg,data\processed\bfw\asian\n003491\0086_01.jpg,n006358,n003491,asian,asian,females,males,,,0,-0.06379237,45.481438,1.0637923
data\processed\bfw\asian\n001496\0219_01.jpg,data\processed\bfw\asian\n001496\0444_01.jpg,n001496,n001496,asian,asian,males,males,,,1,0.14196886,39.099304,0.85803115
data\processed\bfw\asian\n007270\0128_01.jpg,data\processed\bfw\asian\n007270\0289_01.jpg,n007270,n007270,asian,asian,females,females,,,1,0.46667582,28.613537,0.5333242
data\processed\bfw\asian\n000160\0347_01.jpg,data\processed\bfw\asian\n003463\0023_01.jpg,n000160,n003463,asian,asian,females,males,,,0,-0.12854302,43.91511,1.128543
data\processed\bfw\asian\n000148\0365_01.jpg,data\processed\bfw\asian\n008978\0083_01.jpg,n000148,n008978,asian,asian,females,females,,,0,0.20762908,34.485737,0.7923709
data\processed\bfw\asian\n008163\0645_01.jpg,data\processed\bfw\asian\n003491\0019_01.jpg,n008163,n003491,asian,asian,females,males,,,0,-0.15551849,42.4925,1.1555185
data\processed\bfw\asian\n005069\0313_01.jpg,data\processed\bfw\asian\n005069\0502_02.jpg,n005069,n005069,asian,asian,females,females,,,1,0.031530216,35.351753,0.9684698
data\processed\bfw\asian\n003465\0023_06.jpg,data\processed\bfw\asian\n003465\0413_01.jpg,n003465,n003465,asian,asian,males,males,,,1,0.31115377,32.17579,0.68884623
data\processed\bfw\asian\n000139\0498_01.jpg,data\processed\bfw\asian\n004549\0357_03.jpg,n000139,n004549,asian,asian,females,females,,,0,0.16710865,38.518394,0.83289135
data\processed\bfw\asian\n008934\0053_01.jpg,data\processed\bfw\asian\n000135\0255_01.jpg,n008934,n000135,asian,asian,females,females,,,0,0.03549164,36.743034,0.96450835
data\processed\bfw\asian\n000436\0088_03.jpg,data\processed\bfw\asian\n000436\0407_01.jpg,n000436,n000436,asian,asian,males,males,,,1,0.14775307,39.970444,0.85224694
data\processed\bfw\asian\n009177\0363_01.jpg,data\processed\bfw\asian\n008163\0429_01.jpg,n009177,n008163,asian,asian,females,females,,,0,-0.052726097,44.45043,1.0527261
data\processed\bfw\asian\n003533\0128_01.jpg,data\processed\bfw\asian\n003533\0138_01.jpg,n003533,n003533,asian,asian,males,males,,,1,0.2999403,39.62969,0.7000597
data\processed\bfw\asian\n001682\0041_01.jpg,data\processed\bfw\asian\n000873\0050_02.jpg,n001682,n000873,asian,asian,males,males,,,0,0.09297532,46.018322,0.9070247
data\processed\bfw\asian\n000138\0066_09.jpg,data\processed\bfw\asian\n005069\0225_01.jpg,n000138,n005069,asian,asian,females,females,,,0,0.09636223,32.139324,0.90363777
data\processed\bfw\asian\n004864\0148_01.jpg,data\processed\bfw\asian\n006774\0111_01.jpg,n004864,n006774,asian,asian,females,females,,,0,0.07901894,36.099964,0.92098105
data\processed\bfw\asian\n004472\0155_01.jpg,data\processed\bfw\asian\n004472\0295_03.jpg,n004472,n004472,asian,asian,females,females,,,1,0.24047172,30.74305,0.7595283
data\processed\bfw\asian\n004681\0101_01.jpg,data\processed\bfw\asian\n006159\0178_01.jpg,n004681,n006159,asian,asian,males,females,,,0,0.10304578,37.847195,0.89695424
data\processed\bfw\asian\n008978\0236_01.jpg,data\processed\bfw\asian\n009294\0282_03.jpg,n008978,n009294,asian,asian,females,females,,,0,0.13194944,39.247223,0.8680506
data\processed\bfw\asian\n000872\0200_01.jpg,data\processed\bfw\asian\n000872\0241_04.jpg,n000872,n000872,asian,asian,males,males,,,1,0.0917382,40.215164,0.9082618
data\processed\bfw\asian\n007372\0177_01.jpg,data\processed\bfw\asian\n000856\0134_02.jpg,n007372,n000856,asian,asian,females,females,,,0,0.07336313,33.8869,0.9266369
data\processed\bfw\asian\n003824\0019_01.jpg,data\processed\bfw\asian\n004800\0428_01.jpg,n003824,n004800,asian,asian,females,males,,,0,0.122308545,39.34143,0.87769145
data\processed\bfw\asian\n009287\0256_04.jpg,data\processed\bfw\asian\n007378\0458_01.jpg,n009287,n007378,asian,asian,females,females,,,0,0.20849685,40.684807,0.79150313
data\processed\bfw\asian\n006223\0126_01.jpg,data\processed\bfw\asian\n006223\0250_01.jpg,n006223,n006223,asian,asian,females,females,,,1,0.28231403,30.552835,0.71768594
data\processed\bfw\asian\n000158\0066_01.jpg,data\processed\bfw\asian\n000158\0161_01.jpg,n000158,n000158,asian,asian,males,males,,,1,0.51626813,30.768911,0.48373187
data\processed\bfw\asian\n007378\0175_01.jpg,data\processed\bfw\asian\n007378\0500_02.jpg,n007378,n007378,asian,asian,females,females,,,1,0.54063684,26.145384,0.45936316
data\processed\bfw\asian\n004870\0094_04.jpg,data\processed\bfw\asian\n001572\0393_01.jpg,n004870,n001572,asian,asian,females,females,,,0,0.044400573,34.17013,0.9555994
data\processed\bfw\asian\n003355\0016_01.jpg,data\processed\bfw\asian\n000840\0053_01.jpg,n003355,n000840,asian,asian,males,females,,,0,0.1152199,36.749084,0.8847801
data\processed\bfw\asian\n003467\0395_01.jpg,data\processed\bfw\asian\n003467\0405_01.jpg,n003467,n003467,asian,asian,females,females,,,1,0.09314814,39.389984,0.9068519
data\processed\bfw\asian\n006418\0165_02.jpg,data\processed\bfw\asian\n006418\0386_01.jpg,n006418,n006418,asian,asian,females,females,,,1,0.42083657,27.27634,0.57916343
data\processed\bfw\asian\n000137\0050_01.jpg,data\processed\bfw\asian\n000137\0110_01.jpg,n000137,n000137,asian,asian,females,females,,,1,0.35181418,34.200226,0.64818585
data\processed\bfw\asian\n009275\0238_02.jpg,data\processed\bfw\asian\n009275\0343_01.jpg,n009275,n009275,asian,asian,females,females,,,1,0.061104123,34.911224,0.9388959
data\processed\bfw\asian\n006126\0128_01.jpg,data\processed\bfw\asian\n005378\0176_01.jpg,n006126,n005378,asian,asian,females,females,,,0,0.06065888,37.030766,0.9393411
data\processed\bfw\asian\n003156\0004_01.jpg,data\processed\bfw\asian\n003156\0103_01.jpg,n003156,n003156,asian,asian,males,males,,,1,0.3432651,31.406555,0.65673494
data\processed\bfw\asian\n000143\0406_01.jpg,data\processed\bfw\asian\n007380\0525_01.jpg,n000143,n007380,asian,asian,females,females,,,0,0.18813965,33.64387,0.8118603
data\processed\bfw\asian\n003358\0139_01.jpg,data\processed\bfw\asian\n004680\0175_01.jpg,n003358,n004680,asian,asian,females,females,,,0,-0.036158994,39.83309,1.036159
data\processed\bfw\asian\n003489\0220_01.jpg,data\processed\bfw\asian\n008383\0118_01.jpg,n003489,n008383,asian,asian,males,females,,,0,0.057278257,39.93591,0.9427217
data\processed\bfw\asian\n009277\0178_01.jpg,data\processed\bfw\asian\n009277\0365_01.jpg,n009277,n009277,asian,asian,females,females,,,1,0.3857026,29.98086,0.6142974
data\processed\bfw\asian\n001562\0052_01.jpg,data\processed\bfw\asian\n001562\0070_01.jpg,n001562,n001562,asian,asian,males,males,,,1,0.08579496,37.17773,0.914205
data\processed\bfw\asian\n006418\0075_02.jpg,data\processed\bfw\asian\n006418\0129_01.jpg,n006418,n006418,asian,asian,females,females,,,1,0.1610812,32.152973,0.8389188
data\processed\bfw\asian\n005078\0079_01.jpg,data\processed\bfw\asian\n005078\0202_01.jpg,n005078,n005078,asian,asian,males,males,,,1,0.64733434,27.44594,0.35266566
data\processed\bfw\asian\n006125\0217_01.jpg,data\processed\bfw\asian\n004948\0401_02.jpg,n006125,n004948,asian,asian,females,males,,,0,0.091966935,41.45912,0.9080331
data\processed\bfw\asian\n004108\0188_01.jpg,data\processed\bfw\asian\n004108\0337_02.jpg,n004108,n004108,asian,asian,males,males,,,1,0.27955934,31.492914,0.7204406
data\processed\bfw\asian\n002406\0027_02.jpg,data\processed\bfw\asian\n009277\0026_01.jpg,n002406,n009277,asian,asian,males,females,,,0,0.039410893,38.168686,0.9605891
data\processed\bfw\asian\n008934\0053_01.jpg,data\processed\bfw\asian\n008934\0128_01.jpg,n008934,n008934,asian,asian,females,females,,,1,0.3926501,31.075384,0.6073499
data\processed\bfw\asian\n004686\0100_01.jpg,data\processed\bfw\asian\n004686\0544_01.jpg,n004686,n004686,asian,asian,males,males,,,1,0.55587626,26.568844,0.44412374
data\processed\bfw\asian\n009288\0107_01.jpg,data\processed\bfw\asian\n009288\0156_02.jpg,n009288,n009288,asian,asian,females,females,,,1,0.6552081,25.909796,0.3447919
data\processed\bfw\asian\n005474\0125_04.jpg,data\processed\bfw\asian\n005474\0298_05.jpg,n005474,n005474,asian,asian,females,females,,,1,0.24957749,35.33384,0.7504225
data\processed\bfw\asian\n009041\0553_01.jpg,data\processed\bfw\asian\n009103\0286_01.jpg,n009041,n009103,asian,asian,females,females,,,0,0.078509726,41.67695,0.92149025
data\processed\bfw\asian\n005083\0057_02.jpg,data\processed\bfw\asian\n005083\0108_01.jpg,n005083,n005083,asian,asian,females,females,,,1,0.43119696,26.595154,0.5688031
data\processed\bfw\asian\n000139\0309_01.jpg,data\processed\bfw\asian\n000139\0501_01.jpg,n000139,n000139,asian,asian,females,females,,,1,0.2281756,34.835106,0.7718244
data\processed\bfw\asian\n004864\0171_01.jpg,data\processed\bfw\asian\n004864\0179_01.jpg,n004864,n004864,asian,asian,females,females,,,1,0.10988074,33.562016,0.89011925
data\processed\bfw\asian\n006125\0185_01.jpg,data\processed\bfw\asian\n006125\0253_01.jpg,n006125,n006125,asian,asian,females,females,,,1,0.37085086,33.1301,0.62914914
data\processed\bfw\asian\n004930\0235_01.jpg,data\processed\bfw\asian\n004930\0282_01.jpg,n004930,n004930,asian,asian,females,females,,,1,0.024275219,35.546818,0.97572476
data\processed\bfw\asian\n004800\0740_01.jpg,data\processed\bfw\asian\n007380\0333_01.jpg,n004800,n007380,asian,asian,males,females,,,0,0.13955908,36.72051,0.8604409
data\processed\bfw\asian\n008148\0013_01.jpg,data\processed\bfw\asian\n008148\0183_01.jpg,n008148,n008148,asian,asian,females,females,,,1,0.39796928,27.979593,0.60203075
data\processed\bfw\asian\n000135\0081_01.jpg,data\processed\bfw\asian\n000135\0138_10.jpg,n000135,n000135,asian,asian,females,females,,,1,0.48182648,31.173529,0.5181735
data\processed\bfw\asian\n000158\0069_01.jpg,data\processed\bfw\asian\n004472\0312_02.jpg,n000158,n004472,asian,asian,males,females,,,0,-0.0197716,42.702675,1.0197716
data\processed\bfw\asian\n009288\0101_01.jpg,data\processed\bfw\asian\n003355\0266_01.jpg,n009288,n003355,asian,asian,females,males,,,0,0.10737249,34.633884,0.8926275
data\processed\bfw\asian\n006223\0055_01.jpg,data\processed\bfw\asian\n006223\0260_01.jpg,n006223,n006223,asian,asian,females,females,,,1,0.22160396,30.78464,0.778396
data\processed\bfw\asian\n001976\0458_02.jpg,data\processed\bfw\asian\n008163\0527_03.jpg,n001976,n008163,asian,asian,males,females,,,0,-0.08428026,45.867687,1.0842803
data\processed\bfw\asian\n009137\0278_01.jpg,data\processed\bfw\asian\n002509\0432_01.jpg,n009137,n002509,asian,asian,females,females,,,0,0.19202578,32.167557,0.8079742
data\processed\bfw\asian\n009042\0144_01.jpg,data\processed\bfw\asian\n009042\0250_01.jpg,n009042,n009042,asian,asian,females,females,,,1,0.1001816,39.424576,0.8998184
data\processed\bfw\asian\n009277\0020_01.jpg,data\processed\bfw\asian\n008978\0264_01.jpg,n009277,n008978,asian,asian,females,females,,,0,0.23214985,33.208214,0.76785016
data\processed\bfw\asian\n000139\0109_03.jpg,data\processed\bfw\asian\n003489\0220_01.jpg,n000139,n003489,asian,asian,females,males,,,0,-0.0528641,44.39889,1.0528641
data\processed\bfw\asian\n004108\0190_01.jpg,data\processed\bfw\asian\n004108\0401_02.jpg,n004108,n004108,asian,asian,males,males,,,1,0.07347927,40.824253,0.9265207
data\processed\bfw\asian\n004936\0304_02.jpg,data\processed\bfw\asian\n004936\0345_01.jpg,n004936,n004936,asian,asian,females,females,,,1,0.22072773,34.02277,0.77927226
data\processed\bfw\asian\n004681\0026_01.jpg,data\processed\bfw\asian\n004681\0133_01.jpg,n004681,n004681,asian,asian,males,males,,,1,0.5268711,25.364182,0.4731289
data\processed\bfw\asian\n004466\0154_01.jpg,data\processed\bfw\asian\n000838\0037_01.jpg,n004466,n000838,asian,asian,males,females,,,0,-0.1212801,44.84972,1.1212801
data\processed\bfw\asian\n005069\0148_01.jpg,data\processed\bfw\asian\n005069\0225_01.jpg,n005069,n005069,asian,asian,females,females,,,1,0.15733074,34.284977,0.84266925
data\processed\bfw\asian\n004936\0124_01.jpg,data\processed\bfw\asian\n004936\0324_01.jpg,n004936,n004936,asian,asian,females,females,,,1,0.1433412,35.95245,0.8566588
data\processed\bfw\asian\n009041\0066_01.jpg,data\processed\bfw\asian\n006634\0679_01.jpg,n009041,n006634,asian,asian,females,females,,,0,0.2481016,36.658844,0.7518984
data\processed\bfw\asian\n000158\0250_02.jpg,data\processed\bfw\asian\n000838\0066_01.jpg,n000158,n000838,asian,asian,males,females,,,0,0.1458987,36.207035,0.8541013
data\processed\bfw\asian\n004725\0121_01.jpg,data\processed\bfw\asian\n004725\0147_01.jpg,n004725,n004725,asian,asian,males,males,,,1,0.34092748,35.713993,0.6590725
data\processed\bfw\asian\n000840\0053_01.jpg,data\processed\bfw\asian\n000840\0624_03.jpg,n000840,n000840,asian,asian,females,females,,,1,-0.012888478,40.603516,1.0128884
data\processed\bfw\asian\n007270\0471_01.jpg,data\processed\bfw\asian\n004785\0211_01.jpg,n007270,n004785,asian,asian,females,females,,,0,0.038781468,38.898636,0.96121854
data\processed\bfw\asian\n004794\0313_02.jpg,data\processed\bfw\asian\n004472\0093_01.jpg,n004794,n004472,asian,asian,males,females,,,0,0.0886126,37.21152,0.9113874
data\processed\bfw\asian\n004466\0030_01.jpg,data\processed\bfw\asian\n004466\0048_01.jpg,n004466,n004466,asian,asian,males,males,,,1,0.4409757,28.018742,0.55902433
data\processed\bfw\asian\n005083\0120_01.jpg,data\processed\bfw\asian\n003506\0342_01.jpg,n005083,n003506,asian,asian,females,females,,,0,0.06828353,33.7712,0.93171644
data\processed\bfw\asian\n009288\0165_01.jpg,data\processed\bfw\asian\n009288\0172_01.jpg,n009288,n009288,asian,asian,females,females,,,1,0.2549934,38.36767,0.74500656
data\processed\bfw\asian\n006126\0141_01.jpg,data\processed\bfw\asian\n006126\0329_01.jpg,n006126,n006126,asian,asian,females,females,,,1,0.24727122,29.262007,0.75272876
data\processed\bfw\asian\n009279\0015_01.jpg,data\processed\bfw\asian\n004680\0113_02.jpg,n009279,n004680,asian,asian,females,females,,,0,-0.015154654,38.521965,1.0151546
data\processed\bfw\asian\n008978\0064_01.jpg,data\processed\bfw\asian\n004930\0236_01.jpg,n008978,n004930,asian,asian,females,females,,,0,0.018392915,40.378487,0.9816071
data\processed\bfw\asian\n001496\0145_01.jpg,data\processed\bfw\asian\n001496\0468_02.jpg,n001496,n001496,asian,asian,males,males,,,1,0.3500659,32.05181,0.6499341
data\processed\bfw\asian\n001976\0038_01.jpg,data\processed\bfw\asian\n009103\0179_03.jpg,n001976,n009103,asian,asian,males,females,,,0,0.08867044,38.949726,0.91132957
data\processed\bfw\asian\n007380\0195_01.jpg,data\processed\bfw\asian\n003506\0115_01.jpg,n007380,n003506,asian,asian,females,females,,,0,0.08762407,38.975895,0.9123759
data\processed\bfw\asian\n004549\0351_02.jpg,data\processed\bfw\asian\n000009\0102_01.jpg,n004549,n000009,asian,asian,females,females,,,0,-0.14342836,46.20795,1.1434283
data\processed\bfw\asian\n005474\0128_01.jpg,data\processed\bfw\asian\n005474\0145_02.jpg,n005474,n005474,asian,asian,females,females,,,1,0.23340985,32.606064,0.7665901
data\processed\bfw\asian\n009175\0021_01.jpg,data\processed\bfw\asian\n009175\0061_01.jpg,n009175,n009175,asian,asian,females,females,,,1,0.650718,27.996544,0.34928203
data\processed\bfw\asian\n008383\0068_01.jpg,data\processed\bfw\asian\n008383\0138_01.jpg,n008383,n008383,asian,asian,females,females,,,1,0.16768946,33.497463,0.83231056
data\processed\bfw\asian\n005078\0227_03.jpg,data\processed\bfw\asian\n005078\0679_01.jpg,n005078,n005078,asian,asian,males,males,,,1,0.15456277,39.931923,0.8454372
data\processed\bfw\asian\n003358\0365_01.jpg,data\processed\bfw\asian\n009175\0072_01.jpg,n003358,n009175,asian,asian,females,females,,,0,-0.01589012,44.39022,1.0158901
data\processed\bfw\asian\n003358\0304_01.jpg,data\processed\bfw\asian\n003358\0306_01.jpg,n003358,n003358,asian,asian,females,females,,,1,0.47928047,27.074842,0.5207195
data\processed\bfw\asian\n005177\0294_01.jpg,data\processed\bfw\asian\n007664\0066_01.jpg,n005177,n007664,asian,asian,males,females,,,0,0.21250138,36.27414,0.7874986
data\processed\bfw\asian\n007380\0052_01.jpg,data\processed\bfw\asian\n007380\0271_01.jpg,n007380,n007380,asian,asian,females,females,,,1,0.41296646,29.001205,0.5870335
data\processed\bfw\asian\n005446\0144_01.jpg,data\processed\bfw\asian\n005446\0412_01.jpg,n005446,n005446,asian,asian,females,females,,,1,0.0061905924,42.307346,0.9938094
data\processed\bfw\asian\n002644\0497_02.jpg,data\processed\bfw\asian\n008163\0645_01.jpg,n002644,n008163,asian,asian,males,females,,,0,0.21844013,36.005,0.7815599
data\processed\bfw\asian\n003027\0384_01.jpg,data\processed\bfw\asian\n003027\0397_01.jpg,n003027,n003027,asian,asian,males,males,,,1,0.107897386,43.574974,0.8921026
data\processed\bfw\asian\n007814\0114_02.jpg,data\processed\bfw\asian\n007814\0144_01.jpg,n007814,n007814,asian,asian,females,females,,,1,0.18060648,34.68754,0.8193935
data\processed\bfw\asian\n003167\0240_01.jpg,data\processed\bfw\asian\n003167\0562_01.jpg,n003167,n003167,asian,asian,males,males,,,1,0.6240284,26.187304,0.37597162
data\processed\bfw\asian\n003482\0022_01.jpg,data\processed\bfw\asian\n009287\0173_01.jpg,n003482,n009287,asian,asian,males,females,,,0,-0.05421779,46.241497,1.0542178
data\processed\bfw\asian\n003635\0072_03.jpg,data\processed\bfw\asian\n003635\0177_02.jpg,n003635,n003635,asian,asian,males,males,,,1,0.15845495,38.946518,0.84154505
data\processed\bfw\asian\n003357\0493_01.jpg,data\processed\bfw\asian\n003027\0448_07.jpg,n003357,n003027,asian,asian,females,males,,,0,-0.0012017745,42.212425,1.0012017
data\processed\bfw\asian\n002331\0277_01.jpg,data\processed\bfw\asian\n003489\0109_01.jpg,n002331,n003489,asian,asian,males,males,,,0,0.0609769,42.848705,0.9390231
data\processed\bfw\asian\n002406\0253_01.jpg,data\processed\bfw\asian\n009279\0216_01.jpg,n002406,n009279,asian,asian,males,females,,,0,0.123032495,35.15153,0.8769675
data\processed\bfw\asian\n006159\0073_01.jpg,data\processed\bfw\asian\n006159\0235_01.jpg,n006159,n006159,asian,asian,females,females,,,1,0.12986766,35.78818,0.8701323
data\processed\bfw\asian\n001976\0041_01.jpg,data\processed\bfw\asian\n001976\0090_01.jpg,n001976,n001976,asian,asian,males,males,,,1,0.3227338,33.372112,0.67726624
data\processed\bfw\asian\n009279\0031_01.jpg,data\processed\bfw\asian\n009279\0439_01.jpg,n009279,n009279,asian,asian,females,females,,,1,0.07898066,37.486504,0.9210193
data\processed\bfw\asian\n003354\0177_01.jpg,data\processed\bfw\asian\n004930\0282_01.jpg,n003354,n004930,asian,asian,females,females,,,0,0.12367369,36.07978,0.8763263
data\processed\bfw\asian\n000839\0298_01.jpg,data\processed\bfw\asian\n008401\0139_02.jpg,n000839,n008401,asian,asian,females,females,,,0,0.011333959,40.745472,0.98866606
data\processed\bfw\asian\n005072\0001_03.jpg,data\processed\bfw\asian\n005072\0606_01.jpg,n005072,n005072,asian,asian,males,males,,,1,0.5599689,23.908718,0.4400311
data\processed\bfw\asian\n004791\0152_02.jpg,data\processed\bfw\asian\n004791\0204_01.jpg,n004791,n004791,asian,asian,males,males,,,1,0.5377419,26.035843,0.4622581
data\processed\bfw\asian\n004877\0007_01.jpg,data\processed\bfw\asian\n004877\0273_01.jpg,n004877,n004877,asian,asian,females,females,,,1,0.03529657,41.355453,0.96470344
data\processed\bfw\asian\n003288\0089_01.jpg,data\processed\bfw\asian\n003288\0255_01.jpg,n003288,n003288,asian,asian,females,females,,,1,0.17387307,33.09813,0.82612693
data\processed\bfw\asian\n002644\0024_02.jpg,data\processed\bfw\asian\n002644\0418_01.jpg,n002644,n002644,asian,asian,males,males,,,1,0.40469,31.782476,0.59531
data\processed\bfw\asian\n007385\0193_01.jpg,data\processed\bfw\asian\n007385\0320_03.jpg,n007385,n007385,asian,asian,females,females,,,1,0.1841168,32.304035,0.8158832
data\processed\bfw\asian\n000838\0044_01.jpg,data\processed\bfw\asian\n000837\0195_01.jpg,n000838,n000837,asian,asian,females,females,,,0,0.16313827,39.443886,0.8368617
data\processed\bfw\asian\n003027\0176_04.jpg,data\processed\bfw\asian\n003027\0501_01.jpg,n003027,n003027,asian,asian,males,males,,,1,0.38413873,35.956463,0.6158613
data\processed\bfw\asian\n003449\0066_01.jpg,data\processed\bfw\asian\n003449\0418_01.jpg,n003449,n003449,asian,asian,females,females,,,1,0.12767255,38.67662,0.87232745
data\processed\bfw\asian\n007816\0329_01.jpg,data\processed\bfw\asian\n001562\0070_01.jpg,n007816,n001562,asian,asian,females,males,,,0,0.05930832,39.73755,0.9406917
data\processed\bfw\asian\n009294\0002_01.jpg,data\processed\bfw\asian\n009294\0036_01.jpg,n009294,n009294,asian,asian,females,females,,,1,0.36029547,36.236523,0.6397045
data\processed\bfw\asian\n003463\0129_01.jpg,data\processed\bfw\asian\n003463\0179_02.jpg,n003463,n003463,asian,asian,males,males,,,1,0.38749,31.383244,0.61250997
data\processed\bfw\asian\n007738\0034_01.jpg,data\processed\bfw\asian\n007738\0172_01.jpg,n007738,n007738,asian,asian,females,females,,,1,0.52650595,27.61023,0.47349405
data\processed\bfw\asian\n006126\0141_01.jpg,data\processed\bfw\asian\n002331\0371_01.jpg,n006126,n002331,asian,asian,females,males,,,0,-0.014886776,39.53643,1.0148867
data\processed\bfw\asian\n000838\0037_01.jpg,data\processed\bfw\asian\n005177\0075_01.jpg,n000838,n005177,asian,asian,females,males,,,0,0.011725296,44.46715,0.9882747
data\processed\bfw\asian\n004791\0134_01.jpg,data\processed\bfw\asian\n008383\0193_12.jpg,n004791,n008383,asian,asian,males,females,,,0,0.005037358,37.888084,0.99496263
data\processed\bfw\asian\n006126\0039_01.jpg,data\processed\bfw\asian\n004549\0018_01.jpg,n006126,n004549,asian,asian,females,females,,,0,0.03444695,34.247395,0.96555305
data\processed\bfw\asian\n005216\0020_01.jpg,data\processed\bfw\asian\n005216\0220_01.jpg,n005216,n005216,asian,asian,females,females,,,1,0.05537701,41.479202,0.944623
data\processed\bfw\asian\n001976\0071_01.jpg,data\processed\bfw\asian\n001976\0077_02.jpg,n001976,n001976,asian,asian,males,males,,,1,0.5001149,28.375116,0.49988508
data\processed\bfw\asian\n007089\0067_01.jpg,data\processed\bfw\asian\n009148\0054_01.jpg,n007089,n009148,asian,asian,females,females,,,0,0.08523025,36.690235,0.91476977
data\processed\bfw\asian\n000854\0239_01.jpg,data\processed\bfw\asian\n000854\0560_01.jpg,n000854,n000854,asian,asian,females,females,,,1,0.24069679,38.132385,0.7593032
data\processed\bfw\asian\n009042\0098_05.jpg,data\processed\bfw\asian\n006358\0101_06.jpg,n009042,n006358,asian,asian,females,females,,,0,0.1819544,40.41488,0.8180456
data\processed\bfw\asian\n004935\0035_02.jpg,data\processed\bfw\asian\n004935\0327_01.jpg,n004935,n004935,asian,asian,males,males,,,1,0.33566853,32.03361,0.66433144
data\processed\bfw\asian\n006634\0279_02.jpg,data\processed\bfw\asian\n006634\0726_04.jpg,n006634,n006634,asian,asian,females,females,,,1,0.22219937,32.887363,0.7778006
data\processed\bfw\asian\n009103\0421_01.jpg,data\processed\bfw\asian\n009288\0114_01.jpg,n009103,n009288,asian,asian,females,females,,,0,0.058753688,41.825596,0.94124633
data\processed\bfw\asian\n003489\0084_02.jpg,data\processed\bfw\asian\n003489\0091_01.jpg,n003489,n003489,asian,asian,males,males,,,1,0.6592177,24.66456,0.34078228
data\processed\bfw\asian\n002406\0076_01.jpg,data\processed\bfw\asian\n002406\0148_01.jpg,n002406,n002406,asian,asian,males,males,,,1,0.4673835,27.395435,0.5326165
data\processed\bfw\asian\n004786\0030_01.jpg,data\processed\bfw\asian\n003489\0031_01.jpg,n004786,n003489,asian,asian,females,males,,,0,-0.0123215625,41.731064,1.0123216
data\processed\bfw\asian\n007380\0562_01.jpg,data\processed\bfw\asian\n006222\0071_01.jpg,n007380,n006222,asian,asian,females,females,,,0,-0.114074506,44.016354,1.1140745
data\processed\bfw\asian\n002406\0310_02.jpg,data\processed\bfw\asian\n002406\0328_01.jpg,n002406,n002406,asian,asian,males,males,,,1,-0.038492367,46.26397,1.0384923
data\processed\bfw\asian\n003162\0023_01.jpg,data\processed\bfw\asian\n004469\0832_01.jpg,n003162,n004469,asian,asian,males,males,,,0,-0.19370599,55.560352,1.193706
data\processed\bfw\asian\n007270\0434_01.jpg,data\processed\bfw\asian\n000135\0138_10.jpg,n007270,n000135,asian,asian,females,females,,,0,0.19089106,36.3111,0.809109
data\processed\bfw\asian\n009148\0050_05.jpg,data\processed\bfw\asian\n009148\0103_01.jpg,n009148,n009148,asian,asian,females,females,,,1,0.1841061,34.399803,0.8158939
data\processed\bfw\asian\n004786\0030_01.jpg,data\processed\bfw\asian\n009103\0286_01.jpg,n004786,n009103,asian,asian,females,females,,,0,0.27217913,34.007187,0.7278209
data\processed\bfw\asian\n005077\0082_01.jpg,data\processed\bfw\asian\n005077\0153_01.jpg,n005077,n005077,asian,asian,females,females,,,1,0.6076512,20.94349,0.39234883
data\processed\bfw\asian\n004809\0178_02.jpg,data\processed\bfw\asian\n004809\0659_01.jpg,n004809,n004809,asian,asian,males,males,,,1,0.29188552,31.810919,0.7081145
data\processed\bfw\asian\n003223\0645_01.jpg,data\processed\bfw\asian\n004787\0101_03.jpg,n003223,n004787,asian,asian,males,females,,,0,0.18009642,34.63602,0.8199036
data\processed\bfw\asian\n002320\0027_01.jpg,data\processed\bfw\asian\n002320\0072_01.jpg,n002320,n002320,asian,asian,males,males,,,1,0.28908485,32.94189,0.71091515
data\processed\bfw\asian\n004469\0114_01.jpg,data\processed\bfw\asian\n004221\0450_01.jpg,n004469,n004221,asian,asian,males,males,,,0,0.03465479,45.10911,0.9653452
data\processed\bfw\asian\n000436\0224_01.jpg,data\processed\bfw\asian\n000436\0654_02.jpg,n000436,n000436,asian,asian,males,males,,,1,0.10518367,37.488014,0.89481634
data\processed\bfw\asian\n000837\0009_01.jpg,data\processed\bfw\asian\n000837\0206_02.jpg,n000837,n000837,asian,asian,females,females,,,1,0.31528494,34.09051,0.68471503
data\processed\bfw\asian\n002509\0041_01.jpg,data\processed\bfw\asian\n004221\0157_03.jpg,n002509,n004221,asian,asian,females,males,,,0,-0.023091896,43.903152,1.0230919
data\processed\bfw\asian\n005072\0027_01.jpg,data\processed\bfw\asian\n005072\0107_01.jpg,n005072,n005072,asian,asian,males,males,,,1,0.53543204,29.029318,0.46456796
data\processed\bfw\asian\n004721\0125_01.jpg,data\processed\bfw\asian\n006126\0119_01.jpg,n004721,n006126,asian,asian,males,females,,,0,0.05654483,37.56625,0.94345516
data\processed\bfw\asian\n007816\0281_01.jpg,data\processed\bfw\asian\n007816\0770_01.jpg,n007816,n007816,asian,asian,females,females,,,1,0.5089799,23.685434,0.49102008
data\processed\bfw\asian\n002406\0176_01.jpg,data\processed\bfw\asian\n003463\0005_01.jpg,n002406,n003463,asian,asian,males,males,,,0,0.24724002,36.965694,0.75276
data\processed\bfw\asian\n003635\0177_02.jpg,data\processed\bfw\asian\n006344\0322_01.jpg,n003635,n006344,asian,asian,males,females,,,0,-0.05247433,36.679245,1.0524744
data\processed\bfw\asian\n004109\0015_01.jpg,data\processed\bfw\asian\n004109\0554_02.jpg,n004109,n004109,asian,asian,males,males,,,1,0.46291062,27.475273,0.53708935
data\processed\bfw\asian\n003027\0084_02.jpg,data\processed\bfw\asian\n003027\0501_01.jpg,n003027,n003027,asian,asian,males,males,,,1,0.43036228,32.02352,0.5696377
data\processed\bfw\asian\n009276\0166_01.jpg,data\processed\bfw\asian\n003155\1054_06.jpg,n009276,n003155,asian,asian,females,males,,,0,-0.04609526,44.858456,1.0460953
data\processed\bfw\asian\n004681\0019_01.jpg,data\processed\bfw\asian\n004681\0234_01.jpg,n004681,n004681,asian,asian,males,males,,,1,0.40088958,30.06428,0.5991104
data\processed\bfw\asian\n000436\0123_01.jpg,data\processed\bfw\asian\n000436\0156_02.jpg,n000436,n000436,asian,asian,males,males,,,1,0.21804495,37.08044,0.78195506
data\processed\bfw\asian\n007899\0084_02.jpg,data\processed\bfw\asian\n007899\0136_01.jpg,n007899,n007899,asian,asian,females,females,,,1,0.3023168,32.716057,0.6976832
data\processed\bfw\asian\n002331\0009_05.jpg,data\processed\bfw\asian\n002331\0153_01.jpg,n002331,n002331,asian,asian,males,males,,,1,0.54331887,26.630655,0.45668113
data\processed\bfw\asian\n003354\0029_01.jpg,data\processed\bfw\asian\n003354\0227_01.jpg,n003354,n003354,asian,asian,females,females,,,1,0.16047487,37.775948,0.8395251
data\processed\bfw\asian\n009294\0139_02.jpg,data\processed\bfw\asian\n004791\0204_01.jpg,n009294,n004791,asian,asian,females,males,,,0,-0.0056593064,44.61558,1.0056593
data\processed\bfw\asian\n007378\0289_01.jpg,data\processed\bfw\asian\n004467\0293_01.jpg,n007378,n004467,asian,asian,females,males,,,0,-0.17580633,40.884342,1.1758063
data\processed\bfw\asian\n003482\0059_01.jpg,data\processed\bfw\asian\n003482\0284_06.jpg,n003482,n003482,asian,asian,males,males,,,1,0.15443438,41.533787,0.8455656
data\processed\bfw\asian\n004467\0307_03.jpg,data\processed\bfw\asian\n004467\0677_01.jpg,n004467,n004467,asian,asian,males,males,,,1,0.25303274,36.039654,0.74696726
data\processed\bfw\asian\n002406\0328_01.jpg,data\processed\bfw\asian\n009137\0163_02.jpg,n002406,n009137,asian,asian,males,females,,,0,0.019623278,41.254612,0.9803767
data\processed\bfw\asian\n005069\0578_01.jpg,data\processed\bfw\asian\n008383\0225_02.jpg,n005069,n008383,asian,asian,females,females,,,0,-0.08734041,42.799896,1.0873404
data\processed\bfw\asian\n009125\0181_01.jpg,data\processed\bfw\asian\n002320\0272_03.jpg,n009125,n002320,asian,asian,females,males,,,0,-0.033696994,38.83608,1.033697
data\processed\bfw\asian\n005083\0038_01.jpg,data\processed\bfw\asian\n005083\0053_03.jpg,n005083,n005083,asian,asian,females,females,,,1,0.5465749,24.872334,0.4534251
data\processed\bfw\asian\n003635\0072_03.jpg,data\processed\bfw\asian\n003635\0099_01.jpg,n003635,n003635,asian,asian,males,males,,,1,0.45642057,35.537727,0.54357946
data\processed\bfw\asian\n003357\0422_01.jpg,data\processed\bfw\asian\n009103\0703_02.jpg,n003357,n009103,asian,asian,females,females,,,0,0.12566727,34.34433,0.8743327
data\processed\bfw\asian\n002331\0065_02.jpg,data\processed\bfw\asian\n002331\0139_01.jpg,n002331,n002331,asian,asian,males,males,,,1,0.3247658,38.493397,0.6752342
data\processed\bfw\asian\n003153\0315_02.jpg,data\processed\bfw\asian\n003467\0096_01.jpg,n003153,n003467,asian,asian,females,females,,,0,-0.10713482,39.12225,1.1071348
data\processed\bfw\asian\n003481\0015_01.jpg,data\processed\bfw\asian\n003481\0441_01.jpg,n003481,n003481,asian,asian,females,females,,,1,0.15621687,35.348145,0.84378314
data\processed\bfw\asian\n004549\0303_01.jpg,data\processed\bfw\asian\n000138\0259_01.jpg,n004549,n000138,asian,asian,females,females,,,0,-0.0173597,36.737434,1.0173597
data\processed\bfw\asian\n004549\0027_02.jpg,data\processed\bfw\asian\n004549\0065_01.jpg,n004549,n004549,asian,asian,females,females,,,1,0.32369956,26.169224,0.6763004
data\processed\bfw\asian\n008163\0218_01.jpg,data\processed\bfw\asian\n006149\0026_01.jpg,n008163,n006149,asian,asian,females,females,,,0,-0.04414691,37.004482,1.0441469
data\processed\bfw\asian\n006736\0438_01.jpg,data\processed\bfw\asian\n006736\0537_01.jpg,n006736,n006736,asian,asian,females,females,,,1,0.21932857,35.595146,0.7806714
data\processed\bfw\asian\n004680\0175_01.jpg,data\processed\bfw\asian\n004864\0607_01.jpg,n004680,n004864,asian,asian,females,females,,,0,0.09051337,38.88273,0.90948665
data\processed\bfw\asian\n003824\0103_01.jpg,data\processed\bfw\asian\n000135\0465_01.jpg,n003824,n000135,asian,asian,females,females,,,0,-0.028697789,40.22136,1.0286977
data\processed\bfw\asian\n006203\0009_04.jpg,data\processed\bfw\asian\n003481\0141_01.jpg,n006203,n003481,asian,asian,females,females,,,0,0.018330488,36.50434,0.9816695
data\processed\bfw\asian\n008401\0297_01.jpg,data\processed\bfw\asian\n008401\0334_01.jpg,n008401,n008401,asian,asian,females,females,,,1,0.46400467,30.142622,0.53599536
data\processed\bfw\asian\n005063\0414_06.jpg,data\processed\bfw\asian\n009278\0066_01.jpg,n005063,n009278,asian,asian,females,females,,,0,-0.1380272,45.127274,1.1380272
data\processed\bfw\asian\n000143\0044_01.jpg,data\processed\bfw\asian\n000143\0734_02.jpg,n000143,n000143,asian,asian,females,females,,,1,0.118654974,34.876255,0.88134503
data\processed\bfw\asian\n002331\0054_02.jpg,data\processed\bfw\asian\n002331\0207_01.jpg,n002331,n002331,asian,asian,males,males,,,1,0.3335762,33.990997,0.6664238
data\processed\bfw\asian\n000139\0109_03.jpg,data\processed\bfw\asian\n000139\0170_01.jpg,n000139,n000139,asian,asian,females,females,,,1,0.32660213,35.223537,0.6733979
data\processed\bfw\asian\n004791\0209_01.jpg,data\processed\bfw\asian\n006126\0105_01.jpg,n004791,n006126,asian,asian,males,females,,,0,0.08621999,33.93564,0.91378003
data\processed\bfw\asian\n009279\0004_01.jpg,data\processed\bfw\asian\n004725\0225_01.jpg,n009279,n004725,asian,asian,females,males,,,0,0.02641169,40.51878,0.9735883
data\processed\bfw\asian\n003027\0028_01.jpg,data\processed\bfw\asian\n003027\0176_04.jpg,n003027,n003027,asian,asian,males,males,,,1,0.5074376,33.362682,0.4925624
data\processed\bfw\asian\n005063\0439_01.jpg,data\processed\bfw\asian\n001682\0127_01.jpg,n005063,n001682,asian,asian,females,males,,,0,-0.017943367,43.0827,1.0179434
data\processed\bfw\asian\n000856\0012_01.jpg,data\processed\bfw\asian\n000856\0285_01.jpg,n000856,n000856,asian,asian,females,females,,,1,-0.018194165,38.388557,1.0181942
data\processed\bfw\asian\n004877\0317_02.jpg,data\processed\bfw\asian\n004877\0441_01.jpg,n004877,n004877,asian,asian,females,females,,,1,0.3345363,32.51059,0.6654637
data\processed\bfw\asian\n003635\0449_01.jpg,data\processed\bfw\asian\n003635\0624_01.jpg,n003635,n003635,asian,asian,males,males,,,1,0.00656894,44.7913,0.99343103
data\processed\bfw\asian\n005378\0222_01.jpg,data\processed\bfw\asian\n005378\0446_01.jpg,n005378,n005378,asian,asian,females,females,,,1,0.3497727,35.35275,0.6502273
data\processed\bfw\asian\n001864\0077_01.jpg,data\processed\bfw\asian\n003156\0058_01.jpg,n001864,n003156,asian,asian,males,males,,,0,0.11983227,40.4368,0.8801677
data\processed\bfw\asian\n004809\0178_02.jpg,data\processed\bfw\asian\n002509\0023_01.jpg,n004809,n002509,asian,asian,males,females,,,0,0.011452422,36.032764,0.98854756
data\processed\bfw\asian\n006633\0063_04.jpg,data\processed\bfw\asian\n006148\0242_02.jpg,n006633,n006148,asian,asian,females,females,,,0,0.16300938,36.579876,0.8369906
data\processed\bfw\asian\n002331\0003_02.jpg,data\processed\bfw\asian\n002331\0029_01.jpg,n002331,n002331,asian,asian,males,males,,,1,0.6378279,26.549217,0.36217213
data\processed\bfw\asian\n005083\0133_01.jpg,data\processed\bfw\asian\n005083\0267_01.jpg,n005083,n005083,asian,asian,females,females,,,1,0.26953617,33.01723,0.73046386
data\processed\bfw\asian\n004930\0214_05.jpg,data\processed\bfw\asian\n004930\0290_01.jpg,n004930,n004930,asian,asian,females,females,,,1,0.16297998,38.70634,0.83702004
data\processed\bfw\asian\n000138\0066_09.jpg,data\processed\bfw\asian\n000137\0120_01.jpg,n000138,n000137,asian,asian,females,females,,,0,0.0447194,36.237415,0.9552806
data\processed\bfw\asian\n006222\0035_01.jpg,data\processed\bfw\asian\n002725\0253_02.jpg,n006222,n002725,asian,asian,females,females,,,0,-0.026346965,39.89869,1.0263469
data\processed\bfw\asian\n007380\0168_01.jpg,data\processed\bfw\asian\n007380\0195_01.jpg,n007380,n007380,asian,asian,females,females,,,1,0.35027206,28.224155,0.64972794
data\processed\bfw\asian\n004472\0045_02.jpg,data\processed\bfw\asian\n009278\0259_01.jpg,n004472,n009278,asian,asian,females,females,,,0,-0.09622663,40.619514,1.0962267
data\processed\bfw\asian\n005216\0084_01.jpg,data\processed\bfw\asian\n005216\0236_01.jpg,n005216,n005216,asian,asian,females,females,,,1,0.1375881,32.61114,0.8624119
data\processed\bfw\asian\n009276\0106_05.jpg,data\processed\bfw\asian\n009276\0298_01.jpg,n009276,n009276,asian,asian,females,females,,,1,0.13190372,36.14901,0.8680963
data\processed\bfw\asian\n003506\0011_01.jpg,data\processed\bfw\asian\n003506\0256_01.jpg,n003506,n003506,asian,asian,females,females,,,1,0.3084142,32.512917,0.6915858
data\processed\bfw\asian\n006619\0092_02.jpg,data\processed\bfw\asian\n006619\0216_01.jpg,n006619,n006619,asian,asian,females,females,,,1,0.30222172,30.398441,0.6977783
data\processed\bfw\asian\n004472\0146_01.jpg,data\processed\bfw\asian\n004472\0332_01.jpg,n004472,n004472,asian,asian,females,females,,,1,0.087097995,33.122948,0.912902
data\processed\bfw\asian\n009042\0026_01.jpg,data\processed\bfw\asian\n009042\0372_01.jpg,n009042,n009042,asian,asian,females,females,,,1,0.64665836,26.24861,0.35334164
data\processed\bfw\asian\n000137\0429_01.jpg,data\processed\bfw\asian\n009275\0343_01.jpg,n000137,n009275,asian,asian,females,females,,,0,-0.038622256,37.764126,1.0386223
data\processed\bfw\asian\n003465\0248_01.jpg,data\processed\bfw\asian\n005446\0103_01.jpg,n003465,n005446,asian,asian,males,females,,,0,-3.5936806e-05,40.02823,1.0000359
data\processed\bfw\asian\n009279\0439_01.jpg,data\processed\bfw\asian\n003449\0180_01.jpg,n009279,n003449,asian,asian,females,females,,,0,-0.12643851,43.298527,1.1264385
data\processed\bfw\asian\n000132\0091_01__face_0.jpg,data\processed\bfw\asian\n000132\0693_01__face_0.jpg,n000132,n000132,asian,asian,males,males,,,1,0.2599335,36.477627,0.7400665
data\processed\bfw\asian\n006418\1023_02.jpg,data\processed\bfw\asian\n008934\0050_01.jpg,n006418,n008934,asian,asian,females,females,,,0,-0.010942889,37.806866,1.0109429
data\processed\bfw\asian\n006222\0095_02.jpg,data\processed\bfw\asian\n006222\0104_01.jpg,n006222,n006222,asian,asian,females,females,,,1,0.5900931,26.10254,0.40990692
data\processed\bfw\asian\n004725\0001_01.jpg,data\processed\bfw\asian\n004725\0152_01.jpg,n004725,n004725,asian,asian,males,males,,,1,0.24350521,42.791615,0.75649476
data\processed\bfw\asian\n002552\0059_01.jpg,data\processed\bfw\asian\n004936\0757_01.jpg,n002552,n004936,asian,asian,males,females,,,0,-0.027053455,41.35434,1.0270535
data\processed\bfw\asian\n005077\0020_01.jpg,data\processed\bfw\asian\n001572\0156_01.jpg,n005077,n001572,asian,asian,females,females,,,0,0.07004993,37.02475,0.92995006
data\processed\bfw\asian\n004864\0621_01.jpg,data\processed\bfw\asian\n007378\0140_01.jpg,n004864,n007378,asian,asian,females,females,,,0,0.054534115,36.643715,0.94546586
data\processed\bfw\asian\n004721\0021_01.jpg,data\processed\bfw\asian\n004721\0041_01.jpg,n004721,n004721,asian,asian,males,males,,,1,0.6411553,23.659702,0.3588447
data\processed\bfw\asian\n007380\0019_01.jpg,data\processed\bfw\asian\n004221\0169_02.jpg,n007380,n004221,asian,asian,females,males,,,0,0.060819812,42.514713,0.9391802
data\processed\bfw\asian\n009175\0066_01.jpg,data\processed\bfw\asian\n002552\0530_01.jpg,n009175,n002552,asian,asian,females,males,,,0,-0.015843825,40.588276,1.0158439
data\processed\bfw\asian\n000139\0305_02.jpg,data\processed\bfw\asian\n003162\0024_01.jpg,n000139,n003162,asian,asian,females,males,,,0,0.13617061,42.941307,0.8638294
data\processed\bfw\asian\n004681\0117_01.jpg,data\processed\bfw\asian\n004681\0234_01.jpg,n004681,n004681,asian,asian,males,males,,,1,0.34776983,31.365517,0.65223014
data\processed\bfw\asian\n000143\0045_05.jpg,data\processed\bfw\asian\n004549\0065_01.jpg,n000143,n004549,asian,asian,females,females,,,0,0.13318342,33.694267,0.8668166
data\processed\bfw\asian\n004936\0111_04.jpg,data\processed\bfw\asian\n004936\0469_01.jpg,n004936,n004936,asian,asian,females,females,,,1,0.38478166,34.36802,0.61521834
data\processed\bfw\asian\n009279\0216_01.jpg,data\processed\bfw\asian\n003358\0055_01.jpg,n009279,n003358,asian,asian,females,females,,,0,0.112356946,34.153217,0.88764304
data\processed\bfw\asian\n006159\0180_01.jpg,data\processed\bfw\asian\n000840\0025_01.jpg,n006159,n000840,asian,asian,females,females,,,0,0.0051147626,42.58153,0.99488527
data\processed\bfw\asian\n004877\0135_01.jpg,data\processed\bfw\asian\n005216\0242_01.jpg,n004877,n005216,asian,asian,females,females,,,0,0.11238119,34.170284,0.8876188
data\processed\bfw\asian\n009275\0150_01.jpg,data\processed\bfw\asian\n006774\0282_01.jpg,n009275,n006774,asian,asian,females,females,,,0,0.31139502,29.593626,0.68860495
data\processed\bfw\asian\n004948\0106_01.jpg,data\processed\bfw\asian\n004930\0389_01.jpg,n004948,n004930,asian,asian,males,females,,,0,0.13999897,39.175346,0.860001
data\processed\bfw\asian\n004466\0075_01.jpg,data\processed\bfw\asian\n006633\0056_01.jpg,n004466,n006633,asian,asian,males,females,,,0,0.08430101,34.255512,0.915699
data\processed\bfw\asian\n006148\0120_01.jpg,data\processed\bfw\asian\n005446\0141_01.jpg,n006148,n005446,asian,asian,females,females,,,0,0.09156343,35.175877,0.90843654
data\processed\bfw\asian\n000839\0072_01.jpg,data\processed\bfw\asian\n000839\0162_01.jpg,n000839,n000839,asian,asian,females,females,,,1,0.30931646,32.803967,0.69068354
data\processed\bfw\asian\n001496\0239_01.jpg,data\processed\bfw\asian\n006149\0117_01.jpg,n001496,n006149,asian,asian,males,females,,,0,0.064046115,40.126465,0.93595386
data\processed\bfw\asian\n003635\0012_02.jpg,data\processed\bfw\asian\n003635\0449_01.jpg,n003635,n003635,asian,asian,males,males,,,1,-0.06914136,50.91043,1.0691414
data\processed\bfw\asian\n004809\0166_04.jpg,data\processed\bfw\asian\n007738\0219_02.jpg,n004809,n007738,asian,asian,males,females,,,0,-0.07653604,40.2686,1.076536
data\processed\bfw\asian\n003635\0647_01.jpg,data\processed\bfw\asian\n009277\0496_01.jpg,n003635,n009277,asian,asian,males,females,,,0,0.11984237,37.516525,0.88015765
data\processed\bfw\asian\n005063\0297_04.jpg,data\processed\bfw\asian\n003027\0470_01.jpg,n005063,n003027,asian,asian,females,males,,,0,0.036515817,42.043236,0.96348417
data\processed\bfw\asian\n004860\0040_01.jpg,data\processed\bfw\asian\n004877\0145_01.jpg,n004860,n004877,asian,asian,females,females,,,0,0.16575424,33.511093,0.83424574
data\processed\bfw\asian\n006774\0075_01.jpg,data\processed\bfw\asian\n006774\0492_02.jpg,n006774,n006774,asian,asian,females,females,,,1,0.008979703,38.336136,0.9910203
data\processed\bfw\asian\n003153\0186_01.jpg,data\processed\bfw\asian\n003153\0287_01.jpg,n003153,n003153,asian,asian,females,females,,,1,0.35813254,29.921389,0.64186746
data\processed\bfw\asian\n004466\0112_01.jpg,data\processed\bfw\asian\n004466\0261_01.jpg,n004466,n004466,asian,asian,males,males,,,1,0.059347235,47.491547,0.9406528
data\processed\bfw\asian\n001864\0192_02.jpg,data\processed\bfw\asian\n004687\0058_01.jpg,n001864,n004687,asian,asian,males,females,,,0,0.13074885,37.941868,0.86925113
data\processed\bfw\asian\n002406\0070_01.jpg,data\processed\bfw\asian\n002406\0176_01.jpg,n002406,n002406,asian,asian,males,males,,,1,0.34660167,32.078423,0.65339833
data\processed\bfw\asian\n004870\0028_10.jpg,data\processed\bfw\asian\n004870\0069_01.jpg,n004870,n004870,asian,asian,females,females,,,1,0.43729877,31.294086,0.5627012
data\processed\bfw\asian\n006159\0083_01.jpg,data\processed\bfw\asian\n006159\0174_01.jpg,n006159,n006159,asian,asian,females,females,,,1,0.43128628,36.397,0.5687137
data\processed\bfw\asian\n008383\0143_01.jpg,data\processed\bfw\asian\n004221\0158_03.jpg,n008383,n004221,asian,asian,females,males,,,0,0.16639994,40.692436,0.83360004
data\processed\bfw\asian\n003465\0161_02.jpg,data\processed\bfw\asian\n003465\0461_03.jpg,n003465,n003465,asian,asian,males,males,,,1,0.317744,35.467434,0.682256
data\processed\bfw\asian\n004785\0167_02.jpg,data\processed\bfw\asian\n004785\0183_02.jpg,n004785,n004785,asian,asian,females,females,,,1,0.46293432,27.15849,0.5370657
data\processed\bfw\asian\n004864\0004_01.jpg,data\processed\bfw\asian\n004864\0058_01.jpg,n004864,n004864,asian,asian,females,females,,,1,0.42230156,25.681963,0.57769847
data\processed\bfw\asian\n000132\0400_01__face_0.jpg,data\processed\bfw\asian\n003223\0034_05.jpg,n000132,n003223,asian,asian,males,males,,,0,0.12360996,35.88062,0.87639004
data\processed\bfw\asian\n009041\0037_01.jpg,data\processed\bfw\asian\n000837\0249_01.jpg,n009041,n000837,asian,asian,females,females,,,0,-0.14933895,48.54723,1.149339
data\processed\bfw\asian\n009294\0110_02.jpg,data\processed\bfw\asian\n000872\0320_01.jpg,n009294,n000872,asian,asian,females,males,,,0,0.028534707,40.135708,0.9714653
data\processed\bfw\asian\n004935\0165_02.jpg,data\processed\bfw\asian\n004935\0703_01.jpg,n004935,n004935,asian,asian,males,males,,,1,0.37881616,32.296547,0.6211839
data\processed\bfw\asian\n003167\0562_01.jpg,data\processed\bfw\asian\n009294\0084_01.jpg,n003167,n009294,asian,asian,males,females,,,0,0.07358785,38.00666,0.92641217
data\processed\bfw\asian\n009125\0321_01.jpg,data\processed\bfw\asian\n005083\0100_01.jpg,n009125,n005083,asian,asian,females,females,,,0,0.16186798,31.447084,0.838132
data\processed\bfw\asian\n006126\0293_01.jpg,data\processed\bfw\asian\n006126\0423_01.jpg,n006126,n006126,asian,asian,females,females,,,1,-0.07254249,39.518906,1.0725424
data\processed\bfw\asian\n003506\0115_01.jpg,data\processed\bfw\asian\n000854\0249_01.jpg,n003506,n000854,asian,asian,females,females,,,0,-0.10000512,43.786896,1.1000051
data\processed\bfw\asian\n005177\0012_01.jpg,data\processed\bfw\asian\n005177\0196_01.jpg,n005177,n005177,asian,asian,males,males,,,1,0.045262028,43.469597,0.95473796
data\processed\bfw\asian\n005116\0143_01.jpg,data\processed\bfw\asian\n008978\0037_01.jpg,n005116,n008978,asian,asian,males,females,,,0,0.067459546,40.37307,0.9325405
data\processed\bfw\asian\n000837\0254_01.jpg,data\processed\bfw\asian\n000856\0285_01.jpg,n000837,n000856,asian,asian,females,females,,,0,-0.0544697,39.239574,1.0544697
data\processed\bfw\asian\n000160\0111_01.jpg,data\processed\bfw\asian\n003167\0001_02.jpg,n000160,n003167,asian,asian,females,males,,,0,-0.1182299,39.91682,1.1182299
data\processed\bfw\asian\n006619\0417_01.jpg,data\processed\bfw\asian\n000872\0274_02.jpg,n006619,n000872,asian,asian,females,males,,,0,0.019554015,38.134644,0.980446
data\processed\bfw\asian\n009279\0265_01.jpg,data\processed\bfw\asian\n009288\0215_02.jpg,n009279,n009288,asian,asian,females,females,,,0,0.1797576,37.373627,0.8202424
data\processed\bfw\asian\n004549\0222_02.jpg,data\processed\bfw\asian\n002644\0303_01.jpg,n004549,n002644,asian,asian,females,males,,,0,0.03222496,39.25731,0.96777505
data\processed\bfw\asian\n004687\0091_01.jpg,data\processed\bfw\asian\n005069\0234_01.jpg,n004687,n005069,asian,asian,females,females,,,0,0.042764176,37.59184,0.9572358
data\processed\bfw\asian\n004469\0114_01.jpg,data\processed\bfw\asian\n006344\0431_07.jpg,n004469,n006344,asian,asian,males,females,,,0,0.055882704,39.599533,0.9441173
data\processed\bfw\asian\n004467\0186_01.jpg,data\processed\bfw\asian\n009277\0091_01.jpg,n004467,n009277,asian,asian,males,females,,,0,-0.007711425,41.29179,1.0077114
data\processed\bfw\asian\n003355\0234_01.jpg,data\processed\bfw\asian\n006224\0145_04.jpg,n003355,n006224,asian,asian,males,females,,,0,0.06634437,35.781715,0.9336556
data\processed\bfw\asian\n005116\0143_01.jpg,data\processed\bfw\asian\n005116\0442_01.jpg,n005116,n005116,asian,asian,males,males,,,1,0.21472795,35.044285,0.78527206
data\processed\bfw\asian\n002644\0226_01.jpg,data\processed\bfw\asian\n003482\0019_01.jpg,n002644,n003482,asian,asian,males,males,,,0,0.11942594,40.61692,0.88057405
data\processed\bfw\asian\n000840\0036_01.jpg,data\processed\bfw\asian\n004785\0183_02.jpg,n000840,n004785,asian,asian,females,females,,,0,0.15471178,33.557816,0.8452882
data\processed\bfw\asian\n009287\0160_01.jpg,data\processed\bfw\asian\n009287\0262_01.jpg,n009287,n009287,asian,asian,females,females,,,1,0.3759254,31.001501,0.6240746
data\processed\bfw\asian\n005077\0063_01.jpg,data\processed\bfw\asian\n003635\0606_02.jpg,n005077,n003635,asian,asian,females,males,,,0,0.1503914,39.648052,0.8496086
data\processed\bfw\asian\n000160\0350_01.jpg,data\processed\bfw\asian\n000160\0430_01.jpg,n000160,n000160,asian,asian,females,females,,,1,0.30019775,29.68592,0.6998023
data\processed\bfw\asian\n003288\0022_01.jpg,data\processed\bfw\asian\n003288\0230_01.jpg,n003288,n003288,asian,asian,females,females,,,1,0.39394054,27.38994,0.60605943
data\processed\bfw\asian\n009275\0162_01.jpg,data\processed\bfw\asian\n000838\0144_06.jpg,n009275,n000838,asian,asian,females,females,,,0,0.15041502,32.600292,0.849585
data\processed\bfw\asian\n009294\0036_01.jpg,data\processed\bfw\asian\n009294\0111_02.jpg,n009294,n009294,asian,asian,females,females,,,1,0.4317627,34.962517,0.5682373
data\processed\bfw\asian\n004785\0082_01.jpg,data\processed\bfw\asian\n004785\0125_01.jpg,n004785,n004785,asian,asian,females,females,,,1,0.39953783,30.851768,0.6004622
data\processed\bfw\asian\n003465\0036_01.jpg,data\processed\bfw\asian\n003465\0461_03.jpg,n003465,n003465,asian,asian,males,males,,,1,0.3885758,32.1949,0.6114242
data\processed\bfw\asian\n004108\0190_01.jpg,data\processed\bfw\asian\n004108\0276_01.jpg,n004108,n004108,asian,asian,males,males,,,1,0.14563376,39.033993,0.85436624
data\processed\bfw\asian\n005216\0133_01.jpg,data\processed\bfw\asian\n005216\0212_02.jpg,n005216,n005216,asian,asian,females,females,,,1,0.18348907,34.232136,0.8165109
data\processed\bfw\asian\n006149\0018_01.jpg,data\processed\bfw\asian\n006149\0075_01.jpg,n006149,n006149,asian,asian,females,females,,,1,0.39635667,26.965776,0.6036433
data\processed\bfw\asian\n004785\0021_03.jpg,data\processed\bfw\asian\n008934\0053_01.jpg,n004785,n008934,asian,asian,females,females,,,0,0.14088637,36.266586,0.85911363
data\processed\bfw\asian\n000137\0032_01.jpg,data\processed\bfw\asian\n003481\0407_04.jpg,n000137,n003481,asian,asian,females,females,,,0,0.06123802,39.98022,0.93876195
data\processed\bfw\asian\n007814\0057_01.jpg,data\processed\bfw\asian\n007814\0173_03.jpg,n007814,n007814,asian,asian,females,females,,,1,0.30541813,30.125187,0.69458187
data\processed\bfw\asian\n000840\0012_01.jpg,data\processed\bfw\asian\n000840\0023_01.jpg,n000840,n000840,asian,asian,females,females,,,1,0.39876887,26.653091,0.6012311
data\processed\bfw\asian\n001864\0028_01.jpg,data\processed\bfw\asian\n001864\0147_01.jpg,n001864,n001864,asian,asian,males,males,,,1,0.22765853,35.752472,0.7723415
data\processed\bfw\asian\n004549\0275_01.jpg,data\processed\bfw\asian\n004549\0667_01.jpg,n004549,n004549,asian,asian,females,females,,,1,0.28416395,31.577562,0.71583605
data\processed\bfw\asian\n008163\0034_04.jpg,data\processed\bfw\asian\n008163\0239_02.jpg,n008163,n008163,asian,asian,females,females,,,1,0.40922305,32.507633,0.5907769
data\processed\bfw\asian\n004472\0007_01.jpg,data\processed\bfw\asian\n003354\0346_02.jpg,n004472,n003354,asian,asian,females,females,,,0,0.2791041,30.573973,0.7208959
data\processed\bfw\asian\n000837\0009_01.jpg,data\processed\bfw\asian\n000837\0085_01.jpg,n000837,n000837,asian,asian,females,females,,,1,0.37305877,30.595646,0.6269412
data\processed\bfw\asian\n000873\0042_01.jpg,data\processed\bfw\asian\n000873\0556_01.jpg,n000873,n000873,asian,asian,males,males,,,1,0.18710992,39.25094,0.81289005
data\processed\bfw\asian\n006619\0572_01.jpg,data\processed\bfw\asian\n005072\0258_01.jpg,n006619,n005072,asian,asian,females,males,,,0,-0.042407863,39.448376,1.0424079
data\processed\bfw\asian\n002775\0069_01.jpg,data\processed\bfw\asian\n004870\0070_02.jpg,n002775,n004870,asian,asian,males,females,,,0,-0.0049884086,42.335083,1.0049884
data\processed\bfw\asian\n000872\0203_01.jpg,data\processed\bfw\asian\n007738\0059_01.jpg,n000872,n007738,asian,asian,males,females,,,0,0.047875978,39.154396,0.952124
data\processed\bfw\asian\n008401\0228_01.jpg,data\processed\bfw\asian\n008401\0353_02.jpg,n008401,n008401,asian,asian,females,females,,,1,0.39324945,27.511885,0.60675055
data\processed\bfw\asian\n002775\0074_01.jpg,data\processed\bfw\asian\n009287\0175_01.jpg,n002775,n009287,asian,asian,males,females,,,0,0.015218721,47.585846,0.98478127
data\processed\bfw\asian\n009148\0051_01.jpg,data\processed\bfw\asian\n009148\0078_01.jpg,n009148,n009148,asian,asian,females,females,,,1,0.5130897,28.423645,0.48691028
data\processed\bfw\asian\n003481\0053_02.jpg,data\processed\bfw\asian\n003481\0215_01.jpg,n003481,n003481,asian,asian,females,females,,,1,0.31101605,31.817993,0.6889839
data\processed\bfw\asian\n003153\0186_01.jpg,data\processed\bfw\asian\n003153\0470_01.jpg,n003153,n003153,asian,asian,females,females,,,1,0.0047950423,35.33729,0.995205
data\processed\bfw\asian\n003354\0036_01.jpg,data\processed\bfw\asian\n003354\0068_01.jpg,n003354,n003354,asian,asian,females,females,,,1,0.2217627,39.345215,0.7782373
data\processed\bfw\asian\n007089\0058_01.jpg,data\processed\bfw\asian\n004469\0108_02.jpg,n007089,n004469,asian,asian,females,males,,,0,-0.0105372425,42.95898,1.0105373
data\processed\bfw\asian\n003491\0086_01.jpg,data\processed\bfw\asian\n003491\0115_03.jpg,n003491,n003491,asian,asian,males,males,,,1,0.10442875,37.888317,0.89557123
data\processed\bfw\asian\n009287\0030_01.jpg,data\processed\bfw\asian\n000161\0241_01.jpg,n009287,n000161,asian,asian,females,males,,,0,0.051460028,42.07774,0.94854
data\processed\bfw\asian\n007899\0222_01.jpg,data\processed\bfw\asian\n002320\0171_01.jpg,n007899,n002320,asian,asian,females,males,,,0,0.039013255,39.09112,0.96098673
data\processed\bfw\asian\n004686\0023_01.jpg,data\processed\bfw\asian\n004686\0302_01.jpg,n004686,n004686,asian,asian,males,males,,,1,0.3721399,31.566645,0.62786007
data\processed\bfw\asian\n005446\0037_01.jpg,data\processed\bfw\asian\n005446\0051_01.jpg,n005446,n005446,asian,asian,females,females,,,1,0.5166743,25.405062,0.48332572
data\processed\bfw\asian\n003463\0367_01.jpg,data\processed\bfw\asian\n006159\0265_01.jpg,n003463,n006159,asian,asian,males,females,,,0,0.027876593,45.711086,0.9721234
data\processed\bfw\asian\n000138\0188_01.jpg,data\processed\bfw\asian\n000138\0213_01.jpg,n000138,n000138,asian,asian,females,females,,,1,0.36301216,30.280247,0.6369878
data\processed\bfw\asian\n003557\0118_01.jpg,data\processed\bfw\asian\n004870\0144_01.jpg,n003557,n004870,asian,asian,females,females,,,0,0.08133573,33.88335,0.9186643
data\processed\bfw\asian\n004109\0131_01.jpg,data\processed\bfw\asian\n007385\0691_01.jpg,n004109,n007385,asian,asian,males,females,,,0,0.061290205,43.18221,0.9387098
data\processed\bfw\asian\n005378\0234_02.jpg,data\processed\bfw\asian\n005378\0388_01.jpg,n005378,n005378,asian,asian,females,females,,,1,-0.097344816,42.533398,1.0973449
data\processed\bfw\asian\n009103\0217_02.jpg,data\processed\bfw\asian\n000161\0038_01.jpg,n009103,n000161,asian,asian,females,males,,,0,0.060469843,39.09886,0.93953013
data\processed\bfw\asian\n005177\0012_01.jpg,data\processed\bfw\asian\n005177\0075_01.jpg,n005177,n005177,asian,asian,males,males,,,1,0.6066367,27.481377,0.3933633
data\processed\bfw\asian\n000436\0156_02.jpg,data\processed\bfw\asian\n004681\0133_01.jpg,n000436,n004681,asian,asian,males,males,,,0,-0.16178876,43.386204,1.1617887
data\processed\bfw\asian\n004800\0013_01.jpg,data\processed\bfw\asian\n004800\0111_01.jpg,n004800,n004800,asian,asian,males,males,,,1,0.28599766,31.756432,0.7140024
data\processed\bfw\asian\n002509\0104_02.jpg,data\processed\bfw\asian\n007738\0440_01.jpg,n002509,n007738,asian,asian,females,females,,,0,-0.005003514,39.088387,1.0050036
data\processed\bfw\asian\n004725\0118_02.jpg,data\processed\bfw\asian\n006736\0203_01.jpg,n004725,n006736,asian,asian,males,females,,,0,0.03464483,42.147564,0.96535516
data\processed\bfw\asian\n004948\0401_02.jpg,data\processed\bfw\asian\n006148\0074_01.jpg,n004948,n006148,asian,asian,males,females,,,0,0.16153821,41.54302,0.83846176
data\processed\bfw\asian\n003467\0096_01.jpg,data\processed\bfw\asian\n003467\0395_01.jpg,n003467,n003467,asian,asian,females,females,,,1,0.34000498,32.82157,0.659995
data\processed\bfw\asian\n007378\0479_01.jpg,data\processed\bfw\asian\n006125\0204_01.jpg,n007378,n006125,asian,asian,females,females,,,0,0.14388365,36.135906,0.85611635
data\processed\bfw\asian\n004786\0021_01.jpg,data\processed\bfw\asian\n004786\0795_01.jpg,n004786,n004786,asian,asian,females,females,,,1,0.29469633,30.989693,0.70530367
data\processed\bfw\asian\n005077\0002_01.jpg,data\processed\bfw\asian\n005077\0005_01.jpg,n005077,n005077,asian,asian,females,females,,,1,0.43709144,25.654383,0.56290853
data\processed\bfw\asian\n003155\0178_01.jpg,data\processed\bfw\asian\n009287\0262_01.jpg,n003155,n009287,asian,asian,males,females,,,0,-0.0076009813,45.03571,1.007601
data\processed\bfw\asian\n003167\0042_18.jpg,data\processed\bfw\asian\n006149\0002_01.jpg,n003167,n006149,asian,asian,males,females,,,0,-0.15511404,45.74633,1.155114
data\processed\bfw\asian\n003153\0250_01.jpg,data\processed\bfw\asian\n000840\0130_08.jpg,n003153,n000840,asian,asian,females,females,,,0,-0.0057047177,39.839237,1.0057048
data\processed\bfw\asian\n001496\0171_01.jpg,data\processed\bfw\asian\n001496\0608_01.jpg,n001496,n001496,asian,asian,males,males,,,1,0.563103,27.542667,0.43689698
data\processed\bfw\asian\n007089\0121_01.jpg,data\processed\bfw\asian\n007089\0229_01.jpg,n007089,n007089,asian,asian,females,females,,,1,0.014380754,40.574944,0.98561925
data\processed\bfw\asian\n009042\0026_01.jpg,data\processed\bfw\asian\n009042\0098_05.jpg,n009042,n009042,asian,asian,females,females,,,1,0.6293817,26.022648,0.37061828
data\processed\bfw\asian\n004864\0057_01.jpg,data\processed\bfw\asian\n004864\0179_01.jpg,n004864,n004864,asian,asian,females,females,,,1,0.052495208,35.970383,0.9475048
data\processed\bfw\asian\n005474\0062_01.jpg,data\processed\bfw\asian\n005474\0342_02.jpg,n005474,n005474,asian,asian,females,females,,,1,0.059677184,40.348545,0.9403228
data\processed\bfw\asian\n006126\0012_01.jpg,data\processed\bfw\asian\n006126\0055_01.jpg,n006126,n006126,asian,asian,females,females,,,1,0.2930074,28.207422,0.7069926
data\processed\bfw\asian\n004870\0264_01.jpg,data\processed\bfw\asian\n000837\0085_01.jpg,n004870,n000837,asian,asian,females,females,,,0,0.13332583,34.83705,0.8666742
data\processed\bfw\asian\n006634\0033_01.jpg,data\processed\bfw\asian\n006634\0434_01.jpg,n006634,n006634,asian,asian,females,females,,,1,-0.030781422,39.80384,1.0307814
data\processed\bfw\asian\n004687\0268_01.jpg,data\processed\bfw\asian\n004687\0295_01.jpg,n004687,n004687,asian,asian,females,females,,,1,0.4118544,28.958021,0.5881456
data\processed\bfw\asian\n000856\0079_01.jpg,data\processed\bfw\asian\n003153\0610_04.jpg,n000856,n003153,asian,asian,females,females,,,0,-0.061709028,38.862503,1.061709
data\processed\bfw\asian\n004930\0103_01.jpg,data\processed\bfw\asian\n004680\0185_01.jpg,n004930,n004680,asian,asian,females,females,,,0,0.041210823,35.31407,0.95878917
data\processed\bfw\asian\n000132\0332_01__face_0.jpg,data\processed\bfw\asian\n007816\0272_01.jpg,n000132,n007816,asian,asian,males,females,,,0,0.025172198,36.76975,0.9748278
data\processed\bfw\asian\n005177\0023_01.jpg,data\processed\bfw\asian\n004681\0266_02.jpg,n005177,n004681,asian,asian,males,males,,,0,0.062365767,41.053783,0.9376342
data\processed\bfw\asian\n009175\0073_01.jpg,data\processed\bfw\asian\n003156\0073_02.jpg,n009175,n003156,asian,asian,females,males,,,0,0.07469822,45.167526,0.9253018
data\processed\bfw\asian\n002406\0614_01.jpg,data\processed\bfw\asian\n005177\0012_01.jpg,n002406,n005177,asian,asian,males,males,,,0,0.10298018,40.026768,0.8970198
data\processed\bfw\asian\n004930\0046_01.jpg,data\processed\bfw\asian\n004930\0236_01.jpg,n004930,n004930,asian,asian,females,females,,,1,0.22151583,33.9302,0.77848417
data\processed\bfw\asian\n004680\0131_01.jpg,data\processed\bfw\asian\n004680\0185_01.jpg,n004680,n004680,asian,asian,females,females,,,1,0.22938314,31.63383,0.7706169
data\processed\bfw\asian\n000135\0013_02.jpg,data\processed\bfw\asian\n000135\0082_02.jpg,n000135,n000135,asian,asian,females,females,,,1,0.29281983,33.524178,0.70718014
data\processed\bfw\asian\n002406\0156_01.jpg,data\processed\bfw\asian\n000839\0081_01.jpg,n002406,n000839,asian,asian,males,females,,,0,0.005115914,36.4968,0.9948841
data\processed\bfw\asian\n009278\0012_01.jpg,data\processed\bfw\asian\n009278\0039_02.jpg,n009278,n009278,asian,asian,females,females,,,1,0.49037933,27.502914,0.50962067
data\processed\bfw\asian\n002775\0166_02.jpg,data\processed\bfw\asian\n002644\0231_02.jpg,n002775,n002644,asian,asian,males,males,,,0,-0.0025151225,41.63364,1.0025151
data\processed\bfw\asian\n009125\0172_01.jpg,data\processed\bfw\asian\n007738\0017_01.jpg,n009125,n007738,asian,asian,females,females,,,0,-0.029532464,38.898216,1.0295324
data\processed\bfw\asian\n003533\0067_01.jpg,data\processed\bfw\asian\n007385\0469_01.jpg,n003533,n007385,asian,asian,males,females,,,0,0.03218914,42.977795,0.96781087
data\processed\bfw\asian\n005474\0769_01.jpg,data\processed\bfw\asian\n005072\0173_01.jpg,n005474,n005072,asian,asian,females,males,,,0,0.11129364,34.11151,0.8887063
data\processed\bfw\asian\n003491\0047_04.jpg,data\processed\bfw\asian\n001682\0031_01.jpg,n003491,n001682,asian,asian,males,males,,,0,0.0015383197,48.92237,0.99846166
data\processed\bfw\asian\n002509\0157_01.jpg,data\processed\bfw\asian\n005474\0162_02.jpg,n002509,n005474,asian,asian,females,females,,,0,0.0035861048,34.860252,0.9964139
data\processed\bfw\asian\n003463\0104_01.jpg,data\processed\bfw\asian\n007816\0543_01.jpg,n003463,n007816,asian,asian,males,females,,,0,0.17367484,35.71618,0.8263252
data\processed\bfw\asian\n004935\0688_01.jpg,data\processed\bfw\asian\n000160\0338_01.jpg,n004935,n000160,asian,asian,males,females,,,0,0.117554925,42.258118,0.8824451
data\processed\bfw\asian\n005378\0147_01.jpg,data\processed\bfw\asian\n005378\0176_01.jpg,n005378,n005378,asian,asian,females,females,,,1,0.39749357,31.566458,0.6025064
data\processed\bfw\asian\n009279\0021_01.jpg,data\processed\bfw\asian\n009279\0185_01.jpg,n009279,n009279,asian,asian,females,females,,,1,0.4068261,27.756178,0.59317386
data\processed\bfw\asian\n009041\0118_01.jpg,data\processed\bfw\asian\n003824\0026_01.jpg,n009041,n003824,asian,asian,females,females,,,0,0.15254456,37.519535,0.84745544
data\processed\bfw\asian\n002509\0041_01.jpg,data\processed\bfw\asian\n002509\0319_01.jpg,n002509,n002509,asian,asian,females,females,,,1,0.23910864,34.698864,0.7608914
data\processed\bfw\asian\n000838\0040_02.jpg,data\processed\bfw\asian\n004860\0156_01.jpg,n000838,n004860,asian,asian,females,females,,,0,0.037142262,47.348114,0.9628577
data\processed\bfw\asian\n003223\0143_01.jpg,data\processed\bfw\asian\n004805\0083_01.jpg,n003223,n004805,asian,asian,males,males,,,0,0.14599305,35.441704,0.85400695
data\processed\bfw\asian\n003223\0185_01.jpg,data\processed\bfw\asian\n004787\0418_02.jpg,n003223,n004787,asian,asian,males,females,,,0,0.06269675,37.260628,0.93730325
data\processed\bfw\asian\n004686\0055_01.jpg,data\processed\bfw\asian\n004686\0064_01.jpg,n004686,n004686,asian,asian,males,males,,,1,0.4957117,30.014212,0.5042883
data\processed\bfw\asian\n005116\0150_01.jpg,data\processed\bfw\asian\n005071\0196_01.jpg,n005116,n005071,asian,asian,males,males,,,0,0.13786472,36.20963,0.8621353
data\processed\bfw\asian\n006149\0139_02.jpg,data\processed\bfw\asian\n004800\0526_01.jpg,n006149,n004800,asian,asian,females,males,,,0,0.058075223,39.231762,0.94192475
data\processed\bfw\asian\n000872\0026_03.jpg,data\processed\bfw\asian\n002552\0530_01.jpg,n000872,n002552,asian,asian,males,males,,,0,0.02991527,39.285625,0.9700847
data\processed\bfw\asian\n007089\0011_04.jpg,data\processed\bfw\asian\n007089\0066_01.jpg,n007089,n007089,asian,asian,females,females,,,1,0.4794085,29.73071,0.5205915
data\processed\bfw\asian\n003354\0047_01.jpg,data\processed\bfw\asian\n005446\0144_01.jpg,n003354,n005446,asian,asian,females,females,,,0,0.06291648,35.565723,0.93708354
data\processed\bfw\asian\n000160\0075_01.jpg,data\processed\bfw\asian\n000160\0105_01.jpg,n000160,n000160,asian,asian,females,females,,,1,0.19764754,30.51066,0.8023524
data\processed\bfw\asian\n006774\0391_01.jpg,data\processed\bfw\asian\n006736\0438_01.jpg,n006774,n006736,asian,asian,females,females,,,0,0.19503728,34.74226,0.80496275
data\processed\bfw\asian\n009177\0606_02.jpg,data\processed\bfw\asian\n009177\0626_01.jpg,n009177,n009177,asian,asian,females,females,,,1,0.048138373,32.10581,0.9518616
data\processed\bfw\asian\n004948\0004_02.jpg,data\processed\bfw\asian\n004948\0401_02.jpg,n004948,n004948,asian,asian,males,males,,,1,-0.016773418,47.692772,1.0167735
data\processed\bfw\asian\n004936\0304_02.jpg,data\processed\bfw\asian\n005083\0021_01.jpg,n004936,n005083,asian,asian,females,females,,,0,-0.03405397,39.043854,1.0340539
data\processed\bfw\asian\n006634\0114_01.jpg,data\processed\bfw\asian\n006634\0434_01.jpg,n006634,n006634,asian,asian,females,females,,,1,0.21739253,35.11086,0.78260744
data\processed\bfw\asian\n006159\0073_01.jpg,data\processed\bfw\asian\n006159\0178_01.jpg,n006159,n006159,asian,asian,females,females,,,1,0.35647005,35.618378,0.64352995
data\processed\bfw\asian\n009275\0049_01.jpg,data\processed\bfw\asian\n009275\0397_05.jpg,n009275,n009275,asian,asian,females,females,,,1,0.0023050592,36.313385,0.99769497
data\processed\bfw\asian\n000838\0249_01.jpg,data\processed\bfw\asian\n000838\0251_02.jpg,n000838,n000838,asian,asian,females,females,,,1,0.28484043,35.251427,0.71515954
data\processed\bfw\asian\n003223\0059_03.jpg,data\processed\bfw\asian\n000839\0454_01.jpg,n003223,n000839,asian,asian,males,females,,,0,0.031978153,35.284206,0.96802187
data\processed\bfw\asian\n008401\0389_01.jpg,data\processed\bfw\asian\n003491\0114_03.jpg,n008401,n003491,asian,asian,females,males,,,0,-0.048106346,38.788837,1.0481063
data\processed\bfw\asian\n004221\0075_01.jpg,data\processed\bfw\asian\n006736\0099_01.jpg,n004221,n006736,asian,asian,males,females,,,0,-0.055134278,42.711887,1.0551343
data\processed\bfw\asian\n009042\0036_01.jpg,data\processed\bfw\asian\n000160\0182_01.jpg,n009042,n000160,asian,asian,females,females,,,0,-0.090477735,41.605587,1.0904777
data\processed\bfw\asian\n009276\0049_01.jpg,data\processed\bfw\asian\n009276\0361_01.jpg,n009276,n009276,asian,asian,females,females,,,1,0.19954143,36.330387,0.80045855
data\processed\bfw\asian\n004686\0030_01.jpg,data\processed\bfw\asian\n004686\0282_01.jpg,n004686,n004686,asian,asian,males,males,,,1,0.4794485,30.587873,0.5205515
data\processed\bfw\asian\n004467\0186_01.jpg,data\processed\bfw\asian\n004467\0677_01.jpg,n004467,n004467,asian,asian,males,males,,,1,0.17688236,36.151783,0.8231176
data\processed\bfw\asian\n001562\0159_02.jpg,data\processed\bfw\asian\n004469\0108_02.jpg,n001562,n004469,asian,asian,males,males,,,0,0.13019454,42.37887,0.86980546
data\processed\bfw\asian\n006418\0023_01.jpg,data\processed\bfw\asian\n006418\0140_02.jpg,n006418,n006418,asian,asian,females,females,,,1,0.070451654,36.277554,0.9295483
data\processed\bfw\asian\n004948\0057_01.jpg,data\processed\bfw\asian\n004948\0401_02.jpg,n004948,n004948,asian,asian,males,males,,,1,-0.019464506,44.49021,1.0194645
data\processed\bfw\asian\n000838\0076_01.jpg,data\processed\bfw\asian\n000838\0500_01.jpg,n000838,n000838,asian,asian,females,females,,,1,0.09970117,43.572277,0.90029883
data\processed\bfw\asian\n000148\0306_01.jpg,data\processed\bfw\asian\n007664\0045_01.jpg,n000148,n007664,asian,asian,females,females,,,0,0.05944487,38.085968,0.94055516
data\processed\bfw\asian\n003354\0124_01.jpg,data\processed\bfw\asian\n003354\0243_01.jpg,n003354,n003354,asian,asian,females,females,,,1,0.006364617,39.88754,0.99363536
data\processed\bfw\asian\n006149\0018_01.jpg,data\processed\bfw\asian\n006149\0022_01.jpg,n006149,n006149,asian,asian,females,females,,,1,0.5287012,23.990904,0.4712988
data\processed\bfw\asian\n003463\0127_01.jpg,data\processed\bfw\asian\n000839\0163_01.jpg,n003463,n000839,asian,asian,males,females,,,0,0.109612465,37.446392,0.89038754
data\processed\bfw\asian\n000856\0104_01.jpg,data\processed\bfw\asian\n009177\0011_01.jpg,n000856,n009177,asian,asian,females,females,,,0,-0.018917227,39.12037,1.0189172
data\processed\bfw\asian\n002509\0005_02.jpg,data\processed\bfw\asian\n002509\0432_01.jpg,n002509,n002509,asian,asian,females,females,,,1,0.51381546,25.963598,0.48618454
data\processed\bfw\asian\n008383\0090_01.jpg,data\processed\bfw\asian\n008383\0244_02.jpg,n008383,n008383,asian,asian,females,females,,,1,0.47040558,27.138626,0.5295944
data\processed\bfw\asian\n004785\0357_02.jpg,data\processed\bfw\asian\n004785\0493_01.jpg,n004785,n004785,asian,asian,females,females,,,1,0.14712955,35.83891,0.85287046
data\processed\bfw\asian\n009175\0043_01.jpg,data\processed\bfw\asian\n007385\0056_07.jpg,n009175,n007385,asian,asian,females,females,,,0,0.060104627,37.53317,0.9398954
data\processed\bfw\asian\n004549\0018_01.jpg,data\processed\bfw\asian\n004786\0173_01.jpg,n004549,n004786,asian,asian,females,females,,,0,0.012676638,35.734436,0.98732334
data\processed\bfw\asian\n003288\0573_01.jpg,data\processed\bfw\asian\n005085\0679_01.jpg,n003288,n005085,asian,asian,females,females,,,0,0.016776223,34.3791,0.9832238
data\processed\bfw\asian\n004109\0070_01.jpg,data\processed\bfw\asian\n000137\0082_02.jpg,n004109,n000137,asian,asian,males,females,,,0,0.049409863,42.033848,0.95059013
data\processed\bfw\asian\n000158\0133_01.jpg,data\processed\bfw\asian\n000135\0036_01.jpg,n000158,n000135,asian,asian,males,females,,,0,0.03667254,40.23837,0.96332747
data\processed\bfw\asian\n003155\0261_01.jpg,data\processed\bfw\asian\n003155\1012_07.jpg,n003155,n003155,asian,asian,males,males,,,1,0.14184178,40.125095,0.85815823
data\processed\bfw\asian\n003467\0405_01.jpg,data\processed\bfw\asian\n004108\0131_01.jpg,n003467,n004108,asian,asian,females,males,,,0,-0.032594364,40.177723,1.0325943
data\processed\bfw\asian\n007385\0086_01.jpg,data\processed\bfw\asian\n007385\0432_01.jpg,n007385,n007385,asian,asian,females,females,,,1,0.26235607,27.22964,0.73764396
data\processed\bfw\asian\n006148\0607_02.jpg,data\processed\bfw\asian\n006619\0342_01.jpg,n006148,n006619,asian,asian,females,females,,,0,-0.08871042,44.325428,1.0887104
data\processed\bfw\asian\n005072\0254_01.jpg,data\processed\bfw\asian\n008978\0101_01.jpg,n005072,n008978,asian,asian,males,females,,,0,0.13275231,38.298756,0.8672477
data\processed\bfw\asian\n006774\0048_01.jpg,data\processed\bfw\asian\n006774\0119_01.jpg,n006774,n006774,asian,asian,females,females,,,1,0.64341867,23.39313,0.35658133
data\processed\bfw\asian\n003482\0716_02.jpg,data\processed\bfw\asian\n000135\0119_01.jpg,n003482,n000135,asian,asian,males,females,,,0,-0.011159288,39.042316,1.0111593
data\processed\bfw\asian\n000148\0317_02.jpg,data\processed\bfw\asian\n004687\0102_01.jpg,n000148,n004687,asian,asian,females,females,,,0,-0.10206305,39.551765,1.1020631
data\processed\bfw\asian\n004472\0057_02.jpg,data\processed\bfw\asian\n004870\0129_01.jpg,n004472,n004870,asian,asian,females,females,,,0,0.16417423,38.030357,0.8358258
data\processed\bfw\asian\n001864\0092_01.jpg,data\processed\bfw\asian\n005378\0128_01.jpg,n001864,n005378,asian,asian,males,females,,,0,0.09980824,40.742466,0.9001918
data\processed\bfw\asian\n005069\0046_06.jpg,data\processed\bfw\asian\n005069\0062_01.jpg,n005069,n005069,asian,asian,females,females,,,1,0.32259074,31.826185,0.6774093
data\processed\bfw\asian\n003355\0089_01.jpg,data\processed\bfw\asian\n003355\0485_01.jpg,n003355,n003355,asian,asian,males,males,,,1,0.22519067,34.847282,0.77480936
data\processed\bfw\asian\n004930\0106_01.jpg,data\processed\bfw\asian\n004930\0144_02.jpg,n004930,n004930,asian,asian,females,females,,,1,0.34855863,34.42136,0.65144134
data\processed\bfw\asian\n006222\0095_02.jpg,data\processed\bfw\asian\n006224\0145_04.jpg,n006222,n006224,asian,asian,females,females,,,0,-0.04535584,38.640175,1.0453558
data\processed\bfw\asian\n003167\0029_01.jpg,data\processed\bfw\asian\n003167\0045_01.jpg,n003167,n003167,asian,asian,males,males,,,1,0.72845674,22.050106,0.27154326
data\processed\bfw\asian\n007089\0144_02.jpg,data\processed\bfw\asian\n007089\0229_01.jpg,n007089,n007089,asian,asian,females,females,,,1,0.12867294,38.356895,0.87132704
data\processed\bfw\asian\n000161\0119_02.jpg,data\processed\bfw\asian\n004948\0057_01.jpg,n000161,n004948,asian,asian,males,males,,,0,-0.017439997,43.476086,1.01744
data\processed\bfw\asian\n006126\0054_01.jpg,data\processed\bfw\asian\n006126\0105_01.jpg,n006126,n006126,asian,asian,females,females,,,1,0.37717256,27.73393,0.6228274
data\processed\bfw\asian\n000838\0044_01.jpg,data\processed\bfw\asian\n009294\0031_03.jpg,n000838,n009294,asian,asian,females,females,,,0,0.026145766,45.744625,0.97385424
data\processed\bfw\asian\n000138\0087_03.jpg,data\processed\bfw\asian\n005474\0118_02.jpg,n000138,n005474,asian,asian,females,females,,,0,0.13802801,33.525642,0.861972
data\processed\bfw\asian\n000160\0139_01.jpg,data\processed\bfw\asian\n004680\0053_01.jpg,n000160,n004680,asian,asian,females,females,,,0,-0.06841174,40.284813,1.0684117
data\processed\bfw\asian\n001976\0119_01.jpg,data\processed\bfw\asian\n001976\0665_02.jpg,n001976,n001976,asian,asian,males,males,,,1,0.4685902,27.941292,0.5314098
data\processed\bfw\asian\n005116\0442_01.jpg,data\processed\bfw\asian\n003358\0080_01.jpg,n005116,n003358,asian,asian,males,females,,,0,-0.12759441,37.58678,1.1275945
data\processed\bfw\asian\n006736\0178_02.jpg,data\processed\bfw\asian\n006736\0273_03.jpg,n006736,n006736,asian,asian,females,females,,,1,0.5124245,26.117842,0.48757547
data\processed\bfw\asian\n006633\0288_01.jpg,data\processed\bfw\asian\n009288\0175_01.jpg,n006633,n009288,asian,asian,females,females,,,0,0.079865195,38.121983,0.9201348
data\processed\bfw\asian\n000856\0046_01.jpg,data\processed\bfw\asian\n000856\0285_01.jpg,n000856,n000856,asian,asian,females,females,,,1,0.340008,31.74392,0.659992
data\processed\bfw\asian\n005116\0150_01.jpg,data\processed\bfw\asian\n005116\0270_01.jpg,n005116,n005116,asian,asian,males,males,,,1,0.3387032,29.85578,0.66129684
data\processed\bfw\asian\n000135\0013_02.jpg,data\processed\bfw\asian\n000135\0036_01.jpg,n000135,n000135,asian,asian,females,females,,,1,0.5064175,26.64374,0.4935825
data\processed\bfw\asian\n003467\0096_01.jpg,data\processed\bfw\asian\n006148\0074_01.jpg,n003467,n006148,asian,asian,females,females,,,0,0.06366578,39.443634,0.93633425
data\processed\bfw\asian\n008383\0126_02.jpg,data\processed\bfw\asian\n008383\0251_01.jpg,n008383,n008383,asian,asian,females,females,,,1,0.25606164,35.262688,0.7439383
data\processed\bfw\asian\n008383\0193_12.jpg,data\processed\bfw\asian\n009279\0193_01.jpg,n008383,n009279,asian,asian,females,females,,,0,-0.04633513,39.329113,1.0463351
data\processed\bfw\asian\n003506\0136_02.jpg,data\processed\bfw\asian\n003506\0177_01.jpg,n003506,n003506,asian,asian,females,females,,,1,0.4727339,26.835249,0.5272661
data\processed\bfw\asian\n000856\0026_01.jpg,data\processed\bfw\asian\n004864\0045_01.jpg,n000856,n004864,asian,asian,females,females,,,0,0.12538162,34.1921,0.8746184
data\processed\bfw\asian\n003533\0067_01.jpg,data\processed\bfw\asian\n003533\0573_01.jpg,n003533,n003533,asian,asian,males,males,,,1,0.5643969,28.76644,0.43560308
data\processed\bfw\asian\n004109\0172_01.jpg,data\processed\bfw\asian\n005071\0334_01.jpg,n004109,n005071,asian,asian,males,males,,,0,0.16771507,35.76895,0.8322849
data\processed\bfw\asian\n003162\0246_01.jpg,data\processed\bfw\asian\n003467\0030_01.jpg,n003162,n003467,asian,asian,males,females,,,0,-0.014684795,43.424522,1.0146848
data\processed\bfw\asian\n006224\0160_01.jpg,data\processed\bfw\asian\n005072\0001_03.jpg,n006224,n005072,asian,asian,females,males,,,0,-0.115342855,38.465187,1.1153429
data\processed\bfw\asian\n003506\0115_01.jpg,data\processed\bfw\asian\n003506\0324_01.jpg,n003506,n003506,asian,asian,females,females,,,1,0.26911023,34.85585,0.7308898
data\processed\bfw\asian\n000856\0075_01.jpg,data\processed\bfw\asian\n000856\0285_01.jpg,n000856,n000856,asian,asian,females,females,,,1,0.12721746,36.114594,0.8727825
data\processed\bfw\asian\n008978\0097_02.jpg,data\processed\bfw\asian\n005116\0086_01.jpg,n008978,n005116,asian,asian,females,males,,,0,0.21067098,33.626175,0.78932905
data\processed\bfw\asian\n003156\0068_01.jpg,data\processed\bfw\asian\n003162\0186_01.jpg,n003156,n003162,asian,asian,males,males,,,0,0.103997216,39.807213,0.89600277
data\processed\bfw\asian\n009276\0159_02.jpg,data\processed\bfw\asian\n004785\0493_01.jpg,n009276,n004785,asian,asian,females,females,,,0,-0.0018708385,39.74484,1.0018709
data\processed\bfw\asian\n003223\0034_05.jpg,data\processed\bfw\asian\n003824\0085_02.jpg,n003223,n003824,asian,asian,males,females,,,0,0.065366775,35.538918,0.93463326
data\processed\bfw\asian\n004680\0185_01.jpg,data\processed\bfw\asian\n001562\0198_02.jpg,n004680,n001562,asian,asian,females,males,,,0,-0.1080319,44.754387,1.1080319
data\processed\bfw\asian\n000838\0058_01.jpg,data\processed\bfw\asian\n000838\0251_02.jpg,n000838,n000838,asian,asian,females,females,,,1,0.324982,34.1681,0.675018
data\processed\bfw\asian\n004935\0287_01.jpg,data\processed\bfw\asian\n004935\0548_01.jpg,n004935,n004935,asian,asian,males,males,,,1,0.2959192,32.846924,0.7040808
data\processed\bfw\asian\n009177\0053_02.jpg,data\processed\bfw\asian\n003153\0215_01.jpg,n009177,n003153,asian,asian,females,females,,,0,-0.010853906,34.028572,1.0108539
data\processed\bfw\asian\n006148\0195_01.jpg,data\processed\bfw\asian\n006148\0339_01.jpg,n006148,n006148,asian,asian,females,females,,,1,0.3385736,33.02185,0.6614264
data\processed\bfw\asian\n005177\0013_01.jpg,data\processed\bfw\asian\n005177\0062_01.jpg,n005177,n005177,asian,asian,males,males,,,1,0.6779199,24.384394,0.32208008
data\processed\bfw\asian\n003557\0013_01.jpg,data\processed\bfw\asian\n003481\0215_01.jpg,n003557,n003481,asian,asian,females,females,,,0,-0.06291939,40.471107,1.0629194
data\processed\bfw\asian\n000132\0048_08__face_0.jpg,data\processed\bfw\asian\n000132\0112_01__face_0.jpg,n000132,n000132,asian,asian,males,males,,,1,0.17296758,35.699596,0.82703245
data\processed\bfw\asian\n008148\0013_01.jpg,data\processed\bfw\asian\n008148\0389_02.jpg,n008148,n008148,asian,asian,females,females,,,1,0.341826,30.198254,0.65817404
data\processed\bfw\asian\n004687\0268_01.jpg,data\processed\bfw\asian\n009279\0185_01.jpg,n004687,n009279,asian,asian,females,females,,,0,0.09761203,34.236378,0.902388
data\processed\bfw\asian\n005216\0059_01.jpg,data\processed\bfw\asian\n005216\0119_01.jpg,n005216,n005216,asian,asian,females,females,,,1,0.42554086,27.14197,0.57445914
data\processed\bfw\asian\n000854\0275_01.jpg,data\processed\bfw\asian\n003824\0015_01.jpg,n000854,n003824,asian,asian,females,females,,,0,0.096686296,36.65711,0.9033137
data\processed\bfw\asian\n004794\0644_01.jpg,data\processed\bfw\asian\n004800\0245_01.jpg,n004794,n004800,asian,asian,males,males,,,0,-0.03726326,39.097588,1.0372633
data\processed\bfw\asian\n004930\0236_01.jpg,data\processed\bfw\asian\n004864\0057_01.jpg,n004930,n004864,asian,asian,females,females,,,0,0.11455607,39.144474,0.8854439
data\processed\bfw\asian\n005446\0012_01.jpg,data\processed\bfw\asian\n005446\0265_01.jpg,n005446,n005446,asian,asian,females,females,,,1,0.3660301,30.307854,0.6339699
data\processed\bfw\asian\n004721\0041_01.jpg,data\processed\bfw\asian\n004721\0283_01.jpg,n004721,n004721,asian,asian,males,males,,,1,0.0060358294,38.676582,0.9939642
data\processed\bfw\asian\n000839\0120_01.jpg,data\processed\bfw\asian\n000839\0454_01.jpg,n000839,n000839,asian,asian,females,females,,,1,0.48724607,24.29426,0.51275396
data\processed\bfw\asian\n004466\0003_01.jpg,data\processed\bfw\asian\n004466\0131_01.jpg,n004466,n004466,asian,asian,males,males,,,1,0.3375972,31.84413,0.6624028
data\processed\bfw\asian\n005063\0068_01.jpg,data\processed\bfw\asian\n005063\0297_04.jpg,n005063,n005063,asian,asian,females,females,,,1,0.06786449,36.656487,0.9321355
data\processed\bfw\asian\n005071\0260_01.jpg,data\processed\bfw\asian\n005071\0280_01.jpg,n005071,n005071,asian,asian,males,males,,,1,0.2611599,31.536179,0.7388401
data\processed\bfw\asian\n004930\0044_01.jpg,data\processed\bfw\asian\n004930\0106_01.jpg,n004930,n004930,asian,asian,females,females,,,1,0.37856424,31.689222,0.62143576
data\processed\bfw\asian\n009103\0047_02.jpg,data\processed\bfw\asian\n009103\0179_03.jpg,n009103,n009103,asian,asian,females,females,,,1,0.43680432,30.532154,0.5631957
data\processed\bfw\asian\n005077\0140_01.jpg,data\processed\bfw\asian\n009042\0372_01.jpg,n005077,n009042,asian,asian,females,females,,,0,0.12019497,37.874092,0.879805
data\processed\bfw\asian\n009277\0128_01.jpg,data\processed\bfw\asian\n009288\0028_01.jpg,n009277,n009288,asian,asian,females,females,,,0,0.06068167,38.62528,0.9393183
data\processed\bfw\asian\n003358\0316_01.jpg,data\processed\bfw\asian\n003358\0702_01.jpg,n003358,n003358,asian,asian,females,females,,,1,0.24533494,29.659542,0.7546651
data\processed\bfw\asian\n006634\0091_04.jpg,data\processed\bfw\asian\n003465\0158_01.jpg,n006634,n003465,asian,asian,females,males,,,0,0.015569311,38.93076,0.9844307
data\processed\bfw\asian\n008148\0202_01.jpg,data\processed\bfw\asian\n008383\0068_01.jpg,n008148,n008383,asian,asian,females,females,,,0,0.018302932,36.101738,0.9816971
data\processed\bfw\asian\n002775\0069_01.jpg,data\processed\bfw\asian\n002775\0072_01.jpg,n002775,n002775,asian,asian,males,males,,,1,0.48536918,32.47934,0.5146308
data\processed\bfw\asian\n005116\0012_01.jpg,data\processed\bfw\asian\n006736\0169_01.jpg,n005116,n006736,asian,asian,males,females,,,0,0.057798564,38.56178,0.94220144
data\processed\bfw\asian\n003824\0037_01.jpg,data\processed\bfw\asian\n004786\0011_02.jpg,n003824,n004786,asian,asian,females,females,,,0,-0.08415587,39.609818,1.0841559
data\processed\bfw\asian\n002644\0231_02.jpg,data\processed\bfw\asian\n002644\0492_01.jpg,n002644,n002644,asian,asian,males,males,,,1,0.3964569,30.997042,0.6035431
data\processed\bfw\asian\n006149\0075_01.jpg,data\processed\bfw\asian\n003533\0574_01.jpg,n006149,n003533,asian,asian,females,males,,,0,-0.16043966,43.519505,1.1604396
data\processed\bfw\asian\n004467\0158_01.jpg,data\processed\bfw\asian\n004467\0226_01.jpg,n004467,n004467,asian,asian,males,males,,,1,0.20638108,36.50403,0.7936189
data\processed\bfw\asian\n003482\0227_01.jpg,data\processed\bfw\asian\n002320\0186_02.jpg,n003482,n002320,asian,asian,males,males,,,0,-0.06279221,44.11741,1.0627922
data\processed\bfw\asian\n007899\0071_01.jpg,data\processed\bfw\asian\n005177\0235_01.jpg,n007899,n005177,asian,asian,females,males,,,0,0.0062656845,39.807835,0.9937343
data\processed\bfw\asian\n005446\0412_01.jpg,data\processed\bfw\asian\n005116\0333_03.jpg,n005446,n005116,asian,asian,females,males,,,0,0.0065194615,48.298317,0.99348056
data\processed\bfw\asian\n007378\0173_02.jpg,data\processed\bfw\asian\n007378\0479_01.jpg,n007378,n007378,asian,asian,females,females,,,1,0.3394005,27.37604,0.66059947
data\processed\bfw\asian\n006633\0298_01.jpg,data\processed\bfw\asian\n007385\0432_01.jpg,n006633,n007385,asian,asian,females,females,,,0,0.11473964,33.446877,0.88526034
data\processed\bfw\asian\n005446\0009_02.jpg,data\processed\bfw\asian\n005446\0185_01.jpg,n005446,n005446,asian,asian,females,females,,,1,0.14455329,33.649807,0.8554467
data\processed\bfw\asian\n003156\0004_01.jpg,data\processed\bfw\asian\n003156\0068_01.jpg,n003156,n003156,asian,asian,males,males,,,1,0.38470274,29.893362,0.61529726
data\processed\bfw\asian\n009148\0022_01.jpg,data\processed\bfw\asian\n009148\0097_01.jpg,n009148,n009148,asian,asian,females,females,,,1,0.3658606,33.308147,0.6341394
data\processed\bfw\asian\n002331\0035_03.jpg,data\processed\bfw\asian\n005446\0012_01.jpg,n002331,n005446,asian,asian,males,females,,,0,-0.00629001,40.239452,1.00629
data\processed\bfw\asian\n000873\0050_02.jpg,data\processed\bfw\asian\n000873\0348_02.jpg,n000873,n000873,asian,asian,males,males,,,1,0.22246818,35.169075,0.7775318
data\processed\bfw\asian\n008163\0032_01.jpg,data\processed\bfw\asian\n008163\0389_01.jpg,n008163,n008163,asian,asian,females,females,,,1,0.27971253,33.050488,0.72028744
data\processed\bfw\asian\n003153\0397_02.jpg,data\processed\bfw\asian\n003354\0027_01.jpg,n003153,n003354,asian,asian,females,females,,,0,-0.10217495,41.378876,1.102175
data\processed\bfw\asian\n004786\0128_03.jpg,data\processed\bfw\asian\n003167\0183_01.jpg,n004786,n003167,asian,asian,females,males,,,0,0.08238611,37.601543,0.91761386
data\processed\bfw\asian\n000138\0541_01.jpg,data\processed\bfw\asian\n004687\0307_01.jpg,n000138,n004687,asian,asian,females,females,,,0,-0.08942383,45.656654,1.0894238
data\processed\bfw\asian\n003635\0047_02.jpg,data\processed\bfw\asian\n000872\0581_01.jpg,n003635,n000872,asian,asian,males,males,,,0,-0.08704694,49.46695,1.087047
data\processed\bfw\asian\n003465\0116_01.jpg,data\processed\bfw\asian\n003465\0241_01.jpg,n003465,n003465,asian,asian,males,males,,,1,0.37237772,31.947065,0.62762225
data\processed\bfw\asian\n007089\0066_01.jpg,data\processed\bfw\asian\n007089\0229_01.jpg,n007089,n007089,asian,asian,females,females,,,1,0.23167384,37.68988,0.76832616
data\processed\bfw\asian\n006148\0135_01.jpg,data\processed\bfw\asian\n004860\0055_01.jpg,n006148,n004860,asian,asian,females,females,,,0,0.16001396,33.20162,0.839986
data\processed\bfw\asian\n004466\0349_01.jpg,data\processed\bfw\asian\n003557\0241_03.jpg,n004466,n003557,asian,asian,males,females,,,0,0.023677895,39.980286,0.9763221
data\processed\bfw\asian\n004877\0073_01.jpg,data\processed\bfw\asian\n004877\0145_01.jpg,n004877,n004877,asian,asian,females,females,,,1,0.22157131,32.341633,0.7784287
data\processed\bfw\asian\n006126\0054_01.jpg,data\processed\bfw\asian\n006126\0474_01.jpg,n006126,n006126,asian,asian,females,females,,,1,0.43074393,29.745872,0.56925607
data\processed\bfw\asian\n000838\0040_02.jpg,data\processed\bfw\asian\n000838\0113_01.jpg,n000838,n000838,asian,asian,females,females,,,1,0.4464532,34.07227,0.5535468
data\processed\bfw\asian\n000436\0040_04.jpg,data\processed\bfw\asian\n007089\0431_01.jpg,n000436,n007089,asian,asian,males,females,,,0,0.0482624,39.63714,0.9517376
data\processed\bfw\asian\n002320\0219_01.jpg,data\processed\bfw\asian\n003635\0050_01.jpg,n002320,n003635,asian,asian,males,males,,,0,0.0037615658,44.851387,0.9962384
data\processed\bfw\asian\n000840\0042_01.jpg,data\processed\bfw\asian\n000840\0060_01.jpg,n000840,n000840,asian,asian,females,females,,,1,0.4138336,28.82622,0.5861664
data\processed\bfw\asian\n004681\0101_01.jpg,data\processed\bfw\asian\n004681\0117_01.jpg,n004681,n004681,asian,asian,males,males,,,1,0.42585075,28.414242,0.57414925
data\processed\bfw\asian\n009137\0070_01.jpg,data\processed\bfw\asian\n009137\0151_01.jpg,n009137,n009137,asian,asian,females,females,,,1,0.39582962,26.335222,0.6041704
data\processed\bfw\asian\n003481\0015_01.jpg,data\processed\bfw\asian\n003481\0407_04.jpg,n003481,n003481,asian,asian,females,females,,,1,0.37249485,31.011393,0.6275052
data\processed\bfw\asian\n003355\0620_01.jpg,data\processed\bfw\asian\n000143\0122_01.jpg,n003355,n000143,asian,asian,males,females,,,0,0.1716826,33.25327,0.8283174
data\processed\bfw\asian\n001864\0026_01.jpg,data\processed\bfw\asian\n001864\0092_01.jpg,n001864,n001864,asian,asian,males,males,,,1,0.30194354,35.808132,0.69805646
data\processed\bfw\asian\n003357\0168_01.jpg,data\processed\bfw\asian\n003557\0259_01.jpg,n003357,n003557,asian,asian,females,females,,,0,0.11868929,33.529533,0.8813107
data\processed\bfw\asian\n004860\0196_01.jpg,data\processed\bfw\asian\n000138\0066_09.jpg,n004860,n000138,asian,asian,females,females,,,0,0.02144267,32.8128,0.97855735
data\processed\bfw\asian\n000854\0026_03.jpg,data\processed\bfw\asian\n000854\0239_01.jpg,n000854,n000854,asian,asian,females,females,,,1,0.4800485,29.997557,0.51995146
data\processed\bfw\asian\n005474\0298_05.jpg,data\processed\bfw\asian\n004864\0057_01.jpg,n005474,n004864,asian,asian,females,females,,,0,0.20060971,38.120396,0.7993903
data\processed\bfw\asian\n004108\0401_02.jpg,data\processed\bfw\asian\n003557\0007_02.jpg,n004108,n003557,asian,asian,males,females,,,0,-0.040556278,37.32667,1.0405563
data\processed\bfw\asian\n004725\0001_01.jpg,data\processed\bfw\asian\n000856\0617_01.jpg,n004725,n000856,asian,asian,males,females,,,0,0.07005542,43.402775,0.9299446
data\processed\bfw\asian\n005063\0271_01.jpg,data\processed\bfw\asian\n005063\0373_01.jpg,n005063,n005063,asian,asian,females,females,,,1,-0.053197328,39.966892,1.0531974
data\processed\bfw\asian\n003027\0448_07.jpg,data\processed\bfw\asian\n002644\0418_01.jpg,n003027,n002644,asian,asian,males,males,,,0,0.109750286,41.601883,0.8902497
data\processed\bfw\asian\n002331\0348_01.jpg,data\processed\bfw\asian\n003465\0158_01.jpg,n002331,n003465,asian,asian,males,males,,,0,-0.023723027,41.596146,1.023723
data\processed\bfw\asian\n003467\0082_01.jpg,data\processed\bfw\asian\n003467\0400_03.jpg,n003467,n003467,asian,asian,females,females,,,1,0.37102327,30.107908,0.6289767
data\processed\bfw\asian\n003156\0069_01.jpg,data\processed\bfw\asian\n003156\0100_01.jpg,n003156,n003156,asian,asian,males,males,,,1,0.09937749,40.64219,0.9006225
data\processed\bfw\asian\n003533\0062_02.jpg,data\processed\bfw\asian\n003533\0574_01.jpg,n003533,n003533,asian,asian,males,males,,,1,0.50066924,31.242329,0.49933076
data\processed\bfw\asian\n003354\0227_01.jpg,data\processed\bfw\asian\n006149\0096_01.jpg,n003354,n006149,asian,asian,females,females,,,0,0.07741721,32.365486,0.9225828
data\processed\bfw\asian\n003824\0130_02.jpg,data\processed\bfw\asian\n003824\0262_01.jpg,n003824,n003824,asian,asian,females,females,,,1,0.22366464,32.449696,0.77633536
data\processed\bfw\asian\n000148\0083_01.jpg,data\processed\bfw\asian\n008148\0108_01.jpg,n000148,n008148,asian,asian,females,females,,,0,-0.08094579,35.878204,1.0809457
data\processed\bfw\asian\n003223\0034_05.jpg,data\processed\bfw\asian\n003223\0143_01.jpg,n003223,n003223,asian,asian,males,males,,,1,0.38989595,30.685362,0.6101041
data\processed\bfw\asian\n006125\0151_01.jpg,data\processed\bfw\asian\n006125\0204_01.jpg,n006125,n006125,asian,asian,females,females,,,1,0.17879924,35.249165,0.8212007
data\processed\bfw\asian\n003489\0005_01.jpg,data\processed\bfw\asian\n003481\0054_01.jpg,n003489,n003481,asian,asian,males,females,,,0,0.28027713,31.494514,0.71972287
data\processed\bfw\asian\n000161\0170_01.jpg,data\processed\bfw\asian\n005069\0019_01.jpg,n000161,n005069,asian,asian,males,females,,,0,-0.03584889,42.27895,1.0358489
data\processed\bfw\asian\n003357\0214_01.jpg,data\processed\bfw\asian\n003357\0422_01.jpg,n003357,n003357,asian,asian,females,females,,,1,0.06591479,34.51237,0.9340852
data\processed\bfw\asian\n009148\0079_01.jpg,data\processed\bfw\asian\n001976\0119_01.jpg,n009148,n001976,asian,asian,females,males,,,0,0.017679762,36.578415,0.98232025
data\processed\bfw\asian\n000139\0253_01.jpg,data\processed\bfw\asian\n000139\0501_01.jpg,n000139,n000139,asian,asian,females,females,,,1,0.22252245,37.996674,0.77747756
data\processed\bfw\asian\n004687\0019_01.jpg,data\processed\bfw\asian\n004687\0254_01.jpg,n004687,n004687,asian,asian,females,females,,,1,0.36523193,30.531599,0.63476807
data\processed\bfw\asian\n000160\0109_01.jpg,data\processed\bfw\asian\n004864\0282_02.jpg,n000160,n004864,asian,asian,females,females,,,0,-0.051132455,40.42237,1.0511324
data\processed\bfw\asian\n006126\0097_01.jpg,data\processed\bfw\asian\n007385\0065_01.jpg,n006126,n007385,asian,asian,females,females,,,0,0.051748987,34.118412,0.948251
data\processed\bfw\asian\n005077\0073_01.jpg,data\processed\bfw\asian\n005077\0199_01.jpg,n005077,n005077,asian,asian,females,females,,,1,0.47513813,26.295332,0.5248619
data\processed\bfw\asian\n004686\0023_01.jpg,data\processed\bfw\asian\n004686\0433_01.jpg,n004686,n004686,asian,asian,males,males,,,1,0.11897148,34.72419,0.88102853
data\processed\bfw\asian\n000873\0061_01.jpg,data\processed\bfw\asian\n000132\0046_01__face_0.jpg,n000873,n000132,asian,asian,males,males,,,0,-0.02390062,40.67584,1.0239006
data\processed\bfw\asian\n000856\0008_01.jpg,data\processed\bfw\asian\n009041\0069_01.jpg,n000856,n009041,asian,asian,females,females,,,0,0.15159401,39.136555,0.84840596
data\processed\bfw\asian\n004930\0282_01.jpg,data\processed\bfw\asian\n004930\0389_01.jpg,n004930,n004930,asian,asian,females,females,,,1,0.121921726,38.578617,0.8780783
data\processed\bfw\asian\n006125\0081_01.jpg,data\processed\bfw\asian\n006125\0082_01.jpg,n006125,n006125,asian,asian,females,females,,,1,0.59703195,23.957952,0.40296805
data\processed\bfw\asian\n004721\0112_01.jpg,data\processed\bfw\asian\n004721\0200_01.jpg,n004721,n004721,asian,asian,males,males,,,1,0.3004022,36.353348,0.69959784
data\processed\bfw\asian\n007738\0118_02.jpg,data\processed\bfw\asian\n007738\0219_02.jpg,n007738,n007738,asian,asian,females,females,,,1,0.5402917,27.683931,0.45970827
data\processed\bfw\asian\n004794\0603_01.jpg,data\processed\bfw\asian\n004794\0612_01.jpg,n004794,n004794,asian,asian,males,males,,,1,0.2724799,38.653473,0.7275201
data\processed\bfw\asian\n008163\0261_04.jpg,data\processed\bfw\asian\n008163\0451_03.jpg,n008163,n008163,asian,asian,females,females,,,1,0.29968685,34.849354,0.70031315
data\processed\bfw\asian\n004686\0078_01.jpg,data\processed\bfw\asian\n004686\0373_01.jpg,n004686,n004686,asian,asian,males,males,,,1,0.29096004,32.448364,0.7090399
data\processed\bfw\asian\n009279\0125_03.jpg,data\processed\bfw\asian\n009279\0179_01.jpg,n009279,n009279,asian,asian,females,females,,,1,0.4554428,29.674726,0.5445572
data\processed\bfw\asian\n003533\0061_01.jpg,data\processed\bfw\asian\n007664\0104_01.jpg,n003533,n007664,asian,asian,males,females,,,0,-0.13406448,41.78234,1.1340644
data\processed\bfw\asian\n005116\0086_01.jpg,data\processed\bfw\asian\n005116\0168_01.jpg,n005116,n005116,asian,asian,males,males,,,1,0.5012382,25.40081,0.49876177
data\processed\bfw\asian\n006736\0099_01.jpg,data\processed\bfw\asian\n009042\0048_01.jpg,n006736,n009042,asian,asian,females,females,,,0,-0.0001170805,40.73636,1.0001171
data\processed\bfw\asian\n003467\0037_01.jpg,data\processed\bfw\asian\n005077\0199_01.jpg,n003467,n005077,asian,asian,females,females,,,0,0.1541274,31.539957,0.8458726
data\processed\bfw\asian\n001864\0123_01.jpg,data\processed\bfw\asian\n006125\0388_01.jpg,n001864,n006125,asian,asian,males,females,,,0,-0.00907498,41.209,1.0090749
data\processed\bfw\asian\n006149\0064_01.jpg,data\processed\bfw\asian\n006126\0067_01.jpg,n006149,n006126,asian,asian,females,females,,,0,-0.0031438037,38.82185,1.0031438
data\processed\bfw\asian\n001562\0130_01.jpg,data\processed\bfw\asian\n001562\0359_01.jpg,n001562,n001562,asian,asian,males,males,,,1,0.0054125553,40.612984,0.9945874
data\processed\bfw\asian\n009041\0040_01.jpg,data\processed\bfw\asian\n000873\0255_01.jpg,n009041,n000873,asian,asian,females,males,,,0,-0.02456616,44.501072,1.0245662
data\processed\bfw\asian\n000158\0404_01.jpg,data\processed\bfw\asian\n000840\0580_01.jpg,n000158,n000840,asian,asian,males,females,,,0,0.029355366,42.483025,0.97064465
data\processed\bfw\asian\n004681\0016_01.jpg,data\processed\bfw\asian\n004681\0314_01.jpg,n004681,n004681,asian,asian,males,males,,,1,0.41778776,30.523813,0.5822122
data\processed\bfw\asian\n008934\0209_01.jpg,data\processed\bfw\asian\n001864\0078_01.jpg,n008934,n001864,asian,asian,females,males,,,0,-0.15418354,45.710262,1.1541835
data\processed\bfw\asian\n003557\0240_01.jpg,data\processed\bfw\asian\n003557\0459_01.jpg,n003557,n003557,asian,asian,females,females,,,1,0.43282372,27.822458,0.5671763
data\processed\bfw\asian\n004800\0385_03.jpg,data\processed\bfw\asian\n000856\0053_01.jpg,n004800,n000856,asian,asian,males,females,,,0,0.05631526,41.09541,0.94368476
data\processed\bfw\asian\n003482\0258_02.jpg,data\processed\bfw\asian\n003482\0338_02.jpg,n003482,n003482,asian,asian,males,males,,,1,0.27802363,35.572987,0.7219764
data\processed\bfw\asian\n006222\0004_01.jpg,data\processed\bfw\asian\n006222\0017_01.jpg,n006222,n006222,asian,asian,females,females,,,1,0.46883392,29.757166,0.5311661
data\processed\bfw\asian\n002725\0023_01.jpg,data\processed\bfw\asian\n002725\0267_01.jpg,n002725,n002725,asian,asian,females,females,,,1,0.3182151,34.32467,0.68178487
data\processed\bfw\asian\n000138\0014_01.jpg,data\processed\bfw\asian\n006633\0056_01.jpg,n000138,n006633,asian,asian,females,females,,,0,-0.09015209,36.53817,1.0901521
data\processed\bfw\asian\n004721\0096_01.jpg,data\processed\bfw\asian\n004721\0283_01.jpg,n004721,n004721,asian,asian,males,males,,,1,-0.00397304,38.685738,1.003973
data\processed\bfw\asian\n002552\0530_01.jpg,data\processed\bfw\asian\n004800\0108_01.jpg,n002552,n004800,asian,asian,males,males,,,0,0.082683176,34.9439,0.9173168
data\processed\bfw\asian\n006149\0117_01.jpg,data\processed\bfw\asian\n006149\0260_01.jpg,n006149,n006149,asian,asian,females,females,,,1,0.24241938,32.325706,0.75758064
data\processed\bfw\asian\n008148\0075_01.jpg,data\processed\bfw\asian\n008148\0315_01.jpg,n008148,n008148,asian,asian,females,females,,,1,0.12917745,36.461502,0.87082255
data\processed\bfw\asian\n000143\0119_01.jpg,data\processed\bfw\asian\n000143\0156_04.jpg,n000143,n000143,asian,asian,females,females,,,1,0.23921812,33.17345,0.7607819
data\processed\bfw\asian\n006149\0032_01.jpg,data\processed\bfw\asian\n003167\0254_03.jpg,n006149,n003167,asian,asian,females,males,,,0,-0.20842382,43.8742,1.2084239
data\processed\bfw\asian\n001562\0009_02.jpg,data\processed\bfw\asian\n007270\0471_01.jpg,n001562,n007270,asian,asian,males,females,,,0,0.037820157,37.654644,0.96217984
data\processed\bfw\asian\n004935\0124_01.jpg,data\processed\bfw\asian\n004794\0043_01.jpg,n004935,n004794,asian,asian,males,males,,,0,0.12784156,36.521175,0.8721584
data\processed\bfw\asian\n003027\0459_01.jpg,data\processed\bfw\asian\n000873\0255_01.jpg,n003027,n000873,asian,asian,males,males,,,0,-0.009125298,48.746994,1.0091254
data\processed\bfw\asian\n006222\0103_01.jpg,data\processed\bfw\asian\n006222\0135_01.jpg,n006222,n006222,asian,asian,females,females,,,1,0.1830187,35.56423,0.8169813
data\processed\bfw\asian\n009294\0083_01.jpg,data\processed\bfw\asian\n003167\0042_07.jpg,n009294,n003167,asian,asian,females,males,,,0,0.043477952,39.86715,0.95652205
data\processed\bfw\asian\n003482\0050_01.jpg,data\processed\bfw\asian\n003482\0098_01.jpg,n003482,n003482,asian,asian,males,males,,,1,0.6461186,28.966215,0.35388142
data\processed\bfw\asian\n002406\0048_02.jpg,data\processed\bfw\asian\n002406\0173_01.jpg,n002406,n002406,asian,asian,males,males,,,1,0.5610644,25.314907,0.43893558
data\processed\bfw\asian\n002331\0054_02.jpg,data\processed\bfw\asian\n002331\0153_01.jpg,n002331,n002331,asian,asian,males,males,,,1,0.27482262,33.44972,0.7251774
data\processed\bfw\asian\n009175\0008_01.jpg,data\processed\bfw\asian\n009175\0082_01.jpg,n009175,n009175,asian,asian,females,females,,,1,0.44132066,31.312864,0.55867934
data\processed\bfw\asian\n003635\0021_01.jpg,data\processed\bfw\asian\n003635\0077_01.jpg,n003635,n003635,asian,asian,males,males,,,1,0.645623,27.67575,0.35437697
data\processed\bfw\asian\n006224\0067_01.jpg,data\processed\bfw\asian\n004467\0221_02.jpg,n006224,n004467,asian,asian,females,males,,,0,0.11582373,36.405323,0.88417625
data\processed\bfw\asian\n003153\0157_01.jpg,data\processed\bfw\asian\n005216\0059_01.jpg,n003153,n005216,asian,asian,females,females,,,0,0.2349251,32.93964,0.7650749
data\processed\bfw\asian\n006159\0064_02.jpg,data\processed\bfw\asian\n003156\0134_01.jpg,n006159,n003156,asian,asian,females,males,,,0,0.13949221,39.45459,0.8605078
data\processed\bfw\asian\n005378\0232_01.jpg,data\processed\bfw\asian\n000161\0001_01.jpg,n005378,n000161,asian,asian,females,males,,,0,0.035568047,39.864464,0.96443194
data\processed\bfw\asian\n000839\0251_01.jpg,data\processed\bfw\asian\n004725\0036_01.jpg,n000839,n004725,asian,asian,females,males,,,0,0.03170943,46.3345,0.96829057
data\processed\bfw\asian\n002509\0007_01.jpg,data\processed\bfw\asian\n002509\0046_01.jpg,n002509,n002509,asian,asian,females,females,,,1,0.49606842,26.308907,0.5039316
data\processed\bfw\asian\n004787\0158_01.jpg,data\processed\bfw\asian\n004787\0342_01.jpg,n004787,n004787,asian,asian,females,females,,,1,0.3017006,29.718424,0.6982994
data\processed\bfw\asian\n004870\0050_02.jpg,data\processed\bfw\asian\n008401\0297_01.jpg,n004870,n008401,asian,asian,females,females,,,0,0.0133125475,41.811455,0.9866875
data\processed\bfw\asian\n004681\0133_01.jpg,data\processed\bfw\asian\n009177\0456_01.jpg,n004681,n009177,asian,asian,males,females,,,0,0.1969106,32.938053,0.8030894
data\processed\bfw\asian\n004791\0075_01.jpg,data\processed\bfw\asian\n004791\0152_02.jpg,n004791,n004791,asian,asian,males,males,,,1,0.4843925,26.893291,0.5156075
data\processed\bfw\asian\n003357\0123_01.jpg,data\processed\bfw\asian\n003357\0168_01.jpg,n003357,n003357,asian,asian,females,females,,,1,0.23619235,29.667727,0.76380765
data\processed\bfw\asian\n002644\0319_01.jpg,data\processed\bfw\asian\n008148\0202_01.jpg,n002644,n008148,asian,asian,males,females,,,0,-0.07485126,37.118267,1.0748513
data\processed\bfw\asian\n006634\0313_02.jpg,data\processed\bfw\asian\n003355\0137_01.jpg,n006634,n003355,asian,asian,females,males,,,0,0.17111707,32.33321,0.82888293
data\processed\bfw\asian\n006149\0007_01.jpg,data\processed\bfw\asian\n006149\0260_01.jpg,n006149,n006149,asian,asian,females,females,,,1,0.27118853,34.696426,0.7288115
data\processed\bfw\asian\n000138\0164_01.jpg,data\processed\bfw\asian\n007372\0086_01.jpg,n000138,n007372,asian,asian,females,females,,,0,0.12769163,34.51014,0.8723084
data\processed\bfw\asian\n000160\0127_01.jpg,data\processed\bfw\asian\n000160\0338_01.jpg,n000160,n000160,asian,asian,females,females,,,1,0.00975066,42.594055,0.99024934
data\processed\bfw\asian\n009175\0024_03.jpg,data\processed\bfw\asian\n009175\0077_01.jpg,n009175,n009175,asian,asian,females,females,,,1,0.4352901,31.496647,0.5647099
data\processed\bfw\asian\n003465\0047_01.jpg,data\processed\bfw\asian\n000148\0136_01.jpg,n003465,n000148,asian,asian,males,females,,,0,0.118442565,35.172203,0.88155746
data\processed\bfw\asian\n004936\0256_01.jpg,data\processed\bfw\asian\n004936\0625_01.jpg,n004936,n004936,asian,asian,females,females,,,1,0.17945033,30.738125,0.82054967
data\processed\bfw\asian\n004809\0013_10.jpg,data\processed\bfw\asian\n004809\0220_03.jpg,n004809,n004809,asian,asian,males,males,,,1,0.20263264,34.64914,0.79736733
data\processed\bfw\asian\n006634\0726_04.jpg,data\processed\bfw\asian\n007385\0118_01.jpg,n006634,n007385,asian,asian,females,females,,,0,0.108316876,32.12985,0.8916831
data\processed\bfw\asian\n003489\0051_03.jpg,data\processed\bfw\asian\n003489\0135_01.jpg,n003489,n003489,asian,asian,males,males,,,1,0.4858982,29.427794,0.5141018
data\processed\bfw\asian\n009288\0165_01.jpg,data\processed\bfw\asian\n002725\0062_01.jpg,n009288,n002725,asian,asian,females,females,,,0,0.20829739,38.15368,0.7917026
data\processed\bfw\asian\n009279\0032_01.jpg,data\processed\bfw\asian\n004466\0052_01.jpg,n009279,n004466,asian,asian,females,males,,,0,0.0056357887,39.41565,0.9943642
data\processed\bfw\asian\n001496\0149_01.jpg,data\processed\bfw\asian\n001496\0239_01.jpg,n001496,n001496,asian,asian,males,males,,,1,0.3913482,35.744297,0.60865176
data\processed\bfw\asian\n005071\0114_03.jpg,data\processed\bfw\asian\n005071\0630_01.jpg,n005071,n005071,asian,asian,males,males,,,1,0.44220817,30.94184,0.5577918
data\processed\bfw\asian\n009175\0073_01.jpg,data\processed\bfw\asian\n008163\0218_01.jpg,n009175,n008163,asian,asian,females,females,,,0,0.23460796,37.300293,0.76539207
data\processed\bfw\asian\n002331\0009_05.jpg,data\processed\bfw\asian\n002331\0264_01.jpg,n002331,n002331,asian,asian,males,males,,,1,0.09219546,37.855873,0.90780455
data\processed\bfw\asian\n009275\0397_03.jpg,data\processed\bfw\asian\n007270\0124_01.jpg,n009275,n007270,asian,asian,females,females,,,0,0.045597166,37.71822,0.9544028
data\processed\bfw\asian\n003491\0194_02.jpg,data\processed\bfw\asian\n005446\0118_01.jpg,n003491,n005446,asian,asian,males,females,,,0,0.08940401,39.204338,0.910596
data\processed\bfw\asian\n009278\0228_01.jpg,data\processed\bfw\asian\n004466\0153_01.jpg,n009278,n004466,asian,asian,females,males,,,0,0.17362517,38.107864,0.8263748
data\processed\bfw\asian\n005216\0042_01.jpg,data\processed\bfw\asian\n005216\0220_01.jpg,n005216,n005216,asian,asian,females,females,,,1,0.15721515,35.896202,0.8427849
data\processed\bfw\asian\n003355\0008_01.jpg,data\processed\bfw\asian\n003355\0156_01.jpg,n003355,n003355,asian,asian,males,males,,,1,0.5261428,27.95887,0.47385722
data\processed\bfw\asian\n002725\0086_01.jpg,data\processed\bfw\asian\n002725\0298_01.jpg,n002725,n002725,asian,asian,females,females,,,1,0.2706635,35.191643,0.7293365
data\processed\bfw\asian\n009041\0037_01.jpg,data\processed\bfw\asian\n009041\0112_01.jpg,n009041,n009041,asian,asian,females,females,,,1,0.5548494,30.928337,0.4451506
data\processed\bfw\asian\n003489\0112_01.jpg,data\processed\bfw\asian\n001682\0267_02.jpg,n003489,n001682,asian,asian,males,males,,,0,-0.11194142,48.086926,1.1119415
data\processed\bfw\asian\n006149\0260_01.jpg,data\processed\bfw\asian\n004469\0083_02.jpg,n006149,n004469,asian,asian,females,males,,,0,0.024727354,44.290123,0.97527266
data\processed\bfw\asian\n004794\0640_01.jpg,data\processed\bfw\asian\n000138\0493_01.jpg,n004794,n000138,asian,asian,males,females,,,0,-0.048460435,43.003838,1.0484605
data\processed\bfw\asian\n006633\0683_01.jpg,data\processed\bfw\asian\n005063\0439_01.jpg,n006633,n005063,asian,asian,females,females,,,0,0.098829545,38.977837,0.90117043
data\processed\bfw\asian\n004687\0031_01.jpg,data\processed\bfw\asian\n004687\0268_01.jpg,n004687,n004687,asian,asian,females,females,,,1,0.36365762,28.195597,0.6363424
data\processed\bfw\asian\n003156\0119_01.jpg,data\processed\bfw\asian\n003156\0134_01.jpg,n003156,n003156,asian,asian,males,males,,,1,0.12959194,36.832623,0.87040806
data\processed\bfw\asian\n006619\0310_01.jpg,data\processed\bfw\asian\n006619\0333_01.jpg,n006619,n006619,asian,asian,females,females,,,1,0.19003727,35.18938,0.80996275
data\processed\bfw\asian\n002320\0186_02.jpg,data\processed\bfw\asian\n008934\0111_01.jpg,n002320,n008934,asian,asian,males,females,,,0,0.07582189,38.89378,0.9241781
data\processed\bfw\asian\n004800\0419_04.jpg,data\processed\bfw\asian\n007380\0131_01.jpg,n004800,n007380,asian,asian,males,females,,,0,-0.022963628,41.979927,1.0229636
data\processed\bfw\asian\n004805\0263_06.jpg,data\processed\bfw\asian\n009103\0700_03.jpg,n004805,n009103,asian,asian,males,females,,,0,0.032307718,39.873684,0.96769226
data\processed\bfw\asian\n007816\0770_01.jpg,data\processed\bfw\asian\n005177\0152_01.jpg,n007816,n005177,asian,asian,females,males,,,0,0.054975823,36.036537,0.9450242
data\processed\bfw\asian\n009278\0065_01.jpg,data\processed\bfw\asian\n004472\0295_03.jpg,n009278,n004472,asian,asian,females,females,,,0,0.15136918,36.4403,0.8486308
data\processed\bfw\asian\n005072\0107_01.jpg,data\processed\bfw\asian\n006633\0195_02.jpg,n005072,n006633,asian,asian,males,females,,,0,0.027357006,39.092922,0.972643
data\processed\bfw\asian\n002644\0116_01.jpg,data\processed\bfw\asian\n002644\1010_01.jpg,n002644,n002644,asian,asian,males,males,,,1,0.17537618,39.21268,0.8246238
data\processed\bfw\asian\n003355\0008_01.jpg,data\processed\bfw\asian\n003355\0376_01.jpg,n003355,n003355,asian,asian,males,males,,,1,0.34025952,31.389091,0.65974045
data\processed\bfw\asian\n001562\0080_02.jpg,data\processed\bfw\asian\n000873\0348_02.jpg,n001562,n000873,asian,asian,males,males,,,0,0.17834117,36.08764,0.82165885
data\processed\bfw\asian\n003491\0181_02.jpg,data\processed\bfw\asian\n004870\0094_04.jpg,n003491,n004870,asian,asian,males,females,,,0,-0.00062878605,33.73912,1.0006288
data\processed\bfw\asian\n009277\0167_01.jpg,data\processed\bfw\asian\n006634\0090_01.jpg,n009277,n006634,asian,asian,females,females,,,0,0.11872579,38.317696,0.8812742
data\processed\bfw\asian\n008401\0139_02.jpg,data\processed\bfw\asian\n008401\0521_02.jpg,n008401,n008401,asian,asian,females,females,,,1,0.25655475,33.893326,0.7434453
data\processed\bfw\asian\n004860\0055_01.jpg,data\processed\bfw\asian\n004860\0155_01.jpg,n004860,n004860,asian,asian,females,females,,,1,0.110350356,35.141182,0.8896496
data\processed\bfw\asian\n002725\0037_01.jpg,data\processed\bfw\asian\n004680\0053_01.jpg,n002725,n004680,asian,asian,females,females,,,0,0.042490914,41.401985,0.9575091
data\processed\bfw\asian\n002320\0208_01.jpg,data\processed\bfw\asian\n002320\0272_03.jpg,n002320,n002320,asian,asian,males,males,,,1,0.28581634,35.154243,0.7141837
data\processed\bfw\asian\n007380\0052_01.jpg,data\processed\bfw\asian\n007380\0131_01.jpg,n007380,n007380,asian,asian,females,females,,,1,0.42945415,30.342428,0.57054585
data\processed\bfw\asian\n002725\0233_02.jpg,data\processed\bfw\asian\n009278\0087_02.jpg,n002725,n009278,asian,asian,females,females,,,0,0.046798512,38.808163,0.9532015
data\processed\bfw\asian\n007738\0499_01.jpg,data\processed\bfw\asian\n002406\0197_01.jpg,n007738,n002406,asian,asian,females,males,,,0,-0.0007069931,43.59268,1.000707
data\processed\bfw\asian\n004681\0366_01.jpg,data\processed\bfw\asian\n007738\0027_01.jpg,n004681,n007738,asian,asian,males,females,,,0,0.10480896,40.387,0.8951911
data\processed\bfw\asian\n008934\0426_01.jpg,data\processed\bfw\asian\n000161\0020_01.jpg,n008934,n000161,asian,asian,females,males,,,0,-0.029566621,45.57727,1.0295666
data\processed\bfw\asian\n004864\0052_01.jpg,data\processed\bfw\asian\n003824\0042_01.jpg,n004864,n003824,asian,asian,females,females,,,0,-0.112882756,42.289326,1.1128827
data\processed\bfw\asian\n006774\0048_01.jpg,data\processed\bfw\asian\n006774\0049_01.jpg,n006774,n006774,asian,asian,females,females,,,1,0.63929445,25.022757,0.36070555
data\processed\bfw\asian\n008401\0297_01.jpg,data\processed\bfw\asian\n000873\0176_01.jpg,n008401,n000873,asian,asian,females,males,,,0,0.21548451,36.865517,0.7845155
data\processed\bfw\asian\n009288\0215_02.jpg,data\processed\bfw\asian\n009288\0341_01.jpg,n009288,n009288,asian,asian,females,females,,,1,0.13611203,39.828552,0.86388797
data\processed\bfw\asian\n005063\0297_04.jpg,data\processed\bfw\asian\n005063\0414_06.jpg,n005063,n005063,asian,asian,females,females,,,1,0.32536826,35.541973,0.6746317
data\processed\bfw\asian\n003155\0135_01.jpg,data\processed\bfw\asian\n003155\1014_01.jpg,n003155,n003155,asian,asian,males,males,,,1,0.20744656,38.976044,0.7925534
data\processed\bfw\asian\n003357\0493_01.jpg,data\processed\bfw\asian\n003467\0091_01.jpg,n003357,n003467,asian,asian,females,females,,,0,0.05039629,36.041035,0.94960374
data\processed\bfw\asian\n001572\0295_01.jpg,data\processed\bfw\asian\n007899\0212_01.jpg,n001572,n007899,asian,asian,females,females,,,0,-0.00423758,36.88297,1.0042375
data\processed\bfw\asian\n003491\0024_01.jpg,data\processed\bfw\asian\n003491\0164_03.jpg,n003491,n003491,asian,asian,males,males,,,1,0.09620736,35.843796,0.9037926
data\processed\bfw\asian\n003489\0005_01.jpg,data\processed\bfw\asian\n003489\0020_01.jpg,n003489,n003489,asian,asian,males,males,,,1,0.5709845,25.908407,0.42901552
data\processed\bfw\asian\n004786\0115_02.jpg,data\processed\bfw\asian\n003481\0194_01.jpg,n004786,n003481,asian,asian,females,females,,,0,0.10207731,37.765274,0.8979227
data\processed\bfw\asian\n007270\0128_01.jpg,data\processed\bfw\asian\n007270\0155_01.jpg,n007270,n007270,asian,asian,females,females,,,1,0.6380083,22.447739,0.3619917
data\processed\bfw\asian\n002644\0208_01.jpg,data\processed\bfw\asian\n004108\0529_01.jpg,n002644,n004108,asian,asian,males,males,,,0,0.215295,32.17655,0.784705
data\processed\bfw\asian\n004681\0026_01.jpg,data\processed\bfw\asian\n003824\0148_01.jpg,n004681,n003824,asian,asian,males,females,,,0,0.031693093,38.13899,0.9683069
data\processed\bfw\asian\n009175\0019_01.jpg,data\processed\bfw\asian\n000148\0271_01.jpg,n009175,n000148,asian,asian,females,females,,,0,0.0077449433,39.80849,0.99225503
data\processed\bfw\asian\n004721\0021_01.jpg,data\processed\bfw\asian\n004721\0145_01.jpg,n004721,n004721,asian,asian,males,males,,,1,0.4056989,30.507326,0.5943011
data\processed\bfw\asian\n009287\0030_01.jpg,data\processed\bfw\asian\n005116\0041_01.jpg,n009287,n005116,asian,asian,females,males,,,0,0.019733548,41.118744,0.98026645
data\processed\bfw\asian\n004549\0146_01.jpg,data\processed\bfw\asian\n004549\0222_02.jpg,n004549,n004549,asian,asian,females,females,,,1,0.21365099,29.610914,0.786349
data\processed\bfw\asian\n004467\0418_01.jpg,data\processed\bfw\asian\n004467\0682_01.jpg,n004467,n004467,asian,asian,males,males,,,1,0.32871336,36.048473,0.67128664
data\processed\bfw\asian\n002775\0074_01.jpg,data\processed\bfw\asian\n002775\0812_02.jpg,n002775,n002775,asian,asian,males,males,,,1,0.49649203,32.94921,0.503508
data\processed\bfw\asian\n003489\0112_01.jpg,data\processed\bfw\asian\n003489\0191_01.jpg,n003489,n003489,asian,asian,males,males,,,1,0.4250628,31.596558,0.5749372
data\processed\bfw\asian\n009125\0006_01.jpg,data\processed\bfw\asian\n009125\0041_01.jpg,n009125,n009125,asian,asian,females,females,,,1,0.60350615,26.328608,0.39649385
data\processed\bfw\asian\n000837\0009_01.jpg,data\processed\bfw\asian\n000837\0288_01.jpg,n000837,n000837,asian,asian,females,females,,,1,0.27852184,33.707058,0.72147816
data\processed\bfw\asian\n003533\0075_04.jpg,data\processed\bfw\asian\n004800\0866_03.jpg,n003533,n004800,asian,asian,males,males,,,0,-0.019027289,42.26172,1.0190272
data\processed\bfw\asian\n004935\0716_01.jpg,data\processed\bfw\asian\n006634\0118_01.jpg,n004935,n006634,asian,asian,males,females,,,0,0.027964033,36.898235,0.97203594
data\processed\bfw\asian\n004794\0163_01.jpg,data\processed\bfw\asian\n006203\0022_01.jpg,n004794,n006203,asian,asian,males,females,,,0,-0.05142171,33.831474,1.0514218
data\processed\bfw\asian\n003463\0298_01.jpg,data\processed\bfw\asian\n004800\0537_01.jpg,n003463,n004800,asian,asian,males,males,,,0,-0.058108944,40.743084,1.0581089
data\processed\bfw\asian\n009275\0034_02.jpg,data\processed\bfw\asian\n009275\0272_01.jpg,n009275,n009275,asian,asian,females,females,,,1,0.22493082,32.669685,0.7750692
data\processed\bfw\asian\n005072\0225_01.jpg,data\processed\bfw\asian\n000148\0271_01.jpg,n005072,n000148,asian,asian,males,females,,,0,-0.00976385,38.52812,1.0097638
data\processed\bfw\asian\n000856\0026_01.jpg,data\processed\bfw\asian\n006633\0456_02.jpg,n000856,n006633,asian,asian,females,females,,,0,-0.11584894,41.743885,1.1158489
data\processed\bfw\asian\n004680\0178_01.jpg,data\processed\bfw\asian\n002406\0176_01.jpg,n004680,n002406,asian,asian,females,males,,,0,0.04704947,38.316345,0.95295054
data\processed\bfw\asian\n004800\0169_01.jpg,data\processed\bfw\asian\n004800\0335_01.jpg,n004800,n004800,asian,asian,males,males,,,1,0.37954044,27.590538,0.62045956
data\processed\bfw\asian\n002331\0371_01.jpg,data\processed\bfw\asian\n003027\0047_01.jpg,n002331,n003027,asian,asian,males,males,,,0,-0.101230636,45.805027,1.1012306
data\processed\bfw\asian\n004809\0149_01.jpg,data\processed\bfw\asian\n000132\0094_02__face_0.jpg,n004809,n000132,asian,asian,males,males,,,0,0.09612271,36.528687,0.90387726
data\processed\bfw\asian\n003489\0084_02.jpg,data\processed\bfw\asian\n000837\0073_01.jpg,n003489,n000837,asian,asian,males,females,,,0,-0.01420355,40.485935,1.0142035
data\processed\bfw\asian\n003482\0044_02.jpg,data\processed\bfw\asian\n003482\0284_06.jpg,n003482,n003482,asian,asian,males,males,,,1,0.23764244,40.991253,0.7623576
data\processed\bfw\asian\n006619\0334_03.jpg,data\processed\bfw\asian\n006619\0572_01.jpg,n006619,n006619,asian,asian,females,females,,,1,-0.004518922,36.507587,1.0045189
data\processed\bfw\asian\n007385\0086_01.jpg,data\processed\bfw\asian\n007385\0691_01.jpg,n007385,n007385,asian,asian,females,females,,,1,0.23905624,34.893265,0.7609438
data\processed\bfw\asian\n005078\0092_02.jpg,data\processed\bfw\asian\n009279\0255_01.jpg,n005078,n009279,asian,asian,males,females,,,0,0.113882445,43.231,0.8861176
data\processed\bfw\asian\n006619\0216_01.jpg,data\processed\bfw\asian\n006774\0080_01.jpg,n006619,n006774,asian,asian,females,females,,,0,-0.053606927,41.033672,1.053607
data\processed\bfw\asian\n000872\0026_03.jpg,data\processed\bfw\asian\n009275\0238_02.jpg,n000872,n009275,asian,asian,males,females,,,0,-0.03851529,39.272285,1.0385153
data\processed\bfw\asian\n004936\0245_01.jpg,data\processed\bfw\asian\n004936\0324_01.jpg,n004936,n004936,asian,asian,females,females,,,1,0.39615253,28.378906,0.6038475
data\processed\bfw\asian\n003153\0075_01.jpg,data\processed\bfw\asian\n003153\0172_02.jpg,n003153,n003153,asian,asian,females,females,,,1,0.391002,25.892334,0.608998
data\processed\bfw\asian\n001562\0165_02.jpg,data\processed\bfw\asian\n001562\0175_01.jpg,n001562,n001562,asian,asian,males,males,,,1,0.3743615,32.957466,0.6256385
data\processed\bfw\asian\n005446\0490_02.jpg,data\processed\bfw\asian\n003288\0572_01.jpg,n005446,n003288,asian,asian,females,females,,,0,0.08060445,35.780567,0.91939557
data\processed\bfw\asian\n009276\0025_04.jpg,data\processed\bfw\asian\n009276\0374_01.jpg,n009276,n009276,asian,asian,females,females,,,1,0.29220742,34.4518,0.7077926
data\processed\bfw\asian\n007089\0015_01.jpg,data\processed\bfw\asian\n007089\0435_01.jpg,n007089,n007089,asian,asian,females,females,,,1,0.3200737,30.824236,0.6799263
data\processed\bfw\asian\n005216\0091_01.jpg,data\processed\bfw\asian\n009288\0165_01.jpg,n005216,n009288,asian,asian,females,females,,,0,0.08567509,39.164654,0.9143249
data\processed\bfw\asian\n009137\0321_02.jpg,data\processed\bfw\asian\n003354\0082_01.jpg,n009137,n003354,asian,asian,females,females,,,0,0.06501119,38.160896,0.9349888
data\processed\bfw\asian\n000873\0111_01.jpg,data\processed\bfw\asian\n009175\0077_01.jpg,n000873,n009175,asian,asian,males,females,,,0,0.06149407,40.386066,0.93850595
data\processed\bfw\asian\n004221\0111_02.jpg,data\processed\bfw\asian\n004221\0243_01.jpg,n004221,n004221,asian,asian,males,males,,,1,0.20984688,37.717823,0.79015315
data\processed\bfw\asian\n004794\0540_01.jpg,data\processed\bfw\asian\n004794\0612_01.jpg,n004794,n004794,asian,asian,males,males,,,1,0.33040226,32.055157,0.66959774
data\processed\bfw\asian\n006344\0147_02.jpg,data\processed\bfw\asian\n006344\0413_01.jpg,n006344,n006344,asian,asian,females,females,,,1,0.0842832,31.973562,0.91571677
data\processed\bfw\asian\n002406\0137_01.jpg,data\processed\bfw\asian\n002406\0173_01.jpg,n002406,n002406,asian,asian,males,males,,,1,0.36882576,29.769403,0.6311742
data\processed\bfw\asian\n005063\0089_02.jpg,data\processed\bfw\asian\n004860\0779_01.jpg,n005063,n004860,asian,asian,females,females,,,0,0.1381439,31.834932,0.8618561
data\processed\bfw\asian\n004936\0038_03.jpg,data\processed\bfw\asian\n004936\0345_01.jpg,n004936,n004936,asian,asian,females,females,,,1,0.2951534,31.64944,0.7048466
data\processed\bfw\asian\n000854\0346_03.jpg,data\processed\bfw\asian\n000854\0461_01.jpg,n000854,n000854,asian,asian,females,females,,,1,0.14274168,40.237392,0.8572583
data\processed\bfw\asian\n004469\0111_03.jpg,data\processed\bfw\asian\n004469\0853_02.jpg,n004469,n004469,asian,asian,males,males,,,1,0.25095168,38.524567,0.74904835
data\processed\bfw\asian\n005085\0001_01.jpg,data\processed\bfw\asian\n004805\0065_01.jpg,n005085,n004805,asian,asian,females,males,,,0,0.050808713,36.614037,0.9491913
data\processed\bfw\asian\n006633\0036_02.jpg,data\processed\bfw\asian\n006633\0688_01.jpg,n006633,n006633,asian,asian,females,females,,,1,0.19458365,32.241043,0.80541635
data\processed\bfw\asian\n000138\0326_01.jpg,data\processed\bfw\asian\n009125\0034_01.jpg,n000138,n009125,asian,asian,females,females,,,0,0.019367786,38.986885,0.9806322
data\processed\bfw\asian\n002644\0497_02.jpg,data\processed\bfw\asian\n002320\0013_05.jpg,n002644,n002320,asian,asian,males,males,,,0,0.1750142,35.742043,0.8249858
data\processed\bfw\asian\n009294\0139_02.jpg,data\processed\bfw\asian\n003465\0303_01.jpg,n009294,n003465,asian,asian,females,males,,,0,-0.03540028,42.699062,1.0354003
data\processed\bfw\asian\n004549\0086_02.jpg,data\processed\bfw\asian\n004549\0303_01.jpg,n004549,n004549,asian,asian,females,females,,,1,0.31868327,28.948977,0.68131673
data\processed\bfw\asian\n009278\0259_01.jpg,data\processed\bfw\asian\n007664\0029_01.jpg,n009278,n007664,asian,asian,females,females,,,0,-0.0079075275,41.159084,1.0079075
data\processed\bfw\asian\n002406\0148_01.jpg,data\processed\bfw\asian\n002406\0328_01.jpg,n002406,n002406,asian,asian,males,males,,,1,0.16572456,39.453674,0.8342754
data\processed\bfw\asian\n006125\0081_01.jpg,data\processed\bfw\asian\n006125\0424_01.jpg,n006125,n006125,asian,asian,females,females,,,1,0.3093475,31.490858,0.6906525
data\processed\bfw\asian\n009137\0031_03.jpg,data\processed\bfw\asian\n009137\0264_01.jpg,n009137,n009137,asian,asian,females,females,,,1,0.43490133,26.28895,0.56509864
data\processed\bfw\asian\n005446\0243_02.jpg,data\processed\bfw\asian\n005446\0490_02.jpg,n005446,n005446,asian,asian,females,females,,,1,0.5357269,23.909456,0.4642731
data\processed\bfw\asian\n002509\0041_01.jpg,data\processed\bfw\asian\n003467\0042_01.jpg,n002509,n003467,asian,asian,females,females,,,0,0.20192178,37.247078,0.79807824
data\processed\bfw\asian\n003449\0060_01.jpg,data\processed\bfw\asian\n003355\0056_01.jpg,n003449,n003355,asian,asian,females,males,,,0,0.12060824,35.641106,0.8793918
data\processed\bfw\asian\n005063\0042_01.jpg,data\processed\bfw\asian\n005063\0439_01.jpg,n005063,n005063,asian,asian,females,females,,,1,-0.01356575,42.834377,1.0135658
data\processed\bfw\asian\n004466\0223_01.jpg,data\processed\bfw\asian\n008148\0137_01.jpg,n004466,n008148,asian,asian,males,females,,,0,0.05965393,37.072735,0.94034606
data\processed\bfw\asian\n005078\0250_01.jpg,data\processed\bfw\asian\n005078\0338_01.jpg,n005078,n005078,asian,asian,males,males,,,1,0.037745774,42.19459,0.9622542
data\processed\bfw\asian\n009137\0321_02.jpg,data\processed\bfw\asian\n000856\0042_01.jpg,n009137,n000856,asian,asian,females,females,,,0,0.118810095,36.764683,0.8811899
data\processed\bfw\asian\n000135\0208_01.jpg,data\processed\bfw\asian\n000135\0228_01.jpg,n000135,n000135,asian,asian,females,females,,,1,0.078863375,35.214214,0.9211366
data\processed\bfw\asian\n002406\0208_07.jpg,data\processed\bfw\asian\n002406\0328_01.jpg,n002406,n002406,asian,asian,males,males,,,1,0.0943787,40.79564,0.9056213
data\processed\bfw\asian\n003489\0031_01.jpg,data\processed\bfw\asian\n003489\0102_01.jpg,n003489,n003489,asian,asian,males,males,,,1,0.4253091,30.320606,0.57469094
data\processed\bfw\asian\n004930\0082_01.jpg,data\processed\bfw\asian\n004860\0091_02.jpg,n004930,n004860,asian,asian,females,females,,,0,0.047093585,35.570175,0.9529064
data\processed\bfw\asian\n002331\0264_01.jpg,data\processed\bfw\asian\n002331\0357_01.jpg,n002331,n002331,asian,asian,males,males,,,1,0.120580874,40.429684,0.87941915
data\processed\bfw\asian\n004467\0068_01.jpg,data\processed\bfw\asian\n004467\0702_01.jpg,n004467,n004467,asian,asian,males,males,,,1,0.21911493,36.994312,0.7808851
data\processed\bfw\asian\n003463\0075_01.jpg,data\processed\bfw\asian\n003463\0076_01.jpg,n003463,n003463,asian,asian,males,males,,,1,0.4688487,27.900917,0.5311513
data\processed\bfw\asian\n005216\0119_01.jpg,data\processed\bfw\asian\n005216\0189_01.jpg,n005216,n005216,asian,asian,females,females,,,1,0.23265533,31.987707,0.76734465
data\processed\bfw\asian\n009103\0220_01.jpg,data\processed\bfw\asian\n009103\0256_01.jpg,n009103,n009103,asian,asian,females,females,,,1,0.3652559,29.95082,0.6347441
data\processed\bfw\asian\n000138\0188_01.jpg,data\processed\bfw\asian\n000138\0347_01.jpg,n000138,n000138,asian,asian,females,females,,,1,0.30964866,32.0862,0.69035137
data\processed\bfw\asian\n008401\0399_01.jpg,data\processed\bfw\asian\n009275\0039_01.jpg,n008401,n009275,asian,asian,females,females,,,0,0.104114704,34.006012,0.8958853
data\processed\bfw\asian\n005071\0154_01.jpg,data\processed\bfw\asian\n005085\0069_01.jpg,n005071,n005085,asian,asian,males,females,,,0,0.012427076,39.387592,0.9875729
data\processed\bfw\asian\n000160\0139_01.jpg,data\processed\bfw\asian\n004936\0111_04.jpg,n000160,n004936,asian,asian,females,females,,,0,-0.085104816,43.997124,1.0851048
data\processed\bfw\asian\n003153\0157_01.jpg,data\processed\bfw\asian\n003153\0624_01.jpg,n003153,n003153,asian,asian,females,females,,,1,0.22275795,32.755257,0.77724206
data\processed\bfw\asian\n005071\0115_02.jpg,data\processed\bfw\asian\n001572\0138_01.jpg,n005071,n001572,asian,asian,males,females,,,0,0.015785225,42.4636,0.9842148
data\processed\bfw\asian\n009137\0057_01.jpg,data\processed\bfw\asian\n009137\0151_01.jpg,n009137,n009137,asian,asian,females,females,,,1,0.57757914,22.692757,0.42242086
data\processed\bfw\asian\n003358\0365_01.jpg,data\processed\bfw\asian\n003358\0408_01.jpg,n003358,n003358,asian,asian,females,females,,,1,0.26020017,31.932083,0.73979986
data\processed\bfw\asian\n005078\0202_01.jpg,data\processed\bfw\asian\n005078\0250_01.jpg,n005078,n005078,asian,asian,males,males,,,1,0.38034388,35.752132,0.6196561
data\processed\bfw\asian\n006159\0113_02.jpg,data\processed\bfw\asian\n000009\0012_01.jpg,n006159,n000009,asian,asian,females,females,,,0,-0.0082925325,45.025757,1.0082926
data\processed\bfw\asian\n000138\0213_01.jpg,data\processed\bfw\asian\n005063\0439_01.jpg,n000138,n005063,asian,asian,females,females,,,0,-0.18916179,44.211723,1.1891618
data\processed\bfw\asian\n000161\0001_01.jpg,data\processed\bfw\asian\n000161\0087_02.jpg,n000161,n000161,asian,asian,males,males,,,1,0.5268321,30.907219,0.4731679
data\processed\bfw\asian\n002644\0997_01.jpg,data\processed\bfw\asian\n003467\0146_02.jpg,n002644,n003467,asian,asian,males,females,,,0,0.025787478,41.325813,0.9742125
data\processed\bfw\asian\n006634\0023_08.jpg,data\processed\bfw\asian\n000840\0042_01.jpg,n006634,n000840,asian,asian,females,females,,,0,0.08433129,34.829483,0.9156687
data\processed\bfw\asian\n000838\0058_01.jpg,data\processed\bfw\asian\n000838\0160_01.jpg,n000838,n000838,asian,asian,females,females,,,1,0.4251043,34.142517,0.57489574
data\processed\bfw\asian\n002320\0044_02.jpg,data\processed\bfw\asian\n002320\0086_03.jpg,n002320,n002320,asian,asian,males,males,,,1,0.48757574,29.004393,0.51242423
data\processed\bfw\asian\n007814\0382_01.jpg,data\processed\bfw\asian\n004472\0485_01.jpg,n007814,n004472,asian,asian,females,females,,,0,0.12271488,36.72201,0.8772851
data\processed\bfw\asian\n000158\0013_01.jpg,data\processed\bfw\asian\n000158\0245_02.jpg,n000158,n000158,asian,asian,males,males,,,1,0.41165334,37.899216,0.58834666
data\processed\bfw\asian\n007664\0029_01.jpg,data\processed\bfw\asian\n007664\0094_03.jpg,n007664,n007664,asian,asian,females,females,,,1,0.5145075,25.490232,0.48549253
data\processed\bfw\asian\n009277\0113_01.jpg,data\processed\bfw\asian\n009277\0395_02.jpg,n009277,n009277,asian,asian,females,females,,,1,0.2547996,34.51919,0.7452004
data\processed\bfw\asian\n009041\0040_01.jpg,data\processed\bfw\asian\n009041\0114_01.jpg,n009041,n009041,asian,asian,females,females,,,1,0.41256064,31.054003,0.58743936
data\processed\bfw\asian\n009294\0194_01.jpg,data\processed\bfw\asian\n000160\0150_01.jpg,n009294,n000160,asian,asian,females,females,,,0,0.08470415,36.812187,0.91529584
data\processed\bfw\asian\n005077\0054_01.jpg,data\processed\bfw\asian\n009125\0100_01.jpg,n005077,n009125,asian,asian,females,females,,,0,-0.08054657,39.906,1.0805466
data\processed\bfw\asian\n007089\0040_03.jpg,data\processed\bfw\asian\n007089\0121_01.jpg,n007089,n007089,asian,asian,females,females,,,1,0.24850087,31.756353,0.7514991
data\processed\bfw\asian\n000009\0205_01.jpg,data\processed\bfw\asian\n003155\0156_01.jpg,n000009,n003155,asian,asian,females,males,,,0,0.061655134,40.61685,0.93834484
data\processed\bfw\asian\n005063\0030_01.jpg,data\processed\bfw\asian\n004686\0034_01.jpg,n005063,n004686,asian,asian,females,males,,,0,-0.100357704,41.058044,1.1003577
data\processed\bfw\asian\n008934\0426_01.jpg,data\processed\bfw\asian\n005078\0202_01.jpg,n008934,n005078,asian,asian,females,males,,,0,0.10127761,43.988388,0.8987224
data\processed\bfw\asian\n009103\0067_02.jpg,data\processed\bfw\asian\n003156\0073_02.jpg,n009103,n003156,asian,asian,females,males,,,0,0.14901544,39.38233,0.8509846
data\processed\bfw\asian\n004870\0007_01.jpg,data\processed\bfw\asian\n001864\0192_02.jpg,n004870,n001864,asian,asian,females,males,,,0,-0.061368667,43.07742,1.0613687
data\processed\bfw\asian\n003155\0309_02.jpg,data\processed\bfw\asian\n003463\0017_01.jpg,n003155,n003463,asian,asian,males,males,,,0,0.028453434,44.538475,0.9715466
data\processed\bfw\asian\n004870\0070_02.jpg,data\processed\bfw\asian\n004870\0112_02.jpg,n004870,n004870,asian,asian,females,females,,,1,0.67945725,21.622683,0.32054275
data\processed\bfw\asian\n005216\0127_01.jpg,data\processed\bfw\asian\n005216\0133_01.jpg,n005216,n005216,asian,asian,females,females,,,1,0.1748343,33.113308,0.8251657
data\processed\bfw\asian\n006344\0350_01.jpg,data\processed\bfw\asian\n006344\0413_01.jpg,n006344,n006344,asian,asian,females,females,,,1,0.015012347,33.6132,0.9849877
data\processed\bfw\asian\n003824\0335_01.jpg,data\processed\bfw\asian\n002406\0137_01.jpg,n003824,n002406,asian,asian,females,males,,,0,0.20984869,32.44539,0.7901513
data\processed\bfw\asian\n001976\0121_02.jpg,data\processed\bfw\asian\n001976\0152_02.jpg,n001976,n001976,asian,asian,males,males,,,1,0.46653506,29.472412,0.5334649
data\processed\bfw\asian\n005083\0120_01.jpg,data\processed\bfw\asian\n003355\0008_01.jpg,n005083,n003355,asian,asian,females,males,,,0,0.111974,34.78064,0.888026
data\processed\bfw\asian\n002509\0243_01.jpg,data\processed\bfw\asian\n002509\0319_01.jpg,n002509,n002509,asian,asian,females,females,,,1,0.10707396,34.78833,0.89292604
data\processed\bfw\asian\n009276\0102_01.jpg,data\processed\bfw\asian\n009276\0106_07.jpg,n009276,n009276,asian,asian,females,females,,,1,0.2528301,33.39148,0.7471699
data\processed\bfw\asian\n006619\0216_01.jpg,data\processed\bfw\asian\n006619\0266_01.jpg,n006619,n006619,asian,asian,females,females,,,1,0.3652125,28.30341,0.6347875
data\processed\bfw\asian\n009137\0163_02.jpg,data\processed\bfw\asian\n009137\0321_02.jpg,n009137,n009137,asian,asian,females,females,,,1,0.3267216,29.725134,0.6732784
data\processed\bfw\asian\n000856\0026_01.jpg,data\processed\bfw\asian\n000856\0053_01.jpg,n000856,n000856,asian,asian,females,females,,,1,0.53039014,28.38423,0.46960986
data\processed\bfw\asian\n003162\0511_01.jpg,data\processed\bfw\asian\n000840\0541_02.jpg,n003162,n000840,asian,asian,males,females,,,0,0.0016671858,44.210808,0.9983328
data\processed\bfw\asian\n006633\0221_02.jpg,data\processed\bfw\asian\n007899\0174_01.jpg,n006633,n007899,asian,asian,females,females,,,0,-0.038830027,40.633343,1.03883
data\processed\bfw\asian\n008401\0391_01.jpg,data\processed\bfw\asian\n000840\0003_02.jpg,n008401,n000840,asian,asian,females,females,,,0,-0.006608291,39.858017,1.0066082
data\processed\bfw\asian\n009177\0175_01.jpg,data\processed\bfw\asian\n009177\0294_02.jpg,n009177,n009177,asian,asian,females,females,,,1,0.14766909,36.74965,0.8523309
data\processed\bfw\asian\n003355\0184_01.jpg,data\processed\bfw\asian\n003355\0203_01.jpg,n003355,n003355,asian,asian,males,males,,,1,0.36008248,33.533577,0.6399175
data\processed\bfw\asian\n004877\0100_01.jpg,data\processed\bfw\asian\n004877\0135_01.jpg,n004877,n004877,asian,asian,females,females,,,1,0.14256063,36.055943,0.8574394
data\processed\bfw\asian\n007814\0079_01.jpg,data\processed\bfw\asian\n007814\0382_01.jpg,n007814,n007814,asian,asian,females,females,,,1,0.19471253,33.03569,0.8052875
data\processed\bfw\asian\n005446\0103_01.jpg,data\processed\bfw\asian\n000436\0653_01.jpg,n005446,n000436,asian,asian,females,males,,,0,0.029349983,37.16592,0.97065
data\processed\bfw\asian\n005083\0053_03.jpg,data\processed\bfw\asian\n005083\0108_01.jpg,n005083,n005083,asian,asian,females,females,,,1,0.38231027,27.494534,0.6176897
data\processed\bfw\asian\n004467\0191_01.jpg,data\processed\bfw\asian\n000837\0020_01.jpg,n004467,n000837,asian,asian,males,females,,,0,0.01979114,37.118935,0.9802089
data\processed\bfw\asian\n000161\0001_01.jpg,data\processed\bfw\asian\n000161\0445_03.jpg,n000161,n000161,asian,asian,males,males,,,1,0.35809502,36.49034,0.64190495
data\processed\bfw\asian\n006344\0143_01.jpg,data\processed\bfw\asian\n006344\0413_01.jpg,n006344,n006344,asian,asian,females,females,,,1,0.18285377,32.18813,0.81714624
data\processed\bfw\asian\n004687\0092_01.jpg,data\processed\bfw\asian\n004687\0104_02.jpg,n004687,n004687,asian,asian,females,females,,,1,0.3636344,27.520714,0.6363656
data\processed\bfw\asian\n003463\0367_01.jpg,data\processed\bfw\asian\n006344\0025_02.jpg,n003463,n006344,asian,asian,males,females,,,0,0.0061847814,41.545918,0.99381524
data\processed\bfw\asian\n009275\0323_03.jpg,data\processed\bfw\asian\n009275\0344_01.jpg,n009275,n009275,asian,asian,females,females,,,1,0.3917611,28.807663,0.60823894
data\processed\bfw\asian\n003167\0074_01.jpg,data\processed\bfw\asian\n003167\0595_01.jpg,n003167,n003167,asian,asian,males,males,,,1,0.6152251,27.252909,0.38477492
data\processed\bfw\asian\n009288\0068_01.jpg,data\processed\bfw\asian\n001562\0018_01.jpg,n009288,n001562,asian,asian,females,males,,,0,0.0017709101,46.809727,0.9982291
data\processed\bfw\asian\n006418\0021_02.jpg,data\processed\bfw\asian\n006418\0040_01.jpg,n006418,n006418,asian,asian,females,females,,,1,0.4274624,30.014467,0.5725376
data\processed\bfw\asian\n004686\0055_01.jpg,data\processed\bfw\asian\n004877\0441_01.jpg,n004686,n004877,asian,asian,males,females,,,0,-0.03127761,40.098167,1.0312777
data\processed\bfw\asian\n004787\0028_01.jpg,data\processed\bfw\asian\n006634\0120_01.jpg,n004787,n006634,asian,asian,females,females,,,0,0.051661957,37.17868,0.94833803
data\processed\bfw\asian\n009042\0047_02.jpg,data\processed\bfw\asian\n009042\0085_01.jpg,n009042,n009042,asian,asian,females,females,,,1,0.014439944,44.00169,0.98556006
data\processed\bfw\asian\n005116\0442_01.jpg,data\processed\bfw\asian\n004948\0212_01.jpg,n005116,n004948,asian,asian,males,males,,,0,0.07886242,36.85021,0.9211376
data\processed\bfw\asian\n009177\0005_01.jpg,data\processed\bfw\asian\n009177\0232_01.jpg,n009177,n009177,asian,asian,females,females,,,1,0.433888,28.103367,0.56611204
data\processed\bfw\asian\n009103\0286_01.jpg,data\processed\bfw\asian\n009279\0393_04.jpg,n009103,n009279,asian,asian,females,females,,,0,0.14310555,36.515472,0.85689443
data\processed\bfw\asian\n004791\0416_01.jpg,data\processed\bfw\asian\n006774\0268_01.jpg,n004791,n006774,asian,asian,males,females,,,0,0.098718144,34.947296,0.90128183
data\processed\bfw\asian\n003463\0127_01.jpg,data\processed\bfw\asian\n002509\0013_01.jpg,n003463,n002509,asian,asian,males,females,,,0,0.18232554,35.766876,0.81767446
data\processed\bfw\asian\n007380\0052_01.jpg,data\processed\bfw\asian\n007380\0204_01.jpg,n007380,n007380,asian,asian,females,females,,,1,0.32976985,30.862144,0.67023015
data\processed\bfw\asian\n000137\0055_01.jpg,data\processed\bfw\asian\n009177\0606_02.jpg,n000137,n009177,asian,asian,females,females,,,0,0.01252051,37.440945,0.9874795
data\processed\bfw\asian\n007816\0164_01.jpg,data\processed\bfw\asian\n007816\0811_03.jpg,n007816,n007816,asian,asian,females,females,,,1,0.274201,32.905193,0.72579896
data\processed\bfw\asian\n008383\0139_02.jpg,data\processed\bfw\asian\n008383\0251_01.jpg,n008383,n008383,asian,asian,females,females,,,1,0.21879025,33.1707,0.78120977
data\processed\bfw\asian\n003357\0034_01.jpg,data\processed\bfw\asian\n003357\0168_01.jpg,n003357,n003357,asian,asian,females,females,,,1,0.2163972,33.306942,0.78360283
data\processed\bfw\asian\n000854\0262_01.jpg,data\processed\bfw\asian\n007664\0045_01.jpg,n000854,n007664,asian,asian,females,females,,,0,-0.058105275,38.967533,1.0581052
data\processed\bfw\asian\n007372\0099_01.jpg,data\processed\bfw\asian\n007372\0238_01.jpg,n007372,n007372,asian,asian,females,females,,,1,0.2611191,31.249523,0.7388809
data\processed\bfw\asian\n004864\0282_02.jpg,data\processed\bfw\asian\n004864\0607_01.jpg,n004864,n004864,asian,asian,females,females,,,1,0.22385454,33.07952,0.77614546
data\processed\bfw\asian\n005063\0027_01.jpg,data\processed\bfw\asian\n004687\0037_01.jpg,n005063,n004687,asian,asian,females,females,,,0,-0.048347823,37.052498,1.0483478
data\processed\bfw\asian\n009125\0321_01.jpg,data\processed\bfw\asian\n004721\0110_01.jpg,n009125,n004721,asian,asian,females,males,,,0,0.1520016,32.38806,0.8479984
data\processed\bfw\asian\n003533\0019_01.jpg,data\processed\bfw\asian\n003533\0078_01.jpg,n003533,n003533,asian,asian,males,males,,,1,0.5947845,28.920364,0.4052155
data\processed\bfw\asian\n004680\0113_02.jpg,data\processed\bfw\asian\n004680\0143_02.jpg,n004680,n004680,asian,asian,females,females,,,1,0.5054996,30.11615,0.4945004
data\processed\bfw\asian\n004948\0057_01.jpg,data\processed\bfw\asian\n004948\0381_01.jpg,n004948,n004948,asian,asian,males,males,,,1,0.09973144,38.04085,0.90026855
data\processed\bfw\asian\n003506\0177_01.jpg,data\processed\bfw\asian\n006774\0391_01.jpg,n003506,n006774,asian,asian,females,females,,,0,0.2033177,33.363678,0.7966823
data\processed\bfw\asian\n003449\0001_01.jpg,data\processed\bfw\asian\n005072\0302_01.jpg,n003449,n005072,asian,asian,females,males,,,0,-0.026629785,38.852226,1.0266298
data\processed\bfw\asian\n003449\0072_01.jpg,data\processed\bfw\asian\n003449\0129_01.jpg,n003449,n003449,asian,asian,females,females,,,1,0.019959051,40.01501,0.98004097
data\processed\bfw\asian\n005063\0249_05.jpg,data\processed\bfw\asian\n003153\0157_01.jpg,n005063,n003153,asian,asian,females,females,,,0,0.1906699,39.599506,0.8093301
data\processed\bfw\asian\n005378\0335_01.jpg,data\processed\bfw\asian\n005378\0388_01.jpg,n005378,n005378,asian,asian,females,females,,,1,0.33344766,32.909203,0.6665523
data\processed\bfw\asian\n009041\0077_01.jpg,data\processed\bfw\asian\n003481\0096_02.jpg,n009041,n003481,asian,asian,females,females,,,0,0.11800674,38.571037,0.88199323
data\processed\bfw\asian\n002406\0173_01.jpg,data\processed\bfw\asian\n009041\0560_01.jpg,n002406,n009041,asian,asian,males,females,,,0,0.12399029,36.408485,0.8760097
data\processed\bfw\asian\n003824\0262_01.jpg,data\processed\bfw\asian\n007378\0474_01.jpg,n003824,n007378,asian,asian,females,females,,,0,-0.04433866,32.626156,1.0443387
data\processed\bfw\asian\n006223\0093_01.jpg,data\processed\bfw\asian\n006223\0126_01.jpg,n006223,n006223,asian,asian,females,females,,,1,0.43732807,24.803782,0.5626719
data\processed\bfw\asian\n009042\0015_01.jpg,data\processed\bfw\asian\n009042\0057_01.jpg,n009042,n009042,asian,asian,females,females,,,1,0.24487464,36.935486,0.75512534
data\processed\bfw\asian\n007738\0140_01.jpg,data\processed\bfw\asian\n007738\0329_02.jpg,n007738,n007738,asian,asian,females,females,,,1,0.08364284,37.1677,0.91635716
data\processed\bfw\asian\n006418\0061_04.jpg,data\processed\bfw\asian\n006418\0090_06.jpg,n006418,n006418,asian,asian,females,females,,,1,0.30698517,31.26574,0.69301486
data\processed\bfw\asian\n008934\0141_01.jpg,data\processed\bfw\asian\n008934\0211_01.jpg,n008934,n008934,asian,asian,females,females,,,1,0.37479615,32.116367,0.62520385
data\processed\bfw\asian\n004870\0063_01.jpg,data\processed\bfw\asian\n004870\0094_04.jpg,n004870,n004870,asian,asian,females,females,,,1,0.23749721,32.05828,0.7625028
data\processed\bfw\asian\n007270\0124_01.jpg,data\processed\bfw\asian\n006224\0160_01.jpg,n007270,n006224,asian,asian,females,females,,,0,-0.0610531,39.519505,1.0610532
data\processed\bfw\asian\n000840\0162_01.jpg,data\processed\bfw\asian\n000840\0213_03.jpg,n000840,n000840,asian,asian,females,females,,,1,-0.049511235,38.6223,1.0495112
data\processed\bfw\asian\n009125\0043_01.jpg,data\processed\bfw\asian\n009125\0172_01.jpg,n009125,n009125,asian,asian,females,females,,,1,0.51925,25.946335,0.48075002
data\processed\bfw\asian\n004805\0157_04.jpg,data\processed\bfw\asian\n004805\0612_01.jpg,n004805,n004805,asian,asian,males,males,,,1,0.20288356,35.539333,0.79711646
data\processed\bfw\asian\n000840\0036_01.jpg,data\processed\bfw\asian\n000840\0541_02.jpg,n000840,n000840,asian,asian,females,females,,,1,-0.05625911,41.05765,1.0562592
data\processed\bfw\asian\n005216\0084_01.jpg,data\processed\bfw\asian\n009041\0091_06.jpg,n005216,n009041,asian,asian,females,females,,,0,-0.018533075,41.307854,1.0185331
data\processed\bfw\asian\n008383\0193_12.jpg,data\processed\bfw\asian\n005072\0231_01.jpg,n008383,n005072,asian,asian,females,males,,,0,0.050137497,37.9608,0.9498625
data\processed\bfw\asian\n007899\0077_01.jpg,data\processed\bfw\asian\n007899\0166_01.jpg,n007899,n007899,asian,asian,females,females,,,1,0.37266788,30.072342,0.6273321
data\processed\bfw\asian\n000138\0153_02.jpg,data\processed\bfw\asian\n000138\0326_01.jpg,n000138,n000138,asian,asian,females,females,,,1,0.13087653,37.54501,0.86912346
data\processed\bfw\asian\n003824\0035_01.jpg,data\processed\bfw\asian\n008934\0029_02.jpg,n003824,n008934,asian,asian,females,females,,,0,0.13176645,37.01056,0.86823356
data\processed\bfw\asian\n003027\0470_01.jpg,data\processed\bfw\asian\n006619\0333_01.jpg,n003027,n006619,asian,asian,males,females,,,0,-0.089059785,45.19225,1.0890598
data\processed\bfw\asian\n008383\0104_02.jpg,data\processed\bfw\asian\n008383\0268_01.jpg,n008383,n008383,asian,asian,females,females,,,1,0.37013415,30.705467,0.6298659
data\processed\bfw\asian\n000838\0463_01.jpg,data\processed\bfw\asian\n004469\0114_01.jpg,n000838,n004469,asian,asian,females,males,,,0,0.07835634,44.99048,0.9216437
data\processed\bfw\asian\n005216\0009_01.jpg,data\processed\bfw\asian\n001496\0311_01.jpg,n005216,n001496,asian,asian,females,males,,,0,-0.028594002,45.393715,1.028594
data\processed\bfw\asian\n005063\0064_01.jpg,data\processed\bfw\asian\n005063\0249_05.jpg,n005063,n005063,asian,asian,females,females,,,1,-0.054332945,43.730206,1.054333
data\processed\bfw\asian\n004809\0328_01.jpg,data\processed\bfw\asian\n004809\0659_01.jpg,n004809,n004809,asian,asian,males,males,,,1,0.35293707,32.543987,0.6470629
data\processed\bfw\asian\n004466\0223_01.jpg,data\processed\bfw\asian\n000436\0466_01.jpg,n004466,n000436,asian,asian,males,males,,,0,0.071558766,35.426292,0.9284412
data\processed\bfw\asian\n001976\0038_01.jpg,data\processed\bfw\asian\n001562\0334_01.jpg,n001976,n001562,asian,asian,males,males,,,0,0.025869397,42.625256,0.97413063
data\processed\bfw\asian\n006634\0089_03.jpg,data\processed\bfw\asian\n000873\0542_01.jpg,n006634,n000873,asian,asian,females,males,,,0,0.13639677,34.69106,0.86360323
data\processed\bfw\asian\n009177\0248_02.jpg,data\processed\bfw\asian\n009177\0626_01.jpg,n009177,n009177,asian,asian,females,females,,,1,0.19270203,34.35896,0.80729795
data\processed\bfw\asian\n000436\0407_01.jpg,data\processed\bfw\asian\n008401\0141_01.jpg,n000436,n008401,asian,asian,males,females,,,0,-0.07224353,44.014748,1.0722436
data\processed\bfw\asian\n004469\0170_01.jpg,data\processed\bfw\asian\n004469\0853_02.jpg,n004469,n004469,asian,asian,males,males,,,1,0.40252897,34.451126,0.597471
data\processed\bfw\asian\n005216\0017_01.jpg,data\processed\bfw\asian\n005216\0046_01.jpg,n005216,n005216,asian,asian,females,females,,,1,0.12060373,34.629597,0.87939626
data\processed\bfw\asian\n004791\0204_01.jpg,data\processed\bfw\asian\n004791\0315_02.jpg,n004791,n004791,asian,asian,males,males,,,1,0.37341556,31.311804,0.6265844
data\processed\bfw\asian\n003824\0037_01.jpg,data\processed\bfw\asian\n003824\0091_01.jpg,n003824,n003824,asian,asian,females,females,,,1,0.47852972,28.435469,0.5214703
data\processed\bfw\asian\n009278\0026_01.jpg,data\processed\bfw\asian\n009278\0066_01.jpg,n009278,n009278,asian,asian,females,females,,,1,0.3552426,29.745466,0.6447574
data\processed\bfw\asian\n004864\0056_01.jpg,data\processed\bfw\asian\n004864\0179_01.jpg,n004864,n004864,asian,asian,females,females,,,1,0.20871438,32.872814,0.79128563
data\processed\bfw\asian\n003491\0081_04.jpg,data\processed\bfw\asian\n003491\0096_01.jpg,n003491,n003491,asian,asian,males,males,,,1,0.24171278,34.7842,0.7582872
data\processed\bfw\asian\n004877\0004_01.jpg,data\processed\bfw\asian\n004935\0238_01.jpg,n004877,n004935,asian,asian,females,males,,,0,0.09644845,38.19091,0.9035516
data\processed\bfw\asian\n005077\0002_01.jpg,data\processed\bfw\asian\n005077\0094_01.jpg,n005077,n005077,asian,asian,females,females,,,1,0.32754013,29.136482,0.67245984
data\processed\bfw\asian\n007089\0162_01.jpg,data\processed\bfw\asian\n004680\0027_01.jpg,n007089,n004680,asian,asian,females,females,,,0,0.048381846,38.51791,0.95161813
data\processed\bfw\asian\n005072\0027_01.jpg,data\processed\bfw\asian\n000436\0002_01.jpg,n005072,n000436,asian,asian,males,males,,,0,0.17536959,36.65557,0.8246304
data\processed\bfw\asian\n004109\0122_01.jpg,data\processed\bfw\asian\n000158\0245_02.jpg,n004109,n000158,asian,asian,males,males,,,0,-0.1441947,47.402134,1.1441947
data\processed\bfw\asian\n006149\0075_01.jpg,data\processed\bfw\asian\n006149\0162_01.jpg,n006149,n006149,asian,asian,females,females,,,1,0.4719312,26.768183,0.5280688
data\processed\bfw\asian\n003288\0222_01.jpg,data\processed\bfw\asian\n003288\0628_01.jpg,n003288,n003288,asian,asian,females,females,,,1,0.3647484,26.567644,0.63525164
data\processed\bfw\asian\n004467\0293_01.jpg,data\processed\bfw\asian\n005474\0072_02.jpg,n004467,n005474,asian,asian,males,females,,,0,0.0807757,37.930492,0.9192243
data\processed\bfw\asian\n000854\0275_01.jpg,data\processed\bfw\asian\n007899\0073_01.jpg,n000854,n007899,asian,asian,females,females,,,0,0.08413401,36.964058,0.915866
data\processed\bfw\asian\n004466\0102_01.jpg,data\processed\bfw\asian\n006774\0070_01.jpg,n004466,n006774,asian,asian,males,females,,,0,0.050732624,40.147182,0.9492674
data\processed\bfw\asian\n009279\0227_01.jpg,data\processed\bfw\asian\n009279\0243_03.jpg,n009279,n009279,asian,asian,females,females,,,1,0.1352151,36.41437,0.8647849
data\processed\bfw\asian\n009275\0272_01.jpg,data\processed\bfw\asian\n009275\0376_01.jpg,n009275,n009275,asian,asian,females,females,,,1,0.4197833,27.539213,0.5802167
data\processed\bfw\asian\n009294\0124_01.jpg,data\processed\bfw\asian\n009294\0222_01.jpg,n009294,n009294,asian,asian,females,females,,,1,0.4265738,31.184225,0.5734262
data\processed\bfw\asian\n006222\0071_01.jpg,data\processed\bfw\asian\n006222\0244_04.jpg,n006222,n006222,asian,asian,females,females,,,1,0.44987667,34.490562,0.55012333
data\processed\bfw\asian\n004549\0222_02.jpg,data\processed\bfw\asian\n004549\0656_02.jpg,n004549,n004549,asian,asian,females,females,,,1,0.08029732,36.152,0.91970265
data\processed\bfw\asian\n005116\0228_03.jpg,data\processed\bfw\asian\n003506\0019_01.jpg,n005116,n003506,asian,asian,males,females,,,0,0.067114614,40.13761,0.9328854
data\processed\bfw\asian\n000161\0136_01.jpg,data\processed\bfw\asian\n000161\0237_01.jpg,n000161,n000161,asian,asian,males,males,,,1,0.040594164,40.261158,0.95940584
data\processed\bfw\asian\n005474\0118_02.jpg,data\processed\bfw\asian\n005474\0210_02.jpg,n005474,n005474,asian,asian,females,females,,,1,0.36448032,29.317165,0.6355197
data\processed\bfw\asian\n003156\0100_01.jpg,data\processed\bfw\asian\n006224\0138_01.jpg,n003156,n006224,asian,asian,males,females,,,0,0.10744395,36.17635,0.8925561
data\processed\bfw\asian\n009175\0054_01.jpg,data\processed\bfw\asian\n005071\0182_01.jpg,n009175,n005071,asian,asian,females,males,,,0,0.03542575,39.738865,0.9645743
data\processed\bfw\asian\n003489\0112_01.jpg,data\processed\bfw\asian\n004870\0112_02.jpg,n003489,n004870,asian,asian,males,females,,,0,0.08006415,38.816906,0.9199358
data\processed\bfw\asian\n006203\0092_06.jpg,data\processed\bfw\asian\n004935\0123_01.jpg,n006203,n004935,asian,asian,females,males,,,0,0.07544942,34.688835,0.9245506
data\processed\bfw\asian\n000137\0055_01.jpg,data\processed\bfw\asian\n000137\0120_01.jpg,n000137,n000137,asian,asian,females,females,,,1,0.4723096,30.299803,0.5276904
data\processed\bfw\asian\n009148\0027_01.jpg,data\processed\bfw\asian\n003155\1012_07.jpg,n009148,n003155,asian,asian,females,males,,,0,0.06530261,42.412506,0.9346974
data\processed\bfw\asian\n003167\0064_01.jpg,data\processed\bfw\asian\n003167\0141_01.jpg,n003167,n003167,asian,asian,males,males,,,1,0.55726504,29.865253,0.44273496
data\processed\bfw\asian\n004785\0167_02.jpg,data\processed\bfw\asian\n004785\0211_01.jpg,n004785,n004785,asian,asian,females,females,,,1,0.37794593,31.6997,0.6220541
data\processed\bfw\asian\n004469\0048_02.jpg,data\processed\bfw\asian\n004469\0083_02.jpg,n004469,n004469,asian,asian,males,males,,,1,0.48118207,35.858677,0.5188179
data\processed\bfw\asian\n007372\0177_01.jpg,data\processed\bfw\asian\n007372\0315_01.jpg,n007372,n007372,asian,asian,females,females,,,1,0.11908689,34.26305,0.88091314
data\processed\bfw\asian\n003167\0001_02.jpg,data\processed\bfw\asian\n004794\0135_01.jpg,n003167,n004794,asian,asian,males,males,,,0,0.102823384,37.381336,0.8971766
data\processed\bfw\asian\n007372\0039_01.jpg,data\processed\bfw\asian\n007372\0252_01.jpg,n007372,n007372,asian,asian,females,females,,,1,0.024277315,36.242912,0.9757227
data\processed\bfw\asian\n004680\0241_01.jpg,data\processed\bfw\asian\n007380\0601_01.jpg,n004680,n007380,asian,asian,females,females,,,0,0.22993755,29.49816,0.77006245
data\processed\bfw\asian\n003167\0210_01.jpg,data\processed\bfw\asian\n004467\0221_02.jpg,n003167,n004467,asian,asian,males,males,,,0,0.040707495,39.25169,0.95929253
data\processed\bfw\asian\n006222\0071_01.jpg,data\processed\bfw\asian\n006222\0339_01.jpg,n006222,n006222,asian,asian,females,females,,,1,0.3571492,34.32388,0.64285076
data\processed\bfw\asian\n006344\0166_01.jpg,data\processed\bfw\asian\n006344\0350_01.jpg,n006344,n006344,asian,asian,females,females,,,1,-0.00833237,37.08971,1.0083324
data\processed\bfw\asian\n001496\0047_02.jpg,data\processed\bfw\asian\n001496\0239_01.jpg,n001496,n001496,asian,asian,males,males,,,1,0.3116238,38.119705,0.6883762
data\processed\bfw\asian\n003533\0138_01.jpg,data\processed\bfw\asian\n003533\0616_01.jpg,n003533,n003533,asian,asian,males,males,,,1,0.53100145,32.31909,0.46899855
data\processed\bfw\asian\n003635\0085_01.jpg,data\processed\bfw\asian\n000148\0013_01.jpg,n003635,n000148,asian,asian,males,females,,,0,0.026631203,35.5144,0.9733688
data\processed\bfw\asian\n005063\0249_05.jpg,data\processed\bfw\asian\n003491\0181_02.jpg,n005063,n003491,asian,asian,females,males,,,0,0.05834681,39.99784,0.9416532
data\processed\bfw\asian\n007664\0087_03.jpg,data\processed\bfw\asian\n000138\0403_01.jpg,n007664,n000138,asian,asian,females,females,,,0,-0.14690213,45.60006,1.1469021
data\processed\bfw\asian\n001572\0377_01.jpg,data\processed\bfw\asian\n003358\0202_01.jpg,n001572,n003358,asian,asian,females,females,,,0,0.10609906,36.555214,0.89390093
data\processed\bfw\asian\n007664\0153_01.jpg,data\processed\bfw\asian\n007664\0817_01.jpg,n007664,n007664,asian,asian,females,females,,,1,-0.060237225,37.6134,1.0602372
data\processed\bfw\asian\n003533\0101_02.jpg,data\processed\bfw\asian\n003824\0122_01.jpg,n003533,n003824,asian,asian,males,females,,,0,0.0076504517,41.023014,0.99234957
data\processed\bfw\asian\n000160\0007_01.jpg,data\processed\bfw\asian\n000160\0278_01.jpg,n000160,n000160,asian,asian,females,females,,,1,0.30256736,29.116804,0.69743264
data\processed\bfw\asian\n000160\0150_01.jpg,data\processed\bfw\asian\n002775\0086_03.jpg,n000160,n002775,asian,asian,females,males,,,0,0.02046917,38.82281,0.9795308
data\processed\bfw\asian\n000137\0059_01.jpg,data\processed\bfw\asian\n000137\0097_01.jpg,n000137,n000137,asian,asian,females,females,,,1,0.18907271,37.485092,0.8109273
data\processed\bfw\asian\n002509\0315_04.jpg,data\processed\bfw\asian\n003223\0398_02.jpg,n002509,n003223,asian,asian,females,males,,,0,-0.12805581,37.75738,1.1280558
data\processed\bfw\asian\n000838\0251_02.jpg,data\processed\bfw\asian\n005378\0294_01.jpg,n000838,n005378,asian,asian,females,females,,,0,0.19485834,32.928497,0.8051417
data\processed\bfw\asian\n004948\0091_01.jpg,data\processed\bfw\asian\n004948\0125_01.jpg,n004948,n004948,asian,asian,males,males,,,1,0.29029182,30.561304,0.7097082
data\processed\bfw\asian\n004860\0196_01.jpg,data\processed\bfw\asian\n005078\0032_01.jpg,n004860,n005078,asian,asian,females,males,,,0,0.089853406,38.487854,0.9101466
data\processed\bfw\asian\n008163\0609_02.jpg,data\processed\bfw\asian\n008163\0670_01.jpg,n008163,n008163,asian,asian,females,females,,,1,0.14183344,37.652668,0.8581666
data\processed\bfw\asian\n000138\0014_01.jpg,data\processed\bfw\asian\n000138\0066_09.jpg,n000138,n000138,asian,asian,females,females,,,1,0.2776438,30.683752,0.7223562
data\processed\bfw\asian\n000838\0044_01.jpg,data\processed\bfw\asian\n005177\0303_01.jpg,n000838,n005177,asian,asian,females,males,,,0,-0.05541064,46.69212,1.0554106
data\processed\bfw\asian\n002775\0136_01.jpg,data\processed\bfw\asian\n004930\0044_01.jpg,n002775,n004930,asian,asian,males,females,,,0,-0.01942377,41.220005,1.0194237
data\processed\bfw\asian\n009041\0069_01.jpg,data\processed\bfw\asian\n009041\0091_06.jpg,n009041,n009041,asian,asian,females,females,,,1,0.3316737,36.85856,0.66832626
data\processed\bfw\asian\n009148\0036_01.jpg,data\processed\bfw\asian\n004721\0476_01.jpg,n009148,n004721,asian,asian,females,males,,,0,0.14398897,30.979782,0.85601103
data\processed\bfw\asian\n005077\0140_01.jpg,data\processed\bfw\asian\n000838\0113_01.jpg,n005077,n000838,asian,asian,females,females,,,0,-0.054737933,42.013176,1.0547379
data\processed\bfw\asian\n004930\0078_01.jpg,data\processed\bfw\asian\n005063\0030_01.jpg,n004930,n005063,asian,asian,females,females,,,0,0.051684525,33.654575,0.9483155
data\processed\bfw\asian\n000854\0193_01.jpg,data\processed\bfw\asian\n000854\0461_01.jpg,n000854,n000854,asian,asian,females,females,,,1,0.1584123,39.842216,0.8415877
data\processed\bfw\asian\n004935\0357_01.jpg,data\processed\bfw\asian\n006203\0654_01.jpg,n004935,n006203,asian,asian,males,females,,,0,0.10218518,33.014507,0.8978148
data\processed\bfw\asian\n006774\0070_01.jpg,data\processed\bfw\asian\n006774\0364_02.jpg,n006774,n006774,asian,asian,females,females,,,1,0.025480194,40.79827,0.9745198
data\processed\bfw\asian\n004786\0088_03.jpg,data\processed\bfw\asian\n004786\0129_01.jpg,n004786,n004786,asian,asian,females,females,,,1,0.26435104,34.313408,0.735649
data\processed\bfw\asian\n003167\0274_01.jpg,data\processed\bfw\asian\n009042\0057_01.jpg,n003167,n009042,asian,asian,males,females,,,0,-0.09938539,43.16733,1.0993854
data\processed\bfw\asian\n001976\0198_01.jpg,data\processed\bfw\asian\n001976\0694_01.jpg,n001976,n001976,asian,asian,males,males,,,1,0.4326994,28.90975,0.56730056
data\processed\bfw\asian\n003467\0112_01.jpg,data\processed\bfw\asian\n009288\0299_01.jpg,n003467,n009288,asian,asian,females,females,,,0,-0.032113317,39.148323,1.0321133
data\processed\bfw\asian\n006774\0062_01.jpg,data\processed\bfw\asian\n006774\0156_01.jpg,n006774,n006774,asian,asian,females,females,,,1,0.21285465,34.71523,0.7871454
data\processed\bfw\asian\n009125\0064_01.jpg,data\processed\bfw\asian\n005378\0100_01.jpg,n009125,n005378,asian,asian,females,females,,,0,-0.008222175,38.83513,1.0082222
data\processed\bfw\asian\n000436\0678_02.jpg,data\processed\bfw\asian\n005071\0334_01.jpg,n000436,n005071,asian,asian,males,males,,,0,-0.028712496,38.416954,1.0287125
data\processed\bfw\asian\n003482\0059_01.jpg,data\processed\bfw\asian\n003482\0227_01.jpg,n003482,n003482,asian,asian,males,males,,,1,0.2574784,38.34137,0.74252164
data\processed\bfw\asian\n000840\0042_01.jpg,data\processed\bfw\asian\n004109\0525_02.jpg,n000840,n004109,asian,asian,females,males,,,0,0.021716509,38.216553,0.97828346
data\processed\bfw\asian\n005085\0652_01.jpg,data\processed\bfw\asian\n000138\0189_01.jpg,n005085,n000138,asian,asian,females,females,,,0,0.15169597,30.949442,0.84830403
data\processed\bfw\asian\n004725\0225_01.jpg,data\processed\bfw\asian\n005085\0005_01.jpg,n004725,n005085,asian,asian,males,females,,,0,-0.05114575,39.456196,1.0511458
data\processed\bfw\asian\n003223\0154_01.jpg,data\processed\bfw\asian\n009277\0091_01.jpg,n003223,n009277,asian,asian,males,females,,,0,-0.08396107,41.972866,1.083961
data\processed\bfw\asian\n003167\0081_01.jpg,data\processed\bfw\asian\n003167\0533_01.jpg,n003167,n003167,asian,asian,males,males,,,1,0.6944688,23.377806,0.3055312
data\processed\bfw\asian\n003027\0170_01.jpg,data\processed\bfw\asian\n003027\0223_01.jpg,n003027,n003027,asian,asian,males,males,,,1,0.6414539,28.06541,0.35854608
data\processed\bfw\asian\n003491\0070_06.jpg,data\processed\bfw\asian\n008401\0297_01.jpg,n003491,n008401,asian,asian,males,females,,,0,0.13730755,39.309143,0.8626925
data\processed\bfw\asian\n004785\0280_01.jpg,data\processed\bfw\asian\n003481\0564_02.jpg,n004785,n003481,asian,asian,females,females,,,0,0.16377476,34.94125,0.8362253
data\processed\bfw\asian\n005069\0234_01.jpg,data\processed\bfw\asian\n003162\0259_01.jpg,n005069,n003162,asian,asian,females,males,,,0,0.076030254,41.482796,0.92396975
data\processed\bfw\asian\n009294\0079_01.jpg,data\processed\bfw\asian\n006418\0386_01.jpg,n009294,n006418,asian,asian,females,females,,,0,0.09056422,41.336216,0.90943575
data\processed\bfw\asian\n003156\0103_01.jpg,data\processed\bfw\asian\n003156\0119_01.jpg,n003156,n003156,asian,asian,males,males,,,1,0.13131566,36.94393,0.86868435
data\processed\bfw\asian\n002552\0142_01.jpg,data\processed\bfw\asian\n002552\0350_01.jpg,n002552,n002552,asian,asian,males,males,,,1,0.42114025,29.361313,0.57885975
data\processed\bfw\asian\n002775\0133_01.jpg,data\processed\bfw\asian\n002775\0187_04.jpg,n002775,n002775,asian,asian,males,males,,,1,0.29924393,36.902157,0.7007561
data\processed\bfw\asian\n001682\0096_01.jpg,data\processed\bfw\asian\n001682\0267_02.jpg,n001682,n001682,asian,asian,males,males,,,1,0.48871028,35.34298,0.5112897
data\processed\bfw\asian\n004681\0592_01.jpg,data\processed\bfw\asian\n006148\0400_01.jpg,n004681,n006148,asian,asian,males,females,,,0,0.022681413,42.95603,0.9773186
data\processed\bfw\asian\n000161\0136_01.jpg,data\processed\bfw\asian\n000161\0461_01.jpg,n000161,n000161,asian,asian,males,males,,,1,0.052836046,40.4402,0.94716394
data\processed\bfw\asian\n004935\0123_01.jpg,data\processed\bfw\asian\n004935\0210_01.jpg,n004935,n004935,asian,asian,males,males,,,1,0.44798958,27.058468,0.5520104
data\processed\bfw\asian\n003467\0055_01.jpg,data\processed\bfw\asian\n003482\0157_02.jpg,n003467,n003482,asian,asian,females,males,,,0,0.13788816,37.064793,0.8621118
data\processed\bfw\asian\n009125\0069_01.jpg,data\processed\bfw\asian\n008383\0143_01.jpg,n009125,n008383,asian,asian,females,females,,,0,0.18582949,38.80117,0.8141705
data\processed\bfw\asian\n001682\0172_02.jpg,data\processed\bfw\asian\n004864\0056_01.jpg,n001682,n004864,asian,asian,males,females,,,0,-0.06427833,44.53782,1.0642784
data\processed\bfw\asian\n005078\0295_03.jpg,data\processed\bfw\asian\n000143\0013_01.jpg,n005078,n000143,asian,asian,males,females,,,0,0.0698486,37.79899,0.9301514
data\processed\bfw\asian\n006148\0129_01.jpg,data\processed\bfw\asian\n006203\0663_02.jpg,n006148,n006203,asian,asian,females,females,,,0,-0.06602301,38.94719,1.066023
data\processed\bfw\asian\n005446\0185_01.jpg,data\processed\bfw\asian\n008934\0433_01.jpg,n005446,n008934,asian,asian,females,females,,,0,0.044184294,37.085896,0.95581573
data\processed\bfw\asian\n009288\0068_01.jpg,data\processed\bfw\asian\n009288\0341_01.jpg,n009288,n009288,asian,asian,females,females,,,1,0.47992674,32.687805,0.5200733
data\processed\bfw\asian\n005474\0058_03.jpg,data\processed\bfw\asian\n005474\0129_02.jpg,n005474,n005474,asian,asian,females,females,,,1,0.30917022,31.567947,0.69082975
data\processed\bfw\asian\n007899\0017_01.jpg,data\processed\bfw\asian\n000161\0255_01.jpg,n007899,n000161,asian,asian,females,males,,,0,0.11216095,36.8784,0.8878391
data\processed\bfw\asian\n002320\0027_01.jpg,data\processed\bfw\asian\n002320\0186_02.jpg,n002320,n002320,asian,asian,males,males,,,1,0.17969505,35.62537,0.82030493
data\processed\bfw\asian\n009177\0060_01.jpg,data\processed\bfw\asian\n009177\0231_01.jpg,n009177,n009177,asian,asian,females,females,,,1,0.61761326,22.771646,0.38238674
data\processed\bfw\asian\n007380\0089_01.jpg,data\processed\bfw\asian\n007380\0173_01.jpg,n007380,n007380,asian,asian,females,females,,,1,0.2657865,31.186525,0.7342135
data\processed\bfw\asian\n009148\0079_01.jpg,data\processed\bfw\asian\n009148\0103_01.jpg,n009148,n009148,asian,asian,females,females,,,1,0.28450102,29.354506,0.715499
data\processed\bfw\asian\n004472\0007_01.jpg,data\processed\bfw\asian\n004472\0295_03.jpg,n004472,n004472,asian,asian,females,females,,,1,0.20481507,30.955355,0.7951849
data\processed\bfw\asian\n003557\0165_01.jpg,data\processed\bfw\asian\n003557\0181_03.jpg,n003557,n003557,asian,asian,females,females,,,1,0.38429195,28.324533,0.61570805
data\processed\bfw\asian\n006203\0333_01.jpg,data\processed\bfw\asian\n009103\0106_01.jpg,n006203,n009103,asian,asian,females,females,,,0,-0.0495176,41.166218,1.0495176
data\processed\bfw\asian\n006224\0067_01.jpg,data\processed\bfw\asian\n006224\0198_01.jpg,n006224,n006224,asian,asian,females,females,,,1,0.14640838,34.644012,0.8535916
data\processed\bfw\asian\n005446\0141_01.jpg,data\processed\bfw\asian\n004864\0056_01.jpg,n005446,n004864,asian,asian,females,females,,,0,0.10722982,36.097115,0.8927702
data\processed\bfw\asian\n005378\0176_01.jpg,data\processed\bfw\asian\n006634\0118_01.jpg,n005378,n006634,asian,asian,females,females,,,0,0.064559825,39.14972,0.9354402
data\processed\bfw\asian\n007899\0097_01.jpg,data\processed\bfw\asian\n007664\0047_01.jpg,n007899,n007664,asian,asian,females,females,,,0,0.109833226,35.636665,0.89016676
data\processed\bfw\asian\n004787\0101_02.jpg,data\processed\bfw\asian\n004787\0398_01.jpg,n004787,n004787,asian,asian,females,females,,,1,0.18738134,34.868843,0.8126187
data\processed\bfw\asian\n000137\0187_01.jpg,data\processed\bfw\asian\n000137\0265_01.jpg,n000137,n000137,asian,asian,females,females,,,1,0.041527715,39.55716,0.9584723
data\processed\bfw\asian\n006344\0051_03.jpg,data\processed\bfw\asian\n006344\0253_01.jpg,n006344,n006344,asian,asian,females,females,,,1,0.3161291,29.502663,0.6838709
data\processed\bfw\asian\n008401\0166_01.jpg,data\processed\bfw\asian\n008401\0247_01.jpg,n008401,n008401,asian,asian,females,females,,,1,0.4477211,31.905966,0.5522789
data\processed\bfw\asian\n003824\0148_01.jpg,data\processed\bfw\asian\n003824\0262_01.jpg,n003824,n003824,asian,asian,females,females,,,1,0.11157517,34.259766,0.8884248
data\processed\bfw\asian\n004221\0164_03.jpg,data\processed\bfw\asian\n007814\0175_01.jpg,n004221,n007814,asian,asian,males,females,,,0,-0.11444001,41.888718,1.11444
data\processed\bfw\asian\n003824\0037_01.jpg,data\processed\bfw\asian\n003824\0697_01.jpg,n003824,n003824,asian,asian,females,females,,,1,0.2302038,34.97116,0.7697962
data\processed\bfw\asian\n009148\0005_01.jpg,data\processed\bfw\asian\n000160\0109_01.jpg,n009148,n000160,asian,asian,females,females,,,0,-0.018140515,40.40821,1.0181406
data\processed\bfw\asian\n004472\0172_03.jpg,data\processed\bfw\asian\n004472\0295_02.jpg,n004472,n004472,asian,asian,females,females,,,1,0.2621992,32.613956,0.73780084
data\processed\bfw\asian\n008934\0029_02.jpg,data\processed\bfw\asian\n008934\0050_01.jpg,n008934,n008934,asian,asian,females,females,,,1,0.4723988,29.910324,0.52760124
data\processed\bfw\asian\n003449\0242_01.jpg,data\processed\bfw\asian\n000158\0034_01.jpg,n003449,n000158,asian,asian,females,males,,,0,0.030082269,44.156673,0.9699177
data\processed\bfw\asian\n007899\0222_01.jpg,data\processed\bfw\asian\n009041\0091_06.jpg,n007899,n009041,asian,asian,females,females,,,0,0.1691253,38.06397,0.8308747
data\processed\bfw\asian\n009148\0050_05.jpg,data\processed\bfw\asian\n004725\0079_01.jpg,n009148,n004725,asian,asian,females,males,,,0,-0.18019457,49.484966,1.1801946
data\processed\bfw\asian\n000838\0044_01.jpg,data\processed\bfw\asian\n000838\0070_01.jpg,n000838,n000838,asian,asian,females,females,,,1,0.382568,37.16691,0.617432
data\processed\bfw\asian\n001976\0235_03.jpg,data\processed\bfw\asian\n007378\0175_01.jpg,n001976,n007378,asian,asian,males,females,,,0,0.14318164,35.723072,0.8568184
data\processed\bfw\asian\n007814\0185_02.jpg,data\processed\bfw\asian\n004680\0133_02.jpg,n007814,n004680,asian,asian,females,females,,,0,-0.22079818,40.843388,1.2207981
data\processed\bfw\asian\n000009\0216_01.jpg,data\processed\bfw\asian\n000009\0244_01.jpg,n000009,n000009,asian,asian,females,females,,,1,-0.014543564,36.618973,1.0145435
data\processed\bfw\asian\n003449\0183_01.jpg,data\processed\bfw\asian\n004794\0043_01.jpg,n003449,n004794,asian,asian,females,males,,,0,0.11506805,35.180946,0.8849319
data\processed\bfw\asian\n000148\0153_01.jpg,data\processed\bfw\asian\n009103\0724_01.jpg,n000148,n009103,asian,asian,females,females,,,0,0.12831143,31.584087,0.8716886
data\processed\bfw\asian\n002552\0074_01.jpg,data\processed\bfw\asian\n002552\0106_01.jpg,n002552,n002552,asian,asian,males,males,,,1,0.3344075,31.63472,0.6655925
data\processed\bfw\asian\n000137\0012_01.jpg,data\processed\bfw\asian\n000158\0404_01.jpg,n000137,n000158,asian,asian,females,males,,,0,0.054654673,38.37966,0.94534534
data\processed\bfw\asian\n004935\0143_02.jpg,data\processed\bfw\asian\n003223\0398_02.jpg,n004935,n003223,asian,asian,males,males,,,0,0.029226797,39.204597,0.9707732
data\processed\bfw\asian\n000138\0153_02.jpg,data\processed\bfw\asian\n000138\0189_01.jpg,n000138,n000138,asian,asian,females,females,,,1,0.18497209,34.090958,0.8150279
data\processed\bfw\asian\n002644\0116_01.jpg,data\processed\bfw\asian\n005071\0096_01.jpg,n002644,n005071,asian,asian,males,males,,,0,-0.056422476,40.063362,1.0564225
data\processed\bfw\asian\n000132\0027_01__face_0.jpg,data\processed\bfw\asian\n000132\0153_01__face_0.jpg,n000132,n000132,asian,asian,males,males,,,1,0.4321297,27.938744,0.56787026
data\processed\bfw\asian\n008401\0053_01.jpg,data\processed\bfw\asian\n008401\0137_01.jpg,n008401,n008401,asian,asian,females,females,,,1,0.59119,26.00733,0.40881002
data\processed\bfw\asian\n009103\0106_01.jpg,data\processed\bfw\asian\n009103\0421_01.jpg,n009103,n009103,asian,asian,females,females,,,1,0.21428913,35.571377,0.7857109
data\processed\bfw\asian\n006736\0367_01.jpg,data\processed\bfw\asian\n005216\0220_01.jpg,n006736,n005216,asian,asian,females,females,,,0,0.07021415,39.96169,0.92978585
data\processed\bfw\asian\n000135\0272_01.jpg,data\processed\bfw\asian\n008163\0035_02.jpg,n000135,n008163,asian,asian,females,females,,,0,0.06921498,32.051964,0.930785
data\processed\bfw\asian\n008163\0609_02.jpg,data\processed\bfw\asian\n004800\0139_02.jpg,n008163,n004800,asian,asian,females,males,,,0,0.12814331,35.076656,0.8718567
data\processed\bfw\asian\n007378\0071_01.jpg,data\processed\bfw\asian\n007378\0082_07.jpg,n007378,n007378,asian,asian,females,females,,,1,0.30536008,29.266598,0.6946399
data\processed\bfw\asian\n000143\0156_04.jpg,data\processed\bfw\asian\n000143\0187_01.jpg,n000143,n000143,asian,asian,females,females,,,1,0.17584969,34.62298,0.8241503
data\processed\bfw\asian\n000138\0067_01.jpg,data\processed\bfw\asian\n000138\0082_01.jpg,n000138,n000138,asian,asian,females,females,,,1,0.493411,25.700289,0.506589
data\processed\bfw\asian\n006125\0120_01.jpg,data\processed\bfw\asian\n006125\0253_01.jpg,n006125,n006125,asian,asian,females,females,,,1,0.46455604,28.36328,0.53544396
data\processed\bfw\asian\n007899\0031_01.jpg,data\processed\bfw\asian\n000132\0299_02__face_0.jpg,n007899,n000132,asian,asian,females,males,,,0,0.14658721,37.941902,0.8534128
data\processed\bfw\asian\n004687\0037_01.jpg,data\processed\bfw\asian\n004687\0307_01.jpg,n004687,n004687,asian,asian,females,females,,,1,0.28026825,33.84485,0.71973175
data\processed\bfw\asian\n000837\0206_02.jpg,data\processed\bfw\asian\n007385\0044_01.jpg,n000837,n007385,asian,asian,females,females,,,0,0.13926177,37.560932,0.8607382
data\processed\bfw\asian\n003288\0579_02.jpg,data\processed\bfw\asian\n003533\0612_01.jpg,n003288,n003533,asian,asian,females,males,,,0,-0.009242573,43.352196,1.0092425
data\processed\bfw\asian\n004791\0205_02.jpg,data\processed\bfw\asian\n001562\0080_02.jpg,n004791,n001562,asian,asian,males,males,,,0,0.22394674,35.469696,0.77605325
data\processed\bfw\asian\n000873\0061_01.jpg,data\processed\bfw\asian\n005069\0017_02.jpg,n000873,n005069,asian,asian,males,females,,,0,0.23554084,35.73237,0.76445913
data\processed\bfw\asian\n000137\0050_01.jpg,data\processed\bfw\asian\n000137\0120_01.jpg,n000137,n000137,asian,asian,females,females,,,1,0.39399427,31.739136,0.6060057
data\processed\bfw\asian\n004466\0108_01.jpg,data\processed\bfw\asian\n000839\0295_01.jpg,n004466,n000839,asian,asian,males,females,,,0,0.12317125,38.390778,0.87682873
data\processed\bfw\asian\n004467\0186_01.jpg,data\processed\bfw\asian\n004467\0656_01.jpg,n004467,n004467,asian,asian,males,males,,,1,0.19591327,35.570904,0.80408674
data\processed\bfw\asian\n001496\0133_01.jpg,data\processed\bfw\asian\n001496\0149_01.jpg,n001496,n001496,asian,asian,males,males,,,1,0.5742466,29.02981,0.4257534
data\processed\bfw\asian\n004549\0065_01.jpg,data\processed\bfw\asian\n004549\0198_04.jpg,n004549,n004549,asian,asian,females,females,,,1,0.28836566,31.448849,0.71163434
data\processed\bfw\asian\n003153\0219_02.jpg,data\processed\bfw\asian\n003358\0216_01.jpg,n003153,n003358,asian,asian,females,females,,,0,0.08003625,32.711094,0.9199637
data\processed\bfw\asian\n004466\0153_01.jpg,data\processed\bfw\asian\n004466\0184_01.jpg,n004466,n004466,asian,asian,males,males,,,1,0.01638773,42.09388,0.9836123
data\processed\bfw\asian\n009275\0039_01.jpg,data\processed\bfw\asian\n009275\0397_03.jpg,n009275,n009275,asian,asian,females,females,,,1,0.57035613,23.216398,0.42964387
data\processed\bfw\asian\n006633\0120_03.jpg,data\processed\bfw\asian\n006633\0283_02.jpg,n006633,n006633,asian,asian,females,females,,,1,0.44146237,26.021639,0.5585376
data\processed\bfw\asian\n005216\0154_03.jpg,data\processed\bfw\asian\n008383\0014_01.jpg,n005216,n008383,asian,asian,females,females,,,0,0.022829376,33.68672,0.97717065
data\processed\bfw\asian\n005069\0559_02.jpg,data\processed\bfw\asian\n007378\0071_01.jpg,n005069,n007378,asian,asian,females,females,,,0,0.043822385,33.53331,0.9561776
data\processed\bfw\asian\n006344\0012_01.jpg,data\processed\bfw\asian\n006344\0282_01.jpg,n006344,n006344,asian,asian,females,females,,,1,0.17554073,32.126896,0.82445925
data\processed\bfw\asian\n006634\0679_01.jpg,data\processed\bfw\asian\n005378\0388_01.jpg,n006634,n005378,asian,asian,females,females,,,0,0.016808884,39.506687,0.98319113
data\processed\bfw\asian\n009275\0188_01.jpg,data\processed\bfw\asian\n009275\0397_05.jpg,n009275,n009275,asian,asian,females,females,,,1,0.10158015,33.06218,0.89841986
data\processed\bfw\asian\n009294\0084_01.jpg,data\processed\bfw\asian\n009294\0251_02.jpg,n009294,n009294,asian,asian,females,females,,,1,0.38525072,32.790924,0.6147493
data\processed\bfw\asian\n000161\0461_01.jpg,data\processed\bfw\asian\n003491\0181_02.jpg,n000161,n003491,asian,asian,males,males,,,0,0.012498638,38.501614,0.9875014
data\processed\bfw\asian\n008401\0023_01.jpg,data\processed\bfw\asian\n008401\0399_01.jpg,n008401,n008401,asian,asian,females,females,,,1,0.3919658,30.663889,0.6080342
data\processed\bfw\asian\n004108\0176_01.jpg,data\processed\bfw\asian\n004108\0337_02.jpg,n004108,n004108,asian,asian,males,males,,,1,0.20183927,34.025734,0.79816073
data\processed\bfw\asian\n000161\0125_01.jpg,data\processed\bfw\asian\n003288\0230_01.jpg,n000161,n003288,asian,asian,males,females,,,0,-0.0066731744,41.99136,1.0066732
data\processed\bfw\asian\n004864\0148_01.jpg,data\processed\bfw\asian\n004864\0588_04.jpg,n004864,n004864,asian,asian,females,females,,,1,0.24697773,32.15912,0.75302225
data\processed\bfw\asian\n005072\0043_05.jpg,data\processed\bfw\asian\n005072\0235_01.jpg,n005072,n005072,asian,asian,males,males,,,1,0.3849577,30.621267,0.6150423
data\processed\bfw\asian\n006344\0577_01.jpg,data\processed\bfw\asian\n002509\0139_03.jpg,n006344,n002509,asian,asian,females,females,,,0,-0.00023473248,39.75952,1.0002347
data\processed\bfw\asian\n008934\0053_01.jpg,data\processed\bfw\asian\n004472\0295_02.jpg,n008934,n004472,asian,asian,females,females,,,0,0.209826,35.095505,0.790174
data\processed\bfw\asian\n003358\0437_01.jpg,data\processed\bfw\asian\n005216\0026_01.jpg,n003358,n005216,asian,asian,females,females,,,0,0.03567246,36.266052,0.9643275
data\processed\bfw\asian\n001976\0441_01.jpg,data\processed\bfw\asian\n001976\0458_02.jpg,n001976,n001976,asian,asian,males,males,,,1,0.125149,39.933292,0.874851
data\processed\bfw\asian\n001562\0111_01.jpg,data\processed\bfw\asian\n006633\0036_02.jpg,n001562,n006633,asian,asian,males,females,,,0,-0.045772474,42.73224,1.0457724
data\processed\bfw\asian\n004935\0061_01.jpg,data\processed\bfw\asian\n006125\0101_01.jpg,n004935,n006125,asian,asian,males,females,,,0,0.038729962,38.73956,0.96127003
data\processed\bfw\asian\n006774\0058_01.jpg,data\processed\bfw\asian\n004791\0253_01.jpg,n006774,n004791,asian,asian,females,males,,,0,0.13402723,36.47505,0.86597276
data\processed\bfw\asian\n006126\0055_01.jpg,data\processed\bfw\asian\n006634\0114_01.jpg,n006126,n006634,asian,asian,females,females,,,0,0.018605666,38.395283,0.98139435
data\processed\bfw\asian\n001976\0119_01.jpg,data\processed\bfw\asian\n001976\0622_02.jpg,n001976,n001976,asian,asian,males,males,,,1,0.23151526,33.958164,0.7684847
data\processed\bfw\asian\n006148\0030_01.jpg,data\processed\bfw\asian\n006148\0165_01.jpg,n006148,n006148,asian,asian,females,females,,,1,0.40239593,27.172426,0.59760404
data\processed\bfw\asian\n003358\0149_02.jpg,data\processed\bfw\asian\n003358\0702_01.jpg,n003358,n003358,asian,asian,females,females,,,1,0.20537995,31.671652,0.79462004
data\processed\bfw\asian\n005063\0089_02.jpg,data\processed\bfw\asian\n003027\0470_01.jpg,n005063,n003027,asian,asian,females,males,,,0,0.036328714,40.379765,0.96367127
data\processed\bfw\asian\n002644\0123_02.jpg,data\processed\bfw\asian\n002644\0319_01.jpg,n002644,n002644,asian,asian,males,males,,,1,0.17238139,34.61819,0.8276186
data\processed\bfw\asian\n007738\0265_01.jpg,data\processed\bfw\asian\n003506\0307_01.jpg,n007738,n003506,asian,asian,females,females,,,0,0.08750696,39.597874,0.91249305
data\processed\bfw\asian\n001976\0121_02.jpg,data\processed\bfw\asian\n001976\0665_02.jpg,n001976,n001976,asian,asian,males,males,,,1,0.19513032,34.86846,0.80486965
data\processed\bfw\asian\n009137\0521_02.jpg,data\processed\bfw\asian\n002331\0054_02.jpg,n009137,n002331,asian,asian,females,males,,,0,0.053428493,38.751583,0.9465715
data\processed\bfw\asian\n003167\0532_01.jpg,data\processed\bfw\asian\n004936\0345_01.jpg,n003167,n004936,asian,asian,males,females,,,0,-0.09375723,41.95636,1.0937573
data\processed\bfw\asian\n004680\0113_02.jpg,data\processed\bfw\asian\n004786\0011_02.jpg,n004680,n004786,asian,asian,females,females,,,0,0.07656667,37.115883,0.9234333
data\processed\bfw\asian\n001976\0622_02.jpg,data\processed\bfw\asian\n000839\0497_02.jpg,n001976,n000839,asian,asian,males,females,,,0,0.024422564,37.304455,0.9755774
data\processed\bfw\asian\n005378\0093_02.jpg,data\processed\bfw\asian\n005378\0354_01.jpg,n005378,n005378,asian,asian,females,females,,,1,0.13572238,34.301617,0.8642776
data\processed\bfw\asian\n003027\0161_01.jpg,data\processed\bfw\asian\n009041\0077_01.jpg,n003027,n009041,asian,asian,males,females,,,0,0.037807934,42.301193,0.96219206
data\processed\bfw\asian\n003557\0007_02.jpg,data\processed\bfw\asian\n002775\0133_01.jpg,n003557,n002775,asian,asian,females,males,,,0,-0.11736048,41.799496,1.1173605
data\processed\bfw\asian\n003355\0056_01.jpg,data\processed\bfw\asian\n002406\0126_01.jpg,n003355,n002406,asian,asian,males,males,,,0,0.1333352,34.34461,0.86666477
data\processed\bfw\asian\n004686\0072_01.jpg,data\processed\bfw\asian\n004686\0085_01.jpg,n004686,n004686,asian,asian,males,males,,,1,0.6767844,22.743544,0.3232156
data\processed\bfw\asian\n008401\0391_01.jpg,data\processed\bfw\asian\n008401\0405_01.jpg,n008401,n008401,asian,asian,females,females,,,1,0.17170484,35.43757,0.8282952
data\processed\bfw\asian\n006222\0015_01.jpg,data\processed\bfw\asian\n006222\0047_01.jpg,n006222,n006222,asian,asian,females,females,,,1,0.40208563,29.165358,0.59791434
data\processed\bfw\asian\n002320\0013_05.jpg,data\processed\bfw\asian\n001864\0021_01.jpg,n002320,n001864,asian,asian,males,males,,,0,0.036280937,36.735428,0.96371907
data\processed\bfw\asian\n002320\0072_01.jpg,data\processed\bfw\asian\n005071\0279_02.jpg,n002320,n005071,asian,asian,males,males,,,0,0.113412954,37.585148,0.886587
data\processed\bfw\asian\n003355\0024_07.jpg,data\processed\bfw\asian\n003355\0620_01.jpg,n003355,n003355,asian,asian,males,males,,,1,0.45485663,27.759304,0.54514337
data\processed\bfw\asian\n004948\0091_01.jpg,data\processed\bfw\asian\n004948\0378_02.jpg,n004948,n004948,asian,asian,males,males,,,1,0.04771141,40.040333,0.95228857
data\processed\bfw\asian\n006418\0140_02.jpg,data\processed\bfw\asian\n006418\0235_01.jpg,n006418,n006418,asian,asian,females,females,,,1,0.31656426,28.580708,0.68343574
data\processed\bfw\asian\n000854\0060_01.jpg,data\processed\bfw\asian\n000854\0239_01.jpg,n000854,n000854,asian,asian,females,females,,,1,0.2295348,35.020683,0.7704652
data\processed\bfw\asian\n004680\0260_01.jpg,data\processed\bfw\asian\n003357\0469_01.jpg,n004680,n003357,asian,asian,females,females,,,0,-0.03444849,35.13325,1.0344485
data\processed\bfw\asian\n003557\0017_02.jpg,data\processed\bfw\asian\n003557\0165_01.jpg,n003557,n003557,asian,asian,females,females,,,1,0.5214757,23.974298,0.47852433
data\processed\bfw\asian\n005071\0115_02.jpg,data\processed\bfw\asian\n005071\0483_01.jpg,n005071,n005071,asian,asian,males,males,,,1,0.27799466,34.77242,0.72200537
data\processed\bfw\asian\n001976\0458_02.jpg,data\processed\bfw\asian\n003357\0538_01.jpg,n001976,n003357,asian,asian,males,females,,,0,0.010148378,40.325607,0.9898516
data\processed\bfw\asian\n003481\0345_01.jpg,data\processed\bfw\asian\n003481\0431_01.jpg,n003481,n003481,asian,asian,females,females,,,1,0.09587833,36.232487,0.90412164
data\processed\bfw\asian\n003533\0128_01.jpg,data\processed\bfw\asian\n004785\0603_01.jpg,n003533,n004785,asian,asian,males,females,,,0,0.001992134,42.417084,0.9980079
data\processed\bfw\asian\n003491\0019_01.jpg,data\processed\bfw\asian\n003491\0081_04.jpg,n003491,n003491,asian,asian,males,males,,,1,0.49450168,29.075258,0.5054983
data\processed\bfw\asian\n005063\0042_01.jpg,data\processed\bfw\asian\n005063\0044_03.jpg,n005063,n005063,asian,asian,females,females,,,1,0.43129358,30.069931,0.5687064
data\processed\bfw\asian\n003463\0017_01.jpg,data\processed\bfw\asian\n002552\0237_02.jpg,n003463,n002552,asian,asian,males,males,,,0,0.059920788,36.329235,0.9400792
data\processed\bfw\asian\n000138\0078_01.jpg,data\processed\bfw\asian\n009294\0124_01.jpg,n000138,n009294,asian,asian,females,females,,,0,-0.08732195,40.160065,1.087322
data\processed\bfw\asian\n004930\0103_01.jpg,data\processed\bfw\asian\n004930\0155_01.jpg,n004930,n004930,asian,asian,females,females,,,1,0.37163717,29.275084,0.62836283
data\processed\bfw\asian\n002552\0530_01.jpg,data\processed\bfw\asian\n007664\0053_01.jpg,n002552,n007664,asian,asian,males,females,,,0,-0.041414984,38.82626,1.041415
data\processed\bfw\asian\n000856\0046_01.jpg,data\processed\bfw\asian\n000856\0070_01.jpg,n000856,n000856,asian,asian,females,females,,,1,0.3508713,30.097393,0.6491287
data\processed\bfw\asian\n004469\0038_01.jpg,data\processed\bfw\asian\n004469\0083_02.jpg,n004469,n004469,asian,asian,males,males,,,1,0.39553043,36.872887,0.60446954
data\processed\bfw\asian\n009294\0018_02.jpg,data\processed\bfw\asian\n009294\0081_01.jpg,n009294,n009294,asian,asian,females,females,,,1,0.42526177,33.43363,0.57473826
data\processed\bfw\asian\n004549\0202_01.jpg,data\processed\bfw\asian\n006418\1023_02.jpg,n004549,n006418,asian,asian,females,females,,,0,0.032966457,39.214836,0.96703357
data\processed\bfw\asian\n004809\0013_10.jpg,data\processed\bfw\asian\n004805\0357_01.jpg,n004809,n004805,asian,asian,males,males,,,0,0.15192463,34.774582,0.8480754
data\processed\bfw\asian\n006159\0045_01.jpg,data\processed\bfw\asian\n004108\0229_02.jpg,n006159,n004108,asian,asian,females,males,,,0,-0.062208556,44.972897,1.0622085
data\processed\bfw\asian\n008163\0034_04.jpg,data\processed\bfw\asian\n008163\0645_01.jpg,n008163,n008163,asian,asian,females,females,,,1,0.47780898,29.746859,0.52219105
data\processed\bfw\asian\n005177\0076_01.jpg,data\processed\bfw\asian\n005177\0321_01.jpg,n005177,n005177,asian,asian,males,males,,,1,0.46564755,31.305672,0.5343524
data\processed\bfw\asian\n006148\0014_03.jpg,data\processed\bfw\asian\n006148\0609_01.jpg,n006148,n006148,asian,asian,females,females,,,1,0.34696546,30.125902,0.65303457
data\processed\bfw\asian\n001976\0198_01.jpg,data\processed\bfw\asian\n004680\0180_01.jpg,n001976,n004680,asian,asian,males,females,,,0,0.08701938,40.246403,0.9129806
data\processed\bfw\asian\n001562\0009_02.jpg,data\processed\bfw\asian\n001562\0111_01.jpg,n001562,n001562,asian,asian,males,males,,,1,0.5922078,27.11867,0.4077922
data\processed\bfw\asian\n007899\0172_04.jpg,data\processed\bfw\asian\n003491\0147_05.jpg,n007899,n003491,asian,asian,females,males,,,0,-0.0118139675,46.44242,1.011814
data\processed\bfw\asian\n006222\0002_01.jpg,data\processed\bfw\asian\n004930\0286_01.jpg,n006222,n004930,asian,asian,females,females,,,0,0.08455502,37.305576,0.91544497
data\processed\bfw\asian\n009275\0034_02.jpg,data\processed\bfw\asian\n009275\0158_05.jpg,n009275,n009275,asian,asian,females,females,,,1,0.3956231,30.382479,0.6043769
data\processed\bfw\asian\n009277\0091_01.jpg,data\processed\bfw\asian\n002331\0029_01.jpg,n009277,n002331,asian,asian,females,males,,,0,-0.112653084,43.952858,1.1126531
data\processed\bfw\asian\n003463\0008_01.jpg,data\processed\bfw\asian\n003463\0110_01.jpg,n003463,n003463,asian,asian,males,males,,,1,0.5295455,27.1492,0.4704545
data\processed\bfw\asian\n004466\0349_01.jpg,data\processed\bfw\asian\n004948\0536_02.jpg,n004466,n004948,asian,asian,males,males,,,0,0.1036813,38.108517,0.8963187
data\processed\bfw\asian\n009125\0193_01.jpg,data\processed\bfw\asian\n009125\0196_01.jpg,n009125,n009125,asian,asian,females,females,,,1,0.29604918,34.150074,0.7039508
data\processed\bfw\asian\n009294\0063_01.jpg,data\processed\bfw\asian\n009294\0079_01.jpg,n009294,n009294,asian,asian,females,females,,,1,0.4382693,36.17416,0.56173074
data\processed\bfw\asian\n003288\0562_01.jpg,data\processed\bfw\asian\n007270\0471_01.jpg,n003288,n007270,asian,asian,females,females,,,0,0.07653157,34.069122,0.9234684
data\processed\bfw\asian\n003162\0024_01.jpg,data\processed\bfw\asian\n000838\0247_01.jpg,n003162,n000838,asian,asian,males,females,,,0,0.022179637,44.87103,0.97782034
data\processed\bfw\asian\n009042\0036_01.jpg,data\processed\bfw\asian\n009042\0043_01.jpg,n009042,n009042,asian,asian,females,females,,,1,0.47099265,30.551702,0.5290073
data\processed\bfw\asian\n000137\0032_01.jpg,data\processed\bfw\asian\n004860\0068_01.jpg,n000137,n004860,asian,asian,females,females,,,0,0.022711055,40.809795,0.97728896
data\processed\bfw\asian\n003167\0571_01.jpg,data\processed\bfw\asian\n003167\0595_01.jpg,n003167,n003167,asian,asian,males,males,,,1,0.40259326,36.286106,0.59740674
data\processed\bfw\asian\n009042\0250_01.jpg,data\processed\bfw\asian\n000872\0200_01.jpg,n009042,n000872,asian,asian,females,males,,,0,-0.1098629,40.556686,1.1098629
data\processed\bfw\asian\n004469\0107_01.jpg,data\processed\bfw\asian\n004469\0124_01.jpg,n004469,n004469,asian,asian,males,males,,,1,0.02752903,40.16703,0.972471
data\processed\bfw\asian\n004686\0282_01.jpg,data\processed\bfw\asian\n008148\0195_01.jpg,n004686,n008148,asian,asian,males,females,,,0,0.0005224618,39.624805,0.99947757
data\processed\bfw\asian\n009042\0402_02.jpg,data\processed\bfw\asian\n009175\0486_01.jpg,n009042,n009175,asian,asian,females,females,,,0,0.09102508,39.856293,0.90897495
data\processed\bfw\asian\n001682\0088_01.jpg,data\processed\bfw\asian\n001682\0177_01.jpg,n001682,n001682,asian,asian,males,males,,,1,0.09302142,44.36777,0.9069786
data\processed\bfw\asian\n004469\0019_02.jpg,data\processed\bfw\asian\n004469\0108_02.jpg,n004469,n004469,asian,asian,males,males,,,1,0.54765934,29.309746,0.45234066
data\processed\bfw\asian\n002644\0231_02.jpg,data\processed\bfw\asian\n007814\0287_01.jpg,n002644,n007814,asian,asian,males,females,,,0,0.0929814,38.349174,0.9070186
data\processed\bfw\asian\n009277\0067_01.jpg,data\processed\bfw\asian\n000436\0466_01.jpg,n009277,n000436,asian,asian,females,males,,,0,-0.032229345,39.56643,1.0322293
data\processed\bfw\asian\n008383\0268_01.jpg,data\processed\bfw\asian\n009041\0562_01.jpg,n008383,n009041,asian,asian,females,females,,,0,0.043932486,40.959766,0.9560675
data\processed\bfw\asian\n006203\0654_01.jpg,data\processed\bfw\asian\n004687\0037_01.jpg,n006203,n004687,asian,asian,females,females,,,0,0.1812878,29.29772,0.81871223
data\processed\bfw\asian\n005446\0480_01.jpg,data\processed\bfw\asian\n003489\0068_01.jpg,n005446,n003489,asian,asian,females,males,,,0,0.1039618,33.920406,0.8960382
data\processed\bfw\asian\n006159\0011_01.jpg,data\processed\bfw\asian\n006159\0064_02.jpg,n006159,n006159,asian,asian,females,females,,,1,0.44784808,36.18671,0.5521519
data\processed\bfw\asian\n009287\0160_01.jpg,data\processed\bfw\asian\n007899\0213_01.jpg,n009287,n007899,asian,asian,females,females,,,0,0.037312366,38.3637,0.9626876
data\processed\bfw\asian\n009175\0007_01.jpg,data\processed\bfw\asian\n009175\0028_01.jpg,n009175,n009175,asian,asian,females,females,,,1,0.39445335,35.463,0.60554665
data\processed\bfw\asian\n006125\0120_01.jpg,data\processed\bfw\asian\n005069\0110_02.jpg,n006125,n005069,asian,asian,females,females,,,0,0.15485744,33.22143,0.84514254
data\processed\bfw\asian\n006148\0242_02.jpg,data\processed\bfw\asian\n009103\0291_01.jpg,n006148,n009103,asian,asian,females,females,,,0,0.10245606,37.90128,0.8975439
data\processed\bfw\asian\n005071\0581_01.jpg,data\processed\bfw\asian\n004805\0441_05.jpg,n005071,n004805,asian,asian,males,males,,,0,-0.026234794,39.11805,1.0262347
data\processed\bfw\asian\n009042\0017_03.jpg,data\processed\bfw\asian\n009042\0020_01.jpg,n009042,n009042,asian,asian,females,females,,,1,0.050826594,42.383064,0.9491734
data\processed\bfw\asian\n009278\0259_01.jpg,data\processed\bfw\asian\n004870\0112_02.jpg,n009278,n004870,asian,asian,females,females,,,0,-0.057322845,42.410717,1.0573229
data\processed\bfw\asian\n007899\0082_01.jpg,data\processed\bfw\asian\n004805\0015_01.jpg,n007899,n004805,asian,asian,females,males,,,0,0.09309116,34.916008,0.90690887
data\processed\bfw\asian\n007664\0053_01.jpg,data\processed\bfw\asian\n003533\0050_01.jpg,n007664,n003533,asian,asian,females,males,,,0,-0.039314006,46.35902,1.039314
data\processed\bfw\asian\n005078\0092_02.jpg,data\processed\bfw\asian\n003506\0637_01.jpg,n005078,n003506,asian,asian,males,females,,,0,0.1026831,40.384373,0.89731693
data\processed\bfw\asian\n001562\0070_01.jpg,data\processed\bfw\asian\n001562\0092_02.jpg,n001562,n001562,asian,asian,males,males,,,1,0.15933017,39.184704,0.8406698
data\processed\bfw\asian\n009103\0035_01.jpg,data\processed\bfw\asian\n009103\0365_05.jpg,n009103,n009103,asian,asian,females,females,,,1,0.46567428,28.665382,0.5343257
data\processed\bfw\asian\n003354\0104_01.jpg,data\processed\bfw\asian\n003354\0243_01.jpg,n003354,n003354,asian,asian,females,females,,,1,0.092746645,39.80753,0.9072534
data\processed\bfw\asian\n005446\0201_01.jpg,data\processed\bfw\asian\n005446\0279_01.jpg,n005446,n005446,asian,asian,females,females,,,1,0.4404925,25.774017,0.5595075
data\processed\bfw\asian\n007664\0066_01.jpg,data\processed\bfw\asian\n007664\0106_01.jpg,n007664,n007664,asian,asian,females,females,,,1,0.91031677,11.448105,0.089683235
data\processed\bfw\asian\n009175\0066_01.jpg,data\processed\bfw\asian\n000856\0079_01.jpg,n009175,n000856,asian,asian,females,females,,,0,0.027342265,40.405655,0.97265774
data\processed\bfw\asian\n001572\0349_01.jpg,data\processed\bfw\asian\n004721\0046_01.jpg,n001572,n004721,asian,asian,females,males,,,0,0.008114067,40.099144,0.99188596
data\processed\bfw\asian\n000872\0098_01.jpg,data\processed\bfw\asian\n000872\0581_01.jpg,n000872,n000872,asian,asian,males,males,,,1,0.27896503,39.049297,0.721035
data\processed\bfw\asian\n003489\0323_01.jpg,data\processed\bfw\asian\n007380\0525_01.jpg,n003489,n007380,asian,asian,males,females,,,0,0.12264657,38.48543,0.8773534
data\processed\bfw\asian\n006148\0165_01.jpg,data\processed\bfw\asian\n006148\0254_01.jpg,n006148,n006148,asian,asian,females,females,,,1,0.42056027,28.097794,0.57943976
data\processed\bfw\asian\n004805\0012_02.jpg,data\processed\bfw\asian\n000872\0137_01.jpg,n004805,n000872,asian,asian,males,males,,,0,0.13605875,35.905487,0.86394125
data\processed\bfw\asian\n004680\0116_01.jpg,data\processed\bfw\asian\n003489\0020_01.jpg,n004680,n003489,asian,asian,females,males,,,0,-0.15284869,43.023468,1.1528487
data\processed\bfw\asian\n005078\0278_01.jpg,data\processed\bfw\asian\n005078\0289_01.jpg,n005078,n005078,asian,asian,males,males,,,1,0.28027806,35.685307,0.7197219
data\processed\bfw\asian\n004680\0175_01.jpg,data\processed\bfw\asian\n004680\0260_01.jpg,n004680,n004680,asian,asian,females,females,,,1,0.4045211,31.444824,0.5954789
data\processed\bfw\asian\n007089\0011_04.jpg,data\processed\bfw\asian\n007089\0033_01.jpg,n007089,n007089,asian,asian,females,females,,,1,0.5010618,29.918688,0.4989382
data\processed\bfw\asian\n006774\0070_01.jpg,data\processed\bfw\asian\n006224\0023_01.jpg,n006774,n006224,asian,asian,females,females,,,0,0.033096854,39.64521,0.96690315
data\processed\bfw\asian\n003153\0246_01.jpg,data\processed\bfw\asian\n003153\0397_02.jpg,n003153,n003153,asian,asian,females,females,,,1,0.2775638,30.755196,0.7224362
data\processed\bfw\asian\n003027\0173_01.jpg,data\processed\bfw\asian\n006633\0283_02.jpg,n003027,n006633,asian,asian,males,females,,,0,0.12953852,37.379234,0.87046146
data\processed\bfw\asian\n004936\0245_01.jpg,data\processed\bfw\asian\n004800\0139_02.jpg,n004936,n004800,asian,asian,females,males,,,0,0.052624214,35.77532,0.9473758
data\processed\bfw\asian\n006358\0004_01.jpg,data\processed\bfw\asian\n004786\0097_02.jpg,n006358,n004786,asian,asian,females,females,,,0,0.061994057,42.689148,0.9380059
data\processed\bfw\asian\n000840\0014_01.jpg,data\processed\bfw\asian\n000840\0580_01.jpg,n000840,n000840,asian,asian,females,females,,,1,0.17688145,39.496513,0.82311857
data\processed\bfw\asian\n008163\0239_02.jpg,data\processed\bfw\asian\n008934\0276_01.jpg,n008163,n008934,asian,asian,females,females,,,0,0.051367596,39.411636,0.9486324
data\processed\bfw\asian\n003481\0109_01.jpg,data\processed\bfw\asian\n002775\0047_05.jpg,n003481,n002775,asian,asian,females,males,,,0,0.03577843,42.290535,0.9642216
data\processed\bfw\asian\n006224\0053_01.jpg,data\processed\bfw\asian\n004809\0356_01.jpg,n006224,n004809,asian,asian,females,males,,,0,-0.12544544,40.822502,1.1254455
data\processed\bfw\asian\n005116\0041_01.jpg,data\processed\bfw\asian\n005116\0332_01.jpg,n005116,n005116,asian,asian,males,males,,,1,0.3960298,30.691072,0.60397017
data\processed\bfw\asian\n000161\0170_01.jpg,data\processed\bfw\asian\n005116\0086_01.jpg,n000161,n005116,asian,asian,males,males,,,0,0.010586561,41.230835,0.98941344
data\processed\bfw\asian\n005116\0228_03.jpg,data\processed\bfw\asian\n005116\0333_03.jpg,n005116,n005116,asian,asian,males,males,,,1,0.209834,39.43372,0.790166
data\processed\bfw\asian\n003288\0495_01.jpg,data\processed\bfw\asian\n004725\0121_01.jpg,n003288,n004725,asian,asian,females,males,,,0,0.061809655,37.325947,0.93819034
data\processed\bfw\asian\n005216\0154_03.jpg,data\processed\bfw\asian\n005216\0189_01.jpg,n005216,n005216,asian,asian,females,females,,,1,0.06483594,35.545948,0.93516403
data\processed\bfw\asian\n007372\0086_01.jpg,data\processed\bfw\asian\n004870\0094_04.jpg,n007372,n004870,asian,asian,females,females,,,0,0.09276174,32.993313,0.90723825
data\processed\bfw\asian\n009041\0560_01.jpg,data\processed\bfw\asian\n000139\0109_03.jpg,n009041,n000139,asian,asian,females,females,,,0,-0.030353853,42.29331,1.0303539
data\processed\bfw\asian\n002552\0142_01.jpg,data\processed\bfw\asian\n002552\0375_01.jpg,n002552,n002552,asian,asian,males,males,,,1,0.18889283,34.762882,0.81110716
data\processed\bfw\asian\n006634\0002_01.jpg,data\processed\bfw\asian\n006634\0039_01.jpg,n006634,n006634,asian,asian,females,females,,,1,0.5024055,27.495514,0.49759448
data\processed\bfw\asian\n004549\0275_01.jpg,data\processed\bfw\asian\n003506\0115_01.jpg,n004549,n003506,asian,asian,females,females,,,0,0.13839042,38.13104,0.8616096
data\processed\bfw\asian\n003223\0258_03.jpg,data\processed\bfw\asian\n003223\0327_01.jpg,n003223,n003223,asian,asian,males,males,,,1,0.35149178,32.170177,0.6485082
data\processed\bfw\asian\n003223\0033_02.jpg,data\processed\bfw\asian\n003223\0059_03.jpg,n003223,n003223,asian,asian,males,males,,,1,0.42443216,28.122837,0.57556784
data\processed\bfw\asian\n009148\0087_01.jpg,data\processed\bfw\asian\n006159\0174_01.jpg,n009148,n006159,asian,asian,females,females,,,0,-0.02736258,49.76176,1.0273626
data\processed\bfw\asian\n000009\0010_01.jpg,data\processed\bfw\asian\n000009\0080_02.jpg,n000009,n000009,asian,asian,females,females,,,1,0.07877092,37.684784,0.92122906
data\processed\bfw\asian\n002775\0133_01.jpg,data\processed\bfw\asian\n002775\0812_02.jpg,n002775,n002775,asian,asian,males,males,,,1,0.50718504,31.347086,0.49281496
data\processed\bfw\asian\n004877\0014_03.jpg,data\processed\bfw\asian\n009041\0037_01.jpg,n004877,n009041,asian,asian,females,females,,,0,0.17929257,39.6589,0.82070744
data\processed\bfw\asian\n003533\0078_01.jpg,data\processed\bfw\asian\n003533\0138_01.jpg,n003533,n003533,asian,asian,males,males,,,1,0.62031955,30.077,0.37968045
data\processed\bfw\asian\n004870\0170_01.jpg,data\processed\bfw\asian\n004870\0623_02.jpg,n004870,n004870,asian,asian,females,females,,,1,0.2148136,34.424374,0.7851864
data\processed\bfw\asian\n003481\0002_01.jpg,data\processed\bfw\asian\n009041\0066_01.jpg,n003481,n009041,asian,asian,females,females,,,0,0.05060312,38.138073,0.94939685
data\processed\bfw\asian\n007372\0113_01.jpg,data\processed\bfw\asian\n007372\0216_03.jpg,n007372,n007372,asian,asian,females,females,,,1,0.34918606,31.441467,0.65081394
data\processed\bfw\asian\n005083\0108_01.jpg,data\processed\bfw\asian\n005083\0385_01.jpg,n005083,n005083,asian,asian,females,females,,,1,0.022433853,36.926174,0.9775661
data\processed\bfw\asian\n000158\0211_05.jpg,data\processed\bfw\asian\n000139\0501_01.jpg,n000158,n000139,asian,asian,males,females,,,0,0.05630773,41.20281,0.94369227
data\processed\bfw\asian\n003354\0177_01.jpg,data\processed\bfw\asian\n004686\0079_01.jpg,n003354,n004686,asian,asian,females,males,,,0,-0.04544427,40.45618,1.0454443
data\processed\bfw\asian\n003357\0368_01.jpg,data\processed\bfw\asian\n003357\0493_01.jpg,n003357,n003357,asian,asian,females,females,,,1,0.2003951,32.22628,0.7996049
data\processed\bfw\asian\n007738\0034_01.jpg,data\processed\bfw\asian\n007738\0336_02.jpg,n007738,n007738,asian,asian,females,females,,,1,0.20594132,33.730404,0.7940587
data\processed\bfw\asian\n008978\0101_01.jpg,data\processed\bfw\asian\n003167\0274_01.jpg,n008978,n003167,asian,asian,females,males,,,0,0.013969122,39.542316,0.9860309
data\processed\bfw\asian\n006223\0172_01.jpg,data\processed\bfw\asian\n006223\0385_01.jpg,n006223,n006223,asian,asian,females,females,,,1,0.19755015,32.70615,0.8024498
data\processed\bfw\asian\n004800\0560_01.jpg,data\processed\bfw\asian\n004800\0828_02.jpg,n004800,n004800,asian,asian,males,males,,,1,0.034889992,36.628967,0.96511
data\processed\bfw\asian\n004221\0164_03.jpg,data\processed\bfw\asian\n006224\0083_01.jpg,n004221,n006224,asian,asian,males,females,,,0,-0.032090135,41.71941,1.0320902
data\processed\bfw\asian\n007270\0017_01.jpg,data\processed\bfw\asian\n007270\0605_01.jpg,n007270,n007270,asian,asian,females,females,,,1,0.35872254,31.770977,0.64127743
data\processed\bfw\asian\n005077\0140_01.jpg,data\processed\bfw\asian\n004860\0107_01.jpg,n005077,n004860,asian,asian,females,females,,,0,-0.04609203,38.089737,1.046092
data\processed\bfw\asian\n003635\0089_02.jpg,data\processed\bfw\asian\n003506\0307_01.jpg,n003635,n003506,asian,asian,males,females,,,0,0.04986316,42.305893,0.95013684
data\processed\bfw\asian\n007816\0164_01.jpg,data\processed\bfw\asian\n009294\0098_01.jpg,n007816,n009294,asian,asian,females,females,,,0,0.021222482,37.28076,0.9787775
data\processed\bfw\asian\n003481\0022_02.jpg,data\processed\bfw\asian\n003481\0215_01.jpg,n003481,n003481,asian,asian,females,females,,,1,0.40284994,29.8129,0.5971501
data\processed\bfw\asian\n004472\0057_02.jpg,data\processed\bfw\asian\n004472\0146_01.jpg,n004472,n004472,asian,asian,females,females,,,1,0.45288846,27.526262,0.5471115
data\processed\bfw\asian\n000143\0734_02.jpg,data\processed\bfw\asian\n004860\0820_01.jpg,n000143,n004860,asian,asian,females,females,,,0,0.061489567,38.910465,0.9385104
data\processed\bfw\asian\n000132\0400_01__face_0.jpg,data\processed\bfw\asian\n007816\0407_01.jpg,n000132,n007816,asian,asian,males,females,,,0,0.09263901,34.759182,0.907361
data\processed\bfw\asian\n003824\0111_01.jpg,data\processed\bfw\asian\n004680\0113_02.jpg,n003824,n004680,asian,asian,females,females,,,0,0.05999913,39.52474,0.9400009
data\processed\bfw\asian\n005116\0064_04.jpg,data\processed\bfw\asian\n005116\0210_01.jpg,n005116,n005116,asian,asian,males,males,,,1,0.39112324,31.808914,0.60887676
data\processed\bfw\asian\n004800\0111_01.jpg,data\processed\bfw\asian\n003533\0080_02.jpg,n004800,n003533,asian,asian,males,males,,,0,0.16345495,38.795578,0.83654505
data\processed\bfw\asian\n000009\0188_01.jpg,data\processed\bfw\asian\n004687\0151_01.jpg,n000009,n004687,asian,asian,females,females,,,0,0.17366841,35.564064,0.8263316
data\processed\bfw\asian\n007089\0015_01.jpg,data\processed\bfw\asian\n007089\0040_03.jpg,n007089,n007089,asian,asian,females,females,,,1,0.43240923,29.781454,0.5675908
data\processed\bfw\asian\n004785\0183_02.jpg,data\processed\bfw\asian\n004785\0280_01.jpg,n004785,n004785,asian,asian,females,females,,,1,0.31287974,32.740005,0.68712026
data\processed\bfw\asian\n009276\0006_08.jpg,data\processed\bfw\asian\n002775\0843_02.jpg,n009276,n002775,asian,asian,females,males,,,0,0.0707108,39.81004,0.9292892
data\processed\bfw\asian\n004787\0075_01.jpg,data\processed\bfw\asian\n004787\0485_01.jpg,n004787,n004787,asian,asian,females,females,,,1,0.37049037,31.646278,0.6295096
data\processed\bfw\asian\n002331\0292_01.jpg,data\processed\bfw\asian\n004787\0485_01.jpg,n002331,n004787,asian,asian,males,females,,,0,-0.10807612,43.950947,1.1080761
data\processed\bfw\asian\n009177\0011_01.jpg,data\processed\bfw\asian\n009177\0626_01.jpg,n009177,n009177,asian,asian,females,females,,,1,0.25238058,29.005821,0.7476194
data\processed\bfw\asian\n001976\0071_01.jpg,data\processed\bfw\asian\n007816\0091_01.jpg,n001976,n007816,asian,asian,males,females,,,0,0.0995255,33.799137,0.9004745
data\processed\bfw\asian\n008934\0426_01.jpg,data\processed\bfw\asian\n004466\0223_01.jpg,n008934,n004466,asian,asian,females,males,,,0,0.08287571,38.39764,0.9171243
data\processed\bfw\asian\n007385\0137_01.jpg,data\processed\bfw\asian\n007385\0208_01.jpg,n007385,n007385,asian,asian,females,females,,,1,0.24245748,30.940823,0.7575425
data\processed\bfw\asian\n002552\0400_01.jpg,data\processed\bfw\asian\n002552\0569_01.jpg,n002552,n002552,asian,asian,males,males,,,1,0.4131465,31.729677,0.5868535
data\processed\bfw\asian\n003463\0017_01.jpg,data\processed\bfw\asian\n007380\0087_01.jpg,n003463,n007380,asian,asian,males,females,,,0,0.14467023,35.73451,0.85532975
data\processed\bfw\asian\n005083\0100_01.jpg,data\processed\bfw\asian\n005083\0367_02.jpg,n005083,n005083,asian,asian,females,females,,,1,0.25088307,31.862682,0.7491169
data\processed\bfw\asian\n002644\0054_01.jpg,data\processed\bfw\asian\n002775\0066_04.jpg,n002644,n002775,asian,asian,males,males,,,0,-0.06647359,40.434944,1.0664736
data\processed\bfw\asian\n003357\0285_01.jpg,data\processed\bfw\asian\n003357\0533_01.jpg,n003357,n003357,asian,asian,females,females,,,1,0.31399924,29.685757,0.68600076
data\processed\bfw\asian\n000856\0110_02.jpg,data\processed\bfw\asian\n006619\0092_02.jpg,n000856,n006619,asian,asian,females,females,,,0,-0.037126783,39.13346,1.0371268
data\processed\bfw\asian\n005069\0068_01.jpg,data\processed\bfw\asian\n005069\0586_01.jpg,n005069,n005069,asian,asian,females,females,,,1,0.16923338,31.910997,0.8307666
data\processed\bfw\asian\n003489\0271_01.jpg,data\processed\bfw\asian\n007380\0168_01.jpg,n003489,n007380,asian,asian,males,females,,,0,-0.04682149,40.99192,1.0468215
data\processed\bfw\asian\n007089\0015_01.jpg,data\processed\bfw\asian\n007089\0432_04.jpg,n007089,n007089,asian,asian,females,females,,,1,0.4627446,29.376446,0.5372554
data\processed\bfw\asian\n009041\0112_01.jpg,data\processed\bfw\asian\n002552\0063_02.jpg,n009041,n002552,asian,asian,females,males,,,0,0.16051726,37.213543,0.8394827
data\processed\bfw\asian\n000148\0025_01.jpg,data\processed\bfw\asian\n000148\0317_02.jpg,n000148,n000148,asian,asian,females,females,,,1,0.40774783,27.01777,0.59225214
data\processed\bfw\asian\n000872\0114_01.jpg,data\processed\bfw\asian\n000872\0137_01.jpg,n000872,n000872,asian,asian,males,males,,,1,0.5036576,31.060892,0.49634242
data\processed\bfw\asian\n004721\0505_01.jpg,data\processed\bfw\asian\n000139\0065_01.jpg,n004721,n000139,asian,asian,males,females,,,0,0.09767289,41.831516,0.9023271
data\processed\bfw\asian\n000135\0036_01.jpg,data\processed\bfw\asian\n000135\0255_01.jpg,n000135,n000135,asian,asian,females,females,,,1,0.13441117,32.267277,0.86558884
data\processed\bfw\asian\n000137\0082_02.jpg,data\processed\bfw\asian\n000137\0248_01.jpg,n000137,n000137,asian,asian,females,females,,,1,0.15310125,38.68397,0.84689873
data\processed\bfw\asian\n000148\0329_01.jpg,data\processed\bfw\asian\n000148\0353_01.jpg,n000148,n000148,asian,asian,females,females,,,1,0.27427694,28.938046,0.725723
data\processed\bfw\asian\n008163\0429_01.jpg,data\processed\bfw\asian\n005446\0118_01.jpg,n008163,n005446,asian,asian,females,females,,,0,0.07189826,43.7389,0.9281017
data\processed\bfw\asian\n005216\0017_01.jpg,data\processed\bfw\asian\n005216\0242_01.jpg,n005216,n005216,asian,asian,females,females,,,1,0.12944432,33.291412,0.8705557
data\processed\bfw\asian\n004805\0127_02.jpg,data\processed\bfw\asian\n004805\0341_01.jpg,n004805,n004805,asian,asian,males,males,,,1,0.21663806,36.16883,0.7833619
data\processed\bfw\asian\n004935\0061_01.jpg,data\processed\bfw\asian\n009137\0104_01.jpg,n004935,n009137,asian,asian,males,females,,,0,0.008150853,37.03218,0.9918491
data\processed\bfw\asian\n009287\0100_01.jpg,data\processed\bfw\asian\n005078\0663_03.jpg,n009287,n005078,asian,asian,females,males,,,0,0.03289741,48.983883,0.9671026
data\processed\bfw\asian\n003449\0183_01.jpg,data\processed\bfw\asian\n003449\0242_01.jpg,n003449,n003449,asian,asian,females,females,,,1,0.39527398,31.621515,0.604726
data\processed\bfw\asian\n009103\0256_01.jpg,data\processed\bfw\asian\n009103\0724_01.jpg,n009103,n009103,asian,asian,females,females,,,1,0.40521508,29.00607,0.5947849
data\processed\bfw\asian\n004870\0050_02.jpg,data\processed\bfw\asian\n004870\0170_01.jpg,n004870,n004870,asian,asian,females,females,,,1,0.3366417,32.803814,0.66335833
data\processed\bfw\asian\n004860\0091_02.jpg,data\processed\bfw\asian\n004860\0236_01.jpg,n004860,n004860,asian,asian,females,females,,,1,0.19711442,30.302519,0.8028856
data\processed\bfw\asian\n004108\0153_01.jpg,data\processed\bfw\asian\n004108\0391_01.jpg,n004108,n004108,asian,asian,males,males,,,1,0.3884448,29.99466,0.6115552
data\processed\bfw\asian\n005078\0092_02.jpg,data\processed\bfw\asian\n000148\0365_01.jpg,n005078,n000148,asian,asian,males,females,,,0,0.004975797,42.185158,0.9950242
data\processed\bfw\asian\n007814\0287_01.jpg,data\processed\bfw\asian\n007270\0060_01.jpg,n007814,n007270,asian,asian,females,females,,,0,0.084224276,37.765846,0.9157757
data\processed\bfw\asian\n002725\0290_01.jpg,data\processed\bfw\asian\n002725\0452_04.jpg,n002725,n002725,asian,asian,females,females,,,1,0.37591097,34.801506,0.624089
data\processed\bfw\asian\n000839\0049_01.jpg,data\processed\bfw\asian\n003635\0660_01.jpg,n000839,n003635,asian,asian,females,males,,,0,0.09286938,36.56342,0.9071306
data\processed\bfw\asian\n006619\0092_02.jpg,data\processed\bfw\asian\n007738\0306_02.jpg,n006619,n007738,asian,asian,females,females,,,0,-0.007420388,37.145832,1.0074204
data\processed\bfw\asian\n007378\0474_01.jpg,data\processed\bfw\asian\n007378\0509_01.jpg,n007378,n007378,asian,asian,females,females,,,1,0.22794005,29.328997,0.7720599
data\processed\bfw\asian\n000148\0053_02.jpg,data\processed\bfw\asian\n000148\0579_01.jpg,n000148,n000148,asian,asian,females,females,,,1,0.40222272,25.244413,0.59777725
data\processed\bfw\asian\n000137\0033_01.jpg,data\processed\bfw\asian\n007372\0177_01.jpg,n000137,n007372,asian,asian,females,females,,,0,0.171622,38.77212,0.828378
data\processed\bfw\asian\n000132\0046_01__face_0.jpg,data\processed\bfw\asian\n000132\0707_01__face_0.jpg,n000132,n000132,asian,asian,males,males,,,1,0.4474496,28.5188,0.55255044
data\processed\bfw\asian\n000839\0007_01.jpg,data\processed\bfw\asian\n000839\0049_01.jpg,n000839,n000839,asian,asian,females,females,,,1,0.6395803,22.198133,0.3604197
data\processed\bfw\asian\n004936\0218_01.jpg,data\processed\bfw\asian\n005077\0002_01.jpg,n004936,n005077,asian,asian,females,females,,,0,-0.07657469,37.994915,1.0765747
data\processed\bfw\asian\n004930\0027_01.jpg,data\processed\bfw\asian\n006203\0148_03.jpg,n004930,n006203,asian,asian,females,females,,,0,0.09981862,36.911705,0.9001814
data\processed\bfw\asian\n004108\0401_02.jpg,data\processed\bfw\asian\n003288\0573_01.jpg,n004108,n003288,asian,asian,males,females,,,0,0.025702935,37.01505,0.97429705
data\processed\bfw\asian\n003491\0004_01.jpg,data\processed\bfw\asian\n003491\0147_05.jpg,n003491,n003491,asian,asian,males,males,,,1,0.27687657,39.150066,0.72312343
data\processed\bfw\asian\n007385\0193_01.jpg,data\processed\bfw\asian\n007385\0258_01.jpg,n007385,n007385,asian,asian,females,females,,,1,0.18976758,30.845352,0.8102324
data\processed\bfw\asian\n009103\0331_01.jpg,data\processed\bfw\asian\n009103\0363_05.jpg,n009103,n009103,asian,asian,females,females,,,1,-0.038957514,37.55201,1.0389575
data\processed\bfw\asian\n004864\0045_01.jpg,data\processed\bfw\asian\n004864\0607_01.jpg,n004864,n004864,asian,asian,females,females,,,1,0.35321268,28.096155,0.6467873
data\processed\bfw\asian\n009294\0242_01.jpg,data\processed\bfw\asian\n009294\0282_03.jpg,n009294,n009294,asian,asian,females,females,,,1,0.3652895,36.722458,0.6347105
data\processed\bfw\asian\n003824\0019_01.jpg,data\processed\bfw\asian\n005071\0254_01.jpg,n003824,n005071,asian,asian,females,males,,,0,0.15442589,38.170135,0.84557414
data\processed\bfw\asian\n001496\0218_01.jpg,data\processed\bfw\asian\n001496\0642_01.jpg,n001496,n001496,asian,asian,males,males,,,1,0.17360818,39.00581,0.8263918
data\processed\bfw\asian\n007378\0140_01.jpg,data\processed\bfw\asian\n007378\0217_01.jpg,n007378,n007378,asian,asian,females,females,,,1,0.21919611,34.642822,0.7808039
data\processed\bfw\asian\n003156\0069_01.jpg,data\processed\bfw\asian\n003156\0086_01.jpg,n003156,n003156,asian,asian,males,males,,,1,0.42575702,33.24849,0.57424295
data\processed\bfw\asian\n001976\0038_01.jpg,data\processed\bfw\asian\n001976\0336_02.jpg,n001976,n001976,asian,asian,males,males,,,1,0.5040483,28.521915,0.4959517
data\processed\bfw\asian\n003467\0103_01.jpg,data\processed\bfw\asian\n000436\0653_01.jpg,n003467,n000436,asian,asian,females,males,,,0,0.011360308,39.430065,0.9886397
data\processed\bfw\asian\n004109\0130_01.jpg,data\processed\bfw\asian\n003027\0459_01.jpg,n004109,n003027,asian,asian,males,males,,,0,0.0975435,43.40571,0.9024565
data\processed\bfw\asian\n003557\0007_02.jpg,data\processed\bfw\asian\n003557\0128_01.jpg,n003557,n003557,asian,asian,females,females,,,1,0.3447498,27.965702,0.6552502
data\processed\bfw\asian\n003635\0012_02.jpg,data\processed\bfw\asian\n006223\0284_01.jpg,n003635,n006223,asian,asian,males,females,,,0,0.0192741,43.402435,0.9807259
data\processed\bfw\asian\n001682\0096_01.jpg,data\processed\bfw\asian\n003167\0602_01.jpg,n001682,n003167,asian,asian,males,males,,,0,-0.017582808,46.501503,1.0175828
data\processed\bfw\asian\n002552\0375_01.jpg,data\processed\bfw\asian\n006148\0344_01.jpg,n002552,n006148,asian,asian,males,females,,,0,-0.049232308,38.548405,1.0492324
data\processed\bfw\asian\n003491\0086_01.jpg,data\processed\bfw\asian\n003491\0096_01.jpg,n003491,n003491,asian,asian,males,males,,,1,0.2897472,35.21598,0.71025276
data\processed\bfw\asian\n003557\0128_01.jpg,data\processed\bfw\asian\n003635\0047_02.jpg,n003557,n003635,asian,asian,females,males,,,0,0.0049051903,43.03287,0.99509484
data\processed\bfw\asian\n003155\1014_01.jpg,data\processed\bfw\asian\n008401\0137_01.jpg,n003155,n008401,asian,asian,males,females,,,0,0.16365081,39.51488,0.8363492
data\processed\bfw\asian\n005069\0559_02.jpg,data\processed\bfw\asian\n005063\0271_01.jpg,n005069,n005063,asian,asian,females,females,,,0,0.14274935,33.39311,0.85725063
data\processed\bfw\asian\n007270\0605_01.jpg,data\processed\bfw\asian\n000856\0134_02.jpg,n007270,n000856,asian,asian,females,females,,,0,0.06892518,34.747246,0.9310748
data\processed\bfw\asian\n006633\0552_01.jpg,data\processed\bfw\asian\n008148\0244_01.jpg,n006633,n008148,asian,asian,females,females,,,0,0.0045861155,37.388554,0.9954139
data\processed\bfw\asian\n005216\0093_01.jpg,data\processed\bfw\asian\n009175\0066_01.jpg,n005216,n009175,asian,asian,females,females,,,0,0.21615678,36.624115,0.7838432
data\processed\bfw\asian\n006634\0313_02.jpg,data\processed\bfw\asian\n006634\0679_01.jpg,n006634,n006634,asian,asian,females,females,,,1,0.43085724,28.705168,0.56914276
data\processed\bfw\asian\n009279\0021_01.jpg,data\processed\bfw\asian\n009279\0031_01.jpg,n009279,n009279,asian,asian,females,females,,,1,0.38969943,29.679165,0.61030054
data\processed\bfw\asian\n003354\0047_01.jpg,data\processed\bfw\asian\n003824\0091_01.jpg,n003354,n003824,asian,asian,females,females,,,0,-0.027866287,40.473736,1.0278662
data\processed\bfw\asian\n006126\0197_01.jpg,data\processed\bfw\asian\n006126\0293_01.jpg,n006126,n006126,asian,asian,females,females,,,1,0.3593367,28.501392,0.64066327
data\processed\bfw\asian\n000856\0044_01.jpg,data\processed\bfw\asian\n000856\0538_01.jpg,n000856,n000856,asian,asian,females,females,,,1,0.455768,29.057667,0.544232
data\processed\bfw\asian\n004800\0184_01.jpg,data\processed\bfw\asian\n004681\0206_01.jpg,n004800,n004681,asian,asian,males,males,,,0,0.01869632,38.396194,0.9813037
data\processed\bfw\asian\n001572\0076_01.jpg,data\processed\bfw\asian\n001572\0129_01.jpg,n001572,n001572,asian,asian,females,females,,,1,0.26060376,32.882935,0.7393962
data\processed\bfw\asian\n005474\0074_01.jpg,data\processed\bfw\asian\n005474\0152_01.jpg,n005474,n005474,asian,asian,females,females,,,1,0.2085729,32.101925,0.79142714
data\processed\bfw\asian\n009279\0031_01.jpg,data\processed\bfw\asian\n009279\0185_01.jpg,n009279,n009279,asian,asian,females,females,,,1,0.33605552,31.114311,0.6639445
data\processed\bfw\asian\n005085\0001_01.jpg,data\processed\bfw\asian\n006125\0081_01.jpg,n005085,n006125,asian,asian,females,females,,,0,0.12437734,34.849274,0.87562263
data\processed\bfw\asian\n000137\0023_01.jpg,data\processed\bfw\asian\n000137\0187_01.jpg,n000137,n000137,asian,asian,females,females,,,1,0.40113464,32.055893,0.5988654
data\processed\bfw\asian\n006634\0039_01.jpg,data\processed\bfw\asian\n006634\0135_01.jpg,n006634,n006634,asian,asian,females,females,,,1,0.22232915,34.050617,0.77767086
data\processed\bfw\asian\n003824\0091_01.jpg,data\processed\bfw\asian\n003824\0097_01.jpg,n003824,n003824,asian,asian,females,females,,,1,0.4544043,27.741846,0.5455957
data\processed\bfw\asian\n005378\0232_01.jpg,data\processed\bfw\asian\n000135\0005_01.jpg,n005378,n000135,asian,asian,females,females,,,0,0.15623191,35.723064,0.8437681
data\processed\bfw\asian\n003162\0118_01.jpg,data\processed\bfw\asian\n002725\0295_01.jpg,n003162,n002725,asian,asian,males,females,,,0,0.11082386,41.26037,0.88917613
data\processed\bfw\asian\n003223\0089_01.jpg,data\processed\bfw\asian\n003223\0139_06.jpg,n003223,n003223,asian,asian,males,males,,,1,0.33946148,29.755873,0.66053855
data\processed\bfw\asian\n003162\0508_01.jpg,data\processed\bfw\asian\n000873\0106_01.jpg,n003162,n000873,asian,asian,males,males,,,0,0.027258987,41.6311,0.972741
data\processed\bfw\asian\n003533\0053_01.jpg,data\processed\bfw\asian\n003533\0100_02.jpg,n003533,n003533,asian,asian,males,males,,,1,0.33464423,35.523933,0.6653558
data\processed\bfw\asian\n004786\0021_01.jpg,data\processed\bfw\asian\n009042\0017_03.jpg,n004786,n009042,asian,asian,females,females,,,0,0.036938984,39.481674,0.96306103
data\processed\bfw\asian\n004864\0148_01.jpg,data\processed\bfw\asian\n004864\0378_01.jpg,n004864,n004864,asian,asian,females,females,,,1,0.26693544,29.765106,0.73306453
data\processed\bfw\asian\n003463\0223_02.jpg,data\processed\bfw\asian\n006619\0328_01.jpg,n003463,n006619,asian,asian,males,females,,,0,-0.048954103,43.589985,1.0489541
data\processed\bfw\asian\n007372\0039_01.jpg,data\processed\bfw\asian\n009275\0007_01.jpg,n007372,n009275,asian,asian,females,females,,,0,0.13913952,33.27734,0.86086047
data\processed\bfw\asian\n003465\0580_03.jpg,data\processed\bfw\asian\n005216\0133_01.jpg,n003465,n005216,asian,asian,males,females,,,0,0.024719696,41.387905,0.9752803
data\processed\bfw\asian\n003491\0047_04.jpg,data\processed\bfw\asian\n003491\0081_04.jpg,n003491,n003491,asian,asian,males,males,,,1,0.3388562,36.40771,0.6611438
data\processed\bfw\asian\n003463\0517_02.jpg,data\processed\bfw\asian\n003358\0304_01.jpg,n003463,n003358,asian,asian,males,females,,,0,-0.04277325,41.280098,1.0427732
data\processed\bfw\asian\n009288\0235_01.jpg,data\processed\bfw\asian\n009042\0015_01.jpg,n009288,n009042,asian,asian,females,females,,,0,-0.005811924,40.42991,1.0058119
data\processed\bfw\asian\n004686\0077_01.jpg,data\processed\bfw\asian\n005077\0129_01.jpg,n004686,n005077,asian,asian,males,females,,,0,-0.073207594,38.067257,1.0732076
data\processed\bfw\asian\n001976\0100_02.jpg,data\processed\bfw\asian\n007385\0358_01.jpg,n001976,n007385,asian,asian,males,females,,,0,-0.0087012155,35.06192,1.0087012
data\processed\bfw\asian\n002775\0015_01.jpg,data\processed\bfw\asian\n005085\0401_01.jpg,n002775,n005085,asian,asian,males,females,,,0,0.14913297,39.29869,0.85086703
data\processed\bfw\asian\n009177\0232_01.jpg,data\processed\bfw\asian\n009177\0626_01.jpg,n009177,n009177,asian,asian,females,females,,,1,0.09789137,34.298183,0.9021086
data\processed\bfw\asian\n002775\0069_01.jpg,data\processed\bfw\asian\n002775\0086_03.jpg,n002775,n002775,asian,asian,males,males,,,1,0.38222358,34.48379,0.6177764
data\processed\bfw\asian\n001864\0192_02.jpg,data\processed\bfw\asian\n006619\0065_01.jpg,n001864,n006619,asian,asian,males,females,,,0,0.032629102,41.02522,0.96737087
data\processed\bfw\asian\n003491\0131_03.jpg,data\processed\bfw\asian\n003357\0368_01.jpg,n003491,n003357,asian,asian,males,females,,,0,0.058571316,36.63015,0.94142866
data\processed\bfw\asian\n004870\0070_02.jpg,data\processed\bfw\asian\n001572\0238_01.jpg,n004870,n001572,asian,asian,females,females,,,0,-0.024210026,39.532253,1.02421
data\processed\bfw\asian\n000148\0025_01.jpg,data\processed\bfw\asian\n005069\0046_06.jpg,n000148,n005069,asian,asian,females,females,,,0,0.12707809,35.530952,0.87292194
data\processed\bfw\asian\n008978\0059_01.jpg,data\processed\bfw\asian\n008978\0138_01.jpg,n008978,n008978,asian,asian,females,females,,,1,0.40948382,29.2008,0.5905162
data\processed\bfw\asian\n003155\0062_02.jpg,data\processed\bfw\asian\n003155\0309_02.jpg,n003155,n003155,asian,asian,males,males,,,1,-0.04690371,47.14079,1.0469037
data\processed\bfw\asian\n009276\0049_01.jpg,data\processed\bfw\asian\n009276\0298_01.jpg,n009276,n009276,asian,asian,females,females,,,1,0.1291395,40.8974,0.8708605
data\processed\bfw\asian\n000837\0021_01.jpg,data\processed\bfw\asian\n003358\0318_01.jpg,n000837,n003358,asian,asian,females,females,,,0,0.020262579,34.291653,0.9797374
data\processed\bfw\asian\n003824\0026_01.jpg,data\processed\bfw\asian\n003824\0097_01.jpg,n003824,n003824,asian,asian,females,females,,,1,0.4841022,26.499546,0.5158978
data\processed\bfw\asian\n002725\0295_01.jpg,data\processed\bfw\asian\n002725\0336_01.jpg,n002725,n002725,asian,asian,females,females,,,1,0.34238377,35.069798,0.65761626
data\processed\bfw\asian\n005446\0135_01.jpg,data\processed\bfw\asian\n003463\0298_01.jpg,n005446,n003463,asian,asian,females,males,,,0,0.08857472,37.505127,0.9114253
data\processed\bfw\asian\n003481\0794_01.jpg,data\processed\bfw\asian\n009275\0323_03.jpg,n003481,n009275,asian,asian,females,females,,,0,-0.024700524,38.14463,1.0247005
data\processed\bfw\asian\n003358\0080_01.jpg,data\processed\bfw\asian\n003358\0149_01.jpg,n003358,n003358,asian,asian,females,females,,,1,0.088383436,34.426647,0.91161656
data\processed\bfw\asian\n003449\0197_01.jpg,data\processed\bfw\asian\n008401\0560_01.jpg,n003449,n008401,asian,asian,females,females,,,0,0.0367061,37.312366,0.9632939
data\processed\bfw\asian\n003449\0047_01.jpg,data\processed\bfw\asian\n003449\0101_01.jpg,n003449,n003449,asian,asian,females,females,,,1,0.20212996,32.52197,0.79787004
data\processed\bfw\asian\n003155\0004_01.jpg,data\processed\bfw\asian\n007380\0562_01.jpg,n003155,n007380,asian,asian,males,females,,,0,0.061248157,43.96261,0.9387518
data\processed\bfw\asian\n009278\0049_02.jpg,data\processed\bfw\asian\n009278\0121_02.jpg,n009278,n009278,asian,asian,females,females,,,1,0.24488565,32.0444,0.7551143
data\processed\bfw\asian\n000854\0060_01.jpg,data\processed\bfw\asian\n006344\0413_01.jpg,n000854,n006344,asian,asian,females,females,,,0,-0.085917994,36.87168,1.085918
data\processed\bfw\asian\n009042\0072_01.jpg,data\processed\bfw\asian\n009148\0063_01.jpg,n009042,n009148,asian,asian,females,females,,,0,0.21593304,37.76904,0.784067
data\processed\bfw\asian\n003354\0011_01.jpg,data\processed\bfw\asian\n003354\0346_02.jpg,n003354,n003354,asian,asian,females,females,,,1,0.08781434,36.32469,0.91218567
data\processed\bfw\asian\n004109\0100_01.jpg,data\processed\bfw\asian\n004109\0297_01.jpg,n004109,n004109,asian,asian,males,males,,,1,0.29760948,30.951141,0.70239055
data\processed\bfw\asian\n000840\0160_02.jpg,data\processed\bfw\asian\n003557\0574_01.jpg,n000840,n003557,asian,asian,females,females,,,0,0.051968135,37.798054,0.94803184
data\processed\bfw\asian\n008934\0645_01.jpg,data\processed\bfw\asian\n006344\0557_01.jpg,n008934,n006344,asian,asian,females,females,,,0,0.30864584,30.914518,0.69135416
data\processed\bfw\asian\n000872\0098_01.jpg,data\processed\bfw\asian\n009125\0172_01.jpg,n000872,n009125,asian,asian,males,females,,,0,0.06821477,41.191,0.9317852
data\processed\bfw\asian\n005071\0128_02.jpg,data\processed\bfw\asian\n005071\0254_01.jpg,n005071,n005071,asian,asian,males,males,,,1,0.5664368,26.22304,0.43356317
data\processed\bfw\asian\n009042\0144_01.jpg,data\processed\bfw\asian\n009175\0077_01.jpg,n009042,n009175,asian,asian,females,females,,,0,-0.08113992,43.03515,1.0811399
data\processed\bfw\asian\n006358\0041_01.jpg,data\processed\bfw\asian\n006358\0046_01.jpg,n006358,n006358,asian,asian,females,females,,,1,0.3147611,36.03967,0.6852389
data\processed\bfw\asian\n003489\0031_01.jpg,data\processed\bfw\asian\n003489\0323_01.jpg,n003489,n003489,asian,asian,males,males,,,1,0.08091914,40.729935,0.91908085
data\processed\bfw\asian\n002509\0041_01.jpg,data\processed\bfw\asian\n007385\0500_01.jpg,n002509,n007385,asian,asian,females,females,,,0,0.012314328,41.34999,0.9876857
data\processed\bfw\asian\n008978\0026_01.jpg,data\processed\bfw\asian\n008978\0035_01.jpg,n008978,n008978,asian,asian,females,females,,,1,0.5756109,24.451569,0.42438912
data\processed\bfw\asian\n004877\0050_01.jpg,data\processed\bfw\asian\n004877\0075_01.jpg,n004877,n004877,asian,asian,females,females,,,1,0.4325797,26.620686,0.5674203
data\processed\bfw\asian\n004936\0038_03.jpg,data\processed\bfw\asian\n004936\0202_01.jpg,n004936,n004936,asian,asian,females,females,,,1,0.5749869,26.049494,0.42501312
data\processed\bfw\asian\n005378\0234_02.jpg,data\processed\bfw\asian\n006774\0062_01.jpg,n005378,n006774,asian,asian,females,females,,,0,-0.07037196,43.024433,1.070372
data\processed\bfw\asian\n002406\0126_01.jpg,data\processed\bfw\asian\n000840\0036_01.jpg,n002406,n000840,asian,asian,males,females,,,0,0.06978201,36.131584,0.930218
data\processed\bfw\asian\n009137\0092_01.jpg,data\processed\bfw\asian\n009175\0028_01.jpg,n009137,n009175,asian,asian,females,females,,,0,0.103773326,37.52127,0.89622664
data\processed\bfw\asian\n001562\0130_01.jpg,data\processed\bfw\asian\n001562\0165_02.jpg,n001562,n001562,asian,asian,males,males,,,1,0.16491224,35.528,0.8350878
data\processed\bfw\asian\n004109\0185_03.jpg,data\processed\bfw\asian\n004109\0563_01.jpg,n004109,n004109,asian,asian,males,males,,,1,0.39827612,29.35319,0.6017239
data\processed\bfw\asian\n000856\0018_01.jpg,data\processed\bfw\asian\n006224\0023_01.jpg,n000856,n006224,asian,asian,females,females,,,0,0.25097796,30.321182,0.749022
data\processed\bfw\asian\n004936\0304_02.jpg,data\processed\bfw\asian\n008978\0114_02.jpg,n004936,n008978,asian,asian,females,females,,,0,0.08583897,37.68726,0.914161
data\processed\bfw\asian\n005446\0042_05.jpg,data\processed\bfw\asian\n003167\0081_01.jpg,n005446,n003167,asian,asian,females,males,,,0,-0.045122966,40.76419,1.045123
data\processed\bfw\asian\n004221\0155_01.jpg,data\processed\bfw\asian\n004221\0196_05.jpg,n004221,n004221,asian,asian,males,males,,,1,0.4196556,33.019554,0.58034444
data\processed\bfw\asian\n000137\0023_01.jpg,data\processed\bfw\asian\n006344\0112_01.jpg,n000137,n006344,asian,asian,females,females,,,0,0.093480416,32.335457,0.9065196
data\processed\bfw\asian\n004109\0100_01.jpg,data\processed\bfw\asian\n004109\0185_03.jpg,n004109,n004109,asian,asian,males,males,,,1,0.55861133,25.412592,0.44138867
data\processed\bfw\asian\n003354\0078_01.jpg,data\processed\bfw\asian\n002775\0843_02.jpg,n003354,n002775,asian,asian,females,males,,,0,0.17359166,40.89114,0.8264083
data\processed\bfw\asian\n008978\0082_01.jpg,data\processed\bfw\asian\n006344\0413_01.jpg,n008978,n006344,asian,asian,females,females,,,0,0.14639108,34.625687,0.8536089
data\processed\bfw\asian\n000854\0026_03.jpg,data\processed\bfw\asian\n000854\0275_01.jpg,n000854,n000854,asian,asian,females,females,,,1,0.38383335,32.338932,0.61616665
data\processed\bfw\asian\n004800\0276_03.jpg,data\processed\bfw\asian\n004800\0740_01.jpg,n004800,n004800,asian,asian,males,males,,,1,0.036033466,35.12891,0.96396655
data\processed\bfw\asian\n001976\0121_02.jpg,data\processed\bfw\asian\n001976\0372_01.jpg,n001976,n001976,asian,asian,males,males,,,1,0.1389231,36.643517,0.8610769
data\processed\bfw\asian\n006358\0055_02.jpg,data\processed\bfw\asian\n000158\0114_01.jpg,n006358,n000158,asian,asian,females,males,,,0,0.03331421,43.19756,0.9666858
data\processed\bfw\asian\n000436\0040_04.jpg,data\processed\bfw\asian\n000436\0088_03.jpg,n000436,n000436,asian,asian,males,males,,,1,0.2851552,34.985657,0.7148448
data\processed\bfw\asian\n005216\0017_01.jpg,data\processed\bfw\asian\n005216\0041_01.jpg,n005216,n005216,asian,asian,females,females,,,1,0.37309465,28.918283,0.6269053
data\processed\bfw\asian\n009278\0237_01.jpg,data\processed\bfw\asian\n005085\0001_01.jpg,n009278,n005085,asian,asian,females,females,,,0,0.17276052,34.44426,0.8272395
data\processed\bfw\asian\n007814\0246_01.jpg,data\processed\bfw\asian\n003489\0137_01.jpg,n007814,n003489,asian,asian,females,males,,,0,0.090945005,36.196133,0.909055
data\processed\bfw\asian\n003463\0017_01.jpg,data\processed\bfw\asian\n000160\0338_01.jpg,n003463,n000160,asian,asian,males,females,,,0,-0.044626556,43.727375,1.0446266
data\processed\bfw\asian\n006736\0218_01.jpg,data\processed\bfw\asian\n006736\0367_01.jpg,n006736,n006736,asian,asian,females,females,,,1,0.358303,31.472313,0.641697
data\processed\bfw\asian\n001864\0038_01.jpg,data\processed\bfw\asian\n001864\0078_01.jpg,n001864,n001864,asian,asian,males,males,,,1,0.11295662,43.82304,0.88704336
data\processed\bfw\asian\n004786\0101_01.jpg,data\processed\bfw\asian\n004786\0156_03.jpg,n004786,n004786,asian,asian,females,females,,,1,0.2742711,34.880463,0.72572887
data\processed\bfw\asian\n008383\0372_01.jpg,data\processed\bfw\asian\n002644\0418_01.jpg,n008383,n002644,asian,asian,females,males,,,0,-0.03812222,43.193764,1.0381222
data\processed\bfw\asian\n003506\0110_01.jpg,data\processed\bfw\asian\n003506\0367_01.jpg,n003506,n003506,asian,asian,females,females,,,1,0.32792154,28.98819,0.6720785
data\processed\bfw\asian\n009276\0102_01.jpg,data\processed\bfw\asian\n009276\0140_04.jpg,n009276,n009276,asian,asian,females,females,,,1,0.24175581,37.38939,0.75824416
data\processed\bfw\asian\n000143\0080_02.jpg,data\processed\bfw\asian\n007899\0154_01.jpg,n000143,n007899,asian,asian,females,females,,,0,0.02280798,38.138004,0.97719204
